x	y
-0.336650612560182	0.318124871605938
-0.426253276611416	0.366720927642638
0.10160222042217	0.0770592550015152
-0.379851930720208	0.298393585979719
-0.965547050019865	0.948394574173418
-0.270037668761205	0.222631689541544
-0.105255762752591	0.0830125072850879
-1.34384206400889	1.72649314236724
-0.0665738028611021	0.0488427352461488
-0.672950609423961	0.530997291485668
0.116908705982042	0.0920005727749513
-0.858547691713965	0.921740054569495
-0.0298432956309765	0.0190859015582739
-0.565111755399836	0.547512661044626
-1.27885594491778	1.56993514463716
-0.241037257340579	0.178035246721697
-0.179990125532705	0.137415958988986
0.0162871280406208	0.00821719395762944
0.183486915272551	0.141387602395681
0.0526742103933815	0.0309185377185993
0.201750474639973	0.151683922321862
-0.196743140927808	0.151606035670859
-0.526113263770591	0.330996305435964
-0.345207780053029	0.303960812032381
-0.0327205482700541	0.0245944065009561
-0.352006120024785	0.336136677132389
0.00981997146549254	0.00508983151992725
-0.723621051344575	0.837071072313283
0.464040338184599	0.337880650622245
0.18818284955356	0.150160908120727
-0.527896427650881	0.438586661564734
-2.28458140021996	1.15182537059723
-1.7975657981284	0.379599665892429
-3.07750490916701	0.956880231933195
-0.890473232784524	0.738639071026574
-0.731661348334825	0.893216416231155
-0.212272723254839	0.195063613899073
-0.930025580091764	1.0534515053247
-0.17601882876672	0.11688360265486
-1.15447518954973	1.96562574269076
-0.236453627748151	0.174152096031523
-0.265710745926833	0.21853337464815
0.113015057756414	0.0886873652608945
-0.537542943271198	0.448722702532655
0.371481771961782	0.326196703026672
0.294268259938127	0.231638056321667
-0.179084841140832	0.119064742435856
-0.065960515761619	0.0399686276165007
-0.568665259662866	0.41314988324505
0.0634996738530963	0.0393505741415769
2.28294031941434	1.77590816190031
-1.03400899392581	0.409012753400185
-1.27646499935786	0.573640288037447
-1.81291187157146	0.734751884578751
-1.51042707521765	0.53568486067596
-2.57472877667238	0.65760345889815
-1.5094475769206	0.535248673690833
-2.57472877667238	0.65760345889815
0.963167670198133	0.255599708567411
0.959294652844364	0.254663957360155
-0.263506017874432	0.164604341897129
-0.127662719489348	0.0717379701785025
-0.0264285517635599	0.016922991990307
-0.0225580728318156	0.0144713907410511
-0.213327201349613	0.137758660556245
-0.0667548756456435	0.0404285112167382
-1.53757345761985	2.24539947050847
0.0113891041352853	0.00584217750635241
-0.0360022317910899	0.0224776847447593
-0.505100309407344	0.532875832837848
-0.697296350613172	0.612050569190078
0.0312105356748258	0.0171904533154101
0.00612710155167413	0.0040970727305274
0.661028169437965	0.60222799537427
0.489150810944664	0.336014349521186
-0.0659072237590616	0.0399345944064494
0.910024942253555	0.936037636820135
-0.332161768981723	0.264877774856381
-0.216466044440295	0.18264923833541
-0.697484470255673	0.6631780441838
-0.134026223113558	0.0754573563224302
0.693024016107701	0.32404196317488
1.45652080007828	0.482281887456809
-0.214379875099978	0.069039813976162
-0.339009514545445	0.0971276143948088
1.46364987732708	0.48479584486453
1.04422575936648	0.394740889448914
0.15823182603157	0.0297179405544109
1.4655515469736	0.485738470948645
0.15823182603157	0.0297179405544109
-0.0955722368776298	0.0559683212205977
0.195494311415907	0.140999152136254
-0.230366008573377	0.190901485925342
0.112371207735478	0.0857326710639546
0.293708158979475	0.231155846984638
0.990761000225113	1.08705821073226
-0.609176525693466	0.540942636519265
-0.347141075246442	0.306091397407385
-0.0578935769302239	0.0423281367121811
-0.436671119796332	0.336718386778436
0.0713428997000388	0.0464339230412637
0.186615706247302	0.133936264281723
-0.267292784092863	0.219977238907603
-0.0717757549228041	0.0435404954036672
0.945509279514183	1.07167174528206
-0.180238326974912	0.13762561250935
0.141034966855603	0.121605020854875
-0.00309368549944885	0.00213405336686013
0.334785001037523	0.203990186334503
-0.216657714135014	0.0698098910080456
-1.81262047956212	0.734554727038592
0.697923312786667	0.326988260319965
-0.518644858635781	0.195729988241304
-0.333247970373579	0.0954969729659714
-0.333856458330646	0.0956917261764247
-1.7975657981284	0.379599665892429
-0.620473624670499	0.150917804175241
-0.619895187822925	0.150839789138775
-0.481802410485336	0.252680297502685
-1.33824999780822	1.10575783937732
-0.529389635080065	0.333737203291253
-0.571742403258469	0.415918993844619
-0.176802174002913	0.117381279318193
-0.550387054833874	0.497142859860393
-0.277365860470857	0.200444364805181
-0.699643762573104	0.665879383031734
-1.23526744222856	1.14638093101846
-0.947361625383852	1.00542448880762
0.526537134727952	0.457656464127375
-0.427818550025439	0.328422171270346
-0.157248048080261	0.107664748789349
0.686848383152048	0.715576701689242
-0.0247454656948612	0.0158553995452689
-0.160998892402478	0.110410796050176
1.00952199508909	0.83079745667373
0.465554354681746	0.33907322045227
0.198749878819706	0.143543639955077
-0.230641204864884	0.115203997874869
0.0728642924823013	0.0474193300147733
0.183441565577699	0.120238969737009
1.01768273144845	0.841754559704232
1.55463734313414	1.34787979090656
-2.33407903934617	2.11906369523677
0.1677792397568	0.0498341730879395
-1.79763019308962	0.379603777700996
-0.0173522542132245	0.00816670614212101
0.157971563808893	0.0296806747786729
-0.318559003783369	0.190262536132627
0.0392115380806358	0.0215110996993294
-0.0645959897593948	0.0391310518882774
-0.849410146488413	1.02767506542738
-0.693545498407169	0.607655903266304
0.0750330315479606	0.0488872206048899
-0.159057274241827	0.119768251098845
-0.10469335225885	0.0744326387714001
-1.15777902894169	1.43326318925059
0.0590518418071154	0.0365922914815313
0.0914428870756329	0.0646891577939104
-0.333000401452516	0.313897033873486
0.198884166766582	0.131178633829817
-0.646933227458161	0.667998686609615
-1.5486607169163	2.04804624098545
0.414789141772925	0.432015208712511
-0.0271995149467175	0.0174143696655244
-0.614937681758153	0.547932979560151
0.596881043735824	0.578687371275899
0.0420852266336146	0.0230676600605653
0.651985307694412	0.591509266955019
0.722803696708456	0.816351750973957
-1.0586977996223	1.10979726570536
-0.133475714148903	0.0751397548116429
-0.0550033730412448	0.0239541220664721
0.533877616113606	0.191258268949281
0.161460812920862	0.048044569646078
-0.338896474896558	0.0970421752101679
-0.307864620305825	0.141660387150232
-3.08160228540496	0.95864568534502
-0.0982470290214594	0.0696714203095729
-0.264091025061076	0.216876513179413
-1.0882546817483	0.744345691388748
-0.313980593115007	0.187190263495007
-0.394603992483738	0.16435119506951
-0.143433609288296	0.123440618593346
-0.475882303764982	0.403679410088036
-0.677014140684944	0.826723966518004
-0.222628643988716	0.144306363681705
1.85604097457697	2.77273702745724
0.756692255657547	1.02886993590648
0.510671811803555	0.632321855077405
0.360967990095439	0.336435710045516
0.611864905674252	0.683161952802228
0.577948949969912	0.672582093566395
0.524215969744204	0.545077526221558
-0.110069146739728	0.0784522347362613
-0.702066647570885	0.66925641275939
-0.445260730200186	0.410368170910452
-1.24702495139534	1.77467360407871
0.293551015220351	0.230952396346678
1.01038310522229	0.832330416562493
-0.504835319573919	0.463884029292547
0.168291369895616	0.0900960980419557
-0.141253357067506	0.11125667793556
-0.500176779918594	0.458446841922181
-0.0419142534827821	0.0310724422588525
-0.942013482655716	0.57762230542648
-0.339979595307007	0.0973896500376519
-1.79763019308962	0.379603777700996
-0.338896474896558	0.0970421752101679
-1.50861948725752	0.534748868530857
-0.391624122760848	0.221214350159696
0.0998412529916003	0.0709541527269327
-0.391990362208638	0.221454601906264
0.927168248269928	1.04132031810603
0.0313776808133707	0.0173051425585309
-0.405262725762642	0.169216462328704
-0.606199247716663	0.290843285732339
-0.588824773728546	0.47697246729253
-0.592443000438754	0.481127047491323
0.184328377676942	0.14211035785123
0.519107052472134	0.449493672939678
-0.10426213434684	0.074130531685602
-0.489635559357402	0.366898879350029
0.0262469452624894	0.0190065253978269
-0.506867603356839	0.466206693778027
0.366812486828309	0.332339655559133
0.850088175161353	0.898615621350522
0.193318307389252	0.149861793614126
0.0770766279742977	0.0502388052119003
0.321906023116823	0.223370677935131
0.176343234179179	0.125881121378179
0.482285086447726	0.445941947262815
0.130022279199571	0.10867259083958
-0.376071062340031	0.294798976715828
0.381217633639288	0.348425169256827
0.897070211685731	0.917396498204596
0.755404147364992	0.834614078756145
-0.59181445037102	0.480438628890784
-0.490086686643682	0.367405592659241
0.279991238303724	0.242531839815692
0.184590846665764	0.120928315689288
1.24648767950558	1.37669282384201
-0.339254970336014	0.271576413517725
0.183531171108103	0.126089238087963
0.353434926939578	0.198436986695165
-1.12825544522804	0.339732258677114
0.530519377174053	0.189974136950743
1.82912964257087	0.714770179842855
-0.620903335937371	0.151058535991718
-1.13798184352097	0.342932978400744
-0.779956777952106	0.789571042799719
0.197598617889715	0.148213630988468
-0.118076080068325	0.0820490754229347
0.877965572642575	0.653923505474181
0.418601534787255	0.333224142152707
-0.445181566627144	0.294527565276744
1.57162700882952	0.779006210019572
1.16670056277299	1.45397777671707
0.960801560433724	0.655056617517391
-0.437468424902645	0.288411321079305
-0.148904326017454	0.101558075219417
-0.146950190416147	0.100122417681459
0.295841569927992	0.233109245757473
0.606097668778244	0.590143552479242
-0.104560974890988	0.074379131278395
-0.379957995694506	0.359065437956056
-0.278081635133827	0.201065087530977
0.401938712700978	0.331724757782983
-0.378542689261721	0.383551253583003
0.185345787400532	0.138093319294894
0.486023231310076	0.450250391522327
0.402744767037859	0.332669846114627
0.498407788632281	0.446386337348103
-0.461632682935347	0.388502062695773
0.0323368734927812	0.0178209363576781
-0.671350211674065	0.780476434732395
-0.000398218621201216	0.000188068554584411
1.57508853851853	2.61041202470916
0.710879503149521	0.71751558373789
1.77521483290862	1.39108238046017
0.0400338855372099	0.0290575890020168
-0.496338573978717	0.373179411794437
-0.683633786636874	0.595963980300768
0.3067848946069	0.222580586279742
-0.219159365876257	0.141895100160566
-0.210075324511348	0.135389072669434
1.46166504880046	0.484245680586438
-1.12825544522804	0.339732258677114
-0.976810125727647	0.482380932386852
-0.216657809109618	0.0697687117469907
-0.265693687124504	0.218500305236453
0.061733009811775	0.0382725845300615
-0.152298059860945	0.104054173607129
-0.248890846886333	0.202364914440556
0.090023140302507	0.0636992270139713
-0.11851293464307	0.0823705255506215
-0.388485676672225	0.369000569182537
-0.333543272426668	0.266186883015756
-0.2125467898878	0.137214882094628
-0.489081476045163	0.366437268040405
1.03487416222008	0.981033792881844
-1.27866440986665	0.57493073370158
-0.0212771824268159	0.009954397402558
-0.120347157973122	0.0837462573545828
0.758115371163087	0.838902030076715
0.286925999769873	0.233520954932155
0.509875028493919	0.459126539461638
-0.492192112141048	0.514701659118131
-1.00162542972952	0.900293191768907
0.0143795033564808	0.0115789411439674
-0.0140742968581655	0.00917838127474301
-0.00470616222487628	0.00315637981037091
-0.144653989382925	0.09845718505026
0.597790535792516	0.579688406972441
-0.170804196638678	0.146679676602807
0.668603852779775	0.689603708267125
-0.938355101680092	1.06759731068299
-0.326465565256405	0.259372006159075
0.528028882100181	0.550445966495775
0.365551092530885	0.330890954057959
0.718315660686223	0.727815586052119
-0.717168467452545	0.737510579875163
-0.717023205261687	0.826353034803645
-0.526948756654176	0.437321364230575
-0.373986556069227	0.292848959369829
0.589530994110875	0.474062772179827
0.275712710119167	0.258947784105261
0.175647454029646	0.114730374953822
0.545993271670345	0.555734603137934
0.472022889113737	0.450352671222508
0.0704035069535854	0.0436847395525714
0.587097025067359	0.471963364002129
0.449855196190117	0.180482719429868
-0.343432234206214	0.0982903961052269
-0.308083257888888	0.141623916922362
-2.06188876692631	0.934347484997078
-0.521390464385401	0.511692290923474
-0.964383292815263	0.946156594956119
0.332342775628702	0.217790807705668
-0.174484075673395	0.115748245608357
0.0141148773207307	0.00716663322619083
-0.289490986929861	0.233617159104519
-0.0145576748571343	0.00948942353438153
0.703671971175834	0.618961585708955
0.49196780112581	0.338735092568574
-0.570328237716903	0.414993873823708
-0.129687933182296	0.101367840420455
0.187121024960123	0.11626056594096
0.177610916126871	0.109901103090663
-0.252998911848618	0.188039438534146
0.0643235094849172	0.0398849714140398
-0.688954746090997	0.60211547194555
-0.445465522768012	0.410522593819388
-0.146780524417792	0.100015529353687
-0.375956345432021	0.257553504418344
-0.869175674927129	0.796783816214533
0.696372311126236	0.609776748962605
-0.691602568807069	0.605446901581682
0.451300083617471	0.34680509252822
-0.298007255223996	0.241667083192213
1.14369316103922	1.17399248272155
-0.928102307172765	1.04965911060609
0.0556501930552693	0.0344710406219414
0.902259434633246	0.924575131205647
-0.70968447969096	0.678633843706123
-0.483315538122968	0.360934483732264
0.0285853309447942	0.0158227208664051
-0.06992427777675	0.0424008565786503
-1.03627781410234	0.8280755276651
1.08482243645386	1.27323340121778
0.070553347214301	0.043802892237278
1.13744215117761	1.03165869599903
0.555326489407148	0.323895009819895
-1.26719761607035	1.38052266958185
-0.776921924810228	0.593219542526817
1.16521669074956	1.45052816628199
-0.100676431129454	0.0590228976601668
-0.159987369826186	0.13642806267504
-0.244380425273039	0.180797748060232
-0.908974660336292	0.662158829998892
1.46109938210879	0.484014060767982
-0.214973425440132	0.0692286309045475
-0.150722043675349	0.0538721596429618
-0.153081136719747	0.104616240957857
-0.566313502580364	0.411314766545796
-0.537110216910974	0.33979011409463
-1.02857806866804	0.818874909171955
0.0471897092258945	0.0258970371434311
0.200624714906729	0.156140263084688
-0.321039939080361	0.191934113503131
-0.983291645456484	0.876488806092114
-0.864123026806845	0.930421769075592
-0.382683296705563	0.388723759983938
0.64578756866552	0.684901881463016
-0.776714512636701	1.07608530231051
-0.605544285286592	0.667050009794856
0.178578453271909	0.103611185156733
0.421642506527804	0.33602550323331
-0.689962077352935	0.603544938818827
-1.12545852406092	1.2426134894375
0.35749642138881	0.201062434861001
-0.170248828488021	0.112701590519252
-0.263647184066614	0.164697590031981
0.163407014078342	0.0793650487555857
-0.270837427356049	0.223372766725026
0.797126577769389	0.480333561369967
-0.0929289937368363	0.0543754708705866
-0.687673918927764	0.649848682985455
0.0844519557584099	0.0574826447150462
-0.489734486382183	0.366911890072586
1.4164511641038	1.76773154836034
-0.325309739622695	0.258360344046172
-0.219114023669089	0.165683545327388
1.49698888754159	1.51724721173528
-0.911530278266541	0.664695696418769
-0.179943903061368	0.0961776476071289
0.152504896663506	0.0739884756497419
-0.667628045462811	0.525523170748759
0.0643550854798866	0.0398773670089335
-0.302330788610812	0.138797723357851
0.0948714521965041	0.0648113954239454
0.189767841958069	0.130635447195081
0.199354222631763	0.149672029606598
-0.476656677851006	0.471339623615115
-0.553926861588237	0.399719036673587
-1.53746374195467	1.47343258891457
-0.554560464292581	0.400319857592068
-0.665064144585122	0.464338368740548
0.00935987138222409	0.00482010742972534
-0.647869280931592	0.384056025500355
-1.3344933416526	1.32823768443647
-0.252446181724222	0.156920198398873
-0.101727813870907	0.0722229962449675
-1.92255551994403	1.88037233372214
-0.789971731078115	0.522686222113428
-0.163935608346484	0.127568956237803
0.178237961810563	0.116515669038735
-0.458961839950712	0.305425709573667
-0.0643592774604245	0.0389727237416632
-1.21666626847593	0.9175287208841
-0.0778722986282781	0.0472608492633376
-0.672312007017269	0.53049403383019
-0.0517543774714467	0.0225811657943752
0.745158946568765	0.625084399403762
-0.0948800137606682	0.0555380579410857
0.521935553790596	0.333721192208401
0.170814760478995	0.0915581817801589
0.357862276421865	0.201280624864466
0.852673519785672	0.778420895690695
-0.228479289076502	0.148498090939609
-0.132733130163113	0.0746652727469131
-0.467367639851264	0.394386103578549
-0.329441546394851	0.233341165839758
1.05763743122484	1.12410752611773
-1.58919582110365	1.88448379072241
-0.599297159672842	0.488180641447901
-0.451775600697771	0.299674362713904
-0.385967684028928	0.217722270388955
-0.59181445037102	0.480438628890784
-0.783768292692441	0.735941939352799
1.25741227971597	1.06967948154175
0.446516647967823	0.342370502198527
1.05727307077808	1.12283910770838
-0.276198630406388	0.19947815383475
-0.872532821873104	0.80096293904001
-4.2155330734389	1.97036087031969
-0.483422417586588	0.253278553252598
-0.532605491496889	0.597013873359081
-0.239899000153282	0.278214411549049
0.0711479772347052	0.0463061441662764
0.413689314741371	0.32838269562431
-0.145583469920947	0.0520945736894888
0.908680273620928	0.491719338853174
2.11692464856437	0.944608977413808
1.45875294788908	0.910744953937425
-0.715646834778114	0.244453295526364
-0.141938715394053	0.0508009980270485
-0.142223285419907	0.0509011547645968
-0.619895187822925	0.150839789138775
1.57778417402392	0.783272898824577
-0.480473267651593	0.251559164273348
-1.16102782833561	0.649699938281581
-2.07062872074145	0.940243383198465
-0.767258704524236	0.332989408243179
-0.389157561428039	0.219461740331814
0.657839124633399	0.469147720704281
1.08560971225206	0.668897627915086
-1.09124453490274	0.746716667218724
0.911356296173185	0.493975055543135
1.0929638262786	0.674944777749081
0.871108237963501	0.647292048123815
-0.130836468773245	0.0735870107423401
-0.096326572377201	0.0382393293065551
-0.0483782520994816	0.0211517007331903
0.826816090554278	0.347389878556976
-0.304388883274801	0.13982709843382
-0.444608350972131	0.294239742144241
1.00900574378037	0.831486288110805
-0.265258812647756	0.21801523195748
0.132665266505634	0.11373993447121
-1.29874203544733	1.91732666786229
-0.65779172763586	0.457996206474623
0.19087894670546	0.118747704714541
-0.170599072506629	0.0910246283349193
-0.959240345428902	0.938956582226976
-0.405777862034169	0.407597580673541
0.0973593168565248	0.069125996342462
-0.21575497845719	0.162878139673337
0.290178117581019	0.244936363265778
0.0350162910402472	0.0192768158750176
0.0415518036703097	0.0228295360648841
0.300141325782674	0.227479000054827
0.713554696772551	0.471193887398737
-0.452392965864473	0.300383867800125
0.75029013071643	0.735450446284615
0.786859530353221	0.741588954296614
-0.0267115718590261	0.0171039026804676
0.551584448830451	0.320714205474787
0.928481998640797	0.812014325603182
0.321920186273126	0.2233761412386
0.179221992814296	0.111000113726428
-0.669507519082277	0.527679808941602
-0.2168892990124	0.140294978956726
0.174572606664175	0.101326800696683
-1.53759589190694	1.47195857574609
-0.448119089798838	0.296639703745307
0.0555643580853696	0.0325922582462072
-0.449914236035341	0.298192391506361
0.176859358695954	0.10946030176418
-1.44441592310045	1.28993720776023
0.620874430796743	0.47319184451905
-0.52979348953324	0.440242925150525
0.486666427905838	0.33439085374123
1.78859307497021	1.84275017847193
1.00663097563585	1.2010278302502
0.390518531397205	0.34674341306169
-0.532155130321349	0.621059505345877
0.00400890492425819	0.00270493221057386
0.178386155383511	0.0957518099967671
-0.0291561050279377	0.0186484119366841
0.0325809908287495	0.0179563507522977
0.105182767723173	0.0749319854414856
0.527053035621062	0.458361278562078
0.418957337938778	0.333562354537599
-1.17735698512323	1.20630375035597
0.178996698926088	0.110858920673488
0.294795971702302	0.232060727118904
-1.05235353450588	1.0999421658132
0.18689002696705	0.139349068478206
0.433521966806104	0.431552565225294
-0.544608677889111	0.570324646559766
0.00194024735246204	0.00133407006989084
0.281017195788079	0.22782805814899
-0.0672859170775228	0.040778416838009
0.803995508021873	0.764236696427757
1.16025248835842	1.3252276434994
-0.620750288246804	0.554609784642841
-0.0728671905204929	0.0524061252015127
-0.191952323186904	0.147579089113374
0.49627649353358	0.443830142362159
-0.704761799294139	0.672494229873465
0.280577997210818	0.227446337848861
-0.42739462094094	0.367988317859076
-1.4184114097443	1.5013692120996
-0.24930541345055	0.184931907541973
-0.855572867010345	0.851098300105805
0.116652194391863	0.0917813156790981
-0.60836070346083	0.540055390381593
0.688953831305389	0.601460420398902
0.307827890271683	0.223277493917212
-0.376887318023157	0.258295920880978
0.668395579019333	0.611133355746381
-0.103422802814358	0.0735063756699528
0.179733560917424	0.10446044038544
-0.413214652339301	0.352930899013497
1.57183864477896	0.779521632894244
-0.146388253508021	0.0523841154261225
-0.0965724066579497	0.0383192571999951
-0.305112554338543	0.14029825589235
-0.981638083817257	0.485818639771448
-1.83291125507009	1.15458280633472
1.00678242514276	0.828926175541106
0.480827169449483	0.329054735938707
-0.677580317823128	0.536134937455051
-0.63734161463372	0.376245630600318
-0.378076722294294	0.259200025126436
0.188159592817901	0.135183982311769
0.518649661359672	0.331455530967328
-0.52065697504284	0.430699364005984
-0.615326956011392	0.547978421428603
-0.491335294888905	0.368343359436946
-0.446284132552019	0.295414746259561
-0.558450075831203	0.403807580815709
-1.48943440410572	0.752209436067322
1.06376129030654	1.13327974383003
-0.380457375962117	0.298862724844703
0.351140328254665	0.19688381037682
-0.270738900479543	0.194872634389631
0.338831856400254	0.206615162783055
1.38356105558977	1.28912441686472
-0.31867221712807	0.190356034532715
-0.523206583436099	0.433468605179388
1.25933905329885	1.07110415777392
-0.59259707358042	0.283256487926836
-0.394317545459924	0.222878131032238
-0.384885529543475	0.303065076318022
0.0155583044426331	0.00790270691237225
0.0568705443925892	0.0333894501659789
-0.789360220333074	0.605994986862054
0.165140220479751	0.0803572139349451
-1.08711681412079	1.04474217357756
-0.459829751033453	0.427638737979395
-0.0965407813201098	0.0684020011184306
0.337017868844161	0.20577295812334
-0.673347295399841	0.53104965018588
0.150578021997727	0.0653275546392976
1.33208469099746	0.58115584608196
-0.939914892175478	0.575035029610156
-0.0796043385090522	0.0574315825982736
-0.139629226802901	0.109874541831969
-0.664395358360818	0.732076443644535
0.504800815632523	0.320553675362014
0.29888422566394	0.23581276781118
0.365807444570934	0.352244806889098
-0.339514395876524	0.321515840750527
0.0958964725009704	0.0655477463258984
0.676512263880801	0.486512888263627
-0.133475714148903	0.0751397548116429
0.173565257721116	0.0930015612860094
0.480496157114934	0.328750836728041
0.182024618317964	0.105911705717718
-0.933251122242648	0.569980465244728
0.624812639650457	0.477149565411605
-0.483075369337937	0.253353313408851
0.545534102085814	0.316906108401623
-0.568155713771187	0.412992993860784
0.0524743766222993	0.0307733070710271
0.525027303264917	0.456080380158134
-0.0124322279626534	0.00594102209950685
0.615031574472201	0.323512465305574
-0.781402569080275	0.846240885887417
0.799332461655296	0.481156109981898
1.09422393885983	0.675796462955833
-1.27978240891892	0.575496226977634
-0.783025091816086	0.599782113985038
-0.173325088889618	0.114954519076025
-1.02587348343702	0.405264690821028
-0.238316524826293	0.119230243032678
1.24946822326425	1.05909243551242
-0.301484640154937	0.138438677776884
-0.220305825757542	0.109689571375677
-0.378543699918158	0.259629603270202
-0.254433545258696	0.158226258743099
-0.117908322010273	0.0819327589318336
-0.296029181997555	0.2605203351204
-0.379783181070264	0.298261388819752
0.508014975619661	0.457224466241544
-0.132341198942963	0.0744788466265709
-0.223885900806055	0.14522110196665
-0.44997230775141	0.298442105905173
-1.98089128253727	1.38087741409607
-0.0867602324948505	0.062779150017038
0.305320885978292	0.221282766398216
-0.16688824769729	0.170540697881749
-0.478310855992808	0.764729827001856
-0.848242145383482	0.905825528547175
-0.517264023236703	0.195228260106643
-0.602593356357714	0.289023974899398
-0.517006318957255	0.195147442742932
-0.775612492535749	0.337482675038155
-0.155171503238085	0.055445001541133
-0.304267639038415	0.139831804261035
-0.0565237534858613	0.0459336092191717
-0.473527930682933	0.823751095715853
0.203182135384557	0.168451672592493
-0.32835477056364	0.232506527187975
0.824206423319396	0.345940153507605
0.150484706926463	0.0577199124196889
1.57698010039245	0.782710522844369
0.531345582827114	0.190314424621574
-0.785666974888901	0.428064280452452
0.159266337352053	0.0610083420113727
0.722055034300606	0.478909217606523
-0.146148912480088	0.0522970886883919
1.06187527101659	0.512160546251493
-2.06918313852006	0.939212074196618
-0.390733019125242	0.162500608420395
-3.75108241880346	1.47543261311163
0.152200918016515	0.0515403734692646
-0.973169059064484	0.480406925756106
1.40511972866452	1.09284757693605
-0.217493795516912	0.0700823766807278
0.402194953690068	0.182009168056006
0.167786821496111	0.0423548811213711
0.690283893862909	0.322952535534475
0.684561258003684	0.319962736426902
1.07280113240065	0.518740866120925
-0.0913783734115073	0.036285076103426
0.697923312786667	0.326988260319965
0.678685727410979	0.214982042405379
0.15201333360582	0.0737131335681776
2.11780862301852	0.945248734413775
0.00632443709180517	0.0033298972886529
0.334964609813457	0.204132023857226
-0.490561036586045	0.69259357853954
-0.0377192951593542	0.0308614102782075
1.01710124575007	1.22070536086261
-0.0874072811522449	0.0632463623800803
-0.726466165318281	0.840840262128625
-0.187813865381898	0.144049965344971
-0.229885447471913	0.114649741890301
1.08228383841694	1.26912931709749
-0.140549388043303	0.0954798025591674
0.550375285244472	0.726064052670135
0.0401754678831565	0.0389962142419457
0.376310893889293	0.331392350683675
-0.659687158601098	0.45899482495877
-0.338530582329419	0.0969729638077002
-0.619895187822925	0.150839789138775
-1.12769593434811	0.339436368028373
1.33436498010043	0.582269865257075
-2.06444769256084	0.935935080561358
-0.77525780080179	0.421277521263585
0.625157650125594	0.477595374809218
0.194068208827523	0.150460503231257
-0.0155634806032593	0.0148237580041519
5.35106191719215	4.89884332226094
0.115425069258924	0.0882025844201322
0.97165562593527	0.664780114712513
0.609628549235627	0.320098912642838
0.452012903568068	0.181405788845356
-0.297414162350453	0.136386956450664
-0.975990049193778	0.481916771875483
1.04182554907797	0.393703969965548
0.674143348272808	0.213431626689393
-0.216063671871124	0.0695794401283131
1.04272737841263	0.394268038065867
-3.75288411079685	1.47718399320021
0.613285784116661	0.322131299994541
-0.522777207619905	0.197556097300605
1.33064823417075	0.58035171256435
0.679297187320958	0.21511425797511
-0.96808143426205	0.477113237448228
-0.150722043675349	0.0538721596429618
-0.629952122229771	0.153143156080765
0.164122988767051	0.0488286730136595
0.169276668042905	0.0502222390274525
0.162954029252909	0.0484564307378685
1.82613678624155	0.713003331156764
0.173378039987466	0.0436162262322836
-0.0520924227090147	0.0227266911273001
1.04422575936648	0.394740889448914
0.154642861292626	0.067062802898247
0.830430840050838	0.348936504492043
1.25420608173553	0.873114347106461
-0.474742521772386	0.402294008545884
0.0211152429109876	0.0147304332291271
-0.720415389721071	0.873536021556216
-0.0780081332597384	0.0562384771675681
0.265097442430125	0.247175471872851
0.0137555644958475	0.00915588142273997
-0.166379738019935	0.129661924046407
0.365769411184535	0.18530818328789
0.699914980996319	0.328077836741601
-0.170387147179007	0.0908577531326779
-0.79013849606288	0.431411571501898
0.253121267503404	0.277805589290228
-0.1095788579181	0.124221426404526
-0.0442023632009352	0.0275833224953541
-0.480930985393886	0.252195773301539
-0.41091749367712	0.485270161509353
-0.973248980719349	0.480784802167283
-1.13282069800183	0.341231258763963
0.157809365437772	0.0470462908960921
-0.338395647029448	0.0969382934539019
-0.722611557468775	0.247018823049159
-0.61946410648704	0.150698865008898
-2.57472877667238	0.65760345889815
0.700886981211956	0.328477599990118
1.07359982425497	0.519417428828948
0.802895371912802	1.05350750230835
-0.107557583989535	0.116331041445307
0.709171982097999	0.715113427536471
0.83430249864115	0.874371665176183
-1.27264921265823	0.571489965817473
0.159920372276999	0.0476279199969756
1.46654605141329	0.485981855384374
-1.02275196325719	0.403905696700775
-0.511891627199728	0.192996588891019
1.04577073722875	0.395582052714565
2.76197196120423	0.768541369225187
-1.81766723004699	0.737367259253776
3.64101793434512	1.43134239135362
-1.5240533266248	0.541336084031251
-0.620903335937371	0.151058535991718
0.17738312662749	0.0444846964186047
-0.625630686390319	0.152156798395567
-0.301588982342985	0.138344748128235
-1.02612472596118	0.405418891515416
1.33376743097129	0.581693904895938
0.17738312662749	0.0444846964186047
0.674624067917918	0.213658555919133
1.83162438273742	0.716000775412828
0.15823182603157	0.0297179405544109
-0.619895187822925	0.150839789138775
0.162171049505848	0.0303007576998756
3.93619624132367	1.72285510420218
0.17294827606403	0.0435260072159332
0.149173995582458	0.0505642485186703
0.169762747888229	0.0427831084845497
-1.51085846681806	0.535971215302245
-0.430348336446235	0.330690127256408
0.354322266821554	0.447930656214333
-0.00725439423050797	0.0068094073533478
-0.653734705568105	0.844762102755136
-0.972920728472175	1.29172023674977
-0.224770828152106	0.185530102652564
-0.273424579028751	0.243872792231179
-3.75108241880346	1.47543261311163
-0.257389909726083	0.160341294422406
0.156300364869312	0.0598675951194335
-0.783795296937254	0.73564046194698
-0.316983879853131	0.189109669692055
0.052183830785952	0.0474443670493094
0.279221351976749	0.402611276153293
0.166314705187893	0.0890607991534099
-1.20877546421608	0.908615298957896
0.0340314994345947	0.0187394695836685
-0.0977355468741445	0.0862054708405355
-0.389381857263005	0.161954697910528
-2.57421277656498	0.657506382974291
-0.776943352012507	0.338025103002457
-0.531039836979631	0.200859849955486
0.174370024960364	0.0438183729016174
-0.338291342092883	0.0968475173314605
-0.21353484243456	0.0688377478794001
-0.718972834438042	0.245626954230634
1.06956203261337	0.516936934630967
0.451037329259246	0.439790570597127
-0.890702335993938	1.94372584668373
0.280855936812526	0.257851487519339
0.181525754796942	0.134897732502524
-0.720453666514924	0.246264037870489
0.533034126671957	0.190984669183042
-1.50861948725752	0.534748868530857
0.960305402281055	0.254935680101795
0.153016180557848	0.051821004050093
0.148944843976822	0.0570314016911337
0.526211669677007	0.188366258201689
-0.785104830853953	0.428273630541276
-0.0913783734115073	0.036285076103426
-1.21693410460871	0.91899290582716
0.174503749901052	0.0438676710334476
-1.50884424560785	0.535043767502043
-0.34307485466429	0.0982470421897248
0.449855196190117	0.180482719429868
-0.144946030904406	0.0518319984756812
0.809933342058221	0.489906058392799
0.531358567637365	0.190353154457246
0.156017379184159	0.052780976044765
-0.222282150898245	0.0715311175279888
-0.0912019160102893	0.0362463091895357
0.829993493082438	0.348781413245282
0.153830475350601	0.0520893555087474
-0.337924641037297	0.0968088152153293
0.177812920485068	0.0445891130396879
0.537575443801875	0.192614265772501
-0.60150270292464	0.288248524380304
0.558631332867029	0.326480497310376
-0.085528121503151	0.0499628132195586
0.0510212882310359	0.0463361781377677
-0.258303800249493	0.248708115583563
-0.0332675090215889	0.0212812324443315
-1.0081024424521	1.12229792202444
-0.156161812503731	0.120953147066537
0.189937397229374	0.146880300812458
-0.14273935659838	0.0970696786809071
-0.724381910046542	0.247676943012395
-0.721067114947851	0.246487833064577
0.613754271110436	0.32211701692213
-1.08304583506026	0.739277435517565
0.704571102504354	0.708506112339434
-0.12787470918024	0.071829724489604
0.206849286620362	0.223481554461549
-0.16293872906218	0.185026677769157
-0.327511655570981	0.231802681386378
-1.31627088138507	0.823080733665409
0.32313376150886	0.224250120064288
-0.774854241845095	1.2007753065607
0.161809413811162	0.0546700412990309
-0.775612492535749	0.337482675038155
1.07143416820841	0.51816664421618
1.4702928012491	0.922193826208071
-0.521356611956041	0.196907739718254
-1.68294738193357	0.953399264126586
-1.27438930144672	0.572670443488434
-0.714755800696332	0.244129665196273
-0.521403994764915	0.196949544068639
-0.150722043675349	0.0538721596429618
-1.08793436085428	0.743330213644817
-0.213893441125933	0.208070556740416
0.0178683820646535	0.0179000182896593
-0.278651466687675	0.249394274862157
0.439701247259754	0.33619296742123
-0.788147645671546	0.521261168464548
-0.643751796710615	0.381353159356079
1.46654427317566	0.91838891606632
0.826816090554278	0.347389878556976
3.93619624132367	1.72285510420218
0.605478259584673	0.317250000565942
-1.81323178459194	0.734779878382509
-1.81413444396294	0.735290551794613
0.148370723496089	0.0568723132456599
-0.333856458330646	0.0956917261764247
-0.950720586010318	0.584611488481872
-0.766733199789823	0.33273995230155
-0.2374497892677	0.118837790552094
0.151848620893196	0.0658732093968333
-1.82199275508627	1.65849720564631
2.57397200912032	1.42837810037814
-2.27648836987543	1.14544603038179
-0.782331917299454	0.426196800110543
0.822450638269115	0.345345024290892
0.367903885145465	0.186577917330017
-1.71329839846834	1.43689945738086
-0.479658017178707	0.251392286509559
-0.0198065572404132	0.00928330154942288
-0.34307485466429	0.0982470421897248
-0.306510679211431	0.140834213545429
1.06632392555289	0.514786948757726
-1.44693873391947	1.29462218117388
-0.214794542627757	0.138806579794916
0.0576774717501154	0.0447392276295731
0.0163599771342336	0.0131674461077043
-0.537666464808306	0.340133686841325
-0.380791370508383	0.331326245988774
0.182736383912334	0.113358333505935
-1.27208987432739	0.571097274965283
-0.977364241307212	0.483389097350559
-0.767917017400225	0.33352370210299
-1.1604043256657	0.648210157729757
-0.379565625791626	0.260520381865206
0.529918814853225	0.189819007683608
-3.0603576629335	4.42517478189461
-0.529224607260071	0.333656399269132
0.274697125321761	0.270785796786591
-0.00548362593155695	0.00421071162100442
0.192450110080119	0.163065582575907
0.0378417045685906	0.0207938085013847
-0.0461141896593746	0.0342047384777112
-0.253368035668636	0.248713747952572
-0.301486473443409	0.138481308496135
-0.519405661325144	0.196173877341926
-1.45942328945916	1.01444861750361
-0.150196998613523	0.0536857002626707
-0.339136742629042	0.0971078731889835
0.347592260692806	0.194562682992352
-0.393420605926519	0.222347828477551
0.416429521465609	0.434237736723825
0.209167165333148	0.230331989688873
-0.89529514692397	0.745127258905695
-0.652424349905747	0.675863746274722
-0.385240893808817	0.217261035032584
-0.944080660953475	0.579555024090982
0.44957827995086	0.18031750975252
-0.0936973003438628	0.0372243353271805
0.673487639831592	0.484013062863441
0.362005527630669	0.183050150286995
1.08632933720666	0.668494589492485
-0.987461524719479	0.489318924847317
1.2718237687542	0.700626117253064
0.800097850699203	0.482217785284407
-0.488469317531284	0.256641547189822
-1.83246209201864	1.15413742238843
0.164122988767051	0.0488286730136595
-0.167598886294371	0.0892732862583598
-0.787795527214917	0.429362603234538
0.174503749901052	0.0438676710334476
0.532196819047093	0.190683131950839
0.172406686776563	0.092436875419049
0.823324250399777	0.345498976757898
-0.596759107563895	0.285539970794986
-0.0563768333152562	0.0245363026244094
-0.981562257993419	0.48612439454275
-0.91640796826003	0.668947965390859
-0.9916471566535	0.492003978995405
-0.779819696613667	0.596357451463321
-1.31833803926414	0.824163832471588
-0.151367024117941	0.103334918980978
0.456100635613565	0.430673946191565
-0.462266739482448	0.430426535990299
0.189600501744678	0.146605292587492
-0.0167064310985522	0.00783159948231182
-0.498260373604487	0.523395161629436
0.44487449094791	0.340933437370432
-0.497840469950417	0.374458526533691
-1.51180343497522	1.70104237701285
-0.656987059845986	0.456576257578317
-0.87636734956536	0.805597711937087
0.198385702139724	0.137195056702445
-0.21118621684448	0.15901114744871
-0.0908537654103991	0.0531333810554721
-0.0634599697820243	0.038428751834432
-0.499563197892123	0.376017010350667
-0.0836863789524215	0.0604867211532323
-0.285423268972265	0.207092080996199
-0.191281088524242	0.146939780453506
0.707186484983599	0.62281829567285
0.0917380971628471	0.0671430956074698
-2.17551672774358	3.15639272583184
-0.0162069701480334	0.0105565252479076
-0.311654338093934	0.1857488340661
-0.139454587787254	0.0786079676266121
-0.341106936900695	0.273335282690084
0.0842447704456918	0.0573309435253249
-0.388325358501387	0.218973653818316
-0.149983303845708	0.102270296074918
0.0962604083845946	0.070614285332711
0.072046066501818	0.04472289541817
-0.0512605405284675	0.0319889354311201
-0.114255072647232	0.0792449294064877
-1.46985140896573	2.05532003250354
0.0773325018929669	0.0503718524580826
0.186762228673676	0.144208401304617
0.0448474449071327	0.0263443382514369
-0.464887868661457	0.391990989733696
-0.211500907720282	0.159245561093149
0.405603745107479	0.335802395686494
-0.219847776187146	0.142270388351512
0.531792398841061	0.463406371258511
0.432532854116549	0.329431625983083
-0.615222602503713	0.548388598813297
0.439616527910151	0.425409936216838
0.718507100380459	0.808425713620969
-0.37479077233238	0.256607430152758
-0.182274169464704	0.121320541847619
0.194036141494589	0.127701581700384
-0.473412567314157	0.401022930175389
0.0584138462929109	0.0342636325286334
-0.0673459608902909	0.0408192246448602
0.18715511993862	0.128793667092369
-0.469601518530552	0.397022069369196
-0.773400729876506	0.659654805138962
0.198325941751746	0.137172063768615
0.00559454312860922	0.00374035231698844
0.682873212361764	0.710039426186991
1.07025243348971	1.14357753006612
-0.0538219685463567	0.0234440683298974
0.521009231751902	0.332963027760742
0.00934922558750958	0.00483481168077274
-0.0516346057395038	0.0225211199850729
-0.975489359033831	0.961991578628333
-0.234585275103822	0.117312427309452
-0.0517410304795967	0.0225551941503864
-0.172164415164546	0.0918444841126707
-0.517006318957255	0.195147442742932
0.371137453595796	0.18831705332053
-0.772745126186665	0.589135320386661
-0.694044501406926	0.608446852250063
-0.211827192681629	0.136543458562372
1.67663391540291	1.59279408559391
0.31877004467357	0.220888957757519
-0.310080954425447	0.253266510870047
-0.0723751888329101	0.0439094268129993
0.0605973891543806	0.0375616535096104
-0.870226926712683	0.797251052049212
0.422137122423491	0.336699288701598
-1.25857718164467	1.36466045644092
0.330987069831234	0.216813535987238
0.00914816431130664	0.00476051054891114
-0.367801150391	0.317515869208397
-0.670834989214901	0.529062117398511
0.794278918127151	0.629664851621981
0.189925813380825	0.141856666554545
1.25302214069171	1.23430152889551
0.417475950309526	0.332084368273439
0.191610192449555	0.132079291495856
-0.560135834314663	0.508449605054287
-0.428460030155722	0.329006148408337
1.32310921435939	1.70107082316986
-0.210320513786679	0.13562976636952
-0.37180045568165	0.290780275336175
-0.0311330866218731	0.0199158680688677
0.200059827623608	0.144580945746674
1.24431908368532	1.37318874768462
-0.0170906900970766	0.0111281137086176
0.0637149888181464	0.0394992277202947
0.335621109458724	0.220244287247151
0.00790301796633637	0.00410310694940167
0.0537704788784118	0.0315637803117476
-0.212931200983492	0.137420504754754
0.185687611770268	0.127704275869924
0.462520579939887	0.336342606930273
-0.524860259041759	0.435383734360421
-0.430105901328185	0.330509887808438
-0.389827931113801	0.220236135223933
0.0481154514147969	0.0282384191487655
1.34515249490449	1.5882335753749
-0.0621355762919172	0.026971319184612
-1.02065209356783	0.809895213861948
-0.23589860134464	0.117891178622236
1.57722144544452	0.783207973163534
0.405428582126021	0.183662786100022
1.13766665951993	1.0306277431357
0.174370024960364	0.0438183729016174
-1.02671683891162	0.40581238098729
-3.75658350496235	1.47972368837861
-1.92101162194619	1.87672562379301
-0.248060737173956	0.183881644073668
-0.985313666863256	0.488449847507054
-0.230775293600825	0.0742360705312825
-1.02881602971728	0.81839380577329
-0.23375653817827	0.116618082529886
0.155977003538966	0.0597564056633356
0.499369390159135	0.447277042677385
-0.265950069765397	0.166230798453399
-0.780284599516019	0.730977290937455
-0.131764171394695	0.0740309742356273
0.914167337511348	1.01942076355933
0.584745863592827	0.469446127305307
0.861095973639997	0.78887698997733
-0.123731900881062	0.0694201451451339
-0.592658546428686	0.481283519263368
0.758306876071737	0.746751402155737
0.355458817951666	0.330018310504591
0.422883656890527	0.337463568211895
-0.663808707137769	0.691790728113371
0.0589378570049707	0.0365266870214189
-1.2308659844202	1.60071339944729
-0.532268655382668	0.525714563929634
-0.321162965839587	0.226570903484122
-0.0519691192608674	0.0324397068642845
1.04410377897054	0.993145335347254
-0.421320790613894	0.361637623308341
-0.638128663473344	0.616727687314151
0.579442997754879	0.464009442984367
-0.329184134801058	0.261935034482667
-0.302201840306743	0.245749392690995
0.808765498583732	0.975690191288334
-0.551959109262678	0.498986210427402
0.80297897804637	0.966178837165762
-0.1179161790541	0.0819488551980955
0.994231989563792	1.09310931638984
0.187843812794268	0.149812811554354
0.19878292827273	0.164460543339254
0.75880924915942	0.639985651101939
0.0112477303523115	0.0093485085734807
-0.868451097139782	0.869691335815586
-0.339010161139958	0.297461778930986
-0.317236810367941	0.303918314427943
-0.141508552668819	0.0961488179321695
-1.24340695347118	1.15899352830218
0.140430210134942	0.0539105121472234
-0.340593087152544	0.0975352685660813
0.146375004827764	0.0561236835186149
0.672097835630236	0.482342652028016
0.140880739575784	0.0540542833702539
-0.392527598762743	0.163297548242261
0.959865181244613	0.254814612498812
0.159251072645633	0.0298673857617753
-0.783623984144493	0.850031316652205
0.0724477188802556	0.0471380094601008
-0.284291404049	0.206152545982122
0.0727095463329951	0.0473171558870026
-0.498708696355999	0.456731355700629
-0.100090368090039	0.0586582346149719
-0.561679008905044	0.407026843896966
-0.767548516176215	0.333001950403129
-0.947590159941754	1.00567387927601
0.18658200171312	0.115903364031908
-0.00914203993707598	0.0060016027266413
0.0657147400767126	0.0407492476733221
-0.103325141783542	0.0734262469517725
0.0864906855950675	0.058910687655372
-0.406447917685151	0.378619560586774
-0.0645924385138288	0.0391382004553049
-0.430576569909977	0.371287818394481
1.24062187972991	1.50418598535225
0.153766159896266	0.0746327381809499
-0.431659335680484	0.331761055961545
-0.121679265819146	0.0846994325200792
-0.526697305960871	0.518674077688457
0.199843806499371	0.183364393090183
0.518889140298888	0.555204014820092
-0.453523136103779	0.420192297795863
0.0928950066532527	0.0634349255360609
0.688980719781757	0.886068531725752
-0.0864362236752749	0.062564918170316
0.193725108588068	0.184903179937856
-0.185699306027898	0.157463800582852
0.482051472472952	0.445423840073024
0.599183282414556	0.581654795117226
-0.561221276361213	0.509791039697949
0.274262575178938	0.236602076595411
-0.402588520142059	0.403552007082683
-0.370258714169715	0.34766079328947
-1.08448988243521	1.27535763284958
-0.065731856808677	0.0398336363057698
0.68901117190052	0.718559135595101
-0.514500618249926	0.545700408532462
0.291657987734812	0.238057872065146
0.736752856295673	0.916584556689956
-0.211062527252452	0.158894251200441
1.1463999773163	1.17975930353201
0.102337137119282	0.0753088525326409
0.192262740502512	0.162884732714068
0.195297171817984	0.161222071961564
-0.488595995915822	0.547433042734165
-0.186809928578738	0.124657820492056
-0.0936973003438628	0.0372243353271805
-1.27895990127277	0.575276106133442
0.154739392019823	0.0671954244075873
1.09009886760512	0.672119240002043
-0.513824129140511	0.193894300368019
-2.06977352534937	0.939684536075736
1.83259355517544	0.716473450995655
-1.7975657981284	0.379599665892429
-1.13698868821346	0.342607629634493
-1.2125671881483	1.41953780684288
-0.452726512049547	0.419305079118643
-0.477772000261733	0.472837628388521
-0.58023429380677	0.567198459591908
0.310553907011334	0.225693394944208
-0.0617542519440558	0.0451883043182374
0.0043160584036711	0.00291021969461607
-0.591254793900889	0.479899021560616
-0.0187495692250209	0.00880052325507323
-0.322894585594109	0.228012789920237
-1.24098656978241	1.15543225785441
0.0749045306692398	0.0487520938329987
-1.08265024449636	0.739104996772363
0.514149648747724	0.327946331013842
0.17661473060358	0.0947250383262984
-0.0520942668718538	0.0227165858465857
-0.00953209068264741	0.00729914646745476
-0.108927279911918	0.0776289967223051
-0.213321578712725	0.160810319911467
0.0527102753721066	0.0309133939052794
0.703216145176491	0.618220919056244
-0.176562343446885	0.117245628687072
-0.309861012796588	0.184464899020182
0.369234397382039	0.187327882789486
0.802153514593069	0.63830409134616
-0.271619745852939	0.170176158864186
-0.246849575156441	0.182835705840509
0.532387713190215	0.556402928593835
0.294841867848815	0.249572804601823
-0.0484982568935087	0.0302613466564577
-0.168276219325763	0.131224333794015
0.615551794776564	0.576267570304076
-0.151938169154511	0.103780458360567
0.409962184538735	0.340196964577813
0.445205980370829	0.446451182644698
0.959003889716476	1.17378203848274
0.00453319390485974	0.00304575972944364
1.0147831180913	1.2158898696589
-0.0220616550094531	0.0141615703535845
0.487150015035724	0.541336204614427
0.534531252608236	0.559402220135597
-0.841077733959938	1.06746623415513
0.877555144371512	1.11799757399818
0.489564984034982	0.435877038985982
0.289149723689902	0.243818542757586
-0.188843459386343	0.144855019697712
-0.501936220429788	0.528465141069262
0.524764071613811	0.455757261917678
0.614838259061101	0.575463524226494
-1.05801999285887	1.31960236372421
-0.436563738811345	0.434568914497485
-0.104777865174163	0.0745341563725796
0.194534243167707	0.15084218968342
-2.10695485331098	1.61313705786049
0.529918814853225	0.189819007683608
1.46265753359042	0.48460907431551
1.01335287712881	0.83597376760815
-0.616620021012413	0.150099962492625
1.3366322141597	0.58354097730275
-2.0753802672603	0.943149552788195
-2.57421277656498	0.657506382974291
-0.624623675797245	0.151937920429117
-0.0899999631659612	0.0526321605970492
0.0338440760093901	0.0245200853579633
-0.0505198549817968	0.0375582006509937
-0.709446847186789	0.771225329071898
-0.550667740143482	0.497516929810968
-0.728326980676864	0.249150026691397
-0.0455311947228439	0.0284099496262943
0.174809384287783	0.114135205575463
0.422627457153309	0.337148007623536
0.964223724122401	1.18279251149212
-0.186739647114065	0.124562040434861
0.0384802120017673	0.0211418284248368
-0.141608324942326	0.0962405629997492
-0.180480573751323	0.096433466934575
0.0344883259673178	0.0189595048193535
-1.27264921265823	0.571489965817473
-1.51494510157249	0.537750180976637
-0.0164561878859821	0.00775847484251139
0.187258632067109	0.134452019147331
0.0387237265414513	0.0212741868695087
-0.312349283719759	0.186184739004367
0.107043500505563	0.0814257658841388
-0.0271995149467175	0.0174143696655244
-0.316567869202574	0.189052580018625
-0.593762042757611	0.618243729947489
-1.5933636437415	1.89198798991664
0.0163048325990012	0.0114003267263319
0.259395368111237	0.240838730075635
-0.931657908344492	1.05649015818833
0.530762262945688	0.190122868111177
-0.0932459006626957	0.0370463112099603
-0.657694651265303	0.457510681231074
-0.226732046816391	0.187431730268625
-0.107986001084139	0.0769108512462917
-0.486272673296776	0.363838470968343
0.761930950503046	0.751232412668767
-0.408622819165874	0.380896569908191
0.89504634072349	1.03871919563227
1.07314380559957	1.25271567353924
0.083475438497004	0.0706673660334314
0.554968591826959	0.465048793910549
0.194361910164692	0.160351699976777
-0.690645715198378	0.60412260354037
-0.0209534425016514	0.0157475775186483
0.189851969874913	0.14183491630448
-0.103821157610278	0.0817942384559082
0.0491636956741256	0.0379730781980462
-0.179774376960467	0.0961528471248105
-0.0587268420115564	0.0429458690806106
0.00014257642243426	0.00016588063996299
0.606341363919311	0.59068862778878
-0.226170748000421	0.112760707696206
-0.668464308129063	0.738070255383614
0.717254263045506	0.910843899245646
0.0606703487223593	0.0376025858329214
0.895239862339373	0.91471544822572
-0.57892381451825	0.565414839663954
0.105182767723173	0.0749319854414856
0.369510974784459	0.335404804662101
-0.309162034071598	0.27419430355705
-0.632361802578587	0.372988705087867
0.527404119121822	0.188820766466342
1.03554466552427	0.390840340446361
0.373712672756307	0.189683822099377
-0.0899264711949583	0.0357614708101109
0.677716162542668	0.214611870267994
0.959865181244613	0.254814612498812
-1.7975657981284	0.379599665892429
1.83126911611682	0.715624907230154
-1.01941107455962	0.402225234221499
-3.08203891306948	0.959069086853276
-0.298972846471549	0.242671005732876
-0.526150478999022	0.436697470930799
-0.373175670665048	0.291958017502869
-0.560040644874821	0.620072474330257
-0.535141805404326	0.337833306736764
-0.600291226463912	0.287758668770124
0.156463480688109	0.0599361206234149
-0.0917504910177978	0.0364199772751375
0.181383567524584	0.10539574044143
-0.618254338548775	0.551984775345004
1.25524727396421	1.23852577864937
-0.454053224877525	0.42084250285107
0.73742564332979	0.917341348408414
1.04112758891473	0.990896198124682
0.171728095434205	0.106003441065697
-0.684880033157957	0.597319509926944
0.15388857651959	0.0668281633089699
-0.30511648460976	0.140226864470223
-1.14171258677949	0.989078070252657
-0.173218411670041	0.0924149870471775
0.545602850023511	0.454962992504303
0.572782885456742	0.570603732261431
-0.48898916675479	0.366026623507235
-0.610460623265111	0.542453430694303
1.01699459278015	0.84005325656755
-0.773644407416135	0.66031956125595
-0.298590931157019	0.13701021268752
-0.395089929817484	0.164583031256368
-0.222842253262315	0.110997139246151
0.333888318292663	0.203361731116211
0.0876130508814648	0.0596977020754563
0.18544150114524	0.138192827617598
-0.583938328957341	0.60447073978796
0.18924565358124	0.141347756266313
-0.457762947750143	0.384301409057116
0.068283969203145	0.0423584938083584
-0.302887739902038	0.267823933504574
0.530724259944025	0.554076858709228
-0.0754323941848332	0.054319814292435
0.504854336648072	0.453735438284341
-0.141896493838199	0.0964090927893076
0.98006972910406	1.28917416436841
0.443130967101062	0.339144742874725
-0.589210229750304	0.612040298053227
-0.314765958673471	0.187875167661925
0.0860951286437736	0.0586291795868791
-0.148571132206956	0.101250593596931
0.181993084139135	0.119225905632194
0.0573341629270343	0.0336416850986245
0.102689837996886	0.0730706198595106
0.0864873099341466	0.0589052645856469
0.442506414182678	0.338694614470094
-0.614494634819617	0.680924602077014
0.882547957363031	1.01786732603478
-0.52658274879862	0.518400661478086
0.563170321288732	0.473614769371737
0.483603501399583	0.447512669063714
-0.297319820262226	0.136453887168637
0.403386671025948	0.182633197912926
-1.03210474073006	0.408333117568325
-1.13395018438652	0.341592389781504
1.04122776355439	0.393435934346114
0.526211669677007	0.188366258201689
1.46166504880046	0.484245680586438
-1.80127875869	0.380587746892248
-3.07750490916701	0.956880231933195
-3.07750490916701	0.956880231933195
-0.993311491199187	0.8890759947284
-0.577687778087682	0.563420450409782
-0.126788335993364	0.0711996314460121
-0.947020817295918	0.581144405484697
-0.231518387466866	0.11566093929134
-0.381988378484921	0.300162656461305
0.505782395632947	0.454730845590051
0.64494720802719	0.683676160569703
0.658360607086728	0.599201945024328
-0.173635483520131	0.13203524600644
-0.175089678917464	0.0935284458217451
-0.788512257033247	0.521623453843209
-0.674743445918834	0.532437939330641
0.875563143711372	0.652125194390619
0.169916929448601	0.0910896988639244
-0.341821215633551	0.300294570579249
0.0557689321346321	0.0327439002784905
-0.784642684915335	0.51815670433048
0.19739859782083	0.153385185900624
-0.724255227817685	0.920994939081503
-0.38129584201404	0.261912230544065
-0.211296276556319	0.136244629937161
-0.131728752945899	0.105557223633045
-0.120884098120474	0.0962758093055212
-0.144479921679958	0.0983028638916753
-1.1622491667286	0.650382168298281
-0.050860139732322	0.0221941618561735
-0.389357313370423	0.268135320679971
0.0234316078999266	0.0169704277745313
-0.565336311455147	0.546636378316607
0.263762379802313	0.245694749347543
0.691175833576777	0.953692607335827
0.190103790132649	0.156410275003883
-0.114775012882243	0.0910416144347029
0.181308996010861	0.118658165888986
0.557929535505176	0.641300921359401
-0.958618004086298	0.937928558704325
-0.919294850954465	1.10520126276829
-0.166083739829769	0.142195711304327
-0.151096646074116	0.10316464993157
0.285049458554144	0.231562528467794
-0.161094014046564	0.125156977237452
0.857713868301746	1.08110353036556
0.00633761050309421	0.00423075864415345
0.277253605273857	0.224332440123249
0.277828069593702	0.254510160416636
0.762493088831521	0.845730920049881
-0.999114672788209	1.19165213773484
0.497288819189819	0.445117990319836
-0.379708525339468	0.260555989442648
0.307998984019888	0.234383357967016
-0.489994930438257	0.367248076170528
-0.0355151037833227	0.0267146902642156
-0.0664968999262983	0.0487533893835785
0.0820376714733052	0.0557922120517559
1.04325819747402	0.993643536396103
-1.02194301820446	0.403479228390162
-0.620903335937371	0.151058535991718
0.827062362966711	0.347535018691045
-1.12825544522804	0.339732258677114
-1.50861948725752	0.534748868530857
-1.12669343566207	0.339109154533815
-0.620903335937371	0.151058535991718
-1.80127875869	0.380587746892248
-0.297406538062206	0.136335618125208
-0.385281987018696	0.265154242255746
-0.591535329492032	0.479682178299813
-0.697917419114548	0.663765899064784
-1.23685303202618	1.15003202390394
-0.54895620768523	0.495487046538763
-0.419639052025105	0.320633179903058
-0.61900900155384	0.552440270720934
-0.436986141756625	0.287964388087595
-0.881655503477078	0.813057355234706
0.617718711899022	0.470167213084027
-0.696479102190323	0.610997260563758
-0.0233325037139203	0.0149634348129281
-0.348374827648311	0.307451819092975
-0.380203097786187	0.359319380905687
-0.376809696004421	0.29546728483491
-0.546236971365646	0.492256074015765
-0.33016297720999	0.262924089309273
-0.136837954554064	0.0770711361798217
0.157033437577095	0.0531008682883192
0.153868695124602	0.0589460710470917
-0.477558838985696	0.249969915488164
-0.575032368512872	0.642422740747676
-0.479461668118017	0.407448994082977
-2.6083099753674	3.94392929060977
-0.156285315771829	0.121020660495554
-0.783928117335383	0.795262593499294
-0.105847059262217	0.0753053397127983
0.281606685748105	0.251460775854863
-0.785902035208186	0.905609579076543
0.707892339308588	0.713225837911279
0.186286458247652	0.138902517190249
0.201033046722845	0.175875896031592
0.543455725495857	0.552523455364385
-0.376193326841931	0.326548541421378
0.123438457764712	0.100170104808899
0.559907546599627	0.47013482928559
-0.237474241537809	0.175016479414509
0.803773168211565	0.871699868754965
-0.178454902923649	0.118630503865619
-0.99021425576036	1.1754778404918
-0.0267968503398349	0.0171492886293853
0.426867291870076	0.341109647792757
0.651692434572513	0.591173708969617
0.468362524107904	0.445665387028201
-0.206489258533341	0.173093576833661
0.720974669903697	0.813399081990122
-0.590580113660608	0.613888343998018
0.71041108036966	0.716803814286964
0.350623477260266	0.196517988829456
-1.51042707521765	0.53568486067596
0.152705092212536	0.0517022070713414
-3.45172595803352	1.22146685013561
-0.393344855894386	0.163591234545282
-0.338896474896558	0.0970421752101679
-0.601842481179404	0.288205637215096
-0.527353819542589	0.331969898160891
-0.282484659298381	0.204746189458648
0.0953480632511632	0.0699264005238623
-1.0916257448929	0.74709185998913
-0.58835712987882	0.476137479001973
-0.777410010457492	0.839860603568343
0.849736419477801	0.897321911973072
0.936903884983032	1.25243033226184
-0.701507298874331	0.668510936038851
-1.04669111838892	1.38155214079002
-0.379944970595944	0.298509485749302
0.00554877634172208	0.00371457546420914
0.6168548462914	0.842692358766602
-0.175417905715086	0.116413686582718
-0.432604544936041	0.37361580488113
-0.620106085647278	0.554098870581521
-0.540764041152327	0.485282900602105
-0.522777207619905	0.197556097300605
-0.147855067053498	0.100797288199917
0.491571348739244	0.438452488224977
0.389811340802934	0.333165060592755
0.901749536110851	1.22800804268809
0.744276807736656	1.00459130349086
-0.298946506395664	0.242583343532311
-1.28759901948533	1.74419067537489
-0.0819486744381505	0.0591673283198732
-0.0938165545103432	0.0663808920835041
-0.0321376707297635	0.0241460238831992
0.212593215281106	0.177251051003434
0.67351059639814	0.793990051953138
-0.29446887032797	0.23826036682002
0.656889800612353	0.597504819149994
0.0937560085047515	0.0640343509981069
-0.521194496461313	0.702598231587073
0.290286615129612	0.245042115412691
0.0006542392102752	0.000565074534501418
-0.841362411967549	1.01302705595579
-0.159275092659045	0.135691845836254
0.299016708989329	0.226497889492144
0.570971553964281	0.568161544009551
0.190362605123022	0.142261006687552
0.860790375804439	0.788290580394362
0.565581587271426	0.561250240695253
-0.273496098155852	0.19714194288636
-0.118344037775543	0.0940872728425422
0.928626824669496	1.04447860864073
-0.271207337600532	0.223722164018096
-0.0261466601921174	0.0167444782198604
-0.479232981955332	0.250930418735319
-0.333856458330646	0.0956917261764247
-0.0726242405841151	0.0522320456826843
-0.156309454131499	0.106952748161027
-0.651879164695188	0.452440334633919
-0.132015597510112	0.0742842729472051
-0.171627199667465	0.0915498378517782
-0.0256488967261935	0.0164319590293069
-0.521756394186541	0.512152286741729
-0.927039534795095	1.04906604330104
-0.654811377707751	0.717348751842688
-1.63524191162494	1.67731005765678
-0.72022919615381	0.787770249766681
-0.638730644903352	0.377802588899714
-0.0932459006626957	0.0370463112099603
-1.54933799947525	1.49430402029448
0.387802506160357	0.343853378084883
-0.263173559836062	0.239127887378371
0.3684464010326	0.334263412380286
-0.0892738099211194	0.0521864814805278
0.085469454280805	0.0724272190118996
0.26676471149445	0.228965027404527
-0.781963907994122	0.847558753215857
-0.850305511863177	0.971263102710285
0.701172852534795	0.615979817674811
-0.680314172984678	0.832511862309585
-0.220197156114876	0.166615172036356
0.395784063751595	0.339465690799029
0.93461851096605	1.05429902661066
-0.0806791789010864	0.0653021791282326
0.00834013901786425	0.00555695482211321
-0.332305525866273	0.264996293370561
-0.133400916270189	0.0902851032954956
-1.20411527018478	1.40480986555545
0.317079210134438	0.219531971768859
0.182381597951499	0.119424440572362
-0.576597115727134	0.562616297255634
-0.0682422169541453	0.0413719656033146
-0.30143266054473	0.266246569912519
-0.857212857075002	0.920136434235465
-0.090480594198582	0.0639142014484791
-0.0668563216993067	0.0405132741701356
-1.13124115308775	1.25137329405213
-0.645332273824235	0.446457478092644
-0.14562679518327	0.0521020681037095
-0.445957386884872	0.295151964304279
-1.92313648008729	1.88124978830208
-1.33376308680245	1.32876668598993
-0.393053741484244	0.222092176560273
-1.49139284515207	0.753878606824582
-0.171276243385449	0.091355086680746
-0.987279500280697	0.882414676052595
0.414823497401876	0.329379641529857
-0.522117752540456	0.432428806172213
-0.523697907218083	0.434061068490513
-0.781977278278788	0.516095938347485
-0.441389405919625	0.291613079501371
-0.287944537457714	0.209280434213873
0.300428090964702	0.227714226367304
0.00755515613052536	0.00504190245017846
-0.788200569756069	0.801471411172519
0.352443736906383	0.336447562716541
-0.340209521004028	0.298817025138509
0.0083257413141402	0.00592373626631058
0.420019266777733	0.334586982867801
-0.0980455776292347	0.0695279926961476
0.590832017481354	0.570830119731158
0.317806067383201	0.219910751282898
0.803347004992887	0.639935608866868
-0.473845029154402	0.401424397777307
0.666683497661351	0.476978878202007
-0.22179511519475	0.187772837562174
-0.0250846886760248	0.0160739247215589
0.762703179520271	0.845644849394896
-0.591535329492032	0.479682178299813
-0.283239817343152	0.205179754604373
-0.785447833271598	0.852890272683939
-0.420601778571903	0.360888933691244
0.0980843156244268	0.0720219928738109
-0.603552884915779	0.289300592205532
-0.243035607425782	0.17955125517323
0.317930821296433	0.220203691801885
-0.530363742753403	0.441028916570841
0.398020795460458	0.327916873643895
0.717136728747125	0.726349743473286
0.619678440294078	0.47193043522445
0.151538255863495	0.0513200105304366
-2.57447078703937	0.657780381714024
-0.184651094568068	0.0988555202509061
-0.625191995446008	0.152059991852936
-0.419779125803824	0.359978371193389
-0.376963111646848	0.295646104678771
0.10354040176845	0.0737056546517805
-0.261470769191797	0.163014796403357
-0.888582086565171	0.73601551970823
-0.326149781350847	0.230661378852842
-0.106064577852785	0.0754833117828088
-1.0275155249258	1.1554434248739
0.623718864584198	0.476119124852774
-0.577099215644736	0.420957350522203
1.7175413123302	2.62639315990326
-1.21605472551915	0.916699637547456
-0.383150585529467	0.263196425868181
-0.150100730211478	0.102445574011022
-0.219333639311144	0.165884938388216
-0.122336702026281	0.0851946968889367
-0.257389909726083	0.160341294422406
-0.265110089461554	0.165710677078727
-0.228300401261633	0.113883409091007
-0.171883661008586	0.113888294708453
-1.42223269122679	1.5085516591786
-0.520694577020904	0.430929875469779
0.366732830970216	0.33223181364161
-0.128208459837144	0.0895426566050566
0.182532599830946	0.145105672825153
0.794014242146294	0.856630899813088
0.00871532948503212	0.005809596024176
-0.692892444007694	0.607052827080901
0.191960988010298	0.138206962498013
0.551827008252572	0.461619709639439
-0.104394646471404	0.0742351909804793
0.850722497334007	0.899218877118045
0.446310590830455	0.322230790667407
0.0338862536879884	0.0186591079280186
-0.0186918321658449	0.0120395653173574
0.712401549754172	0.719696559862063
0.555724650479725	0.465820209565733
0.379055433187899	0.334267749655175
0.705814422425073	0.6214629184453
0.19006606313482	0.13670021672948
0.28647064329325	0.241337968432722
-0.567266675357286	0.412207704758834
0.30179715678669	0.228905281493481
-0.379843109131221	0.260383203614299
0.463726189193932	0.33759948848267
-0.30279121782313	0.24628340499023
0.718747614864483	0.809857320419684
-0.391538125599386	0.269895507876222
0.182424554250507	0.113153689928607
-0.215221304062718	0.0693199317381142
0.176818183184722	0.0443715906559113
0.16406119498827	0.079797908606724
-3.75718934185265	1.48017499214909
-1.507638227659	0.53431243522829
-0.315236745062908	0.301604470671726
-0.0832013010159865	0.060135510912393
-0.0846392253073555	0.0686910042382628
-0.102912430137155	0.0731243944255829
-0.0291185726207705	0.0186340105084571
-0.412220514920208	0.351734181390705
-0.0524672292300294	0.0327522534575321
1.99576299161119	2.37188849598298
-0.23375653817827	0.116618082529886
0.180861905032565	0.105103899664904
0.521159866423132	0.558466121396903
0.0496734147759186	0.0291492123816626
0.0547192999950477	0.0321018568541409
0.182829614818935	0.125510949186773
-0.780417444495198	0.731195149412534
-0.533187285796736	0.526969027711749
1.57138581545784	2.60025641416756
0.183721377990453	0.126193458980945
0.402559784474045	0.332751669320157
-0.283845758934243	0.20582520682116
0.19406189199174	0.139855575586393
-0.246440116397022	0.182570289881364
0.170964626907553	0.0990866095045189
0.532196819047093	0.190683131950839
0.805587405630215	0.642405614085724
-0.325596348825223	0.258610025487131
-0.930474531746126	1.05466829434351
0.454006987669283	0.443516153189202
0.192485715403345	0.167416441422891
-0.73657112820777	0.812430201174055
-0.277403153411644	0.247977808254603
0.386176208805818	0.329459068160145
-0.567228868447594	0.516860878383707
-0.38192899676674	0.300360992283639
-0.341403410396289	0.299950206596443
-0.727991106429792	0.887051663590968
0.878237970819684	1.37498164519488
0.419435391526558	0.334052515232084
0.188090661221723	0.135133139864235
0.0962811299797453	0.0683079949411986
-0.424031831985435	0.364416832893219
0.0482791916169184	0.0362585962074601
0.46009468405836	0.334546485148412
0.452939747657993	0.442061026663053
0.268186923068842	0.256874618389752
0.581818889784327	0.658813919816524
-0.849183899161133	0.969310803704708
-0.278977876499935	0.201560537244348
0.112252729997997	0.0904465398093839
-0.651657904228096	0.674444519105268
0.317942664709565	0.336256468219801
-0.174324966824355	0.115623340372095
0.300005059198672	0.236860339819751
-0.177653859815396	0.118048797931724
0.534470172870219	0.191495164180491
-0.340593087152544	0.0975352685660813
-1.97583070747863	1.37655669135624
0.152684671650055	0.0584811977102453
-1.13282069800183	0.341231258763963
-0.37690939596995	0.258242305535392
-0.379618884387755	0.330091406591999
-0.0888697260435459	0.0643901847047045
0.10112208478237	0.0692793204164596
-0.487777625073271	0.546045571829331
-0.565259127569767	0.410191187240558
-2.77453284156308	1.86820976809802
-0.551428228287582	0.498010196322502
-1.33009795803567	1.32109490529395
-0.00882236959808994	0.00578716093317157
0.895390860219144	0.914468252485702
-0.377420989236196	0.295841696283409
-0.184575699043617	0.123054933232483
0.0597841632812761	0.0476211642444492
-0.0131496925491452	0.00857754966993614
-0.620103509591135	0.554142329267503
0.539952905417422	0.547687142844603
0.207159511909124	0.186553393834776
0.396759536781366	0.34048227562814
-0.520512853640724	0.510766761218928
0.878493765376673	0.654542919140404
-0.77504017511656	0.661937976995319
0.322026824291177	0.209916422492157
0.0640104410529133	0.0396845491138779
0.392184862421165	0.177219357884339
0.656013449538728	0.596355633115922
-0.568882918071128	0.413651809221736
-1.06406367092534	1.33090012895825
-0.516488662646299	0.572940492544004
-0.0334721099467643	0.0251480827856659
-0.8372794166741	1.11355658580821
-0.653630387193463	0.677880813443555
0.433832996795652	0.44489536011643
0.0762380196714633	0.0496797513486101
0.142343666892953	0.119839317244845
-0.0420458322380621	0.0262339411924587
-0.0430712756170114	0.0268798448864955
-0.719979773949591	0.831186517815744
-0.834533594356688	1.05541766097938
-0.337554996858793	0.269920834843043
0.114576869731531	0.0875323216169836
-0.0774918510870074	0.055858882706548
-0.106994209872985	0.0761390912273649
-0.382418538395504	0.300835362303647
-0.452691407966853	0.475271895061337
-0.623423671271689	0.558052991674412
-0.315816748793052	0.302214573216534
0.93303335546382	1.05167107509182
-0.413483725551008	0.353274991388575
0.19110758860542	0.152677302083639
0.187569565942104	0.11655865380232
0.205255907535702	0.175333003612233
-0.41150028670269	0.414624318128051
-1.54593190830662	1.4898312745532
-0.429455371256824	0.329932809722968
2.12472174803683	1.48173822124073
0.174503749901052	0.0438676710334476
0.392851372688938	0.177366315467011
-0.768149146543914	0.333720628444705
-1.50884424560785	0.535043767502043
-1.81676990665961	0.736858778572184
-0.0466204379696069	0.0290929091968421
0.584677547251932	0.46948189264036
-0.0952938396783806	0.0674870086823664
-0.380330898316111	0.26104127137972
-0.439680427000772	0.290062099461237
-0.38477830082065	0.159944309995376
-0.658361967102109	0.45854198189789
0.903934742352717	0.927364241392196
-0.886107567585335	0.818608677980423
-1.18424318522572	1.21570087556807
0.301632007943513	0.218112592239992
-0.375908177789266	0.354365133462839
0.108125593930821	0.0823001167191823
-0.461248016279024	0.487254869198575
0.170019071499354	0.0984592797269197
-0.426294010884852	0.366789921735526
-0.12038664024282	0.095836376156503
-0.392522798802531	0.221791990954038
1.15073515329134	1.18548472080723
0.401056054384241	0.181609892721677
-0.65779172763586	0.457996206474623
0.758742130748354	0.64002963441918
-0.389860050857414	0.220141580663656
-1.02124296909823	1.14539128170779
-0.324764621005236	0.229513719097122
0.287536893947958	0.250132730879782
0.896430591815378	0.91647594814
0.285579616984995	0.214605739030603
0.405681638737436	0.335746419708637
-1.18832911402505	1.62348855495622
0.363380935455424	0.328389109750717
0.0916143493312005	0.0624994599213532
0.349470210563395	0.333031698882734
-0.674656579069185	0.785911633765539
-0.124197211377961	0.0697106690930314
0.390839792241494	0.320698595063077
-0.48334425551214	0.479957776041457
-0.0878579378250409	0.0636369779458054
0.4700758719075	0.448002670262073
0.197151009857729	0.136304745345874
0.10212578539115	0.0774760722355333
0.180488383038944	0.129100391566569
-0.872484119094266	0.874932343642457
-0.968286320110914	0.951845339180917
0.804714884444844	0.641435222255358
-0.119222657600194	0.082915351428772
0.412296968176507	0.342305338695791
-0.0595705495650546	0.0435786344033804
-0.852372122098332	0.912510571493768
0.373947347736361	0.340245768638969
-0.442386069490547	0.292104521752959
-0.338395647029448	0.0969382934539019
0.957461191854986	0.254126256439643
2.03393567781014	1.93181473676364
0.177247192199527	0.0444492499698682
0.163853552605343	0.0487595972376143
-0.610021055859431	0.292907265883802
-1.2335056589605	1.14529731987484
-0.911117591117021	0.663334690782967
-0.665224960776228	0.73328337918289
0.375094497621312	0.329945346312402
-0.0712391305102604	0.0431895386839531
-0.346841549416206	0.30581443780928
0.111146705090996	0.0871566677220157
0.871839597690688	1.10766849295188
-0.380511097834543	0.261030203258423
-0.994948067193586	0.892377628411945
-0.558450075831203	0.403807580815709
0.185526552559559	0.115100407967206
-0.209769486986181	0.157824285549385
0.984890313226372	1.07800342578811
-0.0281469009824714	0.0180095570160431
-0.555813153474256	0.503600612234544
-0.219444368724465	0.14205019182985
0.559068679167825	0.46938425503732
-0.117068041815967	0.0813249516135813
-0.851497511326986	0.911116025017849
0.0502046771556379	0.0365947991003942
-0.972165067824398	0.957332511420278
-0.0385381158690353	0.0240523583308455
-2.02932361955372	2.69977344876374
-0.130467359796545	0.0733687298281816
0.179221215572305	0.104155280865034
0.748694202922088	0.629153743911238
0.17100322027505	0.0916616160263411
-0.216738349360231	0.140124163647864
-0.0403904133596093	0.0258512317125133
1.11506849967598	1.62057143610364
-0.370367083572247	0.320197550142256
0.751564201894217	0.737436764637437
-0.368393931454447	0.318072275166498
0.0258925792681658	0.0180681945395727
0.00316042547509842	0.00214633104492879
0.194079282183368	0.145311706976894
-0.120324948759649	0.0836832254553865
0.593014617571605	0.478033282058682
-0.542839840587125	0.567835653358363
0.720914378182785	0.917166747120038
-1.42068938437501	1.72010933023051
-0.330162031570539	0.262993453932166
0.0848044224446242	0.0577185996192301
-1.02867331656764	1.15748478166356
0.071720140329388	0.0466815101598894
0.19449152943958	0.145660219264867
-1.29154968464705	1.75344516076041
0.288421439675647	0.234971128150361
-0.613325681501092	0.545955174782719
-0.136943996005706	0.107577115852309
-1.34158257773178	1.53961066622204
0.310349697783022	0.225592915034739
0.554408198059568	0.464092197634567
-0.144223641450019	0.11378068986918
-0.94161817788056	1.07304462165763
-0.614655800448882	0.547730063336828
-0.443008884136908	0.292908392874805
-1.0275611383961	0.406046323242829
0.972998676557717	0.666281114625593
1.32670292523954	0.578086333025382
0.152362963176244	0.0583559062318995
2.56389324464905	1.4195489615128
-0.621333103088639	0.151104040920032
-0.686831079848459	0.599829939283878
-0.982236554516825	0.875164470576155
-0.655540950792066	0.680440274733554
-0.649016302303081	0.384878111252938
-0.0745881660317278	0.0452519249541988
1.35844366726816	1.44524129185513
-0.637337671242464	0.37647389181405
-0.98603472542929	0.880524240657981
-0.844511002796796	1.01881562504758
-0.931702478440226	0.980977743371758
0.305325125158267	0.23200043912557
0.607985826014694	0.318883171799779
-0.211079467435704	0.136186559234938
-0.780385468908894	0.424224041950805
-1.24120374912657	1.1558762628932
-0.39211458877693	0.221723595039953
-0.299174324097059	0.242857404067612
-0.0835112297824415	0.0603634804519822
0.039008654056377	0.0283056175522488
-0.283680302835177	0.205708085524893
-0.568665259662866	0.41314988324505
-0.249019246612848	0.184740018077909
-0.780550306702027	0.668075818326238
-1.21939269432172	0.920762225480103
-0.156962175911668	0.107464725853561
-0.181932392556097	0.139028686825874
-0.394684878633084	0.223119552082884
-0.539283035839086	0.341266740551271
-0.487037798807072	0.364327249412992
-1.42430723383709	1.51242079741577
0.794484964921709	0.629593507027483
0.0612606761077938	0.0379679391267103
-0.661465102047632	0.461316720802109
1.62256066480388	1.13760123767776
-0.0789541696264718	0.0479536687593456
-0.153064919840246	0.104606719583833
-0.163080473157298	0.126807364292157
-0.655219690988206	0.679956752718219
0.300902337910698	0.217565266347123
-0.140094622298899	0.0951153316206807
-1.21104126447952	0.912007058495645
-0.283845758934243	0.20582520682116
0.620874430796743	0.47319184451905
0.283915628059125	0.222135729182057
-0.656264381158671	0.456636873784765
-1.16467809855965	1.44576642525711
-0.322850488582829	0.227972920749032
-0.262939139744326	0.164223142789837
-0.0735140586762797	0.044604163919167
0.753206847558447	0.633330705274315
0.199801563143684	0.144355275530369
-0.66471244276059	0.732482446339948
0.0520618386585117	0.0305617817644573
0.277485489405561	0.232404163792962
-0.414234477920015	0.353950054992106
0.188099062421579	0.123548652396089
0.521911851467749	0.559448910891857
-0.780881462745867	0.66873240906648
-0.781654237429825	0.791922090232511
-0.876998473534353	0.806849706459883
-0.38242536433802	0.300768104039708
0.297170395886025	0.23432037615543
0.191402627257861	0.148158913703455
-0.644659773827227	0.665078634166685
-0.390933307812052	0.220997449831672
-1.50922180218546	0.535188573690381
-0.782176793896578	0.515560204887185
-0.052552523759718	0.0229083052751093
-1.81431164447288	0.735547468758957
-0.61946410648704	0.150698865008898
-1.96500282132484	2.50588549013462
-0.448552663734519	0.297047935208324
-0.775355999423788	0.420989072250031
-0.9491624613071	0.583175688560343
-0.0676456795083208	0.0410009249413694
-0.00533413411610163	0.00356315409427995
0.00817031336442029	0.0054370079977973
-0.47842147007962	0.250691518006124
-0.238315691095697	0.175757227053588
-1.72204938703277	1.87628598730274
-1.59440962663659	1.22490734479652
-0.545460489277509	0.571371536770335
-0.203878665848042	0.131028287079763
0.330289548774401	0.229978763125465
-0.0577031714060844	0.0349323290641223
-0.334582738316874	0.267208448411356
-0.487284864805486	0.364580966961831
-2.52843404487553	2.63143954154975
0.555045790175179	0.323877780983197
-0.783606513176465	0.426851589436857
-0.52479466440698	0.330030336053037
0.529195429723094	0.460741872784666
0.906221476980774	0.4898154096859
-0.256363871451703	0.159633670538547
-0.0888765435808338	0.0353365638161617
-0.250017658380878	0.155231477477777
0.0387993532325584	0.0213142730085289
0.305783220439304	0.221727929284382
0.554816427221536	0.464576692021856
-0.871387371723552	0.799530913315637
0.113791762508102	0.0868875790009361
0.519758557857419	0.450016158691893
1.96014803999621	2.72345292510126
-0.0205416587485533	0.00961989607560105
-0.442919914988594	0.292800480420911
0.174983610803911	0.0938242557047751
-0.474970642700882	0.402609107331955
0.665964636761945	0.47700770057922
-0.164275721496648	0.0874567726889472
-0.48168656642972	0.252305059385668
-0.635701060623937	0.375066578874794
-0.374697949934171	0.256408168164743
-0.42685130001219	0.327502976084243
-0.490493234395275	0.367624550279538
0.460408652234854	0.334863833013956
-0.210360981781493	0.158285375961574
-0.387528043746625	0.218699584947064
-0.0125202948618338	0.00594740981427278
0.665624031053683	0.476667077270042
-0.326990775720875	0.231329209018993
-1.03567585816324	0.826628643837352
-0.483717870128812	0.361417100675827
-0.688982374942012	0.6517903490573
-0.389647404243448	0.220093694876247
-0.00776731922322383	0.0038329459878716
-0.0108088889367836	0.00520833881491302
-0.252567161000617	0.187731099428228
-0.530959929682127	0.335027541219012
-0.108888442959173	0.0775982549554213
-0.665401417763243	0.464662871101046
-0.513265508496353	0.193649815889796
-0.617491939447093	0.150288713008559
-1.83769915979352	1.15950190519343
-0.482162807865697	0.253017954371916
-0.913267336044267	0.666618700575534
-1.32089291246045	0.826600884159341
-0.0903755802964365	0.0359380409501504
-0.523847973197607	0.197922354572038
-0.390894601125623	0.162597023688012
-1.02413161923323	0.814434246757004
-1.28304885582667	0.577697102313377
-1.27840133122234	0.575024543685974
-0.563233594621122	0.408453249952826
-0.563867189586098	0.409119994318452
-1.41685588980015	1.71402238686994
0.171511442923755	0.0920100215410529
-0.319250518046621	0.225008572504126
0.166123034703911	0.0889353783575992
-0.226251670734863	0.0728046955115856
-1.02050258479106	0.402614988151568
-0.778260477489684	0.423050092484816
-0.23162914825964	0.11555680789247
-0.771455721138399	0.335142375900149
0.699914980996319	0.328077836741601
0.168260171775869	0.0901491901964934
-0.765393886375822	0.332069371790106
0.521993434713534	0.186738203755917
-0.6436822366453	0.380989735358482
-0.618406261377596	0.552024311576702
1.03969492284573	1.43180384164883
-0.714396178217513	0.778982200623342
0.0519315361729762	0.0304543632670542
-0.485927392261295	0.255059954234754
-0.00621962773951293	0.00313342166285404
0.158163268458023	0.0471349639719474
-1.15628795615165	0.645853318378977
-2.78017940437553	1.87671015976049
-0.475116592694442	0.248401737294023
1.33268267273416	0.581267457492734
-0.238699154683553	0.119428098790308
-0.52770386685315	0.332259226677499
0.53471313464826	0.191636123836102
-0.13631789924889	0.0488475380791674
-0.645058504408881	0.381891475955658
-2.22405642196587	1.86039191812616
-0.402346824971287	0.167929990369009
-0.222876920203916	0.0717168348737093
-0.396231405174348	0.165050944203962
-0.0129371626602858	0.0061720766948257
-0.516748730928915	0.194980159188936
-1.02109432881299	0.402930914701451
-0.213293977179729	0.0687362131681472
0.153267904345544	0.0519012670754554
0.908060419800876	0.4917305825441
-0.263860923104002	0.16476168531958
-0.123324695749423	0.0692107885428131
-0.615178874439387	0.548252247503164
-1.50824112923963	0.534752090600511
0.16190498991222	0.0302625824147867
1.04488949167403	0.395085051250541
-0.765393886375822	0.332069371790106
-0.603245706389717	0.289181550353483
1.04360842637382	0.394608583742794
0.173940988172143	0.0437550114519682
-0.336952847519868	0.096512855057735
-0.220364044448608	0.0709420855610054
-3.46203039962393	1.22659715101116
0.153267904345544	0.0519012670754554
-0.210332141713128	0.158255286761762
-0.782755521357595	0.426477457149855
-0.1446627598823	0.051733083076893
0.180709566490231	0.0452024551059557
-2.07512110207779	0.943026019639929
1.04246313957759	0.393996072509476
1.33148644921435	0.580580180008122
-1.12435877083653	0.338493350823416
-0.620903335937371	0.151058535991718
1.57300066070252	0.779753450272878
-1.12837428626612	0.339637586745731
0.448139282739181	0.17987733027357
0.675591354383564	0.213968352567141
-4.21435346342345	1.96931340774004
1.82806846311762	0.714181490452948
-0.871670025653135	0.941823534537924
0.029077673056342	0.0280013367483585
0.311233119025917	0.226341266630672
-0.232600579161865	0.116236906503983
0.531358567637365	0.190353154457246
-1.26863293361844	0.569140007440593
-1.48582494700747	0.74955405412154
0.148481745065497	0.0569191251664558
-3.75288411079685	1.47718399320021
0.959294652844364	0.254663957360155
-0.518225727777109	0.195715971680491
1.33435126799908	0.58211833296484
0.955450516302873	0.253599562429476
0.369241464694256	0.187040179092285
-3.07707720857862	0.956361112132394
1.4655515469736	0.485738470948645
-0.718081625995024	0.245384533690959
-1.12825544522804	0.339732258677114
-1.27810576280468	0.574554682132775
0.828185454384309	0.347969212421182
-0.71869462645605	0.245625159522256
0.158163268458023	0.0471349639719474
2.56550634810569	1.42179042251005
2.76095211479574	0.768066673537379
2.12175361138722	0.947733160087778
-0.47922157463864	0.251110603171196
-0.270196566878681	0.222779645387488
-0.617920150151143	0.551557090871021
-0.231369824436846	0.0744237951754463
-0.620903335937371	0.151058535991718
0.148051580974635	0.0501853650280616
-0.0983094882699554	0.0389944655091387
1.57778417402392	0.783272898824577
0.174503749901052	0.0438676710334476
-1.81078809873904	0.73326164335473
0.679297187320958	0.21511425797511
0.676558588301015	0.214207370803977
1.05031467395732	0.39726116208472
0.159071171997297	0.0537517767346784
0.331679012863652	0.217301319704565
-0.859433164905125	1.38002572667257
-0.302027309342575	0.138536807446133
1.04422575936648	0.394740889448914
1.83223894779093	0.716336716062103
0.178378460373537	0.04470234426639
1.46265753359042	0.48460907431551
0.533870485766569	0.191241233041242
0.146429133741603	0.0496415217502971
0.956455214607419	0.253949648163622
0.159042375477486	0.0473891494040675
1.57778417402392	0.783272898824577
-0.333247970373579	0.0954969729659714
-0.0558725660185328	0.0243241185740513
0.187252420927141	0.134494101498081
-0.641643155914332	1.02684681435216
-0.150732008173248	0.102891346766392
2.56094361668299	1.41710945477784
-0.620903335937371	0.151058535991718
0.163216121532018	0.0485245766457704
-1.12725353624624	0.339405023147411
0.146541284673948	0.0561598479354904
0.674491966739474	0.213488272769245
-0.343432234206214	0.0982903961052269
0.952729371406254	0.252945498225285
-0.719585944508868	0.245867637672296
4.176174739854	2.00138224703287
0.448524252970948	0.179929065158735
1.04665020030324	0.395956904990197
-0.591767631686676	0.282762912463471
-0.337559379634888	0.0966770330278957
1.07604370220645	0.520868442064833
1.58317753586	0.786338096586552
-3.75779539313074	1.48038803127513
0.528236092469745	0.189119596677675
1.83045100463037	0.715045718111181
0.675232747867266	0.213789953820415
1.46109938210879	0.484014060767982
2.36519179042752	1.18155565800586
0.727532156832553	0.483234965833994
2.75805496536761	0.766752929661107
-0.388813448908331	0.267807340019579
-0.0723505120307085	0.0704782235050477
-0.670840815831253	0.779801584152974
-0.665102606469126	0.464042425278584
-0.127600988277551	0.102010519310359
-0.162324181756334	0.126125091733612
-0.601763080792599	0.288011404198071
-0.513824129140511	0.193894300368019
-0.0130955633245231	0.00624561726341397
1.08924527349959	0.671647091117224
0.808678880506518	0.770596737433371
0.821612971150663	0.344902213197152
0.968473686235734	0.66182075637731
-1.51433726696095	0.537497293520418
1.27527444013123	0.701986201756967
-1.59478735505355	1.22532914124724
-1.32645742442707	0.832681599070647
0.302116326498843	0.229031131891442
-0.778685596548827	0.423343746828921
1.10495961992304	0.842020739973268
-2.06662558891107	0.937689367177516
0.90311829915453	0.488154676737711
1.78063354978476	0.993296679052948
-0.150672520049737	0.0538933926879854
0.155633462099864	0.0526590412092563
-0.767258704524236	0.332989408243179
-0.717804035722151	0.245206559878684
0.610456767440241	0.32067748845003
1.33710585560825	0.583558054446079
-0.884785831537581	0.732688603067674
-0.688555238816171	0.601953859818357
-0.211788935513533	0.13668393486241
-0.00829504701367515	0.00407185166479471
0.968088739569359	0.661458591547165
-0.480531219331075	0.25144394649118
0.168643431884911	0.0902934761671132
-0.725635056863387	0.248108846658688
0.158133822743499	0.0687327283604627
-0.333856458330646	0.0956917261764247
-4.01136977291368	1.73314014358053
-0.396718666437249	0.165283623451939
-0.60157346701512	0.288453408888993
-1.81889213386485	0.738000902901671
1.07573610612735	0.52059102643792
-0.0971532967278819	0.0385602144556608
-0.782641208785082	0.598865608965458
-1.81139863683783	0.733838743939283
-0.00920578452876072	0.00446450904235205
1.96068369604836	1.2246046386294
0.160181680996089	0.0476913583633166
4.38901838976633	2.2793024487569
0.406702457418208	0.1843038860664
-1.48612101543646	0.74933813457945
1.77957189186742	0.991139397305451
-4.22058211144075	1.97536904202371
0.348550541471988	0.195587740176013
0.159092725750333	0.0772618048323751
0.966664606450322	0.958387645383185
-0.0815569185526072	0.0588874419318859
-0.363060271006153	0.339207187757415
-0.0994605203727792	0.070562324223563
1.41293769039178	1.76012210381022
-0.0538925007907172	0.0234805531532584
-0.400255662829213	0.166937320902113
0.157538316078308	0.0683676992847985
-0.303608917174222	0.139431875760049
-0.76983380610862	0.334488933532153
-0.490299547540695	0.367481759097614
0.179549512158285	0.104361714151369
-0.97219875331747	0.479709318224813
-1.02612472596118	0.405418891515416
-0.64379594980138	0.381051956690908
-0.51438298636481	0.194118813219938
-0.305656735393716	0.140394196323334
-1.16482839508746	0.652409639803802
-0.657169952496071	0.457242711928994
-0.912401075325605	0.665193022827903
0.670902524807816	0.481152820203282
-0.782450985410613	0.42565310658751
1.40753753754692	1.096534152218
1.24994269493382	1.05960568544742
1.06267301350124	0.512698089145544
-0.0524999145766508	0.022888116622185
0.157346443872291	0.0763726605015808
0.606302368539194	0.317845901462891
-0.778450174615603	0.423639169240192
0.790945587293626	0.475415615932459
-1.0938140842359	1.05344601057709
-0.873083275314233	0.80173638017143
0.150960388573741	0.0578814141488162
-0.175988496231683	0.0940100969907271
-0.484249064737132	0.254052854966018
0.558166067279969	0.325727792984765
0.163186303324289	0.0793626468246789
0.359932740600348	0.202772619751734
0.613695349492364	0.322431107704122
0.516284809731176	0.329751265234711
-1.07956464469967	0.735026528845023
-1.97510933030957	1.37322155053487
-0.214718877792028	0.0691893974176591
-0.395947818350235	0.224207885401382
0.019576552059925	0.00987560219303383
-0.489675768742401	0.257399703519462
0.368367107355622	0.186847173098051
0.159509576375733	0.0775315991492811
-0.0926618573180851	0.036786603271242
-0.0550324685823145	0.0239696353706819
0.337439535980054	0.205944692652101
1.08752325013894	0.668841623487822
0.372087564472877	0.188738495665529
0.48895683999721	0.336061407800722
-0.182924698773355	0.121864333193236
0.559177886716864	0.573565182249264
-0.125128386913215	0.0702783739662455
-0.971803476863198	0.857315511599368
-0.289437129591192	0.210514565666841
0.154259994847726	0.0748895715990439
-0.485120361185727	0.254559466818063
-0.338530582329419	0.0969729638077002
-0.313740394490756	0.144467462692719
-0.098229243253211	0.0389536242061114
-0.384294569533419	0.159737126640957
-0.638931888516203	0.377166566383275
-0.399394108358944	0.226367200655633
0.560598646933126	0.32749890568192
1.46536965720445	0.917392796294155
0.796800772953907	0.479323162469486
0.526151523277585	0.337305857163472
-1.51275234377164	0.536645405278396
0.44327215414316	0.17771447008811
-0.216409245079586	0.0696890647462961
-0.231461424945584	0.115651730019217
-0.0351187810910284	0.022461420649879
-0.319805102913113	0.22538538654116
-1.48595206574132	0.749739951305581
0.491864344731222	0.338720672851228
-1.08781493319912	0.742907546262198
1.08716456881489	0.66952541734197
0.0743129757174761	0.0461384598071578
-1.47083519767681	1.02613728034131
1.04272737841263	0.394268038065867
-0.789290809811463	0.43084717024469
-0.656041375323338	0.455627217697649
-0.935723260579232	0.571769582639871
-1.03533871019962	0.826234941127152
-0.396390830144092	0.165162480209876
-0.773456732732095	0.508382068363397
-0.0253079664378708	0.0117848858803564
0.692420083962482	0.32414977594069
1.253394880266	0.87264767906541
-0.946237392148626	0.580983147534171
1.95612073237618	1.21914618632052
-1.6623209308986	0.935647609505403
-0.774985908010098	0.590957873189679
0.158457848970258	0.0606955756494984
0.660421273969455	0.472014910518388
0.821612971150663	0.344902213197152
-0.776829735976608	0.592323511584126
0.674624067917918	0.213658555919133
-0.395904040590257	0.164946089819945
-0.0516901303743967	0.0225572157683928
-1.24277301207705	1.15813530578318
-0.22840457785912	0.1139073660325
-0.458179689643959	0.461734140407256
-0.380760457497102	0.261413378643269
-1.15576692816741	0.645139356537943
0.402109168896324	0.181999818671949
0.330159743275206	0.216160955468017
-0.144130572505779	0.0813367166710239
0.172808916036082	0.0841478213721418
-0.391710846289378	0.162959857875505
-0.343432234206214	0.0982903961052269
0.450961924488652	0.181018370719246
0.534117853643867	0.191343177429969
-1.46199920393908	1.01780885778023
-0.23190075414511	0.11586214692898
-0.386452086415149	0.265921619901743
-0.0550033730412448	0.0239541220664721
-0.0129109393740119	0.00614568879390797
-0.761329093119882	0.330039919631922
-0.392278057175622	0.163402162916292
-0.516188497981474	0.194754919907515
-0.392291402431886	0.221813512537514
-0.39385565835804	0.222588213926954
-0.641168464202639	0.378405111811038
-0.488314244444659	0.365730564611978
-0.179060530724156	0.119068870791982
1.14203383549018	1.03714356068142
-0.688167609466036	0.600866036595705
-1.21605472551915	0.916699637547456
-0.302445528290689	0.138752218524232
1.78254817098685	0.994119192463289
-0.298589475987375	0.137055967025704
0.157731766097472	0.0765550396029227
0.551380599846145	0.321386387407782
0.184318858722321	0.10720415991768
0.164562486338187	0.0799273114938437
-1.83620127357587	1.15679653132412
0.402194953690068	0.182009168056006
-1.32268524697251	0.829749141493256
-0.930137931141161	1.05437523211178
-0.533862058445608	0.336979188010933
-0.0152445090798637	0.00722037903301114
-0.391548460852062	0.162837516757791
-1.43587095475962	1.27947388787907
-1.08793436085428	0.743330213644817
0.608775215400024	0.319561601660566
0.700569921970852	0.615260891358042
-0.132923970043217	0.0748113840280579
-0.127680928142319	0.0717162706733645
1.13507492940622	1.02662771742739
-0.522777207619905	0.197556097300605
0.806897147302689	0.643054018678829
0.823078351695812	0.34550391355806
1.14936123451175	1.18364463118069
-0.315892342064545	0.188592411660462
0.124887866917755	0.101415716935042
0.0185426562942998	0.0129509423996745
0.170686057279547	0.091357386006332
-0.234143120674412	0.116824726202677
-0.369948923686981	0.288999437957475
-1.26215292634952	1.37181672926283
-0.782137866802663	0.598901316696572
-1.31864056562033	0.825754916607602
-0.517006318957255	0.195147442742932
-0.776656272147858	0.33800925933365
0.963304579866063	0.657264668647678
-0.517006318957255	0.195147442742932
-0.662801532863198	0.462631748205614
-1.14353834586633	0.991666570995101
-0.227919788722022	0.113753309107311
-0.0901572984024879	0.0358301194091173
-1.491295051315	0.753754014189643
-0.60574529374761	0.29060491643883
-0.0259045310346263	0.0120430202930568
-0.477092975017433	0.249695453759264
-0.297111437534474	0.240918530101167
0.470913319143498	0.44901724005042
-0.379112839514844	0.358098556874398
-0.569719652776957	0.414244635116596
-0.648131955059231	0.384320016897619
-0.315554708356837	0.188345387502161
-0.0550324685823145	0.0239696353706819
-1.02359505626631	0.404284816719155
-0.777475278049368	0.593607004044965
-1.1630859389665	0.651236557013698
0.168844809238948	0.082139032312965
-0.531737196260207	0.335595649144849
-0.782706243707178	0.516736752491423
0.672988838409118	0.48320274601923
-0.377200720170853	0.295892821213914
-0.590192164249834	0.613366317711307
-0.22030254527267	0.142670650785947
-0.602405585708623	0.28879386283196
-0.184428947445256	0.098751430664251
-0.986636507581472	0.880909917354527
0.804544414331628	0.486458349462499
0.151787472514646	0.0514129164609266
0.369555877118496	0.187275530580153
-0.485876801992286	0.255229975144869
-0.780181140801061	0.513671746431001
0.717788557869339	0.474687948449073
-0.0513296374775471	0.0223941388722443
0.558249329010355	0.326210054550013
-0.127332129877164	0.0715192756860501
-0.776411352977532	0.591838063749608
0.326624964040511	0.213226426670703
0.490923380169117	0.456029347592844
-0.709755717962903	0.678923882996539
-0.427568104150843	0.328206164916413
0.870225830113126	0.646286517295841
-0.471475211724194	0.399006405573636
0.0344327032382312	0.0189695818747047
-1.14393984026323	0.992231444211324
-0.337924641037297	0.0968088152153293
-0.212107996589827	0.0683682958385105
-0.784945343412823	0.518797970278624
0.447719113317435	0.179573027507233
-1.17169812731172	0.657878005808326
-1.51103003363439	0.535749564246176
-0.297744597179829	0.136645404593624
0.0152226635662479	0.00773710441943829
1.06540289518417	0.514719544781792
0.173940988172143	0.0437550114519682
-2.29030667207249	1.15629650854278
-1.48582494700747	0.74955405412154
-0.563368705859914	0.40820955243873
0.0280412907985067	0.0273864907118042
-0.425018081144381	0.626147702580972
0.32035367613487	0.222184652174141
-0.480489231965723	0.252035616642235
-0.483072239021084	0.252933157456111
-0.714143223212392	0.243889779741797
-1.50884424560785	0.535043767502043
2.11303049784645	0.942168146660762
0.172643132163515	0.0434132410698589
-2.57447078703937	0.657780381714024
1.58457101208408	0.787660904429519
0.116472159394979	0.0941115837002766
-1.50634046210702	0.533909618105069
-0.945742908267119	0.580297100500899
0.152684671650055	0.0584811977102453
1.46398903776532	0.484992681122713
-1.12781381973937	0.339579374120096
1.46166504880046	0.484245680586438
1.04122776355439	0.393435934346114
-1.12769593434811	0.339436368028373
0.674624067917918	0.213658555919133
-0.339136742629042	0.0971078731889835
2.74086672272121	1.67230979887789
-0.0244093031506515	0.0113740219434114
-0.425963120961907	0.326702057714011
0.167771840922673	0.184488255099956
0.00344235625183247	0.00316431532299037
0.128025946016197	0.104187499718824
-0.232941460363702	0.241900728698253
-0.534986329649414	0.600498351735173
-0.369580828712427	0.346890615527795
-0.484176736646407	0.595943716862102
-1.72195477418139	1.45103414864519
-0.0451359131910359	0.0281493018184981
-0.296828523681127	0.216522387477049
-0.147300746402465	0.0527113449271204
0.0427839960711174	0.0320591568738888
-0.442040542519201	0.292119338130662
-0.260676630764845	0.162624348194912
-1.50884424560785	0.535043767502043
-0.392522798802531	0.221791990954038
-0.148866463966334	0.0532149807379995
-0.619895187822925	0.150839789138775
-0.0438103398241611	0.0192225964013866
-1.0213509823134	0.403162852904808
-1.02279263404674	0.40371590748429
-1.81766723004699	0.737367259253776
-0.948206919390688	0.58254081894533
-1.59097257759051	1.22026199160243
-1.48278493948057	0.747432336001216
0.0240254403870677	0.0219721817457604
-0.271486369121841	0.386681102074391
-0.19012556948814	0.127022919249763
-0.787427779045853	0.52066851069369
-0.579294713170652	0.677669914069935
-1.50573496603534	0.533703959061235
-1.13182284417153	0.340904867919198
-1.13698868821346	0.342607629634493
-1.1669781673122	0.654360023071921
-2.57821111666453	0.659475059970799
-0.337924641037297	0.0968088152153293
-2.57447078703937	0.657780381714024
0.15823182603157	0.0297179405544109
-3.46580842356305	1.22825717177034
0.955450516302873	0.253599562429476
-0.296994554179138	0.136182501478573
-0.719000247970094	0.785736742290557
-0.417328890013852	0.357392715928148
-1.01941107455962	0.402225234221499
-0.154363554761836	0.0551692242474553
3.26835783601252	1.12163011968705
1.46498308680977	0.485505347800691
-0.617055950695462	0.150241664375452
0.152346609586538	0.0515961830574703
0.674143348272808	0.213431626689393
-3.4565767152091	1.22430361707387
-0.221443869104186	0.0712956025102242
-0.338896474896558	0.0970421752101679
-3.4565767152091	1.22430361707387
1.28065215080374	0.706585249017493
0.152905507940101	0.0517666814526333
-1.0831841911733	0.738120446442392
-0.114658538639022	0.11400708965358
0.354351212402497	0.455748761594713
-0.130687546641705	0.102273881385003
0.1124136693019	0.110952398867473
-0.864667864160913	0.931437316696609
-0.239727644652792	0.199873339005064
-0.8755895288711	1.2594323762254
-0.304729143422127	0.28916831093311
0.296519122501568	0.224291845323596
-0.0113394244035355	0.00740638059088747
0.00957744116293325	0.00494985747778918
0.274391093249598	0.263935098420802
0.0181373817271154	0.0131827398343365
-0.203376316561477	0.170119217616252
0.0790058562257708	0.0515007384986204
-0.5915074439557	0.479994091915895
-1.50922180218546	0.535188573690381
-0.759407931047399	0.329038073422164
-0.171296678965047	0.0914008732801095
-1.16910298719689	0.65553425202208
0.173378039987466	0.0436162262322836
-1.12937501458112	0.339964434622374
-1.22923506420424	0.931683955947219
-1.49077274586718	0.75343807840734
-1.13282069800183	0.341231258763963
-1.2697474090826	0.569761376584144
-0.0885029937124332	0.0351965326396043
-0.526746323275385	0.713124890024516
0.165723219155605	0.179218518452253
-0.052962153679929	0.0230952520302929
-0.723495739913315	0.247436366504984
-0.719307886400812	0.245829792820617
-0.621333103088639	0.151104040920032
-1.27320878623511	0.571826806588651
2.76197196120423	0.768541369225187
1.82206476718304	0.710880320176219
0.158426007238141	0.0472279903538101
0.676200627845659	0.214099921395796
3.26732978575294	1.1211772426211
-0.154334201471729	0.119390776859483
0.0866019179725893	0.0889502750387112
-0.340376252007757	0.272691301156208
-0.517668923750522	0.195479102918633
0.177812920485068	0.0445891130396879
-3.45601360105774	1.22364277502153
-0.337924641037297	0.0968088152153293
-1.12769593434811	0.339436368028373
2.35723904585872	1.17582872753309
0.168774858509076	0.0425819447497206
1.46308301616168	0.484563679444736
2.75704467106166	0.766025498669684
3.26835783601252	1.12163011968705
0.161460812920862	0.048044569646078
-0.625191995446008	0.152059991852936
0.525974790890797	0.188312313683146
0.956455214607419	0.253949648163622
0.158379638686509	0.0535717951029833
1.04577073722875	0.395582052714565
0.159304296973707	0.0474668185471716
-1.15956766016191	0.647955350185084
-0.306869856760295	0.18245278708848
-0.212240013003435	0.224567267769825
0.472396257304262	0.678111171132753
-1.19211205038675	1.75627587224155
-0.298355381632261	0.30669205803531
-0.528130640884195	0.546815697210219
-0.346517789732478	0.305520158038172
-1.26529890959956	1.37626637992081
0.340765214717117	0.208295528022915
-0.558564993263669	0.506544817506828
-0.59974065385025	0.626643813244706
-0.00835961695080527	0.00549476126687593
-0.132187368465625	0.0743454328279497
0.11640227426719	0.0915771098701719
-0.177804677051676	0.0950564095554645
-0.102037073221623	0.0724362252695713
-0.659570871605711	0.724923987048997
-0.215460911012905	0.162621975748219
-1.02179711878735	0.811120210622401
-0.600741526398751	0.288017415152083
-0.391710846289378	0.162959857875505
-0.0664471881864465	0.0402643219220686
0.179115974894508	0.103951785263043
0.157007711765635	0.053125881526133
-1.98046740045185	1.38034974463759
-0.0580140617270417	0.0252291360318496
-0.0403098219023421	0.0298708906808813
-0.133698883912309	0.0752644840319275
0.123169733742073	0.126595877981473
-0.54894899805217	0.738750213797367
-0.655780468584391	0.455847852115873
-0.427427285023506	0.453277729851917
-0.48093568950134	0.251776096804902
-0.719307886400812	0.245829792820617
-1.51887413840601	0.539249413623567
-0.765629046912383	0.332075518658435
0.67498185747701	0.213690207850534
0.899203728590658	0.485523847913528
-1.02730920175823	0.406112820022134
-0.617055950695462	0.150241664375452
0.158379638686509	0.0535717951029833
0.533034126671957	0.190984669183042
0.607435165084011	0.318089154790257
0.530781957794265	0.554192351080505
-0.256576537196069	0.271309049375446
-0.119000180215132	0.0946234558999485
-0.283680302835177	0.205708085524893
-0.76214123352966	0.33051798936009
1.46170687071931	0.913769063329519
0.370333565869738	0.187943559816992
-0.388736224375841	0.161629538463079
-0.620473624670499	0.150917804175241
0.533034126671957	0.190984669183042
-0.768600903140109	0.333471229701577
-0.772504008904122	0.335703249013588
-1.02050258479106	0.402614988151568
-0.0200133891587307	0.00937774117018858
1.08020225566075	0.66355666143417
-0.522217673493657	0.197342207603961
0.822832332666427	0.345345001072504
-1.27403485633299	0.572049719008217
-0.969380343858806	0.47791803134303
-1.1346621579062	0.341879141695852
0.679655237519559	0.215244174521264
-0.0516887475647681	0.0225437629251332
0.165430145164736	0.0718245411160978
0.967001519887891	0.661203557897524
-0.451834228566722	0.299953060632369
0.193885373449332	0.168738462934164
-0.566983169338572	0.703645998025534
0.25825633897752	0.273953851518384
0.288060191022475	0.242917036170615
-0.345015170094634	0.37161148425279
-0.778353320175331	0.594204235017346
-1.1319947413717	1.25305236543594
-0.256951031472326	0.159986535739768
-0.419767095778777	0.35992035248497
-0.156676360277008	0.107259521330138
-0.454164659426095	0.420918835588139
-0.258911394721407	0.161417482848381
-0.234252666751011	0.117047865474878
-0.372728795027596	0.254844095466216
-0.037038007962927	0.0231301846988328
0.678756086074961	0.70427882158082
0.720833720379959	0.731537920620387
-0.889386785557338	0.738244381989386
-0.0433467250085303	0.0190290349713937
-1.41813188031852	1.90982548994693
-0.982858568096021	0.486769868889064
-0.506324896356665	0.465412344144185
0.83513458078713	0.875600159698047
-0.013991456142705	0.0118414858236599
-0.652780648637829	0.453176011269993
-0.483261948076625	0.360879178862195
-0.450304765723443	0.298388012255253
0.153044648535639	0.0664451039469078
-0.782291468094924	0.516560945159067
-0.496614562585792	0.373275463918176
0.169991965622652	0.0827179295892245
0.190994427734154	0.137383180053765
-0.305241175602168	0.140243052965864
-0.427059312976026	0.327544246784323
0.0836849052717596	0.0569349327095893
0.196009474788154	0.157112064840831
0.060422864711066	0.037440688994863
0.410184022338553	0.340268899021521
0.0451016821600788	0.0247573684698394
-1.22142037611413	0.923384199934845
-0.593596635182768	0.618106930192979
-0.780242628669943	0.8439927049815
-0.259794463087512	0.162027375408443
0.0108203822704694	0.00556105478288219
0.343235555909936	0.209835877261443
-0.0938704805896965	0.0549127887738648
-1.08598205622853	0.740430726972507
-0.310138868219662	0.142657289143818
-0.856701128621941	0.852523324828946
0.487751290267135	0.334769372033603
0.0713573558373837	0.0464230250638554
-0.0346783572283475	0.025657454954906
-0.785177881792558	0.518555666061047
-0.495028073041661	0.452283016472864
0.183204782509689	0.120069901155858
0.0573341629270343	0.0336416850986245
-0.215117340411082	0.138949679863816
-0.0989174918247254	0.0579395870406078
0.795899997837704	0.478483177057154
-0.532649584409882	0.44353707720678
-0.170625733454653	0.112997426281855
-0.772900131552236	0.589135470754832
-0.783435620165879	0.517247227601716
-0.0517286698286768	0.0225651316331864
-1.01247021999079	1.21494661029064
-0.100429301200419	0.0588587440552886
-1.21231703090181	0.91166607915178
0.327205775380663	0.227490561136661
-0.770963681632821	0.586783328806229
-0.178935607809031	0.118942070182973
0.344592230671425	0.210723928147291
0.618790429368803	0.579909431118172
-0.0729142128329646	0.0442387412477152
-0.000126240967409626	0.00024952488502218
0.565300678376316	0.633144227191395
-0.789283745720309	0.430832577946375
-0.978181502954613	0.483691732047367
0.66953030230417	0.690783815440593
-0.240602534965987	0.177597525792121
1.24831293890072	0.867463572166327
0.15209770843841	0.0514906185860695
-0.338530582329419	0.0969729638077002
-0.321039939080361	0.191934113503131
1.04969895669497	0.397129939971893
0.44877431656192	0.179961890266177
0.16323818852145	0.0485873708307168
-0.78554374809181	0.518893688116645
-0.221200715743042	0.0712222587266738
-0.304810011085275	0.140006335401098
0.697117779795317	0.326513192615626
-1.02814550635821	0.40642453095458
0.791641889278525	0.476183538459403
1.1114720898264	0.849498585744677
0.329149589423427	0.215215320427679
-0.338530582329419	0.0969729638077002
0.15555550253053	0.150611160203834
0.084597511289101	0.0732343763838529
-0.0671012603737644	0.0492460815852667
-0.19237634470876	0.147906055165201
-0.34496567639102	0.276963121794343
0.182619089508679	0.119594251756228
-0.41337658164709	0.386755671590232
-2.01390871776848	2.10276828510523
0.378544594320409	0.333797232313828
0.191161650216682	0.125662918511778
-0.416512348856715	0.35647087290275
1.40210911753304	1.09075252534079
-0.316086487786718	0.188513978258315
-0.676879763253923	0.535012406259293
-0.78263968484296	0.848230828936161
-0.316349396044469	0.282104514046682
0.387008838562084	0.342945863984419
-0.120957279515379	0.0841166210310857
1.25001046115689	1.38314793741753
1.97056266810287	1.2342055973866
-0.523856892028394	0.434157732860096
-0.42933438594854	0.456402052973434
-0.499134428610759	0.37577008788655
1.35651775190417	1.44165148243678
0.182746186868234	0.10632692626619
-0.562168473963809	0.407228608129818
-0.652551958773144	0.453093637897793
1.1486036828799	1.18191169599135
0.0117997979262238	0.00602232290377404
0.296407132842775	0.224146487529481
0.366547334572562	0.320814688483718
-1.7250151772192	1.8816242905763
-0.37758388951416	0.328052088442885
-0.285305091680017	0.207034330648554
0.334569990101818	0.203784260899549
-0.379105311939978	0.260146608990641
0.661191065063939	0.472253087711377
-0.285194217999918	0.206999406275876
-0.140221112115673	0.0952162588935264
-0.0940934486923272	0.0550393807195168
-1.21251751093024	0.912164444112916
-1.03385484338175	0.825224597241157
-0.329985272063373	0.233681392121539
-0.0625608755037095	0.0378795390416777
0.519016990381786	0.449306674050328
-0.49517270651862	0.452462687146955
1.12957180699242	1.01951515400085
-0.123061165924136	0.0857448473232475
-0.682051057256018	0.540500462549498
0.332023339079089	0.217541995425827
0.432761321442196	0.329594939968519
0.053027817566575	0.0311334722666062
-0.305646201080289	0.270758026380939
0.0603282193197779	0.0373746709892658
0.111000058570514	0.0870499748531305
-0.552512210503124	0.499763626865528
0.926527450686122	0.808067861717217
0.689625814508517	0.322344289067171
-0.142637223083428	0.096967132670547
-1.08716971383632	0.742679200961319
-0.598241931422509	0.286524983102592
0.154392805413983	0.0522705690038812
-3.07750490916701	0.956880231933195
-0.946237392148626	0.580983147534171
0.149734842703587	0.0507352562067422
0.960305402281055	0.254935680101795
0.821349979166558	0.344569952772363
-0.296988413585384	0.136171462121545
0.398273466203618	0.180150069006609
-0.300638693279534	0.138067723189249
1.46166504880046	0.484245680586438
-0.522472487971899	0.197429550059794
1.25686428307809	1.24111058104849
0.174503749901052	0.0438676710334476
0.00992020946540743	0.00509612293557882
-0.0458812917153289	0.0200961882608605
-0.319669990619878	0.326456357815707
0.60981664294443	0.75649029008483
0.805790546473617	0.767154853665684
-0.319241999757905	0.190555764275786
-0.42160574919707	0.36181168328799
-0.775764341953175	0.662122617254646
0.194572340450869	0.128095155494569
-0.151004022239328	0.0539473466241998
-0.213651320561355	0.137972230101063
0.0789119588166988	0.0514689414759216
0.0451543101317036	0.0265215008920366
0.0725301972043256	0.0450507183476948
0.742583518023156	0.62231842136823
-0.307011621403305	0.14120976581926
-0.0530250207955019	0.0231197619554746
-0.311531719657197	0.185703828710844
-0.879348914506948	0.726155679647418
-0.658593927048067	0.458631287199725
0.472573359807517	0.345516979846207
-0.18012299496166	0.119747068798354
-0.172515653998224	0.0920395395970433
0.524293671488805	0.455340553049696
-0.170250407782085	0.0908285229035235
-0.796905210540756	0.528594672427665
0.74026997798794	0.619056066498237
-1.41895354071639	1.50136118062606
-0.429111931929337	0.369803636977566
-0.18182325867403	0.13896904308342
-0.00694663528501873	0.00458982274602048
-0.780144894676081	0.596735881754294
-0.0294008096558162	0.0188141430731624
-0.439028091302654	0.289542388360343
-0.177455363035994	0.094861214172429
-0.784729889964595	0.600843216995463
-0.493965523450229	0.370753260108285
0.190562859158172	0.147480635860994
-1.17502657528437	1.20249947551906
-0.089783731268869	0.0356915480451247
-0.419900377672374	0.320870167399439
-0.335129068004025	0.267474010443408
-0.699958999842053	0.666317706337774
-0.676790020532725	0.535220059660845
-1.49509130278556	1.9020514300102
-1.50267811075286	1.68492368654497
-1.08743273974412	0.74272724051886
-1.07371456181327	1.34895645845351
0.420812894859344	0.335369617311213
-0.482707581622499	0.360396391607001
-0.51550141127169	0.194491010633007
-0.00585584462825464	0.0029700286311976
0.649350564417379	0.588196919127515
0.802048191858426	0.638315894861051
-0.330935937934772	0.234564070703036
0.180381337288627	0.0968883156107093
0.439387993678942	0.335969389780498
1.13995388729645	1.16903748153473
-0.327757768776956	0.231984197731125
-0.945272340737006	1.00241523462251
0.200437619120893	0.161105021435597
0.00182401090217824	0.00126375357870453
0.351508994048165	0.197084091907994
-3.75658350496235	1.47972368837861
-0.16809254866108	0.089606868146959
-0.213543270792488	0.0687986075063655
-0.766443517958815	0.332594018875036
0.163853552605343	0.0487595972376143
-0.715034146888943	0.244213254744201
-0.620903335937371	0.151058535991718
-0.628944872553404	0.15292393261527
-0.523336979122945	0.197729833142044
0.531358567637365	0.190353154457246
-1.81169032201894	0.73377138384342
0.152619802685851	0.0516844934618455
3.27129205644114	1.12317050813274
0.454485395539984	0.182519969842576
-1.27921080384965	0.575371363655879
-0.39288940313563	0.222032660936445
0.153545744333934	0.0588038048786632
0.158426007238141	0.0472279903538101
-1.30222499070494	2.20808692982053
0.204844220887595	0.205356308942179
-0.438829483330907	0.469190532660037
-0.172739059413325	0.114527604417852
-0.929870835467755	0.567142688005731
-0.96382701568005	0.945375965088045
0.155138614491414	0.0753329574025009
0.354383159441135	0.328815498891132
0.80208616488851	0.638265004843585
0.962836696613315	0.952778727289342
0.466151618785917	0.340012414390454
0.291132018981299	0.237570542403151
0.666478563818723	0.476746113024843
-0.0421377337729066	0.0262857051839648
0.548120259583081	0.457690418363956
-0.863813201959228	0.930165518035722
-0.316010439853601	0.188720905264988
-0.664491563474615	0.463842599777025
-0.662844672205048	0.462160719251156
0.489810675387499	0.336570314239493
0.458817524176072	0.333258063233146
0.164333427909534	0.0879897334009666
-0.0902375746558826	0.0358652242220136
0.0853322592679328	0.0581051896558669
0.0510822257492229	0.0299546044318423
-0.218549075938131	0.141432989235228
-0.168756430564204	0.0899375163877177
-0.046981190841311	0.0348712640524531
0.0611092097964751	0.0378782852371026
-0.0942308851980743	0.0551547132356792
0.194710672378943	0.140331898312833
0.313988122801359	0.228659732043315
-0.321162147408809	0.192131317861716
-0.69575129811805	0.660750403167052
-0.211285135859582	0.136257299513088
0.90311829915453	0.488154676737711
-1.12332654811713	1.23838808082099
1.10232707787124	1.50209101365208
0.565907890332025	0.331347936458538
-0.444984505096118	0.294040420554497
-0.701700138544262	0.71557332604456
0.329601274155933	0.215739736028577
-1.09111208167313	1.04967351669424
-0.0994247701937387	0.0582668676325091
-0.435081558973329	0.335243959697824
-0.132269863397719	0.0744399651256665
-0.149318333260447	0.101852897187066
-0.116851299903973	0.0654713279499367
0.173745932173306	0.0931253077498437
-0.222843237550159	0.168840302423527
0.315685625224094	0.218402959091717
-0.174741431748604	0.0933407510888572
-0.387957481787436	0.267142874171275
1.04539075045207	0.996048419112097
1.29946803684966	1.9168926195296
-0.595453328059187	0.620852120794387
0.417607512336602	0.332188623882665
-0.658025292959392	0.458209421607867
0.158163268458023	0.0471349639719474
-0.445816306301723	0.295179054287922
-0.443421630074379	0.292997811644161
-0.142009262622938	0.0508568843140688
0.161809413811162	0.0546700412990309
-0.61946410648704	0.150698865008898
0.159251072645633	0.0298673857617753
0.39804758134111	0.179836760867837
0.155767123355785	0.0527007872498129
-0.625191995446008	0.152059991852936
1.78684021394124	0.997506357303071
0.68913729513982	0.322171680898193
-0.143272330973209	0.0512466534339377
-0.620903335937371	0.151058535991718
1.56698223842766	0.775838910497558
-1.12825544522804	0.339732258677114
0.155490335273875	0.0595707244029917
3.94043041797008	1.72503455887346
0.449328663372175	0.180265911475519
0.279745067648472	0.270114570215227
0.339498019091674	0.339236424248639
-0.257258463111516	0.247816359630412
0.198646237616419	0.173504871887067
0.659107599092737	0.600214682097038
-1.03350729428286	1.35567391904874
-0.100486026873879	0.058898685136313
-0.212620097431504	0.160143902210151
-0.177630836087319	0.117998618565267
-0.0249628158179527	0.0159948031354292
-0.0129109393740119	0.00614568879390797
0.842517041082881	0.887094902328849
-0.375813624739838	0.25747747653384
1.78825233620116	0.998820434181256
-0.385134059746635	0.265031794488388
0.0277540412156882	0.0153583520626442
-0.775123650114746	0.662086748562723
-0.442166566611799	0.291994376722256
0.554345572012001	0.323079710227684
-0.719307886400812	0.245829792820617
-0.226337307432141	0.11280351147985
-0.017324742352914	0.00813321967209699
-1.07249935331621	0.728277449461189
0.713711921945286	0.471182563138471
0.864474439481879	0.793302380051544
0.90794053950362	0.932804389338761
-0.970279191219909	0.954509970629657
-0.38649148244397	0.217809897841089
0.530223778465705	0.461534698283557
-0.488966998332749	0.366297404068322
-0.260036571178282	0.162037895759525
-0.648761881694915	0.630687396455488
-0.296077437025559	0.239846139479194
-0.770236297117656	0.775476775839771
-0.24059206077657	0.177632830959612
-1.03383942936404	0.825218858641612
-0.21725219958623	0.0699489287533772
-0.0235097650185765	0.0109620389539819
0.0522589825134939	0.030683987146283
-0.434232978704756	0.334438524045497
0.175458622411471	0.0941717962683461
-0.380094715366818	0.213750161242601
0.190565758605051	0.131335995473053
-0.0896522153436848	0.0523971400187471
-0.397975352491062	0.397614764851733
-0.0659748540410844	0.0399655406318443
0.393009326724146	0.177660635944489
0.442299511500697	0.338353698390526
-0.128483852053781	0.0722232629126613
0.0488916804584028	0.0268131466343079
-0.135475520117276	0.0763085828846252
1.67068365287238	1.5845101410917
-0.449836944740975	0.298287936428309
0.0316974869165217	0.0174780654368052
1.01617822666238	0.840225296604853
0.901620324258816	0.486217364175593
-0.0149014654429148	0.00704789997495559
0.694157861088614	0.607385094920012
-0.0491546949774114	0.0306783443743944
0.860786717949818	0.788442447451966
0.486845114517366	0.451355409044925
0.316693265296627	0.230690569224085
-1.1591852991788	0.647740506843392
1.06632392555289	0.514786948757726
-0.0230580562129023	0.0147903631703272
0.325743729794369	0.212752670500757
-0.60267617078661	0.288531832630996
0.916107412790234	0.496909926381307
-3.07750490916701	0.956880231933195
0.159251072645633	0.0298673857617753
-0.0899264711949583	0.0357614708101109
-1.16524363126706	0.65253043049826
1.45652080007828	0.482281887456809
-1.507638227659	0.53431243522829
-0.239694731803715	0.119923102296541
0.675232747867266	0.213789953820415
-1.02338521131779	0.403987205196149
-1.13338534815793	0.341498686250824
-0.773662544631175	0.419968290636647
-1.53463123727196	1.46993195912262
-0.519293636480079	0.196119529083062
-0.102206992537433	0.0405182533193162
-1.66514976154115	0.938035103530696
-1.27866440986665	0.57493073370158
0.0318527923862225	0.01753377353717
0.100746489957459	0.074078901032983
0.00333588953426677	0.00224589127645134
-0.631501285134503	0.608525160049391
-1.0356969438973	0.827498367327727
-0.45063267841568	0.298620164488667
-0.382610306393506	0.262788149888885
-0.175988496231683	0.0940100969907271
-0.873575022236774	0.802365830773101
-1.18037604341054	1.21028525872217
-0.316643963128975	0.188869238300274
-0.590704309984222	0.479324677579391
1.27434791554924	0.702252899229498
-0.394127666955307	0.223029582536962
-0.199870647325451	0.128195520899046
0.163602798731091	0.0875066598798885
-0.231243626286358	0.115334850204441
-0.443098400079438	0.292879567920478
-0.47922157463864	0.251110603171196
-0.522472487971899	0.197429550059794
0.34621684079554	0.194122512619408
0.34008833244678	0.207806310982525
0.0316033665104572	0.0174417960426359
2.27801863798285	1.76886245593045
-1.33078456057464	1.32383353941271
0.0535278323877065	0.0314200222277695
1.12944260956386	1.02089109112224
1.78036979483509	0.991924119446332
-1.3275647149611	0.834499021687293
1.18320242457167	1.70385768174136
-0.433369595362564	0.333582536713581
-0.18506414236632	0.123369052943919
-0.0485897116903559	0.0303199410240209
-0.31719307260642	0.189478733780071
-0.488777123471143	0.366132520362604
0.0180426454579694	0.00913347750142229
-0.308622774805686	0.18363015545002
0.157731766097472	0.0765550396029227
0.40128520889548	0.181574932992367
0.533034126671957	0.190984669183042
0.0492737089920045	0.0289150982735263
-0.050419309232798	0.0220033401707663
-0.166087716130343	0.0884618067166239
0.463921902288091	0.337985871484092
0.403695078819276	0.333828325329734
-0.13209799324121	0.0743042625376669
-0.212953796857223	0.137497060896867
-0.220880249019646	0.167162474965061
0.157568112712888	0.0533067915180714
-1.0844300070659	0.740083850709976
-0.230259373579756	0.114995498193243
-1.20748161233692	0.907992392118093
-0.22371705212866	0.111481231895872
-0.31645701223022	0.188936497034014
-0.126238691377214	0.0709307002140662
-0.212931200983492	0.137420504754754
0.454555173169154	0.182498036185999
0.326407073893092	0.226988477686105
-0.170298426832195	0.0907933289311401
-0.234252666751011	0.117047865474878
0.811592563591157	0.49121716416314
-0.909322852578413	0.662552542841522
-0.76983380610862	0.334488933532153
-0.944000309786212	1.00048251690939
-0.0656746719013447	0.039783039468465
-0.0384675144139327	0.0246054897161992
0.034935648756039	0.0191826825700182
-1.33489968069391	0.840647097185716
-0.321600514077124	0.192261695242117
0.440535339706039	0.336950841576061
-0.600741526398751	0.288017415152083
0.146375004827764	0.0561236835186149
-0.478493378512647	0.250625312512876
-3.08160228540496	0.95864568534502
1.82912964257087	0.714770179842855
-0.0860051466139146	0.0342331124443623
-1.50824112923963	0.534752090600511
3.26630303248094	1.12023058934939
-0.336346534706249	0.0963182114993482
0.609201955001709	0.319854728005608
-1.59299593787215	1.22226401380638
-1.27728489514151	0.574335372221734
0.154954894721934	0.0524399678344355
-1.13182284417153	0.340904867919198
-0.908626558836701	0.661719380978387
-0.302335352190713	0.13887235153916
1.83356266561645	0.716725323466989
-0.9781196387184	0.482965222562379
-1.81078809873904	0.73326164335473
-0.080709247147276	0.0582522284290451
0.337902358007929	0.345898296561511
-0.083378345465995	0.0676039941836067
-0.266064833645017	0.166387429189063
-1.33606627765699	1.10265716781515
0.181712495778344	0.105587448740315
-1.96842325549557	1.36649413271129
-0.670903783445517	0.529083865201965
-0.391710846289378	0.162959857875505
-0.995566917578393	0.893131673137464
0.872910132082591	0.649123163906699
0.176544444973843	0.0947986679892676
-0.385436644621478	0.217218403973575
-0.049242131747504	0.0215141965671336
-1.31992472567402	0.826517152454903
-0.643299253465847	0.380728561482283
-0.0559318537563428	0.0243447425721211
-0.0529584631667283	0.0230814398326921
-0.0253079664378708	0.0117848858803564
1.04416682483337	0.993785811034787
-2.2810953281991	1.14943078672657
-1.43587095475962	1.27947388787907
-0.300638162900696	0.138045579466753
-0.499295291515932	0.457452061146095
-0.665064144585122	0.464338368740548
-0.889906388434525	0.7381973559151
0.552473710235327	0.322025116249661
-0.0952334852114847	0.0377727542002594
-1.17927548869392	1.60445330284028
-0.376191757007968	0.29492311228001
0.185306601294172	0.11495904015048
-0.0958314713327389	0.0560699964074964
-0.681431289870698	0.539866486561683
-1.59478735505355	1.22532914124724
-0.310985087801507	0.185185042987364
-1.51103003363439	0.535749564246176
-1.34051128704113	1.3385972048792
-0.419505008727234	0.359645641238815
-0.764580582126126	0.331551866510041
1.00547437083576	0.826838410591108
-0.497423900206023	0.374132112429733
0.803226954759588	0.484911210790918
-0.974960856104359	0.481265063090149
-0.490148907490356	0.257645312560687
-0.29783262579232	0.136562429851112
-0.487993316354455	0.36535560788058
0.182432229333128	0.0981155114461512
-0.946214864560229	0.580590711468436
-1.17780485095891	1.20714056228946
-0.482855383502347	0.360620120647747
-0.0475158592511366	0.0207883540624891
-0.227919788722022	0.113753309107311
0.960321658461156	0.654362538284393
0.150740222782873	0.0577273386353291
0.399860932485817	0.18093521728597
-0.646102383783497	0.382885937478276
-0.600553533923325	0.287542799273189
-2.10907385352874	1.61703726051096
-0.866603927588555	0.866905132473791
0.288891279604825	0.235441475035529
-0.0648371367373785	0.0392729587610764
0.89971304973769	0.92125910605473
0.517729774192519	0.330714378113204
-0.144419938894036	0.0516441997824019
0.0387237265414513	0.0212741868695087
1.96976647390566	1.23336131169422
0.150994380793524	0.0655243509407242
-1.3182189691188	0.825234091869275
0.674015164989584	0.213380808783075
3.63896224062815	1.42951913528691
-0.787692811282744	0.521403989211924
0.531600808944957	0.190452833446827
-1.12949217626836	0.340258306499887
1.03703963555181	0.391624153547078
-0.90693878771227	0.659567697128944
0.180381337288627	0.0968883156107093
0.44877431656192	0.179961890266177
-0.94150120505615	0.576289936564059
-0.605365274094376	0.290428903582208
-0.103407662538252	0.0735166143357622
-0.772027289539993	0.882558194478278
-0.302663620071144	0.32936886499208
-0.3387689511071	0.363253077665522
-0.939781777562189	1.0699789344984
-0.6039272513472	0.632447931242218
0.0493187788348583	0.0400233466750666
-0.105568133558311	0.0751142525890298
-0.667449163004277	0.466027141326034
-0.889703747640277	0.73860013996556
-0.301375199977842	0.138451162230634
0.394500849991929	0.178242097072821
-2.22319007563738	1.85597434200078
-2.10955275286214	1.61840336273195
0.168163029922966	0.0974104760807043
-0.302017183338254	0.138552986425589
-0.144946030904406	0.0518319984756812
-1.48769455683487	0.750381839508691
0.806664403554035	0.4874352749294
-0.386293460540267	0.160589854213055
-0.638922279745198	0.377946728958237
0.0126993671132636	0.00646672101050809
-0.785958038223911	0.428805865516443
-0.529896346951747	0.333744184017453
-0.172164415164546	0.0918444841126707
-0.178163208116063	0.0952048911720494
0.0162549129249964	0.0082273409558858
-0.149390704801257	0.0534113782231424
-0.294596446336599	0.214719866975447
-0.777913638357725	0.512259788443565
-1.82821001133498	0.742407244839397
0.874102669932603	0.650678889294163
0.1773080238915	0.109768598854155
-0.173660690128308	0.092728523985244
0.19821958655756	0.123597990518106
-0.181579622486169	0.0971648294542798
0.191769036402014	0.132209857699795
0.183466381100662	0.113803368179481
0.202147886926942	0.167530774149283
-0.45635844572231	0.423440855030167
-0.713216420515419	0.777164286981167
-0.490299547540695	0.367481759097614
-0.172164415164546	0.0918444841126707
-1.81413444396294	0.735290551794613
-1.26863293361844	0.569140007440593
0.154081774580399	0.0521624398881256
0.164660937245949	0.0800110737265854
-0.77656420013523	0.726499969969528
-0.0254168490024511	0.0162784640637262
0.0485740688051857	0.026639110639639
-1.32858252156155	0.834644723164507
-0.388560640072381	0.219453277122017
0.153016180557848	0.051821004050093
-1.27409648366397	0.572425579984391
-0.266383230033073	0.166591187130308
-0.789714582511238	0.431147471520847
0.0208151814478533	0.0104910683792362
0.0422025503419586	0.0231475915727906
-1.23287460905492	1.14427242289134
1.04969895669497	0.397129939971893
-0.388079291138713	0.16141108863951
0.549607181511009	0.319733655063326
0.16323818852145	0.0485873708307168
0.56103814099803	0.471349178522959
-0.786092616200907	0.428416662285244
-0.100817482918937	0.0715422274962385
0.390542999332531	0.334018053560318
-0.00585584462825464	0.0029700286311976
1.12127953270245	0.860068985253801
-0.659126916623288	0.458585506570489
-0.530399381968197	0.4410698702262
-0.909508948668064	0.661828996901406
-0.537859418424736	0.340117503754613
3.64204563210395	1.43174087144813
2.12710429564193	1.48542901360864
1.9730353616655	1.23645175335632
-0.144419938894036	0.0516441997824019
1.27305852118372	0.700896126848616
0.446913247781489	0.179197436924564
0.0188405050688222	0.00948257565666664
1.0422382245892	0.991768403290807
-0.714143223212392	0.243889779741797
0.173518199274578	0.0930901248062684
1.25702122522019	1.06788157029391
-0.0479171502660505	0.0209582979351269
0.0702791333573452	0.0475823708196998
0.138138807053863	0.15700270374033
-0.0548227324144946	0.0545988580302616
-0.0503189824534567	0.0374074611130838
-0.299461413883537	0.137245210178212
-3.75718934185265	1.48017499214909
-0.720453666514924	0.246264037870489
-0.725021497189463	0.247930876565647
-0.720453666514924	0.246264037870489
-0.0961973175087169	0.0381754760162591
-0.146282635967707	0.0522900631456069
0.152346609586538	0.0515961830574703
-2.57447078703937	0.657780381714024
-0.714143223212392	0.243889779741797
-1.27126584317639	0.570402539019269
-1.81705516328656	0.73681238944662
-0.51438298636481	0.194118813219938
-1.27702255318032	0.574015400729037
1.04182554907797	0.393703969965548
-0.621333103088639	0.151104040920032
-1.33031496998146	1.09470212671318
0.161736914950373	0.0481441679802126
-1.50982433145335	0.535480148233091
2.11692464856437	0.944608977413808
-1.12725353624624	0.339405023147411
-1.16736473847447	0.654504736815269
0.372140603158092	0.18881048875089
0.454205781530215	0.182360151769261
0.752683144128324	0.738995760500545
-0.599643187331497	0.286979820650128
0.155668607635353	0.144898375910145
-0.213845287095371	0.236426859477804
0.180187156126197	0.10464723941243
1.08709136968003	0.668408908051989
-0.318897767637004	0.190511017132328
0.154633665539282	0.143791356493947
-1.81352302981117	0.735065306555984
-0.338896474896558	0.0970421752101679
-0.628944872553404	0.15292393261527
-0.772504008904122	0.335703249013588
0.500313019329438	0.448628238046456
-0.224402949121235	0.254234541849977
-0.375062328518712	0.293870297900876
1.11028035939936	0.848552216244794
1.82658331770683	0.713161725221294
3.27025913837768	1.12233669524588
0.17738312662749	0.0444846964186047
-1.12435877083653	0.338493350823416
-0.337318918589577	0.0966140796949229
-2.06412741380728	0.935290131553989
-0.334465167213362	0.0958562903993202
0.959294652844364	0.254663957360155
-2.57421277656498	0.657506382974291
0.535308159768992	0.19186644934071
-0.624183598429151	0.151840837481169
0.675232747867266	0.213789953820415
-1.79763019308962	0.379603777700996
1.33184695246066	0.580735815343295
-0.211859399211248	0.068283609988555
0.150571240221929	0.0576776917123369
0.318080139443317	0.206939640467386
-0.0750211621846804	0.0682113435993681
0.136277055430095	0.122423766062789
-0.391095189251006	0.220946550372328
0.210982601819394	0.212630401127681
-0.556100178308008	0.503744693104744
0.485249740571035	0.538680827725209
-0.168418396530731	0.111346472972237
0.493909224440778	0.536074071438046
-0.476918984068243	0.404760270331853
1.1734772540152	1.46642503912551
0.647429190422693	0.687325113775821
-0.324209584995908	0.229089846746644
0.490074629957113	0.336930160549525
0.0753012930069375	0.0490594153124404
-1.91492964124134	1.86749963259586
-0.233658465269428	0.11661279037211
-0.0944036040363931	0.0374576755555379
0.00324746962883596	0.00219915864922984
0.248852945339652	0.345483947562407
-0.442637843585447	0.635245647201624
-0.796729595604163	0.752301453557816
-0.605818783932621	0.290640658228113
-0.714143223212392	0.243889779741797
-0.605921912402532	0.290956520477867
-2.57847696185857	0.659529736545688
-2.57421277656498	0.657506382974291
0.17351044503084	0.0436385160120603
0.157259696796029	0.0532031124835433
-0.617055950695462	0.150241664375452
-1.12881513859764	0.339906487322227
1.83009713438939	0.715173729277155
-0.524104519803085	0.198149044864786
-0.059687875454727	0.0259396616520237
-0.21750140385887	0.0700056929839968
1.06458282875738	0.514129127888053
0.444073873433415	0.178068157695179
2.76197196120423	0.768541369225187
3.27232628525746	1.12331698634376
-0.619895187822925	0.150839789138775
0.16323818852145	0.0485873708307168
-0.718081625995024	0.245384533690959
-0.619895187822925	0.150839789138775
-1.79763019308962	0.379603777700996
-1.79763019308962	0.379603777700996
-1.7975657981284	0.379599665892429
-1.51790082908318	0.538814801452401
0.15823182603157	0.0297179405544109
0.696800715651205	0.326158519943829
-0.333856458330646	0.0956917261764247
0.151988328341799	0.0582326555163163
0.0204129890784812	0.0102608943122977
-0.604384423520087	0.289713142698739
0.589683414831902	0.741736086681275
-0.415530961863908	0.631150064989463
-0.0526750972479166	0.0229505259176004
0.154392805413983	0.0522705690038812
0.14249898218899	0.0546763874388752
-0.280293804327749	0.202894662931384
-0.719569672768412	0.245942451655049
-3.07793266340176	0.957013587093989
-0.620903335937371	0.151058535991718
0.536145192793524	0.192183675780863
-0.718081625995024	0.245384533690959
-0.0242868516827931	0.0155638566355501
-0.0274547713171338	0.0206125458096311
0.172873029426054	0.118111124935188
-1.21251751093024	0.912164444112916
1.33184695246066	0.580735815343295
-2.57447078703937	0.657780381714024
-3.08247559880565	0.958940682858076
-0.216063671871124	0.0695794401283131
-0.61946410648704	0.150698865008898
-0.338896474896558	0.0970421752101679
2.75704467106166	0.766025498669684
-0.625191995446008	0.152059991852936
2.11692464856437	0.944608977413808
-0.344544677489235	0.0986285584933283
1.46166504880046	0.484245680586438
-0.30638836396358	0.140834438112187
0.400548918023925	0.18108548189833
0.195563919056995	0.190762143604578
-0.0465482168700777	0.0394109556477991
1.06635973234933	1.1378974852157
-3.01886478287651	6.94793427582578
-0.931970094070549	1.057154634675
0.0347876879474855	0.0260144827137554
0.196153692827125	0.187558782952853
0.106237328198836	0.104305224062197
0.277250254871872	0.267284131880831
-0.120203897286631	0.113296975300183
-0.287779397584713	0.309508202889234
0.210365325720363	0.198868616469343
-0.868627188728247	0.795636611088851
0.278632955946349	0.233523354297401
0.900248941184877	0.922234357749019
-0.880004249827197	1.26888080433834
-0.404780694059329	0.169000453728034
0.328960675155111	0.215227071053203
-0.675619332489502	0.53397982378745
0.289144052362468	0.377092126539781
-0.119728348837054	0.119587318907192
-0.373608598324867	0.255460518857098
-0.335438661955823	0.0961186879895653
-0.792418723553937	0.52514551229982
-0.491311472515789	0.258428828316971
0.153762604699601	0.0589435881914417
-4.00182249544158	1.72625328461739
-0.620903335937371	0.151058535991718
-0.716259781908703	0.244657557065158
-0.763186677226542	0.331039800418733
-0.620473624670499	0.150917804175241
-0.337924641037297	0.0968088152153293
0.159920372276999	0.0476279199969756
-3.45714001185249	1.22455064732533
0.957461191854986	0.254126256439643
-0.337318918589577	0.0966140796949229
0.162622561049093	0.0484009930995383
0.154259314455831	0.0291924198815566
0.152967816569802	0.0456747746330642
-0.344042706429557	0.0984794926451442
-0.617055950695462	0.150241664375452
-2.57447078703937	0.657780381714024
-1.7975657981284	0.379599665892429
-0.625191995446008	0.152059991852936
-1.12825544522804	0.339732258677114
0.154392805413983	0.0522705690038812
-0.337924641037297	0.0968088152153293
-0.620326325745573	0.150885642821786
-0.143894061192775	0.0514470147020874
0.162171049505848	0.0303007576998756
-0.337559379634888	0.0966770330278957
-0.986159381495422	0.488772931885966
-3.75228333635026	1.47685987725686
-0.620903335937371	0.151058535991718
-0.719840487055064	0.245972653044846
0.17294827606403	0.0435260072159332
0.15823182603157	0.0297179405544109
-0.341495388738576	0.0977618699341296
-0.0936973003438628	0.0372243353271805
0.675958269647542	0.485982369889282
-0.226846217348346	0.0730041921300852
0.907390362524661	1.50314683194296
0.204245509671687	0.223881766712026
0.401654656745815	0.181752172791282
-0.16786778349212	0.0894554994122663
-0.620903335937371	0.151058535991718
-0.0677147049776406	0.0603351439283394
0.16514583313252	0.0802640143069551
0.799645054558684	0.481827358077666
-1.7975657981284	0.379599665892429
-1.7975657981284	0.379599665892429
-1.79763019308962	0.379603777700996
-0.723495739913315	0.247436366504984
-0.620473624670499	0.150917804175241
0.154259314455831	0.0291924198815566
0.166894126545373	0.0495801423286346
-1.13338534815793	0.341498686250824
-0.338896474896558	0.0970421752101679
-0.624183598429151	0.151840837481169
-3.45714001185249	1.22455064732533
-1.59920199460578	1.23130298661818
-0.141150661747715	0.132906202776689
0.805179624935228	1.22477050902149
-0.379071167685901	0.329259395658402
0.626065168982139	0.478307217349362
0.186809112838121	0.116044945258908
0.463061575547632	0.454664657538324
0.544332666800926	0.453387484362685
0.591721152670255	0.745560854348163
1.35317280740952	2.21007490398441
0.299719305389666	0.245631584352849
0.517802989362096	0.553364459606429
0.197559419076823	0.172403914956048
-1.0880611009595	1.04550621092619
-0.526325340297028	0.331411272077236
-0.0886289534484878	0.0625403670385269
-0.151424445823142	0.11693602938907
-0.172037958765187	0.0918112431850837
-0.0636409085853075	0.0466428278797349
-0.23546758742837	0.117773582177677
-0.48520945259623	0.362607876940281
-0.0563363909327053	0.0245193829487504
-0.14575574418188	0.0521067853554539
0.56027933784356	0.47043796710146
-0.102564231780006	0.107983253222413
-0.263575459724855	0.332011593701274
0.388014520291796	0.344011117884074
0.402109168896324	0.181999818671949
-0.235238407607612	0.117551056876538
-0.768593948372652	0.333925516372227
-0.0906115842866849	0.0360065547854714
0.172223255009213	0.0433240097489323
-3.08247559880565	0.958940682858076
0.167508913203689	0.0497372165616833
0.67760684279943	0.214448334436413
-0.766733199789823	0.33273995230155
1.95793128711136	0.437766051086387
0.159304296973707	0.0474668185471716
0.824451710034132	0.346189076295124
1.03729632748488	0.391751460326444
-1.12769593434811	0.339436368028373
0.445399517664896	0.178581714371271
-3.07707720857862	0.956361112132394
0.162968126753743	0.0485024678975847
1.46067242606004	0.483688692701864
0.153830475350601	0.0520893555087474
-0.523847973197607	0.197922354572038
-2.57847696185857	0.659529736545688
-0.513007538344876	0.193523517901935
0.676558588301015	0.214207370803977
2.12175361138722	0.947733160087778
0.822727009722159	0.345370832820937
-0.347643262540899	0.0994886132277101
0.168774858509076	0.0425819447497206
-0.790148251350594	0.430920389566254
-0.34307485466429	0.0982470421897248
-1.50922180218546	0.535188573690381
0.153016180557848	0.051821004050093
-1.33176187290261	0.837661751575053
-0.766207907419173	0.33246398143222
-1.13182284417153	0.340904867919198
-3.45116795416625	1.22074097588692
1.46498308680977	0.485505347800691
-0.621333103088639	0.151104040920032
-3.45228414088993	1.22181665198441
0.150080645471922	0.0574857532514497
-0.213293977179729	0.0687362131681472
-0.428111885334411	0.328708297611665
0.522818802643022	0.334447996090494
0.200922670977569	0.175711249368807
-0.256182365201611	0.28392654608937
-0.44844649261909	0.296938743980634
-0.0176903092225554	0.0114123507779152
0.147379892274758	0.149437504468357
0.814729059997892	0.651640136632699
0.701523986689065	0.329031287259273
-0.619895187822925	0.150839789138775
-0.222293779511269	0.0715857182392033
-1.51433726696095	0.537497293520418
-0.147093652274001	0.0525528129665041
-0.61946410648704	0.150698865008898
-0.302330788610812	0.138797723357851
0.164145173866849	0.0415246332756727
-3.45172595803352	1.22146685013561
-1.81705516328656	0.73681238944662
-0.219770163804213	0.0707569013941891
1.67281908126095	1.58797894563817
-0.609638361906265	0.757085313115661
0.275106941647584	0.237519307456373
-0.611278377431292	0.676087877598407
0.123842694817989	0.103042150923394
0.131228924207982	0.106997657132708
0.0537079978830398	0.0404317661678734
0.299233442449912	0.236077691117329
0.481945298452769	0.63829246658873
-0.0713838285615351	0.0574669206628367
0.000371311411536155	0.00020653617193366
-0.731895526705953	0.893319635093887
0.605722430035008	0.589830270641625
-0.124164079719487	0.0865568762962062
-1.26471597002822	1.37537831729348
-0.327511655570981	0.231802681386378
-0.667782922729577	0.774857136997283
-0.14791855094988	0.113968691945945
0.487757723829874	0.335127717132333
0.845876176888645	0.892004949668995
-0.0147921479347001	0.00698082738223974
0.345319157007568	0.193529241008407
-0.458596368448105	0.426125036790468
-0.601572585573856	0.77262666507377
-0.436985565244316	0.543438534555605
-0.178514732547487	0.0954040473622065
-1.0216422688436	0.811404046400458
0.448487931390254	0.344269206877539
0.155790336984643	0.16182730526211
-0.168319990669281	0.179901657715609
0.993968060021791	1.09221635707112
0.151873414100974	0.0581755081573951
-0.318102388729131	0.190113351814733
-0.280582665872083	0.203132781643286
-0.336557536329761	0.269066279392472
-0.0903755802964365	0.0359380409501504
0.158989511121608	0.0298299152293259
-0.221200715743042	0.0712222587266738
-0.0939468953498199	0.037282483387852
-1.27758034119831	0.574328219964811
0.670430931165646	0.212216518896251
1.46109938210879	0.484014060767982
2.75805496536761	0.766752929661107
2.11869185323705	0.945764565994132
-0.0873598696867603	0.0347499385199439
1.46663851781629	0.918786795023752
2.5579471837836	1.41493651425909
-0.78885172585616	0.430343339989734
0.147672628136561	0.0566149649661127
-0.146388253508021	0.0523841154261225
1.33208469099746	0.58115584608196
0.825015074546066	0.346341809907615
-2.63345567338282	1.61273851471276
-1.49047763446344	0.752903954055462
-1.12837428626612	0.339637586745731
-0.238699154683553	0.119428098790308
1.04488949167403	0.395085051250541
-0.301062574098725	0.138268861167847
1.82302843670005	0.711622876194053
-0.336346534706249	0.0963182114993482
0.15925559842727	0.077438516264294
-0.3395018260887	0.0972061822975938
1.04033415471618	0.393059276990575
-1.21666626847593	0.9175287208841
-0.589072400251943	0.477325994919199
1.06579457323925	0.514454684207409
0.168774858509076	0.0425819447497206
-0.220364044448608	0.0709420855610054
-0.221443869104186	0.0712956025102242
0.159251072645633	0.0298673857617753
-0.624183598429151	0.151840837481169
-0.619895187822925	0.150839789138775
1.37203572941388	1.27088882534926
-0.781596967462106	0.425088669995401
1.11376607103902	0.852091200478185
0.171924104299803	0.0920511932542776
0.286225977256976	0.232893094311511
-0.198462120101718	0.194549219035306
-0.540465080869232	0.633737362140297
-0.526948756654176	0.437321364230575
-0.296217149422124	0.24005929619057
-0.975657454205629	0.481586388023346
-1.51336055363438	0.537061579976289
-0.14562679518327	0.0521020681037095
-1.81766723004699	0.737367259253776
-0.0930339817058886	0.036924111285618
-4.00689064630181	1.73027814606556
-0.516445778893015	0.194901695063007
1.25010733176395	0.868720916853638
-0.237292180491104	0.118757070209463
-0.248540875229352	0.243056567614645
-0.338387651034	0.270745983927058
-1.07391518752619	1.5396019949036
-0.208785164697081	0.156951008603838
0.00660796070393536	0.00440901896266499
-0.318366056045835	0.324669479580564
0.290012961045129	0.236388811872057
0.898293322148146	1.21853026096034
-1.07266456124588	1.53800641780077
0.10306006552326	0.0781523949793437
0.105181653303493	0.0799181254324551
-0.486664821056799	0.484103055003444
0.90201811774582	0.924207860977594
-0.774613461878266	0.660584557841904
-0.0141697073897269	0.00920598080152639
-0.486428085277074	0.363818000955495
0.440384412216199	0.33649298157031
-0.32971570867528	0.233584148326941
0.190124475017698	0.151838176843606
-0.139925650428937	0.095003968384615
-0.603626162857251	0.289465889033162
-0.177804677051676	0.0950564095554645
0.157483102720245	0.0765397217364351
1.02244266651553	1.31452821208026
0.401172766125214	0.503590947457902
-0.46002813305539	0.569636239116292
-0.384718627429248	0.264494562540787
-0.6605099120813	0.460353612473354
-0.0406504991346478	0.0253730403431647
-0.4490202643469	0.297721568243079
-0.0670463061462022	0.0406358961626513
0.170756155219907	0.083063213690924
-0.309861012796588	0.184464899020182
-0.982791496244324	0.486260383658313
2.56793431296917	1.42381525256541
0.163853552605343	0.0487595972376143
1.58154885677868	0.785370525583885
2.36519179042752	1.18155565800586
-0.222876920203916	0.0717168348737093
0.174503749901052	0.0438676710334476
-0.341495388738576	0.0977618699341296
-0.212452220411149	0.0684629276040467
1.33375387884323	0.582007204647003
0.956021254579335	0.253830462538477
2.91882469495728	1.97639722832849
-0.522727420173021	0.197402454260729
1.03878889357161	0.392361575468581
0.157971563808893	0.0296806747786729
0.173378039987466	0.0436162262322836
0.674015164989584	0.213380808783075
1.03729632748488	0.391751460326444
-0.338896474896558	0.0970421752101679
1.78712070960394	0.998346210347993
0.534470172870219	0.191495164180491
1.77727565882911	0.989986989569331
-1.12492122665638	0.338668219085241
0.955017933589342	0.253480850166851
-2.06503800706302	0.936339193932813
0.712777345333407	0.470504115326866
-0.218096087384631	0.0701860099861319
0.819469971966766	0.343684638975882
-0.620326325745573	0.150885642821786
-1.13338534815793	0.341498686250824
-1.27728489514151	0.574335372221734
-2.57821111666453	0.659475059970799
-0.0521568424888667	0.0227541982295842
-0.61946410648704	0.150698865008898
-3.08203891306948	0.959069086853276
0.956021254579335	0.253830462538477
0.168774858509076	0.0425819447497206
0.676200627845659	0.214099921395796
-1.01961996141662	0.402291790995673
0.537683279020168	0.192536253711648
0.15388857651959	0.0668281633089699
-0.220361047167558	0.142664882700181
0.695699700165696	0.325955766150299
0.209044745567918	0.197385892489958
-0.977454406857675	1.22923317973436
-0.0171731017219346	0.00809654982375804
-0.213293977179729	0.0687362131681472
-1.28386613148399	0.577913662457171
-0.480069088440695	0.251274137273789
-0.97763070274497	0.482634692972241
-3.45714001185249	1.22455064732533
-1.02849467792112	0.40651458449095
1.3374657462467	0.583961413896269
0.15823182603157	0.0297179405544109
0.177247192199527	0.0444492499698682
0.174503749901052	0.0438676710334476
-0.772816740375267	0.336069348337938
0.678327026073525	0.214743904761834
1.96817242813189	1.23131428750786
-0.057650304425783	0.0250726904335731
1.07285002412742	1.25269848200012
-0.717094986185684	0.737290450196931
-0.45163370156794	0.417981090865313
0.17444976877229	0.0935105206612089
-1.49124391353135	1.89395309801304
-1.20882234234654	1.41328390484281
-0.0869081300768856	0.0345802469213802
0.7413463021206	0.620642258678727
0.073607734025992	0.0457225225056551
-0.124188407223835	0.0697184818922163
-0.259952568387874	0.161978017861207
0.00901987595801521	0.00465352701945104
2.9067227794082	1.96324703098467
-0.975583367378968	0.481979264011783
-0.674129190396377	0.532597736428176
-0.100035535418961	0.0586338246650371
-0.528708107809297	0.439410986954183
-0.390358806204497	0.220358130447228
-0.234705745041992	0.117371316515034
-0.488274492182305	0.365614917840615
-0.417944507660805	0.318985220134279
-0.239442490648301	0.17669527047512
0.191725788635071	0.153319575941087
-0.331404317615279	0.235014917407329
-0.420027119280732	0.360271824914363
0.333759445107575	0.21878738748042
-0.325586394688898	0.258618760204987
0.1065489156781	0.0809949812203533
0.693887880259156	0.799807228775133
-0.246035716179393	0.220946471428014
-0.529630437288502	0.522457506412462
-0.00665232900556712	0.0044014980044437
-0.29104068127485	0.235084420053903
-0.666014846441213	0.770817446828597
-0.514287378508077	0.545608010926307
-0.159920755460157	0.124157455168864
-0.529131273540501	0.439650270852568
0.0526742103933815	0.0309185377185993
-1.26748779138328	1.38092291119896
-0.437276451761146	0.288155284660209
-0.0640505625367657	0.0388054947529388
-0.217846843502484	0.0701143757601707
0.874220767397848	0.650011480185248
1.56858772607625	0.777105657890968
0.0420241333196524	0.0247252356407659
0.723080447187994	0.478970240806732
-1.16742796427384	0.654715602129289
-1.08705066006011	0.742477780442691
0.144494835354038	0.0554301003613902
0.0111216029288115	0.0056893268197857
1.78440047264883	0.995768503418283
0.159883078324846	0.0540274622304558
0.148463260340652	0.0643691516563032
-2.47516540531905	1.37758077316382
-0.387593148133725	0.161202448597226
0.818985271608812	0.343479725639711
0.906424552624614	0.490451839615803
-0.144419938894036	0.0516441997824019
-1.81766723004699	0.737367259253776
-0.216063671871124	0.0695794401283131
-0.145472337378192	0.0520149972990822
0.605461129016838	0.317290337453627
0.396306489651409	0.178953566977426
1.11324587845276	0.851608796422821
-0.479214451184646	0.251186657234223
0.967448364310073	0.959714844867495
-0.910561630230174	0.662733398029388
0.548468842239088	0.319112221367772
-3.45284250285449	1.22194559695964
-0.226662978330909	0.113089781808912
1.41765898358484	1.77046319903329
0.156961003923646	0.0761833980918124
1.46654605141329	0.485981855384374
-1.02312783931858	0.403977027889059
-1.33801878088356	1.5341942266852
0.146224919304079	0.0635001663534512
0.0505707889353494	0.0296926239075993
-0.098229243253211	0.0389536242061114
0.532196819047093	0.190683131950839
1.3366322141597	0.58354097730275
-0.00496235552825605	0.00256715735635766
-0.624623675797245	0.151937920429117
-0.529896346951747	0.333744184017453
0.341930090547529	0.191222592131123
-0.660565276881558	0.460594033400515
0.164436827735787	0.0798491395797023
-0.445957386884872	0.295151964304279
-0.000398218621201216	0.000188068554584411
0.404142246690543	0.334234170259402
-0.330935937934772	0.234564070703036
-0.452718892931525	0.300629676385639
-0.304810011085275	0.140006335401098
-0.146431287864912	0.0523647681072414
-1.0315123105195	0.407955460099883
-0.782865524186805	0.425601813822412
-0.152161785692308	0.0543720524004855
-1.21495965398367	0.915087653877916
-0.309288798070564	0.142266768832962
-0.772215387166699	0.335672015423012
-0.141699082635289	0.0507192347670775
-0.342463785834028	0.0980578484034576
0.146375004827764	0.0561236835186149
-0.44650670533215	0.295504695925139
-0.318775709203135	0.190562522976422
0.186441542569411	0.128274028211415
0.368802604308513	0.323168244505065
-0.0927821075271318	0.0542781921759208
-0.269872301882221	0.168978628856896
0.19597723705835	0.152147601287407
-0.913997437599185	0.666725445693825
-0.988131677709104	0.883208062477902
0.612857515220163	0.321860452160467
-1.71691135084417	1.44410367199932
-0.214379875099978	0.069039813976162
-0.395089929817484	0.164583031256368
-1.16508610183417	0.653159032629471
-0.390942292822297	0.220538183427204
-1.43898808251863	1.28430130666148
-0.341144872520386	0.34539433178175
0.0332766438387054	0.0241046056301392
-0.881359117677763	0.812728089679942
-0.495575658390501	0.495534313966331
0.638366971985662	0.699324083461389
-0.265385070227029	0.165851967909894
0.0155583044426331	0.00790270691237225
-0.0246862417946142	0.0158181419575529
0.1063043639288	0.078391797526408
0.887681947493187	1.02690185217331
0.366669374912602	0.343000923798256
-0.374301247752679	0.35248602197278
-0.351220197656874	0.401009755581726
0.0796275049782902	0.0687020110004513
-0.336679070956311	0.318273516498559
0.497634783888642	0.445539464928111
-0.242117775540976	0.23575153779049
0.203216374547748	0.182400135180424
-0.120551438152212	0.0959996413036789
-0.795638761633654	0.811732741326914
-0.0762106099048271	0.0549013748791141
-0.334157295828428	0.237194135961327
-0.33736046372367	0.318951745261364
1.06626356177155	1.48846924033135
-0.485265947946179	0.362744705418821
0.503352466441612	0.549698780131668
-0.0731331203867161	0.0526137007310939
0.202029528754188	0.151852815919794
-0.466779586793262	0.3940308734124
-0.29783262579232	0.136562429851112
0.345474650760155	0.193434352364799
-0.178673085185788	0.118742475188742
0.524941887940373	0.455657181031494
-0.0869081300768856	0.0345802469213802
-2.10995322640213	1.61892297110854
0.351828037932811	0.197576206279404
-0.127929699506731	0.0719106134669982
-1.16256582028056	0.650419448971805
-0.672021297814368	0.530174792266922
-0.782502679025741	0.599257299075983
-0.12558573112452	0.0705419793573815
-0.237653322293178	0.118786248549283
-0.0580140617270417	0.0252291360318496
0.324099925252257	0.211497956328222
0.150597724954071	0.0509880318097313
-0.24222771795963	0.12130289455255
-0.0517286698286768	0.0225651316331864
-1.6329871392047	1.67154055821374
-1.15956766016191	0.647955350185084
-1.13767169641679	0.984641285428669
0.352884474562611	0.198307766298867
-0.131942927609902	0.0742476788839821
0.963661779443669	0.954097160824703
-0.0217791125037005	0.0101657761553926
0.72939811055798	0.484303851092936
-1.59440962663659	1.22490734479652
-0.216657809109618	0.0697687117469907
-0.213384418421795	0.137780421901768
-0.649557152482153	0.45033651732662
-1.09191353420147	0.747742790081866
0.0147907920770286	0.00749964466137901
-0.30638836396358	0.140834438112187
-0.685465750396551	0.598066096109039
-0.210470775476836	0.135740658223279
-0.529190801986384	0.333608803131379
-0.0912861673589188	0.0533691597113326
1.01287376016601	0.836219214505589
0.811610277935878	0.339707611476625
-1.33246411340648	1.0979576005636
0.147802728209744	0.0501147268752412
0.874993733106554	0.65166425718542
-1.97596398191465	1.37475445910609
-1.09224517817435	0.747842341654811
-0.12700404162266	0.0713313418676528
-0.69632922840539	0.610969650609055
-0.0270536587229892	0.0173199620568504
0.696669736592992	0.61063517261739
0.934633162526281	0.818925956815198
0.117268594242072	0.0897029559318646
-0.526198942686983	0.43673555138818
-1.02046165380528	0.809765727041974
-1.81139863683783	0.733838743939283
-0.781499091764616	0.597311283822652
0.549727560798514	0.320176231493352
-0.178702306479251	0.0954905294284113
-0.300305242271419	0.137646574370183
-0.474248952409659	0.247977246883381
-0.0563988371072618	0.0245232546607086
-1.47865963883168	1.03494692957721
-0.524291223017337	0.329621528514263
-0.388079291138713	0.16141108863951
-0.946547974879628	0.581342300875064
-0.0541334762201861	0.0235820052061804
0.369636910388413	0.187556024024728
-0.397306375054935	0.314673528066543
-0.667385242083404	0.525423341555681
-1.9872421395481	1.38938765070914
0.162968126753743	0.0485024678975847
-0.448773973338532	0.297218983625038
-1.46029630914688	1.01481943014602
-0.65444884070417	0.455032704814665
0.690641446437276	0.323003061445007
-0.776215376215321	0.337902876111722
-1.66597282368602	0.93858145168087
-0.777350696505638	0.511700802552817
-0.287926496754939	0.293790293568832
-0.550114282741324	0.496797124645223
-0.295437189094014	0.23927846168118
-0.209769486986181	0.157824285549385
-0.886563398215241	0.734821963061444
-1.1281912758925	1.2465671094666
-0.303183777008073	0.139266770220867
-0.775952395047258	0.662603743755939
-0.776280809572066	0.591761535697434
-0.782766859075628	0.793436389051334
0.196378005676634	0.166809586388085
0.794437818177388	1.19923443081274
-0.510517886268044	0.4704765832393
-0.690486076863556	1.02856669608108
-0.106275196681581	0.102170595414967
0.194153416645538	0.155483169421385
0.290953695287598	0.228610601023719
0.359850948283913	0.345178581775342
0.618264604052141	0.579562271170761
-0.778896420598914	0.94282064337689
0.927105805263819	0.809308212410241
-0.625063088308815	0.559740601962888
0.288149322673135	0.242946279484208
0.279109327500828	0.241627641981093
-0.927016406251754	1.04888081302016
0.0893748594854593	0.0609240065792263
-0.165945805625685	0.129268013306964
-0.179368584188318	0.151443826360308
0.321633919598723	0.223175837260347
-0.256390941990475	0.159592628749779
0.0183974402078223	0.00928879943665006
-0.388257003632205	0.219162986684026
-0.0714761338089736	0.0433530793648336
0.296145578636752	0.223779316954284
-0.0914956752850092	0.0535125021767533
-0.642916385216979	0.380443036263003
-0.12704868397715	0.0713891096395848
-0.655892376171195	0.456021430468722
-0.517668923750522	0.195479102918633
-0.887602280614666	0.736097982255511
-0.393747562748557	0.222707466649205
-0.323602421973359	0.193712671280839
0.669358772931848	0.479264524003886
-0.175797749841716	0.093916829422447
-0.780725677088989	0.732028646486519
-1.67492564189792	0.946715352406741
0.351096347149468	0.19711149631605
0.157819787360587	0.0533909827533473
0.687524823750463	0.321169556258556
0.906221476980774	0.4898154096859
-0.661940856378442	0.461401978089436
-0.0479854245388951	0.0209872318396057
0.0509021946688328	0.0298794595279652
0.176096497765488	0.0944491092352336
-0.779343222499899	0.513424610004119
1.67147198864952	1.58398056027274
-0.947259266765045	1.00598852506197
-0.636466140248432	0.375677096689912
-0.566376723308466	0.411378252603292
0.761642544947874	0.75090587515611
-0.793145597761433	0.433656432905468
-0.141699082635289	0.0507192347670775
-0.6436822366453	0.380989735358482
-0.304388883274801	0.13982709843382
-0.092748825817852	0.0542212547079986
1.33686310358984	1.57539154415347
-0.48738540993895	0.364799654401825
-0.487111352282911	0.256032942088032
-1.54210584006776	1.48377835643204
-0.176952909563126	0.117553434675707
0.798205820251135	0.481202132590799
0.367451039188889	0.186432449549185
0.968567061993112	0.661911044040035
0.410027209821495	0.340193147723285
-0.51438298636481	0.194118813219938
-0.657888020791183	0.457438414658188
-0.316346193541936	0.188950376639115
-0.179591904873781	0.0959719968118559
-1.02982297784887	0.82041246874761
-0.378310779704089	0.259451688369758
-0.00974065681370325	0.00470684873919717
-0.570328237716903	0.414993873823708
0.0283773443259453	0.0156800787813837
0.0645528428951557	0.0400267241172955
-1.63834019730602	1.68238633020006
0.330479804995611	0.216409770096914
-0.301160925221968	0.138127505088985
-0.53278098993602	0.336417439568642
0.158380279982801	0.068744394324432
-0.0934343444977813	0.0546810962980559
-0.600439411796393	0.489215574531225
-1.13445631533496	0.9801817150635
-0.786518399203603	0.428730601221988
-0.63956377351147	0.378239060408113
-1.32326247992646	0.829331703110928
0.33182238602911	0.217417031815335
0.870755009229556	0.647027512004075
-0.22208044601841	0.110599811011767
-0.386331110072793	0.217779255312235
-0.59625907966181	0.484809336813281
-0.298590931157019	0.13701021268752
-0.30638836396358	0.140834438112187
-1.49602058833848	0.756782609894967
-0.321908961642074	0.227036067996705
-0.316495088213145	0.222705294994883
-0.887701831323951	0.735581236285106
-0.642488315174326	0.380440569299325
0.151538255863495	0.0513200105304366
-1.27347474159349	0.571712615994456
-0.412403141868399	0.416035030597503
0.203129449641457	0.173305559767314
-0.440090395826864	0.439033258288188
0.0151462001605861	0.0100875845075516
-0.656793977408524	0.45679942141359
-1.81002273550593	2.0889612208272
-0.262939139744326	0.164223142789837
-0.522389193030762	0.432691006824844
-0.725624466428711	0.840273047958691
-0.401861854864074	0.402493863559442
-0.111251506374167	0.0973718470415064
0.584548281204497	0.733134465023514
-0.684440935109161	0.839378914511959
0.526794711861213	0.458077525410414
0.542882073935128	0.635525321928965
-0.206813292809493	0.155306194271377
-0.173032043688586	0.114743415194001
-0.545423614945192	0.49119542760057
-0.660328757303871	0.726004608527095
-0.53321248266865	0.554008784770251
-1.39891335443901	2.53370956253186
0.199902090647042	0.214726501876136
0.382621656453975	0.410219284750959
0.109091256868334	0.0830768210583082
-0.368065329354228	0.370269955333553
-0.117068041815967	0.0813249516135813
0.0772862010228429	0.0503874171235113
-0.613484028272837	0.54623596836193
-1.59223060796502	1.88930287667372
-0.430926415285968	0.371702596200454
0.187252420927141	0.134494101498081
-0.605446524022737	0.494732822025832
0.488197252985843	0.335665916553782
-0.514683177128547	0.194119300396875
0.804108071925237	0.63991683814814
-0.941939175572101	0.577524367608439
-0.715646834778114	0.244453295526364
0.15357905718361	0.0520023014569825
0.511932527713326	0.325443181425891
0.522577483690402	0.33454201469365
0.413311756054134	0.187536318613776
-0.386696533653285	0.266271962012414
0.153830475350601	0.0520893555087474
0.410010907019924	0.185936300993219
-0.0580140617270417	0.0252291360318496
-0.391383144839931	0.162807020962866
0.164758797799876	0.0801622474200894
-0.774932707980176	0.420697360418615
0.155456144160003	0.0526000219263186
-1.51948712338084	0.539626951504098
0.705123943750705	0.330911406604627
-0.335438661955823	0.0961186879895653
-0.262939139744326	0.164223142789837
0.332651305488754	0.202486119727494
1.96178883598639	1.226023690918
2.74649987291877	1.67961613530667
0.460094756167335	0.334157387478672
-0.390827514492807	0.16269659244665
-1.32325717867429	0.829637202217989
-1.8423438978255	1.16289875457569
0.798482266417337	0.634547206071139
-0.276180547263196	0.199495313530284
-0.182269852464909	0.0974945142753475
-1.02075919593971	0.402758433461041
-0.519595731781202	0.196299451898154
-0.342463785834028	0.0980578484034576
0.173378039987466	0.0436162262322836
-0.098229243253211	0.0389536242061114
0.146940324748375	0.0637851686170186
-0.131859130835407	0.0741547612681617
-0.110471431897102	0.0873871055712979
-0.133224321377604	0.0749915927168653
0.755967443525824	0.834549110805559
-0.66205132132622	0.46192152364406
-0.523834298478865	0.197935349485881
0.447033508771595	0.179332628177769
2.13495338421896	1.49567134835137
-2.08454690353599	0.948217974636435
-0.52600289340352	0.198827346212531
-3.03122671147661	2.44464924200201
-1.16832804466908	0.655249578278652
0.34037840735702	0.207775457681527
0.0552648919540232	0.0324200708187587
-1.81738382767571	1.65172866810994
0.048389770150222	0.028429096970736
-1.08853948534272	1.67413314870091
-0.172736526561376	0.0921994862625373
0.0726270450854203	0.0472848099260316
-0.633038575294821	0.890131648879046
-1.0337554736698	0.824727731283259
0.719705280583196	0.476535772686554
-0.523592418494679	0.197882573952315
-0.602376220245858	0.288381447205566
-0.301486473443409	0.138481308496135
-0.570070563522235	0.414802943414189
-1.03661349816957	0.82850011639833
-1.48634888119028	0.74990156261755
-0.483422417586588	0.253278553252598
-1.51948712338084	0.539626951504098
0.669467631715225	0.211908752948447
-0.729206528732148	0.249387911798509
-0.572745510645697	0.416960870290354
0.192810876320955	0.144273704403666
-1.72260273423589	1.87773802799796
1.09005273088964	0.670838784331289
-0.328958203532728	0.232854214427901
-0.595170951132769	0.483659239275479
0.662643904057465	0.604473248383425
0.269321513807881	0.224437225319221
-0.691265407998563	0.605239542667137
-0.133718677326637	0.0752261405194511
-0.428405281229819	0.328980487446308
-1.83236697381102	1.15277482234501
-0.648633847095677	0.384633105644609
0.493168681105524	0.339660651533826
0.179005131413427	0.104021852411757
-0.101754823491137	0.0403399444878772
-1.32780051691398	1.3184031492322
-0.559269168510119	0.404825410489596
0.359742573726483	0.20264795887966
-2.57472877667238	0.65760345889815
-1.03092916951959	0.822211078629745
0.0345267763330229	0.0189920395345289
0.349708514431017	0.196254237256019
0.874220767397848	0.650011480185248
-1.33260491514755	0.838381611831112
-0.950366939317251	0.584124906174073
-0.332987784886165	0.265692843727403
0.865011750247613	0.793897384278897
0.795264948724369	0.630824489592003
0.299334431930367	0.216291870581545
0.467562401698579	0.341308596609279
-0.0168642042881301	0.00795073661003767
0.0401100092243908	0.0220454538476818
0.296776072116062	0.214167685442253
0.812934533785855	0.649695221203971
-0.376795874349531	0.258036059153913
1.25250041503142	1.06318451279094
0.54589930389814	0.455242203872623
0.332128372593936	0.217477055168612
0.961778148608524	0.654660432192282
-0.423685472584048	0.32452865826609
-0.0974007381229365	0.0386383754876962
0.60310035362116	0.315990849773673
0.819789802467897	0.343878443922083
-1.12881513859764	0.339906487322227
-1.02300392636396	0.403892782949621
0.533034126671957	0.190984669183042
-1.02730920175823	0.406112820022134
0.152967816569802	0.0456747746330642
1.03729632748488	0.391751460326444
0.174933567082256	0.0439573605408891
0.15804466225885	0.0686694918013459
-0.144946030904406	0.0518319984756812
0.156929680383718	0.0467922138042666
-0.392607099730254	0.163535650618449
-0.521099316651605	0.196823570454546
-0.724110175343364	0.247660897147714
1.28392804206414	0.709138384662028
0.538672909842541	0.193078624853722
0.164468653517054	0.0489167663284228
-1.48891310157781	0.751756786472401
-0.336952847519868	0.096512855057735
-0.334465167213362	0.0958562903993202
-0.772504008904122	0.335703249013588
0.696947392942228	0.326440852008827
-1.82339717789863	0.740052179981708
-4.00566782092847	1.72926284770942
-0.0179108945951383	0.00843135103947787
-1.26919005446438	0.56947477022477
0.446663041595485	0.179042654148501
-0.513824129140511	0.193894300368019
0.151787472514646	0.0514129164609266
0.822450638269115	0.345345024290892
-0.33507409718716	0.0959919997809414
0.459339193301182	0.184484990975319
-0.338530582329419	0.0969729638077002
1.04360842637382	0.394608583742794
-0.519038139240771	0.196086617266171
1.46846293168858	0.486570444742071
-0.480058856225471	0.25167089567993
0.155796951061837	0.0757368363595834
1.60567163043781	1.75580620629565
0.398325956845105	0.180000375040324
-0.477961647786616	0.250216747288543
-1.32033866824965	0.827528294710392
-0.212452220411149	0.0684629276040467
0.448524252970948	0.179929065158735
-0.723767624574779	0.247384332637155
0.696019139058386	0.326181694218467
-1.51372965066287	0.537081101324459
-0.766443517958815	0.332594018875036
-1.46566212756859	1.02217975068153
-0.722611557468775	0.247018823049159
-0.00658351475466844	0.0032967526688422
-0.728062611221892	0.249009139075467
-0.777721134580579	0.593998772374814
0.806034195650508	0.642008173051246
0.805703755556916	0.641586706988736
0.395049455688902	0.178559594602535
-0.767235035798567	0.333249238762615
-0.0165981607126363	0.00780440904025189
-0.383964629398844	0.159566611812236
-0.334465167213362	0.0958562903993202
0.17294827606403	0.0435260072159332
-0.338530582329419	0.0969729638077002
-0.141983046858617	0.0507961746820961
-0.222038342595648	0.0714812050319378
0.174933567082256	0.0439573605408891
-0.774804746858058	0.337089418232418
-0.981485656673732	0.48569248408097
-1.01881976284329	0.401954931656393
-0.221795146446767	0.0713909265902863
-1.12881513859764	0.339906487322227
0.14929455033207	0.0647661787099668
0.688648581913546	0.321900003165339
0.340930489801264	0.208195113444315
-0.140367872285649	0.0502560951722468
-0.22660846787133	0.0729201203567204
-0.523547828805167	0.197923268795224
-0.518083231189381	0.195483647696607
-1.08147555468123	1.03593046259599
0.154314056097619	0.0670150898033003
0.19340536241617	0.13348968932744
-0.0640513870624927	0.0388026346775497
1.12970747899621	1.02064191892976
-0.232777653165679	0.116306135742438
-0.220608199242609	0.142883598425837
-0.26581081567469	0.166161110758827
-0.305535223870568	0.140504897761317
0.325334221466528	0.212471458719328
0.171976692341301	0.0921003439888533
-0.480459820598873	0.25192771972448
0.369193122827495	0.187430479006835
-0.484638754569848	0.362270133494842
-0.234705745041992	0.117371316515034
0.186173224756168	0.138778751121827
1.55826981102204	1.35307287874587
-0.464314164267453	0.391379975683622
-0.11661712360763	0.104297249732883
-0.20339983367827	0.258970970750265
-0.169939317734591	0.222954752790153
-0.397854778676286	0.581360714103338
-0.488214505945713	0.656223881731638
-0.0246724653637826	0.0185357895174807
0.619792431371587	0.581700572500286
0.629845908875434	0.594127120027568
-0.0543407490835449	0.0396745567077228
-0.0466891000395179	0.0291358838848639
-0.052962153679929	0.0230952520302929
0.184257788964278	0.11432738534984
-0.0845411108901483	0.0751293470871161
0.0134952517409784	0.0108667716641505
0.0337817475562087	0.036100319038811
-0.926501038121282	1.04784700714337
0.0663194823409784	0.0430931765920196
-0.118995228493576	0.0826764307692942
-1.08660845336031	0.742995556061381
-0.942486923353981	0.577704443937854
0.911989349176909	0.494079753156755
0.165383954574812	0.0491045487518909
-2.06444769256084	0.935935080561358
0.161736914950373	0.0481441679802126
-0.522472487971899	0.197429550059794
1.4655515469736	0.485738470948645
-0.333856458330646	0.0956917261764247
0.16323818852145	0.0485873708307168
0.164122988767051	0.0488286730136595
-0.523032334451301	0.197668387893991
1.06792550004102	0.515823496339435
-1.32453605863609	0.830692861463189
0.164468653517054	0.0489167663284228
1.33579772039654	0.583034617768404
-0.141938715394053	0.0508009980270485
0.677716162542668	0.214611870267994
-1.81262047956212	0.734554727038592
-0.763504502905715	0.331323830970614
-0.14575574418188	0.0521067853554539
-0.71869462645605	0.245625159522256
0.959294652844364	0.254663957360155
-0.216063671871124	0.0695794401283131
-0.338896474896558	0.0970421752101679
-2.07036415878263	0.940048810523718
-0.3395018260887	0.0972061822975938
-0.527691412876658	0.199575669063013
-0.978181502954613	0.483691732047367
-0.335438661955823	0.0961186879895653
-1.1392911322624	0.343296386867709
-0.617055950695462	0.150241664375452
-0.221443869104186	0.0712956025102242
-0.941161637768904	0.576050401991299
-0.941161637768904	0.576050401991299
3.27129205644114	1.12317050813274
-2.07036415878263	0.940048810523718
0.951724523631597	0.252769110062367
-2.57447078703937	0.657780381714024
1.46209127003869	0.484377128190959
0.158426007238141	0.0472279903538101
0.885431525823617	0.661619269599137
0.354743966375822	0.348878889819728
-0.236981975166927	0.174600006723497
0.276679685993116	0.253245286236612
-0.339009514545445	0.0971276143948088
0.667992595753649	0.211274985737684
-0.626100288806693	0.1523229776774
0.158989511121608	0.0298299152293259
-2.57421277656498	0.657506382974291
0.955017933589342	0.253480850166851
0.155633462099864	0.0526590412092563
0.156194652005494	0.0528469788655222
0.330479804995611	0.216409770096914
0.171982253846032	0.0996659834840527
-1.3132048191869	2.23827550892354
0.224033914241224	0.26610551680227
0.174952412023312	0.0939009549952531
1.57925426036465	0.78401317838519
0.350441651864975	0.196719348347266
-0.0580803151098654	0.0424544970441989
0.674624067917918	0.213658555919133
-0.143557418831825	0.0513426758337189
-0.337924641037297	0.0968088152153293
0.148364367533412	0.0502983007600852
0.957461191854986	0.254126256439643
0.446509788849754	0.179154127101327
-0.343578042871327	0.0983670305679382
1.46364987732708	0.48479584486453
1.83162438273742	0.716000775412828
-0.302330788610812	0.138797723357851
0.822267625819136	0.345061712364334
-0.430167427145975	0.457365416447774
-0.784574784961476	0.736673190957418
0.522672125193873	0.453200479593261
0.185731889802967	0.115330761882276
-1.09627252460904	1.29675671693637
0.549165079038556	0.560010891989075
0.596250847911122	0.753821252969308
-0.0145271549324386	0.0110576265176939
0.401740165398797	0.181802373833579
0.900625561076723	0.486191449022938
1.06983533628829	0.517183639033184
1.27050303325618	0.699607347110912
0.752637539244579	0.633508611953532
-1.27182464007121	0.570794518051444
0.688648581913546	0.321900003165339
2.36264436384859	1.18001786124964
1.11851723196832	0.856739034170874
2.11521181576845	0.943205228800713
0.350808061854892	0.196923352051087
-0.140891273851129	0.05044238952326
0.011460744308792	0.00585597417353687
-0.772070585644892	0.507023910006119
-0.527353819542589	0.331969898160891
0.670762949974333	0.877975519289347
-0.394985536303754	0.531361310416709
-0.34051293593997	0.459557080153337
-0.00418254118720871	0.00426129233528805
-0.168523027282303	0.156269424591041
0.196646503807639	0.171434643085879
0.675958269647542	0.485982369889282
-0.215815148052618	0.0695090074287807
1.0131832898693	0.835060456510963
0.0985390716270447	0.0745939821894051
0.524576242188545	0.919757415310962
0.071434087299089	0.0464949614247541
0.695505124799318	0.325423465504154
-0.337924641037297	0.0968088152153293
0.956021254579335	0.253830462538477
0.16190498991222	0.0302625824147867
3.63896224062815	1.42951913528691
0.956455214607419	0.253949648163622
0.45553137225796	0.182978916553521
0.158989511121608	0.0298299152293259
0.955017933589342	0.253480850166851
-1.12825544522804	0.339732258677114
-1.50922180218546	0.535188573690381
0.674143348272808	0.213431626689393
-0.620473624670499	0.150917804175241
3.6430217955396	1.43205157105291
2.75805496536761	0.766752929661107
-1.13005980836986	0.340353048236203
1.46265753359042	0.48460907431551
1.95879552552655	0.437985228139192
1.46498308680977	0.485505347800691
-0.625630686390319	0.152156798395567
0.959865181244613	0.254814612498812
3.27129205644114	1.12317050813274
0.441943033911723	0.177112743935041
-0.620473624670499	0.150917804175241
0.168774858509076	0.0425819447497206
0.952729371406254	0.252945498225285
-0.724381910046542	0.247676943012395
4.17847139446736	2.00361183825127
-0.518947990401155	0.195906357411418
-0.340107395831878	0.0973408882698726
0.536145192793524	0.192183675780863
2.76197196120423	0.768541369225187
0.668573101937414	0.478908258360182
-0.338395647029448	0.0969382934539019
3.26835783601252	1.12163011968705
-0.617055950695462	0.150241664375452
-3.08247559880565	0.958940682858076
-0.221443869104186	0.0712956025102242
1.95793128711136	0.437766051086387
0.959294652844364	0.254663957360155
-0.261791711505625	0.16322811223144
0.425787975121371	0.446759117825607
0.632595885782244	0.59761172080093
-0.467573897490374	0.394869253136282
2.12060907139227	0.946711025116316
0.675591354383564	0.213968352567141
-0.339623607104268	0.0972733866332868
0.157971563808893	0.0296806747786729
1.45941385003452	0.483259882361236
0.158989511121608	0.0298299152293259
-1.79763019308962	0.379603777700996
0.146246069291888	0.0495689927225683
-0.220606538471739	0.071036835690658
-0.172961156781053	0.0923281973625119
1.27953842101732	0.705311769256381
0.732802585031259	1.01065387591043
-0.225829980991347	0.252179026059071
-0.0910660369009666	0.0361805406073465
-1.50824112923963	0.534752090600511
-0.391310840677549	0.162957321542088
0.298696643282895	0.244731930910812
1.46498308680977	0.485505347800691
-0.348607690542337	0.0997201825095866
1.95879552552655	0.437985228139192
-2.57847696185857	0.659529736545688
-0.620903335937371	0.151058535991718
-0.334465167213362	0.0958562903993202
-0.616620021012413	0.150099962492625
-0.616620021012413	0.150099962492625
1.95879552552655	0.437985228139192
1.83126911611682	0.715624907230154
2.75704467106166	0.766025498669684
1.4655515469736	0.485738470948645
1.09538623508025	0.676056409165149
-1.12725353624624	0.339405023147411
0.158202431453599	0.0297753629586498
-1.50922180218546	0.535188573690381
-0.388408062610022	0.161550493058169
-0.425579231995478	0.535108483704765
-0.569982951381094	0.662556907533108
-0.9416127467408	0.577288923784101
0.18869757596567	0.129939334140612
-1.14794765394604	1.63537501760506
-0.109223547821375	0.0970894254929971
-0.0673243303208427	0.0550483550199203
0.025403432014712	0.02101560618279
-0.236086324642564	0.19630502533822
-1.20703503466368	1.79126693317734
0.179621221260265	0.117499525765712
-0.102206992537433	0.0405182533193162
-0.320007983722169	0.191389859926031
0.150571240221929	0.0576776917123369
-0.972350143216734	0.479808657128879
-0.382980162998546	0.215643245489391
-0.659465866371866	0.45890368060661
-0.129214590903034	0.072641891650997
0.349548307043926	0.196141372579054
-1.15963960719356	0.648048133271907
-0.0215624372573211	0.013846350529895
-0.319429767684813	0.191027613121801
0.382579794186564	0.32559466803154
-0.662617098155497	0.462044707442643
-0.860286498609955	0.924083317163697
-0.104194944342966	0.0907408308533082
-0.174332597556392	0.214126499597755
-0.201156771121781	0.235564336948963
-0.24887261672193	0.297914051053148
-0.0736648484535334	0.06595218203725
0.130472214511509	0.114199713712079
-0.101563770461527	0.0402871199760124
0.418511174823608	0.533087595299987
0.509991087341132	0.324594491753743
0.912936551999919	0.494600032706188
0.697606114857369	0.326668533008129
1.09209185574549	0.673203759262792
1.03729632748488	0.391751460326444
-1.79763019308962	0.379603777700996
0.173940988172143	0.0437550114519682
3.64405193165419	1.43312407887711
-1.12881513859764	0.339906487322227
0.678685727410979	0.214982042405379
0.956455214607419	0.253949648163622
1.83223894779093	0.716336716062103
-0.720199314130701	0.246072307343885
1.33579772039654	0.583034617768404
0.538429897530365	0.192950352896287
0.15823182603157	0.0297179405544109
1.82302843670005	0.711622876194053
2.76197196120423	0.768541369225187
-1.02790181469622	0.406358338825706
-0.518644858635781	0.195729988241304
0.675232747867266	0.213789953820415
0.532792572738207	0.190847845049574
-1.0225353038078	0.403750407139113
0.160181680996089	0.0476913583633166
0.159920372276999	0.0476279199969756
0.150978564197462	0.0511367124353463
3.64710400400511	1.43385490736823
1.4655515469736	0.485738470948645
0.174707424626998	0.0937490617869855
-0.337924641037297	0.0968088152153293
-1.12769593434811	0.339436368028373
0.168774858509076	0.0425819447497206
0.526808022811829	0.188639363777938
-0.982042798661068	0.486468525599167
-0.338896474896558	0.0970421752101679
2.75805496536761	0.766752929661107
-1.50452462334422	0.532972119637479
0.176818183184722	0.0443715906559113
-2.07003804100853	0.939770540845245
-0.620473624670499	0.150917804175241
1.83223894779093	0.716336716062103
0.345629904555273	0.193549418695857
-0.339336710999628	0.297833180143993
-1.11856843962664	1.4548350344225
0.28626693446169	0.224284511015177
-0.39541744095324	0.164713810131994
-1.12725353624624	0.339405023147411
-0.61946410648704	0.150698865008898
0.53506523810313	0.19165955342409
0.952729371406254	0.252945498225285
1.03642094901871	0.391350967824649
0.156949766850595	0.0601041781431877
-0.220012614431353	0.0708340703939625
-3.75228333635026	1.47685987725686
0.0515900709227168	0.0302920436376002
-0.600291226463912	0.287758668770124
-0.340581435836089	0.385472064211473
-0.771296136864305	1.19258245005309
0.0324551101820919	0.0179029716059498
0.80247827199933	0.483929815675673
-0.0108088889367836	0.00520833881491302
-0.256442643168532	0.246812262055553
0.52849022154644	0.189177901504486
-4.01136977291368	1.73314014358053
-0.225182689240325	0.0724666337806473
3.26732978575294	1.1211772426211
-0.337318918589577	0.0966140796949229
-2.57447078703937	0.657780381714024
-1.7975657981284	0.379599665892429
-0.62133920787282	0.151240698635141
1.95793128711136	0.437766051086387
1.95793128711136	0.437766051086387
0.955450516302873	0.253599562429476
1.46067242606004	0.483688692701864
-1.7975657981284	0.379599665892429
-0.619895187822925	0.150839789138775
-1.27208987432739	0.571097274965283
-2.57421277656498	0.657506382974291
-1.12769593434811	0.339436368028373
0.157971563808893	0.0296806747786729
-0.624183598429151	0.151840837481169
-0.177276201432758	0.162222845026395
-0.559500004027165	0.619191309344531
-0.788876971206214	0.521947457261335
-0.298390259248241	0.262998815510668
0.192480667239448	0.138558304411127
-0.0556922780411123	0.0406750882716229
0.502431673319384	0.547961113444108
0.364191832728798	0.329276039052565
-0.59181445037102	0.480438628890784
-0.290137195952509	0.211010443106588
-0.56714336280752	0.411790479782704
-0.864382633810734	0.93105625188118
0.493886390722255	0.340396521971841
0.574810334983412	0.573193601746158
-0.777092120703678	0.593672239309828
-1.44071014168942	1.28514538001367
0.725543818777528	0.481793039346714
0.335645099995681	0.204655910552849
0.330020217575301	0.216111383605394
-0.529190801986384	0.333608803131379
0.693986115768635	0.607485803199519
-1.08334492566885	1.03912321961666
-0.248451323055513	0.184269922567425
-0.704057059788728	0.762949587211801
-0.53404598804455	0.528205636489495
-1.11192191506424	2.19032980607521
-1.09070930315073	2.69270185738939
-0.713829454830462	1.34869239457101
-1.00296604381568	1.88023666015951
-0.524346535257193	0.730177310940181
-0.52394808597282	0.647996995219057
0.822267625819136	0.345061712364334
-1.59173128578551	1.22142024063223
0.165353233252732	0.0491580922731075
1.33856572193498	0.584370161748649
0.173940988172143	0.0437550114519682
2.11754480680452	0.94503257477152
-0.212452220411149	0.0684629276040467
-0.149109006987793	0.0533158375998453
-0.216900861291041	0.0698804747706956
-1.50884424560785	0.535043767502043
1.33939955440594	0.584836454304115
-0.338530582329419	0.0969729638077002
-0.715034146888943	0.244213254744201
3.27232628525746	1.12331698634376
0.53471313464826	0.191636123836102
-0.34307485466429	0.0982470421897248
3.64405193165419	1.43312407887711
0.17351044503084	0.0436385160120603
-0.718972834438042	0.245626954230634
-3.75718934185265	1.48017499214909
-1.50982433145335	0.535480148233091
0.162352652580513	0.0483303505238246
1.82755032422624	0.713907775987463
-2.06444769256084	0.935935080561358
0.822832332666427	0.345345001072504
-3.45714001185249	1.22455064732533
-0.605291505126369	0.290343566368734
-0.337924641037297	0.0968088152153293
0.154259314455831	0.0291924198815566
0.158426007238141	0.0472279903538101
-1.03245148567025	0.408234901567786
-0.0197822917427009	0.00925862892272777
1.06907425899489	0.516809847567525
-0.619895187822925	0.150839789138775
-0.973805039388143	0.480577743623411
-0.619895187822925	0.150839789138775
1.04638771946291	0.395714063580135
0.827869862391494	0.347914518409003
-2.06530788404037	0.936496100496138
-0.688821246455736	0.602340448361972
-0.10566000521422	0.0751749168818686
-1.21194545197875	0.912913592872104
0.0357977338009648	0.0267697398312672
0.145673463624784	0.0632070261698103
3.26732978575294	1.1211772426211
-0.0983094882699554	0.0389944655091387
0.678685727410979	0.214982042405379
-0.344042706429557	0.0984794926451442
-0.337924641037297	0.0968088152153293
-1.81200943037821	0.734241478143734
1.96161885370972	1.22410848893371
0.168047617405793	0.0498928161895134
-0.396950755568436	0.224651445911786
0.147928640772862	0.0642759491633185
0.196362976158418	0.147197709533191
-0.355847515742206	0.439581791948048
-0.0157592190373346	0.0074520272839051
1.06845345068197	0.515945462407473
0.675591354383564	0.213968352567141
0.0951948388032328	0.0697784712811902
0.165007048838445	0.0490553112296366
-0.620473624670499	0.150917804175241
-0.522472487971899	0.197429550059794
0.673656731319726	0.21327169490293
-1.12725353624624	0.339405023147411
2.35783908683091	1.17632259504716
-0.621333103088639	0.151104040920032
-0.338896474896558	0.0970421752101679
0.15823182603157	0.0297179405544109
0.153267904345544	0.0519012670754554
0.960305402281055	0.254935680101795
-0.620473624670499	0.150917804175241
-3.4565767152091	1.22430361707387
-0.617491939447093	0.150288713008559
-0.52415274028227	0.198056534648652
-0.660569721335751	0.460659614467714
-0.819094272551929	1.07706941456883
0.970539946195258	0.964045111142485
-0.0580467975774169	0.0351367180678907
-0.55891349952238	0.618549993766505
0.310794104819503	0.225860647901081
0.0254481800860975	0.0184242098600842
0.388922159555297	0.332392524614981
0.440930216495948	0.524734929272304
0.355017887314291	0.329587110631211
0.750520598418531	0.630788961960841
-0.982565259192794	0.875539655354262
-0.394276336796569	0.164179509947552
-0.397513641534177	0.225059461609321
-0.301486473443409	0.138481308496135
-0.485183582770339	0.25442066627124
1.97184430736102	1.23481922319955
3.93297854230234	1.72057752612902
0.399695801766387	0.180683214308556
1.45750864016971	0.482642955020513
0.955450516302873	0.253599562429476
0.959865181244613	0.254814612498812
-0.0525594345353508	0.0229254914448149
-0.304388883274801	0.13982709843382
-1.49602058833848	0.756782609894967
1.33603551913475	0.58343053611899
-0.780712133896391	0.515040903095225
-0.397122871929765	0.22479707022336
-1.18141776927475	1.21225623708146
-0.884620674924334	1.16493062730151
-0.734747694743583	1.0611917637706
-0.288167085896573	0.345789296015001
-0.165731985840514	0.141876216548122
-0.335153972639271	0.267717864546332
0.193675525722584	0.127444813181755
0.177720391048058	0.121747060836216
0.44914898411776	0.437349095892452
0.215908581460515	0.222640977566574
-0.100270055652925	0.0587736801403709
0.904756941010288	0.489375115500141
4.18678297804091	2.00771333483639
0.827378067011008	0.347541772420381
1.96141436018454	0.438711417164155
-0.617055950695462	0.150241664375452
0.956021254579335	0.253830462538477
-1.7975657981284	0.379599665892429
-1.7975657981284	0.379599665892429
0.158687948318654	0.0472850694532285
4.17662622274262	2.00124927546575
0.956021254579335	0.253830462538477
1.95879552552655	0.437985228139192
2.75805496536761	0.766752929661107
-1.50884424560785	0.535043767502043
1.95879552552655	0.437985228139192
-3.08203891306948	0.959069086853276
-1.12435877083653	0.338493350823416
-1.79763019308962	0.379603777700996
-1.80127875869	0.380587746892248
-3.75288411079685	1.47718399320021
-1.12435877083653	0.338493350823416
-2.57421277656498	0.657506382974291
0.16323818852145	0.0485873708307168
-2.57847696185857	0.659529736545688
1.95879552552655	0.437985228139192
-1.7975657981284	0.379599665892429
0.556528688145265	0.324522660179231
-0.214379875099978	0.069039813976162
0.172385921068679	0.0433875285709768
-0.625191995446008	0.152059991852936
0.159251072645633	0.0298673857617753
-3.08247559880565	0.958940682858076
1.3329197605053	0.581616348611346
-0.625630686390319	0.152156798395567
0.955450516302873	0.253599562429476
-1.13295352450292	0.341266245931736
1.46498308680977	0.485505347800691
2.75805496536761	0.766752929661107
-1.79763019308962	0.379603777700996
0.555637941797445	0.324113728781654
-0.175507326449186	0.116509742115285
0.347259605818313	0.194584113970339
0.302073647545987	0.247976077535649
0.956455214607419	0.253949648163622
0.159251072645633	0.0298673857617753
-1.7975657981284	0.379599665892429
-2.57447078703937	0.657780381714024
0.174503749901052	0.0438676710334476
1.04881966420667	0.396662545686339
-1.79763019308962	0.379603777700996
0.443798008150689	0.177893834432714
-2.57821111666453	0.659475059970799
-0.140824084275385	0.0793958362495675
0.959294652844364	0.254663957360155
0.0961913166851391	0.0682300968666918
0.347455117122219	0.348887860641635
0.483653967243153	0.331810831473296
0.17294827606403	0.0435260072159332
0.16190498991222	0.0302625824147867
2.75704467106166	0.766025498669684
0.162171049505848	0.0303007576998756
-2.57421277656498	0.657506382974291
1.95879552552655	0.437985228139192
2.76095211479574	0.768066673537379
-0.616620021012413	0.150099962492625
1.46398903776532	0.484992681122713
-3.07793266340176	0.957013587093989
0.15823182603157	0.0297179405544109
0.15823182603157	0.0297179405544109
-1.48711612477509	1.88667254202914
0.0648481554113481	0.040212167155229
-0.314628103952626	0.187503237004246
0.398761084559206	0.328768503277028
-0.78590971768464	0.51919998118421
0.333644710646216	0.218643921406952
-0.612761538158242	0.54539001603906
-0.440972149274013	0.440117190871827
0.0881826268199166	0.0576796787060757
0.305700043940081	0.221699099532453
-0.342825562919826	0.275012620899257
-1.24398197809189	1.15961439297228
-0.338896474896558	0.0970421752101679
0.674143348272808	0.213431626689393
-0.126348101151688	0.0709457688260577
-0.165166310352104	0.087942043166286
-0.600850657122921	0.28736927263841
0.453093480981549	0.181948913825526
0.163853552605343	0.0487595972376143
1.07168699063469	0.518155267384757
0.532196819047093	0.190683131950839
-0.0927946661440408	0.0368619033883659
-1.01941107455962	0.402225234221499
0.142661364339655	0.0547224825377154
-0.0897031791441643	0.0356508814453891
0.390142643724032	0.176154154152623
-0.676569054237898	0.534656074469551
-1.46235116347323	1.01681981148871
-0.0241566903562184	0.0112420956482249
-0.386616903804978	0.366778358336207
-1.00121991038001	1.8098389483133
-0.430053096284569	0.661155767540172
-0.239706373728083	0.28217720735891
-0.72006215825948	0.831036951762756
0.0970237832969366	0.0688743415110368
0.363200568301194	0.328327863850818
-0.174485690596602	0.207329241528241
-0.888262958115544	0.735692658681862
0.492934099700588	0.339216496568548
0.620323040908876	0.472608162746056
1.33184695246066	0.580735815343295
0.956021254579335	0.253830462538477
1.46654605141329	0.485981855384374
-1.79763019308962	0.379603777700996
0.159251072645633	0.0298673857617753
1.95793128711136	0.437766051086387
-0.620903335937371	0.151058535991718
-1.02279263404674	0.40371590748429
0.959865181244613	0.254814612498812
1.96141436018454	0.438711417164155
-0.620903335937371	0.151058535991718
2.76095211479574	0.768066673537379
2.75704467106166	0.766025498669684
1.95793128711136	0.437766051086387
-0.625630686390319	0.152156798395567
-0.722881564981813	0.247143842823858
2.75805496536761	0.766752929661107
-2.57447078703937	0.657780381714024
-2.57472877667238	0.65760345889815
3.26732978575294	1.1211772426211
1.46209127003869	0.484377128190959
-1.79763019308962	0.379603777700996
0.959865181244613	0.254814612498812
-1.7975657981284	0.379599665892429
-0.513824129140511	0.193894300368019
0.678685727410979	0.214982042405379
0.818422599411602	0.343294101023506
-0.624183598429151	0.151840837481169
-1.7975657981284	0.379599665892429
-0.61946410648704	0.150698865008898
1.46067242606004	0.483688692701864
-0.791601548904625	0.432372510297291
-1.02220030668553	0.403399409057447
2.76095211479574	0.768066673537379
-1.79763019308962	0.379603777700996
-1.7975657981284	0.379599665892429
0.532196819047093	0.190683131950839
0.0118982557827609	0.00609473755687798
0.38618019183736	0.329489330727795
-0.942075893714716	0.99698037929595
0.293072977370567	0.211041114407406
0.538429897530365	0.192950352896287
-0.625191995446008	0.152059991852936
-1.12435877083653	0.338493350823416
1.3218976662198	0.575249732654751
0.529323457472478	0.189545567502798
2.75805496536761	0.766752929661107
3.27025913837768	1.12233669524588
1.33520072787008	0.582923907307515
0.959294652844364	0.254663957360155
-2.2908626416343	1.15670010225606
-1.13005980836986	0.340353048236203
-0.276315200127511	0.269811851686716
1.82851727583204	0.714435845516616
0.674143348272808	0.213431626689393
3.26732978575294	1.1211772426211
-2.57421277656498	0.657506382974291
0.15823182603157	0.0297179405544109
0.959294652844364	0.254663957360155
1.46398903776532	0.484992681122713
2.75704467106166	0.766025498669684
0.157971563808893	0.0296806747786729
-1.7975657981284	0.379599665892429
-0.68572867370626	0.878609091015515
-0.47054241569088	0.463190067623425
-0.786092779497925	0.428520464559124
-0.789123466035752	1.00854087118159
0.169412421512723	0.0908741085620704
-0.0832656988850393	0.0675084810112969
-0.139166361645471	0.109399239165913
-0.239164435572281	0.256580160415631
-0.784919606232448	0.796894394206942
-0.333003210264657	0.265657018413523
0.0337870177003789	0.0252483246610184
0.0560742573619385	0.0329216839724769
0.41902589007134	0.333404506767101
0.160186052137961	0.0777139416844314
-0.467339484150101	0.394618945622371
-0.0524999145766508	0.022888116622185
0.826816090554278	0.347389878556976
-0.056741056109785	0.0246921392211106
0.791701761285813	0.475756692654664
-0.523287577810495	0.197683280030088
-0.1291358298828	0.0726203101419025
0.350969711245587	0.197059906265957
1.46331645924642	0.484601445358107
-0.554329858635018	0.40017867237086
-0.0164561878859821	0.00775847484251139
0.17738312662749	0.0444846964186047
0.614123131486681	0.322701852906607
-0.302005383276034	0.138513336068937
-1.31627376238952	0.822551753667786
-0.04207987535927	0.0184897523188986
0.447039871373376	0.343057692739857
-0.186551798332057	0.142983411186445
-0.623474525766656	0.727596387978267
-0.369630525959114	0.563045044283399
-0.370143271336157	0.571866112275085
-0.864538482649587	2.16921625721984
-0.593177946307913	0.857725710513772
0.195322690449174	0.186649795101567
0.080000166520881	0.052166462969861
0.441762467044186	0.538096938244705
-0.499787983768865	0.586303855189597
-0.586911850679745	1.15880339922577
-0.0102024876521595	0.00667925842408906
0.590767039774165	0.475527879108169
0.745889363192189	0.626074739693381
-0.798817373936243	0.435265976233973
-0.216657809109618	0.0697687117469907
1.04726688944174	0.396088731238016
-0.306930508022665	0.14097542601632
0.955573890382782	0.253753322308027
0.675591354383564	0.213968352567141
0.17351044503084	0.0436385160120603
0.950720958067184	0.252420162622268
0.441666507096307	0.176930614044037
1.46109938210879	0.484014060767982
1.46498308680977	0.485505347800691
0.174933567082256	0.0439573605408891
1.4655515469736	0.485738470948645
-0.62133920787282	0.151240698635141
-1.7975657981284	0.379599665892429
-1.12825544522804	0.339732258677114
1.04487260095226	0.394873910276673
0.956455214607419	0.253949648163622
0.167786821496111	0.0423548811213711
-0.390078865929778	0.162194336703361
-0.722611557468775	0.247018823049159
0.957025852492456	0.254006696314478
-1.26945631186387	0.569581952717256
0.15823182603157	0.0297179405544109
1.83633740824933	0.718096082890721
0.956021254579335	0.253830462538477
0.159251072645633	0.0298673857617753
-1.5094475769206	0.535248673690833
-0.149915159045215	0.0535975402652961
-1.12669343566207	0.339109154533815
1.33999521271986	0.585413722027566
-0.21750140385887	0.0700056929839968
-0.625630686390319	0.152156798395567
0.564018570642152	0.33027934292279
-1.50824112923963	0.534752090600511
-1.7975657981284	0.379599665892429
0.157971563808893	0.0296806747786729
0.957461191854986	0.254126256439643
-2.57821111666453	0.659475059970799
0.957461191854986	0.254126256439643
1.83320872066104	0.716809839835328
0.721485156228288	0.478182564239335
-0.547480997774238	0.57402956979526
-0.61437313288762	0.547377896116125
-0.00897711583814279	0.00686672703939078
-0.723495739913315	0.247436366504984
0.678327026073525	0.214743904761834
0.15823182603157	0.0297179405544109
1.96141436018454	0.438711417164155
0.531954615713782	0.190517989079214
-3.08160228540496	0.95864568534502
0.959294652844364	0.254663957360155
-2.57447078703937	0.657780381714024
-1.5094475769206	0.535248673690833
-0.559522871925333	0.40504895222092
-0.216657809109618	0.0697687117469907
-0.0170623467274951	0.0146911162243546
-0.114307137138549	0.122869489800973
0.156141196361255	0.0597960230630664
0.678685727410979	0.214982042405379
0.159251072645633	0.0298673857617753
1.46067242606004	0.483688692701864
0.673177180799231	0.213063750844139
1.96141436018454	0.438711417164155
-1.7975657981284	0.379599665892429
0.17351044503084	0.0436385160120603
1.04577073722875	0.395582052714565
0.172643132163515	0.0434132410698589
-0.337318918589577	0.0966140796949229
-4.01014569439281	1.73163098424855
-0.0114329482612249	0.00969083655958273
0.198467308750467	0.177572895731218
-0.426559245295367	0.327240039700487
0.484354412808201	0.448292578659896
0.274770862223907	0.229732625940883
0.329598689822128	0.359174814600409
-0.577333899621928	0.748309345701797
-0.324837832796307	0.762823066536719
-0.450048745629214	1.05068311737234
-0.61660210204945	1.70698314501979
-0.693330968048928	1.73934652151318
-0.139598165067474	0.195604618837055
-0.367813023254051	0.711799545786888
-0.550821887660036	1.06446650931185
-1.66587668479304	4.75787322240761
-0.650336042339124	1.42442492667191
0.113019250825604	0.133667593048789
-0.861411065044789	1.7369133031798
-1.79807962513749	4.53179762384177
-0.999230600636301	2.47484012580175
-0.232936534017904	0.24194877582706
-0.302035567880482	0.344755191012731
-0.37242523510311	0.458164259824414
-0.956786308907388	1.73042263957752
-2.15687851865794	3.64219702603525
-1.19435961825812	2.09572220887757
-0.699545633966458	1.04800493351407
-1.90579949845516	3.15698001428957
-1.40353800712593	2.5476461933395
-1.64115137566494	2.56634547407376
-0.497537334793333	0.455198493145577
-1.34365807837809	2.19943737211715
-1.290275571948	2.42078069624377
-2.4389158360007	4.83211946337061
-1.63354480078677	3.01645757696383
-0.269641869468182	0.262088344482359
-0.858933011751419	0.922347122114327
-0.0419205361595486	0.0348720813891068
0.12105453635452	0.105261248003958
-0.467879693279991	0.550315565496086
-0.673761892310036	0.784118175621738
-0.219576252411105	0.202807097609363
-0.462048731888032	0.488394206309722
0.453395203763733	0.531696874038055
0.526960838730527	0.548806431038331
0.550790198249158	0.647388450344802
0.121329181371861	0.0983311499545134
0.0723620535421197	0.0449181947585436
-0.411343265702604	0.384419224268254
0.190129874019822	0.136737399425762
-1.05740956394231	1.10806501603138
0.326719850324582	0.213292592474781
-0.522720561933513	0.4330485464168
-1.63398929147502	1.67488462523999
-0.59404705815088	0.482847112190769
-0.762663850038628	0.330792072538344
0.452044435979438	0.181489264363155
-0.912224829916015	0.665613396839101
-1.46443140129985	1.01888602866854
-0.653452002082526	0.388361562159243
-2.4366553108947	2.38081216182725
-1.01542784649906	0.400233121982769
-1.0880518720723	0.743361246666321
-0.604641338608145	0.290272208298259
-0.644562633459371	0.381599531724609
0.355214746387786	0.199544306379153
-1.27459520685323	0.572338440342121
-0.667359405862534	0.46658703457755
-0.590957897406833	0.479530058977469
-0.146671241838456	0.0524820954965394
-0.293669531372474	0.134552643943485
0.150249356563049	0.0575466478816129
-0.778103828717294	0.787146187546718
0.370011540788224	0.187565655897233
-0.396219550865122	0.224236127399518
-2.10907385352874	1.61703726051096
-1.33388396322861	1.09991761476981
-2.9179458010582	3.89540258336346
-0.596380596267231	0.285372967250367
-0.619895187822925	0.150839789138775
-0.3395018260887	0.0972061822975938
-0.987127221754009	0.489312749506882
-0.0950739865323347	0.055611168781571
-0.781382690709257	0.515824876316727
1.06623516714224	0.515260674258817
-2.46552591038722	1.36810122876757
-1.59529968359104	1.2263211802271
-0.640575636371148	0.37838477921287
-0.783606513176465	0.426851589436857
-1.71149002985958	1.43558679019434
-0.693184366971158	0.607343330175609
-0.140706310800257	0.0955876918584418
-0.483017021091847	0.253044587728059
-0.642881366552539	0.662374916457016
-1.14227246381504	0.989817989984283
-1.50573496603534	0.533703959061235
0.452290871775091	0.181603858248631
-0.141938715394053	0.0508009980270485
0.959331473357788	0.653417384708658
-1.83407114995771	1.15478725029289
-0.148866463966334	0.0532149807379995
-0.694299506995023	0.608811439427155
-0.0899219049907872	0.0525760634001718
-0.282274235987847	0.204536785252992
-1.14009396790917	0.987405403721791
0.442454701129554	0.338549411373705
0.440695128458237	0.33717227908225
-0.334830546749113	0.0959542136262779
-0.625191995446008	0.152059991852936
0.160438646899689	0.0696255586219325
-0.384447885680163	0.159759774680261
-1.98003427618288	1.38083297681597
-0.975506647386736	0.482032028167388
-2.06721524367554	0.938052626142087
-1.01856232210606	0.401844162864408
-0.534056502594214	0.337160509756893
-3.75718934185265	1.48017499214909
-0.391383144839931	0.162807020962866
-0.762954101558622	0.330811061075591
-1.81738212013859	0.737229580571004
-1.83366264425994	1.15321657928719
-1.59662388019265	1.22632898934724
-0.885675071706451	0.733813153399574
-0.977029846580279	0.483102582682567
1.77231562592147	1.38621158373397
0.371137453595796	0.18831705332053
0.968054598959487	0.960599485412829
-0.529918463148414	0.334278326306688
0.00770152636657042	0.0110655362810388
-0.399706696709415	0.86845708889156
-0.0914387906116169	0.129356638213652
0.122897990536217	0.158566327726017
-0.560496742496728	0.916673349132267
-0.205051042619126	0.290460822410774
-0.502204416265553	0.870051921142248
-0.475243387350638	0.84478572766459
-0.194093829361809	0.214275464070856
-0.104027682619753	0.112210887275948
-0.863669323628564	1.33916583681743
-0.938197488451866	1.79122680951162
-0.423146028480165	0.547084153056839
-1.03580963079493	2.14596870837207
-0.450914764900464	0.505600722775109
-0.068758348224799	0.0562644560579572
-0.626844340890639	0.732926216123357
-1.21415096119582	1.93273385804216
-0.675873269712863	0.82500257219202
-0.42764967124597	0.527969889308579
-0.998975155355693	1.43372954627016
-0.263363693932749	0.254820239222682
-1.45220618977219	2.38194977582993
-0.785938956849446	1.00280209952706
-0.716921283770377	0.946467299224048
-0.372778402985004	0.350598876643413
0.799200670779323	0.863930467011432
-0.185261445449626	0.141843743330892
-0.245656759275581	0.181901671834587
-0.0668111744989821	0.0490110311962807
0.595680540538361	0.480488806174374
-0.261095502073599	0.252074058870029
-0.478949737637983	0.474413019673087
-0.233735449778047	0.194109318324261
0.661129153066111	0.602627455133885
-0.0566408035055333	0.0413571727162917
0.293877663699713	0.23129415858236
-0.158917451937693	0.135415494210241
-1.34302903857072	1.72486351203523
-0.0063844370860041	0.0032087159771776
0.105635153700868	0.0803008761899822
-1.04473866037459	1.55371311707504
-0.711391242186672	0.816917296234784
-0.881655503477078	0.813057355234706
-1.13645351364389	0.981996166265262
-0.635220000821789	0.613025169635321
-0.857791564028749	0.920771371907716
-1.11698353623261	1.22764222525267
0.0704230945912421	0.0458259878136915
-1.34210354094081	1.33985673093964
-0.431405544254801	0.331759217464638
-0.384513512316846	0.264483019386494
-0.256220810175647	0.159568520163851
-0.0566814312347692	0.024663840569163
-0.0826383734812249	0.0482460395583071
-1.02646992740998	0.817138832357954
-1.08716971383632	0.742679200961319
-2.33129795937735	2.10978812030742
0.0549141520580747	0.0322393477545512
-0.765918596168096	0.332344936277861
-0.0134626072183349	0.00641173906074151
-1.4866453190493	0.749741297142212
-0.533862058445608	0.336979188010933
-1.08426295491796	0.740441109643431
-0.0936973003438628	0.0372243353271805
-0.320477962271511	0.191575374428099
0.397132083199872	0.179401062142935
0.669120932782783	0.479502714223731
-0.301160925221968	0.138127505088985
-2.28109906238932	1.14881626005237
-1.32903278684979	1.09429529516176
-0.444608350972131	0.294239742144241
-0.946237392148626	0.580983147534171
-1.27238367185372	0.571130757873106
-0.530045610257165	0.333774844679453
-0.609423747259819	0.29295321055474
-4.21999186440652	1.97501515858694
-1.58736847412019	1.21463372644256
-1.16607905937206	0.653385381617348
0.699215316866119	0.327582927282888
-1.4131087488341	1.70674736160516
-0.00802285266705767	0.00528366022100816
0.166314705187893	0.0890607991534099
0.463516507989928	0.337640781364365
0.347764192111155	0.194941510301172
0.716011978753192	0.473027361694847
0.724481274523696	0.480268031038252
-0.260357245472838	0.16240061435387
0.163792975296134	0.0876042028193231
1.96272619653569	1.22481884689011
-0.986977033395282	0.489023139808352
0.0768453217139368	0.0500712602246232
-0.435030794438633	0.335211257528647
-0.612761538158242	0.54539001603906
-0.102446196903739	0.0600710551080913
-0.673577061437627	0.53202737539721
0.338805243956203	0.206678169572626
0.157538316078308	0.0683676992847985
-1.46362645766004	1.01809939101358
-0.533511735439605	0.336735046517813
-1.0875519804224	0.743028016763921
-0.395517410573771	0.164853352031741
-0.778972040006416	0.513567385472581
-0.656600290660398	0.456941729568734
-0.387107194557662	0.160981730893828
0.170463560118838	0.091360753424875
-0.308296479332759	0.141835818974633
-0.310413608170778	0.18486848643793
-0.392775716668667	0.221907186609343
-0.894192070225366	0.742655915162893
-0.366698460393987	0.249947421223729
0.0533632933145888	0.0313375000837366
0.0438907427452785	0.0241030106135332
-0.976965501384897	0.482541778931257
-0.392156298774608	0.221536768132681
0.185416832725063	0.127492892580959
0.0191788603501474	0.00964904075879932
-0.339136742629042	0.0971078731889835
0.604638650078547	0.316643151824013
-0.291801448023628	0.559761055886351
-0.0310972033379628	0.0365575291576134
-0.162157675486742	0.179024937278771
-0.294307598241059	0.51666373436361
-0.603942806596816	1.07405652500388
-0.286396847442438	0.400702125156907
-0.229507404575861	0.281786123656003
-0.191310059570406	0.246619404150004
-0.504232928925004	0.651185882414171
-0.718294816919761	1.16252777788557
-0.117356871930217	0.118705874103333
-0.337574321319245	0.425988850823506
-0.961831454763666	1.48388467480352
-0.481353689390964	0.591734690171362
0.10488078476223	0.101195710494699
-0.384543487787898	0.390945510543451
-0.212450536052735	0.220941854094105
-0.265808912322613	0.272247332720081
-0.406176822152593	0.408132129486072
-0.116146242771251	0.0922314294583528
0.191162946322515	0.161784767440028
-0.341385361612268	0.273616123571674
-0.947572094793188	1.30796785167163
0.378784035528202	0.333989069854069
-1.18521608963093	1.61712385002493
-0.981275215482706	1.23607294723259
1.08546406068228	1.27435529199158
-0.261149901899125	0.162794179191161
0.162969200134662	0.0707674964489709
-0.616025465750922	0.549192695723983
-0.0174428164562949	0.0112551726670769
-0.253153269529755	0.228498556313754
-0.00645713093889811	0.00496212908659068
0.361688091482601	0.347389923576713
0.187053290973036	0.134320053278645
-0.31594562882701	0.222270624419541
-0.286854719924224	0.208257323542675
-0.628155169637018	0.735250226664096
-0.700815180533619	0.667331338093245
-0.835571167668374	1.10995091464234
-1.69339998451141	2.44932336703797
-0.497934531374675	0.455474380928347
-0.055954845482076	0.0349532391798817
-0.323096650463519	0.228141031309986
-0.128316638542323	0.0721201721694697
-0.147507039063181	0.100538221971166
-1.64425513221315	1.69263657443381
-0.388004271679849	0.306143451876004
0.190923578077	0.12553558619106
-0.601386455572773	0.287955636311494
0.376114871424824	0.342740422215812
-1.0480418850856	1.09332946152977
0.416350605170895	0.330906346841844
-2.22692271447005	1.86431651270543
-0.386331110072793	0.217779255312235
-0.431944225348174	0.332143803957845
-1.1353396679866	0.981357998798538
1.34991740711008	1.4285602055158
-1.43946509120712	1.28357915943466
-1.21400411290419	0.915613556345075
-0.959196557849891	0.938965006255754
-0.93864145131278	0.574340994425078
-1.21436591876113	0.91605302310835
-0.00732274689028415	0.00483037704321249
-1.80254094989738	2.07551226408222
-0.785056379343587	0.601187293556373
-0.45019559342189	0.298217442159404
-0.00747100815160255	0.00493002820941863
-0.0138297563779102	0.00657762514272494
-1.51161444516085	1.70057718441041
-0.390942292822297	0.220538183427204
-1.49099956258303	0.753146525714335
-1.80716161361668	2.08616394317475
-0.37890366986214	0.213014020852493
0.0288862424536016	0.0159759528096999
-0.908336908363003	0.660837346425803
-0.538029606249346	0.340235834376438
-0.945812076220285	0.580255089415566
-1.45942328945916	1.01444861750361
-0.123870014902053	0.0695205838348556
0.0871888237547543	0.0594087080355139
-0.309713825767811	0.142475060617199
0.531358567637365	0.190353154457246
0.498503686054446	0.343863349824117
-0.599515801956542	0.488350000688948
-0.119648331039569	0.0670881562306107
0.54591950068472	0.317072494447592
-0.670203371540775	0.528043932067809
-2.53377196291088	2.64562576442721
-0.598118638648215	0.286283874771059
0.82625387160176	0.347107129604409
-0.665972771457067	0.465105279983481
0.904180774341738	0.488194148813685
-0.891582520921312	0.7401728925953
1.0871218813089	0.668243595433145
0.159659842624628	0.0692998319568187
-0.600741526398751	0.288017415152083
0.700839803021973	0.614557461916206
0.704557355810452	0.619592544921265
-1.17812366295337	1.2069695088968
-2.22433501565227	1.85702637127469
-0.514369903704049	0.194119592268129
0.516841944074663	0.330024458705885
-0.978381543803782	0.484131504973158
-0.777883862168253	0.512660515716107
-0.669744064210553	0.468539084344096
-0.566988510024392	0.411994438161357
-1.1600224044876	0.648304551725203
-0.00866941081598313	0.00422076786108573
-0.453769374251586	0.301296441117707
-1.14232543650224	0.990715575829635
-0.37563141771431	0.257134044730056
0.191726498494743	0.132202013389803
-1.33437875536589	1.32974773092734
1.01601866998365	0.839194306397365
0.172643132163515	0.0434132410698589
-0.0567084482753343	0.024679663209037
0.616214953040688	0.324303698656215
0.827062362966711	0.347535018691045
-1.51336055363438	0.537061579976289
-0.342107054910445	0.0979510037894855
-0.298249946431189	0.136692791466742
0.0395201119243484	0.0483852713796835
-0.338255643807466	0.643654604708755
0.0680366935325016	0.0867547939920056
-0.0982056867793024	0.115079961821459
-0.352294121207121	0.594833978282318
-0.185107271810636	0.246992708453291
-0.478146084857085	0.868335610021328
-0.256613686507985	0.342179586404986
0.00330476902139071	0.00303779336952025
-0.668667170468866	1.29640247967242
-0.409412136952756	0.412002632446271
-1.14681779083791	2.50314312581338
0.0705735326571242	0.0672880897806824
-0.169770201516356	0.145696228130504
-0.186203443163539	0.184165147181482
-0.138051073823031	0.118368793171546
-0.640348766883637	0.820904483172082
-1.35123501186318	2.22076777006366
-0.669995321516708	0.814173369206303
-0.958546726127417	1.53914631561815
-0.778106439983496	1.03387453611762
0.841902089815509	1.18410514725589
-0.30230143155947	0.267145276199779
-0.545543580884611	0.571636073028201
0.301385275196433	0.218001641263446
-0.778297896379779	0.728838573223375
-0.869768718220259	0.79745905929296
-0.693852830655886	0.70359380462692
-0.182615417877487	0.12159204644377
-0.426011592202684	0.451714238635112
0.658364584855612	0.599124839665454
0.278117115237012	0.225175921651542
0.286466003114431	0.233121749166889
-0.0919893762240303	0.0650409178266725
-0.851360742017864	0.972989594794492
-0.181358380608948	0.138586473192094
0.113376312038603	0.0865073997055565
-0.122800486365603	0.0978790469561138
-0.321505698471666	0.2875757222893
-0.0182505040651249	0.0117625850948372
-1.26416933618589	1.37502521598283
-0.0217187647564145	0.0165060270579627
0.0492826066898254	0.0289394578373092
-0.491780406648397	0.368982684365166
-0.439662255051368	0.339395651642828
-0.686897010598613	0.599586753147282
0.0706905863891267	0.045995622480862
-0.874287436667035	1.25625724517935
-0.779557348020846	0.843775863162228
-0.912388327464845	1.09275033675808
-0.643866813487774	0.663938874735979
-1.59119609856179	1.88738776341216
-0.261285136390096	0.214271768435531
0.177023299799001	0.102851794348245
-0.378485326463636	0.296948170590543
-0.25024711385233	0.18572867920886
-0.470314195159138	0.397806286470775
-0.862939063569153	0.860838097840865
-1.1008452740383	1.30461889671578
2.37199418038982	2.84869899845049
-1.20713373218318	1.41020699190901
-0.494286480499777	0.371105068859295
0.186226413240959	0.138850443197358
-0.617818737783498	0.55098389070663
-0.780348271806442	0.514623134716685
0.182658028195964	0.106182182481625
-1.08941168478378	1.0466834895568
-1.91728234609109	1.86891473177894
-1.34051128704113	1.3385972048792
-0.441160257884039	0.291400982980513
0.330419162691336	0.201026912866583
-0.317663975557312	0.189562020337144
-0.865392536384651	0.864786599661116
-1.23469849593953	1.14550535091776
-0.382424757764578	0.215420984977777
-1.53907814183897	1.47680739063958
-0.520982230448792	0.431237933248247
-0.474583261457703	0.248167692991209
-0.654686871390155	0.455202492500011
-0.724381910046542	0.247676943012395
-0.0314152080902555	0.0200952182050061
-0.301495583189848	0.245112185820174
0.19301450320443	0.12021413153681
-0.661264253305717	0.460349225000666
-0.329794793211814	0.233671840502061
-0.326444420278615	0.230919945429874
0.18374184110748	0.120452502314003
-0.6436822366453	0.380989735358482
-0.683842749953158	0.54270047663574
-1.91861227215148	1.87404770370882
-0.0986973993803773	0.0578388017623373
-0.100386605344637	0.0712589979631591
-0.0961445773793844	0.0562570148482528
2.04420954586416	1.95127660225161
0.618576323747849	0.580087065622763
-1.58097751704755	1.86704049239482
-1.15621927707696	0.645530243686948
0.158708125750671	0.0770726448601997
-0.785645107296555	0.602509653717831
0.178133431449965	0.103476577146671
-0.174538707090559	0.0931182106906809
-0.911808134641657	0.665301576996072
-0.914193895434075	0.666796852044576
0.375839190282901	0.190936064749523
1.2650393708206	0.884018883159659
0.682280265983459	0.491849041151781
-0.990115488824585	0.885346795838307
-1.80478745252081	2.08057754727542
-0.790992898448902	0.431906990463452
-0.854521753269235	0.915282171158771
1.25702122522019	1.06788157029391
1.04969895669497	0.397129939971893
-0.39288940313563	0.222032660936445
-3.4565767152091	1.22430361707387
1.4155413915206	1.10661916240657
-0.216657809109618	0.0697687117469907
1.04096305100241	0.393348131713795
-1.12825544522804	0.339732258677114
0.162338925211519	0.0482955049730846
-0.717468884808632	0.245082515543052
0.0155812191395261	0.018821468369576
0.264308644267386	0.514919189161454
0.0451466192811976	0.0602945117348158
-0.0913746432157352	0.12324973502042
-0.468926973960626	0.925505701598969
-0.545015415821147	1.23494747558225
-0.324845973856187	0.455326610806721
0.103204993191361	0.124927188769639
-0.0803605114968209	0.0987102656604232
-0.307625666910577	0.485373434377893
0.0448465691790256	0.0478468140307716
-0.402536836838409	0.670496979318425
-0.260405120646767	0.284561413148263
-0.553716423496006	0.89493399669307
-0.428794637465592	0.60867849848729
-0.254919436674929	0.277410188469701
-0.0558967516659216	0.0461758922308844
0.423600516862995	0.443948604498912
-0.432107961560251	0.5353431847029
-0.0775962527958271	0.0685940171995815
0.455168369429938	0.429692919638473
-0.249679663915967	0.224799616328881
0.0256620032237331	0.0179067015254897
-0.503684328834968	0.462487385025019
0.057036838903729	0.0334672055250682
-0.014353983641471	0.00681642939570064
0.156949766850595	0.0601041781431877
0.393003544802774	0.336660485346105
-0.00391972327401959	0.00266021857611436
0.703289195560658	0.815252054942111
0.368362958048378	0.334096500863397
-0.781508040297386	0.898399538657992
-0.203559390142975	0.170186390874977
0.0375466194760083	0.0280903735944252
-0.537082500038423	0.628688314165479
0.0712084017074593	0.0584730080503758
0.579545351135399	0.579449741452845
-0.422033505090429	0.396821137834238
-0.343200933431772	0.325852382727029
-1.09277110172834	1.28983990950805
0.386183219215449	0.341979887269048
-1.76934931547915	3.27370031943351
-0.717232700841426	0.783301713142898
0.042862856177157	0.0321167276628695
0.00063326722192894	0.00022729895822998
-0.142081514356382	0.111859564511961
-0.496515216047511	0.454051377500468
-0.838427388959846	1.00848684373059
-0.824250545672059	1.03629808463841
-0.591068451757693	0.614619192524952
-0.00611109891071337	0.00394408406709382
-0.548030410423432	0.574946443362622
-0.0127530206529038	0.00831846163907833
-1.54149645871918	1.4806149363585
0.188726305882892	0.135644411345176
-0.786250152690648	0.85391016570047
-0.637124344226156	0.654307618685997
0.323440425464299	0.224515730216359
-0.726902945516772	0.750959533544064
-1.15828736556561	1.43432949732056
-0.222111759284811	0.14398409967078
-1.71185368984358	1.43621454734113
-1.80709867504138	2.08457450101318
-0.284410914198719	0.206336847757965
0.415262572218616	0.330007155634949
-0.260357245472838	0.16240061435387
1.33026054705417	1.56284173354707
-0.644448548027703	0.381426164295024
0.305242267049461	0.221314376335655
0.183721420934843	0.113954840227231
0.736180296892091	0.614840952082793
-1.33852543978638	1.33613078492063
-1.1908603902341	1.62884219313494
-0.920894651404436	1.03850585200095
-0.0503508568394093	0.0219809501299682
0.164468653517054	0.0489167663284228
-0.0557797076848009	0.03484088880776
0.0758734808498711	0.0494479016543007
0.175962516988268	0.114921350391991
0.803862962811553	0.76472424137151
-0.313568040160057	0.187050259285876
-0.306679144975488	0.24995173987125
-0.311440056585849	0.185596737367061
-0.385365649348671	0.265048937959239
-0.378330107977795	0.296957503091843
0.332992557469969	0.202722739600955
-0.338715591725161	0.271123528868068
-0.0524999145766508	0.022888116622185
-1.17530529209192	1.20215132031684
0.968951703807521	0.662372820025985
0.506687331028585	0.455839538668061
0.18535211377672	0.121608322042965
0.96083875065752	0.950637768832365
0.312019727817903	0.215522566981629
-1.1737282344335	1.20048794140269
-0.657755836569755	0.721250307511932
-1.88606710768818	2.2909350862785
0.189608950784517	0.130570412633643
-1.08356767543333	0.738532419585883
-0.370708564718844	0.253186843217483
0.470031322615464	0.343274160470214
-0.686801838962427	0.599920116838887
-0.214184070644441	0.138370431997569
-2.19226893059812	2.57008848191202
0.307345345838641	0.233704749274118
0.335639837450303	0.22026238817392
0.626641342674338	0.47894026934455
-0.0936904304883312	0.0548334138217008
0.522820325738914	0.187034372836721
0.147553756375476	0.0500204388900626
0.148317453213927	0.0568745505093367
2.27762346393168	1.76731759342594
1.04752875622395	0.396218430849903
3.64101793434512	1.43134239135362
-1.7975657981284	0.379599665892429
0.0491697611055393	0.082092275235846
0.0158275081913356	0.0227801070994201
0.298069677897534	0.500458110028515
-0.304259985089745	0.626926882895404
-0.0447355069157728	0.0579545028542311
-0.222804010372501	0.370188263807234
-0.42252054320411	0.707484168249107
0.12789181648851	0.145805226070934
-0.40562651283497	0.58776712857615
0.317372561931902	0.371582620084513
-0.37838110078966	0.531688185202824
-0.146765066837006	0.176175189682144
-0.060827322894037	0.054772799117473
-0.199215579915616	0.232842983581892
-0.500156617317432	0.643903397931576
-0.242167519406921	0.235703594042747
-0.672736835649152	0.85494884833629
-0.56228160673074	0.721310294532486
-0.501309717055604	0.459634388205536
-0.0862975268555458	0.0687398297166902
-0.440961256072322	0.472033499433626
0.25930188418789	0.258575101593199
-0.323096650463519	0.228141031309986
0.175301976935525	0.0941049724557637
0.147185309904108	0.0564336485542795
0.0582553677026125	0.0342072928841844
0.625260184737542	0.477627718739861
0.617898309971591	0.325422110479688
0.497570017136265	0.445442528765558
0.274526796803535	0.236897926786794
-1.27840341107452	1.56885184081784
0.67700994330257	0.487373234456195
0.098319800815568	0.0698112253730273
-0.938256155648221	1.28700366648469
-0.0518667992132399	0.0385745813355968
-0.675436834943317	0.787031132201541
-0.177981450684784	0.118234102824061
0.196670661326122	0.129549352741395
-0.707192596996935	0.722986242835301
-0.820226799067215	1.17851671465532
-0.342547427349973	0.274723876787717
0.0105838349787502	0.0074565245990508
-0.164271296447621	0.127805047773027
-0.164449450476343	0.140641803442316
-0.0769413841974628	0.0554403786603871
0.283001084906928	0.245608793450756
0.56027933784356	0.47043796710146
-0.47525191043462	0.402915039128884
0.0741931202354428	0.0483251439557613
-0.520099223788218	0.430102093715052
-0.278425474935005	0.201122660942014
-0.129890195653422	0.0907891128831659
-0.171928229131116	0.113941159684417
-0.137618163631399	0.0933284982469367
-0.712369242495706	0.73079488444665
-0.471194992712395	0.398728741067136
0.517528141619663	0.330729363585323
-0.0109521717374242	0.00713896750217817
-0.438936137019728	0.338662496642295
-0.0737482604399633	0.0447548941916943
-0.772900131552236	0.589135470754832
-1.02958794595141	0.820961145494516
0.866796235259908	0.990990136533858
-1.04550322076075	1.08947294288271
-0.325396291634419	0.230033162990621
0.168736850267122	0.0902306435909112
-0.281351366057708	0.203795794003561
0.0975133159052081	0.0715950959233758
-0.0400040617033546	0.0249550623443
0.382940854780079	0.326064331104232
0.542906556050368	0.451878494500025
-0.496843136114264	0.454494301500478
-0.562660061742788	0.407995988976189
0.172946984526162	0.0927530522373858
0.835475097071671	0.351311220364767
-0.176027919540305	0.0939969928219363
-0.266701700633772	0.166780498182315
-0.548520921620208	0.494856019689195
0.803131920912353	0.639657115550295
-1.3328128898121	1.09830714632722
-0.181315789051315	0.138549678860974
-1.03083583133458	0.822253062320663
0.312040727695562	0.22684790121169
-0.564696859924028	0.409249002058093
1.07722066575495	0.521528327496523
0.405058632642416	0.183452010808624
-0.661799082778687	0.461704202699921
-0.16786778349212	0.0894554994122663
0.802931343404274	0.484462308106291
0.491617656130863	0.338104597019571
1.36292655007628	1.45151493749919
0.618680461956831	0.47119705523029
0.968951703807521	0.662372820025985
0.0383052283383989	0.0294855459897767
-0.053831184598661	0.0234613774382235
0.182373698687587	0.119423975311601
-0.215895541578567	0.139566314561313
-0.036110442965306	0.0225480610120803
-0.131122919407962	0.0737530705508705
0.0596498345236378	0.0350069158471396
0.0495806158202596	0.0290909619840947
0.310002565338152	0.213926186546268
-0.31995207343768	0.191162477827846
-0.0609448898234122	0.0369020441411908
0.478175526415213	0.440955177141948
-0.167545072879171	0.0893124400570765
0.0372800689540828	0.0204874490212457
0.419884182203297	0.334418931680112
-2.47832107942754	3.47482916490016
-0.98522281564519	0.879559730516771
-0.780502257189979	0.790121003416271
-0.849843057841604	0.908465754978028
-0.0982466481922351	0.0575685081276757
-0.0156955923788689	0.00739299428908088
0.161924882732393	0.0786010022538368
-0.424326272445308	0.364829173648262
0.32653252981357	0.213406382045626
-0.128643715591539	0.0723057556901651
-0.142803852729338	0.0510708288410643
-0.973654493325781	0.480700453910481
-0.149390704801257	0.0534113782231424
-0.301909210959484	0.138662891155211
-0.719307886400812	0.245829792820617
1.45652080007828	0.482281887456809
0.151350026308301	0.0512415084792654
0.173940988172143	0.0437550114519682
-0.316616979781599	0.933923418140625
-0.0105045543124253	0.0181889908286808
-0.0746543016216835	0.13703976881809
-0.0261668778249614	0.038904279339903
0.148794007470173	0.235186780976015
-0.260976397645104	0.507086954156292
-0.0594290841724476	0.0836492767977606
-0.406558296527838	0.77401216542062
-0.159647069663871	0.229158196366936
0.0237622631174195	0.0280365486513331
-0.0525982874509214	0.0643326769505546
-0.10058865856709	0.127205498886959
0.681059977524883	1.49074766812242
-0.163932093277121	0.17455034194847
-0.923789340841107	1.91253550629187
-0.181093482700712	0.221161262330222
-0.150907815651875	0.140698559019134
-0.182291139211518	0.21264240005066
-0.976076078568815	1.99459311449522
0.195845741595355	0.179115708904906
-0.488171688230964	0.6367448058303
0.140887614892756	0.124294007644165
-0.559330133864078	0.619146214228217
-0.736380991272376	0.984746746549619
-0.182478283132304	0.139537647426531
-1.0867801210877	1.27924008141971
-0.77851765208198	0.665499782751314
0.969086346216259	0.662961710862155
0.626886271995792	0.479127077527255
0.331439375783888	0.201703590708463
0.86837956385083	0.79818415498367
0.529838238415008	0.461337328692215
0.348746051394808	0.213856317134967
-0.215161513604765	0.162324044137273
0.842744061404631	0.994635729082036
-0.440861142013767	0.440012306346969
-0.722467986939313	0.87740576056588
-0.0310235757989933	0.0236394109085941
-0.868227533528521	1.29673081562197
0.052669006461823	0.0396345073662905
0.460758817110202	0.530135921126872
-1.80585553306529	2.4641854636356
-1.15048549716724	1.41806307318223
-1.68716741913107	2.43425026497507
0.518691583689568	0.630039531851833
-1.08793748148938	1.48556999009909
-0.136284200084803	0.106997791917851
0.0706985927694936	0.0438704871875789
0.297921734619584	0.243958695017485
-0.423393039432026	0.32423017352359
-0.419897568175587	0.359993105430089
0.420532908687839	0.335047473861583
-0.640766836576837	0.620414956340594
0.376679682301053	0.343325139365389
-0.889976261125344	1.11481203326422
-0.595416685375687	0.483978968301457
0.0845143755129728	0.055173459851123
-0.128497406342812	0.0722297569462966
0.632730972232001	0.597653261130201
0.0608531610574521	0.0357426894563476
-0.386302716818175	0.26595423952173
0.588681503662776	0.473285117428447
-0.693448103785743	0.607400681656386
0.373071445170882	0.327891818678118
0.85938264857775	0.787172186772863
-1.23848564418438	1.15161103707348
0.309341403223964	0.224734228782727
-0.283789588420126	0.205615501940758
-0.695517597505969	0.660586958756279
-0.262620377906961	0.164003325015511
-0.657118853206334	0.457358559006113
-0.637599075757735	0.616387244851444
-0.125515245055418	0.0875438540637953
-0.469263214668017	0.396605752456293
-1.17564379287591	1.20301897011369
0.151283893074384	0.0580076734817705
0.823888102049168	0.345906037374267
-0.138165939756664	0.0494965764872884
0.365008177571999	0.185107054230672
-0.0195137007134216	0.012692697959804
-1.08085208847653	1.03435707578192
1.01460610026001	0.838241435376439
-0.611028602597882	0.543151458686046
0.200231368079101	0.138578742410389
-0.376254075968904	0.257554548496541
-0.254191941046578	0.158089102492927
-0.114654797953627	0.0795463499793446
1.11573113393266	0.853472053275652
0.188815957264314	0.110133369292511
3.64508196443781	1.43367348655271
0.0736204773292523	0.0479373828549335
-0.0170189814422071	0.0110811899867732
0.309178002067601	0.224584212933157
0.692420083962482	0.32414977594069
0.303827530221739	0.230702779971568
-0.24497152271808	0.181246932429625
0.0673649874214839	0.0417889959511782
-0.442493582791852	0.292248532267036
0.487751290267135	0.334769372033603
0.0581214850182068	0.0341104305386276
0.0502197967156462	0.0377441593608539
0.0543822048591761	0.0319207929279568
-0.106672129074879	0.0759518532430573
-0.443367475877907	0.292910951819835
-0.858408087316102	0.854843143024197
0.272426146784164	0.234811778556597
-1.33571826813274	1.10235121427609
-1.04664022226359	1.09151981100807
-1.22835132609809	1.59496965890651
0.743881891258429	0.62383288296359
0.079578702581986	0.0519016287667804
0.30037059205765	0.246329149360138
0.0525055918564018	0.0308344788609191
-1.08678756103957	0.742283811353978
0.307592136036226	0.223279222253637
0.334785001037523	0.203990186334503
-2.28513840157422	1.15239688623929
-0.770879742225566	0.335048419348226
-0.616620021012413	0.150099962492625
-0.620903335937371	0.151058535991718
-0.61946410648704	0.150698865008898
0.152905507940101	0.0517666814526333
-0.59259707358042	0.283256487926836
0.0700290707488205	0.130730003097869
-0.0889526537903999	0.144320782481905
-0.191486997290447	0.236181251800599
-0.0892272624769403	0.106461221836642
-0.0829128890546846	0.102138144870219
0.233044270116568	0.326252317609066
0.283909565730817	0.346363849573114
-0.681879391697699	1.1636408432872
-0.144142272540606	0.177730470541936
-0.41499669641076	0.464915315030656
-0.770990739744341	1.19199944204163
-0.0352642000519748	0.0320456058749549
0.604339400583321	0.81864892146581
-0.495858906020134	0.519999412075862
-0.065605964975818	0.0535492925605932
0.198336790126403	0.148803270383627
0.288315061722572	0.243075937458219
-0.529892138602146	0.592984758635224
-0.640813626799198	0.620520768209833
-1.40996680857898	1.69834965982428
0.399239355934579	0.180475942649115
0.156463480688109	0.0599361206234149
0.371967453832671	0.433749954033889
0.190150384766522	0.131036834928984
-0.100741503790141	0.0590463392868283
0.955584180256251	0.942461237338446
0.0293575290095874	0.0162189772370895
0.0335266337175521	0.0184801690013861
-0.489273492347926	0.257168847420282
-0.172329391875797	0.0919247588788874
0.439932455754601	0.336317041464561
-0.385988779319964	0.265449037904596
-0.0739876121825555	0.0448904722169623
0.597438647335149	0.579285745028498
-0.193764892895235	0.14910923841518
0.0354681833024772	0.0256993123259799
0.0242679074876545	0.0175737947694016
-0.0398734714388423	0.0295310678599726
-0.788015497708421	0.908823182305797
-0.460516324068106	0.486147956355367
-0.068782759251261	0.0562994293449646
-1.00626670365978	1.37572333926967
-0.573882159012361	0.559054086980357
-0.269496389825468	0.221976772339749
0.186331980445253	0.13371490091306
-0.336434553891514	0.317825512276388
-0.965552757219207	0.947696878258337
0.0667566482600925	0.041388395782164
-0.338139918478885	0.296412502761346
0.363438350451851	0.339278282422512
-0.42941613003537	0.329753553481429
-1.00892440341117	1.45518282058789
0.00147222219937967	0.000767144594112962
-1.05595311758268	1.10554095369172
-1.01171278534572	1.12896615938922
-0.557190723988991	0.505218934099913
-1.41263791493917	2.07985983888628
-0.522389193030762	0.432691006824844
-0.160960422466084	0.125022003127205
0.327140566029864	0.227482335931436
0.183314889419117	0.106584243467341
-0.629947456669164	0.606309562078855
-0.415184572526241	0.354991275935919
-0.172138477414548	0.114072885655761
-1.34706970204451	2.05945105156898
0.614550767680098	0.322931646731297
-0.387722643347022	0.267008801345412
-1.13283531698472	1.25415704412292
0.0526918359999047	0.0418123386577483
-0.918941572674795	1.03481650225985
-0.122785842642672	0.0689177045987285
-0.638381359267543	0.617362485682964
-0.32805623815948	0.232251351343463
-0.525015419836518	0.435401501798748
2.37306306497714	1.18584128374209
3.64204563210395	1.43174087144813
1.25804183354599	0.876655557698721
-0.216584539387103	0.140076356181399
0.0728238240415006	0.045232974565549
-0.372084243594419	0.291062009892246
-0.00790448784300874	0.00520549753369725
-1.46899308874816	1.02486868985761
-0.640063558502411	0.378619540365194
-0.942888081258968	0.578038146378394
-0.680174251083512	0.538562983508605
-0.373934620164331	0.255909737922372
-1.44013785866735	1.28460157501186
0.628745129633611	0.481002200561655
4.17847139446736	2.00361183825127
1.40210911753304	1.09075252534079
0.393220623172696	0.177598536190824
0.375351128379825	0.190841260793717
-0.266024303214141	0.166284425003392
0.0800580220049917	0.052228311583353
0.322710273734122	0.210490766286983
0.582016262840934	0.466611337152679
0.44131274968626	0.337731656631403
0.190150384766522	0.131036834928984
1.11131484897399	0.847970446980704
-0.585913393634119	0.473604344504842
0.0305679761209697	0.0168436361411311
-0.635185356650223	0.613019277022146
-0.278028342125391	0.201017730063419
0.631112099089858	0.483339925437886
0.661399497867402	0.472394333792155
0.293550931590392	0.24824401848941
-0.475628714641446	0.403366767591399
-0.690032850151306	0.603239947520211
-0.144725470227881	0.114235389262549
-0.175507326449186	0.116509742115285
0.0181635321059444	0.00914814457963298
-0.658135305706636	0.458476210444893
0.811484752022786	0.64850837641535
-0.635198714935408	0.375084850765012
0.461254832586535	0.335625218915797
-0.294329753382038	0.214575519787003
0.315892703743176	0.2054922845754
0.0689599994318718	0.0428001128833351
0.195507416858801	0.146520929934411
0.304794672759037	0.241247537503586
0.161152397100254	0.0781972297057514
0.729764709362611	0.484594353315612
0.609201955001709	0.319854728005608
0.951724523631597	0.252769110062367
-1.51887413840601	0.539249413623567
-0.599643187331497	0.286979820650128
0.174503749901052	0.0438676710334476
-0.620326325745573	0.150885642821786
-2.57821111666453	0.659475059970799
0.155282002123357	0.02934225636165
-0.514641699367006	0.194166196064157
-0.297319820262226	0.136453887168637
-0.449529674988471	0.791065909936844
0.264547801771765	0.408107887106443
0.0166287255923692	0.0180261816461437
0.176632237538723	0.235018964026703
0.0883140956614021	0.0946372976428191
-0.417402532542361	0.610947186914129
0.151868508151298	0.159675466839886
0.126803345232504	0.140655792058499
-0.257863921367704	0.311040401286527
0.0162743142043132	0.0139216898873027
-0.178358495978514	0.166643433589063
-0.143217526290802	0.123279453979883
-0.734072988310354	0.9390262270692
-0.345031996719853	0.349994488010652
-1.13032564935976	1.48189053308836
-0.260883003940358	0.213809333690052
-0.638040408229474	0.616864161437827
0.883313876963197	1.01947236488729
0.173745932173306	0.0931253077498437
-0.225082362555623	0.112188765163057
0.153053836184427	0.0586702241358476
0.0661667512118676	0.0541694745385935
1.63037437100978	1.14696192115546
-0.0455123420352235	0.0337754421027875
0.328847142506684	0.228784874404828
-0.208975806292055	0.134655560784565
0.366981713471185	0.18611883189307
1.12956594421919	1.02032831498054
0.913259115026357	0.494910308355074
-0.0198065572404132	0.00928330154942288
0.000131547195001565	0.000153803389331251
-0.596634394029747	0.485481579193431
-1.32934353043608	1.32005109655278
-0.555785709362503	0.503641195915662
-0.490203141562328	0.446464564179168
-0.332583232281501	0.265267362295614
-0.496915298065783	0.454453092672778
-1.20690977052258	1.79153219841243
-1.23629044378404	1.61164406493904
0.087781211045656	0.0598234361702418
0.524740255241194	0.455741120803453
0.271824452411775	0.247942594839338
-0.210057469498778	0.158040309262228
-0.059049241416238	0.0431805855338867
-1.06921564190882	1.53014767771491
-0.563601790401134	0.408279167291863
-0.592377496682289	0.480550152000295
0.0483525806129717	0.0283787425421034
-0.282606964215471	0.204722002021228
0.510857367086707	0.440116703531712
-0.117516078132145	0.0816397979314495
-0.116772237856809	0.09277196111643
-0.373060232895405	0.323109409622394
-0.38692400851896	0.266404357258486
-0.914748932006845	1.09697297689569
1.1479837657121	1.18134845950962
-0.709037514835241	0.72603574053437
0.285355521821681	0.232048848175922
-0.00117685704489558	0.000697920297271533
0.0933824912014852	0.0661480206258936
-0.220887774403309	0.199643222076686
-0.867753427080101	0.794789744798136
-0.785606250055036	0.73785893372293
-1.43335043638306	1.52699523573449
-0.682842201924873	0.541335614472685
-0.691232158305791	0.604852812686297
-0.640191017836639	0.378089389828584
-0.0108295608738338	0.00519802434683887
0.0495972658379358	0.037260376696815
-0.13691239894863	0.0771455526880876
-1.26140035398608	1.36956901571597
-0.380065020970852	0.298562885547621
0.0782715456067822	0.0531418005080771
-0.0479571845764413	0.0209622482630882
0.397368290556638	0.179765383634484
-1.83710513368441	1.15777778400716
-0.642916385216979	0.380443036263003
0.665770742097369	0.476107093522846
-0.64693460574797	0.668423613858478
0.957984807741531	0.651964651223916
-1.09735437310684	0.752996414269737
-0.862689006738839	0.861400303294258
0.360445173862175	0.182328425045228
0.328292038606538	0.214764469088188
-0.658257144719569	0.45822646752888
0.153053815849711	0.0664170341530054
1.25804183354599	0.876655557698721
0.153470617184115	0.066632074819096
-0.174030669371445	0.115413542916293
-0.130467359796545	0.0733687298281816
-1.46106950564285	1.0165903012794
0.623408172168852	0.47564535949973
0.518362524164477	0.330836044489265
1.01197943183891	0.835196713050776
0.306532171864106	0.232923298738387
0.18869757596567	0.129939334140612
0.670261870074408	0.481208679765985
0.910460005413907	0.4931863733728
0.562753434321268	0.329433134799416
-0.221915410237329	0.143808291549443
-0.103711348299267	0.0737455074092291
0.181800683096825	0.112723040363756
0.700698276759844	0.615399144421229
-1.08697748036135	1.27973938200503
0.396575042989508	0.326673796309079
-0.106672129074879	0.0759518532430573
0.313988122801359	0.228659732043315
-0.126787897730544	0.0712416887928061
0.402834630772448	0.346849416505735
0.694528048079778	0.325305767975176
-0.0642934193693372	0.0389542141973288
0.693166920969631	0.324053171578751
0.197401895270907	0.142461228559196
0.301021708518636	0.228099076364603
-0.129921032918552	0.0730606916309294
0.0557689321346321	0.0327439002784905
0.106517107926263	0.0785568722406979
-0.393558725217705	0.222604296431198
0.206703295263869	0.155756511976377
-0.129845592306552	0.0729694692761191
0.367442087045085	0.186273353696411
0.622624383480957	0.474915714903367
0.180974274867512	0.129539929472381
0.495798009921289	0.341950253137071
0.461369506210809	0.335819139409209
0.0161456099649099	0.00817274644194424
-0.302445528290689	0.138752218524232
0.534471951018738	0.19143913325364
-1.13182284417153	0.340904867919198
0.165353233252732	0.0491580922731075
-0.517521842180885	0.195198028684367
0.169276668042905	0.0502222390274525
2.56793431296917	1.42381525256541
-1.80127875869	0.380587746892248
-0.143822320023104	0.289149058706045
-0.420365523868459	1.07255199127981
-0.46261782504676	1.11816278072718
-0.242428325223887	0.375163380440602
-0.0204979986334033	0.0241213119727403
-0.0220096871862336	0.0236544192466634
-0.327019748783855	0.559182062925741
0.507020862468838	0.829597063490574
-0.230653934510577	0.293849128180196
-0.221083403480825	0.26963955616362
-0.304171233665462	0.415532818352656
-0.0331744955558189	0.0364588632914797
-0.3070701114018	0.420657496668088
0.106860294975668	0.103293403891763
-0.312444679392395	0.359807345307377
-0.447294537896112	0.500010277712767
-0.476068075498858	0.528770603156389
-0.618271525841949	0.719410363793084
-0.335412390042278	0.338092370064681
-0.633956841241806	0.611682862580245
-0.615787974105122	0.549030782197691
0.365769411184535	0.18530818328789
-0.0571458493574371	0.0248632367553907
-0.0458812917153289	0.0200961882608605
0.193521710818607	0.139439729541468
-0.0862403331635006	0.0767334026535957
-0.107227215541007	0.103187796120002
0.181412873117599	0.14840726502073
-0.214359530138513	0.197270409533044
-0.693158419271745	0.607446438999689
-0.0615416200372333	0.0372721824631963
-0.0479171502660505	0.0209582979351269
0.0337122180452116	0.0185652116010994
0.462757750152754	0.438967033696224
0.191609848597877	0.157700651417958
-1.21755821336242	1.57339801732963
0.831867245902883	1.07292888751648
-0.594607331343857	0.483422189262674
-0.484779728144754	0.481916422594088
-0.257956020599591	0.21109816685316
-0.145491686921694	0.125433830980226
-0.518248215000648	0.507598311031596
-0.588391959925516	0.610631003004056
-0.844944603879782	1.0748146458778
-0.324507322434704	0.229332129084879
-0.410586937681593	0.441897202388274
0.27653634772401	0.253166726187916
0.0224852532899917	0.0181210983188773
0.649183402941508	0.778692671295353
0.557899569495403	0.468157444461831
0.0157975785128679	0.0127070810595497
-0.0314385360238857	0.0232678454947415
0.190705560583342	0.152401112740678
-1.13437796663712	0.978533808014319
0.186815689978998	0.148914389462573
-0.664095907145927	0.76887875741797
-0.0293821809852592	0.0184167517584345
-0.660034441987238	0.686616946323413
-0.714030652489975	0.73290107965659
0.219842111165411	0.19963194342458
-1.09408092936844	1.05403037437326
0.0139129085299983	0.00975388776463586
0.00986509116585882	0.00656215885160377
-0.218422777559273	0.165054252237135
-0.283422730130788	0.205381894528492
-0.100454335896085	0.0713169384567368
-0.0901244381547352	0.052688638708151
-0.338769727855817	0.29718905542756
-0.482155300886293	0.478561457997481
0.176498258629946	0.102505573423963
-0.634299952620227	0.611879700046787
0.678383959421738	0.802031969717829
0.839315750712752	0.882001585276546
-0.0712428888822803	0.051198389837512
-0.500886920140528	0.459297883211543
0.183256172636606	0.113549288513988
-0.0402998550951253	0.0251498072852752
-0.719921406038465	0.24597629720829
1.82912964257087	0.714770179842855
0.0583127326653919	0.0342439309065542
-0.0963301248595049	0.0564082556662113
0.354170168911684	0.19885555151743
0.587097025067359	0.471963364002129
0.16514583313252	0.0802640143069551
-0.337263888996972	0.269731521808567
-1.46282090338173	1.01706622775989
-2.4389453954468	2.38354192732883
0.445204385003799	0.341195293454307
0.197283695215846	0.136376531209575
-0.104667609736821	0.0744390397440909
0.06298835987412	0.0369917916779721
0.334840702474622	0.21952931810542
0.33322218066416	0.218473256009699
-0.267589777733459	0.237716775718548
-0.0202804786705302	0.0130311364690559
-0.00679511837654705	0.00448801797560159
-0.694007423397484	0.608457478982973
-0.285194217999918	0.206999406275876
-0.0577182844683906	0.0421986893930626
-0.0245262295506124	0.0157212733502488
0.357704900967579	0.201066965223438
0.700396615956141	0.61511534996226
-0.0666867724607225	0.0403975885152789
0.357862276421865	0.201280624864466
-0.568058196480766	0.551328737159428
0.929475901712373	1.04545915409664
0.211288919211952	0.17609432221726
-0.376476278354307	0.29519519039977
0.184213189027845	0.126528008675653
-0.099009094117385	0.0580258018346883
-0.525707781878774	0.436248242930782
-0.501429706252511	0.459898878937178
0.302346818278392	0.229407164828938
-0.0450035498070557	0.0280795462897101
1.40830358300103	1.91614499303803
-0.262879305890067	0.164087849485818
-0.428707172136795	0.329299268900494
0.17413802153114	0.128919195404947
-1.72335136712559	1.87743040291225
0.508151050740926	0.457544891368985
0.671207739904894	0.48144716533219
0.193318307389252	0.149861793614126
-0.425185514299994	0.36557527564291
0.373355419854597	0.339705250769613
-0.884785831537581	0.732688603067674
-1.26085177034894	1.36987340317526
0.423060074023841	0.337412866673043
-0.311660698002066	0.185632277679799
0.0389358583905391	0.0213758350413954
-0.0516281516452068	0.0322295833744993
-0.668199134240055	0.467507372491292
0.628105195470053	0.480409073682162
-2.57472877667238	0.65760345889815
0.526808022811829	0.188639363777938
-1.12669343566207	0.339109154533815
-0.400912627780916	0.16720611378997
-0.216063671871124	0.0695794401283131
-0.510638022815261	0.192534807207919
-1.79763019308962	0.379603777700996
-0.621333103088639	0.151104040920032
0.173940988172143	0.0437550114519682
0.157971563808893	0.0296806747786729
-0.391794354863502	0.163187601027247
-1.13338534815793	0.341498686250824
-2.57821111666453	0.659475059970799
-3.07750490916701	0.956880231933195
-0.61946410648704	0.150698865008898
-0.11199367734878	0.233062984877607
-0.0301061180471197	0.0439682288531696
0.0422023798444419	0.0686794106139195
-0.155197822835868	0.237409994009658
-0.194184695427096	0.340589071493835
-0.304061391474517	0.469885303651633
-0.317417585209579	0.482108787510666
0.0428424664533838	0.0492913705986341
-0.435997181578851	0.728530219258021
-0.0748379874313447	0.0730770486917473
-0.306123993051015	0.409931962581528
-0.118975121608865	0.126865172784006
0.16022065218112	0.167059424510133
-0.189037541495897	0.210877692936555
-0.815559548960563	1.35342850918475
-0.368660832597911	0.371026529886344
-0.288847260304361	0.332272597039577
0.327097709522494	0.348070171118898
-0.289972043742172	0.279354828767045
-1.01445251921138	1.13355350785373
0.0927773521189195	0.0824520310574101
-0.345782434883644	0.304707855699347
-0.0171731017219346	0.00809654982375804
-1.46947512622295	1.02570365054255
-0.0890685952243207	0.0520756256339566
-1.1669781673122	0.654360023071921
0.677406005633338	0.487320917857557
-0.377025112806464	0.258248928452939
-0.574417609528127	0.559801111937537
-0.664610241728471	0.804694160917457
0.177613935979071	0.103101134332972
0.267459185072287	0.236602302686064
-1.26661744026301	1.37949985141319
-0.524525414142905	0.43493390592336
-0.236498463459668	0.118202208428761
-0.141938715394053	0.0508009980270485
-0.459847019435134	0.306061332992179
0.92384347278357	1.33689567246898
-0.175400600014411	0.0935970445570307
-0.00474709370777748	0.003191351316806
-0.239442490648301	0.17669527047512
0.190976029932895	0.14780547444302
0.289779121115701	0.260099280798365
0.958656335817144	0.947391587458059
0.424725994667688	0.445452746402491
-0.231471858230847	0.169994497401632
-0.892156128564799	1.18053695966568
0.472946524361701	0.534763152898803
-0.443046744769198	0.44288742007079
-1.08364649475865	1.0396456729052
0.192863942611144	0.133033209461815
-0.129270505963708	0.101057280654701
0.283712262022869	0.238589201819335
0.0149565040437235	0.00755636640306419
0.274035888522105	0.243536014070265
-0.0598417526623442	0.043790037824317
-0.113345359928628	0.0898299149847503
0.189764437366452	0.141759515555783
-1.17928286307717	1.20936463497049
0.315350446776159	0.218177461801831
-1.03548293462491	1.35905893864943
-0.374493787465357	0.293264628270368
0.194361376316404	0.150702540319267
-1.81034022944261	2.09119287316673
0.556465701856475	0.56967987427854
-0.0524408268897866	0.032740973427593
-0.869261101893227	0.870457397917407
-0.324335314282242	0.229146107462998
0.340426817658482	0.208058936641382
0.552838565859348	0.462709488986014
-0.0218410169046669	0.0140172411882709
0.740543175100901	0.722046144972008
-0.769221209792899	0.654863761516177
0.51358591765075	0.327607964525578
0.0149630166437185	0.0104635543743505
0.307400734539196	0.223044884933326
0.682765721526246	0.492258595154807
-0.211844899606532	0.136590832251105
0.198115553643596	0.143008906769338
-0.795337662919629	0.811254313031083
-0.0897079603919554	0.0524525933579408
-0.51438298636481	0.194118813219938
-0.719307886400812	0.245829792820617
0.903263897774606	0.487554898398984
-1.63844590362995	1.68236390622573
-0.644946148028018	0.3818349256156
-1.59935079709198	1.23085971784717
-0.272016754884984	0.195987735424217
-0.0624910724958	0.0378479612543794
-0.763186677226542	0.331039800418733
-0.170947829553688	0.0912155497873546
0.621660922929618	0.474144312448712
0.16514583313252	0.0802640143069551
-0.0971039501128838	0.0385233851685582
0.154314056097619	0.0670150898033003
-0.214627712908801	0.0691154905123542
1.46109938210879	0.484014060767982
-1.46780743350723	1.0234732863568
0.393459839174683	0.177884064761223
1.11829825981286	0.857284186237559
-0.528106332211312	0.332702954190082
0.00591443233679068	0.00317062401291966
0.368379708890794	0.186551983559977
0.323904341499646	0.211349488611481
-0.244533518247571	0.180952534255632
-0.0147214975105157	0.00698260226795614
0.512532223260312	0.326635890714112
-2.23480711346505	1.87736870664555
0.318634657983709	0.207416127903678
0.529085877935862	0.189451159381061
0.155702517887583	0.0755356285461298
0.184852553514906	0.11472861138062
-0.377378504842008	0.258668617112451
0.0671032462094706	0.0415956880723186
0.0430926628303182	0.0253438868303931
-0.705322264791964	0.673242964286385
-0.130576350091326	0.0734369965440612
0.186328958847623	0.122168177304576
0.479630765225695	0.327942581334437
-0.876575922103709	0.80643796834318
-0.149049776409383	0.10165002660159
-0.122785842642672	0.0689177045987285
-0.447190747546425	0.296177040961733
0.185957918804486	0.115478725943972
-0.252512250124795	0.157000096563845
-1.42574467116218	1.51366624838385
-0.333091460184492	0.236288610772937
-0.782021509650785	0.669854389571048
-0.990812924227264	0.886719607996422
-0.782226731470553	0.669794897000748
0.58370408790949	0.468235965640969
0.342226323560695	0.209314371104917
0.0405631015733988	0.0222749603343504
-0.379074088522953	0.213125396691919
-0.169106441785073	0.0901359426630369
0.665751936244215	0.476661514164268
-1.42306849063361	1.50938139577978
0.308628745908211	0.23486144132035
0.347480621704893	0.194911628027412
0.188935613310374	0.11012786149057
0.159042375477486	0.0473891494040675
-0.523032334451301	0.197668387893991
-1.16475997280583	0.652055038681966
1.34313154847474	0.586839429169235
0.162171049505848	0.0303007576998756
-0.620473624670499	0.150917804175241
-0.338291342092883	0.0968475173314605
-3.07750490916701	0.956880231933195
-0.337318918589577	0.0966140796949229
0.674264818482823	0.213402910671394
-1.12781381973937	0.339579374120096
-0.0692142596246396	0.160952926543364
0.175202449415332	0.388896369334932
-0.0887325240474884	0.171004789119348
0.00752794419590846	0.0113528563264691
-0.314548662629139	0.733268326924858
0.512551711773694	1.39733786248966
-0.0911999312785095	0.131862572874189
-0.260889785875742	0.407691030757334
-0.28795003136579	0.442916326243462
-0.426322350501968	0.777095903567591
-0.183992361085678	0.286812984793269
-0.0980634820899474	0.116942166083579
-0.376779569048999	0.569335567903402
-0.0366411403464624	0.0411077846256642
0.158487404224415	0.167608449694777
-0.30564196381698	0.432845154838325
0.470075743838002	0.630006444904603
-0.77207067518411	1.47413958207613
-0.639156370150754	1.02084500138955
-0.635269234456747	0.954799015059168
-0.672700140225525	0.782550686059095
-0.824769478750008	1.18851323848742
-0.329761243535318	0.287539245069474
-0.334279900814433	0.266924070710537
0.30629852951325	0.222168996631181
-0.176477815548722	0.117187185057752
-0.0192788097279307	0.00904287069113598
0.160959729582192	0.0780954838284636
-0.0172953594181577	0.0112608998267534
-1.73448400674942	2.2644639383725
-0.016851211397541	0.0129098931104258
-0.282137588994586	0.286413942432448
-0.451020384031341	0.584090624475637
-0.0409847908531487	0.030363936155818
0.187651572190547	0.149668814060994
-0.443323376417056	0.293058420016367
-0.991110381873767	0.887306179102821
0.51924384720473	0.331567204222011
0.371683018677188	0.1885359472912
0.587757663340575	0.472222867539492
0.800811819115961	0.759917162433221
0.733744314115978	0.611918635085538
-0.440892017945876	0.439904246809663
-0.141911150908075	0.122052472613005
-0.594174190242426	0.618771995472185
-0.333142890644458	0.265757623616858
-0.509965235966942	0.539376029925607
0.412065656152857	0.342294357704654
0.537227372640417	0.543946974835579
-0.366112484621489	0.342847949953756
-1.49624132203501	2.52925357406483
0.828027279233781	1.15520101748311
-0.844422856305873	1.0186052246903
-1.23584393684144	1.75017560433166
0.579574625288893	0.556189324562834
-0.0516284642918966	0.0376584320973035
0.533200403971476	0.557441196916009
0.841833759961631	0.99357795538668
-0.151727537505206	0.12861115722389
-0.261764132710909	0.214696353954981
-0.357450142817789	0.36579379009465
-0.240233076389117	0.177262617925396
-0.378681163433219	0.259462452871813
-0.898495693753662	1.13174626513715
-0.717866629192078	0.784332151539472
-0.376335374264815	0.354755151299102
0.701141348210418	0.615931876795085
-0.637102887770922	0.615077407430965
-0.887699744724553	0.735164201174099
-0.374832059149195	0.293647777859561
-0.00886594928207117	0.00582465584546321
-0.14801488326635	0.114061435415937
0.098694130447256	0.067551730201592
-1.66351690749458	2.07228663470831
-0.787942970427127	0.604268983435596
-0.313231369390925	0.186826753532966
-0.209769486986181	0.157824285549385
0.791594198171723	0.626574242553631
-0.422511653115337	0.323237037555941
-0.329199070766963	0.233140182067614
0.5435895545268	0.452611630912215
-0.336741381934903	0.239383368009753
0.0489667341986687	0.0287376393467557
1.46572944923853	0.91751631844497
0.166894126545373	0.0495801423286346
-0.483017021091847	0.253044587728059
-0.244815032714252	0.181204945656469
0.698165757510023	0.612442822737245
0.314005377339698	0.239583937173878
0.517947266778092	0.330840460907775
-0.503493712901499	0.462249963086843
0.62372610338151	0.475635506900824
-0.468501198876457	0.395686787789292
-1.41493559836629	1.49454602072183
0.184882529653509	0.114751543303229
-0.481282006578152	0.252071781475975
0.550476593677402	0.320399863297726
-1.1669781673122	0.654360023071921
0.824451710034132	0.346189076295124
-0.477548403091835	0.250188164124475
-1.02971819008176	0.820001947763023
-0.302005383276034	0.138513336068937
0.593131872044174	0.573777489751438
-0.702066647570885	0.66925641275939
0.801602457991234	0.638091284743232
-0.0980666176414586	0.0574284316849336
-0.26915046265605	0.168447152921222
0.182396382616485	0.11932707808781
-0.251625553798091	0.156374768418903
1.04335925948325	0.993661814404277
-0.014353983641471	0.00681642939570064
-0.0550916913772357	0.0239743211516118
-0.00288493341219841	0.00200486130406441
-1.03269742121009	0.408607765317193
0.977472874947837	0.670511413430102
-0.0523637858626213	0.0326879054368657
-0.63035065052997	0.606787709754703
-0.414253183496444	0.387644316056002
1.24800447145753	1.22684652002595
-0.877776672074073	0.807568699893911
0.857586106227388	0.78476812760105
0.384789395308861	0.340580839056087
-0.250529062407996	0.1859579295316
0.466042557513648	0.339645801955688
-0.967169418145733	0.950502041263956
-0.0264127146491693	0.0169119739771023
-0.0332646155530365	0.0208027092158919
-0.00249100453949435	0.00175345612390362
0.277476706567809	0.23997850036184
0.322589812774741	0.223835518205428
-0.566259330525581	0.410988232730491
-0.110039662953866	0.0784663379031098
-0.169806742768504	0.0905190704083934
-0.868308315453104	0.795299782911001
-0.774381979625343	0.78155347642542
-1.79756488140352	2.78554797569582
-0.691691616911031	0.605277403654845
0.50586114163531	0.321425089293437
-0.875034842291673	0.878769161036861
0.675958269647542	0.485982369889282
-0.331844455975125	0.264575799107581
-0.218995099362391	0.141692733878882
-0.298258856413074	0.136778275708808
1.26112436229389	1.07301230261972
-0.0918335336169997	0.0364649550161395
3.93198447308087	1.71970480916132
-0.141699082635289	0.0507192347670775
0.167508913203689	0.0497372165616833
0.958855818540361	0.254543321351908
-3.07707720857862	0.956361112132394
-2.57847696185857	0.659529736545688
-0.61946410648704	0.150698865008898
0.678327026073525	0.214743904761834
-1.12435877083653	0.338493350823416
-0.620903335937371	0.151058535991718
-0.0205384647043783	0.0592724686268017
-0.087482870930868	0.206794578028728
0.175296588578973	0.472069469995088
0.223042564997368	0.571406747541499
0.457986797075611	1.5455428878724
-0.0678139062158992	0.108828821075419
0.0133208088129465	0.0205355862112402
-0.360660126123388	0.763335497941361
0.100023714941858	0.146194976142044
-0.40284945720491	0.795974811975194
0.107198839763697	0.158092656142748
-0.118472509078893	0.135546231508487
-0.0580474637333386	0.0696541287017861
-0.00632368996080614	0.0072805015001411
-0.472799204387318	0.718488809720271
-0.289858866155962	0.38247994574175
-0.27023284733539	0.342537899226964
-0.535661320941184	0.713887607552597
-0.802949592179882	1.40753347369558
-0.498532623819621	0.694695095955491
1.00475413644349	1.6838789504052
-0.0833758915223896	0.0739802701819487
-0.45652489093182	0.480715300854828
-0.33907437505954	0.297540286988116
-0.622299700057888	0.556189990337549
0.190240580088908	0.118337704174479
0.178188495974269	0.110283705048414
0.617412765496428	0.324806645188428
-0.943698284599504	1.00024314853155
-0.187770988929941	0.159436842037809
-0.662897579148803	0.766917949034301
-0.215960558299742	0.225314592363775
-0.364189203768553	0.513570745493183
0.137600787445542	0.121097405263366
0.189491573913019	0.146554240810756
0.322822573440729	0.210673785074168
-0.132596877531353	0.074627984038569
-0.047974491399514	0.0209785835113129
-0.148140095758901	0.1009982578274
0.626342039885102	0.478174814474413
0.482156179421051	0.445759452787745
-0.371964765892212	0.290707082494017
-0.0347321751611651	0.0288143816381288
0.276869588122347	0.246399890911254
0.65315253392401	0.785627762542612
-0.0902793774152172	0.0637766416436426
-0.329851811276829	0.331185242502995
-0.124828373825498	0.125082278389773
0.261414100312608	0.278061819396836
-0.20719527895953	0.178082231489025
0.0830588964447857	0.0718333505225556
-0.53439690876149	0.624668256411809
0.128052897034754	0.106856847006506
-0.876571079930513	1.20579634063574
-0.717907950929191	0.784534789732919
0.62821261355005	0.592285788130638
0.00231553860063221	0.00158082436953391
0.568601715372725	0.565157187407856
-0.305189699335927	0.289798780723948
-0.0415570033271441	0.0307951925671557
0.464074725506276	0.440734117610474
-0.471220897170624	0.521403701720474
0.286543465533343	0.263985548901513
0.101021257193214	0.0742683317287966
0.595602798095181	0.576971540742053
0.200766136779739	0.161399143908841
-0.0243151702777814	0.0182596374698928
-0.34168913215686	0.300203120106507
-0.449902760185545	0.415883334901377
-0.875033779014635	0.878412075371403
0.188764938074616	0.117317358707518
-0.27673324708717	0.228920428419642
-0.342236117151032	0.300841440795069
0.0970445743707563	0.0688651030080445
-0.100270055652925	0.0587736801403709
-0.291435310362911	0.235457455209475
-0.15940586862033	0.123724685026649
1.04201708158856	0.991002756187226
-0.524658725516539	0.516126867205377
0.493424968033439	0.459060314635793
0.0578402810239068	0.035843088969644
0.361548815726682	0.326382147169028
-0.376306997994816	0.294808641933131
-1.81615794981155	0.736304298450839
1.33232181501832	0.581040506436256
0.350291668756055	0.196753484696811
1.29819412737969	1.78535203049774
0.173697941908364	0.100775505481347
0.0789832340412351	0.0514919442062149
0.674955325380983	0.698231874981724
0.112851244454813	0.0886021901764465
-0.533538098247556	0.336990139848601
-0.963120580640508	0.944670041418125
-0.315221763525944	0.18818882614179
0.187096152445986	0.122815773503563
1.11536124599357	0.853062177585544
-0.597793297725385	0.286267705763696
-0.766207907419173	0.33246398143222
-2.28569563487766	1.1528508847122
-0.320138744597407	0.191348955339172
-0.287235993543034	0.208670948180792
-0.485969007919177	0.363569523104239
0.0819637586576039	0.0534915304088694
-0.434724312303129	0.334818758914785
-1.13920749828884	0.9864418496567
0.657338226391957	0.598073579664078
-0.865191565748583	0.932114725090372
-0.946218998046645	1.00440001781981
0.388644353952095	0.332099620524971
-0.637917329017627	0.655374986328263
0.507182097995836	0.456356871876336
0.331692776387358	0.23106810026566
-0.467457399037144	0.394555242227201
-0.258403398435888	0.161086584179508
-1.92313648008729	1.88124978830208
-1.28297090861249	1.57809132173977
-0.659372503082239	0.459383291342207
-1.26488226391768	0.5667153897531
-1.03241932201442	0.823482833612441
1.25316157038211	1.06249928397783
0.198512239691548	0.148973145503886
1.08077684515618	1.26687614602689
-0.487361997484234	0.364806233234309
-0.464177672521939	0.432693152078339
-0.0930214734389586	0.054410958547454
-0.577020959741984	0.563025190077911
-0.871090394709959	0.799210751763227
-0.775459914242214	0.661700984233937
-0.277203281575818	0.200321421778578
-0.181534486655526	0.120861648652585
0.488259792531817	0.452971989532438
-0.786794206554105	0.799407986518756
-0.717311864548676	0.737368865700471
-0.185195549119065	0.123465297424329
0.011705516744673	0.00779652782571329
0.0913533058360561	0.0646809785198288
0.90653568480236	0.931047864871866
-0.690079312440397	0.549106811150252
-0.656029216636471	0.456477804578684
0.187456663184176	0.116456683021519
0.404468025009448	0.334607126316404
0.817901798202246	0.655215563926125
-0.553326625687446	0.500293589684471
-0.234815468347562	0.195143273742004
-0.688788184706255	0.602219364849956
-0.583048454416363	0.570915219904545
-0.149475936757711	0.101978223266878
-1.33796610595674	1.33531019707811
-0.146671241838456	0.0524820954965394
1.33603551913475	0.58343053611899
0.15804466225885	0.0686694918013459
0.1732138890056	0.0435401196761172
-0.61946410648704	0.150698865008898
-1.79763019308962	0.379603777700996
0.159251072645633	0.0298673857617753
0.955450516302873	0.253599562429476
-1.50922180218546	0.535188573690381
-1.79763019308962	0.379603777700996
0.17351044503084	0.0436385160120603
-1.12769593434811	0.339436368028373
-2.57447078703937	0.657780381714024
-0.619895187822925	0.150839789138775
-2.57421277656498	0.657506382974291
-0.482204223607423	0.252937951588087
0.174933567082256	0.0439573605408891
0.164346895049867	0.917424568751449
0.203781064052185	0.936126904819302
0.0096409698597554	0.0209792278701155
-0.127611549958609	0.294877499568727
-0.078767320161608	0.158073925935049
-0.234974598929781	0.464833471733542
-0.315931483584834	0.731532249349176
-0.205079813173541	0.348862170133034
-0.0501996710580105	0.0734745706984969
-0.349471280441542	0.675948457246937
-0.325387312321048	0.593597627245293
-0.825681816483232	1.91854339945946
-0.510788882347514	0.942527547623045
-0.220574089043651	0.301958399792968
-0.354195310107599	0.513390235931671
0.0950765545517006	0.11528768964227
-0.32500945128788	0.455619618898863
-0.374991469143976	0.492606207102513
-0.256524279022479	0.309098898130328
-0.081717959195108	0.0802645956081778
-0.311445600340915	0.334262723462116
0.346078624191484	0.364896329656646
-0.633051580461793	0.775918910047374
-0.303057982749599	0.26801016584884
-1.10001049211861	1.51084960828342
0.626663996041678	0.478512149671321
-0.987446564386677	0.882375092005061
-0.776134277136322	0.337766909090875
-0.556340091881279	0.504228457116059
-0.258346292988855	0.161009754099189
-0.241521649466633	0.201583558986405
-0.335688407220735	0.440705813468038
0.182112653987924	0.112942078266002
-0.303608881566086	0.24703634502786
-0.143920467649275	0.123972962414199
-0.627959100107745	0.766969386573429
-0.10156850569623	0.0721466879780412
-0.173854344682872	0.0928293716928907
-0.257270782920675	0.160198342967453
0.190309387435177	0.14217529202611
0.0799092134433191	0.0521235551781129
0.193305798954432	0.13342102091994
-1.26387825776253	1.37502262101331
-0.385156062610813	0.336013956217425
0.3697398857512	0.346427352284828
0.0764713976198784	0.0498019979993395
0.195358595199387	0.15653803562905
-0.332533659198249	0.381694660465638
0.201560649530333	0.162120394706616
0.0597240275434141	0.0498081425151713
-0.33609671744223	0.3390788131818
0.187117850181468	0.149207879229508
-0.0795158523443832	0.0642995032266697
0.659790524279578	0.705079880150303
0.188069189084859	0.140335056497498
-0.316486845945103	0.303015253043043
0.0402801950866949	0.029233449476922
-0.11323844600568	0.0785190212238653
0.500332036805964	0.545395655831257
-1.02129113723212	1.40883833258014
-0.482332287189129	0.478755896197769
-1.02613568630657	1.1529683741768
0.62534647310129	0.680119290437225
0.0994189246566862	0.0730414338043768
0.296012695570647	0.233192646381318
-0.0623827064641179	0.0377783780930698
-0.0625021253280678	0.046717134651655
-0.653474228341723	0.715421762513826
-0.0579232723443435	0.047903334109848
-0.574273188868463	0.559324594624732
-0.711828186097656	0.729952767991197
-0.57372040694137	0.558760129615877
-0.335872072695639	0.26835200989273
0.0989803279157737	0.0726964506292077
-0.028047101060672	0.0179549069065461
0.716686030055209	0.725558830123682
-0.699479489049349	0.665370435152379
0.629220844224137	0.593446665879396
-0.237545804348607	0.175062367027647
-0.714438604301011	0.779245545900624
0.552232425449036	0.632261157713866
-1.17230882546002	1.46060048036843
0.28975555520215	0.218276659570658
-1.13937502397476	0.985712382268854
-1.66880039969313	0.940622455444329
-0.337318918589577	0.0966140796949229
-0.667578640822135	0.466659820284436
-1.03106758426555	0.821763893236857
0.577478993871212	0.461635114822885
0.661259234325546	0.472503114424629
0.0894367073117866	0.0609948221376529
-0.158342861452005	0.122822248879866
0.611655170549245	0.321289253036045
-0.427360094423918	0.327931518221211
-0.644562633459371	0.381599531724609
0.0771674754778598	0.0479710404300952
1.0949587074066	0.675759095138577
-0.476723741688998	0.249287451535848
0.696629251122635	0.326266216208756
1.09621862234487	0.676929675845545
-0.314861753965358	0.187935994392827
-0.128978991155388	0.0725086264930362
0.671207739904894	0.48144716533219
0.0652284222342598	0.0383213398542721
-0.374507607486484	0.293328725766842
0.797868630166781	0.86257849928265
1.23512554255536	1.6206992945301
-0.787197358713973	0.799573378768556
-0.684975834248239	0.59753232030327
0.057343008262868	0.0336465883255873
0.294758661443209	0.232118283302577
-0.254682343198083	0.189467354728371
-1.14403979716407	0.991242259070871
0.185724637775005	0.121834232210394
0.415262572218616	0.330007155634949
0.745903996429884	0.625174090346888
0.756995465208989	0.744828531637315
1.60289208520403	1.74980796171064
-4.006279107083	1.72987826782451
-0.167545072879171	0.0893124400570765
0.165530272619282	0.0804572609978174
0.0557375883983198	0.0345277751007986
0.342623662818948	0.334228483140112
-0.0394925301886028	0.0297435387171787
-0.864825271517549	0.864064404690638
-0.218053484244187	0.141122987854788
0.40404728856282	0.334220769562623
1.14840353953206	1.30459316749919
-0.252674104673731	0.157049971599731
-0.281317496280404	0.203751387133484
0.426558445945294	0.340872527490397
0.335077070005071	0.219698481727468
-0.330636933294929	0.234342913876733
-0.0538897287938555	0.0336483433865463
0.549125725353047	0.560174032453906
0.369369537675305	0.346085628161558
0.189780599353366	0.118024148522455
-0.324882903037106	0.229586203507736
0.696101950400081	0.610003381521196
1.50784797536405	1.5346411426261
0.0558778898257273	0.0327854915015808
0.535007132386574	0.466914017057831
-0.279427565504794	0.202129756721428
-1.02958883483172	0.819975708041449
0.69800526899984	0.612111435668051
-0.373648498700792	0.292474245337178
-0.124474734569853	0.0867864312590827
-0.685788257833857	0.598704486476438
-1.32259897563669	0.827406272976098
0.14892576642437	0.0504694466811999
-0.337924641037297	0.0968088152153293
1.46166504880046	0.484245680586438
0.672560905238846	0.212860180111741
0.159233465858126	0.0691205424834073
-3.07750490916701	0.956880231933195
3.64813638806334	1.43480372807629
3.26732978575294	1.1211772426211
-1.79763019308962	0.379603777700996
-1.79763019308962	0.379603777700996
3.63896224062815	1.42951913528691
-0.616620021012413	0.150099962492625
-3.08616775699942	0.960575893787374
-0.723767624574779	0.247384332637155
-1.12881513859764	0.339906487322227
0.174503749901052	0.0438676710334476
0.163055862372371	0.809146508724571
-0.108440472427685	0.372908330065587
-0.206731989870644	0.559153045128315
-0.0894060584168784	0.187674955119737
0.068313505142185	0.116687197082214
-0.3095774269744	0.690641379198381
-0.141302426918845	0.210633037400482
0.0847635308622145	0.119673367382786
-0.258309171063909	0.427289210561665
-0.103411317376019	0.126617143908923
0.1302658198783	0.140979391022018
-0.689503435468545	1.11778578317531
-0.0155519815392483	0.0166492788337234
-0.0301213736178491	0.0276056045318321
-0.836951043244872	1.46583819857331
-0.0776746879362934	0.0809149168174364
-0.369848543578292	0.419353660153112
-1.04712779693817	1.38261566143644
-0.259987846389872	0.270641087924234
-0.84604423870948	1.02179182549187
-0.411761621968826	0.384833131828301
0.126013771578365	0.10238846171013
-0.78500829149723	0.518462532727358
-1.26025852051598	1.36786044894236
-0.787063695409863	0.520381158393503
-2.10875217293262	1.61704537809858
0.522224196958967	0.186810075724149
-1.46662836182127	1.0226216096649
0.0341316775412026	0.0187957299779071
0.364194541710273	0.18436891626199
1.11470255775089	0.851630565638649
1.06321464476731	0.512987296746834
-0.322925684883185	0.193259547465871
0.513372433001616	0.463515072364304
0.299120411578379	0.244891675253313
0.593257059084408	0.655159900629833
-1.12111632026745	1.23481291159693
1.15597963210808	1.3182119986416
-0.533195152250529	0.527100717980517
-0.0721658979167412	0.0591978300495632
-0.371833323510399	0.37503938806652
0.374244513237288	0.340624933896781
-0.78329763528157	0.950056008630544
-0.136960157414268	0.119771611378677
0.0141291155704459	0.0110201513008723
0.834041506323784	1.07706262980159
-0.631506546395644	0.608538369060029
-0.311757517175998	0.185828484580805
-0.538556689217671	0.449588886346724
0.434887295719316	0.33174835700215
0.0717513912213153	0.0445408047337628
0.0695178771174884	0.0431173918648607
0.62062314493753	0.582758493939082
0.630030613267559	0.594443927686888
-0.681350730203061	0.593430820422135
-0.379174141643304	0.297742513696971
0.0724628451898835	0.0449856423048202
0.11550602763774	0.0855703802737803
-0.375032602994612	0.293655224325755
0.0718737918058856	0.0446052135274263
0.55509029093661	0.465045636578909
0.744800725422376	0.623994146515619
0.55526484990571	0.465370470837599
-0.0744352409565488	0.0451466065480312
0.188574202206916	0.129841249558642
0.274098805640065	0.257141495276217
-0.618208379226842	0.551791310878441
-0.59658350704876	0.622127868132769
1.01656888702641	0.839693241176787
-0.141035560930546	0.079487706572844
0.0104252261176123	0.00536559905930498
0.0502651460745431	0.029516795778568
-0.779340997042793	0.594543985388077
0.487099202854049	0.33460163495488
-0.182924698773355	0.121864333193236
-0.039486518644707	0.0246453487451059
-1.33755617973217	1.10469317245266
0.17294827606403	0.0435260072159332
-0.150990796917609	0.0540018284131618
-1.32901607310382	0.834522288792631
0.184361764399161	0.1207625300071
0.0141953514412619	0.00724897874402994
-0.232608163086174	0.116161452569176
0.618596938364695	0.471043589976868
0.634239300675004	0.486364379308657
-0.0140042381744512	0.00664045936698481
-0.0248848925934604	0.0115763628132188
-0.0965724066579497	0.0383192571999951
-0.662723681958798	0.462538379083761
-0.145866306322633	0.052205308942621
-0.150196998613523	0.0536857002626707
0.156781885050885	0.0680783309005042
-0.510935679795775	0.192645231752329
-0.129921032918552	0.0730606916309294
-0.646865270593849	0.383461253142822
0.362005527630669	0.183050150286995
1.01270533519003	0.835006061342524
0.467772568895712	0.341241740761413
0.721677004899186	0.477585894519753
0.522287386131936	0.333967907708335
0.312099870628461	0.22703880988822
-0.647749919791809	0.384075372072517
0.871173881255923	0.646551105832917
0.759497396677976	0.747946220291815
0.893615864836074	0.912133597344379
-0.776596322829388	0.592829834840337
-0.232937131075703	0.116434554346613
0.0621330698301255	0.0364862819377728
-0.374124985277255	0.255914262562072
0.0344506588473835	0.0189688228615261
0.343791225430889	0.210209475947892
0.400005324541909	0.180883427907181
-1.02815379565769	0.406346884447955
0.0339680776738001	0.0186871647003706
0.0675936558938331	0.0419172659186913
-0.39288940313563	0.222032660936445
-0.663917557663914	0.463257726552814
-0.594327014634704	0.48274909256697
-0.386507336650045	0.304525773478455
-0.590512717056573	0.478701477188864
-0.209890862041769	0.135270015743008
0.191226530498853	0.125705500999263
0.339954749646239	0.207767007998171
0.40128520889548	0.181574932992367
1.45497201830576	1.65837456947627
-2.11115538207076	1.61987171429148
-0.0165981607126363	0.00780440904025189
0.157834213782735	0.0766302858653559
0.675112898951557	0.485094540231879
-0.316550553807058	0.222642126092532
0.167654494237602	0.0815192655486368
-0.0471103456571956	0.020614207007586
1.10867578171822	0.844496804499539
-0.123324695749423	0.0692107885428131
-0.0139865752005396	0.00664999932221124
-1.2101362014147	0.91070715250341
-1.72534193702645	1.45586555088882
-0.783293315722583	0.59958884944836
0.484918729457637	0.332876673019525
0.173697941908364	0.100775505481347
0.720421428841544	0.47646038093623
-0.39378757483471	0.222588889752333
1.83320872066104	0.716809839835328
0.521165565314843	0.186414243832898
1.06579457323925	0.514454684207409
0.532196819047093	0.190683131950839
-1.80127875869	0.380587746892248
-0.625191995446008	0.152059991852936
0.950720958067184	0.252420162622268
-0.337318918589577	0.0966140796949229
-1.02275196325719	0.403905696700775
-1.7975657981284	0.379599665892429
3.26732978575294	1.1211772426211
1.45941385003452	0.483259882361236
0.532196819047093	0.190683131950839
0.15823182603157	0.0297179405544109
0.0808163218666992	0.364622828437857
0.00559398906189556	0.0161325652535056
0.0231087893808123	0.0550103820794691
0.200940745001121	0.580556364953575
0.187896885398527	0.471049660325218
-0.256185373600806	0.593701135949164
-0.0231555349370645	0.0342785914101211
0.0376360408076302	0.0558907405510792
-0.191970966973088	0.341282190837964
-0.266593418507778	0.455869599730954
-0.512661960725683	1.1129985024001
-0.477217211181231	0.949929037694641
0.00388755167085773	0.00432178447319268
-0.227118985932375	0.318658323612618
0.0183093012249336	0.0194015203742373
0.35321978466917	0.504483840450707
0.447538593975141	0.600852162116414
0.105573667862687	0.113435517959184
-0.373025819602847	0.446371486817075
0.113595098221713	0.0916237406357437
0.27422697280962	0.288695437996198
-0.586206615801777	0.717122092847146
0.376655492112043	0.331655974182214
-1.34201477788699	1.11030148560205
-0.380985352098698	0.261656492184158
-0.440638562138554	0.290752383475767
-0.212383516536379	0.13704828262681
-0.103407662538252	0.0735166143357622
-0.473699568254542	0.504322936198474
0.0732001524121149	0.0476639910994097
-0.646552110526799	0.66765843445322
0.85930988522986	0.911577639702447
-0.923244171042056	1.04255112932981
-0.0520055147392319	0.0386959474484645
0.647434846921268	0.687500619993761
0.199677432166034	0.178831965454158
0.762608316560251	1.18849022997117
0.202992732260888	0.190969706834106
-0.143179162861776	0.132704051182089
-0.336331404173565	0.317835058209054
-0.323876683695542	0.351018427342684
-0.207148444673907	0.189694403068576
-0.0489025273453458	0.0401797851369598
-0.510699560331821	0.625777728958907
-0.199204865228701	0.195313501060967
-0.229476347027966	0.20872235475102
0.562231898020423	0.711885642025131
0.0868574284222021	0.0591373082869462
0.570518097909586	0.790114743888358
-0.0853712918620891	0.0693113849162464
-0.341347044734242	0.323722295547535
0.259395368111237	0.240838730075635
0.606358021301088	0.822451571913128
0.19146199658472	0.125883999383244
-0.503625062617501	0.530314354363077
-0.941263263033886	0.996256659013187
-0.390082443687778	0.37064871458596
0.115253737963838	0.0953748483493203
0.46977216627926	0.447681964375395
-0.0265799441751992	0.0202116480898256
0.105404838034704	0.0776975003696965
0.539196190350879	0.471746760585675
0.275135124689008	0.222276024439946
-0.104626317654895	0.0824748313715125
-0.0282681067727985	0.0184269515947768
-0.0603528587473666	0.0441664539958537
-0.0587227720711047	0.0355435387150823
0.613267529256749	0.572923314168449
-0.102025589127954	0.0724630986500418
-0.269617416423453	0.222242605815921
-0.630102098747751	0.606623875231793
-0.086955550696433	0.070669820615212
0.480307785363989	0.443555925860102
0.644454207079913	0.770689663476402
-0.633347631769984	0.610575075283174
0.374116124954744	0.189905009465218
3.64101793434512	1.43134239135362
0.312526145303254	0.215802191278287
0.49368216744074	0.339901914590027
-0.459644282174358	0.386305536699381
0.0559070995435064	0.0328344357273214
0.747824436870786	0.732158252062283
0.0479765421394859	0.0360118903680123
0.349516210616609	0.195786267570021
0.0625689200463272	0.0367611809936829
-0.846580267580283	0.903342451242791
-0.423276597010464	0.363600056625497
-0.605473142038928	0.290709046607198
-0.787880577594391	0.521354482594608
-0.595475948506131	0.284814604364806
-0.141713338154082	0.111626860871126
-0.604458749673287	0.289930015833069
1.08004209969494	1.26498325567108
-0.0940020640074766	0.0550205607507568
0.862248880688064	0.79029624196959
0.0799063305549516	0.0542967641640078
-1.00705247698783	1.20584536559547
0.663399087740273	0.474717741335453
0.289663760826112	0.227352791558216
-0.650881795354116	0.673834194170249
-0.3655363518609	0.342113172840609
0.0656864840293649	0.0407388023793831
-0.119238145289822	0.0829191106368617
-0.134106526751339	0.0754969086484871
-0.0918982825278259	0.0537575230969575
0.839729890780466	0.882963595403848
-0.236883299717319	0.11840536967826
0.874574667792948	0.650408990094978
-0.986343496391652	0.880951075061745
-0.309186520593732	0.184019033220291
-0.305384510530781	0.24872264651695
-0.30424756817059	0.269217216365264
0.192128946617023	0.143608085147706
-0.417325755862743	0.357260906652165
-0.430278407999051	0.457630996395963
1.35431363056413	2.2119493173781
0.312684718639799	0.22744298290534
-0.326747825793795	0.231128396961662
0.186259746177498	0.122225065698676
-0.062301042387463	0.0456242266218843
0.0267872515950858	0.0193811448558022
0.294758661443209	0.232118283302577
-0.0275447396526058	0.0176256106512186
-0.374046904639775	0.352175394690337
0.928730728720529	0.812171377945248
0.0673547692990152	0.0437879418722534
-0.102495882030233	0.072817605307449
-0.144036938757559	0.0979855955944947
-0.779302117596885	0.730042675845087
0.299395394329511	0.226775788314752
-1.02281808850214	1.14770833308211
0.303255344390306	0.230169106023375
0.0254231076080071	0.0184064609650209
-0.128718721476947	0.0723597102607887
1.39227528274753	2.03278938092147
-1.08213701363309	1.03735626451699
-0.529151311726408	0.439682895566999
0.965028483628845	1.18397899710673
1.06592849449521	0.514893865899559
0.823078351695812	0.34550391355806
1.07168699063469	0.518155267384757
1.33268267273416	0.581267457492734
1.33435126799908	0.58211833296484
-1.02334304610672	0.404204860060332
1.46109938210879	0.484014060767982
-1.7975657981284	0.379599665892429
0.15823182603157	0.0297179405544109
-1.80127875869	0.380587746892248
-1.12769593434811	0.339436368028373
-0.624623675797245	0.151937920429117
0.162171049505848	0.0303007576998756
1.95879552552655	0.437985228139192
1.95879552552655	0.437985228139192
-1.12825544522804	0.339732258677114
0.173940988172143	0.0437550114519682
-1.12881513859764	0.339906487322227
-1.50861948725752	0.534748868530857
0.0237269230091954	0.0859142530179672
-0.017208017976059	0.0525771938489019
-0.0666622332439774	0.163832070351038
0.101285846868497	0.241317919082326
0.211818098912577	0.479294390864127
-0.191806633001536	0.382835945138126
0.217898401289978	0.432837497200849
-0.14441302517206	0.255505571362757
-0.215971048514723	0.351372714324212
-0.0633779048342712	0.0838628076149987
-0.301361721389815	0.522661066843745
-0.283083924850334	0.467407196888754
-0.171034651671373	0.255744334747118
-0.000831372458164442	0.000937137932851186
0.029335689900982	0.0296786741833234
-0.352681293367929	0.481112375457459
-0.808288137411604	1.63612863040549
0.502149814199603	0.697097184088408
-0.451381832979654	0.601375997332172
-1.34909015565902	2.36374844302648
0.505558184775586	0.552792382726613
-0.589958050882327	0.613010373641493
0.800851258898037	0.636948166509097
-1.23994814127135	1.15387074547465
0.161929154643963	0.078731946001689
-1.23771702368176	1.75461135932222
0.0888403527399376	0.0605651596359189
-0.838838393251476	1.11616465962827
-0.377831432294352	0.45364216586537
-0.0635078424753859	0.038468472813808
0.526499757244308	0.337595158839359
0.0025130987931814	0.00152793127929474
-0.28245006029117	0.204686032468659
0.184979116182885	0.127042950524501
-0.26817975790237	0.220798746261558
-0.422612738450383	0.362830181336361
-0.0561364215602767	0.0410085444734832
-0.107961539847176	0.0871480290467323
-0.594921161443502	0.732128287263378
-0.203205314701585	0.16997612861183
0.133092544714411	0.114080215758494
0.440956655050638	0.441077387240633
-0.138997418235237	0.109316472262645
0.0730519851840423	0.0614327463396856
-0.352401020031431	0.402556095728945
-0.17238754011477	0.160360848986206
0.474101238942005	0.611405118033913
-0.378390166051954	0.328852225037685
-0.235871001297227	0.196155680609155
0.531852516498236	0.555475255236213
-0.319474484632783	0.369885584346548
1.38996878873853	1.87550609037351
0.194113151632784	0.150550300026856
0.285665691347795	0.24053628307209
-0.962227287916997	0.94354183495252
0.0782533582925762	0.0674367305681331
0.123786521832513	0.105446094879577
0.342415287812931	0.32469062698457
-0.790627213464205	1.01098267368072
-0.589753879424431	0.612210337897038
0.581572553600975	0.658551126413812
0.299550688328915	0.226882389636697
-0.506094407419946	0.465447205574684
-0.117918505367615	0.0819379870965421
1.0387992329509	0.987303080488042
1.1719837544419	1.5741095587161
0.193462477938443	0.149929269023489
-0.311898874732888	0.27742160430228
0.599234507115583	0.581539473420614
-0.976598696730011	1.22763687039235
-0.18064020745256	0.120165475376169
-0.377760328955383	0.296423258793047
0.196912848979983	0.157959022500071
-0.190811276805157	0.146545766352777
0.621546305078755	0.473675380143656
0.183183204844314	0.131248914476607
0.0366410138919725	0.0201375328750115
0.154087599084644	0.0590675233015631
-0.336952847519868	0.096512855057735
-0.766586272807067	0.332936802950959
0.488298883836514	0.335598175640622
-0.334022172809481	0.292228808585761
-0.848520817875459	0.968071187519759
0.184608938372202	0.146947897722274
0.182145633446145	0.135489753545322
-0.295177636215476	0.238813387800893
-0.765805332481547	0.768868217926185
-0.385105482164155	0.303233837007639
0.037329550561038	0.0204781228959759
-0.700227274522735	0.666811255161392
0.0455398359324813	0.0267645841217027
-0.440555285668047	0.29070035030227
0.370011540788224	0.187565655897233
0.520126082592512	0.332275678267087
-0.787626506375353	0.855957618798163
-0.285423268972265	0.207092080996199
0.186864098097314	0.128574431977511
-0.447650843430863	0.413204147357318
0.56662101894163	0.331930269439354
-0.32829163597139	0.261197418466635
-1.04031559539537	1.08105973021452
-0.500768894076779	0.458962344464152
-1.33172661037407	1.09804033299573
0.462882902931564	0.336820018617532
1.66766003696853	1.57936398239912
1.33065013736382	0.580048564914345
0.971018486963169	0.964922553316124
0.760584210613943	0.749071762396544
-0.56405761264083	0.408755417545393
0.530827131229789	0.553961884911194
-0.0234233389140361	0.0175912839738491
0.546437994666476	0.45583320264665
0.194130658667097	0.150547912932319
0.477152223667594	0.439742558995357
-0.0624415642755257	0.03780738262621
-0.654366983582991	0.678712700081718
0.802308436247878	0.637422344828697
-0.150728400664726	0.116358262197599
1.11603678409496	0.854835100555233
-0.630909880423281	0.607041742745048
1.33950535784172	1.57967527145566
-0.0888415119452426	0.0643507839334171
-0.171207002147919	0.133747281946986
-0.0545079871362992	0.0449760967331249
1.23908628692981	1.50184160699256
-0.320138744597407	0.191348955339172
-0.522079373987777	0.432197229588956
-0.427568104150843	0.328206164916413
-0.0490781276841848	0.0306317977842862
-0.518805419293233	0.428773176984522
-0.783138666612129	0.671120598122403
-0.324258691612404	0.194225045252462
0.751850483577998	0.828602936210025
-0.871938527736159	0.800361346741054
-0.956944844183249	0.935345976153229
-0.423307436043056	0.363734114112552
0.148364367533412	0.0502983007600852
0.16934280349587	0.0427080042196444
0.533629585575437	0.191149248838921
0.158687948318654	0.0472850694532285
-0.715646834778114	0.244453295526364
0.679297187320958	0.21511425797511
-1.13698868821346	0.342607629634493
0.171653101789031	0.0431973221484952
0.828185454384309	0.347969212421182
0.15823182603157	0.0297179405544109
0.174933567082256	0.0439573605408891
-1.7975657981284	0.379599665892429
-0.21353484243456	0.0688377478794001
-0.717129528498756	0.244943768614452
1.83417843227406	0.717062027537897
-0.718081625995024	0.245384533690959
-1.12725353624624	0.339405023147411
-1.13182284417153	0.340904867919198
-1.12379649940684	0.33819735561451
0.0750802067153441	0.329910883907793
0.0922265609466688	0.332484437046543
-0.07659149768137	0.206464078361767
0.363358008814209	1.2620025291772
-0.166826203706537	0.372919031713745
0.2402085526036	0.568640395058942
-0.0627610686328884	0.106662002277935
-0.384708724903363	0.779436180907162
-0.197101125483367	0.361531391138169
-0.136028578199387	0.213267637866156
-0.152357684654499	0.204640773021847
-0.423726456087312	0.802218131792958
-0.874813675782346	2.26881821306227
0.143800622546344	0.185342578279831
-0.446729157201275	0.659259447926138
-0.110009559485702	0.127706830975876
-0.203791130400434	0.217633026469606
-0.43669656514081	0.586457196720929
-0.774559052983044	1.07149826883461
-0.884241893842242	1.27814861237925
0.275835374673826	0.284646718597643
-0.785346195573782	0.737516937099844
-0.707918661691131	0.676648517210421
1.08800011385403	0.670413842328533
-0.448225225278251	0.296799961552174
-0.728163917299453	0.9280458370909
-0.125192252238441	0.108575634861502
-0.0943369101569618	0.0755156822009163
-0.247032697645368	0.183049402270768
-0.116243151784151	0.0807109353836352
-0.0430712756170114	0.0268798448864955
-0.0961042251773336	0.084681807575794
-0.372046221504339	0.422710864807129
-0.262933276560648	0.232759702077638
-0.192416061985638	0.191255759461813
0.142290006455892	0.125605066224731
0.0593249278730709	0.0542131466577691
-0.288270144401907	0.294123750466648
0.56561048232769	0.718904424943291
-0.0531546009628958	0.0445346713001863
-0.248401254653652	0.242998525952356
-1.22044659403152	1.94862120504432
-0.0337352035774169	0.0283559807226365
0.0888714095203204	0.0628451597856547
0.396269189240726	0.495725607468712
-0.635738571393568	0.780302327612567
-0.132984019560603	0.126605821923195
0.425967835080824	0.434639767796384
0.114459872187247	0.0899598733753336
0.206702756949401	0.199160296920765
0.122336673090255	0.101723020309599
0.195831064609935	0.161729016207534
-0.368534647673943	0.370819895193309
0.274426618898861	0.270449545777906
1.01681456524784	1.51744808247118
-0.10160590914023	0.0816891993293497
-0.52330243988374	0.514144145478284
0.5245515238557	0.455498680964614
0.297245579681094	0.224910980228666
0.133281345410297	0.111604142995431
0.978170031508505	1.28521049136408
0.557879052747312	0.571784988070006
0.576945586418403	0.651343312810962
-0.554242676695154	0.501557261174208
-0.672245048635819	0.781678632334408
-0.378004004460091	0.356666591353993
-0.295722856424771	0.239557645768461
0.178254850016227	0.110379348993002
0.361490444872109	0.336961771051709
0.1457857237591	0.0559373466547193
-0.146388253508021	0.0523841154261225
-0.908772208810098	0.661985088776621
1.24337658847961	1.51023101885904
-0.291354604736054	0.2120956697033
-0.245877729204988	0.182061469294801
-0.076093349743685	0.0548066760467214
-0.0335472648792473	0.0214578370535906
0.303856284586431	0.230664964647454
-0.66205132132622	0.46192152364406
0.0759301614894001	0.0494645864272842
-0.56355035557743	0.408800338218663
-0.777410663189407	0.422370649528763
-0.279370574951685	0.201977170422933
-0.659941912794096	0.45991577185928
-0.171894810076299	0.113922772865201
-0.0962778757180662	0.0563578193639318
-0.992043364609349	0.888176899922202
0.0528106307700582	0.0310121176846739
0.109747444833765	0.0835999444762497
-0.224700262177942	0.111985850510032
0.40128520889548	0.181574932992367
0.961990551099895	1.17915023469307
-0.142909299627583	0.0971739389583133
1.3793061647619	2.00344602876867
0.195690960320118	0.170568334937492
-0.703995168401231	0.718641228580842
-0.0286839270823798	0.0183581208646038
0.599968744115494	0.582594944255351
0.153801108434438	0.0666852820754741
0.582447072688626	0.467119508274112
-0.177613629700058	0.118023576670051
-1.16012714514825	0.648998901413202
0.533822522207048	0.465885265757458
-0.907442432936146	0.660055386666703
-0.374864408733403	0.256688000365033
0.343167468219951	0.334860104687971
0.0646011590037156	0.0400500723160997
-0.0514176541371258	0.0320969256592249
0.186048198573936	0.133487998936698
-0.0814869727330405	0.0659996019276281
0.0772862010228429	0.0503874171235113
-0.653571013741235	0.677594056883954
-0.615420987755814	0.548036465819491
-0.0239670654008359	0.0153671251484386
-0.069797290562915	0.0423213640202616
-0.526933693825959	0.519009887562534
-0.670448777586405	0.779179329143644
0.409548320396828	0.436699809158387
-0.036241138112411	0.0231828316858006
-0.280026525593547	0.250822948012413
0.74753308248985	0.627076345264817
-0.377550764629106	0.295998665910559
0.293618181213121	0.248269400767467
-0.0680010864194447	0.0412163729621725
0.0451543101317036	0.0265215008920366
0.555280510304502	0.465028506042866
0.460408652234854	0.334863833013956
0.185616131643363	0.143217043809665
-0.679193422144179	0.590716666355891
-0.331289744093252	0.234815152226003
-0.0169861000058486	0.00799990486307848
-0.621333103088639	0.151104040920032
1.83223894779093	0.716336716062103
-0.789606708180076	0.5224856417421
-0.717191145070403	0.244966202456728
0.163853552605343	0.0487595972376143
-0.334465167213362	0.0958562903993202
-0.620473624670499	0.150917804175241
0.158202431453599	0.0297753629586498
-0.337924641037297	0.0968088152153293
-1.12769593434811	0.339436368028373
-0.216063671871124	0.0695794401283131
0.956021254579335	0.253830462538477
-1.50922180218546	0.535188573690381
0.950720958067184	0.252420162622268
0.174370024960364	0.0438183729016174
0.951724523631597	0.252769110062367
0.178378460373537	0.04470234426639
-1.13282069800183	0.341231258763963
1.04638771946291	0.395714063580135
0.682768911730453	0.216205939655595
0.0723940669213552	0.303730335617141
0.00363071492550824	0.0102809937058032
-0.297882788943138	1.05157719153826
-0.129121960391529	0.292197521074379
0.179444771602472	0.417667650399365
-0.0605153891875293	0.102467144791131
-0.404252180235903	0.936691821301078
-0.314184147074554	0.653415825388134
0.138321821293699	0.224125368319933
-0.44208933908725	0.880436186884543
0.275549957658429	0.458020096416576
0.0264522628247524	0.032455664688292
-1.36986727347853	3.30315891940926
-0.697635297347686	1.45518147283477
-0.236704113287143	0.299073965641974
-0.632301540764281	1.02605246489634
0.0395902443750921	0.0337146295169326
-0.207961632096798	0.228806171568382
-0.439114594034856	0.54686493099044
-0.910585869869899	1.3500710171263
-0.222388822930602	0.144137946528616
-2.53032831487898	2.63830309994129
0.157865091107165	0.0767305022200075
-0.478523257086677	0.47353173400977
-0.218682550396566	0.184768221387624
-0.141655045842943	0.133511747029296
-0.339096184161098	0.297631377796267
-0.107771522280387	0.0957447342823912
-0.379372835835432	0.358378399108151
0.893843115431802	1.21211370753575
-0.541951102510345	0.636332119543289
0.265565806923568	0.265990255689633
0.401968191559484	0.448027834165768
-0.344733317641214	0.371323646846043
-0.368424661830497	0.37076841437043
1.01060671066665	1.50147213511327
-0.347170874140586	0.395011012690526
0.907959146906844	1.40361010281436
0.876148805512591	1.31311305889316
1.6116828963509	2.52186035687501
-0.229476347027966	0.20872235475102
-0.391721537281691	0.466215979332064
-0.180373566473069	0.165417849575238
0.080372516708042	0.0663792485168635
0.286282169052324	0.248939293216798
-0.103653933633423	0.0736944197629458
0.179786995839756	0.142690539598601
0.426688333614801	0.341115084627764
-0.456493632290973	0.423581168778554
0.759152553207609	1.03382989285561
-0.655680506469776	0.680530355279293
0.681049126644472	0.871780152077064
0.351313877288415	0.335160916862493
-0.448012186981688	0.413595576358852
0.0926404071798638	0.0656237300588614
0.774774936339373	1.03275922345188
-0.300572576787894	0.244206714384004
-0.553048101504268	0.582084537512469
-0.708530398181423	0.724840857969118
-0.227252675672221	0.187926924817075
-0.551959109262678	0.498986210427402
-0.473484078651531	0.400975202607114
0.646624213923574	0.774169259800915
-0.560397330449567	0.591974482947257
-0.209641106267458	0.176151987684371
-0.473781376581169	0.247723262959612
-1.81262047956212	0.734554727038592
0.898384241667836	0.484845577528912
0.525485666746908	0.456530112495997
1.38060893505532	1.28477441976404
-0.0285542640687333	0.0182718609127402
-0.33475483621896	0.237763790919553
0.0736400956839738	0.0479519949431689
-0.238199195569893	0.119147609741393
-1.11969891542194	1.23255622704166
0.331187109099681	0.216991772443402
-0.232786415764236	0.11617536359588
-0.338530582329419	0.0969729638077002
1.45483103369554	0.907965388255393
-0.6413253476407	0.379452910579006
-0.646483770024345	0.38318805758372
-0.887198394681801	0.735457501972816
-0.783827522037569	0.672185093740496
0.153571637916528	0.0667156493126327
-0.675451401098524	0.533699940419482
-1.34893670674011	1.55364660467846
1.46857635044207	2.09079995518385
-0.212614755814631	0.137242178901942
-0.381982103591648	0.300464473240819
-0.382250834407679	0.215193885066628
-0.779826592336719	0.789216667849604
0.549623920529702	0.560701777518306
0.908391063559808	0.934104189886646
-1.02403508068613	0.813851487355795
0.182840766823524	0.113391905401858
-0.701181299542288	0.667695647760303
0.0614632682333899	0.0380912829574242
0.170112265727263	0.0911569625592715
-1.15929204485049	0.648670786694031
0.903937717993954	0.488786092987027
-0.0713631953788852	0.0432699546292842
-0.152239162423382	0.103999259554275
0.195730578066414	0.161619188451572
0.970088222325703	1.19307875711475
-0.672342045267078	0.530588466468442
0.191226530498853	0.125705500999263
-0.0146380151721576	0.00953062870999946
0.698960911679982	0.613424937859118
-1.20527018748914	1.4067299812138
0.199685576510651	0.16039470069389
0.0116827897160088	0.00596660371196574
-0.182671217240684	0.121678708537236
-0.247412666344483	0.183376192045661
-0.220472336203423	0.166837522954942
0.0168757865750986	0.0117939288612647
0.673696004910505	0.79366181714005
0.411949368370193	0.326704308927964
0.182611713771135	0.130819081518671
-0.214893415871763	0.138888920635475
-0.0675919846929914	0.0409424100404962
-0.263412159700649	0.216337995568769
-0.672879979557728	0.53115337933183
0.441060547870097	0.337482922588436
-0.212077815910691	0.13683083914708
-0.56480711269099	0.409568781275603
0.808490491053242	0.645486174980217
0.527404119121822	0.188820766466342
0.669467631715225	0.211908752948447
-0.216409245079586	0.0696890647462961
1.06579457323925	0.514454684207409
-0.619895187822925	0.150839789138775
-3.45172595803352	1.22146685013561
-2.57847696185857	0.659529736545688
-2.57821111666453	0.659475059970799
0.152346609586538	0.0515961830574703
-0.620473624670499	0.150917804175241
1.03703963555181	0.391624153547078
-1.12781381973937	0.339579374120096
-0.339009514545445	0.0971276143948088
0.157971563808893	0.0296806747786729
0.0932441989892721	0.446732090324012
-0.121719042508563	0.467370904346568
-0.203795565485975	0.685977609379189
0.173032166140151	0.459822176678692
-0.286551761193956	0.825237083297168
-0.0448188025630369	0.0681118040240376
-0.125217688126166	0.229566734833144
-0.590495691082309	1.68042193768441
-0.0149752396691801	0.019495320123791
-0.344885787552149	0.73709656184957
0.00265259697015766	0.00331422054234315
-0.285297124167211	0.462273173768081
-0.515456286865818	0.973736237200305
-0.547283170853135	0.938987080000671
-0.685355413776755	0.949435709033013
-0.3390426549932	0.410187512893956
0.382196368862412	0.508720075983072
0.171347467928064	0.189123839596507
0.207480975967437	0.195835176375679
0.394349245826261	0.337986899614254
0.0529157834201913	0.0310631283484742
-0.888383965792814	0.736363523559662
0.604392904356311	0.588159701378731
-0.237338411225726	0.230293233586051
-0.0972700205794775	0.0928096625587055
-0.0232562652287421	0.0197010750970797
-0.153306311303254	0.104772552438935
0.185397051055666	0.127488943558705
-0.773964048291916	0.834797417598199
0.60345960140954	0.745706820612592
-0.509726695738328	0.539351807690663
0.154266782613403	0.157367774999533
0.192248915349478	0.179328135954778
0.19316556528347	0.216276719967174
0.0190775134029195	0.0170795116284897
-0.203252576199601	0.185635522479635
0.39198711883842	0.423482593250794
0.381748897405552	0.448448411409646
-0.135455635457529	0.127050085593001
0.444447188765186	0.52948984466299
-0.72857792719598	0.929035892392619
0.150009237477192	0.144604871909176
0.206763141056941	0.181551641108514
-0.353047973278214	0.382508706806635
0.876437923126485	1.31416295041213
-0.143189716956564	0.135088384310752
-0.822682766574254	1.18383669619619
-0.730958303493364	1.05314973965686
0.114943694249657	0.0951135833369793
-0.210825504520741	0.177250700983528
-0.283536323442954	0.254562296413712
-0.267876058943374	0.294628242645176
0.487532501384031	0.451966510917266
-0.938488775081448	0.991943375879612
0.79785790174582	0.755969534806857
-0.0752590908797445	0.0554408599512934
-0.249252477501847	0.184927737088928
-0.244631026792713	0.180966176602492
-0.0338518637677687	0.0254478056222707
-1.21527523109882	0.916966575606292
-0.100692822106726	0.0714951695237061
0.66700099517477	0.477414447370252
-0.198914917494418	0.165923186217872
0.0756052188392181	0.0492669502314943
0.30926003936109	0.224686548073111
-0.301203129792079	0.244747062549119
-0.601191989819464	0.288253380273119
-0.714755800696332	0.244129665196273
1.09209185574549	0.673203759262792
-0.126238670889959	0.0880584878042628
-0.0766533193529038	0.0551987266743484
-1.07956872453494	1.03369933609736
-0.502300044078748	0.37842156911535
0.19767069572676	0.148268396513587
0.549607181511009	0.319733655063326
-0.435063825830525	0.335240578319652
-0.945409413144325	0.579878437633533
0.185687611770268	0.127704275869924
0.188182099595596	0.116980549226922
-0.382062872203432	0.215185355815443
-0.48093568950134	0.251776096804902
0.0441505922783913	0.0242022125759217
-0.243972764629502	0.180498532495943
0.606746507844233	0.317991171344307
0.371683018677188	0.1885359472912
-0.4490202643469	0.297721568243079
-0.284234510027622	0.255241625094376
0.372932204317256	0.18946547696303
-0.219710785012415	0.142251489855282
1.07062030728896	1.14406192605669
0.692149986590774	0.605118286889459
0.0943027344734752	0.0691128814121787
0.131918909409504	0.118131703262148
0.541413852773974	0.450402497349884
-0.376968794771456	0.295708594194511
-0.413617953645784	0.386926568810813
-0.2309361186901	0.191437583890541
0.179924793242887	0.138278530272536
0.0304614817994137	0.0168019327513276
-0.766874549610221	0.332866452562831
0.188175744582466	0.123528276707717
0.52335161132878	0.334874732884227
-1.88449055175478	2.28641769572209
-1.1238286220573	1.23928373634491
-0.788750517575486	0.857704147865312
-0.792919605978295	0.80803196335898
-0.249862947916341	0.185435530998054
0.352408655376904	0.336424417028459
-0.0226855543477658	0.0145548484652537
-0.5506871683512	0.497317398081688
-0.77886110570672	0.729402029841116
-1.2297448474642	1.59919822070683
-0.634371904701833	0.611851132004005
0.0873943620995552	0.0617537165732464
0.185731889802967	0.115330761882276
-0.507614172936528	0.46713278703978
1.05086878887601	1.45657846381134
-0.0515059015231755	0.0382971801527537
-0.412953298392575	0.386289067627064
-0.300678425270418	0.244307238016857
0.0455255667468535	0.0351185407195728
-0.0123344976437594	0.00805125112512652
-0.78209625950697	0.670317424553533
0.335466107889721	0.204412561428126
2.12060907139227	0.946711025116316
0.676200627845659	0.214099921395796
-0.765777606344852	0.332458768960472
-0.523847973197607	0.197922354572038
-0.721997705010856	0.24672678000295
-0.214627712908801	0.0691154905123542
1.46067242606004	0.483688692701864
0.15823182603157	0.0297179405544109
-0.724110175343364	0.247660897147714
-1.50982433145335	0.535480148233091
0.956455214607419	0.253949648163622
-0.621784192774111	0.151338791569665
0.676558588301015	0.214207370803977
0.15823182603157	0.0297179405544109
-0.625630686390319	0.152156798395567
0.827624029735347	0.347817645508971
0.0539476624321779	0.209517009114931
0.0382990801280482	0.121788888664191
0.138699142854866	0.387034941551193
-0.157807606968235	0.389054359016544
-0.172708347574938	0.346881426965321
-0.100959226740311	0.180763358222105
-0.164919069349724	0.283815928831848
-0.611791771277009	1.56743381995799
-0.261900418242897	0.449567874461747
0.0855605197810363	0.122053141001639
-0.381630094832887	0.59969218503178
-0.439707783699608	0.787305898387345
-0.474471423888198	0.738494150606509
-0.765732247156423	1.37786741188332
-0.286075125055104	0.274863866308012
-0.275452270107675	0.30459208472447
-0.338664597600916	0.320519644504596
0.212617389046433	0.214533425624793
0.337099902834154	0.205692167044134
-0.101655025948719	0.0817422583352483
0.49622613441129	0.443689496124158
0.207136703253869	0.191021485744141
-1.12141018008952	1.23552331485415
0.0533632933145888	0.0313375000837366
0.0735970870554662	0.0457089863489752
-1.06460790262659	1.51943264116957
0.618347970685699	0.845623214277964
-0.250243302257126	0.239726416074806
0.166027111410249	0.158853169610617
0.223642909000762	0.236394442305513
1.31942334933995	1.8293203935925
0.161126549024961	0.162483378991414
-0.150478597552226	0.132775451618134
0.0549758214489994	0.0447331065618868
-1.00305442718173	1.19860579298854
1.12520418382684	1.91187501058681
-0.718982537525519	0.786176060345837
-0.131122919407962	0.0737530705508705
-0.968874563108518	1.28383207118714
-0.352585175414351	0.336611400084905
-0.172180493607621	0.160143528378782
-0.00972691839115032	0.00747550937302606
0.677091184536022	0.79932905910254
-0.0525191506842244	0.0327825062987458
0.30064835762659	0.227863868161072
-0.381083812938604	0.299553718658189
-0.577024150638649	0.562946954203326
0.189890316563382	0.146805359054436
-0.534958198817356	0.529267666797738
-0.724087038379345	0.960943374216571
-0.451599916363533	0.299659699205331
-1.33524354439617	1.33090451206286
1.02121654553583	1.52722668498314
0.714721387536106	0.722857525720632
-0.0497335176808039	0.0310415446708566
-0.666647965296851	0.46572609482733
-0.994195881397383	0.890736800493248
-0.420601778571903	0.360888933691244
0.182448522284234	0.113165683094383
0.0212891382874424	0.0148590212278481
-0.449365867815141	0.415232187545548
-0.3395018260887	0.0972061822975938
-0.391548460852062	0.162837516757791
1.08512738862547	0.667305737874291
0.0388911652475929	0.0213384200918464
-0.655780468584391	0.455847852115873
-1.17535850830384	1.20343528772278
0.552749477526538	0.321482423317175
-0.564126453667795	0.409275561545067
-1.63656650287139	1.68075737219906
-0.643371745300238	0.381016922858234
0.337561076015889	0.205965356161141
-0.215954916334796	0.139615865591191
-0.057180098525375	0.0248800849968938
0.169182187262769	0.0905908744178257
0.180725472120655	0.104993641971309
0.0030572261602618	0.00180871996313931
-0.0225282744059914	0.0104944129160299
-0.175621722127156	0.116529212752479
-0.260113726002735	0.162242826172419
0.330159743275206	0.216160955468017
0.199316685499531	0.164969071810614
0.548657078019836	0.458279800498145
0.68313289520146	0.71040337476047
-0.379255643684893	0.260265487937474
-0.986895545854723	0.881758280042767
-0.333391035646722	0.236510541244441
0.184660077306679	0.126935766821936
-0.321379436344968	0.192160872537002
-2.47568472473409	1.37821796557398
-0.217443574181507	0.140691998108484
0.654375449136572	0.594332883750577
0.279134063313893	0.234062877480941
1.25050093480381	1.3843728876339
1.89346932694829	2.10383913053278
-0.0676765351188472	0.0496806755853427
0.968357615833131	0.960912028364511
0.66261933023837	0.473939259664671
-0.318935865793548	0.190518212175944
-1.41110645542352	1.70253704933843
0.441586377349079	0.427934514614653
0.00880093533279575	0.00454443212794559
0.480323745590676	0.443651360386869
-1.01870316354723	1.14095047046935
-0.258556104712408	0.161129262347495
-0.234025737752841	0.11702998092039
0.0475313875412658	0.0279252264969597
-0.952511008932021	1.0132064992766
-0.0957059953541394	0.0560404337322468
-1.17130885683652	0.65771114275281
1.97770043762594	1.24032633629947
-1.12949217626836	0.340258306499887
1.28392804206414	0.709138384662028
0.950720958067184	0.252420162622268
-0.730496699100945	0.24986224790982
-2.57447078703937	0.657780381714024
-1.7975657981284	0.379599665892429
3.27232628525746	1.12331698634376
0.950720958067184	0.252420162622268
0.157971563808893	0.0296806747786729
1.83162438273742	0.716000775412828
-1.8089357158134	0.732560649928647
0.154259314455831	0.0291924198815566
0.154259314455831	0.0291924198815566
3.6430217955396	1.43205157105291
0.00439411229859833	0.0148228476979843
-0.129063679633596	0.514717057465257
-0.229695195211337	0.826987332119118
-0.0808495022165711	0.163147374670058
-0.500421134268545	1.7881325605008
-0.351868929411486	0.887539676674669
-0.235476056923711	0.419008531756395
0.215461727277069	0.420058123803332
-0.390879592436017	0.869454084530433
-0.0431190773060888	0.0538060468300999
-0.359962357219624	0.622736901502683
-0.24395050802932	0.378192328656836
-0.18069384972852	0.254484718236075
-0.0851955979177669	0.0956021299513172
-0.358393194914846	0.471840415226429
0.186978124559713	0.221833081984481
-0.313603954978116	0.35467084547706
0.0931979687629187	0.0636324318918194
-0.175467953507742	0.151118031820252
-0.033814130605417	0.0250315335749497
0.0106963128119596	0.00862680032242155
0.161017221026918	0.16522531550158
0.423273941115505	0.337697818258564
0.490224291410554	0.337295720541046
-0.020307498678519	0.0154276965109389
0.700596334297285	0.811026477855542
-0.076811525835844	0.063179529781888
0.327139891716253	0.356195845261034
0.147914637011087	0.144986000123534
0.407065554028598	0.433048291725032
0.424021904123346	0.444408588237174
0.0122975549857022	0.0109859712528304
0.378063976978008	0.452082907924695
-0.516712758790079	0.573062948269907
-0.289586698134622	0.295879671031448
-0.448214943008999	0.501465168188263
0.0187664288765344	0.0130986432235273
0.155945696794672	0.159335277794992
-0.0260919281902061	0.0167090616995523
-0.0968877653262839	0.0686694225657735
0.104932377988547	0.0773233060309255
0.352137484611414	0.345734546874085
0.0104427486560635	0.00694620982609041
-0.0494857066621289	0.0413566162181602
0.267450829519233	0.229755736019655
1.08528479617254	1.37296267879232
0.899009438735199	0.920406433804768
0.43592116482394	0.447772331738804
1.23869923622316	1.627995656036
-0.377149719143339	0.295617084874564
0.528463505645342	0.459920865889185
-0.0690301607863051	0.0418163489189318
-0.709672507307664	0.771783073737698
0.800923626755471	0.86704329116993
0.67681753889401	0.70141653810887
0.198258737533492	0.163953813756587
0.552077466391868	0.46185780133813
-0.86510742926031	0.932079739749551
0.114371814683401	0.0873497360057922
-0.371062547228031	0.32108285758728
-0.146835834236677	0.100033934336879
-0.465646615007681	0.39275130658958
-1.24487308810985	1.16018963994691
0.149722519107343	0.0649596133389546
-0.215469787669442	0.0693747409894077
0.151105839347129	0.0656473647391851
-0.0261466601921174	0.0167444782198604
1.63541530190207	2.10820440818808
-0.378158798973344	0.259380658681843
-1.92838442465501	1.89083901400843
-0.532227881568498	0.335881604170087
0.180992235597303	0.118459184917128
-0.0670463061462022	0.0406358961626513
-1.34404671917068	1.54529461091509
-0.237434665298308	0.118763057601119
0.483966608064043	0.331761341536962
-0.373939069403833	0.292820976782548
0.750834825124463	0.631070060852864
-0.719201492371615	0.829764187410991
0.288140209206236	0.234665440184258
1.06583910749351	1.1371182653637
0.292307142841088	0.229874845901931
-0.529687457653777	0.440188030220004
0.719047105842759	0.475725525939436
0.423017978929124	0.337366560568798
-0.596760089332311	0.485640369628885
-0.302433919731897	0.138730919662706
-0.483548907111658	0.361052555570615
0.446786935248547	0.179292535994645
0.857277486195929	0.78395639217796
-1.17288955732305	1.19949313614739
0.0256055359488775	0.0185371004200919
-0.392944956852789	0.310686097052039
-0.264528112522975	0.217414005947602
0.18510447172303	0.142784322789697
-0.555210247549232	0.502740943308518
-0.594637062670817	0.483328715910008
-0.221465778529243	0.143496135429889
-0.122582191539362	0.0977154827550875
-0.687522933234909	0.600193461058286
0.272622474973638	0.261791677320535
0.388422804848592	0.331823359615079
0.310497744381706	0.225609752515417
-0.0542284564703929	0.023616161084499
-0.215815148052618	0.0695090074287807
-0.717804035722151	0.245206559878684
-0.716517344823661	0.244720943125
-1.50922180218546	0.535188573690381
-1.50922180218546	0.535188573690381
-0.337924641037297	0.0968088152153293
1.95793128711136	0.437766051086387
-3.08203891306948	0.959069086853276
0.17351044503084	0.0436385160120603
3.93397258257213	1.72120776019779
0.682410767649726	0.216016306234615
-0.718081625995024	0.245384533690959
1.95793128711136	0.437766051086387
0.531345582827114	0.190314424621574
-1.7975657981284	0.379599665892429
0.0181405649131302	0.0642047178654233
-0.177161943680672	0.858664488368734
-0.164458867897004	0.456890549027982
-0.0407335681976815	0.0811495539413355
-0.172490981790574	0.381236359550731
-0.202547448038193	0.439819706519046
-0.461113971910169	1.38353254954925
-0.236548607615271	0.489604365966117
-0.650015778136554	1.63536060698009
-0.12427963859632	0.175338176958795
-0.900447667005378	2.70329444585734
-0.871799925515916	2.39562310693252
-0.757174995019535	1.49677825255822
-0.216478107763357	0.249674240970229
-0.352308392973368	0.480563821858278
-0.410413795120325	0.535200064222311
0.0455475096213269	0.0404946866858526
0.339802417235421	0.348364422483216
0.484950531637498	0.617421442923171
-0.772449947716414	1.06752564885234
0.773218664043879	1.21299707572351
0.665461635386422	0.868205959115175
-0.445750016753573	0.497749620190002
0.477651791241304	0.604466770615488
0.941772863997046	1.77125224049823
-0.18394211401693	0.181577043350196
0.41962542082545	0.450366917526761
0.530879178991226	0.633131534053764
0.265908077087235	0.248092128382126
0.128722760988583	0.110023173863637
0.322498336295714	0.334352013440491
-0.283447801368994	0.330247804421084
0.416569741571208	0.43464755212997
-0.782190461920397	0.733864562884655
0.260619215841508	0.254287886270161
0.0457858850339837	0.0391470425924485
0.555900116334296	0.656452711011915
-0.344870696152653	0.327626451537828
-0.476731767244274	0.471159121469271
-0.508636542114974	0.560817727326838
0.188414978104546	0.140650976183725
1.15476073769323	1.31477032162802
-0.22630821450209	0.187042407864054
-0.178985423634322	0.151067266372963
0.188140843369216	0.163138184617149
-1.50803817040372	1.69419039988621
-0.232310364555705	0.192627850105202
-0.524346564208177	0.434395688891696
0.559129781818743	0.32642987999536
-0.425173865580897	0.36557613508998
-0.789641575815317	0.743321005392776
-0.375608082666879	0.325919429245157
-0.973654493325781	0.480700453910481
-0.145472337378192	0.0520149972990822
-1.13557239555058	0.981418570383401
0.0731149727591127	0.0476139055588963
0.902360174817256	0.925341027411962
-0.0625370506527661	0.0458119110479949
-0.030569006133829	0.0195549630323824
-0.652551958773144	0.453093637897793
0.029773284990933	0.0164545569468996
-0.494163161416907	0.371147898389258
-0.443913056730511	0.29328416349757
0.176798428582982	0.0948574448290485
-0.312679030478421	0.255699719889001
0.397387900220527	0.354072711455242
1.42170987910681	1.7785545547922
-0.613240197122794	0.54596555586185
0.187571467284627	0.123163866625458
0.299302104884545	0.236222749968366
0.423431312238227	0.337980452649318
0.592255877520396	0.572785914817214
0.507057980211395	0.538600247027922
0.0899108548036527	0.0613248449268097
-0.375062328518712	0.293870297900876
0.934954650905093	0.819328901130436
0.0190605159008059	0.00959424557842881
-1.68089489994304	0.951195552866949
0.0347491289492284	0.0190764507066337
-0.615741291792712	0.548862331576656
-0.563755807275646	0.51282864964942
0.196397624255206	0.141666845241135
-0.0474890597151099	0.0352442160336926
0.761435573134445	0.926921510944525
-0.570347323587874	0.554487641217146
-0.636481123758007	0.614999091852429
-0.0264771638938461	0.0198820945048045
-1.53930890190049	1.47824839619103
0.0822831954364909	0.0559418931558726
0.0627959506775853	0.0389315380990641
-0.701455416274617	0.668114627946276
-0.178036352346227	0.118319571516378
-0.665738776765615	0.464958304640239
-1.98322155490018	1.38451160542443
-1.28249202459035	0.577344948417071
3.26630303248094	1.12023058934939
-0.625630686390319	0.152156798395567
-3.75168277240236	1.47633842923476
-0.337318918589577	0.0966140796949229
1.95879552552655	0.437985228139192
1.06876135276061	0.51624537330636
-0.722611557468775	0.247018823049159
-3.4565767152091	1.22430361707387
-3.08616775699942	0.960575893787374
-0.336952847519868	0.096512855057735
-0.719840487055064	0.245972653044846
0.0821465019407242	0.381664712269419
0.0908074216739617	0.320426136801424
-0.170316754664499	0.556373458708785
-0.459574052949571	1.98032162114886
0.128564185785632	0.279556139150164
-0.0273626865933118	0.0468202531021984
0.181290397113572	0.376677320152675
-0.278097749709024	0.55394645953109
0.139707070907715	0.198454796744391
-0.301259224514244	0.588558943931345
0.406940759215229	0.754301081937899
-0.572983503173555	1.09570614268761
-0.719525906894653	1.63519081955889
-0.42534122601063	0.675720392056693
-0.279667590780069	0.365507007606072
-0.185137315656962	0.170392748928397
-0.266443400119714	0.219177456806848
-0.215624557531018	0.224891059392121
0.576261222438951	0.669595943105231
0.0343533799924969	0.0297660245808528
0.163580354291584	0.168146897205407
0.492584308432211	0.705499225122311
0.761313737270673	1.18547956104077
0.165680688374808	0.179175629424583
0.0401154905674899	0.0389306518274793
0.142098110816442	0.133549287029864
-0.135085788990709	0.126649142879189
0.614530066614749	0.764521563160679
0.0632727919580148	0.0599855692897275
0.546269376644481	0.641071688110086
-0.426638843014241	0.510010912597076
0.205434057177644	0.19349128208717
-0.43982006333357	0.519204204518365
-0.641186341762516	0.789713515262049
0.265880227566796	0.266423364078194
0.105195007947639	0.0822083869393054
1.09028686570908	1.79747835680804
-0.552852535176367	0.581656915791031
-0.329918123842737	0.318412803618348
0.992091758608709	1.58142591562027
-0.19025505474794	0.146129143628932
-0.157642911012074	0.122205108411698
0.411667613649225	0.326467701450436
-0.18081682716723	0.152695914108238
-1.5668361453985	2.08774603172659
-0.784014898041316	0.735902005122445
-0.184338704214056	0.141112836213791
-0.142068526517022	0.0801390155123343
-0.542822849253222	0.343958581546208
-0.437016112353897	0.336972477612829
0.149734842703587	0.0507352562067422
-1.1566717892697	0.645877212077755
0.335878743487339	0.234418564319998
-0.690973055175638	0.604901599839169
0.340037866366859	0.207559117757894
1.06500832419163	1.13586021546249
1.3781247086618	1.28283018761744
0.294590365907455	0.222556886719771
0.19123980468004	0.137594756465251
-0.277871449809133	0.200847692808486
-0.208801623368069	0.175349758781252
0.560549346907771	0.575402287406056
0.0348741323531579	0.0252665578711303
0.617243765524528	0.578493065714804
0.530866657256804	0.462616820899486
1.15494864765589	1.53857727013106
-0.267698599623519	0.220365616978721
0.421978391234325	0.33621634157034
-0.323447113802081	0.228437463973945
-0.718081625995024	0.245384533690959
-0.423228594804253	0.324099559991552
-0.431119628529618	0.427242549330164
1.377859321411	1.99974377736947
-0.00177594394812072	0.00129617836620324
-0.16719756177699	0.0891176048523152
0.118110515332839	0.0903890302634217
0.446493365680898	0.34251017544437
0.294647235221037	0.240848602810285
-0.85097166909207	0.910351584118146
0.0740418939133591	0.0481667316062369
-0.342888531354749	0.301547148394101
0.00387846480337489	0.00260291617586989
-0.886969361063248	0.735262086951735
0.406374597411901	0.336559604259186
0.440478719579793	0.336926956883733
0.69503123457926	0.608588957557824
0.322539509194575	0.210477243848291
0.173940988172143	0.0437550114519682
-0.222887527280495	0.0717843536663536
-1.7975657981284	0.379599665892429
0.157971563808893	0.0296806747786729
-0.338530582329419	0.0969729638077002
0.174503749901052	0.0438676710334476
2.75805496536761	0.766752929661107
-2.29003553500489	1.15608107416031
0.529085877935862	0.189451159381061
0.957025852492456	0.254006696314478
-1.79763019308962	0.379603777700996
0.175400187518819	0.939210835024022
-0.0631267847366906	0.20243107939838
-0.379059555815929	1.45824255547336
0.0284649920157691	0.0493369553764574
0.0144009831401489	0.0240157540765113
-0.533812535547733	1.66605886167798
-0.428568368381677	0.976249622610639
-0.252720758221944	0.442465049017839
-0.210521675602238	0.329846656492298
-0.120743718810536	0.161583329794639
-0.726005654782255	1.46313214325678
-0.074716700842175	0.0719955013576777
-0.836516413075617	1.51088112581044
-0.142294488822466	0.140442451011408
-0.325474091175393	0.523079782232966
-0.00695984479302504	0.00533849292914747
-0.251390507400001	0.226704702892757
0.0234959185012013	0.0163942161444496
0.282155062533761	0.272866014388354
-0.049918889585154	0.041103140224442
-0.652056014649495	0.67548412269332
0.765892881494994	0.936432625291483
0.0711903041720411	0.0597954787532848
0.101929512022216	0.0929903895021338
0.350975988743053	0.353225896991855
0.28673886279575	0.241584702240689
0.453839753736279	0.443147298455049
0.024726016201077	0.0172525494353686
0.464740934449065	0.456749453897762
-0.137640662351511	0.108164853270842
1.18573825250166	1.81208256714996
0.436922628291181	0.448996286997512
-1.12944161800969	1.47943802220569
-0.18693307636814	0.15862389526137
0.610074861842452	0.756607929578598
0.753746572433262	0.831898465257826
0.0643233748938624	0.0398507169973315
-0.333733500799669	0.266393378488381
0.189103294135458	0.135933827138917
0.291454371769434	0.219756364832644
-1.33729192697701	1.33334779533243
0.156476423890149	0.052930848223799
0.442746084081858	0.177485883285209
-0.0525594345353508	0.0229254914448149
0.170112265727263	0.0911569625592715
-0.128654359176438	0.0723204435051872
0.188708601034945	0.123977556131706
-0.446284132552019	0.295414746259561
-1.34332556651838	1.34347351108012
-0.906946348291821	0.660107569859828
0.0181635321059444	0.00914814457963298
0.33055153768849	0.216494819070593
0.626949169366534	0.590272246083852
0.18298473864199	0.125680956087702
-1.01798175702019	1.13986161659376
-0.176497256544072	0.0942174665944672
-0.191485115586017	0.128010781475911
0.175040732385655	0.101648044002662
0.178648454052954	0.11058221074386
0.161055121947285	0.078159792666116
0.0546259261427094	0.0320634613045615
0.531358567637365	0.190353154457246
0.159799035862412	0.0775152822174535
-0.600175597498292	0.287329082308254
0.611723285359385	0.321484426980625
-0.094072952243704	0.0373618375582565
-0.369520832284006	0.252252337862728
0.662083663200488	0.473130795363068
-0.387150730925241	0.266512781026182
-0.257196567955438	0.160231897138138
-0.786518363672531	0.428771572231935
-0.128536638866509	0.0722194701814695
-0.432826925799792	0.332965494231685
0.798387376006365	0.633968889892508
0.0384008363909398	0.0211144758324787
-0.0205416587485533	0.00961989607560105
-0.0487244646049329	0.021297361544409
0.16007477785817	0.0694906918555154
-0.720182828019212	0.246166050990353
-3.75718934185265	1.48017499214909
0.676200627845659	0.214099921395796
-2.57447078703937	0.657780381714024
-1.507638227659	0.53431243522829
0.957461191854986	0.254126256439643
-0.620326325745573	0.150885642821786
0.154259314455831	0.0291924198815566
-1.7975657981284	0.379599665892429
0.0857220192694076	0.38676683742518
0.0480164973025669	0.159257838782099
-0.199111913050607	0.664903427003315
-0.14603225292353	0.366890916345163
-0.277716292685716	0.758491578154426
-0.434403319371698	1.13596239462985
-0.601802163301225	1.91278185365089
-0.488850058952668	1.21259876987049
-0.211238402865008	0.341724009762091
-0.656642822352865	1.78592385097503
-0.670135434293001	1.49948531824353
-0.813677154550415	1.99748505150385
-0.208678494114277	0.277045621505276
-0.418366827914873	0.49717481116724
-0.370677822690054	0.397648418071255
-0.227176552884053	0.390723972986608
-0.0623528809923558	0.0561963685262612
0.263895580207611	0.258100599134895
0.0724704903553657	0.0595508948080923
0.0970842103099413	0.0915140219330557
-0.800782286132636	1.315987330831
0.00234177180574996	0.00181294190276183
0.326905692633324	0.370964442616099
-0.315885710606523	0.391350140170018
0.570415932962119	0.72733398121924
1.10036651796292	1.98771717289581
-0.407304466276809	0.409550535307155
0.0174163585491162	0.0140149397484598
0.259087295372334	0.252387895804931
0.383491841496478	0.421749357542727
-0.489976817548408	0.549376518490539
0.26437696315163	0.270527151616478
0.339352692485345	0.330295800733765
-0.21401604747033	0.180235934523951
-0.178099769900025	0.135810159613925
0.334886445986099	0.342063029338554
0.125832454881578	0.104858454029187
-0.702779613460414	0.716973081713767
-0.472564059960026	0.399971508196356
-0.308013989335541	0.141637611368534
-0.21725219958623	0.0699489287533772
-0.487995635422178	0.256406591457071
-0.150196998613523	0.0536857002626707
-0.491023605527726	0.258053910230789
0.335561052441914	0.204716468839253
0.353249629656757	0.198548830333796
1.13791269491273	1.03242163090096
0.56148827963111	0.328509724751984
0.365442228677255	0.330894471098358
-0.084537247122908	0.0493596203868906
-0.041097606715339	0.0256493609779666
-0.335597030476863	0.268087740516449
0.198995128728911	0.159799834019034
0.191405380065881	0.131982944262664
-1.20738276281933	1.41010521295705
0.800452147259534	0.635558095791006
-0.700174446180549	0.666678374377571
0.749678990433769	0.629774483633137
-1.25509837236384	1.35914144389057
0.302346818278392	0.229407164828938
-0.642742131216177	0.380703530141018
0.799938457340654	0.482854146775519
-1.97510933030957	1.37322155053487
-0.777715805521792	0.512080919015618
1.09207813782882	1.3866257420392
0.628571484851158	0.592497325107404
-0.374864408733403	0.256688000365033
-0.53082019858229	0.44142882076586
0.197153821306213	0.136256678554729
0.406099083994253	0.336332837074463
-0.367527876618651	0.286634367832145
-0.434174241399355	0.334284026232889
-0.341382417155112	0.300058840852697
-0.175791063472486	0.0938192116485372
-0.325308160175331	0.229976388470187
-0.158240844009199	0.108384485581186
-0.266006238966122	0.166341171061515
-0.771167851788504	0.335180013603335
-0.337924641037297	0.0968088152153293
-1.51433726696095	0.537497293520418
0.15823182603157	0.0297179405544109
-0.62133920787282	0.151240698635141
-1.12825544522804	0.339732258677114
0.116564137491863	0.567101448366646
0.0520955902321037	0.170619314535938
0.0878964459809138	0.238046918328765
-0.232324793557452	0.702419077537007
-0.536570871539436	1.97595203639918
-0.272121172202231	0.660739564698679
-0.394377504574725	0.983352089144056
-0.189095446334521	0.345400915281699
-0.413876275000323	0.788512213389277
-0.315491795530062	0.544484983133534
-0.820115146050104	2.10607437066754
-0.21674937920439	0.309258284958304
0.065180706488987	0.0533187201374467
-0.189048596145907	0.160646658675126
0.0912831196266236	0.151049204907634
-0.501088466149366	1.05897756527877
-0.0830630397872966	0.12039539139505
-0.320693594292075	0.622730027213034
-0.108807810909082	0.104837867288042
-0.22484029153947	0.246698508605603
-0.126398888792346	0.135716070213435
0.331698551873558	0.329613394438471
1.08840512032025	2.16661625294888
0.438029807451502	0.46303876060199
0.0525387733795735	0.0469168797126509
-0.0634331528723292	0.0517589237267662
0.542507320304315	0.728314114371827
0.494388544024655	0.536804298769442
0.526102473261048	0.547693612985284
0.424008541023422	0.444501847899297
1.23687404557351	1.96694303670109
-0.00221912441530404	0.00137101958027335
0.690348220836702	0.888537388765057
0.884348102541701	1.29247925705613
-0.248220391874794	0.223253311343497
-0.54578959184184	0.571827508001072
-0.783906694649038	0.901854846348037
-0.304652293164584	0.269522691482829
-0.484115216776752	0.480894713566151
-0.987587428117897	0.882869231407232
-0.0897031791441643	0.0356508814453891
-0.598118638648215	0.286283874771059
0.161809413811162	0.0546700412990309
0.147802728209744	0.0501147268752412
0.860654211631764	0.788879256970942
-0.519285160630003	0.429315838289965
0.620874430796743	0.47319184451905
0.463576162220188	0.33765602879258
-0.31979961406099	0.191111925969374
-0.183677071819258	0.1223651166523
-1.50803817164243	1.69491022182343
1.45733052672493	1.66339690130788
-0.258365980332145	0.192532651779068
-0.326793093759111	0.231192773559217
0.838283225066128	0.987333970224041
-0.302662553819255	0.246075599912768
1.70049122929854	1.98697515023985
-0.383774605950821	0.263684199111764
-0.258874900534387	0.161325992425163
0.748123702295012	0.856196128847039
0.0510822257492229	0.0299546044318423
1.00314769722582	0.823773060524771
1.04182554907797	0.393703969965548
0.346551502784603	0.212161023950092
-0.15004777352256	0.102383133264399
-0.214945842140161	0.13891074902358
1.45867463515182	1.66565926388646
0.83832876968296	0.986985114406377
0.487736074293804	0.452337509360389
0.789774536945951	0.849761171285297
-0.463993040172641	0.390896780127495
0.185919433299332	0.133412896389793
-0.557885542947659	0.403381502064174
-0.451415648932109	0.299515756873549
-0.768415431889994	0.715586634056575
-0.406680898001414	0.378906551093141
-1.04575755562999	1.08969647013227
-0.126887747647859	0.0885746888767104
-0.234025737752841	0.11702998092039
0.493341729104466	0.339908027870742
-2.57421277656498	0.657506382974291
-1.12669343566207	0.339109154533815
0.157971563808893	0.0296806747786729
0.16190498991222	0.0302625824147867
0.173940988172143	0.0437550114519682
-0.209576153213414	0.0675693730317321
0.00404787370211199	0.0133994069002587
-0.0727127378102952	0.254852010867172
-0.10967917695936	0.298717578376323
-0.162439052088787	0.382097331892023
-0.186424394717737	0.402822643553761
0.0676890825753694	0.115275071882109
-0.41598528764985	1.04680066315642
-0.324413301840541	0.684941583438618
-0.238379130274192	0.427503393017721
-0.0124738052631572	0.0156097159635681
-0.0622954595200591	0.0690420381691321
-0.108291677118949	0.151093368816883
-0.428799033634923	0.94236612926301
0.054139771433962	0.074121578846231
-0.366679858965205	0.725682325033713
-0.383363363948297	0.562092060714822
-0.0963757012217481	0.0863630575619442
-0.0681727362669175	0.067837804165323
-0.00257628070149386	0.00221754989330596
0.148644811866246	0.140400621356806
0.0608358671152779	0.0484888902264591
0.1565875893132	0.148821346293289
0.674422120345904	0.945258782105007
0.277357186775863	0.267386376376475
0.435496175877657	0.516239116205185
-0.160580848948198	0.124646272624004
0.130209844191968	0.108779051595226
0.133604439083933	0.111847348605255
-0.319153580066312	0.325854781624167
-0.445508056431835	0.410531166719535
0.191406509003503	0.148204759300934
0.0953623353390058	0.0865744777109417
-0.205512196416628	0.172219486718299
0.0197369271673948	0.00992873908442527
-0.206262978071849	0.172917422801673
-0.893051496820627	0.742005151601813
-0.937819999157165	0.574291806495916
-0.488397359114983	0.256657891278617
1.33351744615377	0.581727707383388
-0.327289906671976	0.231568172266178
0.0411277784987462	0.0225815318316971
1.14425263671768	1.17643429123383
-0.380674931233063	0.261386363572751
0.48602004427301	0.333630847043499
-0.445312327296955	0.29429565237822
0.195355377703972	0.121693419409082
0.297175268091247	0.251831349719349
1.14414631848154	1.03995585872365
-1.09599793034998	1.05697859792134
0.657531778463943	0.598182454050688
0.971652248082967	0.965332037089474
0.0529157834201913	0.0310631283484742
0.344787475709209	0.211174844134222
0.154192255174172	0.0590704178770629
-0.668493421714924	0.46748639364265
1.11726622151001	0.855066267931169
0.490140486764467	0.336810621094418
0.903851354130688	0.488584559526533
-0.326931890465438	0.195956238411458
0.342134714597207	0.191416994172731
-0.0242902993416038	0.0155677830141924
0.76029623708155	0.642147205522528
0.929488946071739	0.81239064151372
0.323284214499078	0.224441008477679
0.961704318163836	1.17867146050639
0.622946045262627	0.475233820702489
-1.04933686323232	1.09508458265755
-0.539807910593699	0.34149362513064
-0.123931611806211	0.0863700806203254
-0.177959653874025	0.118287788843005
-0.301588982342985	0.138344748128235
-0.912572241431873	0.665991797171921
0.17351044503084	0.0436385160120603
0.959294652844364	0.254663957360155
0.15823182603157	0.0297179405544109
-1.02338521131779	0.403987205196149
-1.50982433145335	0.535480148233091
-1.7975657981284	0.379599665892429
0.0639467256319737	0.266620176068566
-0.0578161755385221	0.193957161095591
-0.22668955193743	0.755903273247436
0.0460427237094541	0.0878471796646037
-0.410288075931199	1.25965668051897
-0.390889659662326	1.01570746587652
-0.0606701384622086	0.093320243722357
-0.0688365031141741	0.0614193737811782
0.216901535304868	0.315783722777525
-0.0273461428528003	0.0375811629725009
-0.50572108060581	1.37896600309584
-0.184489126457976	0.320568455261898
-1.01028652367459	2.59481982131079
-0.140497413837462	0.150756504568241
-0.183605999461192	0.184426308465162
0.24620029598424	0.306006654615903
0.0551721190682643	0.0448950562222758
0.30198006618243	0.361894475745929
0.200808403607452	0.196788198200035
-0.731176370193408	0.892503946001019
-0.369721866922567	0.396437377604532
-0.28902642911931	0.278315803760175
0.0437216420410656	0.0327561476450897
0.350066115293847	0.36131069466137
-0.213950032895956	0.180142844759303
0.488206457236791	0.52790040706007
-0.795202085848075	0.920166197196388
-0.417798576287115	0.357799854129817
-0.317472657557169	0.304199268226392
0.158392471401152	0.0687439733534891
-0.092500470625408	0.0541207595486492
-0.0861494550925148	0.0503277751669654
0.0501501547390153	0.0294510774510922
-0.554214793542966	0.501688501438418
-0.612194366759119	0.544710658743551
-0.912363389809261	0.665689840966417
-1.51042707521765	0.53568486067596
0.149173995582458	0.0505642485186703
0.51450029313706	0.328258310299945
-0.0412539068824746	0.0181444511167843
-0.32518637385209	0.194702794487345
0.725218940119496	0.480902068500213
-0.179704727263955	0.119532767412102
1.01280760927983	0.835136433967348
0.407557271136041	0.337763848044563
0.752206023278524	0.632704933433778
-0.0459737830366969	0.028671848986558
0.65528194768982	0.595453782995902
0.191377122445453	0.143101498903363
0.670011274367751	0.480342379897049
0.558610650927342	0.468734657863985
0.196340901170927	0.141627161186746
-1.53568817650123	1.47275347614379
-0.305296280956042	0.181404034988578
0.517431878931204	0.447636774613891
-2.07062872074145	0.940243383198465
0.34098790848844	0.208441321456619
-0.21448927319669	0.138591600461285
0.528268947560599	0.459455417112746
-0.381929086148552	0.33257333199211
-0.123071426217939	0.0981389046229904
1.24646666533966	1.22498090094003
0.0131949066086379	0.00668264775888417
-0.782168607282123	0.516324463402714
0.19330769796309	0.127238690275419
-0.210623703805125	0.135852771328731
-0.686935676253172	0.599716933826817
-0.776211354301139	0.784313392338064
0.19141747545365	0.143129816223798
-0.214794542627757	0.138806579794916
0.308045299470729	0.223629381916742
-0.167677192822937	0.0893545186443883
-1.46937326485298	1.02632327563886
0.957461191854986	0.254126256439643
-0.338896474896558	0.0970421752101679
-0.518083231189381	0.195483647696607
-1.12881513859764	0.339906487322227
0.682410767649726	0.216016306234615
-1.12725353624624	0.339405023147411
0.00191979755156669	0.00651015579075371
0.0242089417998111	0.072647024291027
-0.221291552854222	0.753059607195936
-0.294117850444572	1.00508645865552
-0.00640330989737552	0.0108934778118544
-0.311109036713017	0.822120884812086
-0.333312395329317	0.382829640609445
-0.239536963229193	0.346406337061952
-0.263354422492736	0.444415796796377
-0.285671302504674	0.726592485525393
-0.247111138996787	0.525176205008902
0.314250178501432	0.752822980166339
-0.147511673557199	0.265212197730938
-0.532375216041636	1.0934463938047
0.319387337582175	0.360388929743709
0.200255487892618	0.196133023102905
0.209099027410475	0.206202867198361
0.0501640341048614	0.0447216130902661
0.716533744066859	0.909083786368642
0.268679604285773	0.263701876790589
0.589911978511785	0.742335479234852
0.683218396058767	0.962628099078741
-0.377485526026065	0.296153863167248
-0.775954597954189	0.784090561999233
-0.414960840959508	0.436381343271878
-0.994281497215594	1.18290729233862
0.0523034637593104	0.0307005520089567
-0.1243621561911	0.0866837416795457
-0.0849767073936126	0.0614380449821615
-0.0166200506860832	0.00783262202886914
-0.0695000165499539	0.0421251861699688
0.0636146189856908	0.0394416642341499
-0.110258346936438	0.0763322155978097
0.201199394412469	0.15120246269066
-0.00991747089578362	0.00480520645348135
-0.776853844022991	0.664008473468463
-0.311959651214436	0.185825293816947
-0.581385751809589	0.468928392503705
-0.152795310094522	0.104413682998873
-0.0414254414311109	0.025848871822022
0.420942942446072	0.33519419510257
-0.0260015190063594	0.0166449518558672
0.278273877526178	0.233258617787259
1.25933905329885	1.07110415777392
0.961118176018266	0.951102125973573
1.0624805552089	1.13157897703566
-0.771613528867862	0.657865163148333
0.620967332602915	0.473108097806852
0.338677398677253	0.206807151987223
-2.28625310030065	1.15320280011316
0.159092725750333	0.0772618048323751
-0.173805813133012	0.0927177696778027
-0.308647420962695	0.251831316081216
-0.152851891831233	0.118145042149581
0.28682022190582	0.224802499062728
-0.282041232140056	0.204244556012609
0.498134203294917	0.44598245850096
-0.422452395034189	0.36260264572405
-0.172387196381122	0.0920079861389664
-0.323740235202109	0.228696258869622
-0.284968468832358	0.206813437904298
0.928297178330605	0.810911983280367
-0.446284132552019	0.295414746259561
-1.03040513399517	0.82092978523419
-0.523954462259324	0.515113768287591
-0.0691432122104875	0.0419156687134611
-0.877288226097582	0.806761349829764
-0.0212207287931165	0.0136312850584036
-0.945367671332504	1.0031475598615
-2.53797373636407	2.6529476058796
0.170331293505475	0.0429093144237285
0.955017933589342	0.253480850166851
0.394500849991929	0.178242097072821
0.159251072645633	0.0298673857617753
0.152346609586538	0.0515961830574703
0.17351044503084	0.0436385160120603
0.173940988172143	0.0437550114519682
0.0246861173213079	0.0852694720478295
-0.263050084362587	1.30636002274339
-0.321224177680453	1.22622740913022
-0.407538667130748	1.39163419364118
-0.289966324972379	0.770489230650258
-0.178715972412757	0.349279640558423
-0.13373182469219	0.205201758749769
-0.0338482339509663	0.0342041980482183
-0.330161876874244	0.526767170172515
-0.233132882998649	0.364261087854454
-0.0803967053951725	0.117369306980792
-0.448181446851611	1.26820585057936
0.0482374259944383	0.0692850184399309
-0.420434562559089	1.09699423508059
-0.429086342423281	0.943310920550569
-0.653613601627731	1.30222691300222
-0.696655929998158	1.07574854463388
-0.393035412447164	0.468155499907541
0.188752544073887	0.145928628445096
0.401959332892868	0.426154057006962
-0.472720949671413	0.400168776009051
0.560187774550719	0.55401270035589
-0.409064820197635	0.381695238605918
-0.179307902201777	0.151271691749047
0.0237044309462348	0.0165382783885904
-0.245595145672475	0.220560346961223
-0.703285680713218	0.717879794911497
-0.55421610389511	0.501730449755955
0.183153609413672	0.113600775170642
-0.551114438884237	0.497706562338293
-3.75228333635026	1.47685987725686
0.375839190282901	0.190936064749523
0.180691317876406	0.118239358118943
-0.0139314674972262	0.0066080863292029
-0.640575636371148	0.37838477921287
-0.0165981607126363	0.00780440904025189
-0.538153601489077	0.340494494756111
-1.92568564816189	1.88724996382982
-0.227533067357997	0.113467859595481
0.0307978782464583	0.0169331217912641
-0.0843538524343201	0.03359514650555
1.24877969033472	1.22764516966209
-0.942013482655716	0.57762230542648
0.506895404371937	0.45590615791372
0.331919879415691	0.217460729344346
1.25180206342823	1.38653032379734
0.968177453010747	0.961282682810616
1.07063512565456	0.517703792604127
1.46225097333119	0.915571294161509
0.627373062596858	0.591263417760565
-0.0484535620425133	0.0211812538230577
-0.466243047281213	0.393272052271458
-0.316010439853601	0.188720905264988
-0.477092975017433	0.249695453759264
0.157546606671046	0.0469737944802553
0.592186889888974	0.477107599300913
-0.485872866730378	0.25527240631863
0.0151720873193538	0.00766536230364056
0.042993378940396	0.0236048921086041
-0.0745892932311988	0.0452751981360271
0.844637376840568	0.890355099294345
0.180933299834332	0.105220771607054
-0.642488315174326	0.380440569299325
-0.774559474057367	0.661374285389351
-0.133934862955753	0.0753623190308221
-0.654558270187284	0.455237288858324
-0.213237060753479	0.137638246984109
0.179445597491616	0.104149908471788
-0.229061963669696	0.114352711284445
-0.259836458177599	0.162060075612365
0.0346087103283755	0.0190306212345185
-0.221465778529243	0.143496135429889
0.319744063335864	0.221694458527842
-0.297319820262226	0.136453887168637
-2.57821111666453	0.659475059970799
-1.7975657981284	0.379599665892429
-1.13698868821346	0.342607629634493
-0.334222652007209	0.0957594598898438
1.04996163468299	0.396997160832771
0.174933567082256	0.0439573605408891
-1.81827955350507	0.737738285564138
0.00458596948426575	0.0153142303774885
-0.169007280695717	0.782914367162661
-0.122918803477643	0.369100022359503
-0.0462541125467393	0.0995597832665483
-0.364477015769021	1.22424525395899
-0.280930793850039	0.714760719344431
-0.190093735000913	0.389777588264542
0.0197051126287736	0.0233760136641103
-0.0250705490603882	0.0283005652284458
-0.229985409763946	0.35800913332607
-0.279217170811179	0.542404726668769
-0.769024234341182	3.08299841552333
-0.457587024658716	1.44683287916276
-0.219127166926945	0.498582325360667
-0.28714607521288	0.676721944721318
-0.0621955731078199	0.106290861007849
-0.0343306076765308	0.0528303162496067
-0.471366129187324	1.02643273780497
-0.239601077044219	0.303755743440763
-0.118790608905865	0.135961428716818
-0.125846957018064	0.11913631176678
-0.0281029188741683	0.0211048900847941
0.805246656236098	1.05864533393057
1.24218035447797	1.63483803877989
0.199207315457092	0.182701037496296
0.586125709198335	0.665391758856038
-0.334895880847738	0.357890930120881
-0.189883798288035	0.145731665665029
0.339286934887349	0.356094436276821
-1.06227536701895	1.3276331703247
-1.55966951611635	2.07193160708831
0.0978416593596213	0.0718178538083174
-0.298042730529502	0.241624032754909
0.183208602578709	0.120013843520841
0.0749658548180488	0.0488379526302508
-3.45284250285449	1.22194559695964
-0.773093572439003	0.508067093947738
-0.388792850371707	0.219531098235124
-0.52121388691569	0.431246346954988
-0.478829626655498	0.250698129625062
-0.227533067357997	0.113467859595481
-0.228300401261633	0.113883409091007
-0.186801433690596	0.100037690967108
0.0603750918352032	0.037417294884368
-0.434793664337445	0.286215244783345
0.635196126547821	0.487026059149728
0.625015844426362	0.476749025724676
-0.14183613064192	0.0964189678240879
-0.127700006804127	0.0717747402857579
0.494010916331977	0.340192169897849
0.450700396118305	0.346318829877531
-1.32430745625894	1.0872007690012
0.349515801827297	0.195816164439914
-1.21912212297313	0.920891539818955
0.457831769297612	0.332434489340026
0.622420150964571	0.474647662387555
0.173745932173306	0.0931253077498437
-0.050824279924077	0.0221773946297894
0.175882045105714	0.108743405601966
0.906340390994791	0.490328611131218
0.174026361813581	0.100977654484974
-0.600609501350814	0.489379813744997
-0.673347295399841	0.53104965018588
-1.02011075405936	1.14350160511891
0.012235141318075	0.00626073688564789
0.296159998214149	0.233375846607239
-0.392200046625833	0.163170242246941
1.14170390767108	1.03675960408644
-0.948685413778171	0.582943166194018
-0.780385468908894	0.424224041950805
-1.0302583888174	0.82169287563025
-2.57821111666453	0.659475059970799
1.0433448222306	0.394400438672122
-0.216657809109618	0.0697687117469907
-1.12781381973937	0.339579374120096
-0.715368637354031	0.244333825945774
-0.0531372606201753	0.21399096249237
-0.0485011456083042	0.157822198628982
-0.0779787841234074	0.20752047113487
-0.163311823442218	0.463831121967408
-0.130723263222222	0.291691624243908
0.351028553346107	0.677125644605791
-0.0586127557098758	0.0950065244687677
-0.247523540089466	0.545946754624084
0.21973443113762	0.556929104311866
-0.377197834875157	1.22156620660162
-0.166547399188422	0.347626538501979
-0.0944783368555313	0.16306601137789
-0.872558159523372	3.23904344539983
-0.323687022221431	0.491048936271096
0.138382471534468	0.11909089537496
-0.169077456484152	0.156888924085919
0.121393857494251	0.100862601476791
0.18686123130495	0.122550071678283
-0.207681806090819	0.205055298270046
-0.244158519376179	0.180606837144381
-0.305240481859095	0.270256859663585
0.898297262548703	0.91919808236938
0.646390724353767	0.685683473037841
0.123741331446357	0.0977759193825347
1.36144703185304	2.10002665529046
1.01130705920629	1.2093161908054
0.0986168665501564	0.0700546810740647
-0.468114905361302	0.437277203021641
-0.0651922895972782	0.0395026645364062
-0.861148902268006	0.858994983452269
-0.45238423773496	0.418814762260588
-0.494116490097957	0.451160444927676
-0.78120087609538	0.597338529018027
0.0187782558597992	0.013110472427531
-0.661940856378442	0.461401978089436
-2.07036415878263	0.940048810523718
-1.08829029530728	1.28242127602334
0.0404470602713446	0.0221870452884426
-0.307365196854071	0.141228793714367
-0.908806611163413	0.662072255933803
-0.323264009997028	0.19349212366526
0.899941217487832	0.486124389743407
0.162610418025128	0.0706502501592404
0.153784739713925	0.0666752947243333
0.161929154643963	0.078731946001689
-0.533334466435101	0.336886908298535
-1.03502622440299	0.826587013199442
-0.0160904016261375	0.00759199965727098
-0.0496464419047594	0.021686134811476
1.40344869244496	1.09273775058396
-1.21161807609941	0.911145347507441
0.470220828410259	0.343284906869038
0.406702457418208	0.1843038860664
0.561869101282662	0.32878003503684
-0.44767524969006	0.296338692075142
1.96409792084112	1.22696103764455
0.341824026423521	0.208818773128726
0.442289817510248	0.338573769173054
1.2600593319518	0.878665775312008
0.07780500491228	0.0507254604639797
-0.529539611556091	0.333871024368258
-1.03142300026039	0.823112110580244
-0.670043716427953	0.528128514020215
-0.302862600309093	0.13893947466665
1.38011690974468	1.28526657763607
0.936965761145884	0.822287306771323
-0.17809105027603	0.118352468892112
-1.70580541596375	1.42821663239296
-0.14603891456146	0.0521809430011982
-1.12435877083653	0.338493350823416
-3.4565767152091	1.22430361707387
-1.02696873123005	0.40565270369469
-0.761329093119882	0.330039919631922
0.17351044503084	0.0436385160120603
-0.337318918589577	0.0966140796949229
0.0496640014633373	0.190472967144281
-0.0296247154912625	0.0895529981485038
-0.200752292596575	0.691258700603849
-0.0107257590566157	0.0210560611352365
-0.19510194518227	0.394467413112443
-0.325422822251242	0.807971290929693
-0.337178397388382	1.02512265220112
-0.22180708810841	0.602249775411901
-0.230054332360188	0.477716938423976
-0.454015231291942	1.09668874604821
-0.341896622474673	0.571172508559485
0.262039242536594	0.255914168592499
0.645060113584868	0.771544149724892
0.0617709927811594	0.0492567327337507
0.599615476463789	0.582044804243237
0.671953923987142	0.791592550987782
-0.045376247872791	0.0336700528808352
-0.0919739985712114	0.0667380729341407
-0.140145656918136	0.110324745139595
0.589581087728166	0.569147287394978
-0.319918190961791	0.191324313743749
0.0736704577223305	0.047982254082544
0.20756939664667	0.156449068154954
-0.237671737388571	0.118958003661311
-0.221795553239832	0.143762522483541
-1.01941107455962	0.402225234221499
-0.234044869076397	0.116805588050681
-0.680626950473447	0.539311158845922
-0.297840053841304	0.136593573682291
-0.0479854245388951	0.0209872318396057
0.55227493172266	0.320874364509891
-0.782450985410613	0.42565310658751
-0.0936973003438628	0.0372243353271805
0.162544670751519	0.0705886789578583
-0.397533804687767	0.165576495209244
0.526246409941545	0.188299385587669
-1.46773284309532	1.02325187895432
-0.526503527733012	0.436914292560336
-0.77290490404386	0.588653604701917
0.746632067343207	0.626665399313838
-0.889128596138047	0.737898826013312
-0.428111885334411	0.328708297611665
-0.770356668689897	0.334785804148308
0.158048146112759	0.0686538823150081
-1.45902247161185	1.01396930547826
1.07063512565456	0.517703792604127
0.177382179476864	0.102869820372104
-0.151512040013732	0.0541841643496208
-0.789782282026337	0.522607428640088
1.67751064970206	1.59409243568718
0.609615831589456	0.320132911480607
-1.54267507493495	1.484406305048
-0.146388253508021	0.0523841154261225
0.153470617184115	0.066632074819096
-0.0186887808974666	0.00875684565676618
-0.526123440734995	0.331299217044908
-0.146953998150778	0.052560093694441
-0.676452423334632	0.587206051318614
0.35395699846653	0.198765355131211
-0.666310325408379	0.465430247170971
0.51361642513027	0.327279572211535
-0.65960478781961	0.459634534593817
-3.45172595803352	1.22146685013561
0.15823182603157	0.0297179405544109
-0.617055950695462	0.150241664375452
1.78036979483509	0.991924119446332
0.951724523631597	0.252769110062367
-1.12725353624624	0.339405023147411
-0.514942080348705	0.194323588932325
0.0263493338992609	0.0950492547060116
-0.240415931650611	1.28564801368224
-0.189522719162508	0.647803161019545
0.0427104967799902	0.083331997078819
-0.24012233904712	0.662226215487341
-0.253604897366167	0.598522171797988
-0.196658056271965	0.477668915375524
-0.0317186103966679	0.0595485163481583
0.132952287926931	0.317313812616212
-0.356336064557963	1.25233453038673
-0.2794023699685	0.790321889621789
-0.646301843870862	2.18096812656006
0.065130356015636	0.0834946778678675
0.0433673121988221	0.0325031673460901
1.01752996465155	1.7879397965892
0.099115996585108	0.0771536816480094
0.606327299081226	0.674943091253507
0.0801892819385825	0.0544939209556886
-0.453657982348191	0.420274375928583
-0.319000176087722	0.224788905755767
-0.782178187673655	0.598259361638944
0.699793096288534	0.614396126248137
0.928842595040769	0.811502835000398
-0.692276872754344	0.606104517679031
0.519469304599699	0.449652475272921
-0.232299246761815	0.115918086457088
-0.886569668452564	0.733685843948657
-0.608531983336708	0.292459822130351
0.520656824510594	0.332716072522923
-0.211285135859582	0.136257299513088
1.13394177193714	1.02693094809025
0.800503312508122	0.482534166246369
0.728701937357056	0.484541654398396
-0.492590308392863	0.369660843339951
0.174815770383817	0.0937179751016997
-0.315648901867306	0.222016505027787
0.788806973581969	0.473752052009847
1.3704552083393	1.27112673247048
0.51290187412877	0.326776836165271
0.157538316078308	0.0683676992847985
0.402563513066687	0.182227111506577
0.614960791218191	0.323245454163855
-0.998165408358793	0.895866874874468
0.721456761318229	0.477346860961609
0.348888268407788	0.195508958717094
0.607999040113574	0.318916069592101
1.25465892449932	0.874030506031884
2.56550634810569	1.42179042251005
-0.172736526561376	0.0921994862625373
1.00777160280398	0.829907134561766
-0.526301151325157	0.331463763429311
-1.2403761270741	1.15512185211221
-0.536960922370355	0.339459235182019
-0.982944452332352	0.486514391892374
0.0557689321346321	0.0327439002784905
-0.296569145260443	0.135976242591094
1.11043995086036	0.848421503707446
1.96241902011715	1.22504630052969
-0.018880160001	0.00884587581314163
0.162171049505848	0.0303007576998756
-2.47538231150024	1.37805354677154
0.159920372276999	0.0476279199969756
0.530519377174053	0.189974136950743
2.4049292307851	2.05509605498592
1.95793128711136	0.437766051086387
1.04881966420667	0.396662545686339
-0.0267897721822508	0.097026580919703
-0.140648792869893	0.581970764676541
-0.109760083553858	0.345950969036349
-0.107192321753545	0.260397349592187
-0.257520653279894	0.747451715308905
-0.612780693995904	2.13349253133897
-0.0745152644380473	0.15758138569581
-0.17307004577683	0.429894726031493
0.220822635071236	0.723168377316725
-0.200305814064717	0.576780871278258
-0.157876941789764	0.371759463784054
-0.62290501251372	2.001302848834
-0.157292447948986	0.238300026316808
0.0617455886153709	0.0492357038100878
-0.842187244977116	1.01511830000826
0.354291912585293	0.338732466861702
0.484266623595321	0.44806251085421
0.764149469234205	0.848268129564806
0.189569438483689	0.130616116909988
-0.435582824665254	0.335666267827305
-0.678852169669411	0.59006680786173
-0.171627199667465	0.0915498378517782
-1.97540960209717	1.37603268473055
-0.528944521344946	0.33314992596024
1.9614803029177	1.22559854836396
1.08383818889276	0.666227919075611
1.27985068592507	0.705946064078286
0.160896035647971	0.078272575682835
1.12328025007751	0.862026977199621
0.183326079518895	0.0986224212805521
0.0335671470192837	0.0184871452935424
0.371736224441897	0.188572650576854
-0.381004353704227	0.261349786773458
-1.21104126447952	0.912007058495645
0.183955155123465	0.114171014656805
-1.16521325697557	0.652383823403328
-0.243807036838119	0.12213484199202
-0.440592276250917	0.291003499642094
-0.0496464419047594	0.021686134811476
-0.445529280405659	0.294448458278584
0.366173639642136	0.18553656804876
-0.150722043675349	0.0538721596429618
0.151873414100974	0.0581755081573951
-0.142210051572564	0.0509204624525839
0.799286536131288	0.481326284041392
0.615031574472201	0.323512465305574
-0.258974235242471	0.161488823073441
-0.0537707278649188	0.0234237385324447
-0.232394866782442	0.116104599071209
-1.49624753267108	0.757216428085897
-0.293672622884462	0.134572241845742
-0.447421770694323	0.296421431199456
-1.16820110891439	0.654756494932856
0.183130220410836	0.106635395557848
-0.483008227328523	0.253399903350756
-0.297319820262226	0.136453887168637
-0.0894092947757984	0.0355456257938817
-0.222282150898245	0.0715311175279888
-0.718081625995024	0.245384533690959
0.153830475350601	0.0520893555087474
-0.729206528732148	0.249387911798509
-0.334465167213362	0.0958562903993202
-0.218924327489335	0.0705078780993664
1.0418455851348	0.393863567086238
-0.333247970373579	0.0954969729659714
-1.27403485633299	0.572049719008217
0.682768911730453	0.216205939655595
0.1677792397568	0.0498341730879395
0.818985271608812	0.343479725639711
1.0679344100554	0.516006576382792
0.054469510264008	0.213062445624769
-0.247154428441985	1.48405890427883
0.0396563298599412	0.102780751831577
-0.237769047650922	0.889568715274939
0.0718972095878897	0.153348558608002
0.053343257896978	0.124434553300431
0.0881950888853766	0.220432947525336
0.124028744309193	0.344660852889318
-0.201740532731245	0.617806322662599
-0.296605112124112	0.743973497829404
-0.325956057091952	0.928779203447167
0.383977059020916	0.451721897398841
0.190649948378447	0.14250213656296
0.0000767344040372291	0.000122396196655389
0.454515682615933	0.443496577345229
0.192825569058612	0.133068535245053
-0.319935227870446	0.191320125145129
-1.02633567199075	0.815770820729485
0.337821493016149	0.221783873989931
-0.635956977752658	0.375673733910354
-0.251229288299661	0.156036522198273
-1.1379101969628	0.984976182392723
-0.265200241563046	0.165647071151802
0.175694398859221	0.108682675078882
-0.413953536206498	0.387449503661441
0.364623595050808	0.184803165670481
-0.635589969388065	0.37504292693166
-0.0575507707452221	0.0250323887575617
0.444349971118828	0.178174549713989
0.614533496600156	0.322974839232563
-0.149833514493098	0.0535896768989043
1.099910158051	0.68022328703238
-0.175797749841716	0.093916829422447
-0.0972236600531154	0.0385988317378999
-0.142848418378423	0.0511357727037126
0.558166067279969	0.325727792984765
1.0912932007216	0.673265894592347
0.00923949003927078	0.00478424127432517
0.182976401886372	0.11985191589356
0.183814303695751	0.141673152940293
-1.13823440881926	0.985429148847057
0.0138247877725716	0.00702380686509275
-1.0819058139345	0.737926632035596
-1.27182464007121	0.570794518051444
0.169504988117756	0.0824530381609128
-0.601122555041154	0.288194206871408
0.675232747867266	0.213789953820415
1.83633740824933	0.718096082890721
-1.50512968650064	0.533411802331246
-0.762431110868391	0.330506270702602
-0.148866463966334	0.0532149807379995
-0.519038139240771	0.196086617266171
0.158426007238141	0.0472279903538101
0.823642509432085	0.345787097083453
1.07774302540821	0.521858358762654
-0.636466140248432	0.375677096689912
-0.390724576472931	0.220612398612608
0.00951445778986146	0.0348199326892492
-0.0897391211999287	0.374196650499426
-0.174374821959843	0.800897265119421
0.047735338516849	0.13410535148882
0.260952007327362	1.17444521086788
0.0545423510959762	0.149673100944477
0.0136175323152588	0.0330650528539452
-0.131847965101104	0.357838490663808
-0.218434391398954	0.648266801561943
-0.137972498720763	0.289020509609977
0.136116633996793	0.116987485105555
-0.431733354762728	0.332127372196203
-0.0278652513374479	0.0178312282997127
0.267816028218523	0.230098927787009
-0.171144650140638	0.0913249995843051
-0.320253693289526	0.191392753131052
-0.210470775476836	0.135740658223279
0.0171474160818714	0.00864311050396611
-0.764869388431953	0.331763274066207
-0.274552466495744	0.198032496405962
-0.248612436018921	0.184356536855918
0.0409090612191673	0.0224651056982317
-0.130176875711228	0.0910099538347701
-0.524299765888116	0.434780502670848
-0.60491192937513	0.290190935381882
0.444720175452287	0.340820727480811
0.52364028369407	0.454566803215561
1.77957189186742	0.991139397305451
-0.215221304062718	0.0693199317381142
0.399607802015649	0.180648129701407
-1.02312783931858	0.403977027889059
-1.1604773133734	0.648612704132655
-0.147193783410667	0.0526611796507401
1.10459022029254	0.84131761720926
-0.0164561878859821	0.00775847484251139
0.956455214607419	0.253949648163622
-0.485055250851019	0.254552546447149
-1.02275196325719	0.403905696700775
-0.603173757256167	0.289179134141385
-0.312454873041477	0.143801079584318
1.46654427317566	0.91838891606632
0.325776199346482	0.330588507668783
-0.212718972169244	0.160202865799581
-0.222887527280495	0.0717843536663536
0.15357905718361	0.0520023014569825
-0.776853844022991	0.664008473468463
-0.157803443565655	0.108072622052102
-0.937819999157165	0.574291806495916
-0.779320396854419	0.596019688349396
-0.22791667628394	0.11367905436001
-0.0927946661440408	0.0368619033883659
-0.38649148244397	0.217809897841089
-1.0807102965575	0.736262647584093
-0.100880981433789	0.0399583436669858
-0.216906973772167	0.0698162939158413
0.351441838838134	0.197535140285496
0.442746084081858	0.177485883285209
-0.380422747940611	0.261168714177198
-2.2816579934944	1.14913008971777
-0.392655287559468	0.222062010053228
-0.146282635967707	0.0522900631456069
-0.0307392890429857	0.122943571431167
-0.00165293992216775	0.00545069132290668
0.11405840621433	0.450463075139996
0.125332594847621	0.455825859882868
0.212471524322394	0.851425861281916
0.0880551243615451	0.231378145550081
-0.3296872935495	1.08254590776897
-0.242165468279088	0.492811153805928
-0.446774899864336	2.05119244302167
-0.359294177793691	1.23804275155925
0.445668911317648	0.43309984001353
0.0631237210478692	0.039139265762556
0.295354101949378	0.232565278804464
-0.266064833645017	0.166387429189063
0.158806945005498	0.068935109447778
0.141367126396849	0.0542376669175521
0.872053563882698	0.647443880533662
-0.095147863469062	0.0377260358882857
0.336363486858768	0.204895800306106
0.492276038479506	0.338710446653581
0.355214746387786	0.199544306379153
-0.661602864598877	0.461036649837985
-0.221200715743042	0.0712222587266738
-0.717468884808632	0.245082515543052
-0.266833669174911	0.16682754890412
-0.259157660695073	0.161425962319253
-0.74324245930315	1.11819420499269
-0.301603287144837	0.266435319523432
-0.020307498678519	0.0154276965109389
-1.28386613148399	0.577913662457171
-0.0841794472699686	0.0682980421829975
-0.272604689228195	0.300774553298473
-0.48280905767803	0.360563639385317
0.153016180557848	0.051821004050093
-0.316856825415132	0.18923605810348
0.0421241989854263	0.0324415895255213
3.27025913837768	1.12233669524588
-1.50922180218546	0.535188573690381
0.530513916151344	0.190000096866768
-0.516748730928915	0.194980159188936
-0.0946902802420277	0.0375447362377969
1.04969895669497	0.397129939971893
1.82206476718304	0.710880320176219
-1.48256073007596	0.747292271784115
0.15823182603157	0.0297179405544109
-0.146148912480088	0.0522970886883919
1.46010735547628	0.483457516052687
-1.13295352450292	0.341266245931736
-1.02873689306295	0.406698044883813
0.0236152292445017	0.0164732516037929
0.650482568304072	1.09062456830392
-0.258482150737228	0.161034658183504
-0.0525594345353508	0.0229254914448149
-1.51790082908318	0.538814801452401
-0.341495388738576	0.0977618699341296
-0.334830546749113	0.0959542136262779
-2.09929504221611	2.32223056862729
-0.445888154713934	0.295182671343068
-0.704248768560655	0.62010844533711
0.365207247748551	0.330624815523172
-0.176188479072613	0.0941068707867217
-0.104123836345048	0.073995358642108
0.00376371779616697	0.00213851972708264
0.160399735422156	0.0779804977699811
0.622070826996263	0.474384732602953
0.172593553384551	0.0926473452470636
-0.766207907419173	0.33246398143222
0.563133762634945	0.329662420935555
1.5411068416088	1.32945959459226
-0.531166872623111	0.335196291767232
-0.715034146888943	0.244213254744201
-0.610091435936932	0.293110717737944
0.452569065982633	0.181732592483672
0.0842390622580057	0.418392559256337
0.163400915012442	0.912101014199046
0.173716553309618	0.806087003578952
-0.0788186983693106	0.254711424145083
-0.0183115796648458	0.0438309168189814
-0.53881918571518	2.44163839201424
0.0681125265460972	0.122060863953651
-0.00113112334562417	0.00156845072732933
-0.602867403404976	3.89578489884405
-0.389570028202841	1.47233684397069
-0.311551328360922	0.527133165220941
-0.172138477414548	0.114072885655761
0.149436561860214	0.0572178786113694
-0.973169059064484	0.480406925756106
0.170069992188204	0.0911712243354379
-0.053831184598661	0.0234613774382235
-0.305662986710583	0.140445653088562
0.82625387160176	0.347107129604409
-1.48122112986986	0.746396717617607
0.164122988767051	0.0488286730136595
0.523702965225236	0.335149508275907
-4.4047634394699	2.2330966387232
-0.391710846289378	0.162959857875505
0.17294827606403	0.0435260072159332
-0.597861999493421	0.486590225408339
-0.944063306457227	0.578952270550785
-0.716259781908703	0.244657557065158
0.552741092553	0.565061331025121
0.209716125607234	0.189150733736995
-0.28525913332179	0.229505435789267
-0.043281808420584	0.0400291358714586
-0.0387524811338322	0.0348379818192575
0.557173116390235	0.325347195117066
0.40128520889548	0.181574932992367
0.797989430840985	0.481006142978205
0.296091427482862	0.250589262026019
-0.226846217348346	0.0730041921300852
-0.21413668209253	0.0689782373236906
-1.0225353038078	0.403750407139113
-0.342463785834028	0.0980578484034576
-0.334222652007209	0.0957594598898438
-0.220364044448608	0.0709420855610054
0.827415608658052	0.347620623961731
-1.12379649940684	0.33819735561451
0.675232747867266	0.213789953820415
0.15823182603157	0.0297179405544109
-1.48395920166859	0.747833589125931
-4.00750243878176	1.73046502532128
-0.0791600308687967	0.0765598859324875
-0.123978925968746	0.0695809446291467
-0.200538017596236	0.150024569635973
-0.718081625995024	0.245384533690959
-1.12769593434811	0.339436368028373
-0.330132381247513	0.0946218617454948
-0.401866002728755	0.167750810690202
-1.12781381973937	0.339579374120096
-1.7975657981284	0.379599665892429
-3.46203039962393	1.22659715101116
0.062608869405704	0.0367746174134509
-0.138512683991966	0.0939663208665247
1.26082521836619	1.24584284580808
0.187605997707649	0.144938041144717
0.939571826177956	1.06203115945131
1.65366179425525	2.42092173417207
0.750791478791472	0.631236974715956
1.08077684515618	1.26687614602689
0.509540427794424	0.324015306823432
-0.0204296216320038	0.00953438108878408
0.174218201253785	0.0934783693586242
-0.78209625950697	0.670317424553533
-0.215485048134459	0.139181676452235
0.161809413811162	0.0546700412990309
0.17294827606403	0.0435260072159332
0.157007711765635	0.053125881526133
-0.331353952324791	0.0949814429230132
0.16934280349587	0.0427080042196444
0.0176210644351837	0.0666876243873367
0.000154762323014499	0.000490523458052204
-0.22115825761095	1.07827011997974
-0.117536648525467	0.381467303699764
-0.177518096433964	0.47409727418926
-0.0391842406054848	0.0599758319550823
-0.150923062539143	0.252525715128526
-0.550608938432973	3.05835322040964
-0.152078792157755	0.387439964754407
0.531600808944957	0.190452833446827
0.533034126671957	0.190984669183042
0.150080645471922	0.0574857532514497
-0.599720779126613	0.287079952787025
1.28065215080374	0.706585249017493
-0.221200715743042	0.0712222587266738
1.82903419341101	0.714431883475109
-0.34307485466429	0.0982470421897248
-0.230259373579756	0.114995498193243
-0.621784192774111	0.151338791569665
-0.262480109870223	0.163775490527451
-0.978665172643732	0.484005339376172
0.162338925211519	0.0482955049730846
-1.79763019308962	0.379603777700996
-0.781904194935902	0.425947278062809
-0.0931177916746001	0.0369639914174526
-0.620903335937371	0.151058535991718
0.154259314455831	0.0291924198815566
-1.12769593434811	0.339436368028373
0.668438021157273	0.478824665795861
-0.0305590208354913	0.0229578457094992
-0.322925684883185	0.193259547465871
-0.39899871598503	0.166165804915155
-0.395089929817484	0.164583031256368
-0.983821541809982	0.487305989475761
0.568012816492657	0.564403734408603
0.675591354383564	0.213968352567141
0.15823182603157	0.0297179405544109
-1.49497916630555	0.755762714619458
3.26732978575294	1.1211772426211
0.954564259091026	0.253482299647149
-2.57472877667238	0.65760345889815
-3.45284250285449	1.22194559695964
-0.625630686390319	0.152156798395567
-1.13395018438652	0.341592389781504
-0.0100634763869192	0.00658490093449309
-1.79763019308962	0.379603777700996
-0.334830546749113	0.0959542136262779
-0.339366328033743	0.0972003539018668
0.173940988172143	0.0437550114519682
-1.50922180218546	0.535188573690381
-0.724996456084797	0.247901521017459
-0.621333103088639	0.151104040920032
-1.7975657981284	0.379599665892429
-0.720199314130701	0.246072307343885
-0.620473624670499	0.150917804175241
-1.51396898226758	0.537314617740072
-0.723225679429377	0.247243051260999
-0.523662015014032	0.433684149886344
0.557780610726949	0.325470807349931
0.438566069698925	0.335114375533378
0.514310596380404	0.32802346619175
0.0686875696184322	0.0549803700395735
0.294346239900318	0.240610818403819
0.663481488080761	0.605098180472399
0.17544817476561	0.10187254723749
0.0652999715860839	0.0405023237229039
-1.49002703888763	0.752773283585537
-0.769616973893535	0.655474602758848
-0.941138175889892	0.57697543295349
0.17294827606403	0.0435260072159332
-0.724408206749273	0.247656022123377
-0.769546213301875	0.334267393787853
0.163853552605343	0.0487595972376143
-0.616620021012413	0.150099962492625
0.0417430704985159	0.172042880213115
-0.089132067445528	0.390991160016107
-0.174373232301308	0.764104300712318
-0.361584643904388	1.65289528196769
-0.378084808452733	0.990601608758303
0.132093200967663	0.268518510269534
-0.638334376440781	3.63155355894912
-0.573820404629596	2.06677917060423
-0.0540166011835814	0.0394264349228154
0.170997514198243	0.0917349416410106
0.0615090564279281	0.0381285429405522
-0.29277759253615	0.213271391734962
-0.659035572126994	0.459128969922092
-0.381162029271537	0.214623572601629
2.09548247360973	2.65846386763133
-0.0721389342687441	0.0437643239744028
-0.982457998795794	0.486283958666987
-1.67429418664846	0.945476272330104
-1.27432863983107	0.572348730210502
-1.2146807001019	0.913708829002516
-1.27840133122234	0.575024543685974
-0.701227704279385	0.668095504238899
0.612429100181466	0.321549368250389
-0.222887527280495	0.0717843536663536
-2.2797050672784	1.14779045828185
0.172385921068679	0.0433875285709768
0.536145192793524	0.192183675780863
-0.379791583074353	0.298358746237166
-0.385785269868699	0.365839618953084
-0.780901554213278	0.515269029542944
-0.0588243937866054	0.0255668844264255
0.116511381890824	0.0890888523443788
-0.301486473443409	0.138481308496135
1.40938923385832	1.09885954130062
-0.404298849759808	0.168747680619812
-1.83626402774514	1.15767928648571
-0.392527598762743	0.163297548242261
-0.600098277665444	0.287273474188645
0.152362963176244	0.0583559062318995
0.198884166766582	0.131178633829817
-0.51812811293967	0.195578845806807
0.402109168896324	0.181999818671949
-0.595928190185781	0.285105858614753
-0.526846796973763	0.199235164286091
-0.981485656673732	0.48569248408097
-0.0974799324302441	0.0386746458615092
0.162352652580513	0.0483303505238246
0.823888102049168	0.345906037374267
-0.60714050329119	0.29143409967247
-0.981485656673732	0.48569248408097
-0.490797906202815	0.367930043292122
-0.852559079653853	0.912868763451461
-0.0173522542132245	0.00816670614212101
-0.178160705458302	0.118406753562524
0.024025905337334	0.0120944267031349
0.0115795620413321	0.00590994805656756
0.181646443718088	0.124638402247565
-1.0280501718204	0.818810584218678
-0.488390635595265	0.256831699305092
0.956021254579335	0.253830462538477
-0.449321495954305	0.297594558530859
-1.51948712338084	0.539626951504098
-1.16036217574929	0.649605070527618
-0.0944036040363931	0.0374576755555379
1.33916167979563	0.584947246381148
-0.764580582126126	0.331551866510041
-1.81676990665961	0.736858778572184
0.043677477944091	0.176484926710862
-0.0439294164006103	0.158436799765829
-0.25670787338081	1.03956602226116
-0.376153463543771	1.13449236685027
-0.74103709568774	4.22641745413885
-0.585977666761556	2.095743586664
-0.415370375589759	0.419706916604125
-1.00574033476421	1.20325561791821
-1.09043483457928	1.04928564386132
0.842776768527689	0.887517730866589
1.24259490618273	1.37107009272481
-0.0492553063669846	0.0215229817396632
-0.220507572208008	0.109787087298002
-0.486576404543015	0.364090110061344
-1.08304583506026	0.739277435517565
-0.602405585708623	0.28879386283196
-0.388894864966052	0.161759502133941
-0.789988617545053	0.522991374919407
-1.16353801085627	0.651564417439985
-0.0129371626602858	0.0061720766948257
-0.302862600309093	0.13893947466665
-0.232283236390686	0.116055656485938
-0.597590202337403	0.285879823737804
0.149343352412898	0.0572413008351171
-0.0524999145766508	0.022888116622185
-0.153206281054284	0.054749276207127
-1.5949760160842	1.22454190246281
0.384763630652183	0.327561651529823
0.878595374767072	0.6552301205534
1.06571003107577	0.514788677402827
-3.4565767152091	1.22430361707387
-0.773012755415795	0.336172563530853
-1.02790181469622	0.406358338825706
-0.762985501970341	0.331064223546382
-1.03894229073289	0.411226531190916
-0.0483724719392949	0.0301868441554377
-0.387064039313077	0.218232203214587
-0.214973425440132	0.0692286309045475
0.153380510069301	0.0587543815109685
-0.404780694059329	0.169000453728034
-1.12781381973937	0.339579374120096
-0.485927392261295	0.255059954234754
-0.215221304062718	0.0693199317381142
-0.0159247801828887	0.00751536580891651
-0.513265508496353	0.193649815889796
-0.215815148052618	0.0695090074287807
-0.387896640126552	0.218630694706251
1.78036979483509	0.991924119446332
2.36097404633539	1.17890696118846
-1.81139863683783	0.733838743939283
-0.986643208093492	0.489068358098897
-0.230655186219117	0.115067258983086
-0.395904040590257	0.164946089819945
0.546896106852769	0.318023639315033
0.679297187320958	0.21511425797511
-0.444753824284351	0.294206529709045
-2.01423270367058	2.10315161937537
0.150740222782873	0.0577273386353291
-0.0145365585478019	0.00688301427294976
-1.27754735048491	0.574057710506369
-1.33173999860273	1.09761829709005
-4.21999186440652	1.97501515858694
-0.480459820598873	0.25192771972448
-0.946214864560229	0.580590711468436
2.36037500052639	1.17841315078791
0.679042954927262	0.214964314584285
-0.968897679265382	0.477550598462287
0.0831173675795601	0.385424806629362
-0.155201583353971	0.677431566768853
-0.0850842044649745	0.189235783488406
-0.141088459853932	0.351596720068319
-1.17752304050641	10.0483322434685
-0.215197136594055	0.42397067013128
0.12510065787009	0.101619361434571
0.501089510678611	0.546296160201333
0.397906926313529	0.341666441053169
0.906592393233316	1.12802304216847
0.0691915078476451	0.0429485610649227
-0.0310692110035299	0.0233256025757561
-1.02714200143004	0.817915735281863
-0.554638023857447	0.502000000827419
-0.212629340629634	0.16013729641611
-0.863126735479257	0.861454268796246
0.0700949858788695	0.0435119118958933
-0.184281986016237	0.122839910396918
0.180685001589419	0.11828736632608
-0.442268378799093	0.2922935512877
-0.316567869202574	0.189052580018625
-0.889020128393414	0.737232905960779
1.25465892449932	0.874030506031884
-0.226925263185246	0.113248892454732
0.164122988767051	0.0488286730136595
-0.609188246347512	0.292581918112051
1.54903150677653	1.34150806925375
-0.216353950930559	0.16337211429777
-0.316540788421136	0.282257097048917
0.149267042865243	0.0571682270212861
-0.337960490640471	0.270230908525636
0.00447746579804346	0.0030037185263507
-0.482271021479615	0.252815498616747
-0.785667336929522	0.428238171342178
-0.785240893878869	0.427944814094146
-2.07062872074145	0.940243383198465
-0.671453646646812	0.529689933249012
-0.419763536453044	0.359932974133066
-0.0113109823943039	0.00543525569646777
1.25588825929001	0.873849977278239
1.09619807283961	0.677003564697014
1.6318823863366	2.10072991523428
-1.15448064522581	0.644363645738467
0.148866436557235	0.0645609408885794
-0.342463785834028	0.0980578484034576
-0.310138995991383	0.142669655716783
-1.5442122197161	1.4861203060831
-0.912051752872687	0.664797552703119
0.362664859431223	0.18365012636815
-0.383325104804958	0.215922072450204
0.791701761285813	0.475756692654664
0.966054313050908	0.659037600812209
-0.0125703785213915	0.00600649017666954
-1.6796010388228	0.951238497178277
0.801274993428214	0.48368358689853
-1.81766723004699	0.737367259253776
-0.518735963888729	0.195840591149612
-0.337924641037297	0.0968088152153293
-0.718081625995024	0.245384533690959
-1.02334304610672	0.404204860060332
-1.13182284417153	0.340904867919198
-1.81827955350507	0.737738285564138
-2.06444769256084	0.935935080561358
-0.774992933441586	0.509728994501155
-1.82033629727193	1.65549903142651
-0.145714843820916	0.0520798229776484
-0.0487821403695745	0.0213233387350772
0.808490491053242	0.645486174980217
-0.784391115370225	0.427349990785109
0.183334023940283	0.10669584726619
-1.16353801085627	0.651564417439985
-0.199241239801742	0.59700599912106
-0.846452270837517	5.33617686385303
-0.119686859816952	0.215993296468932
-0.0120484754338934	0.00919006223498141
0.205614997119235	0.165704559890435
-0.634776353046966	0.612735145177098
0.00197273288062188	0.00135576422376911
-0.308972678615805	0.274277998655363
0.605187104515627	0.673169570156893
-0.00093812120671422	0.0007680891356008
0.313468946842985	0.228117297663992
-0.147295232834466	0.10036857030407
-0.0428469667323752	0.0267375514179656
-0.639659058372969	0.619027459160342
-1.59905547960545	1.22987539211321
-0.133803008603802	0.075323390137202
0.520656824510594	0.332716072522923
0.157483102720245	0.0765397217364351
-0.13047436533358	0.0733050717501224
-0.185030782743919	0.123304895106499
-0.0411582661038592	0.0256830042508368
-0.0987786004002216	0.0578785405257142
-0.979098080096695	0.483523367122976
-0.609901376878145	0.541671617671661
-0.0520942668718538	0.0227165858465857
-0.385281987018696	0.265154242255746
0.755798678920554	0.743376216295503
0.862027616948446	0.915908232406154
-0.224807467632241	0.111974790000937
0.016190804348278	0.00816642403925977
0.630076801782699	0.481971356258355
-0.385134059746635	0.265031794488388
0.521053217250499	0.332963090648138
-0.319918190961791	0.191324313743749
-0.912051752872687	0.664797552703119
1.41063351334873	1.10042967386838
-0.946157780484972	0.581148227157788
-0.527020969292736	0.331994415264859
-0.0235097650185765	0.0109620389539819
-0.176471279377107	0.117115387261108
1.78104749136087	1.8303720395982
0.0169295198875497	0.00855962655557048
-0.945837671552583	0.580623435822984
-0.338896474896558	0.0970421752101679
-0.516445778893015	0.194901695063007
-0.620473624670499	0.150917804175241
-0.718972834438042	0.245626954230634
-0.620473624670499	0.150917804175241
0.150567043919069	0.0653372419032198
-0.339623607104268	0.0972733866332868
-0.220913920266801	0.143089166562303
-0.0479171502660505	0.0209582979351269
0.406702457418208	0.1843038860664
1.2780686229171	0.704190982911668
-0.0160904016261375	0.00759199965727098
0.0496182060175562	0.0290930102991308
-0.0127419808705113	0.00606791259260001
-1.16916669965441	0.655816765813803
-0.31764350736296	1.55876932558754
-0.946908926788559	7.38286361804426
-0.333911742009963	0.94933772319888
-0.550926746021274	0.80519511498864
0.11823959363164	0.121105659733894
0.0172468930016408	0.0146105330761482
0.154571032072295	0.152315629296966
0.00759391336690655	0.00592008602742366
-0.502897101662999	0.529900964647287
-0.109880407045248	0.0868962070820877
-1.62845030310448	2.26026125700324
-0.21875519348281	0.141611930002529
-0.707308116502133	0.723054455599428
-0.12547703295378	0.0875271680389233
0.378026130581652	0.333261689773567
0.00878323318843558	0.00584351134087912
0.90831632813809	0.491403314731268
0.161827967859275	0.0785412547514806
-0.696355431920251	0.66177429572065
-0.860763409023496	0.925643952666968
-0.98603472542929	0.880524240657981
-0.171932243039264	0.11384472058167
-1.00060578792087	1.19463511557956
-0.383320617703999	0.301605800629881
-0.0231566437435574	0.0148487128674713
1.01823938632791	0.842645333528716
1.77350704506529	1.81521611305909
1.54363131297268	1.33323640509088
-0.0950739865323347	0.055611168781571
0.324743497007503	0.211951670053358
-0.5179580992399	0.427876491013255
-0.202024753142808	0.129712842462379
-0.632659234525134	0.610080906102604
-0.989082144105741	0.884532759030362
0.0119601958185464	0.00607496743077261
0.806897147302689	0.643054018678829
0.176198594345128	0.102236529144506
0.727646894901445	0.483083445698568
-0.67397486138166	0.532233788942456
-0.170925380261619	0.0911557014026681
-0.620473624670499	0.150917804175241
-0.340107395831878	0.0973408882698726
-0.716259781908703	0.244657557065158
-0.387002492610361	0.218034907670549
-1.59624222319455	1.22593947742724
1.3832653243566	1.28860636650523
0.876689071744782	0.652521410609825
-0.0182553977201499	0.0117650562261692
0.699491237373896	0.613961063066857
-0.245163656126978	0.181471717666095
-0.130015223192946	0.0731275266973239
-0.372878717176397	2.26526357417476
-0.803277964783969	6.71947944182146
-0.266500602839271	0.680103123079559
0.0368834424631959	0.0351864492243611
0.268944947921507	0.299021542545063
-0.00625331306038901	0.00534113532087755
0.255221359715359	0.264646638402703
0.0118592330225243	0.0103552687116559
-0.338777490204409	0.350515945784561
0.627985172558954	0.98642648096221
0.274099432495556	0.257116546962755
1.00808242067288	1.42247942240149
-0.250564277499193	0.225829274140806
-0.264067582270839	0.255562567039863
-0.728258482731409	0.844573321822751
-0.209641106267458	0.176151987684371
0.0928638449208832	0.0634002281410607
-0.271034091330468	0.263685438173753
-0.32058110946904	0.225971960944561
-0.782884615453481	0.670870541844371
0.454007233832528	0.443393461119607
-0.0110301306584362	0.0072125519710036
0.957107375551337	0.945221675446032
1.07534518550454	1.25713698699917
0.961421807469928	0.95154295368348
-0.302862600309093	0.13893947466665
-0.551682989635671	0.498632017587197
-0.0204323045780628	0.0155255189229875
-0.894706920444528	0.743970574800191
-1.41857001733098	1.71776492774171
-1.40566745037392	1.6910187504321
-0.472327623613545	0.39991236082326
-0.245444591506301	0.181729905649255
-0.0914064867736768	0.0646076538442859
-1.13290910643291	1.25563347416692
-0.52033351730654	0.43025354342531
0.185775413247198	0.138433674254535
-0.24812773231709	0.183996239665867
0.518554110909467	0.448887881159776
-0.284905130487867	0.20675534549969
0.755531812325789	0.742582984765957
-0.275892427746595	0.199250899883135
0.801843588875528	0.637066888114234
-0.521829929410726	0.43213806820759
-0.561109358757495	0.406510786223489
-0.384843983072712	0.335666249873898
-0.174555663837458	0.0932101486035815
-0.435273538845334	0.335315616589185
0.185266317870572	0.107837892042569
-0.143637950029961	0.0976827957184781
-0.380360370829144	0.260930677134065
0.0828918782722308	0.0541264934390429
-1.02790181469622	0.406358338825706
1.33496226972162	0.582380892606042
1.06510817548044	0.514303286518642
-2.57472877667238	0.65760345889815
-0.764580582126126	0.331551866510041
-0.334222652007209	0.0957594598898438
-1.70617887606833	1.4271702668525
-1.0875519804224	0.743028016763921
-0.518225727777109	0.195715971680491
-0.217892626120154	0.14099759870059
-0.029157849558267	0.0186542196972106
-0.0129371626602858	0.0061720766948257
-0.180174545220492	0.096338299182349
-0.555282356836496	4.40485864740202
0.242725984120816	0.788428958045111
0.353997576308366	0.528160949244806
0.534181408328243	0.879035871209461
0.0874261838642455	0.100878840741416
0.92519450887961	1.60804769673301
0.478108562390015	0.701536099266297
0.597277251500108	0.77496636651626
-0.28204440463124	0.350474343095994
0.262276573968079	0.305727690526446
0.121024093765817	0.131639643260218
1.35744069143573	2.86343219733811
-0.0458798214191076	0.0419622643514163
-0.415970099854387	0.519640728461561
0.639491590911169	0.78565928008697
-0.24347516370822	0.218260788917543
-0.370001310626678	0.319855947478122
-0.44241073242541	0.407018930128175
0.184298313909166	0.132155912756548
-0.297382548646241	0.241163425185986
0.358047131052864	0.3330375633951
-0.0666050759239468	0.0488742220468654
-0.0987021747082361	0.0792295659507434
0.89666403242402	1.0412629365606
-0.396479664194857	0.16533394679407
-0.0696251047490852	0.042218216805481
-0.285620617453301	0.274378701359539
-0.914738728692869	0.666923555604171
-0.234006810793308	0.172090630873846
-0.677270535352766	0.535790068633022
-0.610780744029179	0.543098299922965
-0.149042200532948	0.101665485299667
0.345982012941178	0.347262233185151
-0.283217442347471	0.205330348936571
0.0902071125059475	0.0638358449427482
1.1045022387207	1.50704414428177
-0.183892710575706	0.140660672593268
0.283851586802517	0.222100562045665
-0.117418065485679	0.0932998403863448
-0.314319478603717	0.187419787718685
-0.945333128188141	1.00255857603356
-0.573286941314206	0.639924827786673
0.0172020532674427	0.0120234911245179
0.0322613844904168	0.0177833339775097
0.0749845388389466	0.0465870967685418
0.341143802510159	0.20834318401754
0.273215749771054	0.235644502124177
-1.13454539016842	0.979600860567831
-0.67397486138166	0.532233788942456
-0.216705177263511	0.163616982678347
0.154392805413983	0.0522705690038812
-0.53278098993602	0.336417439568642
0.0935158362531934	0.0685159550084789
-1.13490345675022	0.980931268212107
-0.184294987648003	0.305312773333524
0.257005957575018	0.30815400728785
0.590329464343255	0.97279426479191
0.521388258948637	0.785529581501167
0.196019164087094	0.198971913189549
0.47101318993719	0.662910963646135
0.20205329297005	0.185609265782712
0.417214542746166	0.520222468208207
-0.00440980339612933	0.00333211770462741
0.582531459867955	0.748809277179812
0.335543653830536	0.325590750746867
0.16512562197613	0.175709085901923
0.390918393114447	0.421996600091506
-0.265697906215868	0.257559923428272
-0.346944065343041	0.305880746252584
-0.137477830312002	0.120285080326374
-0.992986181750766	1.42072494605525
-0.22049257465232	0.166860814641732
0.191766468026391	0.153345812514086
-0.0940020640074766	0.0550205607507568
-0.331408944787068	0.234908896642323
-0.0787741939546018	0.0648795164545046
-1.62267523737955	2.24867837543806
-0.852250007569715	0.974271975178218
-0.321666509411698	0.226888762223645
0.555917697794309	0.324491924551048
-0.221338313380404	0.143365113616726
-0.257709252116418	0.233402156539477
-0.497701580635342	0.455468733118064
-0.18760220293484	0.143872893088203
-0.486123327846005	0.363539700120453
0.0125841334599068	0.0064113836254686
0.173608310446107	0.100744739906083
-0.393347412171613	0.271497682790101
-0.0175541755219825	0.00825542384090504
0.801008009749087	0.760870605230524
-0.431944225348174	0.332143803957845
-0.300638162900696	0.138045579466753
-0.777686631286185	0.727765847470375
-0.0657888430415119	0.0398669205373632
-0.168376543693016	0.0897268267173286
-0.769476700918049	0.655059713814601
0.334664832275698	0.219541942700299
0.187121024960123	0.11626056594096
-1.27922329184621	0.575244381232172
-0.222038342595648	0.0714812050319378
-0.395660237564992	0.223728365224757
-0.779968710451235	0.595736047413932
-1.4807002761444	0.745928431536675
0.0570281719113698	0.0334624048870346
-0.0921468268138158	0.0651285009472374
-0.396585101233857	0.224453765034803
-0.0984392398930289	0.138440783905562
-0.172862851598821	0.172104310539351
-0.193636898903711	0.192633352183777
0.0668257406907186	0.0559766947290672
0.703127154775369	0.978560233585063
0.193374327603489	0.144750736191457
-0.120463492164018	0.0959122966556349
-0.100420058442816	0.0712912777460317
-0.239878532724648	0.177040773144094
0.946197731409469	1.27178117347748
0.485701894429653	0.449834704476164
0.292261535813324	0.229777752184643
0.722830884592015	0.734038134541529
0.55396908413272	0.46385143407634
0.628405909246052	0.592194275232142
-0.0226175479214864	0.0144986957740422
-0.421498425125742	0.322402246385497
-0.779110856987045	0.423611286774771
-1.08843455256507	0.743710540630056
-0.050824279924077	0.0221773946297894
0.901982893297367	0.486401285957934
-0.603173757256167	0.289179134141385
1.25617366187595	1.06805977940166
-0.342316253432307	0.324797225072652
-0.284207245807608	0.37847716977218
-0.40479148408704	0.434051505672042
-0.52770386685315	0.332259226677499
-0.239580717862852	0.119884968840648
-0.76330997002356	0.331166337105815
-0.390786655219212	0.220492891678266
-0.594058393249504	0.482756039012602
-0.110776240615767	0.145222601377793
-0.287753289437281	0.259075691656663
-0.574506516328562	0.559901419790837
-0.283202023354889	0.381985899552396
-0.052552523759718	0.0229083052751093
0.149982636103429	0.0508231515257977
-0.907380750830076	0.660299122842807
0.163853552605343	0.0487595972376143
-0.791811699472689	0.524568848504031
-0.572360507236259	0.765334827641296
0.553308360107756	0.651419508583913
-0.982457998795794	0.486283958666987
-0.785486990243088	0.518907760362665
0.607522664376788	0.318585365448924
0.345474650760155	0.193434352364799
1.07334973872896	0.519110875769603
-1.49025064931165	0.753058170718835
0.691479761553598	0.323719017902179
-0.0260424377418194	0.0121210970486711
0.447833396545375	0.179698879637598
0.152362963176244	0.0583559062318995
0.0607180758098813	0.0376202728611475
0.157819787360587	0.0533909827533473
-0.150722043675349	0.0538721596429618
0.51924384720473	0.331567204222011
-0.385240893808817	0.217261035032584
-1.32450865675276	1.08780403361544
-0.655357873713246	0.455894088643564
-0.772342754957416	0.588602236450984
0.314732073747635	0.217664860802314
-0.221305813421861	0.143422490370875
0.587835774713408	0.472341267486048
0.189951193277918	0.136606415186321
-0.371804318190618	0.290789854851456
-2.0798989551005	0.945806839886223
-0.169686079257485	0.0904545318573208
0.153784739713925	0.0666752947243333
-0.0209093677906349	0.00978740670382514
0.16566376423511	0.049220972992664
-1.16102782833561	0.649699938281581
-1.48634888119028	0.74990156261755
-0.783619484485546	0.599897142746959
-0.915085648615877	2.57925202808496
-0.511516992860391	0.604664079102801
-0.0153532357560411	0.011681279550047
0.193280846632228	0.16385837063719
0.276369532982526	0.272748948340467
0.113622460615763	0.0892568869596477
-0.416958071521204	0.356903649516794
0.286752406235647	0.233359149220418
-0.337494913820082	0.295909351274019
0.166865157340979	0.0892897675668305
0.208541941459364	0.178541773758092
1.16344365644814	1.32984014250933
0.327993481275743	0.228143598787593
-0.618488083504193	0.552218796141931
-1.11754097750022	1.2285245797399
-0.775902777007685	0.662985490079616
0.00935987138222409	0.00482010742972534
0.0542446620052712	0.0318150925441537
-0.450567686295173	0.298721904525706
-1.59624222319455	1.22593947742724
-0.949086481943573	0.58325914603107
-1.44332840106818	1.29047700070483
-0.321039939080361	0.191934113503131
-1.02300392636396	0.403892782949621
-0.729821384507876	0.249664211260654
0.827062362966711	0.347535018691045
-0.124471663485788	0.109980200650314
-0.619013373178754	1.09449997692883
-0.0796359427886452	0.0759826951931825
-0.0883218835990829	0.0972087738480866
-0.771943547478311	0.587861317496665
-0.724110175343364	0.247660897147714
-0.0946005956049181	0.0375705380864667
-0.766207907419173	0.33246398143222
-0.602310511107637	0.491226029014532
-0.259024008935528	0.24979752390548
-0.403269759359929	0.65009666780045
-0.444033602208653	0.787764294390271
-0.0522786163369906	0.0430830295050274
-0.706070158716372	0.721750285377536
0.125995438287817	0.105014793637637
-0.23356130735381	0.258430727048847
-0.764056667033103	0.33124636563297
-0.524104519803085	0.198149044864786
-1.46319743285091	1.01941916568871
0.718309044593174	0.475159085732212
-1.12881513859764	0.339906487322227
-0.783132547696865	0.51732140562688
-0.409018940327214	0.532928444804733
-0.187970940930146	0.264115059322024
-0.0688722770344389	0.0563381950559749
-0.0387240808440336	0.0286585599218289
-1.08426295491796	0.740441109643431
-0.0970260863016381	0.0384986477357376
1.07359982425497	0.519417428828948
1.33520072787008	0.582923907307515
-0.613525267417473	0.295049747523327
1.26212887163639	0.880503474292638
1.57987830222808	0.78447996195686
0.818985271608812	0.343479725639711
1.57641681681789	0.782645066717777
2.11780862301852	0.945248734413775
-0.155694879698833	0.0556284997981947
-0.518225727777109	0.195715971680491
-0.146953998150778	0.052560093694441
-0.301588982342985	0.138344748128235
-1.51336055363438	0.537061579976289
-1.02194301820446	0.403479228390162
-0.775881962195611	0.59243939034493
0.165530272619282	0.0804572609978174
0.186493700569166	0.139002442445117
-0.345754509901699	0.35119869194879
-1.03694926687295	0.828868026478997
-0.614937681758153	0.547932979560151
-1.16325051516968	0.651758201589738
-0.713111603306777	0.776668045014744
-0.841349693230013	1.0675488326055
-0.669661614612602	0.813143347773514
-0.913369620261472	1.47234763961441
-0.21436125759778	0.263313681455569
-0.987358546258779	1.89621880399888
-0.292712573263008	0.33776731650657
-0.23190075414511	0.11586214692898
-1.48943440410572	0.752209436067322
-0.785242035886997	0.427924666448344
-0.335438661955823	0.0961186879895653
-0.050824279924077	0.0221773946297894
-0.0962585699929872	0.0381954518725855
-0.0928698189527956	0.0369039896605711
-0.099969115738833	0.0396182515490669
-2.57447078703937	0.657780381714024
-1.02723782568034	0.816745451684247
-0.534437126948506	0.337618492064396
-0.385776862669459	0.217556384018295
-0.385311066838115	1.10605857361824
0.101019181592897	0.126187836284451
-0.0295326650503956	0.0337598603239783
-0.134570081069822	0.163212002736813
-0.182127811746182	0.209420703168694
-0.265068183787674	0.334234559209408
-0.176149713898733	0.186730142578653
-0.442044266804571	0.676170222196188
-0.338765492625744	0.409770942163564
-0.530880222720166	0.742958552223494
0.155131333467524	0.155694901760317
-0.884744020648422	1.22290007949644
-0.784985900394681	1.30854710420968
0.0340730804398946	0.0295289754505145
-0.0279605308237223	0.0237178735154037
-0.141375616582735	0.111312852396117
0.96259693829315	1.55654733810899
-0.271740362580732	0.242122459810164
-0.31343554151794	0.318399629050307
0.262833345572521	0.268620371173487
-0.402479186425851	0.40340365242317
0.0168129843512314	0.0117337177711078
-0.235856015982462	0.173673282642826
-1.05850535821163	1.31884658374075
-0.451899562079272	0.418270952413595
-0.290409562825293	0.296833592273501
-0.865108876670686	0.864443153140559
-0.722261578340566	0.744493347169653
-1.5065938429569	1.69265826797596
-0.00635189611172871	0.00421316225955179
0.0828437581416214	0.056340053681833
0.44214738965994	0.338517940435856
0.561281783702841	0.471582483500726
-1.29876862194747	1.91790196352779
-1.63303480746408	3.01669510973889
-1.2264719850304	1.5922012140241
0.390127046264296	0.420899768059161
-0.50922212939562	0.538493202411881
0.0504870202297953	0.0296468690540284
-0.434816899489657	0.334983443974592
0.0946297511303079	0.067055859671939
1.09703204356589	0.677745749277102
-0.22791667628394	0.11367905436001
-0.0362500464446084	0.0226457921012111
-0.635351077641765	0.613604838684589
-0.650673206032979	0.673392316104696
-0.558777962978231	0.714288030987111
0.594173539247069	0.750027826014476
0.363753532989935	0.339583273360477
-0.0221318324685494	0.0168296501281702
-0.429715706779844	0.330161361522073
-1.42404067039647	1.5119518275304
-0.312558286338603	0.186347482975278
-1.08082370170039	0.735921933753065
0.166016274935477	0.080704591257318
-0.66550305444282	0.464636759922979
0.308045299470729	0.223629381916742
0.188124774454199	0.129526692784157
-0.12084893988906	0.067775727747557
-0.679698721428858	0.538411428240237
0.0223330716754384	0.0179986428781143
0.641096829972673	0.764716635036274
-0.19492202946345	0.150096908445296
-0.779709001570939	0.513715387688428
0.668231498679602	0.478633941087472
-0.390469732503601	0.220136627987466
0.19148444061383	0.119161340962707
0.179877729363904	0.104561808456927
0.401740165398797	0.181802373833579
0.796800772953907	0.479323162469486
-0.00604309544366204	0.00303416056237904
0.61466494641214	0.467086279353211
-0.639591970627882	0.377647005732687
-0.101295419131229	0.0719412541456956
-1.15744143418829	0.646149654166611
0.80013754267429	0.636343709965617
-0.775486156335218	0.591745901081002
-0.26581081567469	0.166161110758827
-0.973988488211907	0.480711321456446
-0.343432234206214	0.0982903961052269
1.12416360216352	0.863058000072533
-0.220012614431353	0.0708340703939625
1.24379007702107	1.05094248908716
-0.336952847519868	0.096512855057735
-0.216657809109618	0.0697687117469907
-0.299888704196211	0.137497328874959
0.161055121947285	0.078159792666116
0.898983881539095	0.484938392089412
-2.63380069486859	1.6128059987861
-0.534249247146042	0.337222617638865
-0.0970260863016381	0.0384986477357376
-0.65307289960566	0.388088474196698
-1.32439762256508	0.831039617113331
0.299444401819518	0.236256216626776
-0.499088815319299	0.375707412045249
-0.551682395428614	0.498735633975763
-0.699098160764548	0.665363487757412
-0.0859459173316959	0.0605872146539707
-0.231822219048941	0.211189334140963
-0.0326375106796914	0.0208763596796266
-0.567890503870122	0.55089487133359
-0.0878538370297207	0.051329138954009
0.151411900094302	0.0657102310639795
-0.56355035557743	0.408800338218663
-0.478021605203018	0.25045355640108
-0.227044058517867	0.113226177926198
-0.0537300854273807	0.0234102079775592
0.0378087315764445	0.0207712063172607
-0.0814867464359217	0.0324917348399489
0.876161737848012	0.65188582275501
-0.393129843046763	0.163834187389339
0.351809889529325	0.197378209021133
-0.232014787123655	0.115769806963663
-0.646570501340547	0.447430346019867
-0.068899759973651	0.0417517663216235
0.356606547986663	0.200491681537825
-0.309523723508087	0.184246457037102
-0.304392325283834	0.139821188462633
-0.531785856641446	1.83937345611232
-0.0364560180691789	0.0526714398428186
0.253400667575365	0.453986509916669
-0.00555604359550966	0.00638529960725016
-0.378469556434006	0.659466952603436
-0.0778643935079745	0.0911587142532064
0.269122984544181	0.379412693327042
-0.141072717894102	0.180351156371258
-0.395207980591171	0.662543365491393
0.473994659857443	0.748126531152519
-0.289828542207966	0.333658342267986
-0.275390903793903	0.299093388489873
0.62109199336168	0.850942522317067
0.640620941087098	0.844870380854147
-0.0559949616445628	0.0509414573061419
-0.600339081790197	0.770345780552118
-1.01220766017567	1.62161579083839
0.491513715175954	0.628744175894713
0.41736277889504	0.520710648956738
-0.640279788292489	0.820701276290383
-0.774975553769466	1.02706249049763
-0.0562217638548022	0.0464423861005569
-0.366283354624602	0.367815850694137
-0.615942581417226	0.715617163846823
-0.205409598957844	0.187761047932315
-0.379043824031345	0.29749169272445
-0.711525768338376	0.817124845746108
0.585527452666437	0.469967055845643
-0.433507116618929	0.430632373481042
-0.562487456150535	0.407485344102031
-0.0749288731172879	0.0539339986132533
0.0617869759536671	0.0492561094435301
-0.375967022277787	0.294734799083403
0.692532404089303	0.323793911411476
-0.214936329463689	0.162166492922018
-0.532472968578904	0.443196312835916
-0.049658232364403	0.0309970523103336
-1.81415605040113	2.48261568021061
0.847598701932438	0.8946246710252
0.104343489223586	0.0814721665177569
-0.0236804996698773	0.0151829914370257
-0.443850044819071	0.443608175429239
-0.492590308392863	0.369660843339951
-0.514010335474798	0.569071119295271
-0.65489479009712	0.753457892117517
0.198087598021935	0.168414672424159
-0.451343374209042	0.417633391750854
-0.558973916791619	0.618527117199865
-0.320914036838209	0.22630145539505
-0.375876560922911	0.326208610534802
-1.21611015337723	1.42517697408941
-0.93783727939527	0.573678653011347
0.441393863639691	0.33759135605847
0.190480922535085	0.137015389063594
-1.27215709157731	1.55666786234459
-0.373166613196689	0.291961089903884
-0.60023560342446	0.489227901799745
0.809161651858533	0.645503844762934
-0.255992224548895	0.159307735355155
-0.647648641707687	0.448550040062615
-0.212027921362034	0.159684418892319
-0.468480818177646	0.395704435953934
-0.146793981961561	0.100015748956937
0.499569094374726	0.544240538725976
-0.261164739878439	0.162981402604231
0.730437226203305	0.485404362600603
-0.32805623815948	0.232251351343463
0.926777016870832	1.04128045861672
-1.1712966239076	1.19646796318314
1.59645712569633	1.73666548535877
-0.249452051578739	0.184988752546757
0.338457904021759	0.206603119397724
0.748887939563011	0.629401504337517
0.668438021157273	0.478824665795861
0.0488602940325652	0.0286902877465963
0.611219568946179	0.320671286500288
-0.128718721476947	0.0723597102607887
-0.53081952046086	0.334923621717284
-1.82125050249514	1.65570364532248
-1.02220030668553	0.403399409057447
0.528344301405545	0.189044063873238
-0.337924641037297	0.0968088152153293
1.45895316717766	0.91244803901092
0.344189117086748	0.192886227242924
1.45652080007828	0.482281887456809
1.57541672018224	0.781318799971519
1.06792550004102	0.515823496339435
0.373712672756307	0.189683822099377
1.12416360216352	0.863058000072533
1.53832987267167	1.32551720443462
0.157568112712888	0.0533067915180714
-1.01856232210606	0.401844162864408
-0.338896474896558	0.0970421752101679
0.150259193239036	0.0652705612856139
0.175496922320134	0.0440701137079318
-0.215221304062718	0.0693199317381142
-0.624183598429151	0.151840837481169
0.176818183184722	0.0443715906559113
3.64101793434512	1.43134239135362
1.82816209415628	0.714241631039221
-0.773310585102791	0.722125491077646
-0.440965225882074	0.291035060180589
-2.0162863841427	2.10992944688018
-0.419165653605606	0.359115810580442
0.19531329564196	0.146305354073666
-0.403767601167022	0.375385818811299
-1.1767647520177	1.20541330966926
-0.212469574667327	0.137137481191452
0.328786752257396	0.214819239036874
0.48442103260288	0.331760885708197
1.11235855967505	0.850581224876197
0.173518199274578	0.0930901248062684
0.185190588455856	0.127305748083956
-0.0648343746901519	0.0392807012974565
0.670220744553718	0.480474733954315
-0.444438512546895	0.293591966418959
-0.0729805238089787	0.0442800511633789
-0.779327872439868	0.666642277780732
-0.097304973235985	0.0569429562223889
1.25707715476392	0.876547549753236
-0.490477129308407	0.367529674890876
-1.0901066325327	0.746501742548832
-0.375240411360352	1.23808952363973
-0.433457109586884	1.02044535667411
0.0805660067368479	0.11586558558476
0.126110285341437	0.164976335530658
0.0241541650453524	0.0287805514273769
-0.63707067526619	1.3266670668239
-0.631346259670911	1.30816229766249
-0.666710889463428	1.17879500778248
-0.668331723679828	1.21326479656034
0.0606716763438789	0.0633251987165047
-0.1933900559744	0.231118355371271
-0.264191544266273	0.284190178319561
-0.0909457816810894	0.0798490807300724
-0.403968665551825	0.459695826384651
0.801248477387873	1.21596887039107
0.188301107037174	0.206801277277642
-1.09729311834089	1.2982393578736
-0.474065052838646	0.560053181743143
0.205804402521281	0.170988014294099
-0.0685062705477533	0.0560224717124472
-0.343005788862792	0.325475917556373
-0.573978191410753	0.669041073100894
-0.859328006570584	0.985452972996979
-0.0612079510422773	0.0448086216547138
-0.379081451733675	0.409070615485728
-0.701455416274617	0.668114627946276
-0.996266977755054	1.18686461126309
-0.568877153021638	0.552141445709579
-0.2592304606008	0.161632626250856
0.551172595900754	0.460942277847797
0.186769739180378	0.134093048889092
-0.0895853405663436	0.0523690810038938
-0.535581926279451	0.557183249712469
0.979168589839547	1.66446218906976
-0.338871588142904	0.297325797360038
-0.785180529496097	0.737782056851341
-0.847298627319929	1.02414516739955
0.503283102165581	0.452024731533285
-1.21957622951782	0.920903988703511
-0.382980162998546	0.215643245489391
1.11382025593295	0.850687868397695
-0.692076969830315	0.605779271928476
-0.502353702414028	0.378508257237171
-0.159436353029859	0.109284072734196
-0.0381692893943508	0.0238284737514261
-0.128497406342812	0.0722297569462966
-0.97911844394322	1.23148017095826
-0.00361129643701521	0.00246651355559519
-0.107412242756288	0.0866798187465215
-0.546633856242616	0.573147842162926
-0.208573100798256	0.174994502074964
0.348187584524107	0.331334343309553
0.56828137939659	0.564842859553772
0.275135365387441	0.251560258862462
-0.329441546394851	0.233341165839758
-0.309713825767811	0.142475060617199
0.0289382726867015	0.0159836578818212
-0.783803301195269	0.735978643522325
-0.778811750354938	0.513036128680123
-0.316086487786718	0.188513978258315
-0.0982011627064941	0.0696333903748094
0.329839605676662	0.215896857404432
1.10919203656877	0.846530806009188
-0.898673461589814	0.651209457555933
-0.387698776312365	0.218767355292558
-0.597057355808606	0.486003415579937
-0.0257428577522509	0.019338227920948
0.0124840561081305	0.00876256952400281
-0.493594029184324	0.516807867635495
0.8857924979722	1.02313378918249
0.462532823543994	0.336862876841373
-0.993093291107917	0.889409414594276
1.13288668823221	1.02543097530474
1.40473130859932	1.09251089027544
0.0314546691462587	0.0173424905765457
-0.56851251062208	0.413099923260963
0.14975829663456	0.0573602319285313
0.157449076033799	0.0764350925871273
0.170266273603615	0.0912980634059016
0.626985875130197	0.478813353155457
-0.596210249571843	0.485062447538497
-2.22533708656358	1.85860807993622
0.557780610726949	0.325470807349931
-0.317017958631121	0.18937323145878
-0.322695177918316	0.193105473694405
-1.64056625639878	1.68656681447264
-0.390418452642504	0.220258730983576
-0.141983046858617	0.0507961746820961
0.452815663044544	0.181774380439293
-0.21750140385887	0.0700056929839968
-1.50573496603534	0.533703959061235
-0.624183598429151	0.151840837481169
0.956455214607419	0.253949648163622
-0.0550324685823145	0.0239696353706819
0.156194652005494	0.0528469788655222
-0.387921450068097	0.161329379903918
0.147802728209744	0.0501147268752412
1.0433448222306	0.394400438672122
0.168662278675518	0.0500652630774407
-0.208392645666858	0.0671792268805817
0.164122988767051	0.0488286730136595
-0.338530582329419	0.0969729638077002
-0.533706081366257	0.336876341248529
-0.0976724496680833	0.038770915320706
1.06540289518417	0.514719544781792
-1.46901327528667	1.02421655813899
0.374084878976525	0.190091971341468
0.488856732995043	0.453624284670236
-0.371649128679195	0.32168727603867
-0.246850084477035	0.182904650764969
-0.786035136603961	0.519767211807947
0.435423293024549	0.332219653518934
0.168995399553289	0.0904845303573584
1.46084540529166	0.91282274313099
-0.0106487771020241	0.0051348945624492
-0.312442747223027	0.18632018558093
0.544713107215439	0.453878903188215
-0.985934887073407	0.879843938375171
0.334102477248618	0.2191400307469
0.368367107355622	0.186847173098051
0.970491866326735	0.964088766893715
0.166776441470876	0.0811736923491887
0.479982427875557	0.328548707605443
-0.885040755974507	0.733028057802241
-1.67126905551375	0.94386509719034
-1.6013475535107	1.23380419397186
-0.178061544587313	0.717256036134579
-0.293577399809667	1.26529441621101
-0.687656477592323	4.87776129697496
-0.717809462843054	4.18794123692373
-2.01290891035172	27.7569599295654
-0.899897512308142	3.37266135955067
-1.04142448541916	3.55872066889247
-0.799229542484938	1.52412880935685
-0.855054233526363	2.45068334793273
-0.45942533014972	0.80045908967456
-1.71890135859879	5.57659165415813
-1.03568133032609	2.6418500012453
-0.842484821392727	2.12385400975117
-0.88463090222309	1.87342075586535
-1.13998014585697	2.65998538558685
-1.06219887103667	2.09270604559175
-1.58812413360115	4.69060317463175
-0.690031442007389	0.958711898143953
-1.40495141132129	3.47270132746328
-1.3003558250536	2.06046941734725
-1.54438658248578	3.09864388325286
-0.455388061840838	0.512031931766296
-0.597222002960004	0.764570934838501
-2.2840403595467	3.539938918386
-2.00805385390563	3.53358939051003
-0.976091945656538	1.45146766548496
-0.962390095365056	1.27083073685924
-0.0785473630670373	0.0635073789453345
-1.79899309820942	3.40294702873476
-0.487351631419342	0.686409211169798
-1.09101327940599	1.28677800231019
-0.965148706795175	0.94731588597965
-1.66208502395704	2.069169940017
-0.521682570894412	0.431496599356614
-1.78388767506161	4.1962698881357
-1.17722132785265	2.14042249652295
-0.3395018260887	0.0972061822975938
-0.423685472584048	0.32452865826609
-1.20913998865088	0.90889329692587
-0.783071996076771	0.516209166359998
-0.168636693736545	0.0898975799958863
-2.00897617914546	2.0942538572556
-0.185708281479968	0.209592381810105
-0.185038099800425	0.229772525614998
-0.590564618356156	0.870510066519628
-0.224772559533748	0.294087530300883
-0.264528112522975	0.217414005947602
-0.132269863397719	0.0744399651256665
-0.644831876346624	0.381552236682886
-1.91551523452192	1.8680124469172
-0.31610053847342	0.188757599621902
-0.885675071706451	0.733813153399574
-0.89659020910275	0.746022332416714
-0.0861687211785403	0.0623621194813019
-1.15595541273334	1.42929854526946
-0.0141097349046866	0.0119449427191103
0.0273181989214808	0.019779659939521
-0.520474654036998	0.848071709998644
-0.645432520637775	1.14391771320941
-0.625761607970697	0.763204942686825
-0.424138468628914	0.364634629271029
-0.0678579727679268	0.0555174812589693
-0.19548253511446	0.20389517029786
-0.531530517106047	0.335361622526672
0.1828042863916	0.106432837214095
-2.22603641602355	1.86208094551453
0.0404266158526389	0.0222159583299195
0.162227749920867	0.0621038551296729
-0.172246815168359	0.0919355975460165
0.396544322764292	0.179322808464406
1.46369624377198	0.916063842890098
1.3329197605053	0.581616348611346
-1.53722053679885	1.4751923811295
-1.27895990127277	0.575276106133442
-0.0203185676975728	0.0095038898646868
-1.32948517925612	1.32075643800338
-0.162265234921604	0.14974858290916
-0.162199381077417	0.192963388634045
-0.560048993342729	0.620140566703733
-1.09304525047685	1.49555632618508
0.167401482699092	0.0895964673881344
0.618676123997933	0.325642248734718
0.560024239140566	0.327511995066088
1.77182485129668	1.38835268105675
-0.575366619281108	0.419318064132439
1.46288065557654	0.915235553071591
-0.212107996589827	0.0683682958385105
-0.781170171807402	0.424765166186687
-1.49047763446344	0.752903954055462
1.96161885370972	1.22410848893371
-0.52824377277261	0.332588486359288
0.493014172293306	0.339659667624188
-0.982457998795794	0.486283958666987
0.329471206285257	0.215444936748051
-0.398476678041812	0.166101513340774
-0.0961973175087169	0.0381754760162591
-1.021608229039	0.402994857983997
-0.490227647584945	0.367279488765013
-0.968577852878155	0.952723552956928
-0.301599300893382	0.138348943997046
-0.779714949779474	0.667484112605408
0.0410866560744217	0.0225334025399782
0.0816974782755177	0.0532999125325562
-0.0933520028404173	0.0546205703899619
-0.913279487975236	0.666411589960469
0.183937757703255	0.126384542551493
0.855185736162612	1.07570547520001
0.360848888091229	0.182567544508595
1.35823305853075	1.4446577713949
-0.600671806782455	0.287908794772396
1.07586670009605	1.15162842137736
0.318783177540976	0.220864393012757
0.344117324455367	0.192906977838505
0.302733910619932	0.219195459830246
-0.114104512596478	0.0791438905235344
-0.314858683092648	0.280560004241548
-0.659687158601098	0.45899482495877
0.277433623778884	0.24685819064556
-0.815633850616112	1.1681203844935
-0.22138429222002	0.250040441356808
-0.373527520839141	0.424896738578977
-0.781601375106703	0.425080681399984
-0.67404791538648	0.532367470082526
-0.177974036439842	0.0950988472452781
-0.785283235239013	0.60104151061011
-1.50005547062971	0.759766650010654
-0.763186677226542	0.331039800418733
-0.399771805571474	0.166731259005274
-0.859107385274112	0.855937886094468
0.52764029394331	0.188938300410242
-0.766733199789823	0.33273995230155
0.679655237519559	0.215244174521264
-0.513265508496353	0.193649815889796
-0.221443869104186	0.0712956025102242
-0.981485656673732	0.48569248408097
-0.620903335937371	0.151058535991718
-0.148585144209234	0.0531300006524212
-0.775030398502447	0.337090868378241
-0.395123523055734	0.223482370270556
-0.0190304882125509	0.0764331764204428
-0.123638489865104	0.669868493260239
-0.240093551787452	1.51385613851807
-0.349491368193429	2.54958963310367
-0.387539674108907	2.63602626372722
-0.526933459356725	3.6564383715668
-0.656254061209712	4.89573648383847
-0.74469776555404	4.94443848072538
-1.26574802646484	11.2609749475585
-0.703196759420946	2.03036907283606
-1.01520084541988	3.52279027074215
-0.664904439837456	1.69613799158268
-0.796529552539684	1.95153002947497
-0.516870851960779	0.963937938871263
-0.532684726519037	1.06137650284636
-0.875090860961787	1.68285564103255
-1.07073548433284	2.59581218196012
-0.620042089045129	1.07689306998307
-1.53276218183767	3.61838082872175
-1.11753416035823	1.84900172411373
-0.338138783995625	0.419570657200183
-1.46343166420779	2.94964712090028
-0.654267217413964	0.942367827348833
-0.298348334793488	0.323445750178131
-0.319989883607862	0.32691472265284
-1.1702152650206	2.11942839585894
-0.876858722360408	1.26197076236072
-0.31119470891858	0.296911018929844
0.193589140932118	0.150096493988689
0.121353839371955	0.103234275572824
-0.25694925491184	0.2325757173371
-0.155481662955479	0.120366489296079
-0.649148295720197	0.707881576281879
-0.708858067014445	1.24147510595353
-0.779445576917881	0.730165132979459
-1.40980063738697	1.69904048280439
-0.556643333020811	0.50460488703773
-0.788501683457943	0.801912778318647
-1.42106921638576	2.78168977384596
-0.112371727156847	0.0984294367868972
-0.531451665009368	0.524325125362314
-0.0951662750781736	0.0557171232947311
1.01249992389484	0.834823400563358
-0.910210640981454	0.662468311309925
0.00815698569645643	0.00424742482040311
0.0371066067256111	0.0204114113165616
-0.132896298473907	0.118103961413321
0.00594835192665596	0.00588797712942675
0.194678087374296	0.145811541992726
0.10868412301761	0.103392352658563
-0.256144004239791	0.231696558668709
-0.533334466435101	0.336886908298535
0.443818502557817	0.340036343803553
0.798381159579485	0.480767183381933
0.500874990469623	0.346149987602383
-0.532031761685528	0.335721458397285
0.963701757187378	0.953798329012385
0.184102417306233	0.114110606148606
-0.703763595733223	0.671399656585662
-0.388012851958493	0.411228276398985
-0.648313638589905	0.669971692649715
-0.212010256367414	0.247120574443324
-0.0752460558476698	0.0827077608100124
-0.372206513119653	0.422492596142773
-1.40927151000481	1.89146267889221
-0.894921288692843	1.12416077035712
-0.817974075542379	1.35933522792115
0.371664025203393	0.188749414742027
0.339568560942288	0.207182725087648
0.17367947232419	0.084590352105251
0.553865686984052	0.32319400485776
-0.942354157083434	0.578017675372136
-1.3285925830002	0.834095790449291
1.12080581252324	0.860239764643387
1.14244180701119	1.03692552387941
0.452569065982633	0.181732592483672
0.671394166412374	0.212454198010421
0.689625814508517	0.322344289067171
-0.1446627598823	0.051733083076893
-0.941969039961935	0.576716297420974
-0.113866354012119	0.0902646270570461
-0.469970958136315	0.695051933868774
-0.313993996150299	0.319347785652254
-0.661257945807329	0.726845726589528
-0.656456055160261	0.456505723184443
-0.646865270593849	0.383461253142822
-0.947792898315466	0.582702379015557
-0.774430638737967	0.590688161777639
0.898527009942049	0.484622189664784
0.171511442923755	0.0920100215410529
0.717135530716065	0.474292173175776
-0.155694879698833	0.0556284997981947
-0.337924641037297	0.0968088152153293
-2.44253610749195	2.39006373365369
-0.609257565576047	0.292695689976008
-0.519038139240771	0.196086617266171
-0.148000056178146	0.0529246723651301
0.798400041410506	0.633063035914021
0.3543244119408	0.19899919095649
0.0065749957112194	0.00347346127164792
-0.758596398593511	0.328660864757978
-0.982858568096021	0.486769868889064
0.0743948517328541	0.0484619468722262
0.0410046465733658	0.0224928216538656
0.00935571018543349	0.00622987580885327
-0.179001218836815	0.11900670030168
-0.29989811868895	0.137523625954254
-0.690459269031746	0.604066492935026
-0.321940203346389	0.192499443887713
-0.136585552591401	0.0769492332607374
-0.478829626655498	0.250698129625062
-0.481340286619312	0.252061590949591
0.962920020379329	0.657169530697911
0.995508977271508	1.09538689579054
-0.784729889964595	0.600843216995463
-0.527893536850772	0.332278007123096
-0.527555136943638	0.438163350871074
0.197047418454951	0.147765286071055
0.0656634487170726	0.0407246147477187
0.0979054465397748	0.0695249158733968
0.046107697600696	0.0345828852690196
-0.376484654465742	0.295170434333278
-0.377630849911665	0.328039846741643
-0.730534965894453	1.12684681406222
0.0746326102420795	0.0736561930415809
-0.136686549299834	0.136301442615173
0.409112194650588	0.33937854277525
0.52277827709045	0.33426241693601
0.178578453271909	0.103611185156733
0.174097897600672	0.0933209090081525
-0.604078733044259	0.289726324219365
0.15874617659268	0.0771802592935069
1.40839816362446	1.09756630513355
-0.0173882873464048	0.008191863448236
-0.322506994825313	0.227569952414976
0.368770049827694	0.187075410963845
0.364599571714559	0.184597386007819
0.421598456768263	0.336169298700803
1.57461235263291	0.780874311787954
-0.782872702879706	0.425874054112607
0.146514527929403	0.0635956205111002
0.367898351186373	0.18674061867457
0.511803489770954	0.326159666393421
-0.489271038821778	0.257323559257116
-0.238950493150682	0.119618939129293
0.0315690776302496	0.136310075669402
-0.0864183218798181	0.405722116841982
-0.222627610498078	1.22972166041188
-0.369793133093846	2.38808111843884
-0.31273923200175	1.38697740405113
-0.51685631081633	2.36234207789441
-0.509807819489631	2.01316228192309
-1.16711497648	7.07134314418841
-0.204296267532949	0.263647466890036
-0.447142258845761	0.718140887873806
-0.205754906891626	0.229479752939021
0.625411005454747	1.04876026024494
-1.28735058807124	2.79177755217775
-0.908420115674948	1.69060867057968
-0.435125041891593	0.567887474080287
-0.968023880079864	1.89676254781098
-1.02524199431579	1.58236912616581
-0.568193955092491	0.732111993239134
-0.372003554735152	0.399482541491772
0.140436722830622	0.123834116124734
-0.986930994943925	1.47485199311631
-0.465442062381492	0.392566005070622
-0.771416254642334	0.719639659580492
-0.575579796780772	0.56120074099222
0.209963770048584	0.189441543569738
-0.0386443462348157	0.0241219991937668
-0.284843699131103	0.206603708357007
-1.72498292454501	1.45554759239814
-0.300642709679235	0.244298710630156
-0.327433627053583	0.260259948491672
0.276146239471336	0.231053455173123
-0.724953542664957	0.795179470891882
-0.786987436030289	1.09707792425279
-0.179097272635278	0.119111340167529
0.694148080198457	0.324741670139151
-1.08268931326142	0.737688173329341
-0.260357245472838	0.16240061435387
-0.331071241696273	0.397906293323407
0.521674901302092	0.452020990651606
-0.644512240863191	0.381926008053935
-1.02958883483172	0.819975708041449
-0.639682316588009	0.378335659376859
-0.391990362208638	0.221454601906264
-0.221465778529243	0.143496135429889
0.149422101710692	0.0506397395463473
-0.139249181992946	0.151263044843844
-0.13023663672422	0.14899126407208
-0.0915484226331607	0.0882114585751235
-0.0928608473129203	0.101511908267528
0.198530962545041	0.164240963547756
0.482560213559951	0.330596122024077
0.153519510388545	0.0519633960584783
-0.0230672801291703	0.0107717249436545
-0.971340777513504	0.956601502747914
0.805705930535483	0.642438134485926
-0.282714235462699	0.204908073904369
-0.777468388602884	0.840360625200306
-0.124934706075436	0.0870981415874218
-0.654303648072712	0.752593360117312
-0.138656094000004	0.108999292052834
0.100587717272984	0.110429722398246
-0.460002037916796	0.965208428355589
-0.408049092458728	0.38055332634542
0.0516735971009609	0.0303387827215914
-0.731531156723451	0.849871604401066
-0.506664379856727	0.829755997510274
0.52335161132878	0.334874732884227
0.516720532676904	0.329474622128998
0.155071704033499	0.0672485517972294
-0.141175092974388	0.0505326225047206
-0.595686211696787	0.285127077583469
-0.400100120801516	0.166868840685905
1.78116696180328	0.992630655099654
-0.0952334852114847	0.0377727542002594
-0.601386455572773	0.287955636311494
-0.298266088139852	0.136791312010477
1.57048673705863	0.77801070251101
-0.142223285419907	0.0509011547645968
-0.982787261659957	0.875833307617689
-0.265344015365068	0.291177265368893
-0.423909046034333	0.789096827516194
-0.0598983710865073	0.053117318232272
0.124234484459751	0.0981717759083129
1.24730968228173	1.05566692840004
-0.147193783410667	0.0526611796507401
-0.299013788844624	0.137220929891249
1.57617503203693	0.782056282529512
-0.51848078257601	0.195849342036414
-0.0930799462643708	0.036986936548932
1.26176980005988	0.880625668793156
0.965738201396014	0.660029886603797
0.146375004827764	0.0561236835186149
-0.719307886400812	0.245829792820617
1.96068369604836	1.2246046386294
0.15303718606185	0.0664291767991449
1.82495557630994	0.712549465993881
0.451765865281851	0.181387363507285
-0.220849649046566	0.0710925897619741
0.828676365455995	0.348216635594115
0.820593337460022	0.34423821440952
-1.12781381973937	0.339579374120096
-0.717718881105293	0.827500033675258
-0.054834856471568	0.0408381994659723
-0.304469590328969	0.331738354734735
0.0691991233427194	0.0580441472749193
-0.168437918153648	0.144423972264131
-0.261238317165131	0.162981145683829
-0.573138978225053	0.417522370283822
-0.967566322002838	0.950608773560546
0.809471490687587	0.97703340206058
-1.09730717893824	1.05852662976265
0.193779905561634	0.139593623850937
-0.183019121933849	0.0979259607278953
0.458114198121715	0.448443621026885
-0.205415882337137	0.154105103822453
0.126179008736815	0.102548504888431
-0.930850979354671	1.05540355126924
-0.134860087253732	0.0944401144356222
0.101864026370977	0.0772690986434055
-0.56208851904532	0.623340414089828
-0.482615418300117	0.538055318327108
-0.663807364778396	1.11025428997483
0.812159494471308	0.775256303435253
-0.0548794929950399	0.0498722996091105
-0.93458462202546	1.59533283019084
-0.182257430940083	0.232682437592143
-0.269983014230635	0.324159876997773
0.153801108434438	0.0666852820754741
-0.88687728885732	0.734825518924767
0.973104960153995	0.666006873634537
1.33208469099746	0.58115584608196
-0.0934052352102934	0.0370510265865141
0.17294827606403	0.0435260072159332
1.06540289518417	0.514719544781792
0.881705360275139	0.657690577989685
-0.485076296819658	0.254795305887907
2.12175361138722	0.947733160087778
0.31844228128028	0.20742676161388
-0.221443869104186	0.0712956025102242
0.393590756905569	0.177790247105624
-0.313421080962373	0.186833479106005
0.156860096039346	0.0761025545684458
-0.388962141023087	0.219604218028816
1.25994193472842	0.879419013213484
-0.635972267113952	0.375314254182898
0.904543323614089	0.488528122790343
0.0147403133553792	0.0565780223827285
-0.21667960680876	1.38957272970698
-0.237412647904523	1.28147835052014
-0.127956234390475	0.461057858303626
-0.522955632071872	3.01633401634937
-0.847588016164734	5.68000581659625
-0.898666083618605	5.90842293809327
-0.30424809374886	0.565017163635691
-0.382292003928508	0.834584975125511
-0.248045120015955	0.376255421029294
-0.179023553546579	0.266600463015094
-0.228610960901194	0.335723147520241
-0.716851925567205	1.49271878731785
-0.55347478226625	0.97659347441873
-0.354506050094221	0.592241028517725
-0.232598418126727	0.292786085690818
0.0449809400721937	0.0451161272322773
-0.439395482373493	0.518559912690871
0.260434954042248	0.303099593378432
-0.876963756451193	1.26207255538312
-0.471322430887602	0.606687269790694
-0.938935362005542	1.35262024571695
0.0754020802534215	0.06486566173037
-0.581247790424982	0.680732275488643
-0.206198842364156	0.172761921049409
-0.441994941252715	0.551681045210516
-0.712278706416421	0.775873056780807
0.289059795536548	0.235539444588304
-0.556614759997529	0.614686961224388
-0.242129303824078	0.178802917019583
0.731427508830469	0.906687265579736
-0.26126902307191	0.285801632358615
-0.574703658783765	0.559829802811194
-0.047939173642755	0.0299016716635824
-0.331844875460466	0.264512089926285
-0.776531389787682	0.985535020676972
-0.933370309962469	1.34070267593045
-0.345185534823765	0.304053228417941
-1.23994814127135	1.15387074547465
-0.374697949934171	0.256408168164743
-0.578525068898364	0.565072653760785
0.613285784116661	0.322131299994541
-0.0516239826177708	0.0225232842879227
0.399093040854445	0.329177884821547
-0.207692251598723	0.215177880777774
-0.218754306374107	0.228662299283143
-0.187155758475446	0.143490343770429
-0.537491517929736	0.62969958642429
-0.244100505311047	0.18059435490695
-0.0973543661435046	0.0569959250708346
-0.0889623491694131	0.0520017789407944
0.168356921102819	0.0818921745076723
0.0586216451815998	0.0363180929373129
0.181065060195638	0.105121869118272
1.24999599273884	1.22858629574324
-0.501115573047626	0.459354345451612
0.195549475024105	0.14098902522859
0.4814591054244	0.444882931930905
-0.60399812403672	0.66519348081619
-0.0872850641270654	0.0776888582399402
0.00853347392261497	0.00691449268214164
0.343615239285291	0.344380616024904
0.42941246683036	0.439209324355919
-0.410900732143067	0.383761122957673
0.528985498091643	0.771808220156703
-0.913324146145119	1.09493351631106
0.795899997837704	0.478483177057154
0.0768154816716122	0.0477595112739692
0.461160627083308	0.335278635840587
0.397957500852408	0.179831860627171
0.175996756811954	0.102203445169407
-0.640468945879974	0.378305685905217
-1.13881906002082	0.98495714914784
-0.908974660336292	0.662158829998892
0.360848888091229	0.182567544508595
0.750063547080384	0.629722470775668
-2.10740704194582	1.61273937393389
0.185891000282637	0.121989445958404
-0.50942171051155	0.538765147873618
0.202153070142585	0.210014392249831
0.108423075267626	0.0800452846036111
-0.653445563518933	0.714797863466024
-0.568665259662866	0.41314988324505
0.297409403962403	0.224991110183437
-0.301062247187092	0.13826941516082
-0.0214138194642995	0.0100020747293571
-0.972683812436132	0.480079206151412
0.373659361252799	0.189543555709448
0.367097013664831	0.186100758524729
0.823324250399777	0.345498976757898
1.25465892449932	0.874030506031884
0.808295855843725	0.644588472579988
0.520656824510594	0.332716072522923
0.904085412294213	0.488164212519272
1.25667317039618	0.8761389081233
-0.382998680030546	0.159141140503101
-0.052962153679929	0.0230952520302929
0.705121644608262	0.620231893809685
-1.15929204485049	0.648670786694031
-0.151247302673267	0.0540525343616811
-0.766443517958815	0.332594018875036
-0.666968770453248	0.466076821599442
-0.440416463058716	0.290578179468934
-0.175859354244768	0.0939450529080639
-0.388501806646537	0.16172016306946
-0.0525594345353508	0.0229254914448149
-0.592525679936753	0.282986990050653
0.965667957213685	0.658969387011981
-0.095932651106802	0.0561664533633922
0.614287757755956	0.574694425762465
1.98237430547784	2.34509279451426
-0.0194176838686825	0.00909224217942758
0.146052828713658	0.0559896260587139
-0.541439779219933	0.342894988658528
-0.170250407782085	0.0908285229035235
-0.142240203462139	0.0966833951290725
0.584243447833318	0.468884880618222
-0.577959419203787	0.564309429006925
-1.08876257075501	0.744525152963325
-0.104809897656376	0.0745466274644766
-0.934152060129473	1.06072718623606
-0.0444895916134176	0.0329751926528707
0.524550852079923	0.545468453754741
-0.217494365800308	0.140563064456311
0.0713946185677913	0.044335490798219
1.1174964065766	0.855461554494175
1.49354056030487	1.51274436165842
1.33268267273416	0.581267457492734
-0.765918596168096	0.332344936277861
-0.306241340154741	0.140857703171901
-0.941969039961935	0.576716297420974
0.489895820939606	0.337018584560308
0.697923312786667	0.326988260319965
0.804439053957955	0.640277106748519
-0.235130251135478	0.117511441165876
2.12883203402794	1.48775949204751
-0.0171880747828651	0.00809027627251988
-1.8293392464273	1.67020764202649
0.334545486074239	0.203899384541483
0.0347495193135413	0.0191422837643103
0.172055960927273	0.0922539037691576
1.25715854025693	1.2406564306693
-0.0165368549099227	0.0629882195825985
-0.134208494522613	0.669367650560216
-0.11971944109392	0.464296056622636
-0.317888954577241	1.6742203190049
-0.493942633313922	2.81797793392736
-1.16944339200044	10.0102279022617
-0.554812822447831	1.75049491070686
-0.257849316727733	0.537229062802446
-0.16022932068065	0.235320424621264
-0.171005129158586	0.269027550404784
-0.0345804556553106	0.043968896718707
-0.480513799153346	0.94767577846286
-0.108074242956162	0.137817729729367
-0.137991932745882	0.192872823364868
0.189139543766978	0.251038067374976
-0.460322765761614	0.763978838188006
-0.359455359347477	0.445987065205667
-0.51940300228298	0.776169119233838
-1.17604080137966	2.83268774525557
-0.306982005607117	0.368147305636356
0.00351365356327442	0.00278874023589851
-1.28834457613334	2.54318487477851
-0.0777858363568552	0.0687667315683892
-0.0608378128995856	0.0555448612113814
-0.120855995077018	0.104504104628393
0.043115068921507	0.0375452445112755
-0.880603186267642	1.37846916192686
-0.546219004426746	0.668252800337079
-0.977585274375901	1.45497649810632
-0.123448531250696	0.108984151213741
-0.29981213014511	0.34176835249078
-0.125748658885933	0.109135387031899
-0.307336693820456	0.29234446076208
-0.940969757535775	0.996151941732004
-0.185612879138759	0.157365512434343
0.259417442270186	0.264339084178444
-0.109199676186938	0.0971502092890301
-1.13340820572387	1.25579246848411
0.793074183077156	1.03523703566869
-0.380019677182371	0.260804903935568
0.349341786882289	0.195993482392438
-0.0921717131959448	0.0539055726135877
0.198859094948805	0.178055426517435
-0.105263566881309	0.0917354457506877
-0.0755522154910596	0.0620840334555533
-1.22360822069891	0.925039441805819
0.632896559211371	0.774643138208644
-0.111449282698384	0.0882288584268582
-0.26892289374093	0.221581331700279
0.324976659392064	0.212149851193368
0.321202376591353	0.222704854647761
-0.122939117968114	0.0856187568297198
-0.784277181468746	0.517819195008901
0.0277668211663245	0.0207563670980464
-0.526198942686983	0.43673555138818
-0.236729898036171	0.19685470947336
-1.42261576180581	1.92066833505967
0.13179655861838	0.11292607101609
0.207513617464439	0.167439600341133
0.553824569424059	0.652967568326167
0.00163279999027369	0.00114022696753103
0.498163266444158	0.542049201193242
0.0564604128795999	0.0437631298905251
0.464619878890023	0.535687254121537
0.983319070654902	1.29585586175861
-0.598332717939527	0.62483508119622
0.286934035617763	0.224894840300736
-0.396877809741666	0.165363075656421
-0.181788853649167	0.1210435503717
-0.889020128393414	0.737232905960779
-0.324209584995908	0.229089846746644
1.06246974082468	1.13116816216584
-0.779351392622925	0.595812191207498
0.898423579854325	0.919241574575997
0.589835612525721	0.474486783355342
0.963275296232365	0.954269811804176
0.597558100599302	0.579565398235354
-0.545372276944137	0.571328391167402
0.072241037231641	0.0606991969233591
-0.308024933154698	0.293202684614417
0.102689837996886	0.0730706198595106
0.669500757054532	0.480370001094614
-0.671402097976613	0.529493988320119
0.187625866053805	0.116505902352063
0.685496785202984	0.713590878718184
0.418559128572619	0.33310439034002
-0.662089554266244	0.461477668613456
0.301222872790493	0.228407143894583
1.79242223036675	1.84964717642048
0.802838398142488	0.638147021082975
0.184287888250782	0.120817034708577
-0.0680098675653718	0.0412128261776243
0.327410417458103	0.214093566054596
0.515484549513249	0.328505364096304
-0.245176542367626	0.18149706702073
-0.150722043675349	0.0538721596429618
0.930017829145307	0.813241752843799
-1.49158177667721	0.754133783083729
-1.71603235656455	1.86410251541084
-0.326987734584237	0.196061209162074
-0.595751065668764	0.484588518215023
-1.71269969690833	1.43885548175462
-2.28165009862854	1.14988228014202
0.147802728209744	0.0501147268752412
0.403840234728367	0.182839558500315
-0.636083543081068	0.375383856708189
-0.600098277665444	0.287273474188645
-0.0497007204695475	0.0216985207720141
-0.385964801770031	0.217534946227677
0.157007711765635	0.053125881526133
-0.669893177799768	0.527753335472256
-1.15922711069187	0.647999754682722
-0.643627545774783	0.381348279502025
-0.513523602017257	0.19363774647324
-0.10488562553378	0.0415636302983898
0.158819332515352	0.0689233785889917
-0.18103897502324	0.120474717631965
0.0133187319188962	0.0068158533248315
1.92147860957983	1.67296287773799
-0.172739059413325	0.114527604417852
1.24643449557277	1.51527634806644
-1.86529808565677	2.64512527455608
-0.779672895105532	0.788960659493051
0.319504182439193	0.221350710307404
0.0494442503698388	0.0290107979483078
0.0308892937685791	0.0170174549083672
-0.0185159239819808	0.00867982016903862
-1.13669965711585	0.983279850058479
0.163077676657409	0.0792696534567072
1.24431300636599	1.05165173771945
0.746597796480896	0.730400261431272
-0.662723681958798	0.462538379083761
-0.185551468160495	0.0993546632484087
-0.18308815577557	0.121923735639218
-0.781485131002782	0.425535114091578
0.445461704797544	0.178650083700245
0.585940242309355	0.470740473353918
-0.141768314814894	0.0963217679727295
1.03848351912225	0.986918670743529
1.03816773170073	0.986415772917938
0.0615893144053799	0.276853498763329
-0.155857994734162	0.768645323837591
-0.261334680745444	1.30203732315058
-0.369365059782475	1.83090336507773
-0.756216009602383	4.635704555537
-0.153509352428015	0.311181684830437
0.129882293296709	0.235874418898657
0.00184372456880987	0.00223172532030273
-0.645547529721862	1.77973273822654
-0.453047758589025	1.01522523151729
-0.194751661558844	0.295367698166182
-0.563533274193903	1.16496958156499
-0.291165655597586	0.436296036865582
0.0606041360628259	0.0664763627696744
-0.49073009722836	0.841215516170972
0.22143256075775	0.314745011789195
-0.38162141396424	0.579291772434509
-0.320474624677965	0.421824840686593
-0.294958584531975	0.405132342957914
0.217679406207792	0.233273300649686
0.389856444125485	0.512571153627942
-0.502490551433015	0.755287649135794
-0.863209612671423	1.38815897968857
0.191229757669592	0.161826891212118
0.134999227411111	0.110329562412545
0.160223644505408	0.161459653775726
0.281188394361602	0.258203256597664
-0.285148523117954	0.273780224532261
-0.502997788505717	0.529312579177428
-0.0973453514247185	0.0914947881514085
-0.136864249090456	0.107515163945718
-0.414466825151137	0.387932987197018
0.124620668841021	0.10377896428421
0.647143548262207	0.686991226011365
-0.0820893075169318	0.0715997984921699
0.0457901440588965	0.0353285429055562
-0.773252489279941	0.659558634994812
0.201182768031926	0.175999612725479
-0.583384178616452	0.571260325316564
0.466343574076583	0.443407809970883
-0.402162859795032	0.430581117273781
-0.327289906671976	0.231568172266178
-0.286654661127702	0.313850797814128
-0.735853592650289	0.98371507192762
0.284029004978252	0.246637498443024
0.441998213363899	0.442377118624064
0.582264749331216	0.729112152646481
0.934500354394485	1.05357663856815
0.702235971728345	0.617285180858291
-0.864753551740341	0.931000103354253
-0.630009244966355	0.565581851730074
-0.0699238386621287	0.0423878470914117
0.807833381536674	0.644617322261394
0.278108002882317	0.233028987519745
-0.288923668684712	0.278135090991451
0.626272457268151	0.680709890260535
-0.621208717855668	0.723923951963761
-0.147172151887641	0.126971756079407
-0.371203412785878	0.321046943208306
0.01990210076035	0.0138926950524383
-0.233292534965284	0.225645285617217
0.187902913746212	0.158718970560411
-0.229195082024077	0.241556425957007
-0.0222274130056145	0.0169024677150981
-0.705662444384086	0.673913544128366
0.331363331322234	0.216770343726602
0.42760828608013	0.342009036481085
-0.43089936809363	0.331331181702058
-0.372728795027596	0.254844095466216
-0.473000106434503	0.400498990055024
0.872053563882698	0.647443880533662
-0.378945908998704	0.297586006836599
-0.248722282190193	0.154311416976489
0.183005058095418	0.106400190331966
-0.0120437150669973	0.00576599349257029
-2.10911150949024	2.34300783691222
0.361208957705134	0.346529745524707
-1.52663963263717	2.21693314684
-0.271425136395734	0.26416628446147
-0.0242868516827931	0.0155638566355501
0.278473920156375	0.24089281188982
0.455593561453417	0.350889893945348
-0.594905047699015	0.483694492422638
-0.423813186607987	0.32462545389341
0.452012903568068	0.181405788845356
0.29989428194519	0.236737703769699
-0.77380852629014	0.66019242270968
0.767192191974418	0.757428030611613
0.42190123025929	0.336267294231669
0.56070739261428	0.471090572298423
-0.172187654169165	0.114138237116707
-0.174554448759152	0.093230412717593
-0.126103593443575	0.0708482271618012
-0.208190756178863	0.15644854122166
-0.331291334500776	0.26404706607837
-0.214184070644441	0.138370431997569
-1.53810477711752	1.47568016626911
-0.38129584201404	0.261912230544065
-0.781440165487409	0.515747682720596
-0.943991031872051	0.578675926012538
-0.0405195573552545	0.0178348268025427
-0.480473267651593	0.251559164273348
-0.391154962791198	0.220715009007784
0.156755601931667	0.0530279383533015
-0.383309381496228	0.215724465521106
-0.521658376564381	0.197103710433116
-0.662844672205048	0.462160719251156
0.690914662298867	0.322689559143969
-0.388986377474022	0.21956567569824
1.33770221308054	0.584134752462779
0.154643641570761	0.0750804928920234
-0.392607099730254	0.163535650618449
0.159630111454543	0.0539508687128184
-1.0831841911733	0.738120446442392
1.06623516714224	0.515260674258817
0.861428025362751	0.636968314709606
0.703440416427996	0.618504374334631
-0.386538882838166	0.266082484037584
-0.936518879360088	1.06469767690404
-0.216924429216195	0.163835622250525
0.333764795967601	0.340680893856718
0.111135638947766	0.082105109119246
-0.315556205025408	0.188206225525922
-0.52500870793958	0.434976790458197
0.932450750024403	0.816088857238341
0.0705720707108725	0.0437944362102357
-0.00776957700081721	0.00381283168651427
0.620755823454336	0.472476662790177
0.591095251689533	0.476017209547334
-0.216334005500996	0.13988079982828
0.194751335120888	0.128234935119662
-0.324485481085178	0.229129261402031
-0.0496563679962075	0.0216916030653625
-0.0501660483705627	0.0313039380624252
-0.14162379116374	0.0962266396138729
0.370333565869738	0.187943559816992
-0.0937626770037643	0.457474619765721
-0.0295577922735688	0.10029564903623
-0.30364958018551	1.55825098632977
-0.40764809173908	2.0996053493024
-0.310730825921784	0.879633725964778
-0.0406228686810126	0.0723039650017825
-0.211102542450754	0.405907554501671
-0.229334892887371	0.468944623904356
-0.404810960015405	0.928199953558213
-0.0852037994612785	0.129229795979409
-0.206143706599557	0.338448619854443
-0.547714876397645	1.29263559377249
-0.248546199698495	0.373156953319296
-0.323675851613078	0.503942023543339
-0.298109628559125	0.449814652287446
-0.110206121694001	0.139561324489059
-0.542816265194548	1.09641167497719
0.580983102803414	0.907449389304314
-0.098905931167313	0.119294233978169
-0.0482561210728417	0.0472492769548722
-0.121845010225611	0.147494397573273
-0.665603563212455	1.11477361775529
-0.587379550680388	0.719263037951494
-1.11773932070523	1.84947542509261
0.0973394471394584	0.0884699862624502
-1.41348125395412	3.06121770779155
0.153331050794849	0.142455345489082
0.0897210191775043	0.0795462885184776
0.206136919000927	0.206865651238423
-0.0778292883168261	0.0628954841301974
0.400538842672522	0.445935716810016
-0.0521991657107942	0.0388342942441723
0.0032424061183916	0.00254827046588186
-0.611708135686919	0.676756750820939
0.201599382320749	0.185140438326815
-0.559510842384693	0.619310789901604
-0.599786075663433	0.626638023888367
-0.22030254527267	0.142670650785947
0.369551006132075	0.3354706087019
-0.242293910919246	0.217050608783759
-1.18404622446345	1.61452009778174
-0.0345343466183311	0.0294149306575768
0.19651891660977	0.152595791948584
-0.524512306794256	0.329870711636358
0.571278798210629	0.568775126809635
-0.152749182928389	0.132351520981107
0.0294889852431986	0.0213432628796557
0.388471621561973	0.331870038225989
0.197935674962744	0.148504342851774
-0.642475007554567	0.62247491209129
-0.870323294028606	0.939900802289582
-0.162098829350935	0.126002638336518
-0.0712961440369246	0.0512504691271618
1.24317740042491	1.51015597378121
1.65741777058621	2.42943822673149
-0.431141326971981	0.331391248998983
-0.45836281195402	0.384964864586625
1.2465835869083	1.22345481162923
0.261594847624181	0.249377137178045
-0.426763636200441	0.452686994930865
-0.0204152725419838	0.0155119826289121
0.0213869099141624	0.017232030757377
-0.179405829452763	0.0958953270057053
-0.00361129643701521	0.00246651355559519
0.556408651433393	0.569376942760164
1.14262374525171	1.17246862440445
-0.0394591081645652	0.0246293126048356
1.11043432440421	0.846877868510094
-0.0962921248608155	0.0563814394210276
-0.18545803720844	0.142061819218923
1.33631003112091	1.57178109938494
0.0680764246202118	0.0422370221977829
0.0522004855943012	0.0306552656568018
-0.147476920870957	0.052745358247413
0.36339946112022	0.339253894185189
0.589308141232213	0.568782457021403
0.198223529994141	0.148720331491513
0.576191897360019	0.650017222977661
0.175985778226781	0.108827916731986
-0.342051688939209	0.300754198547553
1.0806831057391	1.26632872709299
-0.211230282516078	0.136278244787239
-1.08091628771086	1.03525266053092
-0.152437262053959	0.104109526865536
0.186254937632031	0.133687029168315
0.179621973541885	0.111260479019167
-0.133197046463173	0.0749158978363575
0.301099216639926	0.237898323940181
0.906431796819602	0.931340359227427
-1.23635772477669	1.61197273580697
-0.153201130012612	0.11838599780096
0.424304026472719	0.338604425976747
0.439399695388459	0.33588808748501
-0.239157339208547	0.176402641958896
0.480680216141501	0.443723831921182
-0.62210170483337	0.595822690831005
-0.597068626116056	0.48576782875429
-1.81766723004699	0.737367259253776
-1.02168632234953	0.403201742865738
1.33064823417075	0.58035171256435
0.956455214607419	0.253949648163622
1.33207374382379	0.581101470070055
1.25495757474845	0.873726441127594
0.156769584505087	0.0679680090771375
-0.142009262622938	0.0508568843140688
0.451487521828411	0.181235009163182
0.175496922320134	0.0440701137079318
0.172223255009213	0.0433240097489323
-1.02220030668553	0.403399409057447
-0.539653572274651	0.34126013147189
-0.93783727939527	0.573678653011347
-0.336952847519868	0.096512855057735
0.152346609586538	0.0515961830574703
0.956455214607419	0.253949648163622
0.530513916151344	0.190000096866768
1.04665020030324	0.395956904990197
-0.235303044049155	0.117691660212059
-1.92280171553919	1.88057192425236
0.0279975553361461	0.0155048284205512
0.724494385761239	0.480730977345133
0.366342855414172	0.331784414025202
-0.118667684726763	0.0824958853973287
0.306242052688099	0.222152996922816
-0.0180628225008342	0.00850135978199897
0.291422081141728	0.219723873143315
-0.772253318795108	0.58800804572199
0.515312310719478	0.328314877034696
-0.184518301684498	0.122979322184386
-0.56891665573094	0.413572560674
0.18221486882228	0.112954752617525
-0.257829782575817	0.160579233004383
-1.33734103461579	1.10454278234967
0.555917697794309	0.324491924551048
-2.48102529736386	3.48382654373179
0.329519392168756	0.215613234998165
0.00243355710830013	0.00854350613287219
-0.245562113021954	1.51903409554894
-0.38712906750461	2.22545015858479
-0.114201986405464	0.269720705734796
0.268307121947169	0.825284260215416
-0.20134524139666	0.434720895658753
0.241847112599164	0.531191688291008
-0.641031638084431	1.87473836106141
-0.0534307105328246	0.0832560225594264
-0.207372654455114	0.338197137694359
-0.326358935179716	0.712838165645244
-0.323236955358984	0.610291748620312
-0.425075488367806	0.926943984852988
-0.474583569719684	0.797720570411051
-0.317385824047806	0.520466644380759
-0.26679413787644	0.349416545166224
0.242309026219056	0.313127481146873
-0.355369701276194	0.504666285133647
-0.0729562446534651	0.085770023437566
0.00175885094615322	0.00183382883768266
-0.845149558457557	1.8572713092249
-0.174062260901796	0.181246219219879
-0.131487029001353	0.141821142185545
0.180780027096818	0.210249906226585
0.35595537774349	0.442942972544072
0.394723327897146	0.512432034915374
-0.244936046766241	0.280751851413694
0.679612018823473	1.09557865280297
-0.489529696026187	0.548774616202471
0.0774510513927548	0.0653099674493661
0.201886151110663	0.181128346970204
0.191747434904715	0.166665459844785
-0.953146405557325	1.46112087456524
0.550293891042594	0.647466280197298
-0.207413266689143	0.173892956517991
-0.050528412074062	0.0375619060727246
0.676597361077328	0.799075476434876
0.157531018686637	0.149816094894812
0.277988313211152	0.254651836264069
0.338402487261721	0.354986327995866
-0.25949985124204	0.296235722470921
-0.931970094070549	1.057154634675
-0.972165067824398	0.957332511420278
-0.964820445118167	1.20449866286079
-0.126322105695165	0.0881559492878801
0.340725008465679	0.331952178592959
-0.188877112544046	0.144917828152569
0.372617359641587	0.327384711062313
-0.289213852438415	0.260554000464101
0.774373116073048	0.950670476413411
0.101857656514923	0.0749410122988488
-0.670489073150855	0.779318759883792
0.128462146508899	0.104552304831639
0.314841043447167	0.217663052283826
0.116373368539569	0.0940174870872108
-0.0931974932450865	0.0544850489880839
0.682754493013471	0.709960737600836
0.159300851884485	0.148667016016435
0.995673509019194	1.39576215542971
0.627150223170481	0.764947080768542
-0.613399623279333	0.679397766376705
0.190844727226641	0.173888906038375
0.269941631698162	0.252532101893924
-0.772284936295316	0.883001735838988
0.286492092236585	0.249167004448493
0.186563720889828	0.139134277576039
0.74557335860355	0.625511833136421
0.505050339647499	0.453835414828237
0.351338072792355	0.335263384270219
-0.86708927465411	0.867089179515572
0.0875241487671664	0.0596181690826223
0.961962911464129	0.950920408605551
-0.0382877510139551	0.0238995069605577
0.34760107399932	0.330776617644911
-0.0227834636519394	0.017318737220141
-0.282424976309306	0.204660798029639
-0.550347776482572	0.497020872094538
0.280844095132863	0.250726205879696
0.487061687053032	0.541362012859872
-0.377689194002371	0.258942684160564
-0.448922869313154	0.414814924692447
0.198440311567889	0.159304992968202
-0.307908120303354	0.251149648098894
-0.138363993526741	0.0938647415428544
-0.253588428860856	0.206941991747442
-0.260168751260414	0.213182551951428
0.201439324137338	0.16691943319035
0.133256519057895	0.105874492344634
-0.565595141197819	0.547996538871376
0.477461680265189	0.527179060845754
0.0421761858476987	0.0315962569691652
-0.134421569216063	0.105443704579097
0.0925248275779537	0.0655415283884196
-0.867845055073234	0.868505791685617
-0.527156375913392	0.519183362286992
-0.781930871272268	0.792309741608989
-0.718081625995024	0.245384533690959
-2.11339189364085	1.62283245904581
0.154392805413983	0.0522705690038812
-0.715034146888943	0.244213254744201
-0.221443869104186	0.0712956025102242
-0.392689438302867	0.163366691923094
1.04881966420667	0.396662545686339
-0.08555390255533	0.0340557082738426
-0.348607690542337	0.0997201825095866
0.608362149988659	0.319252573603069
-0.532072537478392	0.335563517067307
-1.51042707521765	0.53568486067596
-1.7975657981284	0.379599665892429
-0.145344570977986	0.0520206122062214
-1.08268931326142	0.737688173329341
-1.02587348343702	0.405264690821028
0.152905507940101	0.0517666814526333
0.977092001788842	0.670150662608091
-0.335862621902337	0.293991022027795
-0.781671037706381	0.792172229463215
-0.152723659472015	0.104318888427487
-0.053515390814184	0.0334108341394984
-0.329495993179399	0.233438752265619
1.37026835745657	1.46365600104193
-0.937435380748113	0.573292717495344
0.578014271134768	0.462209628581273
1.63547538415197	2.10662948849049
-0.336417052309818	0.268856541641996
-0.381293819281316	0.299644433155151
0.993678018282358	1.09173699273908
0.374183940101541	0.329096920901416
1.01790290878545	1.22123320753272
-0.0349578001764173	0.138336296398609
-0.0231348868701855	0.0749634904631026
0.113547623686906	0.32535930669821
-0.0731370232543653	0.170566460937244
-0.252596995425536	0.666277995516941
-0.0958992883539455	0.195190465806168
-0.0065533908143182	0.0104913091314752
-0.637886862309823	2.35704964338413
-0.560857333084406	1.67325475039949
-0.190099982327673	0.366963013803726
-0.186256234876433	0.319831231418255
0.0252513775054464	0.0351862521141048
-0.609393509625245	1.31813144462509
-0.0962869925074029	0.135471262612517
-0.550332422298904	1.17452991134161
-0.147357163378796	0.209416597182955
0.220197394733185	0.308815946669144
-0.579072715749844	1.09521713156619
-0.186045852911951	0.245649103135039
0.0307832700915646	0.0356484659118606
-0.230165915732411	0.279045870275519
-0.136451695710222	0.15511950402964
0.152107839313828	0.184479076251884
-0.168652934327737	0.204479624365466
0.932049387961785	1.68518875125348
0.212127847781836	0.226273837359869
-0.381868553995781	0.517178920273943
-0.135922054760181	0.14720070518134
-0.433870734316317	0.581051557414573
0.343793527373288	0.460949164119708
-0.133689745906989	0.135182296944287
-1.18539383329206	1.95654917291832
-0.0803205014255591	0.0649813705524461
-0.522130696258341	0.667325962332883
0.315182866794401	0.375153456806522
0.14701923589864	0.135938021226558
0.278161541498793	0.274837748222179
0.0594683718369098	0.0461425181289116
-0.172356888428252	0.160339563609575
-0.322309855664788	0.367080748139455
0.349279085144048	0.323024836383895
-0.530800291325347	0.334438277461621
-0.232033663153117	0.211486116146889
-0.514107615351891	0.689832278042936
0.27855216515882	0.24103417960949
0.52087189314365	0.649315684356587
1.06932009207969	1.58074703244581
0.209383050153676	0.210719030199471
0.42912194898409	0.438899111932071
-0.0378024074766927	0.0284487381760028
-0.167754786097036	0.155523492337133
0.72141046200843	0.917861566100032
0.0197820247138552	0.0138043146465415
-0.643510331468605	0.663218680915548
1.23979744700774	1.50269799712454
-0.879157140614783	0.809662033059126
0.194461296167834	0.181718398410686
0.804984260447815	1.2242905567981
-0.304662965222375	0.269689448973529
0.626707841713679	0.682176989850302
-0.402104035634569	0.402859622425176
-0.920346757868744	1.37275858589515
0.663940201735869	0.711012495578908
0.850436969459395	0.89881008594111
0.391271242312509	0.334769366567701
0.180034093943374	0.123452461092781
-0.00989040807837939	0.00756833433663917
-0.0346835864810833	0.0260812869150295
1.16599968860718	1.56179647529072
0.769722664151443	0.943131790492492
-1.00418044821308	1.20056624219448
-0.286071804688253	0.25716974956705
-0.156655516087127	0.143867233220375
0.763655728483983	0.753907985711222
0.277979301049515	0.224930055638166
-0.544945698919804	0.570592033677815
0.112189370522362	0.0855845052715057
-0.501743269264488	0.460341264422723
0.297865380692504	0.252554642218375
0.294697998474765	0.249308188009117
-0.785472492881742	0.904696437596606
0.195143165389902	0.170041206458139
0.464074725506276	0.440734117610474
0.184540038805819	0.114519578421871
0.357525736298061	0.361526881854554
-0.578495054399616	0.56504190111952
0.506550810474006	0.537856550203511
-0.0104488260922462	0.00680629783602223
-0.284581081771713	0.206392287497358
-0.131456305667391	0.102893693781801
0.19586767648906	0.161700649088966
-0.152210697950704	0.131812583238294
0.764713313824356	0.849024905454736
-1.16335692440972	1.44406953435412
-0.26175430851307	0.237697379375281
-1.12725353624624	0.339405023147411
-2.08049061160019	0.946176415871986
1.06792550004102	0.515823496339435
-0.619895187822925	0.150839789138775
0.158202431453599	0.0297753629586498
-0.343432234206214	0.0982903961052269
0.401505969088906	0.181847082822463
-0.711087963718442	0.24267095162066
0.16651252421346	0.089092435933624
-0.620473624670499	0.150917804175241
0.823642509432085	0.345787097083453
-0.347295985392695	0.0993628531922885
-0.386140470987286	0.217808308385859
0.697117779795317	0.326513192615626
0.159042375477486	0.0473891494040675
0.150960388573741	0.0578814141488162
-0.302223900175973	0.138817557749343
-0.146566175815136	0.0523693021892352
0.55630268224154	0.324225610920432
0.689874586366425	0.322807327102071
-0.14306091685165	0.1127874437921
-0.301648462693651	0.245136973449625
-0.852831723366062	0.913331941845895
0.801926919524394	0.868860918972868
0.880596572460333	1.01491016696463
0.0643233748938624	0.0398507169973315
0.517603215549589	0.330150360560756
-0.783746950945156	0.671817975920331
0.345026023850702	0.211086998393634
0.190174952354844	0.151907753015324
-0.240756769267998	0.177795071261892
0.0135279461191253	0.0481696766435447
0.22528394881583	1.15700224440987
-0.308916004868502	1.29121347765927
0.144935865800222	0.349870486501488
-0.00574979477340253	0.0106408807464804
0.0214252713582192	0.0376528367026117
-0.0170129604125452	0.0276276717497941
-0.112535241463947	0.185293609497262
-0.342308402307656	0.746651447907281
0.151420219847004	0.249693763326926
-0.523128689220484	1.24811873460863
-0.00074336049653633	0.000867917096764335
-0.68200334210056	1.57040939973265
-0.917798848967619	2.2209847291031
-0.110678873230011	0.154895775209741
-0.305492613480695	0.3967065600353
0.0765260656030793	0.0863136398770537
0.244493668439822	0.325144759957082
-0.172128662842787	0.19457045348592
-0.0079440597983341	0.00740512479206075
-0.449288774747277	0.625853083229543
-0.342054935554339	0.497355178591363
-0.165418288721208	0.197413702206383
0.0221588792738466	0.0206053090153855
-0.595705992885942	0.983840814662424
0.26889761019254	0.320523979695525
0.150965520307193	0.148345889593748
-0.439017478985579	0.517951381832009
-0.096970008921427	0.0925148843525804
-0.492132494649881	0.714742652676007
-0.464738935532495	0.491893988353009
-0.330093010663893	0.359426273830097
0.00326826336612275	0.00236828389007499
-0.4051980168612	0.52631767016615
0.127470825401174	0.108889955124679
0.193461365537967	0.159337440572983
0.442860968882963	0.527884554106365
-0.328126083023537	0.375256964949538
0.39152319664489	0.443353533522857
0.88526941587596	1.02279217401262
-0.784446458879196	0.517761573650393
-0.206009068078105	0.172679299397674
-0.289703531752098	0.295895789777881
1.058297150525	1.55548440767676
0.137358457455213	0.118097619629825
0.264223811062467	0.264448717009592
-0.265193325540057	0.256863140402766
-0.0605295499934196	0.0442896068862326
-0.0486603996388044	0.0361466777765421
-0.16804769181206	0.144041200291845
0.419393858160064	0.333917440620456
-0.125620222232418	0.0978510585757816
1.16850016530577	1.56793351856577
0.412793555989453	0.327555107309591
0.165530272619282	0.0804572609978174
0.202158275718688	0.185757511185711
0.937622058823175	1.05876052706784
-1.15646281887804	1.65465329913828
-0.908003868435363	1.08544716852511
0.651449993954294	0.693282893479743
0.115503356246753	0.0907780106970222
0.534329604779535	0.559087795970117
0.931199702124807	1.04860774366578
-0.334207807855946	0.237296577642151
0.626907756127904	0.479162091051962
0.656179756470672	0.790595316500323
-0.242694797708052	0.179437187288817
0.0471936369226284	0.0276984938041254
0.554756501947261	0.464546741090174
-0.243791168182327	0.203751385508632
0.190682818721895	0.125302993326665
-0.342284856909659	0.274506514081848
0.19146199658472	0.125883999383244
-0.620049559591122	0.553815067448489
-0.858922976881266	0.922762254024795
-0.781300315389416	0.732762134716191
0.189258221669662	0.146352221850326
0.0198316047169616	0.0138395003683656
-0.211230282516078	0.136278244787239
0.19153055365714	0.143209295271728
0.360967990095439	0.336435710045516
-0.095217726067424	0.0674231385798771
0.43885336692772	0.33542974054216
-0.18142140444959	0.0970436551918165
0.755331253880109	0.742629825279778
-0.538771627411318	0.631819585533396
-0.0326468369604333	0.0208772362055638
0.714891526753599	0.723104877160966
-0.775513222758035	0.782821979239532
1.05252503254321	1.46021134472634
0.697563038271889	0.611782971247189
-0.715116758048875	0.780057384871142
-0.592976110613255	0.283328938530431
-0.625630686390319	0.152156798395567
-3.45601360105774	1.22364277502153
-0.340593087152544	0.0975352685660813
-0.338291342092883	0.0968475173314605
0.173940988172143	0.0437550114519682
0.17294827606403	0.0435260072159332
-1.27030499764746	0.569993272777292
-1.12769593434811	0.339436368028373
0.157490246000025	0.0469073344840077
0.17294827606403	0.0435260072159332
0.401878893463321	0.182023719601379
-0.0970260863016381	0.0384986477357376
0.675232747867266	0.213789953820415
-0.620473624670499	0.150917804175241
2.12237275162321	0.948156957082224
-1.81827955350507	0.737738285564138
2.56175148535099	1.41796411150441
-0.628944872553404	0.15292393261527
-0.140367872285649	0.0502560951722468
0.15796546595019	0.0685584613876696
-0.374711484339611	0.256560933193631
0.457190732205456	0.332033781232463
-0.0319768249815093	0.0240338907578727
-0.314800637299462	0.257746236277705
0.0985933885211922	0.070015169215341
-0.562856381340558	0.407643872692025
0.340803557384	0.208083973326605
0.0444876335222014	0.0261542730909666
0.0671032462094706	0.0415956880723186
-0.0684849727439357	0.0415161661334061
0.000531721861075334	0.00170574667670856
0.0201682987136517	0.0606030436456324
0.00020778012584062	0.000374511364800709
0.0597979336356613	0.128746452874453
-0.0357338756916078	0.0669414097699512
-0.193747611013554	0.443521044891645
-0.0264199192701615	0.0424092595630803
-0.233056068021903	0.488307291499513
-0.326268689741219	0.679624902847203
-0.358130431269086	0.755465348531715
-0.274211715132126	0.425343723163406
-0.242212055406644	0.422227186483552
0.12734984440675	0.182927753051077
-0.178036244063497	0.247409196946414
0.0703394699146934	0.0858932433042135
-0.983890982880747	2.07997878717822
0.07387976407533	0.0830930576791979
-0.414217578928097	0.604568052227536
0.0859491696201487	0.0894608414692636
-0.234994670659212	0.286179593190989
0.142066126818381	0.157671637142382
0.0518666623803811	0.0530420950603259
-0.224479919939637	0.215608648940062
-0.218065691147244	0.238078539000401
-0.0279721004027389	0.0258711561901305
0.0980747128047269	0.0892166002425245
-0.131359419374652	0.132507379292873
-0.729647930611058	0.971603260972447
-0.0110367891004939	0.00937456414396584
0.205103047414726	0.179909097751425
-0.710927705788544	0.680438930381963
-0.440559238782635	0.439398762432197
0.322494545893996	0.342238527774729
-0.440062741204688	0.470967439285678
-0.609303140471364	0.786277021756494
-0.932923926971243	1.33980346364399
-1.00901315326145	1.68243440441817
0.549254731832248	0.645890786302775
-0.0951202254684538	0.0556916830038853
-0.520839798198743	0.326965887021625
0.622070826996263	0.474384732602953
0.0623011037846481	0.0508848754143881
0.278150913945332	0.247905213187275
0.408638762154479	0.446628792311601
0.784855638278596	1.05192281073115
-0.000310280727360676	0.000170050097476719
-0.062921871731391	0.038103176955737
0.32078074106334	0.222507741241126
0.286014912822287	0.232603598360119
0.181144545288133	0.112314412172957
0.157624675603452	0.0684739917051427
-0.11404581447112	0.0814751732884151
-0.675607834185328	0.534006264164307
-0.474715119593162	0.248140358544159
0.645801183002655	0.684715016199515
-0.654219851691344	0.716312658693566
-0.0952024019902502	0.0673989880049905
-0.472848238847934	0.400418706784542
0.0634175660711716	0.0393234547841685
0.268120058318236	0.250511911063789
0.287439429875002	0.24223533915694
-0.681996355816126	0.797599211563781
-0.690973055175638	0.604901599839169
-0.0406504991346478	0.0253730403431647
-0.158771590809808	0.123136461382442
-0.222160040883485	0.188035554780978
-0.504424266033115	0.463470695431267
0.802934230331331	0.763008252569127
-0.11611183163749	0.0805933847968806
-0.872902819801015	0.876059111544613
-0.160902616143169	0.124958697220902
-1.04578902667231	1.08980466060735
0.162421116861805	0.0789786615252195
-0.262559233261459	0.163871397395718
0.803664904754952	0.764449337696292
0.283789961698054	0.246412005310189
-0.56311299450699	0.624859329227684
-0.190815487972262	0.162298395622953
-0.689275328082199	0.847508831397288
0.551296806174876	0.563021708252846
-0.241570161872489	0.17849352891699
0.502492104794155	0.451101598992167
0.293955609434322	0.256700736605627
-0.390973110161312	0.308877655629253
-0.230694254160125	0.209863025935482
0.480323745590676	0.443651360386869
-0.374480817670332	0.256319110654077
-0.185862281965601	0.142329323948059
-0.615247255619633	0.682216000879056
-0.412091502605033	0.385139243383199
-1.22599265104925	1.59034642290507
-2.58224585205989	0.661106815487816
-3.45601360105774	1.22364277502153
0.163853552605343	0.0487595972376143
-0.616620021012413	0.150099962492625
-1.13282069800183	0.341231258763963
-1.7975657981284	0.379599665892429
0.950720958067184	0.252420162622268
0.955450516302873	0.253599562429476
-1.7975657981284	0.379599665892429
0.679297187320958	0.21511425797511
-1.27320878623511	0.571826806588651
-0.388408062610022	0.161550493058169
0.957461191854986	0.254126256439643
0.955017933589342	0.253480850166851
0.158989511121608	0.0298299152293259
0.159251072645633	0.0298673857617753
-2.58224585205989	0.661106815487816
-1.81766723004699	0.737367259253776
-0.217737611459671	0.0701208524223687
0.176818183184722	0.0443715906559113
1.04752875622395	0.396218430849903
-0.916903346676377	0.669838965483936
0.189827171300042	0.130803872837875
-0.709086494095281	0.726141046825792
0.283805162541251	0.230600008780628
0.0476092341946209	0.0357352505254318
1.38916953104651	1.87458679347443
0.698431411454642	0.612804439336121
0.366634615200438	0.185837373471283
-0.662960710293333	0.462645436385547
-0.61538390292189	0.682130246487691
0.0584660562382582	0.252847031166584
0.0372474671977495	0.126250278024345
-0.084316116075	0.248185246255672
-0.255200848430973	0.886154892832779
-0.133266895522181	0.343602487600041
-0.544318906461544	2.19090264227572
0.0119520438781669	0.0207715041564435
-0.221542938708811	0.456070877561739
-0.411951995097893	1.15559127609122
0.38259363971999	0.849661757272925
-0.282895860906645	0.57456301971733
0.0457805221079313	0.0588980149767966
-0.290926988921878	0.548502143883877
-0.110912986267663	0.155269264416949
0.000296866418970037	0.000198087041490311
-0.202135033039892	0.330379378275244
0.310603309360769	0.514924120098556
0.0476034347004688	0.053905457797273
-0.753608787052606	1.70504274994111
0.386089843635196	0.652322473536691
-0.509554908371205	0.907227526668384
0.772717392477788	1.42409071419818
-0.232167548153454	0.319824477090609
-0.309902061546978	0.355772642421236
-0.521095331465069	0.723855453973236
0.0345137097644955	0.0350807340123417
-0.165297143049899	0.176185419528165
-0.0189854961264687	0.0194765540814946
-0.0390503140393844	0.0329100999253827
-0.0805654508139587	0.0769447668937059
0.0537163345082866	0.0480124293363622
-0.344823282882604	0.467199318640937
-0.108289771719291	0.110219630164555
-0.159987302460825	0.181243432923468
0.369709896701174	0.448034630161042
-0.175827594346942	0.175384462645288
0.436666642621168	0.43533286073485
-0.376484418814859	0.257817923713508
-1.02220030668553	0.403399409057447
-0.290545808351248	0.234653905482247
-0.277637988868051	0.248363811011857
0.0480987879329832	0.0428305960196757
-0.255701547441726	0.251345329971854
0.151111047233489	0.145786133393877
0.46221538370645	0.545481628845464
-0.151102514791683	0.140864804283759
-0.180755242734118	0.189293056886984
0.0635243602219877	0.0531009385295331
-0.0634993337451942	0.0465038703344878
0.422627457153309	0.337148007623536
-0.0714381362377587	0.0525323281768517
0.460672277559085	0.33457277982629
0.395106947025196	0.178711239528839
0.395574034518355	0.339201101257791
0.213606376279514	0.193187822473595
-0.0699342536135573	0.0513976965020733
0.65528194768982	0.595453782995902
0.0280438380698326	0.0209620313487112
-0.312840930622072	0.298722085700272
0.0444798759601103	0.0342995762359181
-0.368427546694823	0.370709644568902
-0.479677798046446	0.534173819663187
-0.183873139852049	0.169063543105233
-0.404639516836314	0.460594028371701
0.0323047212248226	0.0241483900728735
-0.0551591350014007	0.0410888332648056
-0.318976117300454	0.305967452227819
0.534569223513224	0.559369726356599
0.00908572439504873	0.00605087712615403
0.0352780775927212	0.0255655764974405
0.753305977852382	0.86408882651482
-0.258237383180504	0.160922916461217
-0.420224016675188	0.321119091505448
-1.41619951430108	1.90595963978761
-0.0663277178580403	0.0542237625854429
-0.520700345180084	0.579325444430026
-0.205365429238533	0.187804993504184
-0.149349302600471	0.139094638046666
-0.210379550251294	0.158301528505169
-0.0222426439870267	0.016887658332849
-0.704640780407811	0.719754244168975
-0.348067785897492	0.331505260168631
0.113277547284712	0.0913240017779974
-0.561491777519784	0.622447715317379
-0.429213345929935	0.456255040798275
-0.309036860500176	0.252179556874528
-1.50512968650064	0.533411802331246
-3.75718934185265	1.48017499214909
-3.07750490916701	0.956880231933195
-0.61946410648704	0.150698865008898
-0.342463785834028	0.0980578484034576
-3.4565767152091	1.22430361707387
-0.624183598429151	0.151840837481169
0.534465649479292	0.191405660737174
0.78967396127861	0.474444607607273
0.174933567082256	0.0439573605408891
-0.226846217348346	0.0730041921300852
-1.13238809108681	0.341172314702962
-1.7975657981284	0.379599665892429
-0.0984299111544157	0.0390605380076084
0.696311716242858	0.326002755913493
-0.617055950695462	0.150241664375452
-0.620903335937371	0.151058535991718
0.526211669677007	0.188366258201689
-0.134263577800932	0.0755496925204495
-0.382142149022823	0.300436763988138
0.128061114372284	0.106861101023444
-0.989208897814463	1.17341497717724
-0.347234063224805	0.306148290119293
-0.855937733506462	0.918096667292199
-0.319684648961092	0.191177765824846
-0.773546110079784	0.722285150052958
-0.15478610744932	0.119801128229141
0.0475488161764689	0.191680040997298
0.103956808492212	0.429015656077671
0.0874467086154699	0.248001190596683
-0.00927802427667344	0.0196993566025678
-0.315950415014382	0.978354796995241
-0.0700952574402049	0.141083514840655
0.0725247882793827	0.127451590905063
-0.32414791998867	0.771853248477397
0.106569392741928	0.15473567176209
0.138452061380374	0.220636779353016
0.189542961925562	0.319441975871257
0.291995828701253	0.591375956120483
-0.0567068079413213	0.073457899156843
-0.209822861185475	0.322408132715114
-0.212592218301053	0.330819190272553
-0.204648880821478	0.310909587577988
0.00692404994227884	0.00717131347732705
-0.295264578241411	0.478319576039247
0.104870720424243	0.128561011032268
-0.32816286331428	0.468205994500316
0.147738669885695	0.187011168752037
-0.630085703411157	1.02063998673266
-0.282026181030212	0.307980906718842
0.0710955159179256	0.0688924979692585
0.128000489046325	0.134192562675395
-0.46635971508062	0.69214769677289
-0.179773037399802	0.188110090155048
0.157528698455935	0.158407417816185
0.430001025822649	0.519175191917227
0.325250437600045	0.375854411439476
-0.823956660013422	1.69625883458553
-0.0924266067014631	0.0878307446802494
0.676140502488013	1.11050816279123
-0.131708714145452	0.13086637893667
-0.39730484723892	0.498448439203526
-0.170728182067041	0.158557171595211
0.338490656834919	0.206384130379855
0.165007048838445	0.0490553112296366
-0.283772645103488	0.205796039704814
-0.34147189747999	0.345888352248739
-0.831396084791421	1.20272975106345
0.33892500457609	0.347151821332312
0.520038235079098	0.556763046790038
0.200574909042549	0.179811746336347
0.133282531240392	0.108818882554589
0.402227924336606	0.332305176669532
0.0598693403448897	0.0476892954528018
0.64556549638526	0.684689483453619
0.688424411344802	0.600917566463454
-0.176528746279535	0.117231310479015
1.46109938210879	0.484014060767982
1.33232181501832	0.581040506436256
-0.102984712928139	0.060389677096161
0.184674987639859	0.151423149796442
0.0719427587439698	0.0446802079505702
-0.388969695702167	0.26810871484334
-0.289718180999514	0.233724096230453
0.0587507324836564	0.0455973669713927
-0.243752108026901	0.180311232034919
-0.676455189035551	0.788778792355443
-0.0861687211785403	0.0623621194813019
-0.177013216336814	0.149053160818332
0.528347783056324	0.645947037073747
-0.140637901989814	0.132397580398756
-1.06492155031312	1.69595530856596
-0.043276099536942	0.0360348254097715
-0.316756281603671	0.303400703461645
-0.0575832928707384	0.0476236565062741
0.306220990400736	0.232727229047573
-0.425670288973301	0.326431022830408
-0.767627978905889	0.333493259572062
-0.327838960082784	0.260629566848698
0.618309712141016	0.579817673730574
-0.128607051574546	0.111786210475516
-0.166893455187432	0.165343900947274
-0.477179799715838	0.472080616361137
1.04707014877381	1.44733224430252
1.5531653418784	2.72038907972617
0.201209108579264	0.175979287709335
-0.208215657409768	0.174705535108687
0.452908688388246	0.442112001462807
1.06223034727652	1.13011598386717
0.0375838217583063	0.0272576665662949
-0.0536211275048776	0.0442181390674052
0.531870991918514	0.635238503444079
-0.72684529760618	0.884776269009518
-1.06237323877104	1.51436919264805
-0.775325937496498	0.337373229164995
-0.617055950695462	0.150241664375452
-0.339366328033743	0.0972003539018668
0.155282002123357	0.02934225636165
0.159251072645633	0.0298673857617753
0.679297187320958	0.21511425797511
0.159251072645633	0.0298673857617753
-0.774283766113784	0.336735267890771
-0.974474578090165	0.481005235915103
1.96141436018454	0.438711417164155
0.177247192199527	0.0444492499698682
-1.12881513859764	0.339906487322227
-0.21750140385887	0.0700056929839968
0.174503749901052	0.0438676710334476
0.447996914446478	0.17968538770428
0.673656731319726	0.21327169490293
-0.0450158155621674	0.0197330346533437
0.40618786930893	0.320961060241125
0.411146352223112	0.341309813966561
0.301066793719201	0.228239421855765
-0.5948468792525	0.619909910194494
-0.290503300952253	0.234574987969454
-0.417918461234276	0.357888719899296
-1.00671899644954	1.37747708318677
-0.334108892965535	0.292272411628063
0.0939263126351531	0.459647698130093
0.0435314294856007	0.150151182885249
0.00526186755725943	0.0128859786527741
-0.129053832470366	0.369472284520858
-0.0161017833251917	0.0326030198341659
-0.0461040587276532	0.0811802213342381
-0.343230775889929	0.997655051680794
-0.0652659418896651	0.0996072035089388
-0.528449137791325	1.64754445226662
-0.337461415038053	0.75814738003883
-0.299250176942624	0.643968862326151
-0.0600203430177274	0.0850842388825154
-0.0821827582638483	0.116743552565277
-0.273073306358348	0.483005293565637
-0.35532892899612	0.601846748549975
-0.488101333269223	0.877183246834534
0.234727118367868	0.379984742701438
-0.716451512196003	1.49219483606389
-0.342389932851276	0.545960227570142
-0.535675396215133	0.98120403500671
-0.00560999982044928	0.00570644900684468
0.15354274608617	0.169199619487627
-0.127719525426379	0.139108680500063
-0.0829720276147089	0.0928995379436163
-0.399911988244983	0.586079971355282
0.273349945596879	0.411411563740329
0.384915712346859	0.423697668458656
-0.19771914535112	0.222301336722601
-0.589628720109318	0.944803594502628
0.129748548173293	0.144317787050293
-0.227947038583707	0.265690786816676
-0.610147437720762	0.919909350385938
-0.0436952013756354	0.0398885667257353
0.105809143363788	0.118334028355848
-0.773159191847666	1.15452065898141
-0.235622709836236	0.117761714544928
1.27001202731922	0.889073298639568
-1.93620102380939	2.86234274360257
0.632196819946837	0.924504473308421
-0.86647691621335	1.29269477816112
0.154717228767855	0.146817417238443
-0.667524758643566	0.93814764690103
-0.514402033839528	0.668721035600488
-0.165702140415495	0.141837637982873
-0.148016458501516	0.127885587017326
0.531577056993081	0.634698137172439
-0.695027472036361	0.659593523846144
-0.265084582806599	0.165620314648577
-0.77875517982035	0.842560391329557
0.90253964723024	0.48685733274739
1.09290135268039	0.674064720285064
-0.00354498631895822	0.0022515784500856
-0.255382013445385	0.208640199895062
0.20365410210602	0.182965398683498
0.786715923315616	0.937382746147075
-0.124477234885496	0.0992799833432341
-0.154789799625719	0.134327924694799
-0.143600890290899	0.133119387306279
-0.374385301608194	0.352498454801307
0.349177222919591	0.342153652965034
-0.315965262034162	0.321740058598323
0.0605560138270912	0.0533734938779406
0.789662372653905	1.22124821314294
0.608318752383314	0.846111874954675
0.701140299770504	0.811701072763934
-0.574115188043913	0.641308562285443
0.131670184700521	0.110155020235834
-0.104207430768552	0.0839332886491805
-0.131636993042987	0.103061578933145
-0.131014099777233	0.0916147849875785
0.188938671712837	0.163911516752639
-0.207527298028323	0.190043111227228
-0.0481113859313313	0.0395769602145622
0.201492770743055	0.205197370338759
-0.0616460872585853	0.0451014110087216
0.206687476530268	0.186079409879802
0.204137621407345	0.169440339763255
-0.39395227466852	0.419370759521603
0.762577233877932	1.08484522852466
-0.176165641355515	0.164325108282368
-0.161981089081491	0.138302915103991
-0.435080646619501	0.46405551842704
0.175496922320134	0.0440701137079318
0.171653101789031	0.0431973221484952
-0.620473624670499	0.150917804175241
0.155282002123357	0.02934225636165
-0.620903335937371	0.151058535991718
0.174503749901052	0.0438676710334476
0.676200627845659	0.214099921395796
0.154259314455831	0.0291924198815566
-0.220606538471739	0.071036835690658
-0.392607099730254	0.163535650618449
0.950720958067184	0.252420162622268
-0.153840052443624	0.054973964293362
-1.5094475769206	0.535248673690833
0.674143348272808	0.213431626689393
-0.217250602812229	0.0699944779749174
-0.616620021012413	0.150099962492625
0.15823182603157	0.0297179405544109
-0.34307485466429	0.0982470421897248
0.691933817668349	0.3238787341333
0.663329916234757	0.473654455967382
1.15818916068464	1.54592490794816
-0.559936513436059	0.620070316502826
-0.150334163957799	0.102586290806491
-0.116234101336781	0.0807202406704765
-0.723534163130723	0.8368650222638
-0.284963189331758	0.256105699968452
-0.5061309189476	0.596291187139119
0.052138101127024	0.219946878512063
0.0113438980925186	0.0358148849045966
-0.310671438285593	1.47486576672451
-0.152066946525551	0.451113476788216
-0.0371291576672023	0.0738031203821751
0.118974011808749	0.259249184918231
0.163475453383474	0.313299608574839
-0.136065641306524	0.277877948983551
-0.100799366881057	0.170106631258228
0.118241003970906	0.209546519956814
0.0208996727806359	0.0288817321487068
-0.260494210181423	0.498384564897348
0.257637265998455	0.535115149982309
-0.101982063820224	0.138206235984524
-0.132066886831829	0.181732016635119
-0.5513098654041	1.12233905303598
-0.206929021254469	0.325817115219697
-0.102356114771686	0.122648163709449
-0.106874039244851	0.128661610842334
0.0762232725330481	0.0888496524116422
0.400744552924232	0.59328477007548
0.0243965912074324	0.0245856840803294
-0.338785967519235	0.538492496405572
0.131991544666404	0.147102188528335
0.152428866594343	0.193901655507886
-0.340241155110243	0.448425976842336
-0.119268574720904	0.120861936828647
0.124137986684927	0.129725155041214
-0.0590163648036759	0.06114507895605
-0.0970201107794559	0.106486785548377
0.451328324024765	0.647986815785678
-0.0669295471123881	0.0605245112455471
0.681937353864741	1.10112732465759
0.75977828070897	1.03494415490108
0.299854502927759	0.227231107413987
-0.143853906865524	0.0514402627084585
0.27023398589924	0.232591846391489
-0.143963819350787	0.121321447662488
0.439293436193557	0.533957027929563
0.784194889159137	1.20865785086581
0.313414718728281	0.365678767920118
-0.387920464580093	0.505805570844103
0.364340443715507	0.431012518723839
-0.242704404176272	0.236367271964503
-0.721990217303835	0.876509151111758
0.27682438227082	0.253453878698425
-0.346796053816404	0.330078578677866
0.0954159319199801	0.0676680395938256
-0.425670288973301	0.326431022830408
0.444349971118828	0.178174549713989
-0.153970662289303	0.105219323468395
0.137570042745888	0.12631768919354
0.19430415971998	0.150607551152724
-0.592650305146805	0.481200937574396
0.0734662542688105	0.0478417410545427
-0.140074990982842	0.120290481469245
-1.10220752817999	1.51599415399068
0.340305003632752	0.331357222591727
0.258370668783815	0.263133731601104
0.458623817089421	0.463490147471917
0.445370310465159	0.59690890773173
0.832200167824911	1.41948635364531
-0.835439866751824	1.16133466798944
0.0708295018360567	0.0594782258413246
0.373774891085357	0.42712483002337
-0.7796376998867	0.944103392299276
-0.150728400664726	0.116358262197599
-0.663462428253299	0.767438528835061
0.1388033416822	0.122283012340175
-0.573526672408333	0.640297159308157
0.971966118079966	1.46392096758268
-0.106688953986736	0.0842152818431071
0.370339247205406	0.457676847034948
0.909058517548805	1.4080368568153
-0.377786064609267	0.40722949618476
-0.381364595208358	0.503442209789086
-0.549994947786049	0.674665182892043
-0.263068050022151	0.254378297403068
-0.211952252324281	0.220312765121582
-0.421705002647203	0.474660862591908
-0.246462800278743	0.226677751463868
-0.781683535698072	0.947604515343305
-0.142511503078923	0.122661024872725
-0.728373139310151	0.968056310216677
-3.45601360105774	1.22364277502153
-0.720182828019212	0.246166050990353
0.163161259039589	0.0412993244326861
-1.81766723004699	0.737367259253776
-1.7975657981284	0.379599665892429
0.152905507940101	0.0517666814526333
0.697117779795317	0.326513192615626
2.75704467106166	0.766025498669684
-1.13182284417153	0.340904867919198
0.158989511121608	0.0298299152293259
0.153830475350601	0.0520893555087474
0.167164301060576	0.0496616909525181
-1.13182284417153	0.340904867919198
0.149734842703587	0.0507352562067422
-1.0948912790551	1.29382190780149
0.0737814214835678	0.0479989932530835
0.372829581310333	0.339108753373541
-0.367314787127606	0.368816841575667
-0.0631442185932866	0.0462536256713058
-0.269902090187734	0.194225152606355
-0.565081571449446	0.409997920764746
0.00200431591797592	0.00711041445610548
-0.0726246103376716	0.274274232972857
0.0885080732990505	0.269465960311533
0.0732499290234523	0.179395232957349
-0.128235990909541	0.319114323942925
0.0541661576936342	0.100911713306066
-0.00113477874419872	0.00202827078026521
-0.137144097553511	0.279974263813625
-0.396433087037257	1.07700165478
0.115226329985375	0.201097688002692
0.0319756859276227	0.0473477093474507
-0.166688625522551	0.293358788419574
-0.18495482755025	0.302053798216933
-0.390849514828956	0.770674710168833
-0.313251005502122	0.600805108943183
0.0851804125160551	0.122095607589491
-0.135389828760095	0.183638905897361
-0.221332071018391	0.347831856544107
0.0219146215401133	0.0251807475456651
0.317413363480734	0.472714890865618
-0.0931789950545784	0.101890326318729
-0.303322018160287	0.456867017299296
-0.308443810165587	0.458506295332786
-0.507799976386369	0.934318614232782
-0.414453438420112	0.516970634259907
0.8505522539988	1.43209022344334
-0.0486176481027978	0.0541840466276622
-0.807144655386154	1.46150661174198
-0.186893807368711	0.229563942428421
-0.316225505156756	0.446066949402178
-0.223705664690344	0.273501441726536
-0.30750141476899	0.406236231064606
-1.29805847323868	2.19573076309683
-1.04820810383519	1.09304942371203
0.15357905718361	0.0520023014569825
0.766879757551787	0.8523941952943
0.254646305945537	0.31897330826403
-0.0476227951596646	0.0436321790890879
-0.24152579783265	0.284889362588382
-0.438543745979774	0.517204977519604
-0.963343890890173	1.74982042562817
0.614930988461905	0.765334958071984
-0.506705843914195	0.655412400154085
0.271336152842238	0.260524387125212
0.829742835585067	1.06880058806571
-0.536205109706539	0.339109695370738
-0.272401151743443	0.242767737076806
-0.779911404108534	0.596508793854785
2.0414554364878	1.94520237630612
0.095724789993975	0.06543301618922
0.34035248152463	0.340340952629434
-0.338973085356992	0.271386580114069
0.378212305460134	0.33330473140719
-0.340045036913272	0.322092770023684
0.0951858098051346	0.0895808066188804
0.762475430974589	0.845497262093188
-0.327986312859601	0.356540941359862
-0.0975990532837266	0.0860613903433141
-0.220699930309864	0.215803039135813
0.413365644641965	0.453219741741037
-0.0840779466002386	0.0804860586984838
1.11633204092524	2.27818049629679
0.95806317477962	1.54531212600569
-0.831193508808624	1.20244510767671
-0.318768627411494	0.305160059919016
-0.0202451730886935	0.0173071100198835
-0.501564283956111	0.528050106105225
0.0598240103149814	0.0546802924415738
1.23015846900631	2.26113584909978
-0.0111455953701902	0.00852069210024451
-0.628393831318282	0.735538286010504
0.205382362972301	0.210058946055911
0.196989589733736	0.200013112183866
0.201272961452279	0.189074928565488
-0.11948771912767	0.103193847770804
-0.100202455049378	0.0804729584916444
0.0104377230611061	0.00910536479570958
-0.303110842778721	0.287504192937554
0.160181680996089	0.0476913583633166
-3.4565767152091	1.22430361707387
-1.12825544522804	0.339732258677114
-1.7975657981284	0.379599665892429
0.174933567082256	0.0439573605408891
-0.333247970373579	0.0954969729659714
1.0433448222306	0.394400438672122
-3.75658350496235	1.47972368837861
-1.81615794981155	0.736304298450839
-0.620473624670499	0.150917804175241
-1.02220030668553	0.403399409057447
1.77773226968946	1.39518749533833
0.17294827606403	0.0435260072159332
0.154259314455831	0.0291924198815566
0.17351044503084	0.0436385160120603
-0.717191145070403	0.244966202456728
-1.12725353624624	0.339405023147411
-0.222282150898245	0.0715311175279888
0.17351044503084	0.0436385160120603
0.52764029394331	0.188938300410242
0.1514350610026	0.0512711296961562
1.06959690360614	0.51728156081188
0.927283771298301	0.809717080632534
-0.666506308104302	0.735254374944485
-0.374719537005903	0.324905802791113
0.0883089423031553	0.0624316304786935
-0.345382711151995	0.350722187597187
0.729201247429644	0.742817093516353
-0.272753016767465	0.196537200948398
-0.301105329243456	0.265900688039147
0.00458289233896691	0.0161880433600587
-0.0626300512565686	0.231371969612543
-0.0635314431853189	0.176174091722237
-0.0709852793471671	0.174810271988428
-0.160446207090962	0.407968303860962
0.220347283415327	0.590092756192381
-0.481245873233085	1.51953416758954
-0.215226851271639	0.452575279476315
-0.307273899550251	0.733602205286414
-0.0322539414499248	0.0478917680018041
-0.310576915525859	0.673153705801217
-0.00798373790471424	0.0100606575620177
-0.127044529169334	0.195418403829627
-0.0114719605660694	0.0152804645225797
0.0393204599315544	0.0509910573198752
0.122428073087877	0.157867166438035
-0.930712813335267	2.44542840081413
0.326879511577115	0.529906401328165
0.236662434603961	0.320592701205564
-0.425990376447766	0.705686684579234
-0.711209287617962	1.69292024986961
-0.0200791549135015	0.021189545054618
-0.410634187488007	0.733181205662412
-0.155199069466804	0.166386388424538
-0.418816557444121	0.56470784031431
-0.673578215961964	1.24954679200738
-0.330729036938975	0.414818755767248
0.163119646525114	0.191753611228243
0.557937806034447	0.943885518202345
0.174437355440804	0.195980215430251
0.12563833231533	0.131496254936706
-0.399531607271768	0.549023168842951
-0.387075590447599	0.26639442071944
-0.131859130835407	0.0741547612681617
-0.466859875061541	0.394000019187235
-0.562155373273328	0.69541064361373
-0.144284386831287	0.144944350192098
-0.0880176905009466	0.0715412743127699
0.0561744850767093	0.0503090500641459
0.395134975240587	0.522416697014791
-0.435208282520266	0.464479482477176
-0.216716885422499	0.226196699549127
-0.0296634235890646	0.0222828824381471
0.0719540969668601	0.0591179041562108
0.182533186697202	0.119601843107268
0.472888933924379	0.534658342784233
-2.10677471301273	2.3381218930546
0.154356688151962	0.059132000415533
0.190575626012273	0.1522930900118
-0.312590446167896	0.27817452378245
-0.618033551519566	0.719029779296735
-0.628855167849854	0.799901791199127
-0.605899038255768	0.66778604412306
0.0745690771277604	0.0641103498978155
0.199987120396739	0.183487428616798
-0.0822545359108171	0.0786719655265283
0.530320806686209	0.649217076164555
0.210233823579412	0.194290414956796
-0.806165882444051	1.28564424387888
0.015858619234332	0.0138811431380584
-0.0967965370440015	0.07760936302756
-0.470413717245557	0.463342389901712
-0.0671181828985915	0.0598002851195067
-0.309716053048126	0.338746895954304
0.0313345189307557	0.0265628422549054
-0.127400170060975	0.101809998852396
-1.19205229871819	1.97463824665281
-0.0419485427167723	0.0349078890654805
-0.00282324175154982	0.00221426796240502
-1.50884424560785	0.535043767502043
-1.26945631186387	0.569581952717256
0.678327026073525	0.214743904761834
0.15823182603157	0.0297179405544109
-0.338530582329419	0.0969729638077002
0.16934280349587	0.0427080042196444
-1.81262047956212	0.734554727038592
-1.27728489514151	0.574335372221734
-3.45714001185249	1.22455064732533
-3.07793266340176	0.957013587093989
-0.396718666437249	0.165283623451939
-2.11122933825213	1.62005873344376
-0.333247970373579	0.0954969729659714
-0.334830546749113	0.0959542136262779
-0.620903335937371	0.151058535991718
-0.522777207619905	0.197556097300605
-0.140607226248752	0.0503348682136809
0.34290188905673	0.209771299557902
-0.670285314052906	0.528508765454216
0.129791722620037	0.108413843167159
0.190967483259833	0.137387926160718
-0.015722821928895	0.0119593126447209
-0.243862467013831	0.180358246192755
-0.0889623491694131	0.0520017789407944
0.0994241596753386	0.0680597642005277
-0.550588113854349	0.578598932273217
0.0745080485820438	0.349993137431955
-0.0505049824677493	0.179933031614099
-0.17931982742972	0.672396732453086
0.0116596810669559	0.0231655167428682
-0.162757862683836	0.449343355338971
-0.243019509132856	0.677904818556824
-0.302076225473492	0.873705718065922
-0.183847796520183	0.390450633249153
-0.562267114782531	1.94789144676024
-0.0469866514074343	0.0745812767802039
-0.719818369917494	2.26353948944811
-0.300253218362475	0.640467719583127
0.168249586413723	0.27055984641772
-0.189266042535379	0.30826067446129
-0.011576285761429	0.0154195792497201
-0.376105248589131	0.680086388302841
-0.176936643047324	0.280374232994804
-0.326545739654725	0.528046318760478
-0.478839814865446	0.853902378785703
-0.770340690822323	1.92231837981633
0.0776565184215012	0.0983862858720353
-0.172221117818268	0.236527852812872
-0.729529950629583	1.54289890408421
-0.558609308553187	0.844951315964906
-0.0777956249694364	0.092825131150758
0.14356199533205	0.17676315482619
0.0326707519772281	0.0356619792287006
-0.354842674083435	0.540405381049656
-0.213635108527595	0.286996139633003
-0.446105302661016	0.673931496683859
-0.430565359158805	0.504458525416262
0.480013506365061	0.443193054515513
-0.913647651339145	0.666407491704682
0.420077460878467	0.439337528267479
0.614951876093996	1.06017691611509
0.464241396471843	0.619405671821598
-0.199597521914048	0.208938999981475
-0.299625226094661	0.325073241458298
0.119678144247848	0.130068946204963
-0.481870849164397	0.537215499775207
0.781866667757144	1.12644179496575
0.735771612099637	1.15423276308926
0.197254657283679	0.136350771211726
0.0124840561081305	0.00876256952400281
-0.43611770015586	0.465520545813587
-0.687094256713528	0.600269921008589
0.351828037932811	0.197576206279404
0.629968784467405	0.687060819155701
0.274824413525165	0.264472910479044
0.408749881845377	0.536578749583943
0.429158237459037	0.529215452547138
-0.251293999141123	0.240865729252922
-0.509347931509488	0.659986144616022
0.214920664786503	0.212912942740751
-0.0240221904014992	0.0223956597143648
0.0987648189938099	0.108256896224016
0.897930916704596	1.22003784343481
-0.1754309800982	0.174978709591065
0.431995769977159	0.533665767344731
0.382972645380476	0.450343883310348
-0.0661755767073741	0.0530781071846803
-0.184062505059923	0.181628845517001
0.0940884917381737	0.0853239181411504
-0.738473881528503	0.988615123400655
0.256058971437131	0.265788103312212
-0.215982275483159	0.225284174846637
-0.0378340442233182	0.0314292098253612
-0.121319571139942	0.104933063420431
-0.511564742501932	0.565629643670754
-0.247322047582385	0.254865894697454
0.157971563808893	0.0296806747786729
-0.337318918589577	0.0966140796949229
-0.337924641037297	0.0968088152153293
0.15823182603157	0.0297179405544109
-3.08616775699942	0.960575893787374
-1.50512968650064	0.533411802331246
1.46265753359042	0.48460907431551
0.15823182603157	0.0297179405544109
-0.624183598429151	0.151840837481169
-0.605921912402532	0.290956520477867
-1.26919005446438	0.56947477022477
-0.762663850038628	0.330792072538344
-1.12781381973937	0.339579374120096
-0.714421718032391	0.243912186782782
0.877085923913147	0.652931213005512
0.962150544023798	0.656450958093987
-0.373374750701856	0.323433716384805
-0.47995072740633	0.475605296794021
-0.0726075421137084	0.0440481869814736
-0.839443067018656	1.06483321164065
-0.332987784886165	0.265692843727403
0.0932176247003348	0.066061419302312
-0.590476697002078	0.613693004297312
0.0766145169609073	0.348599029446114
-0.0271563437971355	0.0880640530834852
-0.146232204981836	0.458165491551405
-0.015752756508841	0.0338298418006037
0.01838375585436	0.0353402768082376
-0.199154941707455	0.505880743227136
0.000700784613020831	0.00118940068615342
0.093995624392265	0.165914076947359
0.132679209847349	0.242746400418013
-0.0632505145437865	0.090758663516796
0.0501008488688295	0.0717002101781052
-0.383908756609303	0.755949897744019
-0.1175533971089	0.168056878849008
0.184467794985123	0.298447176564605
0.16924430359152	0.274643296157581
-0.00952008762159175	0.011596199402386
-0.0645159546968688	0.0737236509193332
-0.27687015645925	0.378938509572114
0.0362063830308953	0.0413276403736819
-0.307820415766467	0.465728821624582
0.014163856109925	0.0160569324145771
-0.461081238900205	0.677237868285124
1.01029618260844	2.19463558901008
0.0117554759908232	0.0113988590207967
-0.399245016422014	0.725683135887021
-0.225675784649573	0.258154808986652
-0.284078259762298	0.359073793083039
-0.11160338696287	0.114918895195224
-0.77031513831634	1.69841274827604
-0.46504071182112	0.577985888873187
0.665482300501142	0.476709858497214
-1.88825440799666	2.29520632934804
0.0880606175498775	0.0600232889857562
0.442663170425094	0.527530501361409
-0.699158791513669	1.11646166713791
0.26696394436325	0.285253719792922
-0.55543732737914	0.774986093270654
-0.431900730793809	0.562280221086436
0.198538563633158	0.164232316666167
0.293750638108908	0.231178223824118
-0.535443002205196	0.626001985355237
0.462143680334248	0.532140207742013
-0.424413293372892	0.364897631012136
0.387082835333492	0.329995897733276
0.561081980584135	0.327827405350505
0.878244965550199	0.654872244742889
-0.00486942529591755	0.00375096331283227
0.211759711162869	0.204721037334129
-0.566188463294363	0.515695701583629
0.56983693054662	0.659944640472963
0.42772280240727	0.43712878469459
0.136375359897958	0.117177572132867
0.351523520939042	0.335402881314471
0.42495981872383	0.53268486362587
-0.0313687676708824	0.0259899620827144
-0.289744171809741	0.279095044341063
-0.0627643902387702	0.0606893214246784
0.216239048717618	0.255136803246805
-0.525818584140781	0.517548852632004
0.275926057588255	0.238407698249237
0.0405155050811823	0.0312024160143763
-0.9346641201676	1.06156193591988
-0.189568899456412	0.145543959020922
-0.781047145579884	0.66844184179051
0.0852273216985895	0.0722307861585502
0.231886031159403	0.271712978165239
0.80432669074116	1.30085767887261
-0.443120069396485	0.474929953036857
-0.0512086789171678	0.0380544741286662
0.0122679222510428	0.0109588152109554
-0.579974371208947	0.678369612780707
-2.57421277656498	0.657506382974291
-1.02612472596118	0.405418891515416
3.27129205644114	1.12317050813274
0.15823182603157	0.0297179405544109
1.83223894779093	0.716336716062103
0.818422599411602	0.343294101023506
0.15823182603157	0.0297179405544109
0.159251072645633	0.0298673857617753
-0.337559379634888	0.0966770330278957
-0.298069801399634	0.136782161978855
-0.619895187822925	0.150839789138775
-3.45228414088993	1.22181665198441
0.446786935248547	0.179292535994645
-0.0147214975105157	0.00698260226795614
-0.0747961912884133	0.0538372147649028
-0.772537889305351	0.72094828533694
-0.539723581748701	0.535400094808312
-0.716554899748195	0.736311090250767
0.294899918686362	0.212564193247434
0.0826558712961788	0.0539667209099043
-0.181579622486169	0.0971648294542798
-0.558545325459467	0.617945917430156
0.0733608511335562	0.337952372549648
0.0249211634370813	0.0794370609238711
-0.213015768654	0.857858114798776
-0.145612035952082	0.415705368792536
0.0122142411331346	0.024013200074689
-0.255921135562729	0.692144614338534
-0.353796711831078	1.03891825403767
-0.351950410505813	0.941603223710111
-0.0363237053124997	0.0565090943600037
-0.194726284252262	0.358098721091289
-0.201994184585716	0.377658233263746
-0.284593465770684	0.56695018256652
0.0637977381583415	0.0904461413495901
0.260729473390735	0.485120816837374
-0.362550444607875	0.673786053001663
-0.309965636448891	0.496112107520699
0.0758827168132908	0.0884458755122088
-0.279050450096695	0.501481361293647
0.147319549556026	0.21795777501842
-0.220562089045046	0.30732224442322
0.0840587042071373	0.0860912871753575
-0.291755410130417	0.351265233670479
-0.5476413803986	0.902772631121039
-0.428931432711282	0.736498953302845
0.0721667892718957	0.0800743982907742
-0.246304346696324	0.329388987213962
0.212571643920375	0.264542682266313
0.319452701607714	0.480176450065978
-0.618608589525151	0.890308736151806
0.458006689150003	0.332591026298029
1.00246117897008	0.823093070193665
-1.00278753117623	1.1981117811242
-0.482753330670023	0.713559194429005
-0.403502051056957	0.4991899498069
0.157234165989973	0.163474027831419
0.598573868470759	0.827035192135831
-0.105820971296933	0.108928694702439
-0.325368453140343	0.389289562091734
0.0254872945530696	0.0210837191623571
-0.402364335395125	0.521344101998233
0.0346868271961739	0.0251304825697438
0.287575650313373	0.242415570833468
0.110066091557408	0.0838631352412249
-0.00563106163607813	0.00374848447131519
-1.97639293040124	1.37424074364393
0.0437416329142108	0.0337112865438063
0.418034901610898	0.436554846127276
-0.29272838940648	0.236658050712756
-0.284716964836965	0.255883355119406
-0.935690727227722	1.06339360562356
0.197683069512179	0.197073932718765
-0.433190417072246	0.4616932769175
0.118159640781298	0.117182238670725
-0.0589196156972852	0.05371128785734
0.267953504578527	0.297588301674772
0.164400898942063	0.174792030595738
0.00843492177383122	0.00714275950789533
-0.436272850956572	0.513636090966747
0.813721997998231	1.16009488403176
-0.151365532874493	0.131047842690918
0.477519026561382	0.527179700123783
-0.320524443586185	0.307782076662251
-1.28808247316851	1.74599048676163
-0.298166966011736	0.136855825076629
-0.42674831538629	0.327197977344628
-0.285160431509743	0.273807809713877
-0.0286258705563958	0.0215070055926087
-0.0952431232411883	0.0907652069357222
0.155678743490684	0.147867409184214
0.272320841804035	0.248550022617821
0.137924151226143	0.124056868726156
-0.0206970974410639	0.0175116722025275
-1.21228463596055	1.92790479358152
-1.79763019308962	0.379603777700996
0.531600808944957	0.190452833446827
1.46455689811314	0.485225385720349
-0.724381910046542	0.247676943012395
1.82912964257087	0.714770179842855
1.46166504880046	0.484245680586438
-0.336346534706249	0.0963182114993482
-3.4565767152091	1.22430361707387
-1.50922180218546	0.535188573690381
-0.213786577394848	0.0688357070656427
-0.149915159045215	0.0535975402652961
-1.8236756211136	0.740434568026192
-0.727448344122682	0.248733405286411
-3.45714001185249	1.22455064732533
-1.48582494700747	0.74955405412154
-0.621333103088639	0.151104040920032
-1.50884424560785	0.535043767502043
-1.01797130384778	0.401574087179109
-0.517825107309169	0.195474359908123
0.175327850378417	0.101697016976798
0.102700693250861	0.0755910911014956
-0.464547564150383	0.491861688811934
0.465124329452737	0.441988214814163
-0.650145971697368	0.673004957969613
-0.213404396273544	0.137811543255968
-0.00120224614818799	0.000709667407861064
-0.17530516897938	0.137282449035083
0.152043846712543	0.834082467516992
-0.0470509505691653	0.157204053770211
-0.108924882405566	0.312585056561628
0.172929581892814	0.455406950926543
-0.0453878172097516	0.0827891764952799
-0.295644723457607	0.814586220820256
0.00471805471201894	0.00755451038839316
0.194478003680466	0.361534418258288
-0.227794276908251	0.414070399337759
-0.0233985412970796	0.0318257768808239
-0.155371372641444	0.233726795738233
-0.28148245779529	0.439885199774411
-0.0280320785219299	0.0331061402171104
-0.113632581673286	0.148088007300654
-0.275376768296945	0.388654743978355
-0.216401037862337	0.291561076476001
-0.654639537976659	1.52104315617559
-0.32672615091215	0.46540416914921
-0.375812174122565	0.575612631217961
-0.385246417045625	0.523164278218856
0.401519542786937	0.504681999876665
-0.215629567790012	0.252196325518321
-0.217686235455818	0.281137903569532
-0.459859647636699	0.616938141235794
-0.10502063056605	0.108006964168331
-0.629022618495517	1.0181112221044
-0.237409254376437	0.259165775467884
-0.370358231800237	0.442302795918837
0.590608247531037	0.475265911377518
-0.280316314477115	0.202901985543653
-0.505279101432589	0.464370882903991
0.852754281309303	1.35128292667809
0.0331958630717686	0.0240344526691648
-0.447370342158698	0.53117101450804
-0.0534470737698295	0.0440852197095912
0.210082741122757	0.223669532994538
-0.242975970882554	0.179674649485551
0.191150334130251	0.157405991962661
-0.0648636312121757	0.0475371535686433
0.11972393256331	0.0943562153482089
-0.783820517040409	0.850057635468627
-0.202813154404886	0.16959975157988
-0.94575823834623	0.580879141204042
-0.0221651430010102	0.0103295322042726
0.994505730007374	1.0931335385491
0.775025864299543	1.0334468604391
-0.550939762888242	0.497806045725512
0.273881880151018	0.250208445245414
-1.08260134295478	1.2717892775246
-0.0908709994499892	0.0797435195882701
0.194621897163358	0.165085252113552
-0.246711521209261	0.241004585331042
-0.471369820686588	0.440936342526126
-0.545707632633158	0.571812406936519
-0.537358031496062	0.755741431596839
-0.601335659328913	0.743109030503229
0.00676681728021454	0.00452453990253566
0.855594100210158	1.26797072921383
0.00478264225850244	0.00320510376577245
-0.120018829626627	0.0955079175870648
0.755077962605517	0.742329178146514
0.394582510836558	0.33822688714869
-0.777652696804244	0.594183931873842
-0.683351431406935	0.595367299649082
-0.788193473611755	0.801275524553694
0.274351986851476	0.24389301991612
-0.0435888749174416	0.0271930038433314
1.27167005171389	2.41285158832587
-0.496062930181271	0.520318647472923
0.552170257586378	0.564336037238397
-0.199848985088738	0.181940017594447
-0.501355636004863	0.527551210488684
-1.02537770986299	1.15173295283311
-0.224262282993819	0.203260937595761
0.171439356572218	0.0508022088393954
-1.80127875869	0.380587746892248
-1.79763019308962	0.379603777700996
-0.339009514545445	0.0971276143948088
0.157971563808893	0.0296806747786729
-0.620473624670499	0.150917804175241
0.158989511121608	0.0298299152293259
0.674264818482823	0.213402910671394
-0.215815148052618	0.0695090074287807
-3.07793266340176	0.957013587093989
0.400517678040131	0.181276257996493
0.669117736352227	0.211726956826849
-2.57421277656498	0.657506382974291
-0.717804035722151	0.245206559878684
0.831620070236954	0.349690062054934
-0.61946410648704	0.150698865008898
3.64508196443781	1.43367348655271
-0.71869462645605	0.245625159522256
-0.302849512019178	0.138866702695147
-0.664895941343955	0.464540888921698
-0.0939748424184908	0.0549971123280587
-0.296120680330422	0.2399276389777
-0.671543906180073	0.529653934668147
0.751073081857779	0.736799242464013
-0.182984809447021	0.121908657388987
0.969058120711335	0.961909661035188
-0.478606897683282	0.473955716597243
-0.770827076040579	0.718747824343681
0.0510253180792749	0.217337723133671
0.0412665151617869	0.140844797885329
0.0441934833725116	0.119415770669274
-0.112129851300822	0.303523221834729
0.0355142570969088	0.0728670699516308
-0.194501946016415	0.47591286077544
-0.105881684611051	0.198516654781558
0.0510738354537582	0.0847749991416006
0.0486907497725568	0.0789838908898402
0.268553727259354	0.612063047395364
-0.263662836902168	0.582529821778721
0.168630116735289	0.28964394836384
0.243279862814251	0.441175742054366
-0.136390503909602	0.202129501824674
-0.355003106484647	0.693385451718418
-0.226716560425753	0.371829405809873
-0.0412227523444961	0.0520804842708593
-0.356411006194385	0.614322408317489
-0.0835920157373198	0.0916097462216713
-0.257078393679621	0.354181289493183
-0.115404147677793	0.141678673187283
-0.4043441177041	0.776529296077484
-0.253959677966874	0.332963252238367
0.0244782044445555	0.0284552810659508
0.0130656943039229	0.0142969770290026
0.217091995869042	0.307189691077763
0.0936714051994936	0.09539096691908
-1.6676705050491	2.0791971480876
-0.680626950473447	0.539311158845922
-0.207544676188605	0.174090463609089
0.100489983980431	0.0949815993163499
0.031207388554186	0.0270088146361949
-0.0701719561559002	0.0726179538889854
0.085417222819108	0.0888669680419287
0.375214354109426	0.554658858650511
0.529203180825768	0.719198983080286
-0.0985420624570107	0.0941333495264626
0.368945503004216	0.446605823839858
-0.285062548444977	0.25620439366067
-0.629651695629633	0.605891695003316
0.430485451583398	0.440549423981435
0.191134843824395	0.147961876550998
0.343031942599294	0.19199929023926
-0.331897524077221	0.361760159193744
-0.0881952375278773	0.0785750131618764
-0.122464760857993	0.115617334134521
-0.610066934679579	0.674285943611293
-0.114605639502994	0.100550993710765
0.302717833946841	0.35018882428726
0.0160599357328319	0.013282881877031
0.30222075505851	0.362245281662572
-0.74121602557163	1.19055928016637
-0.722223994955474	0.957174279461981
0.0305460857641315	0.0296266182067318
0.0174559913153969	0.015920684207928
-0.0801944738101834	0.0649053313355165
-0.0817802284772628	0.0792729718372346
-0.272394140251199	0.280626836253821
-0.231914446820126	0.211325059450303
0.730039245455865	0.904428939998885
-0.0776419621155288	0.0559541212041173
0.158939250958038	0.0537404825361755
-0.334455110310569	0.266986600939467
-0.455685340037461	0.562443843525777
0.198584495928553	0.198131073665579
-0.255045399953073	0.264513204544294
0.123238752797982	0.097345871314751
0.769194929637548	0.942148472462549
-0.153078239633073	0.154845628693102
-0.278631105183475	0.288394588064582
-0.361850110461422	0.407843989987642
-0.208333875840047	0.201721262921456
-0.34585940364446	0.328978808904939
0.799191137849653	0.95949795534562
-0.243537882683382	0.180125360059634
-0.429618900227034	0.486459630747942
-0.290286255963377	0.23435891393991
-0.719307886400812	0.245829792820617
-0.396809026795074	0.165457833662611
-1.7975657981284	0.379599665892429
0.959865181244613	0.254814612498812
-0.717191145070403	0.244966202456728
0.15823182603157	0.0297179405544109
2.76197196120423	0.768541369225187
-0.620473624670499	0.150917804175241
-1.13338534815793	0.341498686250824
-0.619895187822925	0.150839789138775
3.6399901361893	1.43067029650081
-3.08160228540496	0.95864568534502
-2.57447078703937	0.657780381714024
-0.621333103088639	0.151104040920032
-0.718359983709028	0.245324841773925
-0.624183598429151	0.151840837481169
-1.12725353624624	0.339405023147411
0.159251072645633	0.0298673857617753
-0.310990044703386	0.143060787257842
1.26358625109129	1.07653273820681
-3.45228414088993	1.22181665198441
-1.27320878623511	0.571826806588651
-1.48582494700747	0.74955405412154
-3.03330298584381	2.44764998947235
-0.469502150262732	0.396855076394825
-0.137390116196744	0.107923605256858
0.13930789957349	0.122730617168426
0.0676191168354282	0.054064374434974
-0.0438146299749984	0.0273250947839383
-0.180473515005717	0.120076343380924
0.382393273265433	0.337980901212871
0.10156576083082	0.077034714468573
-0.233384901583936	0.19377987259039
0.152186138072472	0.894454492379455
-0.0395417059718334	0.13497092395786
0.021635443317482	0.0543230952945584
-0.373605321262756	1.5019466728921
0.0618220853022199	0.130646832685839
0.0522152880708432	0.0940072078280036
-0.240120722422351	0.574149241781641
-0.273878741099381	0.61350220629372
0.0618707554710702	0.10440165296529
-0.0995176890494514	0.166248052363907
-0.480844637105455	1.15986952333649
-0.666094042196059	1.8471877725632
-0.132228464671369	0.191713466369184
0.415534138890341	0.794052585883671
-0.17558143964603	0.276599613644612
-0.00818188226057915	0.00996385863413249
-0.39045724621891	0.739421147747047
-0.326266840726987	0.473861698344281
-0.274090700116867	0.361563937396736
0.106936180333248	0.132725660247529
-0.825107354072596	1.83046659683582
-1.06296791067114	2.48048936471286
-0.0537474135777164	0.0624955494502012
-0.527436722660506	0.870023586977851
-0.0527103951831179	0.0543121381019689
0.0625709295728178	0.0601791141560343
0.500059819574685	0.544934259300309
1.08679973983744	0.668840273546316
0.365503748612039	0.330871248441189
0.402086872015329	0.524992067163395
0.270663710165038	0.278179951668802
0.209995260483653	0.246389751480179
0.330294872860811	0.444406829635256
-0.0608757347290098	0.0601952163217778
-0.0112473558686061	0.00954727171459803
1.23373298408337	2.3725858419532
0.901897864725272	1.48912599110739
0.106841699443146	0.103257833971069
0.0205388619432266	0.0148962837354637
-0.237972427160401	0.198104070807093
-1.02489929368237	0.814618752385817
0.153016180557848	0.051821004050093
0.215563812782345	0.199977422303
0.520275348412416	0.632512097711556
-0.158791868472658	0.123172168608134
0.206653842130289	0.190529238459254
-0.42076668990259	0.473431576913438
0.216572450549598	0.214826074211494
-0.425149935156577	0.479746744008243
-0.623597046555247	1.00528871621488
0.732711945144867	1.0802005070688
-0.04385219143759	0.0365295338064957
0.105020191118026	0.0996253848874544
-0.129840941155785	0.123264849738005
0.0548014111206552	0.0435390559244195
-0.193847250335038	0.165250622527378
-0.386331110072793	0.217779255312235
-0.0712360453707236	0.0432105578666161
-0.211078801141399	0.158904545807488
-0.0691330616921245	0.0626279770629106
-0.511488209805007	0.541832397935871
-0.17841800003154	0.15049744487436
-0.118426115195097	0.102217797843251
0.414546669158921	0.443503900986152
0.589811665106941	0.742503958071464
-0.457688180248357	0.482110911461129
-0.384192988757678	0.390716949069875
-0.440666379307037	0.290879324575821
-0.195046680417244	0.166402888385005
-0.0255272616331791	0.0163529007410542
0.288662657456196	0.21732268638882
-0.426866699505358	0.452719772789031
-0.292096420689325	0.236057598351436
-1.82217140604409	0.73960948313389
-0.522472487971899	0.197429550059794
-2.57821111666453	0.659475059970799
0.17351044503084	0.0436385160120603
0.157971563808893	0.0296806747786729
-2.57847696185857	0.659529736545688
3.6399901361893	1.43067029650081
0.159251072645633	0.0298673857617753
0.174503749901052	0.0438676710334476
-0.61946410648704	0.150698865008898
-3.07707720857862	0.956361112132394
0.956021254579335	0.253830462538477
-1.7975657981284	0.379599665892429
0.955017933589342	0.253480850166851
-1.6707870209326	0.943561775937042
-1.13282069800183	0.341231258763963
-1.79763019308962	0.379603777700996
-3.07707720857862	0.956361112132394
-0.71869462645605	0.245625159522256
0.173940988172143	0.0437550114519682
-1.0315123105195	0.407955460099883
-1.12881513859764	0.339906487322227
-1.5094475769206	0.535248673690833
0.726104692005582	0.481672870934061
-0.0967381215282688	0.0566598870504836
0.291955120112102	0.238203773370111
-0.444802988297816	0.445092030975514
-0.0599003055221974	0.0438347920848043
-0.0303180313180241	0.0193863799353382
0.654717409672683	0.698017485967001
0.582191715887248	0.582948173525084
-1.16323130314631	1.44283613066325
-0.863761874755216	0.930011600029766
-0.322430602996129	0.329915661721091
-0.27615146739292	0.24678315381826
0.0627681781972222	0.279541687806072
-0.074928640831048	0.288588063831568
-0.0331929667939086	0.0872736226123607
-0.10858327622721	0.293220169283997
-0.299594159497593	0.952252466636739
-0.201579140218785	0.503920064664772
0.115343815081018	0.228696437549073
0.19462203080585	0.403339687450101
-0.141835463776349	0.271984011921594
0.0588550294583558	0.0913322340115598
-0.0156525038159697	0.0233189334378986
0.0392167561971899	0.0538777966809415
0.195534277017619	0.310150678511003
-0.0267225040488603	0.0371031891836569
-0.250260507004648	0.446016225783371
0.303524224979511	0.557364142230222
-0.325693067294111	0.469997515661686
-0.80147909729492	1.61392860953771
0.221567757213846	0.346071698807497
-0.871564426586185	2.31213139361494
-0.112486340539369	0.136247133190826
-0.0564151959525125	0.0562749334574754
-0.0605348816040354	0.0669659040056084
-0.333494027167474	0.48786632009444
0.088880926227408	0.100308318184251
-0.0383548344030611	0.0239438183845854
-1.21959210744	0.920944963430315
-0.331950231482665	0.341939999764801
0.509068874461577	0.834069925840966
-0.163870705493536	0.201596748397867
-0.397453480726243	0.522299746862429
-0.0101791290220639	0.00951015394622652
0.178871637658115	0.204763850294841
-0.974526925225209	1.6568795903949
0.622061808376736	0.992822183378556
0.0416087884203707	0.0354697310915677
-0.259606161846973	0.283578411231606
0.286544424498277	0.249219448843734
-0.241210601241275	0.234594873466418
-0.588475988699014	0.476711503215902
-1.12957036874777	1.25003677398617
-0.270228117276763	0.26276759667268
0.0393415469423454	0.034834652149265
0.209876631549397	0.193922797551051
-0.1815982609705	0.170043519866401
0.0135268050050638	0.0108851336287283
-0.273098055853793	0.334102145783536
-0.0611818457175458	0.0550889925539167
-0.225348560980846	0.251702089006424
0.0804069316709152	0.0693976270134583
0.0187065763654264	0.0173728035312179
-0.158202165146493	0.167543649992968
-0.610702925824783	0.706858593892337
-0.476746465073716	0.471245538171595
-0.542044679357009	0.636889476302671
-0.233774984899132	0.242996833739023
-0.0632851756317456	0.0516418006545681
-0.382059491582589	0.36151658900423
0.400879229766824	0.435736119903084
-0.314274718846112	0.279966965843143
-0.425097118185394	0.450539859625759
-0.437061327294668	0.434996239214595
-0.232812988902761	0.19321545554752
1.03955710839054	1.64633516122555
-0.143562717312947	0.123659771003601
0.0278522193989862	0.0194432819025514
0.0168201716844866	0.00850795195976154
-3.08247559880565	0.958940682858076
-0.149672167333605	0.0534889520443878
3.93198447308087	1.71970480916132
0.673526469252074	0.213227712607827
-0.61946410648704	0.150698865008898
-3.45601360105774	1.22364277502153
0.67760684279943	0.214448334436413
-1.12669343566207	0.339109154533815
3.26732978575294	1.1211772426211
1.95793128711136	0.437766051086387
0.154392805413983	0.0522705690038812
0.821349979166558	0.344569952772363
0.158989511121608	0.0298299152293259
1.95793128711136	0.437766051086387
0.172223255009213	0.0433240097489323
-1.13182284417153	0.340904867919198
-0.521658376564381	0.197103710433116
0.667992595753649	0.211274985737684
-0.338530582329419	0.0969729638077002
-3.45228414088993	1.22181665198441
-1.13182284417153	0.340904867919198
0.796722555830228	0.480060401024174
-0.724110175343364	0.247660897147714
0.678685727410979	0.214982042405379
-0.620903335937371	0.151058535991718
-0.142223285419907	0.0509011547645968
-0.379843109131221	0.260383203614299
-0.331571632894156	0.26418707708026
0.72240270769083	0.733513680684149
-0.317596198700785	0.30420359641215
-0.375135696579791	0.325399612320329
-0.52067245863204	0.51085866243299
-0.500195753678499	0.458385823068955
-1.53972717977706	1.47814832398737
0.0715569048328373	0.323126878231011
-0.120605854077097	0.520541098478913
0.0165080304716705	0.0410004422991603
-0.184124052822615	0.542120302632742
0.0618832557630801	0.132400923030288
0.0604185010314523	0.124425647818857
-0.10086284144666	0.204853719681449
-0.0993979224565606	0.188384333813906
0.072522230828841	0.128930340347832
-0.323201974754228	0.699236023144029
-0.266333004135099	0.513006918677074
-0.685647420920545	1.97577716563779
0.0962103917062787	0.141985013455014
0.293258361287559	0.531998215234974
-0.012395137201045	0.0152188235806662
-0.245008113050807	0.333515303575749
-0.194903150597815	0.262721250849356
0.38619674211075	0.697025078368703
-0.298036137796687	0.525399284368612
-0.360715690847095	0.596438263183448
0.113435191832062	0.142172828958511
-0.478830358984514	0.837095784262609
-0.327523617760833	0.498988389936462
0.258839739575666	0.315712754985925
-0.637775164938477	0.616710460343109
0.340476809544432	0.208015031834225
-0.907355973461599	1.14822962302205
0.559043582352896	0.875418322812994
-0.676783146124875	1.08655939270223
-0.455691339208819	0.62130852442543
-0.0825647257279653	0.0800953080621385
0.260603464762616	0.328216516838522
0.653040777260201	1.02321906151674
-0.0792887716980194	0.0653189347757648
-0.275277701248531	0.284139072756294
0.392766561642174	0.434978241591924
0.798148565777734	0.862986946217946
-0.185452210646703	0.157215777269707
-0.255751904216114	0.159162468567597
1.24390353108364	1.05169722693535
0.348289214292669	0.350065570896522
-0.265842438116373	0.305161067816344
1.07146210144471	1.58508923336776
-0.238263868544768	0.175686951679185
-0.0152444261042158	0.0115991615438524
0.166686172662042	0.168888342559776
-1.01508343977628	1.62965140457504
-0.213872226789526	0.196710092021888
-0.262092695313475	0.26779679322505
0.326089513886073	0.339028992138253
0.156344593698192	0.159768880876602
-0.112990857104096	0.107582291750193
-0.0780218781850575	0.0642364060150155
-1.28472252515966	1.73743946740673
-0.621199313601344	0.755515612605697
-0.41647988844635	0.520465068673333
-0.291945581790945	0.281692974725662
0.407354429732367	0.514363636834721
0.467285433277285	0.444534472135201
-0.0524532354771805	0.0432143133373857
0.398853245751669	0.342617927979645
0.538634464965638	0.646197294746624
-0.615709766091249	0.856182563949084
-0.246308126802442	0.182441200457007
-0.311322425306045	0.297060623696713
0.286985428638632	0.249639251307775
-1.03591533704857	1.36012870811613
-0.503256547471934	0.591809256233795
0.0428744345800939	0.0321321478401534
-0.239739944681889	0.176930887515052
-1.81139863683783	0.733838743939283
-0.0500508799083141	0.0218568447353884
-0.337318918589577	0.0966140796949229
-1.27702255318032	0.574015400729037
3.64101793434512	1.43134239135362
-1.7975657981284	0.379599665892429
0.15823182603157	0.0297179405544109
-1.51042707521765	0.53568486067596
-1.81705516328656	0.73681238944662
-1.13295352450292	0.341266245931736
-2.57421277656498	0.657506382974291
-0.216312796922935	0.0696114202500776
2.76095211479574	0.768066673537379
-1.12881513859764	0.339906487322227
0.44246969756749	0.177341431396767
0.17351044503084	0.0436385160120603
-0.146671241838456	0.0524820954965394
-0.153000666695724	0.0546788407461493
-0.146671241838456	0.0524820954965394
-0.620903335937371	0.151058535991718
-0.716259781908703	0.244657557065158
0.446786935248547	0.179292535994645
-2.07478952228785	0.942495644637827
0.696140528705959	0.32596537413612
0.527404119121822	0.188820766466342
-0.0516346057395038	0.0225211199850729
0.653557443798745	0.593386376458211
-0.0971358034692845	0.0779071492465107
-0.12155139127857	0.0968168762818192
-0.296894651183695	0.240573059101147
0.0524032883822216	0.222138085877993
-0.051221285355412	0.182392913448116
0.0170802353089175	0.0429871293107971
0.0492864284641959	0.111750938484089
0.0463750032015524	0.0942184201584839
0.0105732616947324	0.0201562659633353
-0.369350368780652	1.06778535084846
-0.0185117130068998	0.031163624383987
-0.587362459695226	2.09483442749198
-0.033163991405397	0.0495146983145569
-0.291835901877913	0.609870596540183
0.17191334854264	0.324781788996823
-0.0267524937847478	0.0396182977766527
-0.315558647404995	0.62209713409496
-0.240457068593698	0.357813447263116
0.337881715634689	0.547475997197496
0.0808500004152984	0.111172180595001
-0.259773096295914	0.411757783332918
-0.440086901472784	0.753214329603323
-0.11538232817503	0.145517358043823
0.130795528756688	0.177144969602492
-0.334774528005963	0.506879319802734
-0.246916073442976	0.31524468712361
-0.219834161560134	0.166281852773425
-1.24031074095827	1.15523787711827
0.619409779276106	0.826723742062896
-0.258213172488081	0.294445161115056
-0.0342181117540793	0.0338725550955144
0.207184025094887	0.280204999655588
0.716114558630674	1.22100006349663
0.0397982104271484	0.0427643891876909
-0.310880182026962	0.374073496394407
0.405403245730473	0.510844262840487
-0.125974669191837	0.121160889666202
0.561325843750342	0.789568150783603
-0.311314675311021	0.276825314369283
0.578371318185259	0.653382935396264
0.899548293963108	0.921155783771315
0.724018444335915	0.480554400698285
-0.609869733937982	0.787465998450152
-0.429627708669186	0.486140359323913
0.140513715275134	0.129301826226777
-0.102658879358684	0.096932975462121
-0.0657067795664533	0.05367417985579
-0.525023580870536	0.709745573558933
0.203407810804874	0.203602677168077
-0.253942202296526	0.275922500945645
0.0305744390347919	0.0264572066824582
-0.132772042078221	0.141455154427758
0.24312030942481	0.301347614964677
-0.280607786373765	0.326197516529095
-0.065783225669509	0.0645522454101668
-0.285513377294236	0.274214502293442
-0.855183015019762	1.03769719848767
-1.69179385044792	2.44579725947585
-0.685803992827439	0.914744474453444
-0.0877675155238546	0.0781760319975796
0.445002986215125	0.446224443448697
-0.114039692828395	0.100015350643594
-0.641213188041482	0.822210211150675
-0.242312071403436	0.270117519633442
0.717578695480669	1.07393321885777
0.876756195525042	1.31478200628853
-0.0939505267004049	0.0751998782867433
0.0032730444856819	0.00258092791811331
0.435559075077611	0.516058219160511
-0.883842830202418	1.22134383848656
-1.70286218032867	3.03780728171017
-0.281295551697644	0.20353756361867
0.144978282476477	0.0556249597906633
-1.81291187157146	0.734751884578751
0.448524252970948	0.179929065158735
-0.144946030904406	0.0518319984756812
0.177812920485068	0.0445891130396879
-1.79763019308962	0.379603777700996
-0.617055950695462	0.150241664375452
1.96141436018454	0.438711417164155
3.27025913837768	1.12233669524588
0.15823182603157	0.0297179405544109
0.154392805413983	0.0522705690038812
-1.51042707521765	0.53568486067596
0.163583337686415	0.0486596187400795
1.04488949167403	0.395085051250541
1.95793128711136	0.437766051086387
-0.21353484243456	0.0688377478794001
0.176818183184722	0.0443715906559113
-0.344042706429557	0.0984794926451442
-0.219176536187683	0.0705544582654805
-0.625630686390319	0.152156798395567
0.955450516302873	0.253599562429476
-0.625191995446008	0.152059991852936
-0.620903335937371	0.151058535991718
-0.338896474896558	0.0970421752101679
-0.342718944466085	0.0980961923569006
0.159251072645633	0.0298673857617753
0.675232747867266	0.213789953820415
0.674143348272808	0.213431626689393
-0.0522193659418924	0.0227692998913273
0.358931992814057	0.202137796519296
-0.0316845927681589	0.0238088503720343
-0.475104232721354	0.469214023759721
-0.0345961702314618	0.138443677526782
0.0227521660139135	0.0734548882554012
-0.0331189134031519	0.0860555522619233
-0.296138343085998	1.14028492952806
0.0328212015639056	0.0694847929224944
-0.349213222584947	1.22103825243321
-0.377370588964298	1.24462383607073
-0.103889794948509	0.193720331778943
-0.0618257981891379	0.10088340631884
-0.212838949890766	0.419148058038525
0.153001297994186	0.303529119959769
-0.304610105404013	0.714307252506722
-0.173898120168928	0.298054896780492
-0.353577546757163	0.647818724984429
0.092771754002944	0.116001525450342
-0.333091875970674	0.585873676161926
-0.524544126788404	1.23584728071771
-0.274035793615808	0.472619157219218
0.466615667989957	0.986131239974142
-0.30117160428492	0.464048042874975
0.221085606128089	0.34715221612528
-0.14400665653467	0.166976016008036
-0.15718790657567	0.136663296096134
-0.142066616160582	0.0965619251241567
0.342179790794747	0.368352401816896
0.366002504925504	0.548679857852944
-0.0647687817652538	0.0666660684661978
0.256300159074073	0.356735336609022
0.317986907255435	0.455279375526224
0.0867290745761372	0.090316057099288
0.0953836298104218	0.101512668745379
0.456782053761695	0.682051138150858
-0.243001731000249	0.26644954406433
-0.739085569814337	1.03029214484325
-0.415383772754529	0.355245028011077
0.842233897991751	1.36086880201442
-0.363807046386203	0.247569101333525
0.0100395980342428	0.00515249600175007
0.0953494138800815	0.0897200765215017
-0.41474238837899	0.542746440149313
0.568953419382303	0.742900355623489
-0.0676921282254681	0.0612520261212478
0.124030804875773	0.105715493625462
0.768651591904199	1.172111101033
-0.310251696225475	0.295617328678154
-0.161922395467826	0.183609588943733
0.0438497846304835	0.0396466240488959
0.0678917210212826	0.0624318404251329
0.254864358996322	0.299952270384162
-0.195777588614932	0.216465902872006
-0.313483530222901	0.318720659256934
0.0521588679309694	0.0490262886093191
-0.702005895441891	1.01903881182329
0.20444436289121	0.19677821363845
0.0170610952368005	0.0137304987199088
-0.23636802835912	0.216048981634875
0.0794034742311653	0.067037164300291
-0.112058565357344	0.10491852484672
0.302109811720844	0.238844700441925
-0.0397516551229625	0.0330568277820463
1.14886112204142	1.30571093593406
-0.87143736981838	0.873644750708113
-0.607823400273521	0.539389582118242
-0.986643208093492	0.489068358098897
-0.776943352012507	0.338025103002457
1.2650393708206	0.884018883159659
1.25833895565805	0.87762089255578
1.04158071586996	0.393480759170511
0.154392805413983	0.0522705690038812
-1.51396898226758	0.537314617740072
1.83223894779093	0.716336716062103
-0.620473624670499	0.150917804175241
-0.624183598429151	0.151840837481169
0.16190498991222	0.0302625824147867
0.174503749901052	0.0438676710334476
-0.334830546749113	0.0959542136262779
0.14892576642437	0.0504694466811999
0.152548864630542	0.0660930687615661
2.12398314448535	1.48373739846655
-0.7769881112407	0.422145356660703
1.06552204179651	0.514193876521475
1.04487260095226	0.394873910276673
0.164738242561747	0.0490009495728858
-0.517567096912483	0.195373080592303
0.15823182603157	0.0297179405544109
-3.07750490916701	0.956880231933195
-1.7975657981284	0.379599665892429
-3.07750490916701	0.956880231933195
-0.620903335937371	0.151058535991718
3.26630303248094	1.12023058934939
0.156755601931667	0.0530279383533015
-0.771691513742003	0.335443022402567
-0.0953687250368111	0.0378453771747979
-0.216409245079586	0.0696890647462961
-0.514683177128547	0.194119300396875
0.0309800500889993	0.0171038482600198
-1.56058755864884	2.07417816432242
0.207673338511834	0.182465601519606
-0.444036670901539	0.495285331803184
-0.983363476994027	1.24007474054452
-0.568857037439388	0.552333252571537
-0.0388536916835725	0.154486698162393
-0.171994754962507	0.845321438186383
-0.226524852984647	0.918136124973197
-0.0735522043361434	0.189984222991878
-0.361920467775382	1.3277421941157
-0.411463904143757	1.43068172720915
-0.383306652278313	1.15802662393935
0.264399143608389	0.627316236662989
-0.104990521976745	0.183374128076507
0.0981463982494772	0.170463841271129
-0.446655544405158	1.08328943396258
0.0389494203667739	0.0559136888936428
-0.324829471686308	0.652818957626785
0.297340237861694	0.461400403861238
-0.471634434860088	1.04861532837177
-0.593869139403248	1.53964942733322
-0.0194006874076466	0.0224753534827143
0.0745316585725468	0.105360914646059
-0.301120083937937	0.471810172334147
-0.30527606012831	0.452442431012871
-0.34282441615973	0.49577039385756
0.282919295351682	0.24540704387226
-0.779455497461843	0.843581139824862
0.358879488229949	0.333954661110731
-0.105063537605384	0.114842582149693
0.0150752302989346	0.0140020097886518
0.403879871021958	0.58103996872117
0.273592175353672	0.39732638188524
-0.289370141271228	0.432651571856988
0.36706371486689	0.426461963436918
0.388461992751408	0.510826135873009
-0.0219271194244945	0.0185658881617724
-0.190345830761027	0.18885958584418
-0.63876079480977	0.785472935278434
-0.244791995568503	0.251654892307834
0.189101152079474	0.130177209552643
0.437778990833035	0.334409304519001
0.335293542260321	0.334080207176839
0.517609207110423	0.697716381218498
0.646986130455004	0.857055807290853
-0.265360749034574	0.257110692878756
0.418883534538743	0.449337045965746
-0.0982844902950111	0.0867233075788555
-0.22400279037239	0.23089944311289
0.0439057911259085	0.0439960385487916
-0.24391106911822	0.306007867180683
-0.124738694233319	0.126982729481774
0.0703963645501705	0.059100520979627
0.998054661227607	1.40060679557375
-0.957849039716937	1.26182909708991
-0.0285412216638058	0.0214429658334971
0.105191009782472	0.0775299341169633
-0.6045679643376	0.806283680691804
-0.180109157146024	0.152112305203232
-0.342665561147897	0.347416392534872
-0.599182548597149	0.626032449980181
-1.02312783931858	0.403977027889059
-1.50922180218546	0.535188573690381
0.606746507844233	0.317991171344307
-0.0512879649295323	0.0223862342367708
2.12149136184524	0.947562188308172
0.669467631715225	0.211908752948447
0.154259314455831	0.0291924198815566
0.158989511121608	0.0298299152293259
-0.619895187822925	0.150839789138775
0.951724523631597	0.252769110062367
-1.12825544522804	0.339732258677114
-1.7975657981284	0.379599665892429
1.33268267273416	0.581267457492734
0.530519377174053	0.189974136950743
-1.12769593434811	0.339436368028373
0.157971563808893	0.0296806747786729
0.173940988172143	0.0437550114519682
-1.48943440410572	0.752209436067322
0.675232747867266	0.213789953820415
2.11692464856437	0.944608977413808
0.16934280349587	0.0427080042196444
0.17351044503084	0.0436385160120603
-1.7975657981284	0.379599665892429
-1.32480403930245	0.83176999189194
-1.81705516328656	0.73681238944662
0.16934280349587	0.0427080042196444
0.675591354383564	0.213968352567141
-0.220012614431353	0.0708340703939625
-0.625191995446008	0.152059991852936
-0.723225679429377	0.247243051260999
0.448246823419833	0.17979017346935
1.95879552552655	0.437985228139192
-1.50884424560785	0.535043767502043
-0.478829626655498	0.250698129625062
-0.313568040160057	0.187050259285876
-0.874107037874458	0.802767097365238
-0.664303903131392	0.731750764044794
0.122808220912486	0.64794055742376
-0.0775432339204631	0.299834781916338
-0.0878967273477763	0.26070959657457
-0.0257486322015021	0.0565231271920028
0.075805200644478	0.167474076358822
-0.191161584639471	0.438447496370208
-0.0833182224948051	0.15217795129658
-0.285390535113447	0.6679055504766
0.0190743528388953	0.0308618844949037
-0.0174109234145961	0.026121583085736
-0.336117275708051	0.766659465670311
0.347019915965449	0.637721372608683
0.168393406458727	0.227006461272346
-0.500340124024732	1.13023783187242
-0.130740759448084	0.205777480265279
-0.35713538655691	0.673486721403941
-0.199723040125631	0.291734866490115
-0.0576985770099482	0.0742765771148096
0.132520960151748	0.174034758063889
-0.355364786654269	0.486020584135343
-0.124086426877452	0.0990156777214371
1.78422129701265	1.83429632983715
-0.360633352692199	0.360745440901954
-0.371382724225751	0.5271167067095
-0.178383687314811	0.207288663146105
0.0258749890169973	0.0268033909189143
0.355031992497352	0.526595202682979
0.0869212272455014	0.104723951018675
0.108535166027492	0.1101923509099
0.0731542532149555	0.0742233001436388
-0.320219127990334	0.364056759806956
0.26623826204124	0.260857126889601
-0.71204345825357	0.858622199858454
-0.312227303344188	0.335307936658789
0.958927481085927	0.947356923960391
0.371736224441897	0.188572650576854
0.348292905416012	0.341109873234956
0.0181856129743367	0.0159443714284088
0.125512159931201	0.104589654353013
-0.613798176503802	0.711847858281293
0.823164220982223	1.1450906754087
0.7291694705008	1.0720381654152
0.424975498318118	0.522334494192495
0.0869161893415904	0.0879976143211197
0.107400242673045	0.103830797482499
-0.0425145636752649	0.0414274915664582
-0.366730610617575	0.478349800574862
-0.255317869385915	0.230824879173794
-0.388393302832101	0.460965390761483
-0.204435663713248	0.186869241697858
0.760041215719148	1.03483984491095
0.275313200430392	0.258534896838338
-0.0935447799616442	0.0661774398104199
0.274703732563806	0.25116595612995
-0.370403971637751	0.373185605792841
-0.00102101943236817	0.000613902389640426
-0.282606964215471	0.204722002021228
-0.247772928173405	0.183612435258307
-1.16353801085627	0.651564417439985
0.67498185747701	0.213690207850534
-0.337924641037297	0.0968088152153293
-0.639682316588009	0.378335659376859
-1.12881513859764	0.339906487322227
0.174503749901052	0.0438676710334476
0.15823182603157	0.0297179405544109
-0.342463785834028	0.0980578484034576
-1.51372965066287	0.537081101324459
1.46010735547628	0.483457516052687
0.158361881586878	0.0471344431935267
0.174933567082256	0.0439573605408891
-0.150478601161076	0.053750303379393
1.95793128711136	0.437766051086387
0.677716162542668	0.214611870267994
1.57404767215904	0.780807377405224
2.12263439025233	0.948179078254044
0.959865181244613	0.254814612498812
0.157007711765635	0.053125881526133
-1.12825544522804	0.339732258677114
-2.28948011493196	1.1556780036359
-3.08203891306948	0.959069086853276
-1.12781381973937	0.339579374120096
0.14638664074041	0.0496018799021612
-0.391794354863502	0.163187601027247
-0.723495739913315	0.247436366504984
-0.482611751952907	0.252795576270856
-0.0554658693122967	0.236084100044775
0.0344033038385854	0.117097822554354
0.119131049901009	0.393620533431044
-0.0406866720741741	0.0958165485082463
0.258851197243088	0.74588060018052
0.00667434933289661	0.0115207123086413
-0.404243519734014	1.1734053098401
0.126896389764395	0.272335198287706
-0.0235619170057837	0.0389522562486907
-0.299088767863978	0.698499943742454
-0.647267763688966	1.71466744379858
0.547289288865435	1.29599691498707
-0.170311333048764	0.295505202302968
-0.158550349288211	0.277668213729139
0.138196481479826	0.212812945219886
-0.544976803151739	1.17175944840266
-0.361450794543645	0.601117986631951
-0.22988962578672	0.361395466210281
0.533198268483028	0.91301911641628
0.396305276929308	0.340070774542697
-1.65112776237419	2.59136482535244
0.118377624362606	0.0957626728434139
0.111997811905253	0.124068132543094
-0.246741171615846	0.325829571431183
0.448503056308052	0.757168481087372
-0.317093245410611	0.432025525045221
0.52472066292408	0.947200303275036
0.474919792749288	0.537840439563547
-0.0647130965006843	0.0673921219761234
0.467106268023373	0.624670506462256
-0.639301274394553	0.819168318608977
0.377459951012105	0.332619821769575
0.712397529185122	0.901794326600893
-0.858909523185345	0.782632492283008
0.696100174382545	0.803205960442656
1.16426262326413	1.66182802094883
-0.096577743204769	0.086572153783521
-0.356055712231985	0.386668545038673
0.151169128121811	0.143097618073075
0.321260267143661	0.340584057499118
-0.637522203061381	1.12310427147476
0.203234040859958	0.178071200499619
-0.0288543224979818	0.0264223671244028
-0.740597489775125	1.15146159469968
0.0611856292005725	0.0487773070904308
0.273552857657865	0.275645928123871
0.966503166732981	1.56603502284213
-0.20412050657093	0.186469202611074
-0.015502775321449	0.0132162721808185
-0.708398598160182	0.725042415295472
-0.0778411988745592	0.0629192845067787
0.138896728346474	0.122356094651566
0.192257328511232	0.143830488452372
-0.0762689008234345	0.0684126168778417
0.636620038936941	0.60243345954675
-0.261164739878439	0.162981402604231
-0.538209355370878	0.34039357400902
-1.08985143222474	0.745547257681143
0.158426007238141	0.0472279903538101
0.951724523631597	0.252769110062367
-1.12881513859764	0.339906487322227
0.535902929212832	0.192030732305526
-1.79763019308962	0.379603777700996
-1.50922180218546	0.535188573690381
-0.21750140385887	0.0700056929839968
-1.02194301820446	0.403479228390162
2.75805496536761	0.766752929661107
2.76095211479574	0.768066673537379
1.0433448222306	0.394400438672122
-0.336346534706249	0.0963182114993482
1.46209127003869	0.484377128190959
0.172321312267404	0.0510455650622387
-1.81230096904141	0.73434889647897
0.16323818852145	0.0485873708307168
-1.27672702876098	0.573838635095425
-1.02338521131779	0.403987205196149
0.17738312662749	0.0444846964186047
-0.342718944466085	0.0980961923569006
0.445985854243847	0.178925932999787
-1.51433726696095	0.537497293520418
-0.335278829649113	0.0960600697551945
-0.394603992483738	0.16435119506951
0.162968126753743	0.0485024678975847
-0.0745819686852046	0.34514464509952
-0.0987215847126745	0.420119119892024
-0.114656317420295	0.379435457138745
0.00724972082964522	0.0158963217631551
-0.12348829884632	0.286245484991671
-0.112257205673746	0.244507632571061
0.0651835530159701	0.129743069846778
-0.00835236574707374	0.0141577067630014
0.0173509168016516	0.0293311008848789
-0.106057010559314	0.180402737872492
-0.223283858326614	0.39611379246623
-0.114401672938884	0.190002273795459
-0.384030608403378	0.924311854059605
-0.481430671639138	1.2263704489685
0.0400407047322889	0.0554413596161067
-0.209459904319714	0.365068650596264
0.306910983647054	0.568483914391853
0.522497009115294	0.914118163709417
-0.436049120805612	0.465440254708492
-1.40467749487092	1.88052929920647
-0.0686910170368859	0.0667117449728576
-0.0796918649360743	0.0950132362684224
0.400979328564301	0.661265098443797
0.0460186802485212	0.0525782050306183
0.564028618919998	1.06885668932955
-0.3579924238986	0.546862246042511
-0.178434583952192	0.204487937054262
-0.0936321193491984	0.103633988106271
-0.296454540340798	0.373228604842256
-0.0556170932649672	0.061835188313076
-0.482586805344676	0.516628552599358
-0.37073310856082	0.397449024563089
0.0532932402619908	0.041241664068674
0.172489919395563	0.0840642300357092
0.139274634219414	0.128064830493215
0.121318816425102	0.124580813768293
0.449213584072101	0.512647223885159
-0.312979728416042	0.317934996683761
-0.812048446262561	1.25441762215005
0.155866828275072	0.161802107874385
-0.367124379035146	0.415586539156638
-0.0599358442379443	0.0531223253136856
-0.00675695798750775	0.0063254800502907
0.430877196562368	0.603017776841386
-0.0125167015931602	0.0133894191031213
-0.238725881719772	0.260764564733695
-0.182911041558976	0.168029197093993
0.113898832884722	0.119699711779724
-0.159068399598139	0.17107330990473
-0.103105132913337	0.0829047745736053
-0.178143975600861	0.186190560666775
-0.43319841692579	0.508887933037548
0.199174566382455	0.178391741027331
-0.101532701251811	0.0957646988543375
-0.413060687691879	0.462046463208366
0.479528426818336	0.442397285323599
-0.676179628844605	1.05460697678399
-0.0968914727725229	0.0777007527615257
-0.498516310953666	0.708183601237411
-0.0108412237687849	0.00929243877654741
0.058852237182036	0.0456670906080539
-0.336411844500888	0.294760034824825
-0.0927443556500395	0.0368165109374917
-1.48891310157781	0.751756786472401
-4.4086067178612	2.2357878496296
-1.12769593434811	0.339436368028373
-1.02587348343702	0.405264690821028
0.17294827606403	0.0435260072159332
0.537090935006398	0.192356174347331
0.960305402281055	0.254935680101795
0.162171049505848	0.0303007576998756
1.45885602287952	0.910242967654727
0.162338925211519	0.0482955049730846
1.83223894779093	0.716336716062103
0.154392805413983	0.0522705690038812
0.15823182603157	0.0297179405544109
-0.227043052337122	0.113306028141222
4.37983314298142	2.27062261648921
0.674264818482823	0.213402910671394
0.167508913203689	0.0497372165616833
0.159251072645633	0.0298673857617753
-0.218086982244107	0.0702671839866222
-1.02528166510659	0.404871817618433
-0.766443517958815	0.332594018875036
0.0453854168594178	0.188256078796032
-0.047800924757644	0.171646156010387
-0.038368153656113	0.0999037282940932
-0.082900842320485	0.198165014724259
-0.0509388380957967	0.108500669855279
0.0434995973693811	0.0927420521482546
-0.385855271046735	1.36011319853712
-0.24816832627584	0.609995182416656
-0.304574537054111	0.646777109810191
-0.0481050195290819	0.0651152211844824
-0.23594946013245	0.51431047958341
-0.281266391914454	0.623275184896561
0.0123221316618279	0.0175051886534624
0.47259774698054	1.18691909783469
-0.0213865190296693	0.0275206167811879
0.177887769705339	0.272267586242169
-0.310923501044364	0.469280341513876
-0.378571402675472	0.259442465690487
-0.386589311760103	0.304807563762199
-0.183001085808514	0.168176802525163
0.0619620517531763	0.0664696489705286
-0.300550101776911	0.423463956225766
-0.0992080739106241	0.116397822480594
-0.181761470354289	0.247022392145665
-0.161325289373921	0.223306412776952
-0.272758863873512	0.359381865109396
-0.591862712987065	0.855000421163355
0.0641721017611913	0.0608799008428395
-0.477781090371307	0.599119340660918
-0.0519932496890867	0.0428516708876374
0.195312506556622	0.161228705912764
-0.228853054198488	0.189426265121841
-0.171978249150101	0.0917399292331742
0.263413763145622	0.307360377640902
0.222173941381454	0.234503411240162
0.868915573349903	1.29709095876526
-0.723402945634538	0.919664360562506
-0.230760151589395	0.254786681852469
-0.192506744526968	0.237760469574402
-0.253550133796768	0.292841492516848
0.253285748539452	0.326135365710863
-0.337028266668306	0.42518269239896
-0.206714894463341	0.213965836086718
-0.114526943376808	0.115546129181295
-0.492066863680478	0.676423230649793
-0.400675029459038	0.51836476556853
-0.7330227194587	0.977824024752618
-0.196344085753449	0.182192513792536
-0.260138526557121	0.213193921036196
-0.644603660201365	1.06303741774132
0.169606613079435	0.178174377821706
0.0334320683634114	0.0289578976685161
0.534071732246256	0.782156459793457
-0.0852526051422815	0.0691976395480209
-0.0693621336305064	0.0665468360981494
0.0129891461652827	0.0118418176378134
-0.0687688295152259	0.0667993284514502
-0.125240143178049	0.110693674185228
-0.0521540881575029	0.0429748902697762
0.329219664531294	0.342982409466662
-0.0675743830279143	0.0611160816294463
-0.0462003040874867	0.0379616318835552
0.383893004890552	0.451712289260858
-0.0261481013182035	0.0265098870665252
1.0584241124239	1.47287095484769
0.269825653653087	0.283047146921869
-0.285877533908831	0.274608532957841
0.214862221330912	0.20835415498887
0.286535469768132	0.249095938456394
0.370270096422864	0.336171118762881
-0.336938392588077	0.295258056063105
1.09292493711891	0.674025867392525
-1.28360592091245	0.577973343301217
-0.440881767568551	0.290939673422184
-0.986492729394138	0.488676074262837
0.15357905718361	0.0520023014569825
0.956455214607419	0.253949648163622
-0.719569672768412	0.245942451655049
1.46789226342383	0.486336319771629
0.955450516302873	0.253599562429476
0.151551849507361	0.0580445602818356
-0.519038139240771	0.196086617266171
-2.57821111666453	0.659475059970799
0.158989511121608	0.0298299152293259
0.15823182603157	0.0297179405544109
0.451765865281851	0.181387363507285
-0.98115247794995	0.485543284727628
-0.21725219958623	0.0699489287533772
0.15823182603157	0.0297179405544109
-3.46089363260511	1.22607174819433
0.166237072413587	0.0493846591201304
-1.7975657981284	0.379599665892429
-1.27494539089194	0.572920321326296
0.0685445086343238	0.309486467445768
-0.0149652330848704	0.0460881931942565
-0.0546299019414858	0.147637858405254
-0.0281409761907866	0.064605545676492
-0.296071744450408	1.08657001659429
-0.00589472203308543	0.0111427353121155
-0.0419061419600503	0.0856771679264441
0.250708178000367	0.556910998987166
-0.0396947945752262	0.0595915761112755
-0.328582797610912	0.781066945034016
-0.278414694957472	0.652157482121814
-0.222711174095793	0.441317681018623
-0.324268172337303	0.666397472436008
-0.457041656395039	1.06203751241138
0.0288021028152277	0.0354290801308826
-0.506573353847113	0.894051534157845
0.268367347817608	0.269428300630603
-0.470171954998994	0.462917751237432
0.341796129753813	0.442684595733159
-0.606592398060696	1.15657312948982
-0.193159977400656	0.255383001325328
-0.274463220976733	0.367137836309754
0.271391772293907	0.378602392034444
-0.0994467097047117	0.133261317134017
-0.100240494571295	0.102660984612695
0.0567116103618677	0.060513143223661
-0.642826630341561	0.970658480440489
0.170476905182786	0.187997573768473
-0.135002693095416	0.105933551000194
-0.00375349192832549	0.00321075296611763
0.621739490736	0.584170872077641
0.302735386155844	0.219191925929492
0.31562527934485	0.362093177129677
-0.327083716643076	0.373997906854988
0.198662898420842	0.198254569930744
-0.0623018105032249	0.0516732696200734
0.123070356293079	0.102365064142772
0.290724581866206	0.338944624313753
0.442472477905085	0.527128621265655
-0.328741670478201	0.435717254829554
-0.147442075726499	0.15697179411703
-0.0547678177920809	0.0532631837248167
-0.293659977532453	0.323571487686398
0.0295789734359196	0.0163641214260047
0.0101724006399336	0.00676643129488307
-0.27022756283409	0.292170217682595
1.23027641292213	2.35992146858822
0.129356707240297	0.133755791556424
0.106609024588388	0.106383348535418
-0.598961901195104	0.869547686820234
0.107683984908863	0.110888377085746
-0.534170602886122	0.748900252368551
-0.0260559979483122	0.0218323667744857
0.31354267632366	0.365959285647005
-0.391929351034796	0.466446893314469
0.0473885493585128	0.0429469396304208
-0.483703688993129	0.595551073165348
0.255378086634301	0.285874084234835
0.209640273255034	0.20664583925143
-0.766506506815553	1.01115294969454
-0.184769685536097	0.156574959125571
-0.113004913104558	0.0895177294208966
-0.165764033601102	0.14185444490083
0.0530832583425559	0.0421404390658636
0.343373420768368	0.344072125078891
-0.0227630980833014	0.0194674851815155
-0.650390301039974	0.673222602206293
1.46764108811099	2.08830337395193
-0.938239302894953	0.574026718228379
1.33520072787008	0.582923907307515
-0.588774163265369	0.477028547709121
-1.02815379565769	0.406346884447955
-0.217493795516912	0.0700823766807278
-3.07793266340176	0.957013587093989
-0.337318918589577	0.0966140796949229
-1.12769593434811	0.339436368028373
-0.61946410648704	0.150698865008898
2.76095211479574	0.768066673537379
0.154259314455831	0.0291924198815566
-1.02587348343702	0.405264690821028
0.000105061571710047	0.000367375325051977
-0.0889629622281689	0.354906411821452
-0.235044093398139	0.97537572410722
-0.21880845118121	0.816499870468025
-0.0699983736954358	0.162852416052876
-0.0318406065676654	0.0644672227850736
-0.156037687154207	0.325363896862765
-0.137449797324309	0.250215040829232
-0.121437289280151	0.214654529957179
-0.277054296622465	0.64988756609639
-0.314113570422991	0.713438758202933
-0.00869922453939639	0.0128829968717348
0.318744478142737	0.682294966624403
-0.0991361290910596	0.167767723467015
-0.124829934737735	0.157505257099611
0.202130039331402	0.172309078585661
0.263725859748538	0.25181952305144
-0.151926326025734	0.151221650698722
0.136549777019068	0.170802747683924
-0.0931248329981637	0.109685771877804
0.48859406297423	0.891181124028522
0.299887494206862	0.427667254468494
0.0584622687307437	0.0661947013715887
-0.553092994068561	0.832834575817462
0.298708623580248	0.453670644219618
-0.585288097980957	0.909635059606504
0.742097123432827	1.16847169746937
-0.177024494159231	0.149210446267684
-0.237914173423755	0.264206404260864
-0.380719872742996	0.359904947983693
0.550542521458733	0.460311184887472
0.0819095767917507	0.0692472274314948
-0.0746739973675452	0.0719613777559512
0.0736810185158039	0.071538031617861
-0.460316965826181	0.519331579642932
-0.162337765575076	0.149875036618519
0.256987531687868	0.303056706104488
0.593419950747638	0.817028578665224
-0.305764278204289	0.418354732506616
-0.337490839649473	0.388932907212621
-0.0961718340922351	0.0832542625444318
-0.250572072666489	0.258899327324444
-0.181892191943076	0.138929759515637
-0.23502017966263	0.117426981679562
0.00990233670904522	0.00771119578173306
-0.317303823959455	0.323136138226261
0.792070129690435	1.22660805734966
-0.235462876504514	0.245077196907531
0.666917261110078	0.870872592817747
-0.0741179627445521	0.0663968620624063
-0.281014924381159	0.340768871573545
0.155832480800227	0.156489893881973
0.0788511959778635	0.0706920608958841
-0.233394899993309	0.242497135248407
0.251351908638374	0.254583438713098
-0.0872126811244335	0.0837570030963864
0.259858286711529	0.28678610728403
0.147920796977933	0.134012123044022
-0.485681523785749	0.542868659827549
-0.169488699914072	0.157308221390899
-0.228701367739335	0.225039383776458
0.0847639682682332	0.0763442930844878
0.091176946106195	0.0645332437896207
0.118628419199921	0.0983767502985915
-0.0781164955176866	0.0563259273688787
-0.47985638995995	0.622016125978969
0.75989208356762	1.00334819299784
-1.23942152529503	1.75664446130735
-0.851923130561502	0.973670113112822
-0.779895818727622	0.423835031757142
-0.338896474896558	0.0970421752101679
0.958855818540361	0.254543321351908
-1.7975657981284	0.379599665892429
0.158426007238141	0.0472279903538101
-1.7975657981284	0.379599665892429
-3.07707720857862	0.956361112132394
-0.054719283182612	0.235981512775913
0.0180919745251326	0.0581848355841699
0.0472438680411898	0.12473281386561
0.226706656237357	0.747922339092871
0.0440776218213868	0.0891162752838648
0.109391942121967	0.251735788921519
-0.041101154905013	0.0700227309897875
-0.179506568117562	0.366066423770826
-0.192657368271116	0.418409768356314
-0.367603182067419	0.813223549312681
-0.337630159831095	0.707376185039558
-0.243496130387353	0.420069644849814
-0.0533872329936673	0.0698953981866947
-0.0542659605978929	0.0789824546285511
-0.390474348008104	0.69200900979584
-0.0281266957328929	0.0285435185804557
-0.598156384410038	1.4977951809743
0.207482197666937	0.336783271258369
0.170521036215087	0.225402495940724
-0.561283640022274	1.07877222812554
-0.23104115013894	0.325542518571633
0.633134205503664	1.31506539214263
0.246878290362224	0.329193358690647
0.202559201474496	0.246324599288049
0.618749033692744	1.13510603069486
-0.171457506168524	0.212530877005934
-0.315277638614943	0.413151528272882
-0.306292177132509	0.398042226500456
-0.50289219775519	0.789013920415267
-0.177060530751899	0.211035255357538
-1.04656384505939	2.26480555698766
0.143022765210733	0.165476945639068
-0.281675349244743	0.392559707063457
-0.122799317822097	0.13767293448355
-0.184788460047164	0.170066376327702
-0.261470900382674	0.333684056167025
-0.26653068868025	0.292783805903819
0.763153121546484	1.19001402019169
-0.167705822104689	0.176423181677098
0.000412356942058926	0.000314327019350003
-0.307192291553424	0.292203033139387
0.00635212085475259	0.00570660345616633
-0.44996730547138	0.58193346419607
-0.0407343614114675	0.0348328487049122
-0.127888295028808	0.111137697037481
0.345720201531516	0.347017610065061
0.129825411906611	0.111036063127382
0.473439109287192	0.535600397942865
0.209538210605145	0.198037530793356
-0.375361653982998	0.379546497484117
0.26290123778078	0.274314856060596
-0.215487559930617	0.209886943952244
-0.768826891157465	1.05909983199908
0.133559041541129	0.114556599570929
-0.0671973840257071	0.0558900103635832
0.419165481689543	0.425639728727278
-0.334804246293842	0.33746146510864
-0.497749018790205	0.522615857568231
-0.260146122232316	0.23593425014533
0.794564316852069	1.12053762693737
0.470344642157611	0.448300861441092
0.118254413616058	0.0931453149387651
-0.37966877149344	0.298231973310369
-0.102200242067548	0.07257818128756
0.283900980674038	0.238716051115538
0.193484505051011	0.172576493212344
0.024326611843039	0.0176142719150477
0.460508367107605	0.529838765311956
-1.68695727304687	2.43387465363892
-0.500152489085417	0.458450652694196
-1.07995234104302	0.736233095533085
-0.0726623436753482	0.0440683556714627
-0.319546691550905	0.225197377912908
-1.46782391900137	1.02416187174169
-1.03269742121009	0.408607765317193
-1.81230096904141	0.73434889647897
0.0450104790132877	0.179724431872834
-0.0992381247725151	0.379206840040603
0.0650674367951702	0.175359141671511
-0.164333065912386	0.464867880837144
-0.0227076993193237	0.0432881705317036
-0.409494184171102	1.28740853270006
-0.195742111441837	0.439054029205898
-0.195318973729108	0.440744357034366
-0.329939383872546	0.759388195514071
-0.053422022303398	0.0813036686154291
-0.318705666989505	0.612004576786642
-0.0318843558196596	0.0433364766781188
-0.136128660387771	0.181981400856824
-0.410341228341228	0.484842185873922
-0.979008424526258	1.23126180404741
0.300670948277631	0.378437822272528
0.0166601140347638	0.0185253249947232
0.361341888468456	0.599300854172192
0.360887878204531	0.576309787179412
0.163985051009734	0.22989981929099
0.0339502229844866	0.0378470937640653
-0.533951797668162	0.807795489462962
0.164802479500167	0.191485412675818
0.797930551093146	1.50835745538116
-0.00839736142953788	0.00788831258864254
-0.271801847665999	0.279900636497924
0.429875216596867	0.621867445830354
-1.45318394021114	2.20526189214044
0.287170439767031	0.241967128572488
-0.112601518896882	0.113438835113143
0.660946612142661	1.04135396188663
0.476410158660934	0.685405332419958
0.543484263981175	0.802000457311962
-0.416956994022849	0.495085959373605
-0.287871162989915	0.33076329341824
-0.603377451054705	0.905668928107063
0.026518893613729	0.0260111499460009
-0.127340384690199	0.135004402256793
-0.594989912067621	0.8351830314197
-0.539155942609268	0.632054396452605
-0.462391493480291	0.488778503852932
-0.376621974783694	0.405529020144159
-0.670370168342743	0.528606704695342
-0.0795429332426801	0.0759161048203541
-0.314101697362108	0.372196121575537
-1.05779865696421	1.676667844039
-0.190315978176924	0.18885373194065
-0.0637387413135541	0.0520228981396897
-0.115624650549561	0.101530993849076
-0.341513902312238	0.345880544206036
-0.208625564774251	0.156818417444105
0.718010869526654	0.912006147303224
0.167202114408866	0.172455571593805
-0.50979761672557	0.660602613083106
0.947047314730689	1.27329753899788
-0.512357850637884	0.628597216330418
0.00725296509379401	0.00565316939094129
-0.683000889205564	0.872940140404228
-0.339999555214561	0.384859094486284
-0.123475082543198	0.0984619014672193
-0.0256548460020002	0.0214964402223028
0.879011330494049	1.01228522299691
-0.222170382271555	0.217506885391207
0.527507443990165	0.549693111304053
0.00101177028684591	0.000730870177813452
-1.09501041618589	1.49955499963223
-0.156065994969493	0.120881064829366
0.366234416477603	0.331716216071031
0.105910293709371	0.0804934264547561
-0.335890402583019	0.268383829683666
-0.152013046004598	0.103841109652145
-0.107375712400977	0.04252920659757
-0.974960856104359	0.481265063090149
-0.22791667628394	0.11367905436001
-1.16475997280583	0.652055038681966
0.173940988172143	0.0437550114519682
0.175496922320134	0.0440701137079318
0.159251072645633	0.0298673857617753
-1.50573496603534	0.533703959061235
-1.51042707521765	0.53568486067596
-1.50824112923963	0.534752090600511
-1.12769593434811	0.339436368028373
-0.00858998875202692	0.0307795900736394
-0.0725525215040503	0.277143283550911
-0.150799668300079	0.540838238877658
0.122487976729659	0.312627834359508
0.147444906567635	0.340940319519201
0.0200273187941448	0.0384291055443335
-0.0527795545538409	0.103853078619693
-0.316071876477815	0.912820480245176
-0.339009048116302	0.947950037811562
-0.162332613905553	0.313886856702015
-0.0219708725441932	0.0333254676804817
-0.545927864971621	1.18053685186276
-0.340596216058291	0.365680736636541
-0.839103624501372	1.06446956320124
-0.139564417725849	0.141810958029663
0.0459550831029445	0.0595534135171172
0.206811369115405	0.3341107422246
0.0176617601815932	0.0209070113863996
0.214776082066529	0.345166085880761
0.355121173626898	0.651379997809665
0.0451184873216944	0.0520219561447785
-0.414503088109231	0.711350028713266
0.120222195641038	0.135995123985271
-0.570383684751349	0.828754675731838
-0.163515875876293	0.139696989595034
0.476416446658558	0.685331599250264
0.266215526062538	0.248392891022805
2.16851173487836	2.89895962398187
0.254493680726422	0.299655948521445
0.673801948789686	1.04846690955405
-0.455740827850512	0.592247586609043
0.587305470565635	0.667274948979012
-0.0350525202296569	0.0294736508091408
-0.205447120422432	0.253588369363356
0.083518669409065	0.0948546331638403
-0.313074601600959	0.45248290790096
-0.0877751342317581	0.0854731609421519
-0.388438147138022	0.483941915482813
-0.147512809826747	0.148535654572732
-0.885675071706451	0.733813153399574
-0.891588335127423	0.740327195999557
-0.54021827222751	0.699504982164665
-0.345222302023654	0.4571508288594
-0.38855590721675	0.484372157586982
-0.123512227969875	0.114661276133379
-0.588111224356639	0.747965619252593
-0.394341351044594	0.445599438542641
-0.36648427303706	0.477911750945927
-0.120659096236152	0.106303858607606
-0.401243599367752	0.529090666503352
0.0320969631023551	0.0309816596896448
0.142987113484396	0.139584399138433
-0.0421947543059771	0.0384808307480637
0.555501554195245	0.735741885507917
0.353507225324821	0.439116186993464
0.588497396547413	0.826046663450456
-0.00479740700218604	0.00363646714827335
0.468667251821832	0.528501981006942
-0.716489833216903	0.782200592596958
0.212335837295476	0.196505525219739
-0.483435106582615	0.480165889149771
0.216612015216966	0.210350447915607
-0.776057110730772	0.984720877278074
-0.451548137729424	0.453606712979519
-0.295245607952765	0.239141499956666
0.51572254049153	0.329201394639864
0.164738242561747	0.0490009495728858
0.804150790809781	0.485993662974176
-0.143086240440763	0.0511661270545377
-1.79763019308962	0.379603777700996
-2.57447078703937	0.657780381714024
-2.57447078703937	0.657780381714024
-3.08616775699942	0.960575893787374
-0.619895187822925	0.150839789138775
-1.51042707521765	0.53568486067596
0.0145209676208769	0.0530695974322244
-0.120969529138812	0.519270104210955
-0.047700657578163	0.118972372416444
-0.0420492456914584	0.0891085622739913
-0.136248182247344	0.351396040672907
-0.341919889257877	1.17875470924314
-0.0784550313780372	0.154768162915336
-0.122641813962824	0.264321470934939
-0.577878080144056	1.79256166724834
-0.125467641100314	0.224374502250086
-0.572091182120485	1.33043942984588
-0.428403601704096	0.484576568132608
0.184192186441125	0.114247790603406
0.398637047879856	0.519100472352701
0.312754450608986	0.567258407792574
0.435099741860943	0.88141076050644
0.0714461617867071	0.0978471178174506
0.520084943406002	1.25582263458922
0.3617162018837	0.647153627625752
0.362274853661065	0.651438720345914
0.212800725585487	0.306248241231878
0.135131752687823	0.168778625709647
0.143707680143847	0.168554234957877
0.212920076243307	0.250475394727593
0.162068982076865	0.157734029149248
-1.17487390543394	1.20162937868142
0.512728496071473	0.326601367121175
0.266666967997223	0.267370130671247
0.492659251637636	0.76431698634936
-0.456170623602656	0.513335303063087
0.56588186260489	0.653562251618936
0.378815785503061	0.443865058498485
-0.078605811056358	0.0847407424523856
-0.222613926733239	0.258206587459105
-0.0190814566949357	0.0179067172225669
-0.502643577297522	0.648165084431132
-0.32553654619523	0.371692629563779
-0.28852252782427	0.209771123356164
-0.202389852918443	0.212422427499791
-0.350013454502531	0.45782598331108
-0.474649752286372	0.612876264359303
0.510235353974633	0.698391021412273
0.0393973528480365	0.0335511345444675
0.366806515026278	0.417034566390693
-0.28855219447288	0.294303518115856
0.0907063756382832	0.0820441560928472
-0.117248964974496	0.103079441639185
-0.139572019557963	0.10981338376115
0.164512216996095	0.163412250005976
0.00554877634172208	0.00371457546420914
-0.216348348184868	0.199258378006993
-0.106856020076227	0.0932387972639833
-0.716458164439556	0.782271507244599
0.176721660669058	0.102560199295464
-0.719569672768412	0.245942451655049
0.670430931165646	0.212216518896251
-0.608355605466429	0.292167767708582
0.15823182603157	0.0297179405544109
-2.06918313852006	0.939212074196618
0.159251072645633	0.0298673857617753
-0.621333103088639	0.151104040920032
0.164468653517054	0.0489167663284228
-0.342107054910445	0.0979510037894855
-0.0528510800092514	0.222848934270844
-0.117696525452113	0.491489710999603
-0.216617312623108	0.783818818203879
-0.461458845518639	2.31963849319935
-0.017064790978739	0.0349136664844915
-0.153751471520353	0.357651393347836
-0.33983605021126	0.966859791780394
-0.247653323108447	0.603792253853635
-0.0700591784652353	0.12555436869076
-0.0457774373423368	0.0640472685396348
-0.420757201803629	0.542741848086607
-1.2123346912227	1.80399947814101
0.08486721837781	0.0857638401664029
0.166242907403111	0.24517660295965
0.765653804233732	2.34454953254323
-0.227202999010008	0.367899313652368
-0.178257052068222	0.290929526100152
-0.402459705804246	0.883561711606194
-0.207968234275167	0.303546205034901
0.342788418181155	0.584710047563185
0.0419493848642102	0.0491679957339399
0.0374220848914462	0.0396236847638654
-0.366524424187046	0.368178142724072
-0.37295042188374	0.550105069498193
0.290160900339872	0.236577774832689
0.190742009037188	0.118613464189658
-0.462241948645905	0.621240831274328
0.136690925103005	0.161241129147625
-0.326775731488175	0.490715404565584
-0.205863779277259	0.216605482645998
0.898199321645523	1.71966744285042
0.202285576485603	0.26903092670414
0.336281428470946	0.426251528421997
-0.366062875031469	0.619335149620473
-0.451103618860064	0.612680952631604
-0.585688267326049	0.716450002791074
-0.339728500671365	0.272036510218184
-0.343641591108379	0.479584256238609
0.517523253227173	0.791261147631676
-0.590253768735266	0.920510936331065
-0.265067711369349	0.276962207791447
-0.472969673939856	0.558274379037279
0.0800678598473317	0.0691036950639389
-0.288485099023217	0.316528647003628
-0.0139295712082054	0.0106131137695907
-0.212814938727558	0.221291072341047
0.429624457493637	0.529690293161104
0.782785522051546	1.04864024315317
0.691005417570769	0.890034666766447
-0.0874834408101587	0.071125799690851
0.446423238371682	0.545372524854713
-0.46442223450978	0.576708660188865
-0.304989521153433	0.270068831779764
-0.205778994333672	0.176691414716292
-0.106474621381511	0.0421682550135864
-1.7975657981284	0.379599665892429
0.163566516025269	0.0794187449636417
-0.782331917299454	0.426196800110543
-1.1665285323775	0.653939764443022
-0.393576023898057	0.163949887313459
-0.620903335937371	0.151058535991718
0.174933567082256	0.0439573605408891
-0.3395018260887	0.0972061822975938
-1.02194301820446	0.403479228390162
0.15823182603157	0.0297179405544109
-1.50824112923963	0.534752090600511
0.176253051776925	0.0442319878724308
-0.620473624670499	0.150917804175241
-0.0509634394981722	0.207535031004443
-0.0815587014923021	0.294671295279187
-0.278606736082308	1.04505755288288
-0.251198094929451	0.751144337405906
-0.0617866898746437	0.11026614558268
-0.242065183112849	0.547078093428495
0.213506384774419	0.420405182292944
-0.0660012729106491	0.111536774695779
0.318880788712432	0.834934294413059
-0.0836166519897158	0.116608852049508
-0.912828843045415	2.08593757027509
0.475720010191131	1.27591021851256
0.537805551761035	1.29508452443952
0.440523014423738	0.868540407368887
0.336669721645726	0.602378190515224
0.472904411684366	0.923941279807158
-0.115582538615687	0.16481339198925
-0.333192570599543	0.494028781737151
-0.1218813619597	0.153255067724026
0.399219756765727	0.657250178438407
0.00803176161882855	0.00832083690777079
-0.280994202587257	0.421602983459242
0.322883823294719	0.542327038447856
0.282291438120979	0.461176710974233
0.278930809822318	0.402233316562901
0.0275506958756682	0.0338282923328973
0.189060375641893	0.242105911404043
0.0712113339147562	0.0852021203792199
-0.0430671299147335	0.0553216471875409
-0.144472874386953	0.145191054010141
0.355387991911605	0.425730395636699
-0.331907476915533	0.399208264499407
0.0691658671933849	0.0689276145264195
-0.580919198236098	0.680533501570186
-0.327537056405752	0.427079865368724
-0.027797322888323	0.0279431561555029
0.335707548124146	0.454114175261858
-0.174968713634197	0.171449336501947
0.41849790653834	0.42495007039256
-0.181558247262314	0.190304720350233
-0.147195627471094	0.136881239443661
-0.724627989045681	0.838906148006338
0.0744412674823322	0.0612350330766214
-0.551722035245031	0.678019572757457
0.191234837410722	0.152869230691673
0.483850845912413	0.536569980283621
-0.241170288244795	0.201136769345025
0.271309841404994	0.247442996293368
0.0667756270760786	0.0546932184917438
0.0866234748483718	0.0590085378247955
-0.0032379204903328	0.00251557626965804
-0.122550578894864	0.097672637840454
-0.524606284045197	0.585103318429074
0.528371939520823	0.550813653409673
0.0317991358870262	0.0222161439715203
-1.24031074095827	1.15523787711827
-0.528184000864303	0.438898422109906
-0.675242394670168	0.533643493607636
1.96161885370972	1.22410848893371
-0.479696912532232	0.25111080852517
-1.50512968650064	0.533411802331246
-0.721067114947851	0.246487833064577
-3.46146192307772	1.22662947407805
-3.75658350496235	1.47972368837861
-0.519293636480079	0.196119529083062
0.0936942594332541	0.42959304506531
0.00997953381358744	0.0299014822413264
-0.102491670521938	0.287630084649028
-0.183834859188381	0.468452752236627
-0.251853227330701	0.617120368730294
-0.112742366375566	0.213762778374139
-0.12494814949814	0.233428829837685
0.325839214463391	0.872626784599359
-0.360224680806539	0.681581729583342
-0.634227382736725	1.21711201488055
0.323780421856224	0.600141875891227
0.582009795346281	1.3629626928716
0.27707591119464	0.504373728269194
0.384829922132679	0.788883363154354
-0.0553230585267822	0.0774346164090045
0.0945397845557799	0.137215860082355
0.208963422714316	0.312443300434832
0.0612949114592738	0.0726188544111485
-0.476628046196404	0.860045762627836
0.0840583081912804	0.100964512296847
0.223770437167167	0.310271077782831
-0.417881853257037	0.751526810512113
-0.265769478105233	0.352550984285546
-0.0906998014652889	0.0944826297924697
0.203750030954129	0.254887942894775
0.0564874438730582	0.0595383776331548
0.393611157547509	0.587907365744369
-0.108840999890107	0.122258179580783
0.170968812653541	0.176883305112278
0.216769915051223	0.259697412153885
0.161864500245453	0.179684637068543
0.0159773214242934	0.0157768224108122
0.100034139056217	0.0928610148041652
-0.157258132098483	0.133779760024837
0.470183727502164	0.604910831213489
-0.581524061277267	0.782611344681166
0.206145383257272	0.226287824309046
-0.693795469933772	0.930458309372426
-0.307651688162023	0.335943206156228
-0.274335343782698	0.24484235691752
0.0111411350883595	0.00867348091239766
-0.0185298088077138	0.0140863852540592
0.0320880854698034	0.0239808941870106
0.933443089617343	1.24640500214561
-0.115544827381002	0.0916974646212467
-0.0470253248349819	0.0293420922570386
0.0415001928484285	0.0310771689326739
-0.723368753383011	0.836620720650245
-0.0414087572061881	0.0339465202356891
0.0235903079648338	0.0170925480360219
0.75104880785467	0.631430179113524
-0.534599858419412	0.337529423114742
-1.03309372517158	0.824614296342822
-0.384907008349618	0.216862458340476
-3.07750490916701	0.956880231933195
0.151061641523147	0.0578640062767647
-2.57472877667238	0.65760345889815
-1.27784299590365	0.574711166317859
-0.517668923750522	0.195479102918633
-1.50573496603534	0.533703959061235
-0.517567096912483	0.195373080592303
-0.164817723398016	0.0877452502619495
-1.50824112923963	0.534752090600511
0.026374442249311	0.0980687070857022
0.10751596167746	0.443359570124913
-0.0573691311216032	0.148854016566805
-0.0869133889030834	0.216841390236034
-0.0828516254248118	0.184888864690492
-0.0804447315836339	0.167608861773179
-0.132525818079388	0.235712591481892
-0.465977336868364	0.704071859136028
-0.38109630098118	0.386428343228976
-0.136508343621423	0.162169045889894
0.0770507531227718	0.107910013324247
0.381534517799171	0.899859285301398
0.518769793132464	1.39070406181131
0.0374625429682525	0.0530502705366462
-0.307165339043938	0.649600491432074
0.0568450609547009	0.0703716082754147
0.571511904032247	1.28927816778224
-0.102071460693664	0.133602021590688
0.0894483398358352	0.106918717715833
-0.77257502890162	1.0233022348611
-0.188036714928307	0.209605887294165
0.747933748075821	0.732431323772091
-0.14430748477744	0.0981732543676065
-0.34855060772616	0.417209698872373
-0.115588413187352	0.122868941921219
-0.0706841509183879	0.0731760113129274
-0.522864120796171	0.646135087384171
-0.74184077065662	1.22862631344628
0.27195417390409	0.374612777673004
0.248021507839336	0.313233050196176
-0.0667645570453211	0.0764821773259515
-0.483093384630132	0.727439549681074
-0.781915186780867	0.792508867342903
-0.325203790785389	0.258152919635151
-0.0121259342356059	0.011417092481904
-0.167840742607736	0.179329136047929
-0.607527220334879	0.839973647425403
-0.684045241581596	0.911539976168959
-0.48978796587655	0.658121353170056
-0.214433287535085	0.212761391474469
-0.028738823523526	0.0263001833376258
0.91943127556968	1.43233639568035
0.201826305034606	0.19795006457842
0.344266533833764	0.353906687352079
0.132920637639578	0.111288450946046
-0.000530591173546972	0.000470820197675037
0.0751807033508172	0.0618642254766793
0.0317312345740606	0.026320205921574
0.00536681012686954	0.00396119682171928
-0.221465778529243	0.143496135429889
-1.45798491456518	2.21829691467259
-0.142210051572564	0.0509204624525839
-3.45172595803352	1.22146685013561
-0.297840053841304	0.136593573682291
-2.57421277656498	0.657506382974291
-1.12825544522804	0.339732258677114
-1.12769593434811	0.339436368028373
-0.342463785834028	0.0980578484034576
-2.57447078703937	0.657780381714024
0.530165701430798	0.189830529659283
0.162622561049093	0.0484009930995383
-0.147780320252787	0.0528373849570037
-0.212950112008515	0.0686100611095293
-0.337924641037297	0.0968088152153293
0.113640561048875	0.593601128429621
-0.102296525716089	0.414111318759014
-0.15856545775828	0.56415090090922
0.0470051888872996	0.10832029137389
-0.187686768699145	0.529556733447587
-0.164928202051305	0.348912430929528
-0.350590708134403	0.539184541320348
-1.17131674319442	2.12207376155772
0.444339330806117	0.726432444494135
0.174440168124765	0.335413403384507
0.081131011210277	0.133356506913178
0.538237994924395	1.65096251314383
-0.0109379000927104	0.0167871250898123
0.127989518389308	0.234954814659582
0.240448986552474	0.400709760241839
0.340919702235432	0.665596827216657
-0.424597784454044	0.904704322089271
-0.283705681572491	0.427030187039277
-0.616309294758301	0.961287967554644
-1.09050448711078	3.01252232959662
-0.334830244521303	0.337428875414277
0.382813061943525	0.338358694307119
-0.25104123667582	0.305776361427154
-0.100408118922702	0.129331915858941
0.754662217860438	1.53054373133217
0.16814361839639	0.182226937111065
0.0388203854167714	0.0349984426053632
0.119510202895596	0.148811536556825
-0.115011381084233	0.139642733306034
-0.195476517105606	0.253002995604184
0.0491706943500801	0.0563601777014124
-0.50800712990714	0.599257933562942
0.916141744504114	1.58290689400644
0.0963623285926194	0.101247412554717
0.0861982208996685	0.0897464415822079
-0.120184570418596	0.129968047596168
-0.144485997698017	0.136464916083814
-0.126593984246634	0.129094961528425
-0.0912960097999979	0.0927404325254493
0.857249667636341	1.36257468081838
-0.225234914421866	0.261732375670854
0.403391139593	0.517450530624197
-0.657887952647315	0.722220648537471
-0.0543798262186789	0.0487170139703571
-0.976400852791214	1.22690701063179
-0.502688330329055	0.647928459047716
-0.209233951603838	0.175715168273755
-0.36417806762888	0.419705286036318
-0.20168569299991	0.198190031672875
-0.483572425975807	0.539779431483719
0.185332591117287	0.147548967043041
-0.386778754475146	0.160810107271277
-1.12825544522804	0.339732258677114
-2.57847696185857	0.659529736545688
0.0437084685421743	0.176638660197167
-0.0348213897060014	0.115457626825783
-0.0423110929393159	0.110718957880161
0.00714113106463883	0.0156301202278313
-0.689508134938063	3.22641343724688
-0.959335871247796	2.81707707137251
-1.16293150006218	2.76710770814171
-0.49280214238444	0.924156577134056
0.389614998246935	1.01088008536237
0.12118210588099	0.223831004158757
0.37548195658706	1.06569604998535
0.267268580708784	0.646415095058587
-0.16469760894778	0.323586956081752
-0.254739965479395	0.464163787958256
0.182264586393127	0.292650455135594
-0.0850216699499942	0.121022246977047
-0.309305943319395	0.533350642160909
-0.312132652634666	0.423303458917581
-0.333636556881667	0.478390655344298
-1.10278409286078	1.89145308241693
-0.348903850744802	0.332540717478012
-0.19173346319339	0.222562729631459
-0.0171122702907825	0.0203367597752325
0.00302580076129131	0.00287547107530031
-0.0111291355018888	0.00953259909746011
-0.520247274121904	0.757979638863291
0.153870566822919	0.211249653339671
0.473362614088962	0.770367740216971
-0.40844026866208	0.718694731945884
-1.10841458610055	1.63657290683545
-0.0495328864466417	0.0454444400663961
-0.246457808657917	0.298911130992759
0.199555487840618	0.248567240724681
0.275947997408933	0.365943341455156
-0.0290084643845699	0.0243282344112031
-0.452126141023267	0.585960966889469
-0.316547398604165	0.392257556349316
-0.558041539104361	0.780040540544643
-0.10931364983929	0.103763751207995
0.676774778298698	0.974040783318112
-0.134690070261217	0.126264059553286
0.0833028393660746	0.0735108879521029
0.253178513237975	0.277834311633071
0.144288809882608	0.14827309078009
-0.127610470806763	0.089081908769168
-0.108874850132529	0.0951444637730502
-0.885648901351001	1.22490413152177
0.420065301770913	0.334386027173488
-0.0867459702061999	0.0627953355619134
-1.13855169954589	0.343119921986708
-0.719569672768412	0.245942451655049
-0.394603992483738	0.16435119506951
-0.338291342092883	0.0968475173314605
-2.57447078703937	0.657780381714024
-0.0436677038315764	0.179023145070953
-0.193993810981158	1.01047916546161
-0.152874703229858	0.562603996181775
-0.0217423297310921	0.0454754612854928
-0.410107946364557	0.868803005288454
-0.969387482511113	2.02127088175382
0.0513198952400565	0.0701124466818689
-0.0589188004134667	0.104612073502749
0.375038466819115	1.08356150260537
0.505847659500142	1.9057864580471
0.165588455766411	0.373904686624938
-0.215230468783824	0.498190041567289
0.0184350740734243	0.0253129596003386
0.153310403005187	0.264860904295454
-0.189647039892949	0.317644887898816
-0.108695721678229	0.144751266152392
0.016792348295108	0.0173010213041351
-0.445684136198808	0.802370139444444
-0.373430541439218	0.447025601509954
0.939429528383762	1.25750464978585
-0.406899311916705	0.599876864810902
0.0741065572010131	0.0916048464865382
0.368463583843585	0.509571769441613
0.20591181648281	0.22976364108259
0.353646795047448	0.512844187557916
0.0601376163179104	0.0739670473690216
0.661449534899311	1.43692558700522
0.138821951661097	0.1969847497441
-0.00223739589402647	0.00246410866446095
-0.245631965894659	0.308696355781117
-0.119957935197578	0.135727478739466
-0.437541886089426	0.515622332867446
-0.099455799594894	0.108102225554155
0.265811544177256	0.294810595792395
-0.291966145599988	0.336725105703785
0.384298871121637	0.442469609959863
0.419272759571365	0.53436158529543
0.100580687631699	0.0950698054402106
0.077640800716015	0.066887940864992
-0.526254162269657	0.651602482158948
-0.29010518383235	0.296400188502299
-0.183363705617464	0.189261539667191
-0.14026935601921	0.120500948825219
0.192092118714142	0.148741931271014
-0.522389193030762	0.432691006824844
-1.68458913235384	0.954547739770215
-0.515201103368893	0.194390956127506
0.149173995582458	0.0505642485186703
-1.02279263404674	0.40371590748429
-1.12725353624624	0.339405023147411
-0.341495388738576	0.0977618699341296
0.012016614120804	0.0433756834706058
0.0218548289374812	0.0714321876284663
-0.322869631161809	1.521818640239
-0.530643872731896	1.4496523126201
-0.766944304055215	1.52693406353296
0.451779757848016	1.04151405148423
0.346480729709287	1.13951873645018
0.44646481858733	1.49338815284156
0.195481364730475	0.474724349190309
0.543251292588411	2.05062839650495
0.16233046004229	0.345422403855734
0.141556284970043	0.241223285934435
0.000320904026604563	0.000490520540295997
0.284976780456183	0.516983949119868
-0.0126860140073127	0.0157890335252062
0.087819358256306	0.0928097711009118
-0.274129374293793	0.43676611886745
0.140666460295168	0.132015459671264
0.909298528087569	1.24309732835475
-0.270360398497423	0.377538153280116
-0.046898885050548	0.0531858191785822
-0.25962232278434	0.370027524104202
-0.16741213122659	0.1787342181902
0.250469431609976	0.348343626971839
-0.114513663301637	0.144303316661695
0.0558877671351352	0.0637983932102566
0.328847321166052	0.505446277145506
0.0646193049393794	0.0799699453130753
-0.0822920109356691	0.0839914091279014
-0.161760612496706	0.183579106866681
-0.141094026013455	0.149333985932013
-0.404201030786847	0.433267232530413
-0.265988894569468	0.292055508642478
-0.327538478305054	0.33633843178093
0.0185049189107519	0.0148951140488425
-0.296176964495566	0.303947457147881
-0.0991632121636374	0.0875435317509083
-0.0302360255661715	0.0226941958114479
-0.606745760761221	0.810871188590806
0.0634348111459766	0.0518427933614209
0.355194563315427	0.417169953702863
0.66092200999871	0.941565246424509
-0.38865957582797	0.267830027558543
0.387186478120033	0.330492774303254
1.27478187680395	0.70131154623993
2.56231868542666	1.41851622575425
0.745725956098757	0.625692965259276
-2.27998189893738	1.14792379379687
-0.620473624670499	0.150917804175241
0.171653101789031	0.0431973221484952
-0.625191995446008	0.152059991852936
-1.13182284417153	0.340904867919198
-1.12769593434811	0.339436368028373
-0.297744597179829	0.136645404593624
-0.0565657674753109	0.244832649623346
-0.0301180800473387	0.0988492591315691
-0.267954337134888	0.784742175405749
-0.0542899819292351	0.0827165078166279
0.109112602593439	0.204702491819804
0.432230522423149	1.75467872897339
0.333057267241345	1.13070983327512
0.473744250586436	1.9830546018276
0.293540379784031	0.887856051888327
-0.120390583716391	0.254376422475807
-0.142324590215739	0.270489649993383
0.0885906108673287	0.145473379996634
-0.254789232625882	0.51540493718224
0.298949686651328	0.587540969915485
-0.217325642045468	0.317172167610884
-0.420053452843056	0.814533533289408
-0.0975341663229189	0.102237096647045
0.610437314355111	0.869313368028501
-0.169681486329139	0.243023989843099
-0.449240653517631	0.880226208342979
0.1381738453461	0.186887931680836
-0.00489966990165853	0.00497691834884873
-0.317832853998722	0.433338679008231
0.217248396852637	0.38685269302397
0.17810184122426	0.234686068202448
-0.0898870600970937	0.130592050278603
-0.0629820271099222	0.0746574162324409
-0.310901431819055	0.457073096232788
-0.133023914818455	0.143719360102858
-0.458893445798795	0.567690981715644
-0.130105543277441	0.133078951162835
-0.72869914054769	1.04817543498847
1.00508721572231	1.98235474081832
-0.330925459596764	0.360432225262009
-0.0565458273253926	0.0514640182871569
-0.484641529031875	0.596999388174168
-0.370883531445574	0.42072940489404
-0.128944868547218	0.11215466161048
-0.100663574017512	0.0874198684511415
0.249319952456879	0.257415062795772
0.26978299079797	0.258657274759715
0.54676637594759	0.556931443466579
1.01458152747256	0.837457728408867
-1.51372965066287	0.537081101324459
1.24669448577563	1.223902510782
-0.484276291845917	0.254271988143479
-0.719840487055064	0.245972653044846
-0.620473624670499	0.150917804175241
-1.27403485633299	0.572049719008217
-0.517006318957255	0.195147442742932
-0.624183598429151	0.151840837481169
-2.57447078703937	0.657780381714024
-1.12725353624624	0.339405023147411
0.0116954704741861	0.0430752003750603
-0.12996160975275	0.613348947526578
0.0444545172038715	0.111510974503759
0.524676801266471	4.01210552266004
0.689505199355141	4.84394988240042
0.469652317278543	1.8048043007388
0.314200025598609	0.913581960601979
-0.0865183199614576	0.158843175102664
-0.110970650845312	0.223470442163641
-0.217764568998739	0.450791013915329
-0.318494071639853	0.682988591367956
-0.0143546656604943	0.0215485911715699
-0.132729402199873	0.215889741196138
-0.474245171584964	1.35931866156589
-0.600295234097575	1.99246179504454
-0.610194801466986	2.42374326402991
-0.157105288343929	0.304533810198421
-0.26420702018893	0.591058382710088
0.117551775815633	0.190945621659254
-0.312663879338396	0.557150153490701
-0.273140732219095	0.598646441839993
0.0337398958851361	0.0413737481404791
0.526904855098295	1.10882257175289
-0.134317551447794	0.157320058013388
-0.182052803628911	0.182579594219753
-0.410775477475243	0.413935222998009
-0.30333627733767	0.246794440017476
-0.447238154787187	0.448162021079495
-0.437188002606763	0.435300206015307
-0.142405879332539	0.112253868529869
0.180574302313981	0.123844180453247
-0.786434685617333	1.00378223883929
-0.90565052246443	1.45320811306274
-0.224044908087109	0.203031445476071
-0.66753837755687	0.774390797006338
-0.0213883229799596	0.0162517284477962
0.187342936350239	0.153885941255714
-1.52697303378333	2.21925558314435
-0.951465526316077	1.2490038709183
-0.0496464419047594	0.021686134811476
-0.15915077872638	0.109065155158971
-0.638920175219908	0.377682593922792
-0.305656735393716	0.140394196323334
-0.764000715773547	0.331333477097821
-0.609569093656436	0.292570411611588
-0.0388062214839524	0.162341657675497
0.156017324060733	0.78628058999655
0.62705394464759	6.50089172972858
0.716669218337094	4.0104652121467
0.683143911557312	2.31358086845896
0.682084772825569	1.78291609952094
0.0844080277257196	0.109758419166801
-0.609092575256176	1.39562520568636
-1.05349165132424	2.73300964759902
-0.295240887861251	0.444214463325718
-0.432475615265541	0.829417273935545
-0.248593265491534	0.377356734161884
-0.338023750603012	0.861919475690661
-0.49641637190694	1.35094281471332
-0.537604240516309	2.61779999553666
-0.582711665399502	2.72718388375541
-0.4625149906787	1.19947823905644
-0.371652935456978	0.650738833983051
-0.0247598141988413	0.0311110517162124
-0.27328616419993	0.632523163102302
0.601971043485835	0.852287710248984
-0.0949934717728786	0.0760646296689284
0.159274695737679	0.1486510957347
-0.871366148694246	0.799743866841367
-0.972484712832558	0.958107116151838
-0.0294008096558162	0.0188141430731624
-0.307572874612885	0.250783332622511
-0.39899591864347	0.398968754949892
-0.781248723493073	0.515306030276009
1.40878462770454	1.09815673739359
-0.691789895506942	0.605532891310735
-0.23052648553215	0.115127515795985
-0.229877657550911	0.114777600861656
-1.21178542351577	0.911352770884262
-0.0521568424888667	0.0227541982295842
-0.301588982342985	0.138344748128235
-2.64310713096167	1.62344421598767
0.17249547712615	0.100007700300635
-0.098229243253211	0.0389536242061114
0.34408037371834	0.210594416652962
-0.716458186688968	0.78155272535162
-0.333662529725584	0.29178977246586
-0.00960526951401206	0.00892259644288312
-0.534169205218389	0.886109921983185
-0.219812064191729	0.19860546658411
0.141724976130575	0.125091928042498
-0.528754561864744	0.333020847307387
-0.731136456007731	0.84915008191215
-0.552511501498541	0.499630042215907
-0.437811161150319	0.337820573800776
-1.71094782961708	1.4342621372949
0.295071495654844	2.38426712599766
0.187075419261548	1.04784962473388
-0.147856020749557	0.38122651628755
-0.277846490758919	0.572886737403924
-0.0923612913056764	0.112819411153042
-1.56545782356242	5.48387509454738
-0.778897857677068	1.80618060679475
-1.89448775016284	6.00293150926413
-1.09144560917755	2.44248042504661
-1.1055412511804	2.92098393068775
-0.887866366083529	2.09338352887899
-0.769090853133439	2.77831255910575
-0.725880502443693	3.76820449446016
-1.44376171237417	6.53025337573809
-0.522610276126328	0.873187518212406
-0.187880917375825	0.261108216948695
0.432240392632505	0.997446730430651
0.266493629443823	0.248664087380826
0.882081979506991	1.01549345202337
-0.470442608314532	0.397832004574168
0.0873593788981505	0.0594840341874787
-0.992525886428421	0.889035835455334
-1.08736626697274	0.743579462240107
0.364139520988915	0.184303200883221
0.0603452855412766	0.0373990680841381
0.0597221301153036	0.0350762400142196
-0.974474578090165	0.481005235915103
-0.00668432760110978	0.00332413281382818
0.0192432553079518	0.013421153981433
-0.336461366473116	0.459623228060123
-0.9138467843712	0.666483751614896
-0.214973425440132	0.0692286309045475
-0.338896474896558	0.0970421752101679
0.167414032927754	0.0815510198433181
-0.781413864210205	0.6691585879013
-0.519595731781202	0.196299451898154
0.174503749901052	0.0438676710334476
0.154954894721934	0.0524399678344355
0.150571240221929	0.0576776917123369
-1.48612101543646	0.74933813457945
-0.553991774537401	0.399767663369081
-0.876279652621644	0.805948677800177
-0.818760501289207	1.22367360997407
0.488597881518391	0.60940353121145
-0.662278934218366	0.461736637574959
0.0896588150365713	0.0634341130211167
0.012360595640394	0.00630033700736596
-0.671383637154177	0.529512146550926
-0.39283031944901	0.222086765885523
0.184394979701015	0.132176882839716
-0.140497819959973	0.0791504976316457
-0.380862200118194	0.359994701360833
-0.771691513742003	0.335443022402567
0.0767361254844665	0.374751699566878
-0.0473018233498136	0.162433764937435
-0.17117297980431	0.538085388855788
-0.612941609117766	3.07064487281851
-1.12149662246807	7.33785748300118
-1.01296913393311	9.79095713816384
-1.26084357799378	9.99238820514604
-0.661161554903013	2.39535621218487
-0.806649086971516	3.04299351450851
-0.162847696348742	0.418205751812647
0.116261051220023	0.151842362090831
-0.450510210835145	0.76319120481755
-1.19685956967768	3.61944564334795
0.498838068177697	0.703639131441627
0.0717227244033486	0.0615194401889162
0.192951794167571	0.172052535115049
-0.096604876819716	0.0851456840708654
-0.028362757712816	0.0240793914733407
-0.660176561668358	0.725579072629457
0.0561641053250924	0.0457112840628187
0.199876358462455	0.155465643712308
0.269010896472897	0.238165648144988
-0.776865903753787	1.20535092359559
-0.531686544664998	0.442398740845261
0.753111737394709	0.739664793602712
0.841949051948467	0.886227713130053
-0.856990428758197	0.853104169565519
-0.848722507445335	0.906495661517261
-0.871920066696667	0.800433823515696
0.496799140864926	0.444570590177393
0.360168820720012	0.345520896760058
-0.690785238011562	0.960363094930875
0.0579352452178096	0.0619001988883226
0.246939954027049	0.259428992199198
0.0447034006102778	0.0353548177234573
0.195502268007156	0.165928382502062
1.16067589565029	1.55156503195906
-0.0137984336285315	0.010513883237119
0.440159441547816	0.336623543623481
0.184142260494563	0.131933319794941
-0.175096889522685	0.09352617780083
-0.175797749841716	0.093916829422447
0.086065191104456	0.0586097464070575
-0.622858337121316	0.557358910300906
-0.237072945337194	0.258589646260097
-0.157761600599107	0.157764778479822
-0.0147214975105157	0.00698260226795614
0.0733784837039878	0.3362251515039
-0.186085899258376	0.956972721872324
-0.523554119349193	3.61994684414358
-0.642866573692104	4.48687001375998
-0.837579020300579	6.65860945468315
-1.17859755297136	9.11265794352145
-0.775165363823895	4.0884571158004
-0.550829792375381	2.30180866379876
-0.644242144648276	2.8989210039081
-0.771568748375891	3.62426723512438
-0.457988823049603	1.0350741214216
-0.617987635226142	2.40571389900243
-0.305239804393976	0.759065182621397
0.111381925748325	0.189132032768496
-0.139783181994198	0.233357087166077
-0.240546945100322	0.398924456300935
-0.124423099389449	0.18084416736134
-0.180748602139285	0.311357770602263
0.017271160408826	0.0222437163044945
0.114207799970593	0.149217273274143
0.199549580048142	0.23854569837096
-0.0815623804988025	0.105451468877742
0.342982964999355	0.578660831911161
0.279528714101063	0.372154482833599
0.366975859491633	0.597070341942326
0.116720730490845	0.13188274473302
-0.226368773682032	0.248957113596626
-0.165763946786085	0.19540714678523
-0.600507420997355	0.659654472722817
0.208227088325083	0.213481500804557
-0.0319768249815093	0.0240338907578727
-0.407741543529363	0.438114285062917
0.138329462220868	0.11906022515981
-0.540262886526036	0.634002980607011
-0.245373454630354	0.239245831545739
-0.529439869713782	0.439965374234842
0.175657210770912	0.10189022043727
-0.0618400016257592	0.0374567686727828
-0.377300709494729	0.258389373566407
-1.26807604637071	0.568749667754404
-0.141414888169625	0.0506240183742795
-0.510379067126921	0.192441822441501
0.15068296955979	0.0654522779008967
0.962941959517666	0.656131797864151
-0.141983046858617	0.0507961746820961
-0.302645045287528	0.139036461516361
-0.220849649046566	0.0710925897619741
-0.337924641037297	0.0968088152153293
-0.331404317615279	0.235014917407329
-0.288005052754667	0.259340795485071
-0.493256490916842	0.450174581024902
-0.0580494405398797	0.244593565528416
-0.149767397563199	0.721063262907652
-0.456517657597107	2.94366334621765
-0.53635190837111	3.38822051673383
-0.431410689536685	1.68434514391504
-0.598784014285446	2.70167536250021
-0.220001535290191	0.57177005865385
-0.604697032939132	2.13578083644959
-0.103195950618136	0.174275736314978
-0.65901347841955	2.58664627809574
-1.09706123053568	3.18996188559018
-0.545395049893218	0.816550117295243
-0.393380548568784	0.951572659262058
-0.283978478907926	0.63709889036234
-0.118226587454865	0.17850314484591
0.21065419297617	0.299371333033054
0.366303504400062	0.651323718712328
0.0681822697354345	0.0945369508286564
-0.369115830009466	0.708139328619777
-0.0455472122592407	0.0654997678645767
0.330485675972649	0.599238057494308
0.410803202648336	0.724631257410226
0.200076101710522	0.293197541478174
0.0751247626758993	0.0966327302913742
0.195827672559641	0.270879395073708
0.61106136201847	1.22030570489253
-0.070969089038175	0.0840614558980405
0.302227147800006	0.387052962375781
0.174718594240607	0.204915195950238
-0.198867211437786	0.208043257577987
-0.351200755594117	0.42100666064124
0.274941131389221	0.264672713705035
-0.880963262294895	1.27072133638002
-0.126339481051278	0.100946311321073
0.82625387160176	0.347107129604409
-1.50884424560785	0.535043767502043
0.183384831676612	0.120146254857397
0.549220598573148	0.319462304713769
-1.51948712338084	0.539626951504098
-0.523032334451301	0.197668387893991
-2.57847696185857	0.659529736545688
-0.296897940761867	0.136243826958534
0.959294652844364	0.254663957360155
0.168047617405793	0.0498928161895134
-2.57421277656498	0.657506382974291
-1.12725353624624	0.339405023147411
-0.3395018260887	0.0972061822975938
-0.719585944508868	0.245867637672296
-0.0966781425930241	0.0566235366109951
0.648743462145419	0.689292289822045
0.00776223289303751	0.00517396445295541
-0.086481222209929	0.404774528358225
-0.303849204459201	2.07550154619597
-0.342521158168771	1.86612202377572
-0.619426391357432	3.51680407918413
-0.22750713343707	0.693454071290528
-0.0797977249914299	0.166790447811484
-0.32538031301857	0.894025162876362
0.0155017231893423	0.0236664050576416
-0.633993746849325	2.33357880215099
-0.332928725410281	0.609093518787467
-0.712939891212212	1.21890439843303
-0.145521928929859	0.269457906951204
0.0292475493801769	0.0436080135173568
-0.0760851089704844	0.108770922822035
0.173253021534979	0.252862760674133
0.00274543146751591	0.00328876427037561
0.0656402178693768	0.100164528772824
0.106978164794545	0.1690339277146
0.243451075638417	0.449880298115472
0.267675512172093	0.479877997482717
0.221919057678364	0.356605564470316
0.045231706116985	0.0576675746525109
0.0309726059463492	0.0388356596637716
-0.218439744043779	0.291218256058258
0.466373316883737	0.855944761109655
-0.139268599828068	0.202847749916475
0.864216454301693	1.85616773438118
0.352528417303204	0.539960726929488
0.0391892241361078	0.0340505849109211
-0.0910739582161545	0.0799632471236301
-0.163730634014226	0.151253406921159
-0.184015832589344	0.193266922209587
-1.54930717353904	2.70853747847366
-0.0744953470507988	0.0536132838317347
-0.25020971935968	0.225449767924343
-0.0941488652903107	0.0373990831572397
0.164738242561747	0.0490009495728858
-0.526846796973763	0.199235164286091
1.07359982425497	0.519417428828948
0.149734842703587	0.0507352562067422
-0.625630686390319	0.152156798395567
-2.57421277656498	0.657506382974291
-0.718972834438042	0.245626954230634
0.16934280349587	0.0427080042196444
0.159042375477486	0.0473891494040675
-1.12379649940684	0.33819735561451
0.153868695124602	0.0589460710470917
-0.523032334451301	0.197668387893991
0.536981267153455	0.192450260059129
3.94043041797008	1.72503455887346
2.7590679263751	0.76692961097815
-0.721997705010856	0.24672678000295
-2.57821111666453	0.659475059970799
-2.57421277656498	0.657506382974291
-0.334222652007209	0.0957594598898438
-0.155756431183958	0.106555143667723
0.105847944799259	0.0780075849616057
-1.01431002888983	1.13219043536177
-0.106918945055585	0.546742316670997
-0.173632363961801	0.891149768663404
-0.254546282326653	1.08406049472147
-0.193486019551523	0.636201609520577
-0.195024434247692	0.534696537396232
-0.107074421745511	0.229441280473633
-0.600313105574904	2.07337692492923
-0.434631418316042	1.5291134257757
-0.732408807507843	2.0989702153288
0.292381186854718	0.35938273695625
0.0236996026332403	0.0364816728967839
0.389719517108229	1.06199791186077
0.400612323509721	0.904456697689698
0.110257080806878	0.155464738828493
0.57341446187339	1.36858792445942
0.27837430006319	0.590578290240665
0.204278134229021	0.405447621384848
0.0278039059307212	0.0407144823575772
0.604947306388447	1.70577174316745
0.770254719042926	2.23250822600303
0.201139553751528	0.361188266885337
0.521798984352661	1.24341226145427
0.166811898036305	0.233951533301342
0.486863194584648	0.916684328772847
0.624695030519362	1.37088055912151
0.296671662997135	0.454993441510497
0.240434952297781	0.343190515174891
-0.157419567230437	0.157383336932348
-0.241756012238741	0.257298320994054
-0.743414026076304	1.2336737845508
-0.447225532066106	0.448154753281986
-0.153723815086665	0.164561101925977
0.610079562112739	0.829674307033052
-0.0135895654923533	0.0115863221768241
-0.160639256132426	0.124743649581049
-0.0147214975105157	0.00698260226795614
1.25839148430539	0.878105957117663
1.78947600983881	1.84421849351481
-0.0526221297844188	0.0229464058443121
-1.12669343566207	0.339109154533815
0.521397005108436	0.186513871186962
-0.338896474896558	0.0970421752101679
0.158128274235763	0.0534756396939054
-0.21750140385887	0.0700056929839968
0.162171049505848	0.0303007576998756
0.15823182603157	0.0297179405544109
-0.620473624670499	0.150917804175241
1.33435126799908	0.58211833296484
0.152453062620175	0.0516328700929256
1.83126911611682	0.715624907230154
-0.61946410648704	0.150698865008898
0.159251072645633	0.0298673857617753
0.15823182603157	0.0297179405544109
-2.23240196761347	1.87282472828044
0.152118577105085	0.0659071854702309
-0.242313712140937	0.202248833914359
0.366138821622738	0.342358058705587
-0.35125972678891	0.335227214620974
-0.670586341291962	0.740780405611972
0.106721669744385	0.558216722040044
-0.146827413975093	0.681468123063273
-0.0316035894741852	0.0826324426979054
0.0793570874994239	0.209299948880132
-0.289948541933952	0.939408534728683
-0.052514544628792	0.0994046347886596
-0.224400719714727	0.638953190393017
-0.319728826873976	0.690779468718274
0.140363134833983	0.164090069341252
-0.270746650137056	0.641698203939666
0.434893931148527	1.33688420502601
0.462467785951286	1.28852099776202
0.231128782396805	0.411005045863785
0.687083884523086	2.02030356824782
0.669444316160206	2.3869057265974
0.250188600599475	0.519309522967022
0.249654416825881	0.551309362705482
0.367620428159888	0.805708741033799
0.500311808315485	1.12712015335709
0.335527425142947	0.688797720605479
0.896242406855144	3.19975850436629
0.589950207222164	1.33742346411041
0.377315952247988	0.66324011213937
0.541201836997704	1.09831608211355
0.485939953775385	0.83027173764516
0.121438482240771	0.126586110793105
-0.0556333130841755	0.0499078682421047
-0.199313317039705	0.21207109822209
-0.0226211922493265	0.0193499703135284
0.0260009751159041	0.0209928584751021
0.678018128901822	1.03567816827402
0.176685548835364	0.182718468906698
-0.027020076915733	0.0244484330127983
-0.246681536240362	0.271344190596915
-0.0356114078426563	0.0299399961619795
-0.538844117548173	0.562104536255602
0.401505969088906	0.181847082822463
-0.393091467495034	0.163750598389289
0.0373735964628199	0.0205127421953274
0.35957064316108	0.202549843823822
-0.220849649046566	0.0710925897619741
0.959294652844364	0.254663957360155
-0.387921450068097	0.161329379903918
0.157124305046094	0.0681754043113497
-0.621333103088639	0.151104040920032
0.817616522741687	0.34285529214041
-3.07750490916701	0.956880231933195
-1.50982433145335	0.535480148233091
-1.12881513859764	0.339906487322227
1.37907485689336	1.2824903091119
0.489353877615352	0.336542238603319
0.151538255863495	0.0513200105304366
-3.07750490916701	0.956880231933195
1.95879552552655	0.437985228139192
-0.620473624670499	0.150917804175241
0.154259314455831	0.0291924198815566
-0.337924641037297	0.0968088152153293
0.699914980996319	0.328077836741601
-0.529539611556091	0.333871024368258
-0.0864362236752749	0.062564918170316
-0.317403007936842	0.323523522200627
0.0118382331729552	0.0405421163267895
0.0504359668983193	0.168959519110237
-0.0749023494554235	0.200851785068825
-0.0310222411996983	0.0661506100264092
-0.478722379205421	1.67471557886755
-0.299098082050196	0.942251101073456
-0.756378349347735	2.62654000590679
0.00182311182735013	0.00195884562903456
-0.305890492912558	0.769666648046999
-0.0869741348886996	0.157497532052806
0.323906269020645	0.735604348008926
0.316772451735899	0.633355708825127
0.107537699967913	0.167485237313337
0.203263058904215	0.383622303425611
0.262486586005579	0.499190659580471
-0.0395365621192191	0.0570459156715456
0.637880951420054	1.63226755365574
0.540580399988311	1.17238239216581
0.573370291752895	1.34761446049733
0.635999258283745	1.45506411301942
0.528086130786026	0.850305618661323
0.155999605854295	0.196197762785528
0.520824886411269	0.848019730253423
0.0120644462472793	0.0105330337131601
0.200034454444708	0.239340190066308
0.134331792672375	0.115308152456239
-0.680174251083512	0.538562983508605
-0.289081795669792	0.311211875270337
-0.521707561053257	0.703991697783866
-0.445126229560538	0.410218430762614
0.801241573784881	1.05097976067399
-0.280207147986478	0.202757261749631
-0.532121249375635	0.525578936397512
0.558974656097509	0.64249151418691
-0.519769983388661	0.577941009181591
0.346154929721186	0.338524494025795
-0.384885529543475	0.303065076318022
-0.915892824126104	1.09967707198755
-2.28165009862854	1.14988228014202
-4.0012123706462	1.7257737241768
-1.32792475604081	1.09245823035664
0.679297187320958	0.21511425797511
-0.145344570977986	0.0520206122062214
0.451209406111857	0.180996636505281
1.90890128639222	1.65235002482017
-0.620903335937371	0.151058535991718
0.17351044503084	0.0436385160120603
-3.07793266340176	0.957013587093989
0.960305402281055	0.254935680101795
0.832179814828164	0.349840579822019
0.367903885145465	0.186577917330017
0.956021254579335	0.253830462538477
-1.50634046210702	0.533909618105069
-0.619895187822925	0.150839789138775
0.16190498991222	0.0302625824147867
-0.388831393929054	0.161801785701268
-0.714421718032391	0.243912186782782
-0.457333956494814	0.424660056576722
-0.414089140149762	0.353844218800226
-0.0646939151081941	0.279190958974341
-0.094696074172238	0.380584061238733
-0.28687944382454	1.37604634882663
-0.321416281723089	1.25727398192109
-0.438346978484464	2.32081195660996
-0.441687109850634	1.5114818176898
0.133576714103612	0.226931945145869
0.210701519852062	0.593362107082669
0.372797291816266	1.21303462728455
0.525382345790958	1.77875773438724
0.267424004649935	0.52523936835219
0.445453184502155	1.13452584016512
0.0677826862240984	0.110247993727223
-0.0592372500696387	0.0940305824507976
0.333403143826742	0.73722870385813
0.671776104858063	1.98559073450374
0.775635845188153	1.80953221181782
0.135050691687278	0.187320773004215
0.473431999921701	1.01198884398838
0.461270170050356	0.754198453695826
0.762190592257047	1.87725606535848
0.0293467941938082	0.03229609126871
0.663823200539016	1.15559458387583
0.634385567765802	1.00152245159537
0.717805222624256	1.19989997720714
0.269315282629909	0.270565700102807
-0.158207800414253	0.158285613306029
-0.195758043449657	0.239409887065186
-0.0518901390363055	0.0545904884428351
-0.0634027230869453	0.0579878050132869
-0.501329573657137	0.52744633566072
0.0552093827439621	0.0511513265935132
-1.05574856762447	1.74981602052563
1.93447404948107	3.03446423839982
-0.782172489708707	1.04209977790523
-0.23784426279419	0.212428949802388
0.372588926280492	0.443708183249708
-0.282349060587266	0.29303048730879
-0.428146726659531	0.45473973933182
-0.579040215169908	0.565594370660554
-1.82449641879966	1.66125247608457
-0.145998858470167	0.0521932143692289
0.185122224449759	0.132805492593633
0.173940988172143	0.0437550114519682
-0.212700860727539	0.0685566980358174
1.46166504880046	0.484245680586438
0.675591354383564	0.213968352567141
0.823642509432085	0.345787097083453
-2.06977352534937	0.939684536075736
-2.63442301194504	1.6136566242847
1.28768407142215	0.711587566226279
-0.776943352012507	0.338025103002457
1.3366322141597	0.58354097730275
2.75805496536761	0.766752929661107
-0.71869462645605	0.245625159522256
-2.57821111666453	0.659475059970799
-1.82698397269548	0.741756816133582
-0.216657809109618	0.0697687117469907
-0.303962951467418	0.139601782141782
-0.253427857560737	0.157585335359188
-0.548664772731168	0.495162040598766
-0.0925201169274836	0.0654256370275239
-0.0585428096524099	0.250373799298913
-0.15092928469889	0.712554398721913
-0.334818063490839	1.85327194297074
-0.243091796367751	1.11950296573553
-0.295627222012128	1.14910409534744
0.168070741532168	0.383806687419908
0.285604604267634	1.0146232512704
0.7208016601469	4.04748563403908
0.607791977485774	2.59654196064165
0.535072194903298	2.03021691686454
0.998669818927111	4.71738768124439
0.362114884060544	0.941854539945952
-0.191559983328926	0.407281242648914
-0.0624168672672348	0.0980764323961722
0.463062308531187	1.03525072836106
0.481069294021115	0.952434707550161
0.885904284022019	2.51466789011538
1.0939098452281	4.17281100093258
0.430032376871023	0.658570371148693
0.242352745764808	0.338493740446921
0.390598353646977	0.590538004221112
0.251766741272024	0.300330462726832
0.368021524676302	0.524708219593242
0.198691450604745	0.257013335515799
-0.145184027159328	0.154242441990457
0.341976810262644	0.457893339687926
-0.0393465493560067	0.0382617541087665
-0.0602066578482984	0.0638594231562342
-0.327562762253434	0.392605620739408
0.20996568231215	0.223534990610118
-0.176027466131477	0.175709046469876
-0.449034056444916	0.580719037200219
-0.372890241158581	0.376411855207676
-0.0972744342384108	0.0928261611851966
-0.0509398177060613	0.0455304730532127
0.131007043817662	0.114763317682921
-0.35263263738136	0.381990493534187
0.372030785982627	0.326727829840446
-0.186754553533228	0.184791100536731
1.157114197437	1.54349078868681
-0.567199035778704	0.657674752062102
0.0328969353968463	0.0279102335210911
0.660426922237966	0.85829584496423
-0.465462578927157	0.493097633351823
-0.384585386917178	0.264586186130521
-0.0550033730412448	0.0239541220664721
-1.27432863983107	0.572348730210502
-0.603626162857251	0.289465889033162
1.04246313957759	0.393996072509476
0.159042375477486	0.0473891494040675
1.04665020030324	0.395956904990197
-3.45172595803352	1.22146685013561
-0.0153328305114794	0.00722816091506648
0.170247894663762	0.0912721130102428
-0.644562633459371	0.381599531724609
-0.216906973772167	0.0698162939158413
-0.216657809109618	0.0697687117469907
0.162352652580513	0.0483303505238246
0.0110517233386373	0.0056765013900878
0.175352784207229	0.0939935465049013
-0.917455057184024	0.670253023899677
0.183900103620446	0.114127621630645
-0.306715010773577	0.298768203186575
-0.19180522131231	0.128273477470612
-0.87119083903122	0.79858052404268
-0.15108681009583	0.103064001373233
0.0368102891445298	0.026688902426249
-0.488360503649437	0.365800021768144
-0.388998765848402	0.219368169491958
-0.00201665896643617	0.00686368721988051
-0.0204454705911767	0.0665558989990981
-0.0458605916647771	0.144977807020578
-0.0113469351955115	0.0262433983608716
0.459879828820605	1.78817604136995
0.111471915179796	0.320580704581259
0.530993859233913	2.69517944797215
0.610881358956701	2.73950500542743
0.637779183857921	2.70000406520196
0.942305669944882	4.0430199454401
0.466442766125433	1.42634501311904
-0.0293858723004851	0.0437034542436937
0.126661336260512	0.208376168180284
0.78957197114441	1.93111529392953
0.759119106120701	1.89050644600765
0.487710036839127	0.877268717856397
0.427196720201022	0.770262650280713
0.132983404508283	0.158207821663592
0.559708349074632	1.05638591246164
0.467428688518658	0.680436652766382
-0.25815744431101	0.311608442657247
0.282000847184766	0.397479523967929
0.985303430749706	2.09088026823791
-0.0576160796940669	0.0561716461522776
-0.244982924291305	0.327237087343046
-0.0650543054366422	0.0722850944966334
-0.130886666844821	0.158097707863654
0.0145689865329217	0.0127406687152297
0.259782980086976	0.291898153923657
-0.210549644469706	0.218617932816293
0.0183646186420699	0.0164355199520745
0.0326653591982749	0.0244200141662445
-0.347779954410394	0.353702553051829
-0.247427336939554	0.222415293310661
0.697803718715517	0.967455942779095
1.0406983150542	1.92529467941905
0.189986048059041	0.169038927384664
-0.73976334639245	0.949566012155619
-0.699753175345467	0.904032854063488
-0.113095770674255	0.0990698487339445
-0.224764973867472	0.203678679402886
0.0582404932229042	0.0360789932739091
-0.578332197253452	0.676218098075775
-0.300258764715155	0.265014773714878
0.606949911241619	0.675820903628383
0.736922615648342	1.018870329554
-0.371101931027771	0.373990847302135
-0.151971053853442	0.141828141008126
2.00700170671191	3.28882304372899
-0.231136136296982	0.115452054237154
-0.31867221712807	0.190356034532715
-1.08533859062183	1.04168611021088
-0.236498463459668	0.118202208428761
0.00890145155068947	0.00461834965445894
-0.143894061192775	0.0514470147020874
1.04603323538674	0.395528149844171
-2.62914433153182	1.6063264657391
1.82816209415628	0.714241631039221
1.04158071586996	0.393480759170511
3.93619624132367	1.72285510420218
1.33762293787416	1.57688079037304
-0.0987641136780955	0.0391673623108337
1.10074288054938	0.68099893992925
-0.604458749673287	0.289930015833069
-0.514641699367006	0.194166196064157
0.82625387160176	0.347107129604409
-0.71869462645605	0.245625159522256
-0.339979595307007	0.0973896500376519
0.0271758133754531	0.0150331681870791
-0.0912019160102893	0.0362463091895357
-0.945340415001779	0.580000134557246
-0.644562633459371	0.381599531724609
-0.0156955923788689	0.00739299428908088
-0.409889308503196	0.382680219537451
-0.979019983989605	1.45802807193327
-0.26210557526482	0.215076778508624
-0.488683759001159	0.365747226275654
-0.0521220597551812	0.0325406957652987
-0.218147212264044	0.141189977674082
-0.288860209660361	0.210034490976007
-0.642717223567586	0.662383526767016
-0.024968436129307	0.0159962092294686
-0.526235831681219	0.436713964604354
-0.318439005863616	0.190343849041166
-0.855167140810892	1.03765300891503
-0.485927392261295	0.255059954234754
0.0218077323325874	0.0838096735189036
-0.0365322417198964	0.131709797908234
-0.00286051134247713	0.0081999159683784
0.472769883710397	3.18782226273803
0.216093236494952	0.897411967153634
0.882983924787696	6.75783227957151
0.349718988118454	1.31504823365896
0.611275892399639	3.764662013787
0.571301927084107	1.79525528732445
0.28879821844794	0.587245148748305
0.0601568006124385	0.0957651179971673
0.400991019323786	0.717762693271165
0.616454795641804	1.11016958599088
0.646326509701559	1.0594986486562
-0.167558626408286	0.188578822869496
0.560866419191314	0.837658558823015
0.4739588590766	0.624454727256739
0.262060336322609	0.273378695061668
0.894916615142106	1.21379355290611
-0.0538283004657905	0.0488901497705681
0.0820558797257501	0.0896424492907087
0.624194707974574	1.36949926170811
0.370533659684809	0.730136972035083
0.0223684945075262	0.0279481879568139
0.306323467743396	0.468649448772748
-0.0790442388819697	0.071070210207736
0.635225749448509	0.856978819992643
0.0344386588374891	0.0249487505384518
-0.121387994508946	0.0967176323430098
-0.778259517457342	0.941542561138005
0.462339949201246	0.519071310127878
-0.654121926195326	0.71594954777849
-0.130659543831757	0.0913445278152979
0.0272817919197683	0.0197506601932028
-0.245991549855939	0.221029716847759
-0.28456750648144	0.255605601582823
-0.667542393084509	0.773930044240097
1.43282002601863	1.80060368454981
-0.783514852474748	0.7945500470387
0.0650749557139291	0.040362821102369
0.181670104573678	0.139839802912967
-0.493198706508011	0.370278505607673
-0.0464493803963003	0.0289463760429012
-0.0980742198723226	0.057455687377615
-1.03447450060373	0.826660810274235
0.630076801782699	0.481971356258355
-0.181945730215825	0.138951459294893
0.29284652765146	0.270835102667223
0.0919255633584828	0.0799887852423356
-0.117340945370997	0.104990160594533
0.861647399345091	1.42487672075669
-0.336118529504162	0.294439342722655
0.202417009154678	0.177221172614033
-0.169873238882814	0.145832274458778
-0.426128888435441	0.326781183572774
-1.33363307564443	1.32718470759964
-0.0918946798549043	0.0364881699984277
1.089672143801	0.672008207200398
-0.605216130321372	0.290038022777638
0.371226837848128	0.188227826864916
0.459346901359783	0.333844239248682
0.398414725600481	0.180059746605272
-0.31934766183884	0.190958737807654
0.562232514516047	0.328695970037323
-0.513007538344876	0.193523517901935
-0.0130955633245231	0.00624561726341397
-0.978330443805204	0.483975902788833
0.320082672594589	0.221884188067158
0.106520133585674	0.0810088729782196
0.00589671098323212	0.00314220914000359
1.49079579286365	1.50508498587498
0.299210361462255	0.226655482772905
0.731663729260175	0.830265364753526
-0.167285726964456	0.15498220584764
-0.958962358964358	0.93825042688758
0.188709906082905	0.123904386439348
-0.318897767637004	0.190511017132328
0.671757566185367	0.482025365362539
-1.483951930819	0.74853875657963
0.347592260692806	0.194562682992352
-1.13284105024332	0.978056754513424
-0.134149667146551	0.075476350186393
0.0675155369539894	0.0418419888998937
-0.0373834183159663	0.0233465960973098
0.0281050016284158	0.10931653336894
0.206741193119331	1.16538164575136
0.354014470858877	1.93441156879982
0.259251133952426	1.3339485157707
0.523073633765062	3.33837467865777
0.421240614267938	1.96390742367397
0.568013883705694	3.09611896642004
0.946537431432017	4.63291967570843
0.21836671670945	0.485759773559612
-0.259174507533826	0.607216920889599
0.4847678319044	1.27766146330152
0.828665393691148	2.41340087243557
0.813541120021671	1.82108746687776
0.725299479134821	1.6900457999264
-0.0257284317680139	0.0277447766402178
0.668696275647198	1.34734282679951
0.773113110989228	1.60058927307442
0.495317952163175	0.697629162729147
0.375885445374115	0.448748597408438
0.062241354873937	0.0715670126836985
0.203729852060002	0.287232969781622
0.282380682567308	0.451623121730895
-0.12186460494415	0.149024517123413
0.164865655479363	0.216620587468686
-0.195977836281612	0.24284655171242
0.609539632787754	1.0005469387438
-0.112795955942892	0.105683190820464
0.198266950509838	0.181682540504628
-0.0581922926425153	0.0522880893290217
-0.10618195082118	0.0925715101135083
1.02335862094153	1.53220114310192
-0.497560820443595	0.560596920872293
0.275803402217836	0.272032119959623
0.205446938371314	0.205987785417497
-0.125230411244108	0.0998682458970708
-0.117451230266054	0.103235462314096
-0.106106878772071	0.0925061518327865
-0.1838175161498	0.168950458637189
0.529663878410605	0.631672689104034
-0.368145287096917	0.393904346714334
0.0948848769217022	0.0672743910344431
-0.0180692022901954	0.0137423808856826
0.0833570011730474	0.0544285657831432
0.264205271569225	0.239760388768323
-0.773960913882998	1.07060570331881
-0.00129689812155913	0.00122106627885729
-0.360918799393413	0.384267181813571
0.542399718164382	0.550879905500038
-0.0382877510139551	0.0238995069605577
1.40991100180298	1.91987198685806
-0.611064134418213	0.543426371654021
-0.912572241431873	0.665991797171921
-0.304814957959042	0.140040338779575
-0.216063671871124	0.0695794401283131
-0.388079291138713	0.16141108863951
-0.647749919791809	0.384075372072517
-0.536061478237715	0.338764726805072
0.337263225299637	0.221376990768037
0.697435449537931	0.326741539527995
0.397223204692072	0.179389550099996
-0.0742899461183668	0.0450904208712958
0.803970543189997	0.64047645723298
-0.168917244658725	0.0900361838289239
1.54800826146623	1.33871217435311
0.907242589251317	0.491118576866025
0.159304296973707	0.0474668185471716
-0.516445778893015	0.194901695063007
-1.81370026014743	0.735177636322616
-0.255833486396156	0.159300420998635
-0.772745126186665	0.589135320386661
2.1423064026165	1.50353151583283
-0.208529954791979	0.134380009874682
0.811203256525677	0.647772026909628
0.0570181415914918	0.0429933496552217
-0.57477476505869	0.560254768815018
0.0859280247864355	0.0585170982017146
0.500254950411239	0.448456873460476
-0.251365843413384	0.186669720293036
1.12903628327087	1.01940111513737
-1.3379030439387	1.10526891191159
1.08973906068603	0.672574522942978
-0.430399322026881	0.371204461524014
-0.0447142155867798	0.0279002543103837
0.0891834938143033	0.0608159597322851
-0.37719077296897	0.29584150673025
0.00901987595801521	0.00465352701945104
0.728533758134476	0.483874159185255
-0.394585296055144	0.223170068555195
-0.673118043967324	0.531382431132443
-0.77506655691041	0.661595979206246
-0.212077815910691	0.13683083914708
0.0180909774352944	0.0729732611890384
-0.141431021039406	0.844430615466665
-0.16846754561438	0.842351194272145
0.224915014479264	0.856792758558025
0.399332762948168	1.83201040234744
0.316041567075223	1.69484778157137
0.470147227011327	1.39248227779701
-0.308228616783919	0.575181402019165
-0.836893098632056	2.9607708424871
-0.321898442424643	0.440546239800117
0.454571525340012	0.787983657323799
0.667686057177717	0.955391734899471
1.80373616340152	4.2439949457655
-0.519500004668282	0.662498217972629
0.627521027273995	0.764775164123012
0.413346203336037	0.441593688408703
0.030779320442638	0.0255183661934818
0.840570667736369	0.991257929059919
0.205104477192758	0.197467991494839
0.28829988073807	0.587574085179491
0.0259870494816466	0.0477971284021141
-0.433782409601017	0.988862526402619
0.46684717413416	0.965604375779113
0.405460098939667	0.442231823914657
-0.0941585360352996	0.0551064587171979
0.416982892898462	0.33144815522696
1.64708380878522	2.13084159141688
0.725018355534215	0.481313477672788
0.403763098956825	0.333948012345148
0.421845616815763	0.336422093391624
-0.386864811322845	0.266303638982234
0.187119662786556	0.128744594221368
-0.0134393947480819	0.00876629817460389
0.516490019297918	0.329766753072557
-1.32590100335439	1.0894403969608
0.00716046816359523	0.00378095019554434
-1.23753474387165	1.15015167770228
-0.13010841923734	0.0731178358305885
0.192825569058612	0.133068535245053
-0.0972209485091378	0.0569450547961779
-0.907843158294734	0.660130689442294
0.749891927560645	0.630068703604834
0.832796650524136	1.1654112055064
-0.792686395283389	1.24232956416637
0.0114743168184697	0.0141884146493912
-0.238064279744472	0.31583217483065
-0.189417948752642	0.187792398231767
-0.388743835607175	0.484871122673369
0.156173389551145	0.15959709465772
-1.23659170811322	1.14915724034091
0.571559522768778	0.568984133071412
0.530318134851819	0.461973726330796
-0.207758771396967	0.205093232334479
0.113176933016458	0.0888125532246665
0.289648149061192	0.218190507407472
0.801469842383825	0.761449879924652
0.129699026001756	0.110958749629964
1.08863313212673	1.79324651301816
0.982517513515972	1.29423992821817
0.484408702640122	0.448169504379611
-0.85835305083363	1.32574450971835
0.315034057961213	0.339778694715164
0.342677248766481	0.519857978891188
0.201363755918751	0.161919830795106
-0.202274652994397	0.240362998236316
-0.476089236166944	0.614952757072786
-0.178610329797725	0.215958073360841
-0.241467956138006	0.247637856263913
0.161438619795304	0.0784736394480948
0.801842797276405	0.637908614603449
0.345093529568062	0.193454696684746
-0.780396746762771	0.596406809029882
-1.81370026014743	0.735177636322616
0.397368290556638	0.179765383634484
0.670081697347895	0.212111377241056
-0.767022641863621	0.33272570428858
-0.232400542938485	0.115975838334179
0.374116124954744	0.189905009465218
0.962920020379329	0.657169530697911
0.910407770395943	0.492654484700594
0.668231498679602	0.478633941087472
-1.13784233553032	0.983844600124408
-0.601642616826201	0.288463325677996
-0.229442918401789	0.114535591230743
1.46206486861711	0.914334307401961
-0.314319478603717	0.187419787718685
-0.52096424641743	0.430950637164394
-0.116810178529617	0.69459508712078
0.0655062125203731	0.267715749982001
0.526892430799161	3.391553418945
0.40452321487603	1.82712289671968
0.178907186018308	0.773807555630307
0.585596177273591	1.84121829960912
0.602808816566283	1.65855291402778
-0.244539142423955	0.441346753994269
0.572363058867018	0.946292566399919
1.11484471736582	2.35087453121515
1.4228281815195	2.73519120520541
-0.511218296502255	0.604253946661234
0.265120517279643	0.288328037794325
0.478719482848191	0.441666307582176
0.399839521493906	0.434337757657831
0.0806779054749903	0.0548349124230964
1.10001610933102	1.40170936292408
-0.274372744769857	0.297634513708118
0.124035041878979	0.212156297834845
-0.163948177891357	0.431727571709077
-0.0808668438539346	0.12410955872158
0.0323987375563318	0.0375789583439832
1.23862552533606	1.62783614271584
0.286225977256976	0.232893094311511
0.0511427729961782	0.0300159731364057
0.749891927560645	0.630068703604834
0.304200754438538	0.231012451897439
1.77634510426704	2.19547344925141
0.470623811394085	0.343682319987457
1.15793187731487	1.32148277066755
-0.230641204864884	0.115203997874869
-0.787233309211602	0.429479742050556
0.157834213782735	0.0766302858653559
0.717992836329228	0.475285590241759
-0.219217300485823	0.141935132117484
1.25075093883571	1.23014343446223
-0.136524469892892	0.0768694590050433
-0.226165615649994	0.112843194180798
0.0343638424346491	0.0249015761828192
0.40207528867409	0.448310876951409
-0.548740159135841	1.3985129370605
-0.295020027722814	0.457034824938745
-0.071497494004043	0.0639269962688437
0.300692517242699	0.390300107571822
0.0324872116267126	0.027551265567286
-0.294074884664582	0.389414858978229
-0.213086006896218	0.179367487641361
-0.320346522159792	0.32721902543041
0.567205208496523	0.655654844944305
-0.284750340250962	0.346402297473902
-0.252667840904118	0.206028177664372
0.12373282729847	0.102957006468537
-0.119396695571491	0.10312443129654
0.609535589544884	0.756290247792583
0.0487428757374054	0.0434204711357618
0.570698268813959	1.01584026735341
-0.272095207872775	0.340208981222993
0.737146730338003	1.31355853458338
-0.203475818147677	0.259083725143023
0.996339793580655	1.09665495169424
-0.345724800439053	0.518629479217737
0.379947957287447	0.593609176795663
-0.72882024193936	1.54047868634625
-0.191011958855679	0.232502433726242
-1.46027309469419	1.01601432241062
0.0101747389381021	0.00519472521490083
0.692532404089303	0.323793911411476
1.83259355517544	0.716473450995655
0.368379708890794	0.186551983559977
0.156283462427496	0.0677795471410787
0.80516726930765	0.641801512387274
1.08924527349959	0.671647091117224
0.151889703183871	0.0514338266751557
-0.149915159045215	0.0535975402652961
-0.718972834438042	0.245626954230634
1.576793970057	0.782691782326947
-0.173403185111863	0.0925198942285565
-0.79083896625647	0.432002208494707
-1.4850052815207	0.748705982915854
-0.216657809109618	0.0697687117469907
-0.301484640154937	0.138438677776884
0.0410065494107593	0.1727987759784
0.110188702470908	0.509348630328615
-0.140562328391801	0.562103679647651
-0.188022915204669	0.860487710009704
-0.106226580168443	0.301814010963028
0.0791777283782805	0.192530163082232
-0.99411956631841	8.89023043989557
-0.0399588812910265	0.0714573613325526
-0.0570909626949066	0.0891568562522495
0.124334863283728	0.209017881934219
-0.0462591628005411	0.0677017343596892
0.22368485929483	0.394202599443474
-0.268009656190226	0.437546774324264
-0.615984137480842	1.32213988070706
-0.100410968255213	0.126927468451668
-0.0797912183057418	0.0926733138863215
-0.211738346257734	0.336736811802406
-0.272185140312415	0.570265668385801
-0.726277221189409	2.19228342799598
-0.21826805821493	0.394891431857848
-0.671939608125091	1.8062009118541
0.0877002447968572	0.103499276181494
-0.278629693348539	0.345141604984201
0.232526202300117	0.30302493912373
-0.180018391508514	0.199179862811415
-0.0828260226106043	0.0803184966684812
0.536545712529116	0.701218618837063
1.00373812988187	1.68074811884667
0.431146830484629	0.428545486256132
0.358148871822025	0.343254703570833
-0.146374585230872	0.144998733314095
0.2640549034142	0.269999661639055
-0.205078836677094	0.202087007266308
-0.162687342558802	0.13899878699852
-0.158998364457685	0.149171965254525
-0.735675682330737	1.02361298479848
-0.286763540569208	0.314101907955319
-0.242133155513673	0.202097728400392
-0.0859941199870569	0.0751958306092478
-0.466408301699053	0.494324374702183
-0.534435828482299	0.8085780864696
-0.572301652149532	0.832936672887063
-0.456784706913827	0.513805522466511
-0.367091235232772	0.368511309123894
0.334764966318065	0.358487771912233
-0.322813817172515	0.288921309289213
-0.0469240904711176	0.0292735448009861
-0.908076298568566	0.661238410329016
-1.6741014725306	0.945692068861755
-1.99210368220447	1.39557317293182
-1.46828212536429	1.02331308095446
-1.07934768242602	1.03323375358662
0.181429513990556	0.0974741098569144
-0.0954294918567521	0.0378870358269543
0.161768354550156	0.0703051225615968
0.36792524804629	0.186254372360462
0.0472649147910936	0.0277386677403707
0.0445344431813578	0.0244469007995334
-0.0681866591641443	0.0413349749997377
0.797295061971444	0.633186002199037
-0.0434242514502962	0.0190561181163749
0.491272416719566	0.338083563784548
-0.211266830124093	0.0680954468365414
0.0120217365208808	0.00613362978576513
-0.0497335176808039	0.0310415446708566
-0.559325618972669	0.404906358956799
0.181679180152076	0.112605166304959
-0.0998620985736747	0.058533525015321
-0.350171159705734	0.30929758528916
-0.454666353425031	0.560318547483893
-0.45052540792298	0.452416618147567
-0.241509554058982	0.178377420289151
-0.131594325399682	0.105480463462757
0.275338543879944	0.244932043023814
0.689817378542577	0.71960255755334
0.33956203218777	0.207429156107495
-0.908772208810098	0.661985088776621
0.460890956868686	0.436608613752778
-1.04963812392108	1.09617983499876
0.649644671081479	0.690627451297696
-0.0656746719013447	0.039783039468465
-0.0545663205232828	0.0340739258820502
-0.377247171504518	0.295952983595844
-0.320647063574975	0.226055809328826
-0.239597749568076	0.176811104974887
0.178708747816609	0.116898059767121
0.107693285805566	0.0768067606930543
0.951101284257164	1.28155768420563
-0.376713635110254	0.258006250152664
0.076337227912525	0.364179657226783
-0.170366597156824	0.92792698628359
-0.16886131440605	0.780653767059667
-0.000283505794231184	0.000720956038018422
0.0710570357818451	0.199339863232485
-0.743257559726829	5.68020147891395
-0.154873337046012	0.414333095186645
-0.0490663606343005	0.0886765478197617
-0.002689255380657	0.00400539997365308
0.0592730403296749	0.10339563991991
0.136512706141607	0.252021000491098
-0.125639389145723	0.205002440245631
0.150851615395927	0.241537351669434
-0.0954020826145526	0.12435261243725
-0.314316933477988	0.525326962406704
-0.152539950942323	0.233452150230444
-0.278170440641813	0.533673136909531
-0.024356230788139	0.0257778223118021
-0.683595242047045	1.85632606950081
-0.0776473954895686	0.100792400669964
0.119559213475359	0.170524542360948
-0.276365709155766	0.395445818288585
-0.287555447414838	0.397653579934066
0.165431387213695	0.207640748945431
0.234622971911168	0.305081221391154
-0.1745555748432	0.223741809469091
-0.38028105846514	0.501699666163288
-0.731287599874878	1.37407813734304
0.341581937834302	0.341807895488048
-0.130156440081069	0.163467014372914
-0.335540254593808	0.464730388157457
-0.698943510519207	0.976993995805391
-0.597368735866676	0.736449530891432
-0.539066473480217	0.818704056771267
0.590702540269643	0.856995120749338
-0.122686638913791	0.117682677227751
-0.0595576016165686	0.0484921574591043
-0.184197868263648	0.20460163299183
-0.554236206556851	0.74899809969603
-0.504061559679608	0.70568309260092
-0.295238295748758	0.341384174162283
0.0392569092858457	0.0284789294183215
-0.138750349387283	0.0941368682021206
0.0210038406115997	0.0169178160140475
0.874911035905844	1.00532382672448
-0.0924182674187254	0.0540259919399517
-0.519206724701637	0.195956166156021
-0.236007128478404	0.117964553702969
-1.50884424560785	0.535043767502043
-0.729206528732148	0.249387911798509
-0.536003227999764	0.338546012785259
2.40846429337965	2.05965340993367
-0.3395018260887	0.0972061822975938
-0.389430114431513	0.161873120994465
0.402405301815634	0.182229392818789
0.437184770994276	0.333802237116441
0.556719208237216	0.466608822759751
0.932547130992175	0.816242603976632
1.77618616603789	0.989230971916078
1.82903419341101	0.714431883475109
0.442219797808921	0.177210101023049
1.04210966752671	0.393840140799123
0.903263897774606	0.487554898398984
0.0127769026945154	0.00654697909517199
0.395106947025196	0.178711239528839
1.9119291273033	1.65821217079282
1.54903150677653	1.34150806925375
0.80106079619276	0.637463499972405
-0.383396241176701	0.301661255516878
-0.0936103038744563	0.0748988810867285
-0.939158725339329	1.35300674498282
-0.307515540701931	0.272767948995818
-0.871918102745453	0.79953264965333
1.03684835866904	0.98470789570886
0.317990570702137	0.206920061632969
0.186734980776279	0.122555002487889
0.602989301605789	0.745160944031823
-0.105602629119846	0.0851391685662975
-0.0966587646752768	0.0566045421669601
-0.518821757302714	0.428669932667768
0.335899398213065	0.20494277673178
-0.423006420911066	0.363299169332579
-0.270832202927207	0.241084090357086
-0.0712160851953918	0.052342135546819
0.438520888642306	0.437959310078174
-0.287993745071615	0.232149393293122
-0.48368311072316	0.480311344373004
-0.961096643301229	0.941033024106133
-0.220606538471739	0.071036835690658
-0.0254657916706283	0.100252407595466
-0.1292307032695	0.657793829918476
0.15783806206647	0.619590503751187
0.0284698439976621	0.074832034982269
-0.151803270633198	0.474982075102895
0.00551237243088822	0.0100725207486548
0.230887439487154	0.545529416060398
0.210911965485445	0.432312253473865
-0.0776907663282911	0.119155524516682
0.493379345960726	1.20352750658484
0.492133062949993	1.0940502880476
-0.277498622676911	0.480417745043021
0.203135118287309	0.273689523804245
-0.227787891469406	0.279527672776118
-0.510891233282946	1.18324640065897
-0.140300901683758	0.226704626354966
-0.398958585273343	0.796262814211674
-0.276618385959025	0.527303258851164
-0.349772359642315	0.667449254040988
-0.181191799741386	0.255340930785588
-0.10575844111347	0.11426600787055
0.54076747097646	0.865038278551414
0.164716583539877	0.206524897070487
-0.47742389208512	0.775003281995864
0.745692645694241	1.17740154600334
0.402350494090155	0.515524803752418
0.259576453301658	0.291688062735611
-0.0613506068713682	0.0567910479341232
0.131072871650054	0.126669537266375
-0.228623483612563	0.224941400811482
-0.225503545791767	0.232745044768934
-0.591377470812253	0.614993801919635
-0.330181157274719	0.414181744363475
-0.703735736681652	1.16156833019571
-0.818143009954073	1.35991624227737
0.869460049120066	0.799300608001125
-0.218202465450295	0.213040461098914
0.0404470602713446	0.0221870452884426
-0.0955094513105143	0.0558750339105477
-0.789714582511238	0.431147471520847
-0.334465167213362	0.0958562903993202
-0.21750140385887	0.0700056929839968
0.157124305046094	0.0681754043113497
-0.982457998795794	0.486283958666987
-0.236113743809058	0.117991200121505
-0.306930508022665	0.14097542601632
-1.02612472596118	0.405418891515416
-0.0965724066579497	0.0383192571999951
0.166776441470876	0.0811736923491887
-0.0512879649295323	0.0223862342367708
-0.380626907212219	0.214121838393056
0.451240643407656	0.181143919700285
0.162338925211519	0.0482955049730846
-1.158457118876	0.647907839946175
-0.0905508321659893	0.0359572758913501
-1.08907908224832	1.04707550944536
-0.12787470918024	0.071829724489604
0.160909880447129	0.0782553263672881
-0.337924641037297	0.0968088152153293
0.700234135741851	0.32827596633836
1.45732174504905	0.910557851756689
-0.641938999024694	0.379077943724899
0.0404470602713446	0.0221870452884426
0.368307128342483	0.186785417710667
0.174983610803911	0.0938242557047751
-1.01881467813406	1.14118356788323
-2.05265503420905	3.25784527646183
-0.4354863987255	0.433023399295461
-0.181961436830971	0.153856368538603
-0.247347655700191	0.183271528962052
-1.09458118588454	1.29344626960658
-0.34024971845091	0.272522367109531
0.345821759864171	0.193312726486254
0.750389714551133	0.630911952663471
-0.379384201183585	0.297964744081043
-0.710634449745053	0.72824958071876
-0.217578389553029	0.164321405908661
0.0725301972043256	0.0450507183476948
-0.382697948827224	0.263016232639311
-0.180495963769179	0.152503716733262
-0.181392478875926	0.138586678112049
-0.534561026006632	0.445568614691621
-0.49584295391327	0.372700424665402
-0.252189134715208	0.227548689469339
0.0197806726939681	0.079190198951203
0.0820506898441588	0.327799044920516
-0.308298774047249	1.61013009913283
-0.572353513291927	3.32465291055333
-0.282029978847681	0.80353534115511
-0.188852483905987	0.393453592438966
-0.136274306244203	0.222788913751175
-0.188972830115599	0.334997938522423
0.328693865618137	0.717619745298067
0.286348186131267	0.469926729167052
-0.0348454375533401	0.0430731962984961
-0.0628388710411343	0.0723916598016155
0.253026220213107	0.316420113819938
-0.269591887155303	0.474893700726924
0.1281498655056	0.2617006397865
0.215242357516174	0.537469271372193
-0.0909547516540399	0.154668562071125
-0.394914991823706	0.964243026340781
-0.22573604311176	0.276345161934804
-0.138066232983944	0.138004048140816
0.160287118690902	0.169841585213464
0.237648842872904	0.280048060115989
0.209295982861576	0.21476508301896
-0.144592942881398	0.124523787247327
-0.280271746651603	0.334020361703539
0.799788833142117	1.13169442818246
0.45466222144301	0.533921655870874
-0.0229765630508016	0.0174733170000626
-0.161115604882107	0.171100543295072
-0.242565357822203	0.202497984876742
-0.723792030301039	0.879715349547432
-0.272494892862653	0.295267475000196
-0.207720037272278	0.215200066672382
-0.403053511318626	0.582715982786134
0.254644440588611	0.366982108568197
-0.642295779434347	0.999551271086774
-0.154926290139233	0.163591940419033
-0.0924741629445476	0.0927650252242401
-0.0197006030426186	0.0149761469582562
0.270405617381335	0.259347615138442
0.162867177476186	0.0871175797719787
-0.481485399203189	0.477641170247362
-0.461151524114473	0.429093388078215
-0.119790354231269	0.0833259168907149
-0.0479765120202113	0.0299404346760803
-0.487361997484234	0.364806233234309
-0.0933520028404173	0.0546205703899619
-0.670362878650006	0.528099681032239
-0.176771734757039	0.117410164067972
-0.320295382764775	0.307437792161862
0.191157554764006	0.125718519434728
0.331359226860167	0.217066799010507
-0.668080865073071	0.525776992670564
-0.21534925193867	0.13918100955978
0.927105805263819	0.809308212410241
-0.0593125504193307	0.035911620675597
0.759139697293487	0.747891868288114
0.0856880621908055	0.0605167633695186
0.493264177252867	0.535055700457171
-0.0831733327019809	0.0674090108609875
0.338463704957459	0.18914172989919
0.524941887940373	0.455657181031494
0.630718152258753	0.48260963555673
0.656392787695561	0.700307163903371
-0.379625708586955	0.384800157821938
0.0384206763424001	0.0287487889711612
0.320307145409492	0.354314486120429
-0.570571192478933	0.635383178847382
0.0229356016124823	0.0220269649979842
0.00739277964430345	0.00662384632549321
-1.7413081125405	2.60277111327546
0.985335972787242	1.07862447195693
0.554341561818062	0.464401672157272
-0.214794542627757	0.138806579794916
0.93058787951739	0.814433666259204
-0.6436822366453	0.380989735358482
-0.127546501669739	0.0716383183602753
0.815712294643663	0.779823028719692
-1.08277854011888	1.03852191454756
0.0115486440342106	0.0406437087413016
-0.037358812662767	0.126995917718721
-0.183542591689377	0.644422608262197
0.0489159322382766	0.103813713424726
-0.0116480344101763	0.0196916531037761
0.00372024274351705	0.00564425129536016
-0.178499263279292	0.338194873700377
-0.219514830976975	0.416125225079554
-0.0298538252582775	0.0395031152978134
-0.0171565491455194	0.0201098942628422
0.0428760389112808	0.0566975715545075
-0.150144077967847	0.193843649868345
-0.758103093016673	1.78521925384741
0.542326790799315	1.16434816409654
-0.135839071663252	0.152381465110877
-0.433360684246453	0.747132086344412
-0.481642871127362	0.877936465259275
-0.178584300698476	0.250887483225689
0.255786946833493	0.311169068609922
0.132943952731758	0.150340400499826
0.327332109874426	0.439350033415381
0.286204402741315	0.3834719760213
-0.00583387004609397	0.00593072469675632
-1.10632490861645	1.81901627064884
0.0886768720793621	0.0925006096935035
-0.144312546236295	0.124331746781403
-0.377654149446586	0.530377935478884
-0.194762844408483	0.203098228520371
-0.367944945427316	0.344944665554157
0.423462531235541	0.443027594364795
-0.512420986922112	0.628296894382119
-0.30774028293328	0.362556340797201
-0.847045607731665	1.39796280088307
0.41648694861141	0.331053449196223
0.521893296108732	0.333627559805374
-0.778656144320568	0.787947993056535
0.162611067806771	0.0706845650862193
0.183898641236243	0.120552489057329
1.78360454245044	0.995014608352168
0.956021254579335	0.253830462538477
0.173940988172143	0.0437550114519682
0.956455214607419	0.253949648163622
0.164738242561747	0.0490009495728858
1.32836208436611	0.578930457014918
1.07227603638649	0.518410106258601
-0.661140986259148	0.461129835730047
-1.50922180218546	0.535188573690381
-2.57421277656498	0.657506382974291
1.46364987732708	0.48479584486453
-1.67313315873037	0.944865877135138
0.40128520889548	0.181574932992367
-0.722611557468775	0.247018823049159
0.166784200245953	0.0810854568270155
0.527404119121822	0.188820766466342
-0.401569606764653	0.16762536090385
3.26630303248094	1.12023058934939
0.163161259039589	0.0412993244326861
0.405880644977478	0.183889503629006
-0.0698002408875339	0.0423093396696762
0.338118536534136	0.206402103729554
-3.45228414088993	1.22181665198441
-0.142327666144008	0.0509419668309977
2.36519179042752	1.18155565800586
-0.624623675797245	0.151937920429117
1.34289302055636	0.586360048830264
-0.905904906753246	0.659049503629506
1.46038697821947	0.912396665078147
0.440284390875295	0.1763991785625
1.78440047264883	0.995768503418283
-0.52647110690816	0.331559977524695
0.0836753741759925	0.0546546645969115
0.301222872790493	0.228407143894583
-0.265165856273305	0.217909656073376
0.0454763716551771	0.0350780826288749
-0.214615465459606	0.161893587922303
-0.562648133005684	0.511449948464806
0.519684240980255	0.450108798181569
0.0639401300703618	0.0396502067381896
0.188128903204903	0.140423654682413
0.016817541467279	0.0117481264423475
-0.453715363174436	0.420381427715186
-0.184047231733628	0.122649665108884
-0.00500251731807682	0.0033412346477419
-0.778548863310844	0.729053033722966
-0.0136161750056611	0.050158877013556
0.073753575895156	0.266528321921427
-0.175843830279723	0.6404214363484
0.00401545543320266	0.00812786691762878
0.306420763687645	0.983781881423951
-0.138926432839876	0.306872238050126
0.315726384699773	0.863676952367633
-0.048345571967121	0.0768759940885009
-0.106783537732494	0.177390280488509
-0.189528909139895	0.342929673375239
-0.583329867771353	1.35490803045501
0.214709941343913	0.356321538224391
0.286074185092842	0.47918234037956
0.462012177445831	0.518544335932521
-0.188996359901671	0.245945976582984
-0.636119048714089	1.37637566480718
0.0287534436906388	0.0353543735259703
0.273585831651466	0.463353829088164
0.667743079904897	1.55845952267089
0.124480385252619	0.164129246307463
0.128402410810006	0.140574912317366
0.175993742666187	0.223350998262598
0.66832686149222	1.24205652402032
0.243065178683696	0.318666173072326
-0.473366523050213	0.766179282432432
-0.132003203897527	0.172306957069991
0.0128694043532562	0.0142443550129761
0.100655769010091	0.110567663580235
-0.533565435455	0.687626863588637
-0.000198728315875798	0.000219167538582906
-0.745740532061728	1.20177051861149
-0.681764487455386	1.06697580280773
-0.821460722776273	1.32295523883497
0.330022717765286	0.215885866510956
1.3366322141597	0.58354097730275
-1.32646026693809	1.09016912878108
-0.0563363909327053	0.0245193829487504
0.151787472514646	0.0514129164609266
1.04726688944174	0.396088731238016
-2.57421277656498	0.657506382974291
0.675591354383564	0.213968352567141
-0.620903335937371	0.151058535991718
-1.13338534815793	0.341498686250824
1.83009713438939	0.715173729277155
0.165423813155535	0.071856546794936
-1.13295352450292	0.341266245931736
1.33832717539423	0.584318770270918
-1.507638227659	0.53431243522829
-0.624183598429151	0.151840837481169
-0.523547828805167	0.197923268795224
0.674624067917918	0.213658555919133
-0.0934903546081117	0.0371047509307854
-0.343432234206214	0.0982903961052269
-0.620473624670499	0.150917804175241
-0.625191995446008	0.152059991852936
0.531345582827114	0.190314424621574
0.135390902386817	0.0519700753805544
0.150150342967694	0.0651467775824773
0.674624067917918	0.213658555919133
0.959865181244613	0.254814612498812
0.155282002123357	0.02934225636165
-0.34307485466429	0.0982470421897248
2.12237275162321	0.948156957082224
0.956021254579335	0.253830462538477
0.452815663044544	0.181774380439293
0.171571286211225	0.0918556046384243
3.93818909907967	1.72414013073745
-1.28498160051162	0.57834254708996
-0.0928698189527956	0.0369039896605711
0.803575549111018	0.639819483145704
-1.22383505900417	1.95687633948114
0.202690289660947	0.190620225533373
0.044411734635219	0.0332948599739813
-0.0144383299318687	0.010996105565561
-0.556193147917777	0.40197954569341
-0.100741503790141	0.0590463392868283
0.0758076925650455	0.0494008973598407
-0.320659430056259	0.327672203087216
-0.163762628636951	0.139826329224642
-0.181358380608948	0.138586473192094
0.0311436275816414	0.0225430147825747
0.196967112354952	0.184435422001867
0.044557372447842	0.0343579892377677
1.23166568374982	2.3651183774987
0.0533189443141963	0.0423330908825582
-0.17739600651582	0.135200951581136
0.0743660263144661	0.0639269094519286
-0.711249124054396	0.729261225594587
-1.62326747709162	2.25001127170309
-1.7975657981284	0.379599665892429
-3.75288411079685	1.47718399320021
0.0251804148505408	0.0923030706248657
0.192827927132311	0.967368536033059
0.155921704744927	0.454228389879605
0.215636484263739	0.587219660420637
0.230345977765228	0.650541546402106
0.200358581084775	0.459985419999819
0.100010101399744	0.17156937827571
-0.0672801939781939	0.101491409732607
-0.0983092323786344	0.157595268870111
0.194848468724326	0.314123259922045
-0.0134895978109085	0.0175547978665653
-0.00224954621568874	0.00262513685610468
-0.27381039527501	0.296884708204808
-0.227081532616355	0.288189398816873
-0.133942056408765	0.180379132202492
-0.142634177845846	0.200507104709725
0.260239476993916	0.377378871291943
0.291282944017981	0.449550631388431
0.103770088664407	0.118710686056614
0.0162686491538326	0.0167616192287581
0.48040231291209	0.858391741716898
0.527060723687924	0.783027894014957
0.399158977472266	0.548075119554878
0.0237032995167878	0.0216773646668016
0.0655227055872159	0.072214246110919
-0.0174355186749009	0.0178583406787659
0.0754550431136466	0.0756188993939898
-0.0837222417441023	0.0679041011908359
1.00193504049465	1.8604380867707
-0.423669650783345	0.47761904021946
-0.886134292575928	1.225010376773
-1.40371742784669	2.22690066206594
0.159799035862412	0.0775152822174535
0.525506097748146	0.336531642608809
-0.095394035752608	0.0558527109220043
-0.477961647786616	0.250216747288543
-0.089783731268869	0.0356915480451247
-1.12781381973937	0.339579374120096
1.46166504880046	0.484245680586438
-1.51336055363438	0.537061579976289
1.33351744615377	0.581727707383388
-0.140651316284371	0.050336834066957
0.174503749901052	0.0438676710334476
-1.81352302981117	0.735065306555984
0.174503749901052	0.0438676710334476
-0.607523134848844	0.29170254526199
0.166279076961167	0.0494077549790747
0.447719113317435	0.179573027507233
1.45652080007828	0.482281887456809
-1.46362645766004	1.01809939101358
0.168662278675518	0.0500652630774407
1.2583089628787	0.878484918176343
0.530519377174053	0.189974136950743
1.46109938210879	0.484014060767982
-2.57821111666453	0.659475059970799
3.26835783601252	1.12163011968705
0.158071334427349	0.0534552109956331
0.69284935645393	0.323980193410431
0.16934280349587	0.0427080042196444
-0.0934903546081117	0.0371047509307854
0.157971563808893	0.0296806747786729
-0.386948793919818	0.160830154647546
-0.226846217348346	0.0730041921300852
1.0455067302297	0.395217247583679
-0.336346534706249	0.0963182114993482
0.366581052729103	0.185904940631629
-2.28948011493196	1.1556780036359
-0.337924641037297	0.0968088152153293
-0.234746250480162	0.11730894654437
0.182792038819617	0.106281111543194
-0.0328674858850079	0.0210080645241606
0.623044607737718	0.757520493597157
-1.05760211614165	1.10838408452916
0.859346082977011	0.787114765257457
-0.114654797953627	0.0795463499793446
-0.0134393947480819	0.00876629817460389
-0.02240696911153	0.0143804163526561
0.519282472959986	0.555806670139688
1.11100376280964	1.52037497097033
-1.28428973014158	1.73585322338313
-0.694934288710533	0.895451709460147
-0.672234023496071	0.530383349662129
-0.593326993113166	0.617604443270677
-0.323707645037234	0.256758931747682
-0.171475736118354	0.147308047952103
-1.18084556837963	1.21171870580661
-0.985460071216721	1.24390845576013
-0.166747988507463	0.12995364306767
-1.81230096904141	0.73434889647897
0.143187430402891	0.816703774631488
0.0273446771257108	0.0896695111475839
0.316950890352752	1.44762706770854
-0.145552350491893	0.440547845657989
0.0696682736786081	0.16225732626312
-0.0466856642761088	0.0868924487027766
-0.224484918575264	0.545645262229586
-0.40040138672941	1.19993896268731
-0.0439401142922016	0.0717301736149681
0.129695318756628	0.218623952051224
0.269790418135191	0.418551027509392
0.282639134926361	0.321300897335352
-0.311867856941445	0.47388937932902
-0.344347750504725	0.58339304087876
0.0283987267069114	0.0394741749627273
-0.183753825568914	0.299588523729803
0.00230716237868635	0.00287577144420307
-0.0988890419110389	0.149536530601203
-0.104453416941165	0.149176399086861
-0.373766749946868	0.762209324287334
-0.251521451579604	0.368355184010633
0.388528193647036	0.686749955293615
0.247732696221127	0.339275396453512
0.334615967797982	0.642753318103054
-0.248531762291852	0.381185288598983
-0.229984805863554	0.28276936407008
-0.357608063395801	0.546170874224468
-0.390884815980259	0.640461545939589
-0.41873477175995	0.613836678280255
-0.494333825497116	0.801443573506945
-0.240242447572024	0.262896351892789
-0.534835900379736	0.750032899163203
0.500239373696934	0.629510892549976
0.0354264277116066	0.0326572097395103
-0.607481619112247	0.914733601237729
0.100845143490042	0.0936602561023688
-0.669360402711785	0.777482814945563
0.371278343995124	0.188314441533233
-0.765682827261857	0.332157438971102
0.151988328341799	0.0582326555163163
0.151061641523147	0.0578640062767647
1.3329197605053	0.581616348611346
3.6399901361893	1.43067029650081
-1.50861948725752	0.534748868530857
0.157971563808893	0.0296806747786729
-2.57821111666453	0.659475059970799
1.95879552552655	0.437985228139192
0.678327026073525	0.214743904761834
0.173940988172143	0.0437550114519682
-1.51336055363438	0.537061579976289
0.147791486804125	0.0641364230537871
-1.50861948725752	0.534748868530857
-1.50861948725752	0.534748868530857
0.402109168896324	0.181999818671949
1.33686934913081	0.583851214307558
1.96649418078604	1.22997614348551
-0.216657714135014	0.0698098910080456
-1.0315123105195	0.407955460099883
0.17351044503084	0.0436385160120603
-1.80127875869	0.380587746892248
1.96618645133891	1.22898315939808
1.07280113240065	0.518740866120925
0.152346609586538	0.0515961830574703
0.154141692684137	0.0521718492986209
-0.3395018260887	0.0972061822975938
-2.57447078703937	0.657780381714024
2.75704467106166	0.766025498669684
0.158989511121608	0.0298299152293259
-1.03185885274162	0.40806025964587
0.166894126545373	0.0495801423286346
0.1677792397568	0.0498341730879395
1.46789226342383	0.486336319771629
-1.07622018966644	0.732079472754274
0.370339371696997	0.188040681258566
-1.03343965223155	1.60250317912486
-0.177357144062244	0.162222455212304
0.343714867136632	0.352941739200964
-0.455840376959692	0.422832147674092
-0.0762344279672663	0.0549110470566524
-0.773790638206725	0.834713737426955
-0.501581811791707	0.52806542717124
0.0724411120431923	0.0608837930987357
-0.55429924703823	0.681533571273201
0.41878139169619	0.437574210031847
-0.696007006298625	0.9705670072054
0.183238438268682	0.162148169447582
0.00786570200165877	0.00524131524713175
0.268689024696089	0.275849292324982
0.545627156924965	0.555404339752507
0.516687830337624	0.64235052477994
0.349566196016723	0.440531588023641
-0.0643967458657621	0.0525477262960986
-1.7975657981284	0.379599665892429
0.157971563808893	0.0296806747786729
-0.625191995446008	0.152059991852936
-1.7975657981284	0.379599665892429
-0.0126750078707164	0.045337154677937
-0.0719050132156588	0.268187932997505
-0.0210172917782313	0.0534176060544545
-0.104122098871957	0.28833282250045
-0.11234414082695	0.255887080961853
0.142622849096341	0.324824180230048
-0.407433925712145	1.24160090078675
-0.37896782364076	0.961918033269037
-0.0626062290269122	0.0930858834922627
0.0628909110548335	0.0833124573498587
0.0432226965360637	0.0332906638068732
-0.38627618045332	0.589016860587985
-0.894660320299288	2.21933619122701
-0.0402544306924798	0.0559693236876231
-0.16093007900712	0.273807586980447
0.276039999113669	0.49123899472373
0.158275943817469	0.253161971622723
-0.151861704133644	0.219910539349528
-0.374081506339895	0.736113523987462
0.45187636916258	0.880717349360368
0.396935082593873	0.732475064943866
0.239408176241841	0.32074207537026
-0.0837529608053115	0.111007599059496
-0.0419431489405489	0.047749589070288
-0.390142670382927	0.618063798483356
0.180074139759189	0.237736067416266
-0.37611830355862	0.61570394169048
-0.386811340403092	0.631059088897351
-0.357429278305842	0.430761163729869
-0.622490234991481	1.07700609645887
-0.780948009163491	1.21443201160207
0.225820854270588	0.268667280829955
-0.316868023737078	0.453503666490251
-0.116695597939328	0.10966049218005
-0.654539273003232	0.717012555594774
0.345474650760155	0.193434352364799
0.678685727410979	0.214982042405379
-0.530983352861392	0.334994002824237
-0.0512879649295323	0.0223862342367708
-0.0454789155262837	0.0199269367208018
1.82851727583204	0.714435845516616
1.95879552552655	0.437985228139192
-1.12825544522804	0.339732258677114
0.396090866464178	0.179084959360381
0.158989511121608	0.0298299152293259
-1.50861948725752	0.534748868530857
-1.7975657981284	0.379599665892429
0.817859684062547	0.34292547743413
1.04726688944174	0.396088731238016
-0.207552046542627	0.0669242972383358
-0.621333103088639	0.151104040920032
-0.147621344093642	0.052731494161597
-0.050824279924077	0.0221773946297894
2.12237275162321	0.948156957082224
-0.226170748000421	0.112760707696206
0.158687948318654	0.0472850694532285
0.526808022811829	0.188639363777938
-1.7975657981284	0.379599665892429
0.158163268458023	0.0471349639719474
1.7934817122654	1.00268890138322
1.3433893195821	0.586633554351245
0.955573890382782	0.253753322308027
1.83669143198236	0.71807947873338
0.679297187320958	0.21511425797511
3.27025913837768	1.12233669524588
1.46498308680977	0.485505347800691
-3.07750490916701	0.956880231933195
-0.619895187822925	0.150839789138775
1.57879132580641	0.783749996843909
-1.81078809873904	0.73326164335473
3.27129205644114	1.12317050813274
0.526808022811829	0.188639363777938
0.723238443586621	0.479602300056294
0.184609320216728	0.137516155566071
-0.406016400485162	0.378031260478247
-0.593189880809342	0.617516211431774
-0.414466970036744	0.464037851809187
1.15948114515316	1.43971340164451
-0.0780081332597384	0.0562384771675681
-0.303594662024184	0.330596096239556
0.286688904218237	0.241534232197947
0.204060004014552	0.187737561496969
-0.257176018513853	0.247689139890088
-0.0114932090699246	0.00985581037905455
0.392775495067449	0.336426802756667
-0.574917692921325	0.670823259775971
0.190174952354844	0.151907753015324
0.532095438330812	0.556081307535306
0.654227646468792	0.697156733562923
-1.03211431837163	1.350686509069
-0.0880256625688049	0.0637474296898066
-0.980162481068263	1.23402604572783
-1.7975657981284	0.379599665892429
0.15823182603157	0.0297179405544109
-1.79763019308962	0.379603777700996
-0.0496391712951417	0.202180458499106
-0.0638611435472817	0.238686460776803
0.141827314440837	0.473832561362174
0.391673675380137	1.48545157954641
-0.125311779469018	0.28028433374846
-0.100926388110933	0.208696851354218
-0.213899880434516	0.483921291651093
-0.171692818056368	0.295360882321567
0.00118345310210576	0.00147387950298493
0.521906912015529	0.63541233379663
0.345752219952363	0.53323982710626
-0.249872864796908	0.389858781838206
-0.149960864832534	0.255425688997523
-0.0000693208688152013	0.000105805088532547
0.207300791528483	0.358986943176678
-0.384648197484593	0.836421787655905
0.107206637228086	0.160544312657727
-0.223633457913837	0.384342807166189
0.433790733892244	0.825703197640918
0.0559287308756699	0.0691508235741373
0.108385635359529	0.134781062273659
0.359765115175396	0.749969904512435
0.175556395713424	0.241780161039003
-0.0939175166854285	0.110718407373346
-0.731100485632106	1.4087613759548
-0.329184916951721	0.453333769916331
-0.393859080300537	0.506688660764985
-0.312342379258676	0.408184312040006
-0.527080767840425	0.735383645950233
-0.642556709146559	0.82509175473584
-1.09590480763828	1.50270419501111
-0.52936323312983	0.333849808542097
-0.152033498617081	0.0543552821396957
0.906876023773613	0.49059905117201
0.613768718892135	0.322793186328133
-0.395904040590257	0.164946089819945
0.163853552605343	0.0487595972376143
0.957461191854986	0.254126256439643
-0.620326325745573	0.150885642821786
-1.12769593434811	0.339436368028373
3.27025913837768	1.12233669524588
0.15823182603157	0.0297179405544109
3.64405193165419	1.43312407887711
-0.334222652007209	0.0957594598898438
-0.343578042871327	0.0983670305679382
0.174933567082256	0.0439573605408891
0.675232747867266	0.213789953820415
0.168354166613062	0.0424807140134561
1.54712867562025	1.33742653227867
1.82816209415628	0.714241631039221
0.535308159768992	0.19186644934071
-3.45228414088993	1.22181665198441
-1.0225353038078	0.403750407139113
1.95879552552655	0.437985228139192
0.956021254579335	0.253830462538477
-0.177622702726844	0.0949054400745528
0.400092907540121	0.180878360638069
1.06134777962938	0.511984928791981
0.17738312662749	0.0444846964186047
-0.620903335937371	0.151058535991718
3.6399901361893	1.43067029650081
-1.79763019308962	0.379603777700996
0.16190498991222	0.0302625824147867
0.532792572738207	0.190847845049574
0.828185454384309	0.347969212421182
-3.45172595803352	1.22146685013561
0.171707889808857	0.050888867940594
1.57091614771919	0.778590031612286
0.516307155432463	0.329534787490827
-0.706112758131918	0.674248373312671
0.108628996205263	0.0801862019686355
0.00978447752531161	0.00789896005443072
-0.684399916478213	0.876417517545589
0.448383993446699	0.436352524490307
0.556606689737573	0.46669717252554
0.51127372025035	0.544412695096559
-0.331745973196591	0.312440826166766
0.338751486837604	0.338349917955909
0.531867707119472	0.555700087176862
-0.275302192251214	0.262187964549732
-0.155700855872452	0.106490203727461
-0.0687784056531687	0.0563093222564689
0.0493071131273269	0.0390743681386014
0.134319789926757	0.117950734047112
-0.00747861662180339	0.00492991660529538
0.0248452646758885	0.0179903160488629
-0.305575691159506	0.270714746049628
0.669462253710867	0.479776933047824
0.0455881856490292	0.0249982610324775
-1.7975657981284	0.379599665892429
-2.57472877667238	0.65760345889815
-1.12435877083653	0.338493350823416
-0.620903335937371	0.151058535991718
0.0234130142156588	0.0900399872590798
-0.0232816493285975	0.0778761679300818
-0.18693258459858	0.701942373370288
0.00889681661679257	0.01964900385239
0.0614859801374142	0.139847568875196
-0.31684452223954	0.96570966078
0.228373952314443	0.532424845115722
-0.124176397273414	0.19899640760191
-0.830870255259211	1.80726182737565
-0.131810863810481	0.175418796320807
-1.08199322579495	3.85735843294781
-0.00717831072913109	0.0106538640339527
0.183841295593974	0.372318833651692
0.221302662999193	0.480858109093764
0.572763304725591	1.60049382593185
0.206504209031485	0.411040565203432
-0.172603281440014	0.313058367043752
-0.214697498100985	0.386471623681522
-0.00432829134722817	0.00579377786718375
0.0587639387634724	0.0761291383154797
0.350358634108999	0.737275259581965
0.192293983135325	0.299555637099584
0.3726674136755	0.601892899513175
-0.295882056272674	0.484810096769915
-0.38780920476243	0.769945018446748
-0.116158060691923	0.157436899676314
-0.191064307345392	0.243233905071247
-0.227087288682984	0.274515541996724
-0.44317868185144	0.694166782188591
-0.256540272565012	0.313987329810192
-0.345081132304914	0.492867708004937
-0.304873932939995	0.401838495396236
-0.239140640379444	0.261388809294848
-0.725500375339159	0.963674733670401
2.56312502021138	1.4192552129809
-0.304690026087996	0.140078082672608
1.38199457664557	1.28683871608772
0.549607181511009	0.319733655063326
1.06458282875738	0.514129127888053
0.157819787360587	0.0533909827533473
1.95793128711136	0.437766051086387
1.95793128711136	0.437766051086387
1.33832717539423	0.584318770270918
-0.338896474896558	0.0970421752101679
-0.342463785834028	0.0980578484034576
0.158989511121608	0.0298299152293259
-1.1600224044876	0.648304551725203
1.06418889897584	0.513158960300712
-0.717191145070403	0.244966202456728
0.167164301060576	0.0496616909525181
-0.620903335937371	0.151058535991718
-0.230641204864884	0.115203997874869
1.0418455851348	0.393863567086238
0.694148080198457	0.324741670139151
2.36180968699894	1.17953323514936
0.393459839174683	0.177884064761223
2.75805496536761	0.766752929661107
1.4655515469736	0.485738470948645
0.807925465964261	0.488464094116614
-1.1599491461642	0.647816513733302
2.12149136184524	0.947562188308172
-0.214627712908801	0.0691154905123542
-1.7975657981284	0.379599665892429
0.173940988172143	0.0437550114519682
2.76197196120423	0.768541369225187
-3.08616775699942	0.960575893787374
0.532196819047093	0.190683131950839
-0.0988797787126739	0.0392375021212974
1.82816209415628	0.714241631039221
0.906424552624614	0.490451839615803
-1.50824112923963	0.534752090600511
0.309882139717304	0.225208211590234
0.0182492773794022	0.0127453380126256
-0.0132677399153574	0.0101468985023145
-0.729281272023018	0.930300890399589
-0.12193310664379	0.115086209478899
0.531834737678363	0.555727878196058
0.370121063724835	0.335989598006179
-0.41318399690267	0.386563933621127
-0.0838270402883538	0.0744248031128317
0.436704443419575	0.518173639140122
-0.282789078635526	0.27105888624689
-1.21345808822658	1.930929171241
-0.150638922121634	0.130359095162435
0.196001524571867	0.170882740341845
-0.496232547634588	0.558665230410468
-0.236630527732678	0.246361280455097
0.196557397366587	0.167001613006823
-0.409444452652052	0.483388656519966
-0.365107953015263	0.390091429411217
1.23760550374246	1.62619587340016
0.0316033665104572	0.0174417960426359
-1.81860731780454	0.737578883081637
-1.79763019308962	0.379603777700996
-1.03955080180322	0.411486380587959
0.0982319201907772	0.505382114304458
-0.103154714242857	0.433326463773438
-0.0845333744226797	0.255544194882116
-0.266796770307399	1.01189541341461
-0.224918509923523	0.701461925756776
-0.377157685680248	1.3974400107961
-0.390892087409567	1.10185621001498
-0.71607043422521	1.58985729814658
-0.57918052332179	1.76226148326868
-0.248945388434592	0.51104910451706
-0.0691248544342587	0.127644537473419
-0.0170808412867271	0.0280324958802374
-0.0868361759297094	0.161475213730029
-0.156230821549758	0.302448125215816
0.114593388604475	0.205819073918004
0.372158812819524	0.932731087805502
0.106779711332045	0.160957636470556
-0.0708783269214671	0.109473743224582
-0.120998287997326	0.184595013617437
-0.206988949750767	0.395788059701394
0.0699635798856315	0.105561515211372
-0.332140081126044	0.636015020987242
0.15236935797639	0.219064747119587
-0.312426922102245	0.625784158306329
-0.462491784868663	1.0330295655478
-0.150481060862471	0.218444151404548
0.0131189584197198	0.016194879159787
-0.261788104466999	0.430596469356888
-0.907922086727098	2.27302667876184
-0.110986160587571	0.131359164513771
-0.127589334073796	0.157055510878491
-0.324011430700143	0.489041933392384
-0.950237704132093	1.88654188859715
-0.929645371552432	1.52555991455809
-0.592658546428686	0.481283519263368
-0.0223302914449531	0.010436119487864
0.503335855629556	0.452080910896017
0.517428105860741	0.329935128333615
-0.170599072506629	0.0910246283349193
-2.47971899994709	1.38179946806344
1.56778547869697	0.776513427014314
0.959294652844364	0.254663957360155
1.33375387884323	0.582007204647003
1.45652080007828	0.482281887456809
0.831620070236954	0.349690062054934
0.956455214607419	0.253949648163622
-0.144702604958337	0.0517211408189538
1.06458282875738	0.514129127888053
1.33829831187902	0.584244755003543
-0.620903335937371	0.151058535991718
1.46265753359042	0.48460907431551
-1.3241153907112	0.829568826877126
0.535550464072287	0.191953357336806
-0.220606538471739	0.071036835690658
4.17847139446736	2.00361183825127
-0.0457824804831582	0.0200496935399015
0.15823182603157	0.0297179405544109
0.153738391983287	0.0520386273806585
1.25208583764409	0.870895249075551
-0.0995134343381523	0.0394413215067521
0.154019908119019	0.0521302843304324
1.83162438273742	0.716000775412828
2.75805496536761	0.766752929661107
0.143168127873504	0.0485920074774471
0.159251072645633	0.0298673857617753
0.17738312662749	0.0444846964186047
1.57106042527095	0.778277136038596
-3.45228414088993	1.22181665198441
0.53471313464826	0.191636123836102
-0.208984273744917	0.0673817472542538
-0.391710846289378	0.162959857875505
0.174026361813581	0.100977654484974
-0.440641871079328	0.439463643044228
0.322644404301029	0.364977954987063
-0.0830348991818606	0.0748365746975237
0.329156344736313	0.342855154080335
-0.0223042079564142	0.0169537107628811
-0.184133503625832	0.169306208171342
0.0998885358244879	0.0909916533112105
0.562370130001769	0.73081785859031
-0.395691641664187	0.472235077734148
-0.832837102780509	1.25539134768992
-1.10895544082349	1.53003406786578
0.472663120547728	0.534448216989501
1.08230179641778	1.77641238882704
0.335850550849997	0.343285890062964
0.264848063654667	0.271033872182937
-0.377312562291715	0.355877153421781
0.164913765392992	0.166693848739201
0.156076272555717	0.145331453643278
-0.0242168405047713	0.0181757694312727
-0.239179477446769	0.176458990205264
-1.79763019308962	0.379603777700996
-1.7975657981284	0.379599665892429
0.0387036277316281	0.150586295272864
-0.245542131397867	1.3988114212256
-0.199630970965272	0.767176756276204
-0.159842693044515	0.433397662325096
-0.0642607824431302	0.127534078754754
-0.33954359800211	0.770484712133024
-0.183575404975002	0.206732588863718
-0.89144457484607	3.03126956725434
-0.244096478997923	0.461233099951603
0.00520679823250248	0.00787093683524664
-0.124880798408379	0.237154107228261
0.113011013431891	0.184704527356661
0.18714901476675	0.373761019515292
0.00499598202538006	0.00682104166847303
0.146859417745743	0.253677959831138
0.116946726661046	0.179537669271324
-0.345953598358264	0.694018428991504
-0.116042953932366	0.15944160386167
-0.177413354978178	0.2685352130149
0.0587943184505	0.0768006821598786
-0.190103851257438	0.263424714212972
-0.299514611136658	0.427346010803451
-0.0831366119972346	0.103388193239313
-0.518090563112195	0.986063411431313
0.129936653212062	0.172386646431364
-0.195010998984764	0.23010695543801
-0.140132972962093	0.176007243076818
-0.188422297674476	0.231758813575712
-0.457784617842932	0.68680447604364
-0.541009373760115	0.82282382706448
0.46465528587183	0.686533435737431
-0.10760897815311	0.103531956540751
-0.296216112240214	0.304067099398036
0.107050351204963	0.0814325440778323
0.692252734966909	0.323985009854872
1.3366322141597	0.58354097730275
-1.08412701008193	1.04022093674117
-1.81856234985852	1.65388865731472
1.77539180633825	0.988527601102566
1.3366322141597	0.58354097730275
-0.625191995446008	0.152059991852936
-1.51433726696095	0.537497293520418
0.15823182603157	0.0297179405544109
3.94142925014609	1.72568889876336
0.954564259091026	0.253482299647149
1.4655515469736	0.485738470948645
0.154141692684137	0.0521718492986209
-0.150722043675349	0.0538721596429618
2.75805496536761	0.766752929661107
-0.624623675797245	0.151937920429117
2.75805496536761	0.766752929661107
-1.27030499764746	0.569993272777292
-1.12669343566207	0.339109154533815
-0.0910660369009666	0.0361805406073465
0.162171049505848	0.0303007576998756
0.673177180799231	0.213063750844139
0.956455214607419	0.253949648163622
1.95879552552655	0.437985228139192
-1.27403485633299	0.572049719008217
1.12203088818944	0.86065463736855
0.173940988172143	0.0437550114519682
1.46209127003869	0.484377128190959
1.46209127003869	0.484377128190959
0.173940988172143	0.0437550114519682
3.27528390840561	1.12443907352294
0.15823182603157	0.0297179405544109
0.533629585575437	0.191149248838921
-1.02477806380377	0.404828995968834
0.17351044503084	0.0436385160120603
-0.620903335937371	0.151058535991718
0.828185454384309	0.347969212421182
0.512342809880156	0.326622901855764
-0.66204976034807	0.461514704627513
-0.0287776287629868	0.0219148678402292
-0.382716639853972	0.333499746110735
0.127580875593231	0.108908612814239
-0.0770455195220379	0.0621870462068211
0.748512833807699	0.733346822295906
-0.426621378163174	0.36725593821186
0.948922303980168	1.39051647581128
-0.161239604183498	0.137567273099798
-0.413005247775849	0.416767141745116
0.264820244178059	0.246856910871233
-0.00495562687255312	0.00382198204526205
0.206409976411884	0.194669401170067
0.146171409597243	0.129409558279626
0.277220836400649	0.292523218947971
-0.0116336195836353	0.0089081341794659
-1.49008091918891	2.51171297616243
-0.440535819179047	0.438939111550708
0.293708158979475	0.231155846984638
-0.103411463056014	0.0606525193684163
-0.621333103088639	0.151104040920032
-1.12725353624624	0.339405023147411
-0.222282150898245	0.0715311175279888
-1.79763019308962	0.379603777700996
-1.80127875869	0.380587746892248
-0.0671283981329585	0.296777649088436
-0.151286593219588	0.709316370506753
-0.235591841679046	0.922256148771008
0.00206972445818829	0.00428973818837383
0.488247400359603	1.7256776368014
-0.443246345760295	0.825110821354154
-0.345722353128444	0.798171767857654
-0.204879285982702	0.409775936483646
0.135377116111333	0.285455321445149
0.0374267853054644	0.0634562652796272
0.0778049069784627	0.133688896741662
0.0995859210872266	0.181761576671494
0.237740740350429	0.466999327762429
-0.0960829799049414	0.147519767056881
0.357392784784703	0.720587862558991
0.151981210537204	0.246533907134592
0.0700591078831884	0.100175958922
-0.193063063405594	0.310788158363445
0.0858948979624685	0.121426331234787
0.0879006328485242	0.110379208680721
-0.342462852474813	0.598718076971267
-0.301398090685975	0.522601938124983
-0.761444081923185	2.05488705498743
-0.719373775291787	1.73159730645723
-0.0331539741428084	0.0386883307527831
0.0595550852297005	0.0772055628397356
-0.385389874599384	0.566110485063892
-0.226841409897449	0.287998871636366
-0.393061598527572	0.594133218228749
-0.580159179150566	0.988036566005218
-0.254265877567728	0.310634335752203
-0.112764763975099	0.113584221517765
-0.590829391509965	0.725397830925843
0.596824591711388	0.578541957954165
-0.982042798661068	0.486468525599167
0.351989982014803	0.197718816332484
0.15389644192443	0.0668124964776719
-0.173638446571607	0.0926169810885559
-0.338291342092883	0.0968475173314605
0.15823182603157	0.0297179405544109
1.95793128711136	0.437766051086387
0.14892576642437	0.0504694466811999
1.82903419341101	0.714431883475109
0.15357905718361	0.0520023014569825
-1.7975657981284	0.379599665892429
-0.775612492535749	0.337482675038155
-0.391548460852062	0.162837516757791
0.159251072645633	0.0298673857617753
1.46209127003869	0.484377128190959
0.170211653850527	0.0504730190931177
-0.766207907419173	0.33246398143222
1.04034511892763	0.392920970387567
-1.03062354974094	0.820837214191192
-3.45172595803352	1.22146685013561
0.449328663372175	0.180265911475519
0.15823182603157	0.0297179405544109
-3.07793266340176	0.957013587093989
0.154314056097619	0.0670150898033003
0.677716162542668	0.214611870267994
0.536739666042799	0.192347830350542
0.447996914446478	0.17968538770428
1.4655515469736	0.485738470948645
1.4613936654743	0.484011457273747
0.159251072645633	0.0298673857617753
-0.620903335937371	0.151058535991718
1.27890637676695	0.705610959853945
-0.340593087152544	0.0975352685660813
-0.211266830124093	0.0680954468365414
0.152346609586538	0.0515961830574703
-1.32174501305663	0.826839021629185
0.152265454600024	0.0660778386029413
0.0443907565359267	0.0243424172225367
0.0946651948095753	0.0858885586770908
-0.957140485539316	1.02048523154563
-0.111156720964169	0.0792632709054268
-0.626969843332402	0.732981482664551
1.06251234085289	1.48136789082931
0.0252631615054983	0.0168932260260489
0.310310417157057	0.354508349198801
0.378657135012307	0.434480165107175
0.764275857937561	1.01229986996272
-0.783894222659665	0.998595892623591
-0.425835734662384	0.401297452609443
-0.507192711558363	0.535321178251294
0.356195012694792	0.443210299295733
0.337071005907422	0.3448998096706
0.275653589200817	0.245275058227177
-0.672287814050602	0.782045312264691
0.292660552328799	0.255412358156299
-0.12858142798691	0.0722969462055758
-0.523203787151982	0.328853848668638
-2.57447078703937	0.657780381714024
-1.12825544522804	0.339732258677114
-0.376523396952779	0.257960559407159
-0.786092779497925	0.428520464559124
-1.80127875869	0.380587746892248
-0.123224098568504	0.646972897133383
-0.0790389817786439	0.299772297046872
0.0426761327488128	0.107242652474651
0.12167360577056	0.274996610553582
-0.568875156826514	1.21967425120846
-0.300803237789663	0.767083297011122
-0.16253877732976	0.342452653882939
0.312780533455	0.911454077107587
0.082865003369609	0.162537316363422
0.353214198112315	1.0168523586373
0.32818224067451	0.833841574364343
0.300137334356247	0.714163133854788
0.106122492245572	0.189380385353558
0.44528766603659	1.02864757789978
0.36358386782279	0.86681332210098
0.126251462238669	0.178027164234262
0.207808899444217	0.394545211075926
0.145448495670934	0.224366898944404
-0.0233174339616612	0.0278296721394649
-0.221745171900062	0.318088552114213
-0.355589700282063	0.692443680811985
-0.965268094310698	2.62301260698894
0.395529235428133	0.773033007868281
0.27673420804524	0.424204455362801
-0.893634335053596	2.16580990614487
-0.137811501357787	0.147503270293121
-0.358230287957128	0.452042211533732
-0.0308277598734055	0.0298068093630238
0.579286561349891	0.963448264347463
-0.15132315681292	0.152898289236724
-0.776730330764423	1.07602836580935
-1.71987901653944	1.87228539777387
1.28441399338879	0.709201726985588
-0.562411398367922	0.407381196576972
0.158942567785463	0.0608748549822144
-0.149915159045215	0.0535975402652961
0.450381512800541	0.180653903003855
-0.620903335937371	0.151058535991718
0.168393915595915	0.0499912542478598
0.152346609586538	0.0515961830574703
0.959294652844364	0.254663957360155
0.168774858509076	0.0425819447497206
0.540102428195773	0.193590927960023
0.336881685382027	0.205543464821437
0.146541284673948	0.0561598479354904
1.96141436018454	0.438711417164155
2.12237275162321	0.948156957082224
-1.13238809108681	0.341172314702962
0.1601888124531	0.0541385330502375
1.83162438273742	0.716000775412828
0.166549099291362	0.0494747307612768
3.93397258257213	1.72120776019779
-1.13338534815793	0.341498686250824
1.46945961132821	0.486963363732961
-0.628944872553404	0.15292393261527
0.674015164989584	0.213380808783075
-0.0856301989322452	0.0340921753773156
-0.3395018260887	0.0972061822975938
-1.7975657981284	0.379599665892429
0.903722421764725	0.487918961889201
2.26898189468436	1.756189557536
-2.27760112044248	1.14615740980401
-0.340107395831878	0.0973408882698726
0.796722555830228	0.480060401024174
1.00895466644483	0.830338065453037
-0.237745322621276	0.197905959213657
0.126679382938401	0.105632916209013
-0.780292665227232	0.89617191213429
-0.0468165978632104	0.0390393062503211
-0.0919455910097935	0.0734820023383427
-0.368188770844753	0.317863609449155
1.50391521429929	2.38212797782134
0.615699674091706	0.839810936931912
0.265609082569187	0.27783199661189
-0.422443472871082	0.362841573090678
0.116552101271064	0.094181792202139
0.0999706808444211	0.0757415943777427
0.202959875875896	0.199211657284302
0.826293220735487	1.23790696566762
-0.343714315476424	0.34867940556735
-0.63797560265494	0.848023374173772
0.328994157181305	0.350833804383277
-0.400437983868447	0.371491186567136
-1.05542266301203	1.10492857688475
-0.323740235202109	0.228696258869622
-1.81352302981117	0.735065306555984
-1.80127875869	0.380587746892248
-3.07750490916701	0.956880231933195
-0.446539189573929	0.295685909849404
-0.212700860727539	0.0685566980358174
-2.57821111666453	0.659475059970799
-0.103120244207308	0.490650682732481
0.0142293841124006	0.0436686549073261
0.15101061339507	0.453016445701111
-0.0267919257109994	0.0396964442915307
-0.0291817684179589	0.0505481729983134
-0.267257744119188	0.692848498858576
-0.00792724015240507	0.0139081707149188
0.0817081265951601	0.159734734297068
-0.0821336765364668	0.152140695898247
0.208810038529796	0.484576847919263
0.199258378648592	0.39576216998804
0.171111623834267	0.318799574098687
-0.0953046687804097	0.135927488539769
-0.315811479995918	0.642477310196621
0.285725914453023	0.492835317525968
-0.00722922402921662	0.00921572248092724
-0.394633004906154	0.811276354073749
-0.0368681955025618	0.0456665972976888
0.135715586861852	0.190058623168751
-0.293156383134705	0.479077689502746
-0.208101634509774	0.292637426731794
-0.324646798707682	0.565594502086241
0.0424166092171289	0.0502131353102498
-0.186150328610948	0.254206833699438
-0.673292790532701	1.3401701671599
-0.403590863595552	0.593065250641638
-0.745267824537197	1.3502370975137
-0.396000724284808	0.447948113710082
-0.548625633334531	0.94280785924115
-0.052993749836027	0.0474426098705828
-0.996191232427761	1.42735067528134
-0.854731584455087	0.978598828772292
-0.13570451605704	0.076438861851625
-0.79013849606288	0.431411571501898
0.658912567499904	0.599615303008631
-0.218086982244107	0.0702671839866222
-0.21725219958623	0.0699489287533772
0.152619802685851	0.0516844934618455
1.95793128711136	0.437766051086387
2.75704467106166	0.766025498669684
0.167164301060576	0.0496616909525181
0.157971563808893	0.0296806747786729
0.164122988767051	0.0488286730136595
-3.07750490916701	0.956880231933195
-0.518386429636852	0.195700313035901
-0.216312796922935	0.0696114202500776
-1.12825544522804	0.339732258677114
0.529922778294509	0.18974393081766
0.159251072645633	0.0298673857617753
-0.523287577810495	0.197683280030088
-0.220012614431353	0.0708340703939625
-0.387593148133725	0.161202448597226
0.166279076961167	0.0494077549790747
-1.15873115540021	0.647391865810701
1.96141436018454	0.438711417164155
2.75805496536761	0.766752929661107
0.450683434548942	0.180825621031609
-0.226251670734863	0.0728046955115856
0.157971563808893	0.0296806747786729
-1.79763019308962	0.379603777700996
0.153267904345544	0.0519012670754554
-0.975657454205629	0.481586388023346
0.957461191854986	0.254126256439643
1.07248484375352	0.518617409977682
0.961217281403776	0.654385869722763
0.525946346807429	0.337092138332455
0.0185751283574355	0.0129742475015648
-0.66532350398827	0.733238717539086
0.919958054287129	1.15214306453073
0.201990101651554	0.181234600803292
-0.145991921022239	0.099427678630151
0.597960878719447	0.662187001426997
0.799288824387073	1.04666406942058
0.49468006350961	0.537261105912664
0.0118185159257435	0.00951932741641762
-0.15356607251747	0.133150086932556
0.664252316400555	0.86584092219655
-0.277136942146645	0.24784227011214
-0.0777376148049169	0.063983154520313
-0.185150710991101	0.156864343856506
0.0519442418491809	0.0401774024418484
-0.0907915487439814	0.0658487405009871
0.382519723380589	0.430266824816153
-0.367486903973621	0.369494451949066
-0.143611532931276	0.051362924221021
0.82625387160176	0.347107129604409
0.154259314455831	0.0291924198815566
0.588683294442291	0.473244498650591
-1.16347036001034	0.651424341697294
-1.80127875869	0.380587746892248
-1.7975657981284	0.379599665892429
-1.79763019308962	0.379603777700996
0.00889692030300286	0.0315755283932513
-0.217680781045179	1.21999325049017
-0.984364058925692	9.13537087370541
-0.579175416649453	3.62207776572803
-0.471085545126341	2.44753143212802
0.0433313330794208	0.092467262871575
0.180037259812216	0.464917336578772
0.215986151522581	0.505627003000865
0.0729332419685433	0.142541177016403
0.141106917928371	0.269013767482547
-0.157039558981042	0.291000214703383
0.012214484542863	0.0167024847218699
-0.0771385733122358	0.108178513208843
0.0274832116000798	0.0371761049918061
-0.117718061925446	0.183843453964298
-0.163794172355612	0.257395522836106
-0.369789958178604	0.699780626500918
0.206142858665203	0.29781519659537
-0.339088170560692	0.615633575933687
-0.768325888472812	1.90624397423509
-0.675025004438823	1.40572402619862
0.267480321600691	0.400143385956491
-0.412608951370652	0.747452913776209
-0.22251315810027	0.243943010397527
0.0604805715383426	0.0647727804988472
-0.363682522382489	0.520472752199673
-0.694288571403969	0.967027688294289
0.107923897858994	0.107845732381134
-0.213216043502871	0.231822919447157
-0.145272765670873	0.17414967693438
-0.43979909046032	0.660899577013651
-0.805793448503288	1.58576130156554
-0.671272126092637	1.22146844843009
0.33416724086667	0.341224648842326
-1.26689050837766	1.37935001345189
-0.605345181299947	0.667228514871954
0.562753434321268	0.329433134799416
-0.388198590430758	0.219206883661573
-0.781908453874166	0.425885072724215
-0.0906115842866849	0.0360065547854714
0.676200627845659	0.214099921395796
-0.0534891841855255	0.0233069094987325
1.04577073722875	0.395582052714565
-0.521658376564381	0.197103710433116
-0.621333103088639	0.151104040920032
0.339867131525192	0.20764578029179
2.12175361138722	0.947733160087778
0.675591354383564	0.213968352567141
0.161152397100254	0.0781972297057514
1.46265753359042	0.48460907431551
0.533034126671957	0.190984669183042
1.12114883027889	0.859458079891282
0.69273852140159	0.324352167091966
-0.214973425440132	0.0692286309045475
0.453093480981549	0.181948913825526
-0.523847973197607	0.197922354572038
0.531358567637365	0.190353154457246
-0.482204223607423	0.252937951588087
-0.0888765435808338	0.0353365638161617
-0.481745010753019	0.252326365035342
-3.45228414088993	1.22181665198441
-0.61946410648704	0.150698865008898
-0.302333923982234	0.138875128958208
-0.947020817295918	0.581144405484697
-1.81200943037821	0.734241478143734
0.354829339326448	0.199299324442525
0.87739524280302	0.65281920997969
0.317266503060642	0.219478121476416
0.105181653303493	0.0799181254324551
-0.159756215225116	0.157341764159349
0.349748008271938	0.333303394421078
-0.0571353219963373	0.0417638326378828
0.717805122260845	0.7272307669879
0.305700043940081	0.221699099532453
1.48208562791927	2.12123256569988
0.530471563573898	0.55366863027095
-0.0470544298131744	0.0392741565886479
-0.397759469160625	0.45053518607512
0.940677770271384	1.26116968053751
0.18740285262791	0.13982105766239
0.389030549848043	0.332439323728517
0.184822394775195	0.121200764178741
-0.159158685107055	0.135531125859504
-0.259101924455454	0.21215181752694
-0.382297806920033	0.403228696369128
-0.716872988489582	0.244804032031292
-0.620903335937371	0.151058535991718
-0.332493354218098	0.235834759371783
-0.0487821403695745	0.0213233387350772
0.15823182603157	0.0297179405544109
-0.00938017711576782	0.0348209381656306
-0.31960706912335	2.45104159790037
-0.066859551900549	0.218364409754261
-0.196726895562978	0.755548137575151
-0.069545529291383	0.142750870381536
0.644525899208262	2.4433362900843
0.295160252242453	0.66492369388429
0.149695007093673	0.265312937088525
0.176038841929107	0.298217572030679
0.353230617404382	0.68949416058557
-0.399431976491029	0.722780347099554
0.206635315798299	0.317196630327457
-0.539877163281905	0.863312039271907
-0.220968535087676	0.320324821389991
0.0379190394731906	0.0416078030985686
0.0929080226234278	0.0986741548831266
-0.645651401618002	1.14454479890182
-0.25701080191371	0.297685096151054
-0.501112052683268	0.916640175182792
-0.524008943255634	0.80102804981098
-0.227129248232837	0.250009995724261
-0.837023591648992	1.64926206105364
0.172194799702814	0.193076253528327
-0.212484946825019	0.221000908264482
0.299269716801331	0.376134778770879
0.268042894775945	0.256708736641077
-0.25584451628761	0.283588223895159
-0.125428405799797	0.100145890589307
0.0692427189025287	0.0775219820593178
-0.0922802541409388	0.0889802649528181
-0.178841133314217	0.214856445301648
-0.734912732842478	1.56060110043791
-0.141026823575566	0.184101633987995
-0.5513644138987	0.911639211616695
0.0243101394285408	0.0222419557957391
-0.0152358000567446	0.0140328521462348
-0.264924437809376	0.25660149081571
-0.456092046456423	0.42312178901098
0.909528728959931	0.935171472489206
-0.778379961222016	0.787561831700657
0.364469216883787	0.340431607036452
0.816037390019187	0.987883630171248
1.49722186368985	1.97669652975399
0.0237906764914394	0.0119745241817296
-0.481848415616817	0.359584614987069
-0.0972810650586057	0.0569800223873694
0.319833924580629	0.20832435301757
0.518271100188903	0.536937805268381
0.295599475972721	0.232879807556015
0.0108543304789961	0.00723053330778688
-0.30301847428019	0.246542728634561
-0.562922146794173	0.408166774474656
-0.536591398315075	0.558937204616733
0.193215856004247	0.139179103125625
0.487987846290498	0.452520605542061
0.304547652595583	0.231242878474877
-0.0799627205086068	0.0576960497977385
-0.160767233213431	0.124875183556623
-0.66658456176791	0.772843901303932
-0.235330132964939	0.195577323687182
0.140204179628515	0.120835314351317
0.209866635730113	0.211163051549796
0.935304871486498	1.25027176163908
0.111404031152202	0.0873722189977977
0.522969217109851	0.543154265496587
0.683408916012262	0.710803668801884
0.105309916350071	0.0776129939904159
-0.226770615030455	0.172181765665314
-0.179712198331079	0.119383629753427
-0.0769575549458048	0.0554643793423229
0.261500363301957	0.266996800025556
-0.558931647958162	0.506945170486231
0.8468108582122	0.892373637618989
0.554221888376407	0.463987652138666
-1.26547483517593	1.37690717161479
1.24317740042491	1.51015597378121
-0.0215645454071577	0.0138491834931388
-0.562168473963809	0.407228608129818
-1.12384722242632	1.23994785457759
-1.12937501458112	0.339964434622374
1.95793128711136	0.437766051086387
-0.93107512949954	1.05527867927246
-0.369257237367256	0.319040741693402
0.173378039987466	0.0436162262322836
-2.57421277656498	0.657506382974291
-1.7975657981284	0.379599665892429
0.0202262382857797	0.0835011599333514
0.0945339441555781	0.42498741802503
0.168866084315454	0.734841128088045
0.666083669196666	2.72501283000855
0.924814933537404	3.51789846586042
0.426314413841511	0.913516578764504
0.742859284930153	1.64423871289837
-0.0105281266905009	0.0113338842524323
0.29876335479793	0.442580310870579
-0.853423786600711	1.3146691820935
-0.281315750590399	0.291521514944868
0.375966602157658	0.430248384326643
-0.165727766238462	0.164072032470318
-0.359359586549243	0.425303781080649
-0.00581222185842783	0.00446626664077155
0.341306638589708	0.341483018656179
0.190029941129455	0.164971010582754
-0.408041134907517	0.506541255509196
-0.421106740560205	0.473847249193991
-0.37958743287561	0.384867811955322
-0.348212308145013	0.307271284474666
0.402360705865414	0.332503631508526
-0.249249973937089	0.184942217279827
0.299454435576757	0.226653414683232
-0.0357228135869348	0.0228496589134591
-0.510275619985231	0.470171683921248
-0.490868676792276	0.368087625222983
-0.926855299501883	1.04887417509571
-0.859419209071995	0.856677847187001
-0.279946516533413	0.319638471565613
-0.68844010246327	1.48738098045124
-0.810922535643957	3.33584529403126
-0.58754719870964	1.96121283491086
-0.717974098751175	1.46302088347482
-0.0372068480560542	0.0428874273291361
-0.10983957756216	0.131255981429406
0.0561707007402923	0.0641641363225816
-0.379275862460363	0.478266105986935
0.175035609248777	0.208020575810906
0.152773561263722	0.147595080391289
0.838347431852663	1.48269676883529
-0.488289746324519	0.688342356886821
0.465705478458355	0.67644135115756
-0.896221717164181	1.06327881942616
0.300582723266249	0.227853862359732
-0.467187847580066	0.459058370278849
0.545916419572343	0.791412491684151
0.616945343183209	0.999262620174837
0.367538128727189	0.33310860944776
-0.0502811674669531	0.0461479183544059
0.313879529686055	0.216983048459951
0.370162406371131	0.448409402086342
0.132046912533016	0.11827643235908
0.0225472115837783	0.0194850719501587
0.609362213362145	1.0000487915695
0.457390927121491	0.537938661779008
0.132894813707685	0.113950749282852
-0.335934230234612	0.441129294215118
-0.187357837331229	0.211657677040633
0.0681240765222528	0.0558191444715621
-0.578081822572107	1.04067748768622
-0.244812547149226	0.337298193582978
0.254402988570909	0.400474456832972
-0.320090089302448	0.404533075782531
-0.339841700094062	0.272181667919439
-0.568857037439388	0.552333252571537
0.550090432551177	0.320128567409346
-0.301171436236874	0.138150028470051
0.168260171775869	0.0901491901964934
-0.309713494060939	0.142434917845852
1.96641380776688	1.23079619877719
0.476102190075992	0.325338402414442
0.158380279982801	0.068744394324432
-0.51438298636481	0.194118813219938
0.348478779233078	0.195153318584021
2.36264436384859	1.18001786124964
-1.33262102212098	0.83789950279785
0.193993522448538	0.13389095676678
-0.538952836066883	0.340627744766667
-0.771167851788504	0.335180013603335
-2.06412741380728	0.935290131553989
-0.153762808676656	0.143616341792993
-0.370207285996934	0.320166027682453
0.159251072645633	0.0298673857617753
-0.334830546749113	0.0959542136262779
-0.621333103088639	0.151104040920032
0.103323359986194	0.539624625305889
0.214194187990599	1.29455532993237
0.446056098445187	2.56089000920771
0.385687023322844	1.56074468273254
0.23024645859193	0.670284967490632
0.0692296419413656	0.135752923146504
-0.196771593344932	0.387841466162872
-0.361148137464432	0.888612335378985
-0.309967591746901	0.594548282549246
-0.625189778492946	1.58732278396008
-0.197263591246072	0.305662984650109
-0.411663587293395	0.918440926344592
-0.951323077148777	3.04222835881335
-1.10325869182217	3.32202999148012
0.0465728129195402	0.0532340127668542
-0.432784316986529	0.83054483174498
-0.982250059678953	3.12537121929778
-0.473290211193059	0.938377611796786
-0.185142938999544	0.234243475561821
-0.253251694742784	0.320683077932691
-0.879083684766391	1.59424922239127
-0.593495585610115	0.953800313741594
-0.94617667238314	2.05583786063143
-0.810314246895532	1.2502892901739
-0.306683565071484	0.367630443168461
-0.624984506680439	0.845053283010824
-0.267141025720276	0.325061636495512
-0.265807400549477	0.35255665995767
-0.165536022321256	0.223349770130154
-0.763495331784296	2.0294492585515
-1.25614402295966	3.99398122810103
-0.370789925364747	0.611486049207393
-0.0192447652135782	0.0217988473548877
0.697271225097909	1.1384116950852
0.455953272390838	0.535827280848235
0.477519026561382	0.527179700123783
1.04136143923071	0.991013207191495
1.25143321442821	1.23271405979402
0.453989035177752	0.329096922448551
0.184236877811116	0.13211285936761
-0.678589287691405	0.536607413061329
-0.431396187280828	0.331656117001206
0.55063770715552	0.460317256941129
0.464455675957884	0.338519553103999
-0.331330667085076	0.263974143970069
0.808252130522144	0.770352523791315
0.0152356455370607	0.010149737874572
0.459527887817851	0.450384066177158
0.379357940793706	0.346208419322493
-0.325607010387946	0.230214774986806
0.49920124998107	0.447327807640729
0.398821475144728	0.328867353692671
-0.149815474247365	0.102235507231996
-0.42597531636488	0.32666869240384
0.465445100064167	0.442131748392677
-0.709818543831625	0.726948772638612
0.808360023652406	0.878279675158843
-0.43061972925035	0.458153199313892
-0.26388808714574	0.307501006494963
-0.405071307268882	0.525800335183661
-0.0602536194096752	0.0490697307542663
-0.465879954370967	0.527511574379201
0.0810365425315067	0.0528874874379705
0.844975273497479	0.998615405107438
0.398253270696833	0.328356178305237
0.807661175725178	0.769484487899803
1.14944915851803	1.18331376121253
0.196073066699959	0.14698663847451
0.411743597824525	0.341711027109183
0.659716093103004	0.70513953781696
-0.0778129604068165	0.0560602739569037
0.592062541985339	0.476794441646176
-0.218053484244187	0.141122987854788
-0.85180787176729	0.911778037214274
-0.432448959540548	0.332617413190238
-0.617971018661693	0.551551384599179
-0.210755185622533	0.158533466743833
-0.620473624670499	0.150917804175241
0.108688641649496	0.5665629852186
0.164167555695731	0.78982708316691
0.1819730758465	0.662372105643797
-0.233949099293436	0.778612846807819
-0.269158419118206	0.874685659388884
-0.353294152093564	0.975257785549747
-0.10504294322645	0.192875197299334
-0.407896535155379	1.0803722582663
-0.467529034388658	1.29214566562764
-0.572040118086868	1.4622835189264
-0.899176413246227	3.34319923684458
-0.378555347634021	0.853555578927742
0.0345472217337326	0.0424085855843304
-0.640707131637668	1.53602951024172
-0.316478940557116	0.579871071186409
-0.569732381190207	1.35723387839356
-0.426139268003482	0.82202574436099
-0.0891539508279531	0.101269997376716
-0.322984409647272	0.496140948098316
-0.395867176947351	0.555696480663728
-0.393758164380662	0.52915579353136
-0.831292771542725	1.67620077205643
0.0528457459874061	0.0488933664548298
0.0723683458634398	0.0702129372319337
-0.253665609620268	0.2806878928003
-0.367737549733266	0.520155159897163
-0.356727135243709	0.544386922950316
-0.677512887174388	1.30010079516459
-1.33121850742738	5.11732722854552
-0.541680929971494	1.13241837671467
-0.374272970264926	0.503427748976892
0.00262765556504479	0.0024063034165327
-0.988692564569706	1.48057884730894
-0.241012660767131	0.21574029141878
0.463529156777826	0.440093795917062
-0.293245761793201	0.134327863766601
2.25394355762895	2.50723727731358
0.692701873968954	0.60585136202907
0.803335445768181	0.484710402892684
2.03583212948617	1.93607812486321
1.24698656263829	1.37845357365502
-0.0235097650185765	0.0109620389539819
0.65468208950571	0.594748596064217
-0.875500825775509	0.804494630801366
1.54689499367753	1.33841003440103
1.6743627027071	1.58854074440196
0.330450206759756	0.216252856658009
1.91229342354022	1.66018447668524
-0.0901526145643568	0.0358518638274811
0.169593505412624	0.104613553494011
0.360786970494223	0.18245238219808
-0.179444332833901	0.095901199729038
-0.393216173499153	0.222030211285029
-0.531332730525568	0.335257029720375
0.567537346732423	0.332426639233404
0.089447015775265	0.063274690566473
-0.30777084057205	0.183032726329132
0.0321376755412332	0.0177316471600339
-0.215389873080367	0.162445078709547
0.390823529016064	0.334344095606676
0.106727869336023	0.106536916116542
1.23900023992561	1.97268515462877
0.250602236568555	0.264276735019178
0.420691470594061	0.427806681325783
-0.500991347538861	0.459141529305887
0.35998663336149	0.345291631073979
-0.0968877653262839	0.0686694225657735
-0.063037678216606	0.0381812880024682
0.196271199280362	0.171159530853242
-0.0785473630670373	0.0635073789453345
0.180615611032418	0.11823205258164
0.769586903716253	0.941876016702347
0.390874581267911	0.334416947332327
-0.106135185519581	0.0755408541074281
-1.67361639064034	2.09163587863001
-0.00638141270751332	0.0231004207306657
0.104464878635376	0.463988387644576
-0.159175289148447	0.62517629605012
-0.105066524884485	0.318408186563965
-0.0316654435776908	0.0689657923051326
-0.47203219168494	2.02934875927821
-0.244219333695337	0.671583464207885
-0.548256959830038	2.15626272521655
-0.0724680158326486	0.132291433209579
-0.536075712187843	1.87459729889831
-0.307997298149519	0.803576553786299
-0.675098595904768	2.44967638551291
-0.0943997660500602	0.165281940699975
-0.69525292523766	2.60882810171004
-0.608038632977385	1.95321631170077
-0.401051628915828	0.919838668027193
-0.268468934538744	0.480835468778734
-0.618044989898977	1.43891720261962
-0.255035892676487	0.43818937708603
-0.132220323489788	0.18929855144877
-0.711227535702506	1.75681446869307
-0.355196163235121	0.504384708157802
0.369929865100227	0.71443329539006
-0.787853571074896	1.83810837316674
-0.339023014629127	0.599673421636845
-0.283738085571453	0.487325128878642
-0.791133107511221	1.89137626198404
-0.886901830881381	2.22520132000504
0.194934555711156	0.160876969391466
0.0267636761563694	0.0193784322076725
-1.12382408046119	1.23954751350417
-1.17402090785569	1.19870680259146
1.11447949518823	0.85198438811233
-0.094072952243704	0.0373618375582565
-0.71869462645605	0.245625159522256
-1.50982433145335	0.535480148233091
1.96227636251449	1.22649399931238
0.951724523631597	0.252769110062367
-1.82244979687075	0.739592489757551
1.82755032422624	0.713907775987463
-0.302017183338254	0.138552986425589
1.39891577670876	1.08627950194639
-0.980999767840494	0.485331079336434
-0.386948793919818	0.160830154647546
-0.766207907419173	0.33246398143222
-0.533706081366257	0.336876341248529
0.392764877199563	0.177360356963154
-0.486394825490761	0.255291608555235
-2.2810953281991	1.14943078672657
-1.50922180218546	0.535188573690381
-1.7975657981284	0.379599665892429
-0.0520942668718538	0.0227165858465857
-0.73467000029082	0.251364035005257
0.676558588301015	0.214207370803977
0.156042335439965	0.0758355228429687
0.964763067803513	0.658512343854914
0.449835613417755	0.180532275697028
1.78210661643612	1.39990853466118
0.687841939709932	0.321414437549071
0.560946068206577	0.555042569688224
-0.438059495461324	0.43645191307667
-0.238459028524162	0.276201061921754
0.260186683312698	0.265368248834847
-0.147511694344554	0.137132708482267
-0.364245081993302	0.411062367036682
-1.07015807300896	1.34242884424594
-0.201543986441677	0.183743222490913
-0.603801699330721	0.776676973348685
0.129395373535114	0.110693372382963
-0.0477016296323748	0.0431309352644605
-0.0984490838577679	0.0868783074515362
-0.0567143979418617	0.0414313586373674
0.0246797294411139	0.0178743029598102
-4.00566782092847	1.72926284770942
-1.7975657981284	0.379599665892429
-2.57472877667238	0.65760345889815
-1.80127875869	0.380587746892248
0.0365210059954935	0.150642986097881
-0.115933056196393	0.532821542340815
-0.0308791400855511	0.087283699988033
-0.00857183833452085	0.0197623381229095
-0.210768944466174	0.707160172336048
-0.478448006739093	2.05749599420743
-0.341369259067826	1.12930702812398
-0.0751830220236238	0.151094551030887
-0.295030403033495	0.875263878595724
-0.190006109767217	0.436992506499793
-0.129827355544126	0.256847012557069
-0.293916550615781	0.636836077830748
-0.829644217852888	3.59070809764246
-0.359344142517991	0.868139851880148
-0.168636241103523	0.321360758339554
-0.00698726637714009	0.00917868734268721
0.140864346770192	0.22797015142741
-0.787365854991919	2.02004245285454
-0.224399770101189	0.370297831609834
-0.000294164717545979	0.000345346964713758
0.211279859232909	0.326050101962163
-0.0930169052273641	0.132800228608943
-0.89128605389756	2.40030703493091
-0.414846263267456	0.829963838160185
-0.044896402370594	0.0623570035709544
-0.649342400782551	1.30922521712368
-0.921685026459028	2.01320292562927
0.437717888227927	0.334381275263433
1.57461235263291	0.780874311787954
-0.229691436692406	0.19016846660389
-0.390591001548027	0.220635253659176
0.363789382519929	0.184120180322267
-0.22791667628394	0.11367905436001
0.174503749901052	0.0438676710334476
-1.80127875869	0.380587746892248
1.46597699067366	0.485748477491111
0.530762262945688	0.190122868111177
0.15823182603157	0.0297179405544109
-0.221443869104186	0.0712956025102242
-0.636575707896233	0.375634205843175
0.675591354383564	0.213968352567141
0.68913729513982	0.322171680898193
-2.57421277656498	0.657506382974291
0.159304296973707	0.0474668185471716
1.46166151923362	0.913551702820435
-0.487992049693112	0.25656563043041
0.163853552605343	0.0487595972376143
1.57461235263291	0.780874311787954
-0.212107996589827	0.0683682958385105
0.158323408359409	0.0768774717564359
0.726553714200126	0.482471652517542
0.173940988172143	0.0437550114519682
0.153868695124602	0.0589460710470917
-0.724381910046542	0.247676943012395
-0.222282150898245	0.0715311175279888
0.150249356563049	0.0575466478816129
2.11127489590751	0.940656109084481
1.04577073722875	0.395582052714565
-0.780914097580078	0.51448110090952
0.165140220479751	0.0803572139349451
-0.530982323037386	0.619288342902109
0.521600307627964	0.704876005877742
0.492463274579549	0.692017683783434
-0.258574357301309	0.249146937275139
0.125254149300693	0.127002217524713
0.273976220048199	0.250305325517176
-0.642134829385921	0.824152084232921
0.202402677927533	0.206541813381321
-0.632024170928175	0.917995429590048
0.0324675939747869	0.0281173730926193
-0.332077392519978	0.342084944691381
-0.0682546711772251	0.0501222021158607
-0.692423292880874	0.963579990789713
0.0187375606771569	0.0719005924246014
-0.00707433100688	0.0226254524282001
-0.117866274348965	0.41056065915106
-0.258926851652655	1.07224548174746
0.0235680452515039	0.0512204220033563
-0.19201639339421	0.576906004742923
0.0742403959478001	0.161086254353474
0.161453629222255	0.407991265418238
-0.0221761978501195	0.040584140219635
-0.119245763282838	0.232463964969171
-0.370922776116928	0.987715253704585
-0.396293562492077	1.1119727432668
-0.397785916029606	0.991470270185905
-0.0881015150482676	0.150666233319931
-0.253503842930455	0.491585645514985
0.0902876176935217	0.142572082681365
0.375487602776119	0.65115947895823
-0.188561778454757	0.331674385815093
-0.0426993148728091	0.0594853370137122
-0.346353219268684	0.564566679924711
-0.191998376367811	0.30228439248288
-0.394519907284576	0.753189053177841
-0.770063163559316	2.02038972022268
-0.503165964578975	0.988378691395452
0.0563860967701746	0.0658066579864454
-0.778991090829177	1.49493239757103
-0.0945989510021266	0.066941159529992
-0.782706243707178	0.516736752491423
-0.501467208203152	0.459833100299422
-1.3378470270255	1.33428540625681
-0.306385543874081	0.140901104264835
-1.16916669965441	0.655816765813803
0.951724523631597	0.252769110062367
-1.12825544522804	0.339732258677114
0.453371523175927	0.182039657843618
-3.08160228540496	0.95864568534502
1.04272737841263	0.394268038065867
1.95793128711136	0.437766051086387
-0.488871341966614	0.25691714298118
1.02049535795254	0.844413103338622
1.57380699802241	0.780349499816827
1.07042735600899	0.517789641691469
0.679297187320958	0.21511425797511
1.45447188604219	0.907147631248755
1.04007667172615	0.392839871352892
0.966621669343864	0.660057574476237
-0.716578513626022	0.244664612220419
-0.34307485466429	0.0982470421897248
-0.146953998150778	0.052560093694441
-0.338291342092883	0.0968475173314605
-1.0275611383961	0.406046323242829
-0.976547500919783	0.482789991029907
-0.721997705010856	0.24672678000295
1.05057733179946	0.397426127671897
1.45793565111758	0.909822277368775
-0.169106441785073	0.0901359426630369
-0.237127720300237	0.230045735773405
0.468199919958207	0.541287067057095
-0.190990403672554	0.201806528196015
-0.246587213594037	0.240894760225119
-0.00507835622828367	0.00391486178282443
0.0903340844200919	0.0785047549766737
0.358099931511041	0.446379767708045
-0.0989629111174546	0.0945841596470935
-0.107802617153765	0.103749311872185
-0.0185700638512662	0.0158539825169182
-0.166596053240885	0.154304553575152
-0.843537398754074	1.48422944831059
0.0628812766968308	0.287297945438763
-0.0853778644354614	0.346942022962624
0.0939215618648567	0.308982035765121
-0.174050528011476	0.574683511939097
-0.252137417688501	0.850213815837833
-0.430716886274391	1.663470592412
-0.3500785383608	1.24279430323512
-0.256664800407706	0.748178691665226
-0.184389733991285	0.419465956595537
-0.13857761208752	0.285876578601884
-0.325730630919454	0.928064794727581
-0.121664354428181	0.236915620426572
-0.768783375889447	2.91472273388318
-0.0611078515662613	0.0897905886004411
0.0350898915235301	0.054978903885585
-0.135295094773083	0.207160657684854
-0.510362401644043	1.30288336200575
-0.213066159494961	0.392274127952911
-0.0238286211019902	0.0288645182134225
-0.139064710869802	0.223572769970546
-0.564699548403337	1.33961527802246
-0.391114873304364	0.767972196245129
-0.72549937945425	1.81233665944818
-0.614133668185485	1.27266598470376
-0.86438418809679	2.07692134467628
-0.262758326830074	0.215640828621251
-1.58363660926952	1.21010759507715
-0.919911115301486	1.10631518510487
-1.50224050058136	1.68349734650218
0.925121079670247	0.807564832515207
-0.595853577325189	0.284903684898322
-1.12379649940684	0.33819735561451
1.33101029003967	0.580064013154058
0.154954894721934	0.0524399678344355
-1.81139863683783	0.733838743939283
0.677716162542668	0.214611870267994
-0.717468884808632	0.245082515543052
-0.100474602438653	0.0398343286019312
0.441694079881	0.177094774165458
-0.338896474896558	0.0970421752101679
-0.212950112008515	0.0686100611095293
-0.222282150898245	0.0715311175279888
1.04577073722875	0.395582052714565
-2.29538556274476	1.15986203726072
-1.16475997280583	0.652055038681966
-0.601191989819464	0.288253380273119
-0.596380596267231	0.285372967250367
0.168774858509076	0.0425819447497206
-0.215221304062718	0.0693199317381142
-2.48005430946538	1.38189911952019
1.09048748266142	1.38356853870779
-0.239401691076816	0.199542651705037
-0.823649418377144	1.37380663987301
-0.0787742392939426	0.0707937998266324
-0.46803071318448	0.631835164047906
-0.716678002842132	0.825680578194214
0.0222556069063958	0.0199634552668909
0.100525954753036	0.0982478150754732
-0.428426367024817	0.54021285011444
-0.540001538892382	0.699201455954671
-0.502559430058519	0.56805794586659
-0.0059896485025561	0.0214945672567393
-0.0377401875513625	0.133159689812543
-0.212977729694243	0.866106669446129
-0.0596739566414795	0.153140483639858
-0.196460025222964	0.574789805138549
-0.324105393061048	1.14354106054219
-0.093002969038949	0.208079488878129
0.275282089078516	0.73842586008485
-0.373927135688117	1.02948871036941
0.0182682816023661	0.0303455678794272
-0.353309200970138	0.900916829596847
-0.632730418684653	2.02045883405284
-0.206425152979826	0.401544896078692
-0.442785244374477	1.1572374338267
-0.277650267589116	0.539995869194567
-0.232350142959252	0.443337298328495
-0.0660166257883084	0.0931234775567691
-0.313678301773359	0.559499749390514
-0.171926542208462	0.27828796936447
-0.301117867206529	0.488405462864389
-0.219810129425907	0.374714337153674
-0.333035951255486	0.564216942822154
-0.196801205579747	0.279241039687224
-1.01650162664621	1.93357592002164
0.954707947192317	1.16559191319773
-0.321068754641129	0.226355663603252
-0.917909346414387	1.10304064227675
0.432915143678132	0.329822439298965
-0.0970260863016381	0.0384986477357376
2.36180968699894	1.17953323514936
-0.617055950695462	0.150241664375452
2.76095211479574	0.768066673537379
0.449328663372175	0.180265911475519
-0.616620021012413	0.150099962492625
-2.06918313852006	0.939212074196618
-3.08203891306948	0.959069086853276
-0.0884231990721456	0.0351518129680095
-0.718081625995024	0.245384533690959
-0.0978550297863506	0.0388181313798155
-0.150439826851979	0.0537776490722372
-1.27728489514151	0.574335372221734
2.56413449174958	1.42027794609881
0.161827967859275	0.0785412547514806
-2.57447078703937	0.657780381714024
-1.7975657981284	0.379599665892429
-1.12492122665638	0.338668219085241
-0.302755845460388	0.139022247305491
-1.13698868821346	0.342607629634493
0.143545899097522	0.0622396219147992
-0.522217673493657	0.197342207603961
0.0695647973087544	0.0431591046519526
0.0198316047169616	0.0138395003683656
-1.12632072470603	1.97503441026256
-0.369969756414161	0.419684686154955
0.0504244644269388	0.217842015194944
-0.167215224191101	0.864450216110595
0.112475349820749	0.376863437490553
0.0345864336748483	0.0825814767916849
0.0206424718172022	0.0468765834819806
-0.0676717756742765	0.160012996172007
-0.305808302264819	0.908088128792491
-0.180106015828452	0.436348275924266
-0.265011027101768	0.716766776165638
-0.649193795212667	2.48566933762242
-0.109912243911418	0.206536627811625
-0.397139491883758	0.972151897813164
0.167764468576061	0.339853935031964
-0.107203765689266	0.157102301013654
-0.15944572421148	0.297361018739913
-0.078663549752303	0.124659597905844
0.0977851796151846	0.143794384677439
-0.302843279737818	0.612351447071893
-0.201397996212577	0.29747835632262
-0.31717367223784	0.641172353226278
-0.157015736088222	0.230858950521815
-0.109956213440268	0.141311421920397
-0.414578110673925	0.685088314130938
-0.59715028703802	0.622925620074061
0.0586913116517554	0.0344719169778333
0.366094917720788	0.342340321498993
0.66685976712964	0.477850651772274
0.162214213678334	0.078722685891549
1.33351744615377	0.581727707383388
-1.02000263547267	0.402451186762966
2.56255837512531	1.41870343382469
-0.336346534706249	0.0963182114993482
-0.620903335937371	0.151058535991718
-0.334830546749113	0.0959542136262779
-0.519206724701637	0.195956166156021
-0.392527598762743	0.163297548242261
0.162076211336348	0.0482055172019256
0.679297187320958	0.21511425797511
1.98789085996259	2.35686575929261
-0.636575707896233	0.375634205843175
0.332981421865811	0.218244029790368
-0.625191995446008	0.152059991852936
-0.221443869104186	0.0712956025102242
-0.714143223212392	0.243889779741797
-0.597665296721406	0.28605549825664
-0.719585944508868	0.245867637672296
-0.377450627410776	0.212169865039347
-0.517668923750522	0.195479102918633
-0.334222652007209	0.0957594598898438
-0.338896474896558	0.0970421752101679
-1.28193542702817	0.576865027662566
-0.432284052312317	0.562936294245081
-0.00768216864932825	0.0273331472196433
-0.129933222358558	0.596947571195211
-0.188525739789308	0.678045757765407
-0.185066594987175	0.605496639920228
0.0546077256087259	0.123656501917942
-0.0405237763698649	0.0812190773399821
-0.136205688085125	0.285129894188685
0.120439031251535	0.253358001592247
-0.495341301585086	1.62642805855074
-0.19578319887111	0.430823265091775
-0.553248590314377	1.53892158353497
0.0578725328060407	0.0960242193823581
-0.46527777480318	1.09811806499693
-0.389127445994465	0.825355660201518
-0.078477909454568	0.116763811485954
-0.0521589780129694	0.0686845251729889
-0.313849368772094	0.65730586936876
-0.514321926099276	0.970644073715942
-0.36410097780406	0.624710658824274
-0.82630282110016	2.33674963194615
0.205750916018631	0.281220475921401
-0.70257355467793	1.12493208031677
-0.445857220836661	0.294718112118183
0.167487216108037	0.0814391497881691
0.065169527395278	0.0520517027437917
0.563792071784114	0.329740856362737
0.34621175407481	0.193803252850392
-0.0934903546081117	0.0371047509307854
-1.7975657981284	0.379599665892429
-3.07750490916701	0.956880231933195
-2.57821111666453	0.659475059970799
-0.400584458545445	0.167094841498618
0.607158454687267	0.318383662414696
-0.220606538471739	0.071036835690658
0.824451710034132	0.346189076295124
0.530519377174053	0.189974136950743
-0.97219875331747	0.479709318224813
1.82912964257087	0.714770179842855
0.605566719377177	0.317699728718819
-0.720182828019212	0.246166050990353
-0.718972834438042	0.245626954230634
-1.12669343566207	0.339109154533815
-3.07750490916701	0.956880231933195
-0.711087963718442	0.24267095162066
-0.64673842174459	0.383691037501305
-0.729821384507876	0.249664211260654
1.33148644921435	0.580580180008122
-0.221200715743042	0.0712222587266738
-0.140891273851129	0.05044238952326
3.93297854230234	1.72057752612902
1.83259355517544	0.716473450995655
-1.46282576652656	1.01905643839295
-0.779411723668729	0.667085199572458
-0.714918899517986	0.779906332347171
0.0576475045651076	0.250395812699206
-0.0564046709960969	0.202531962648278
-0.147554889824522	0.546935346441632
0.116284779715093	0.339342813935249
-0.223656658903571	0.641532777785772
-0.42784668713405	1.52795357678891
-0.162486744629691	0.395059948758622
-0.14603230878624	0.33693013518825
-0.172192286631157	0.369070732079016
0.242418264494545	0.557204468328648
0.019566508697624	0.0301734478489104
0.156467340080937	0.270275401625865
-0.0859790219396387	0.141835831140585
0.157516403371683	0.261154756744669
-0.11064540699439	0.153574600262687
0.289052897281416	0.567912228973204
-0.384919503096231	0.779866148567876
-0.222949311784199	0.378331044719728
-0.456860355098845	0.850871212706458
-0.824661096268446	2.04227601478666
-0.448937737676376	0.814928675084063
-0.10357203850801	0.0815865761808632
0.0137767889082542	0.00699955730839078
-0.450940996805706	0.417060267947856
0.484626943091009	0.332342733370481
0.877687312110516	0.654137990913345
-0.522727420173021	0.197402454260729
-1.81889213386485	0.738000902901671
0.955450516302873	0.253599562429476
-0.337559379634888	0.0966770330278957
-1.12769593434811	0.339436368028373
-1.32586861851371	0.832403065759065
-0.0934903546081117	0.0371047509307854
-0.378681163433219	0.259462452871813
0.831620070236954	0.349690062054934
-0.601008956207657	0.28779238853772
-0.720182828019212	0.246166050990353
1.4604038372023	0.483769829709272
-1.79763019308962	0.379603777700996
0.175657210770912	0.10189022043727
0.351289986786256	0.197037561356665
-1.7975657981284	0.379599665892429
1.28065215080374	0.706585249017493
0.971063332342774	0.664401642627891
-0.376610874572631	0.258025744410932
0.0289021048142477	0.111314583438447
-0.0917830837233621	0.37811811775111
-0.0367226758309732	0.0973911215887767
-0.231256091928794	0.79935946173639
-0.0644606869974628	0.139180333692744
-0.263548876985391	0.804115919408002
-0.0672699256863783	0.132767295922749
-0.266805081590537	0.678437063529451
0.184206244357023	0.38640246239724
-0.351395008167547	0.856280047795354
0.108780311116056	0.190320531044572
-0.240128401010909	0.473300353273308
0.0102567207347672	0.0143179681744657
-0.46548532503882	0.993284723044967
-0.11580760906936	0.168480778790588
-0.138651046816467	0.192325822878698
-0.5305313471594	1.31867124383799
-0.516442870712834	1.12507939437054
-0.669808250254986	1.4688006852737
-0.00543408741861042	0.00549527609982408
0.749543003212249	0.630193803724441
-0.656342371447049	0.45618708875226
0.770204921259964	1.02415161475286
0.553688573477179	0.322848986519285
-1.16742796427384	0.654715602129289
0.403017689363334	0.182433699553409
-0.620473624670499	0.150917804175241
-0.639700186270435	0.377780570593929
-0.0926618573180851	0.036786603271242
0.452290871775091	0.181603858248631
-0.396479664194857	0.16533394679407
-1.12669343566207	0.339109154533815
0.369101614013109	0.186932576086884
0.36792524804629	0.186254372360462
-0.349223570170638	0.0998902155798753
-1.81766723004699	0.737367259253776
0.163407014078342	0.0793650487555857
-0.61946410648704	0.150698865008898
-1.0225353038078	0.403750407139113
0.158989511121608	0.0298299152293259
1.96141436018454	0.438711417164155
1.77950391586502	0.992441144266195
-0.0983094882699554	0.0389944655091387
-3.08661343960983	0.960737795489789
1.83320872066104	0.716809839835328
-0.050914915482691	0.0222154143295593
0.590682648043472	0.475371613297587
-0.457565747512274	0.515426291129725
-0.186645779117789	0.172004410656494
-0.890954131078857	1.2926815139756
0.0497534705150405	0.0384389523065126
0.120590738961351	0.669363626238804
0.059222482865557	0.227491799993148
-0.0409549918357952	0.112963731233223
-0.0041080964424571	0.00875701670472483
0.130420818654884	0.385741460286264
-0.565362443315382	2.70183425582157
-0.200143834102887	0.541048019994982
-0.113822751285058	0.232104947502378
0.171158573263216	0.396902763527125
0.10171050944565	0.183953031287599
0.136111226512021	0.286886765621908
0.1357811159494	0.274328553730525
-0.438855385265612	1.03088085352836
0.0311779034431686	0.0480554317145882
0.0475644620449133	0.0612813457596913
-0.198007216327552	0.353780992893342
-0.539966910530293	1.55266194060021
-0.536010437052687	1.19468514441209
-0.940387597647779	2.49785471681619
-0.779212229234789	0.990216236352743
0.0120217365208808	0.00613362978576513
0.550326248137259	0.460001492052012
0.304286841267734	0.231060242301883
-0.0114797039559505	0.00549506332133809
0.450149052844676	0.18072138153306
-0.4433715699279	0.292930097872588
-0.481340286619312	0.252061590949591
-0.226251670734863	0.0728046955115856
-0.772900131552236	0.589135470754832
0.44957827995086	0.18031750975252
0.904390880115113	0.488934698622463
-0.212700860727539	0.0685566980358174
0.618263780847745	0.325387680066842
0.359609770753136	0.202322806456822
0.0152962678595145	0.00772296477396009
-0.608423864277825	0.292229479017511
1.95793128711136	0.437766051086387
0.536145192793524	0.192183675780863
-0.720199314130701	0.246072307343885
-0.140891273851129	0.05044238952326
-0.139938411712792	0.0788668947301117
0.536739666042799	0.192347830350542
0.178378460373537	0.04470234426639
-1.15576692816741	0.645139356537943
-0.0231341011864815	0.0107527004062084
0.0244238445384078	0.0170347634222108
0.504363804470951	0.534775264614692
-0.131186186433631	0.132337187527576
-0.655140447354598	0.880167152612754
-0.518771262336973	0.616192776621431
-1.04075151870603	1.54436171957186
-0.183864915837659	0.169095043962222
-0.444647238521014	0.526782882531739
0.0167359174230788	0.0634964675516941
-0.0496865660429684	0.182718533161132
-0.0654008445461101	0.199443590795732
-0.027214556016403	0.0685101239127582
-0.0519041894235747	0.124600601951078
0.0185542292325012	0.039039202233537
-0.231615995578442	0.602643052154821
-0.25442091085376	0.71214155075167
0.111839601025589	0.210699887143399
-0.148336302957091	0.308953058869077
-0.00166699615325568	0.00254874369917356
-0.215333978113656	0.411137952220138
-0.0865523690201499	0.145478373742438
-0.670006790541361	1.60571615116216
-0.496148254665396	1.38545034570906
-0.427169351157838	1.0076209607667
-0.274146160380854	0.577391845012729
-1.54983202919205	6.08347596829818
0.431178117541806	0.42826807847657
-0.00233157822797866	0.00146058269928283
-0.0715530843531098	0.0639623716508558
-0.206958363816867	0.133224231900079
-0.381134055568799	0.261597455076942
0.526571184576376	0.188493803820027
0.159304296973707	0.0474668185471716
0.143447846985197	0.0486770124943714
-1.13338534815793	0.341498686250824
0.671548203309383	0.481720922021366
0.166865157340979	0.0892897675668305
0.153662258231111	0.0588302582608141
0.15357905718361	0.0520023014569825
-0.711087963718442	0.24267095162066
2.56231868542666	1.41851622575425
3.26835783601252	1.12163011968705
3.27129205644114	1.12317050813274
0.393459839174683	0.177884064761223
-0.14575574418188	0.0521067853554539
-1.03934264459154	0.831643311414834
0.15279716386577	0.0585574556994032
1.25328309537184	1.06303231022379
-0.68001859920642	0.591548439980588
-0.461806195977077	0.488034325534478
0.00653824165354958	0.00552443005211758
-0.325178053844157	0.352735732032944
-0.56877340883162	0.660830562637845
0.0237272531376679	0.0165591566870108
-0.097062748175672	0.0856044554928564
0.141838322564506	0.12799171799611
-0.350261966022052	0.427068535257802
-0.0213932703523467	0.0797634493663433
0.0420333364302316	0.143302436755998
-0.0495062098624167	0.139906659042424
-0.16856753163035	0.523129022972353
-0.0238781383419295	0.0489982322168648
0.0727353999304884	0.147290969474861
-0.0472999702213141	0.0950966741812713
-0.176916080211823	0.377787979526982
-0.000419771190906995	0.000558421749649969
0.024619642547964	0.039011051383166
-0.0529409452922637	0.0802266993413837
0.174386918444651	0.328773433619545
-0.347877213005979	0.714405912082413
-0.504346057744829	1.35508173375253
-0.530779746491209	1.41327871320491
-0.503352522281226	1.16025941301606
-1.38365698089536	4.21797068066583
0.0569717986002764	0.0441746479854449
-0.546769429079455	0.346912299391766
-0.182022957313573	0.167147616183211
-0.307300373297551	0.250522176210894
-0.514641699367006	0.194166196064157
-0.619895187822925	0.150839789138775
-0.60567019621664	0.290381070027972
-3.45172595803352	1.22146685013561
0.439686902339786	0.176158679263334
0.153179217844522	0.0518679803975777
-1.50573496603534	0.533703959061235
2.11754480680452	0.94503257477152
-0.126890322824523	0.0712449775107996
0.557395035575767	0.325182383669068
-0.0438103398241611	0.0192225964013866
-1.79763019308962	0.379603777700996
-0.620326325745573	0.150885642821786
1.46166504880046	0.484245680586438
0.826303509191986	0.347049642188201
0.531600808944957	0.190452833446827
0.696140528705959	0.32596537413612
-0.00991747089578362	0.00480520645348135
0.157546606671046	0.0469737944802553
0.957461191854986	0.254126256439643
-0.336952847519868	0.096512855057735
0.753872448106234	0.739888145841315
-0.713208859232144	0.777003028261411
-0.238473997818206	0.248608267603719
0.106339379858348	0.100929631371882
-1.16978038369441	2.11826732455742
0.0186309847491411	0.0153918946838105
1.05516911755859	1.46606701564433
0.475955942114198	0.438386926878544
0.310924673291584	0.368747631816069
-0.204280058140379	0.214581897570439
-0.0107563545766157	0.0388025044394914
-0.0241089381499064	0.0808086238079671
0.0140362089959042	0.0349747172590801
0.0517210243020404	0.128609779056142
0.255797839579293	0.745886165855668
0.112510193694971	0.25841864637525
-0.260610031020849	0.67677710814524
0.181957646294399	0.4304022000661
-0.0546067997401925	0.096051658129164
-0.152581447502284	0.287073481312115
-0.233737926187926	0.470668869005343
-0.304660714871795	0.575594336406719
0.200908508367566	0.387489420437985
-0.472648202837238	1.12409750462697
-0.383357473993796	0.782948067525741
0.00601137709568674	0.00686592871285413
-0.31698536261786	0.282817337233446
-0.382774201743124	0.263073489239307
0.623517869253685	0.677414607014495
-1.24213935870013	1.15701383001351
-1.81139863683783	0.733838743939283
-0.723495739913315	0.247436366504984
-0.306937866263386	0.141037565321598
0.158426007238141	0.0472279903538101
-0.605291505126369	0.290343566368734
1.83009713438939	0.715173729277155
-0.518083231189381	0.195483647696607
0.604190973905763	0.31633996992338
0.741532365184533	0.620618627822741
-0.620473624670499	0.150917804175241
0.951724523631597	0.252769110062367
1.95793128711136	0.437766051086387
-0.617055950695462	0.150241664375452
0.173940988172143	0.0437550114519682
1.95793128711136	0.437766051086387
-0.222876920203916	0.0717168348737093
0.689874586366425	0.322807327102071
-0.519851545134888	0.196357066685966
-0.141458683087843	0.0506000765513335
-0.305662986710583	0.140445653088562
-1.63372975573635	1.67416610448089
-0.0201081172950201	0.0152897397925393
0.0471555390607047	0.0427244813257485
0.732841196933046	1.01091566161811
0.0459636301692382	0.0401082031295518
-0.303722206022041	0.288125016147299
0.835642395819243	1.0799065328321
-0.668780536695693	0.776395801186697
-0.456532208172085	0.59369425886338
-0.0110831849125553	0.00944475624641289
0.0851454773068793	0.415308852234216
0.041638862427359	0.146871612576872
0.0221839393686203	0.0607060329211426
0.139052781298295	0.40739724374425
0.0810307620320054	0.204119395602413
0.114228823931977	0.273172610438838
-0.0308252285048318	0.0588459612852247
-0.081963908769519	0.166771953434082
-0.193006928185252	0.397356897700236
-0.307914014504612	0.758398668621716
0.126193319798167	0.229061949042862
-0.135833555749807	0.265422909672731
-0.0300895697378147	0.0447842806177216
-0.534575916808662	1.40390808457624
-0.841774001168836	2.4207253639982
-1.2626244947186	2.08006684902205
-0.50197268834165	0.460426572363578
0.203537384734174	0.22297204726805
-0.16749631262628	0.130567629369989
0.529918814853225	0.189819007683608
-0.136602078912012	0.0489370979621428
-4.21999186440652	1.97501515858694
-0.128718721476947	0.0723597102607887
-0.0943190238643748	0.0374192018035695
0.165622192143609	0.0492275837346074
-0.718972834438042	0.245626954230634
0.400888075815738	0.181241645034323
0.676200627845659	0.214099921395796
1.04577073722875	0.395582052714565
0.165772134733745	0.0887426661174909
0.467025950643538	0.340805865817055
0.880079573115035	0.655998783427477
0.155152763702487	0.0673822658911542
2.76095211479574	0.768066673537379
-1.51042707521765	0.53568486067596
2.56900282952845	1.42460650757252
1.33376743097129	0.581693904895938
1.06685305821338	0.514909855606969
0.159311209668015	0.0692302471138502
-1.16012714514825	0.648998901413202
-1.27866440986665	0.57493073370158
-1.02646555146412	0.405564715628588
0.692448347088975	0.797704256996872
-0.571406228550646	0.664969801655106
-0.223583484292067	0.219178216291477
0.0875829302294036	0.0805050078023387
0.596810243836322	0.970213023304287
0.329317746391706	0.359046546226651
-0.302286705694331	0.267222585547284
-0.0614816481357163	0.0500875512825277
0.339285685213448	0.364325505054781
0.072529843552672	0.0714502922362861
0.174933248566125	0.184671877548627
0.0502089394928501	0.213647744162367
0.115704490669169	0.523719108197594
0.247358907192907	1.04893521029933
-0.258079967397113	1.00559035168564
0.00228537460446526	0.00429861337969486
-0.0864173991306174	0.189583801292998
-0.0834544097341735	0.178705422063827
-0.0192465066423627	0.0300284595575647
-0.207090223013798	0.451901180436869
-0.150955426058728	0.279515396043686
-0.307077052570898	0.769859903163643
-0.536410459843188	1.65226813512762
-0.710809559427455	2.23900387730629
-1.32476226639074	4.81513953956547
0.274881049113513	0.277285586671871
0.501768291984461	0.450251736043972
0.470850811715455	0.606136017487607
-0.306019271360041	0.24937575057812
0.423517379062632	0.338058762613199
0.167768777920892	0.081531936301134
0.53471313464826	0.191636123836102
0.535902929212832	0.192030732305526
4.56464547978707	2.56565181420134
-0.216900861291041	0.0698804747706956
-0.0169861000058486	0.00799990486307848
0.491946887463314	0.338420365368328
2.12060907139227	0.946711025116316
0.152619802685851	0.0516844934618455
-0.718972834438042	0.245626954230634
-1.01881976284329	0.401954931656393
-3.07750490916701	0.956880231933195
0.678685727410979	0.214982042405379
-0.0134626072183349	0.00641173906074151
1.14150192911247	1.03610785165374
0.147350780093761	0.0564751702386424
0.451240643407656	0.181143919700285
0.162968126753743	0.0485024678975847
-0.212950112008515	0.0686100611095293
-0.620903335937371	0.151058535991718
0.174933567082256	0.0439573605408891
-1.3243830900932	0.831477988278991
0.448246823419833	0.17979017346935
0.750834825124463	0.631070060852864
-2.28082161846008	1.14850527777355
0.97697696268165	0.669889578218062
0.0967223006522394	0.0686467764983405
0.487812300422813	0.608355648947018
-0.161688740122801	0.178401440222597
0.45908725759269	0.540672247516446
-0.102651708873963	0.0908888781132621
0.682773550720723	0.809263320440204
-0.383559232197151	0.429874924088216
0.51495547711974	0.639398933041886
0.132902580370947	0.144154720609918
-0.281091635536279	0.312251919570877
-0.467245995555307	0.495642477530809
0.00812276790835942	0.0297571514914904
-0.00434249438332627	0.0132422380400309
0.124059377040598	0.447940013238378
-0.168828958668331	0.498692309336202
-0.198698359836067	0.646406555673128
-0.0806677413088183	0.168892105223935
-0.0421821886150797	0.0758156756419595
0.162792271498993	0.400050650705408
0.261222693636535	0.605560967434527
-0.167517863089828	0.392424145053519
0.0275249864761572	0.0458889317691199
-0.577154019586322	1.85193648872571
-1.29727479461718	5.49847402418614
-0.671331312167521	1.07455905288958
-0.397494740919937	0.424076861587589
-0.935409645880012	1.54107814080816
-0.059508822896354	0.0435326736499768
-0.315892342064545	0.188592411660462
-0.216657714135014	0.0698098910080456
-0.766733199789823	0.33273995230155
1.27810801513332	0.704861380049318
0.164468653517054	0.0489167663284228
-1.1630859389665	0.651236557013698
-0.170387147179007	0.0908577531326779
2.12090922061263	0.946603003545872
-0.783966437958314	0.426998648717486
1.27434791554924	0.702252899229498
-0.230044392932176	0.114738238866051
-0.780748313030906	0.424517163624666
-0.767258704524236	0.332989408243179
-0.143894061192775	0.0514470147020874
-1.12725353624624	0.339405023147411
-0.337924641037297	0.0968088152153293
1.04869457705921	1.0013817221264
0.529011043622908	0.460499087355897
-0.0224395702600631	0.0104694201723546
-0.178163208116063	0.0952048911720494
0.156017379184159	0.052780976044765
-0.220849649046566	0.0710925897619741
1.0671250794186	0.51532777476737
-0.723495739913315	0.247436366504984
1.04387123564615	0.394420385845529
-0.4854585335001	0.254775571816682
0.794635329632266	0.477481092476123
-0.0554683252383234	0.0241516674699032
-0.0139865752005396	0.00664999932221124
-0.286544821267077	0.208099535286386
0.434850531145874	0.53826774321159
0.233489866406743	0.282548211805777
0.580104063953875	0.8889552968148
-0.0253857570449471	0.0229546442379704
-0.162200557651001	0.149718396641109
-0.117338958364721	0.0932516698755893
-1.34613938713936	2.20762385212138
-0.771206784645124	1.35278527049733
-0.0255586991963545	0.023367240299928
0.200752936177109	0.188516966057341
-0.454533099284832	0.590310778542167
0.327889823620596	0.357035596703751
-0.318241635928253	0.343427175153524
-0.29346423599345	0.338762007199673
-0.491588510415785	0.551695196605837
0.0955423444089163	0.466131310404762
-0.0506961458044265	0.183587538850135
0.0441534240280654	0.118039654329233
-0.0879571091769319	0.231290336895079
-0.0400919893356308	0.0858605920389403
-0.0848625242847623	0.163119970079537
-0.0654459399932139	0.125238171584875
-0.36192583015217	0.973262195772375
-0.0869672072350915	0.170564731832973
-0.0629051404203758	0.111166003692425
-0.545919027581446	1.62894146637155
-0.376287753881198	0.817532344410838
-0.0864371019520845	0.0840997862926723
-0.237026051672949	0.197266913570726
-0.561901363061652	0.622919451978014
0.0387517435557073	0.0290004734348014
0.192536494012551	0.126705260317846
-0.216906973772167	0.0698162939158413
-0.216657809109618	0.0697687117469907
1.76800870432061	1.38405209408814
0.61248731969277	0.321445512030485
-0.480930985393886	0.252195773301539
-0.61946410648704	0.150698865008898
-0.150196998613523	0.0536857002626707
0.956455214607419	0.253949648163622
-0.316230062333992	0.188827728697431
0.447191186095611	0.179329255309907
-1.02220030668553	0.403399409057447
-0.620473624670499	0.150917804175241
0.157007711765635	0.053125881526133
-0.263440467551972	0.164476556329389
-1.27320878623511	0.571826806588651
0.549523315242269	0.320279938152088
0.695535815089634	0.325814672468716
1.82816209415628	0.714241631039221
1.62594438874545	1.14319593625023
1.04272737841263	0.394268038065867
-0.721067114947851	0.246487833064577
-0.479586561442115	0.25133825928706
-1.0807102965575	0.736262647584093
0.976595825143519	0.669631150357045
0.153830475350601	0.0520893555087474
1.33999521271986	0.585413722027566
-0.668156972564553	0.467174620134514
-0.397945672018941	0.424848550237586
-0.460423576460863	0.570086373636863
0.588054691271838	0.668535562487439
0.780151675772511	1.04315955462513
-0.550312337653805	0.605327005174171
-0.0137532591900607	0.00896417524246265
-0.340547713318352	0.272829658256224
0.119618096559882	0.120765640350585
0.0538613956758333	0.0490278697808864
-0.286198696768309	0.275003186317496
0.0288813327584435	0.0239236900295322
-0.244564336786124	0.238592496011195
-0.646638637585055	0.864538982883866
-0.0220922150635752	0.0850130643870045
-0.128946092096232	0.590912835574608
-0.115046769975156	0.392144276335279
-0.145443757129134	0.470755711718388
0.147758991818218	0.392709030599958
0.0696266915715576	0.16250942062644
-0.0700357438509061	0.141574239372966
-0.274479662990868	0.786846452265619
-0.316042988161388	0.924163803986391
-0.415920719165856	1.05577828524742
-0.476748203946135	1.28258363628037
0.0439800777338593	0.0440714441262197
-0.109033278980021	0.095283625694251
-0.535625446495991	0.690868431987597
-0.786234799295307	0.853649972306699
-0.914543871307723	0.667153412845632
-0.151512040013732	0.0541841643496208
0.17351044503084	0.0436385160120603
-0.301160925221968	0.138127505088985
-1.28386613148399	0.577913662457171
0.174503749901052	0.0438676710334476
0.377882717831186	0.192167482691631
0.154954894721934	0.0524399678344355
1.4655515469736	0.485738470948645
-0.392935526970664	0.163604379069878
0.150261275709332	0.0652382627631165
-0.301486473443409	0.138481308496135
0.369121184123215	0.187325846576206
0.158457848970258	0.0606955756494984
-0.400100120801516	0.166868840685905
-1.13282069800183	0.341231258763963
-1.27702255318032	0.574015400729037
-0.177622702726844	0.0949054400745528
-0.0132752681189661	0.0063109043480374
0.15054293080874	0.0509939992212985
1.5724348757785	0.779685464655591
1.57324176500159	0.780282055570826
1.56778547869697	0.776513427014314
2.35616441570175	1.1748347671366
1.46455689811314	0.485225385720349
-0.00216399348299944	0.0013073970274543
-0.684632406323587	0.543177351971829
1.57641681681789	0.782645066717777
-0.515201103368893	0.194390956127506
0.0131415035532886	0.00670880153224456
0.0894043056981554	0.0632480735000582
0.198832388979377	0.178009911347351
0.0868622210163837	0.0917393550527153
-0.15877374506146	0.158938668741957
0.416563558819289	0.529865560524998
-0.127507007894994	0.120866411191268
0.76955047418211	1.02320132545331
0.420622080757029	0.526128818554992
0.0710952675440393	0.0739879975267706
-0.215486818125655	0.224712430402387
-0.0751707474797935	0.0734231419958587
-0.746451822697628	0.918363507107416
-0.210907124577201	0.208769204184112
-0.475977344856213	0.563241663256088
-0.0772121641747934	0.349335594232965
-0.17287593626413	0.855218031468175
-0.188543094462913	0.729086341749314
-0.0285489648377657	0.0599418255736808
-0.249069422870086	0.826904074580568
-0.224571094408795	0.581892748718261
-0.272835044801458	0.776487893543531
-0.452382476480161	1.60606785643643
-0.532585326563742	1.48699297333631
-0.784913633078934	2.72736133501252
0.0617281724430218	0.0602606025165507
-0.329424836753617	0.262228566179763
-2.06385762430133	0.935433907837447
-3.08203891306948	0.959069086853276
-0.149833514493098	0.0535896768989043
0.146052828713658	0.0559896260587139
0.159251072645633	0.0298673857617753
-0.216063671871124	0.0695794401283131
-0.0918335336169997	0.0364649550161395
-2.46613681189854	1.36965505416744
0.822832332666427	0.345345001072504
1.04272737841263	0.394268038065867
0.672871068473772	0.483375483860619
-0.48093568950134	0.251776096804902
0.164177446486416	0.0797461972980289
-1.67030517080325	0.94318681564291
3.26835783601252	1.12163011968705
0.163853552605343	0.0487595972376143
1.04360842637382	0.394608583742794
-1.03254154766159	0.822780579889143
0.158364306145836	0.0769893520085495
0.0153534321822995	0.00778017514531568
-0.0918335336169997	0.0364649550161395
0.163853552605343	0.0487595972376143
0.689942742129711	0.322629931039908
-1.79763019308962	0.379603777700996
-1.12669343566207	0.339109154533815
-0.335438661955823	0.0961186879895653
-0.600098277665444	0.287273474188645
1.96976647390566	1.23336131169422
0.824206423319396	0.345940153507605
0.158134206926857	0.0605482341623983
-1.0586977996223	1.10979726570536
0.264172858910897	0.252303617465727
0.133865594262593	0.122555551880773
-0.329087177151774	0.286809556759737
0.0513037317250285	0.0449211158875891
0.0385513437438824	0.0288505078074767
-0.183737479664196	0.155593464296866
1.02992564025007	1.33073223492874
0.511828089678022	0.634252677353179
1.11749262324973	2.20169225817812
0.264899121504825	0.271143467377825
0.891053685701677	1.30718164222176
-0.0408197792097229	0.0302522643549379
-0.173499453284881	0.161458150492846
-0.417482854516663	0.495952946085056
-0.215844687154957	0.210278379495876
0.0053736519713272	0.00452882194469165
-0.064093927218874	0.0561054287229594
-0.247340273006893	0.183275027544353
-0.929334110136065	1.05214915242166
0.0108258070450825	0.0392677708273467
-0.00170013100880498	0.00523651481964239
-0.0180909358242039	0.0444236048224548
-0.246988469312307	0.941694108201536
0.251082561441888	0.80060947537245
-0.185124181678238	0.53264849766927
-0.271013074289293	0.872045673381685
-0.301966699479636	0.804525601335099
-0.225431135515321	0.467330530562367
-0.0340008057050648	0.0340071939411695
0.568762807354651	0.742644893356251
-0.780193455966728	1.21353363511942
-0.596306260130342	0.285248215573832
0.170825640895075	0.0506454388036854
0.531954615713782	0.190517989079214
0.168354166613062	0.0424807140134561
0.604209212862444	0.31639810891361
0.147365977678734	0.0639671770757123
1.57617503203693	0.782056282529512
-0.155171503238085	0.055445001541133
-0.517825107309169	0.195474359908123
-0.908974660336292	0.662158829998892
0.155977003538966	0.0597564056633356
-0.233978597770351	0.116878809658738
1.08644910353546	0.66961703311584
0.405058632642416	0.183452010808624
-0.61946410648704	0.150698865008898
1.46498308680977	0.485505347800691
0.728174638627272	0.484035714403026
0.809147277873579	0.64604915669504
-0.327232791570859	0.231465815710503
0.367111902248978	0.185829330662902
-0.619895187822925	0.150839789138775
3.27129205644114	1.12317050813274
0.535902929212832	0.192030732305526
0.679297187320958	0.21511425797511
-1.15839322666391	0.647672444767518
0.160281803259054	0.0777560510157011
1.27890637676695	0.705610959853945
0.351658500117517	0.197271498123271
0.173488693542407	0.0930541635053499
0.94108938574612	1.06475396807812
0.279816432239635	0.263543276898337
-0.504785945469588	0.720670450830483
-1.06409338654604	1.86315501993175
-0.0721160312456191	0.0591367756508715
-0.143818766301292	0.123845985637821
0.881602823370586	1.2857374701438
-0.367600320174783	0.393478724563994
0.315306909000456	0.388684329256678
-0.671904106106465	1.01274634746501
0.6054337020846	0.84008098561542
-0.361846073695796	0.429261813785264
-0.214581500372497	0.208867244150715
-0.479985357798344	0.622292539208852
-0.074821048109812	0.072069705217318
-0.369902090521811	0.419620595858877
-0.152562138391429	0.117911564698907
-0.0739192011592059	0.0448314881987502
-0.0000262585387525119	0.0000923462937563942
-0.12346154261083	0.542688603730345
-0.0860655171202261	0.273627191443405
-0.209078323234592	0.68786110157086
-0.144559013589094	0.42224056248258
-0.0807333311530196	0.182883845066046
0.037178228687961	0.0657756019190237
-0.653449616525019	2.528017660179
0.0675818001480986	0.0772777430123845
0.134724209769244	0.120884576179684
0.326669666431775	0.213534860449101
-0.509822689539423	0.192218875495193
0.150740222782873	0.0577273386353291
-0.890861762126836	0.739211930765278
1.25667317039618	0.8761389081233
0.153179217844522	0.0518679803975777
0.397368290556638	0.179765383634484
0.904756941010288	0.489375115500141
0.176859358695954	0.10946030176418
0.869344336815926	0.645219812907749
0.417812157753163	0.332284341803332
-0.142223285419907	0.0509011547645968
-0.333856458330646	0.0956917261764247
1.41282822960658	1.1032934190804
-0.148585144209234	0.0531300006524212
-0.302433919731897	0.138730919662706
0.451487521828411	0.181235009163182
1.54712867562025	1.33742653227867
0.684444850725859	0.31969602342787
-0.620326325745573	0.150885642821786
-0.337924641037297	0.0968088152153293
1.3366322141597	0.58354097730275
1.0418455851348	0.393863567086238
-0.45019559342189	0.298217442159404
-0.9698631945889	0.478243526579179
1.04577073722875	0.395582052714565
-0.527132195003942	0.199301834615359
-0.0906915845434669	0.0360360857323489
0.756775324796984	0.744318685672158
0.445662060974136	0.519928616659701
-0.229641531784795	0.263892249537047
-0.509765403412668	0.716299237841075
0.316706934092472	0.363631371952903
0.323597419670344	0.380682660197237
0.201474610981748	0.18502464775801
-0.540031819094276	0.633847882670543
-0.557770419920511	0.755441017401081
-0.288353780317849	0.331513572428311
0.120151026642886	0.09730900927561
-0.251259856034175	0.259810660960331
0.208746712753042	0.201582892179662
-0.543473561353121	0.728834777710382
-0.197269591851232	0.192864386958702
-0.527295714767097	0.612787808813522
-0.179729187113299	0.151768089948346
-0.229124782839269	0.252518370953794
-0.162937154414127	0.150481900838439
0.0537656198567045	0.220685887354129
-0.0390022481255487	0.126853091454526
0.126916008880038	0.379741451054245
0.139852220714442	0.415382173317619
-0.155258793306515	0.39158312615211
0.102096029328543	0.194122912672391
0.00882497804133599	0.013006587584476
-0.220606538471739	0.071036835690658
0.37087354035561	0.188076558730028
-0.159127980149743	0.0568448441023053
0.700401077190125	0.328323832749525
0.155654248259732	0.0596277325693144
1.13389632998393	1.02553130348282
1.33460347604402	0.582347430988149
-0.0180628225008342	0.00850135978199897
0.146052828713658	0.0559896260587139
0.674624067917918	0.213658555919133
-0.624623675797245	0.151937920429117
0.52764029394331	0.188938300410242
0.700711778926038	0.615056115828436
-0.177043377902592	0.0945067057032937
0.344737120461874	0.192968898754675
-0.208392645666858	0.0671792268805817
-1.02220030668553	0.403399409057447
-0.0941488652903107	0.0373990831572397
-0.334830546749113	0.0959542136262779
1.46109938210879	0.484014060767982
0.612080179302168	0.321662239077202
-0.141938715394053	0.0508009980270485
0.956455214607419	0.253949648163622
-0.718972834438042	0.245626954230634
0.956455214607419	0.253949648163622
-1.14135368109528	0.989224666739856
-0.79113270628394	1.01183603028211
-0.261481414876153	0.27238797278279
0.0629041269607309	0.0513780011046423
-0.173927718268889	0.161977075656068
-0.282412313000236	0.253333081400779
0.289494102049157	0.26718141008165
-0.0499483724636394	0.0311778729489533
0.286302600316948	0.355749372333152
0.153103129801998	0.147935901968667
-0.149431656382648	0.139191885694287
0.496040340984146	0.622088659289051
-0.672202039876332	0.818455018420403
-0.622110023911717	0.725185604343841
0.119802010297993	0.118958083624238
0.162615376946457	0.155255057025902
-0.0644405565530647	0.0526105421406826
-0.331053570940616	0.31991957445905
0.267816028218523	0.230098927787009
0.0659897641824514	0.299791453072179
-0.0341355093005766	0.111505800067473
-0.137069252364449	0.521383395486892
-0.264969765610038	1.04536802050825
-0.0538775413582548	0.118365812262666
-0.44047830050835	1.43580481473789
0.511663001385462	0.325803760850634
1.46206486861711	0.914334307401961
-0.389710956241782	0.162060286974939
-0.719585944508868	0.245867637672296
0.487780304772711	0.335323505394552
-0.094072952243704	0.0373618375582565
-1.0284096392778	0.819717372449359
-0.939109634285189	0.574439653497986
1.46618406878612	0.918362595976008
0.174503749901052	0.0438676710334476
-1.27126584317639	0.570402539019269
-0.0184245649898716	0.0119935789250808
1.15495360362248	1.31328829024265
1.09039917403217	0.671585140392182
-0.238699154683553	0.119428098790308
-0.335894909874931	0.0962494484566343
0.159920372276999	0.0476279199969756
0.158128274235763	0.0534756396939054
0.157568112712888	0.0533067915180714
-0.904020876852277	0.656685305067101
-1.44081756759025	1.28603388692521
0.365870121984464	0.185294959089236
-0.02260935068675	0.0105492136620718
1.25403686179727	1.06391799553975
1.31123568210875	1.67553496470789
-0.129137843741202	0.128070100343648
0.603731266799707	0.904157131311844
-0.364252330414763	0.494082769073974
-0.67118568196055	1.01116295184056
-0.126218476958968	0.109527673921516
-0.133609297630721	0.116602766050356
0.775885479795842	1.03494119471533
0.658407996154377	1.1624577466467
0.20675721925945	0.223396084801493
-0.371048770594466	0.464903276979062
0.045654703455972	0.0398291541013042
0.25457990881755	0.28489182204322
-0.0674037972218014	0.0600944060410588
0.148368257175248	0.140137468623299
-0.232398631506369	0.256896697380492
0.270036504527358	0.289143243857236
0.209817080286706	0.207074733385368
-0.604785416162936	0.778495366807598
-0.24178533966964	0.201808539799782
0.189478989642317	1.1987989435695
-0.104884462808174	0.441085181273203
0.0400967448954574	0.104906395574828
-0.230816822196384	0.73301014550707
-0.130812165894985	0.309510967429293
-0.718359983709028	0.245324841773925
-2.465830667233	1.36818927454357
0.175496922320134	0.0440701137079318
0.862250948253321	0.790314399077293
0.610380796575077	0.320139504876056
0.439169392956293	0.335702651460837
-0.238190508134699	0.119228137926841
1.06659631817428	0.51499569547802
1.82948417010899	0.714838990299682
-0.221443869104186	0.0712956025102242
1.66920409405182	1.58040767797368
0.458146337874745	0.332726210028596
-0.766496980129333	0.332418881776531
-1.01991109008906	0.40221120986456
1.46166504880046	0.484245680586438
0.529325922387399	0.189451846093382
1.06928903307608	0.516876096390373
0.671045597340039	0.212419421287662
0.148637758157047	0.0645091757301741
0.446509788849754	0.179154127101327
2.5647002899395	1.42082936204324
0.693024016107701	0.32404196317488
0.183256172636606	0.113549288513988
-0.038963651496333	0.0243259061807854
-0.31465055881369	0.300827206430964
0.367490876329805	0.43587874868373
1.24242857064785	2.29711992788196
-0.112266214892897	0.105130323263759
0.200643537690063	0.184184110288428
-0.251183002723207	0.226407082654924
-0.21292872417133	0.206971271156519
-0.0135416696934094	0.0114729114665204
0.635817493276619	0.932947007517442
-0.0842006828905751	0.0683089332999634
-0.0634780040799762	0.0517807105699297
0.459475707499322	0.450248784685562
-0.510690138876048	0.540411150555611
-0.150116742626885	0.129879561696516
0.163669478747492	0.162457650105313
-0.114823564331105	0.0911142043535581
-0.23125281533298	0.223300361675916
-0.311781521030191	0.334668702170762
-0.327170365534794	0.260090737614042
0.0930841559461568	0.474638137923832
0.0199276119136104	0.0671575874380851
0.147030977788767	0.539803676131779
0.242509172960912	0.838006445513801
-0.779005391236655	0.594950957673829
1.782551696942	1.40163931333559
0.299210361462255	0.226655482772905
2.27305465384655	1.76164540140339
0.284850294077985	0.231413248499985
0.616225424653781	0.323987631877096
0.802168896727818	0.761667367087535
-0.397854813380171	0.225213007461369
0.168393915595915	0.0499912542478598
0.703708251895547	0.618500519636433
0.567237773832962	0.477960702915054
0.0126993671132636	0.00646672101050809
0.554090270127173	0.322616657602367
-0.144946030904406	0.0518319984756812
1.78196338943098	0.993259565236693
1.332901235932	0.581382062503224
1.06552204179651	0.514193876521475
-0.473847368570454	0.247916224310242
-0.122204138998798	0.0851009688816827
-0.982791496244324	0.486260383658313
-0.952966604893391	0.585785231972629
1.67222417839552	1.58544422289374
0.28003549609383	0.242576991189382
0.0772588077789706	0.0728434536613245
0.0893390667068073	0.0945557754006034
-0.0166527129249951	0.0166231102374634
-0.299351311044934	0.362610986815168
0.560563680914055	0.821062826746606
0.487225457049321	0.681800577137485
0.01660250507117	0.0137281607669184
-0.0290134901765021	0.0265633496721721
0.521100726734784	0.799064238932018
-0.120448411607629	0.113481232482242
-0.08033320094302	0.0829023124951148
1.0497254836298	1.7485882030673
0.0922909601909552	0.0835779267785494
-0.21986116509023	0.244370791647136
-0.383799579713068	0.520643531910081
-0.422194770740226	0.475505887977402
0.0507701437507565	0.218169983326509
0.156118856148453	0.750750425395092
0.176357749963885	0.674276920121122
-0.387077533870469	0.305159290874405
-0.391387454935484	0.221243461122227
-0.312894784796143	0.186592903723793
1.40383450641624	1.09319468186473
1.33279953204934	1.56773169080916
1.0696333251002	1.1421536633168
1.24835918613594	1.38005024780994
-0.315892342064545	0.188592411660462
-0.644562633459371	0.381599531724609
1.55151196935383	1.34355670607929
0.90749734357105	0.490771141886538
0.543918701368615	0.552955543859301
0.195891255008094	0.151965467770244
0.461350125805591	0.335667085685577
0.762493088831521	0.845730920049881
0.532792572738207	0.190847845049574
0.514957908138106	0.328067426415809
-0.484599068253229	0.254494611426703
2.12060907139227	0.946711025116316
-0.178596043456877	0.118708126132429
-0.152683925348407	0.0545664391533763
1.04007667172615	0.392839871352892
-0.0598575629155858	0.0362453974604104
0.069485178048659	0.0431062061525602
0.769845129454042	1.02371973303979
-0.0909387755942333	0.0923695973230272
-0.221417340240715	0.242453329154644
0.570421619073273	0.884387864819358
-0.361695692083828	0.407715262841826
0.355362438254066	0.44211465985461
-1.01128580316725	1.38765295429356
-0.114501103882695	0.100462319038132
0.310189912188217	0.361122383074329
-0.811429844878997	1.2981350236068
-0.772720985887097	0.978008946125876
0.147130779742669	0.13880417361698
0.20219253835249	0.190099881171622
0.16172471867085	0.151196154365591
-0.293641877045979	0.317248723993514
-0.417459168156844	0.547485632927192
-0.374988734392521	0.325184658010771
0.0716459289469688	0.325126992564218
0.103091476265137	0.44154201631346
0.0748021836628537	0.0464679532770358
2.36928267578661	4.24026384804625
0.582053577048725	0.748100578376719
-0.0414299072276455	0.0258497754838625
0.341238020706194	0.332516377274354
0.496055940381722	0.539199183479489
0.303237490300234	0.219600758174437
0.56098258028378	0.327787052701679
-1.26751939254726	0.568243295822394
0.44237702118682	0.428919611366147
0.538143452201934	0.645206884511713
0.284826186046727	0.231519008695958
-0.136837954554064	0.0770711361798217
-0.0790176560315829	0.0479973135101387
-0.396757057346443	0.224562849088262
1.964268180413	1.2284553829601
0.398414725600481	0.180059746605272
0.444354432544762	0.340458674122342
0.167909943772888	0.0899647762112327
-0.258837120858383	0.161331010084725
-0.8609603923533	0.85808498654549
-0.249864892465646	0.224913984822147
0.667019316704074	1.03362461757547
0.0214274967299321	0.0195693934463967
0.115986905405233	0.118548735302369
0.39640720712953	0.440159503534349
0.809155176890696	1.23360256085154
0.138209146044564	0.118951362389475
-0.287083659732142	0.258292338436474
-1.13378253309592	1.48808050393503
0.101338135214305	0.0958518833667932
-0.0284549466670028	0.0260499104756382
-0.047117486601606	0.0349936686860226
-0.563526361018615	0.652325878492701
0.942325873726435	1.26400659834436
-0.564056780453578	0.40913398875971
-0.481309682178522	0.477460127948322
-0.372751123839937	0.376059113626732
0.138760585270197	0.794060309112153
-0.123341527635642	0.455773376120344
-0.153747958285629	0.482544312844118
0.0717174673652778	0.134116091155579
0.0509136550881621	0.0748188125753176
0.48209198146557	0.548158215836121
-0.0587909481573174	0.0355913837829963
-0.506513159333479	0.534633915332939
-0.52649745256228	0.518522439836255
0.274802629106195	0.244370091756943
0.0178314643817906	0.0124486019280114
0.955762731562119	1.76784128396284
0.536634685221753	0.642760709637449
0.446253861136553	0.5079486974267
-0.145032118596154	0.124953001299641
0.377128962094293	0.332282275752118
0.49034685709865	0.337041447375731
0.863326175130239	0.917639974845173
0.566513157238261	0.817276122866491
0.136259205437035	0.124946968163081
0.496916882818078	0.540127311290876
0.292258872313576	0.229805424269248
0.630397515337207	0.482308738158444
-1.70527835223937	1.4267496398892
0.0518953119581753	0.0304745071129297
0.312298634956881	0.215717924998113
0.885936159792298	1.19461402676463
0.387695273162634	0.33095132342811
0.594830022656945	0.575878758866765
0.28171025033268	0.272426417269905
0.481671093195352	0.624941351228426
0.299001213770847	0.387755974811045
-0.644267636012123	0.860136968767293
0.602476819775518	0.834640955196054
0.744918609819844	0.930994435058248
-0.487344032828654	0.484960190936235
-0.774963145024771	0.836439938707327
0.626249566914996	0.589832682085118
0.191089060888891	0.142842759719356
-0.0262306724377076	0.0196974335930201
-0.155481662955479	0.120366489296079
-0.103620681349069	0.0736573550896824
-0.0675713295410376	0.0552664682973587
-0.160680448301844	0.124760878949571
-0.515272190294976	0.503651772832721
-0.558213418003897	0.506459832129022
-0.623925466071227	0.558354751425018
-0.652111057929549	0.6755217756632
-0.993954587526866	0.890565823882606
-0.211897850906449	1.64178497601808
-0.478873161712101	5.48398828859591
-0.524503967521164	3.49783921642469
-0.166676033916361	0.533581981388814
0.0604738157242717	0.126302897558826
0.0851984674815844	0.169863669039201
0.371545526078984	0.968638300878456
0.468165086674625	1.40884123575231
0.0735606708055255	0.11829895988279
-0.0769583149317546	0.128941434969264
-0.170644462132528	0.292119413748582
0.100625130292461	0.143858443811735
-0.139502429469986	0.15701072488899
-0.247953788913202	0.321241743230291
0.172007079380489	0.274771443890525
-0.0201782912981957	0.0233944218169105
0.194688773722614	0.231725963240681
0.366842700331969	0.608023033667823
0.0379259099742383	0.0322708238603883
0.209744756844878	0.234810696830852
0.29638495424344	0.448760589542065
0.332308610343456	0.518923916956665
0.0989717650031619	0.129472613006759
0.210532763969396	0.239656184344622
0.700644078669017	1.12120084607102
0.677139727068338	1.42483495265994
-0.339888920760199	0.483027972318883
0.0720582961181374	0.0750436978399418
0.200588896410597	0.26305982073765
-0.209613460369514	0.268492182227058
-0.176179646499092	0.235308470567727
-0.501422516533915	0.899328461699259
0.0641713058113691	0.0524784686243304
0.164583407483422	0.23999485839806
0.135149963280163	0.190268762598358
-0.261385281730227	0.429776766997439
0.0181123702522501	0.0198809772643003
0.862027616948446	0.915908232406154
0.315078554162006	0.229502959646045
0.0350483251365776	0.0192633501915648
-0.557220492149431	0.40285265673687
0.397739849039334	0.179951666951136
1.08272293783835	0.665793083038481
-0.394317545459924	0.222878131032238
0.96477277362366	0.956116495850596
0.174668890133014	0.101291179425329
-0.0725486232921331	0.0440014657644372
-0.424367405488549	0.3251113449833
-2.57421277656498	0.657506382974291
-0.0289583789780454	0.121946260566057
-0.00128431692716148	0.00413095440959901
-0.00398054147177059	0.0106016628779229
0.677791690737151	5.15215498238525
0.85182368172576	6.46309538149007
0.87643431389668	4.2175737086873
1.10963307973861	6.60495517495781
0.675726220364802	3.00565808432676
0.392062666972316	1.29468972763714
0.412028757103006	1.2413309159418
0.256777183126716	0.733570810804096
0.200141313221304	0.287208338373191
0.166855973086196	0.249823043627327
0.0573217600303047	0.0894545674671635
0.591599196450063	1.09653459335481
0.458801007286692	0.910052494720107
-0.150071331494573	0.139816342690686
0.551546283117832	1.14965210617177
0.39485039787976	0.611569922823109
0.0807656290938488	0.115282853853418
0.763924787842844	3.04040592189457
-0.143609834428799	0.171834315031324
0.518341324209271	0.944090550615999
0.32587196026977	0.450280641405377
0.302291702537923	0.393141838448186
0.817403294967769	1.80446004692657
0.0806253294263218	0.0995695074710213
-0.0757886397250563	0.0885024512053291
0.184145429123362	0.266021399672789
-0.128597746708956	0.168864176958678
-0.299908087940414	0.283799017213757
0.0168715522340683	0.0199450646154116
0.108352262107425	0.136137706223407
-0.352577150974293	0.612490042709534
0.489494962490872	0.801606660690026
-0.12787470918024	0.071829724489604
0.724368752670081	0.480386214661374
0.663318841035541	0.474273718490579
0.154954894721934	0.0524399678344355
0.697435449537931	0.326741539527995
1.33520072787008	0.582923907307515
0.157971563808893	0.0296806747786729
0.15388857651959	0.0668281633089699
0.612077712293352	0.321172486439112
-0.146566175815136	0.0523693021892352
-0.301909210959484	0.138662891155211
-0.396327322152107	0.165200809108606
-0.0224128670043397	0.0104231204837893
-1.67026116297771	0.94206256092501
-1.51275234377164	0.536645405278396
-1.80127875869	0.380587746892248
-0.0727690612197099	0.365664444452375
0.022106116670545	0.0842143367702071
0.208451562924638	1.25261107010927
0.216684497073063	1.14481846169197
0.553880256795601	2.64450072318061
0.655194289999473	3.44045150982589
0.169705048285648	0.614963741896672
0.0280650757545196	0.0670369180999926
0.40111192771245	1.41306451415835
0.234940882285677	0.651339501220981
0.104639721339704	0.252339066953007
-0.218209820150935	0.607654532909679
0.115210618636545	0.24424487925001
0.334260792903232	0.884601535050427
0.464580173222614	1.30228425881259
0.666630080986582	2.8887055417104
0.187965180931142	0.348396562294376
0.156610702256838	0.284222540712812
0.266024520096417	0.461440218538545
0.159848322114207	0.240193651950413
1.03309284328473	2.22758360741098
0.291883019603193	0.533732503772861
-0.0329677349158937	0.0471534625990155
0.0500815593819015	0.0752545117020786
0.297326483414707	0.56423998932639
-0.014611373434678	0.0156350790800138
0.15479660085968	0.165652527849172
-0.249785885554171	0.369277243496731
0.239135375501	0.307820011339067
0.333579766405408	0.443004478003372
-0.302475496034438	0.397887046632646
0.0818227114255518	0.0836607310705922
0.342203404561439	0.428423701746398
-0.137428179781548	0.163403607701435
-0.517734449875408	0.772969734816153
-0.00423838886023809	0.00431489844627783
0.0192034105928969	0.0134004761968041
0.933599198194228	1.05270221675034
1.24086459613506	1.04732589872811
-0.287168220698409	0.208612335130564
-0.981485656673732	0.48569248408097
0.0327694130518081	0.0180355415878051
-0.888132956951535	0.736175993175953
-0.220321532011412	0.142698540685486
-0.5615307308697	0.406657897965447
0.0520618386585117	0.0305617817644573
-0.779883507526493	0.667205110944912
-0.261238317165131	0.162981145683829
-0.0703744760817113	0.356613516112022
-0.104339305932117	0.538406854180644
-0.403918485727505	3.60754086832362
0.338140990451547	1.99983215672654
0.311045504083823	1.66963138176395
-0.221774465221194	1.09916205902565
-0.461349654481772	3.39400156824542
-0.260202150816948	1.03249188167467
-0.331222030795876	1.48393609376654
0.040279014648892	0.0927605089222299
-0.0851649479177971	0.18612319089563
-0.278326457730459	0.789260754394878
-0.0810073504482113	0.17215366573706
0.106077981458085	0.215291485163369
0.445834313965549	1.42264901903288
0.217446830333234	0.489274053009895
0.123242070109112	0.191627186654708
0.0762805870530362	0.119404981629155
0.103117190064057	0.163140543232753
0.475681996352327	1.14422701406306
0.444450433268085	1.02552478663904
0.181479922764235	0.321872753662768
0.38885860010545	0.91181808377482
0.379011648794757	0.760907958237494
0.448752433746922	0.906622209478129
-0.20894022781557	0.294007264291689
0.0313182493713777	0.04048944442727
-0.120418378226626	0.168559802411313
0.0400397429061157	0.0440312269875474
0.212890612424367	0.365318118365652
-0.339753741373997	0.465190328693652
-0.170863896688627	0.245016209172045
0.319484342169059	0.412556876306289
-0.263970112667987	0.349681259144219
0.0399481019424037	0.0404362883325653
0.201231402265043	0.156687205695728
0.854677238492599	0.905052161989319
0.175870243906189	0.0943219114653378
-0.654989846145303	0.455178471449422
1.28135230043235	0.706661036830181
-0.0125467147502138	0.00598013514275489
0.165530272619282	0.0804572609978174
-1.42930565804998	1.52101448014116
-0.789714582511238	0.431147471520847
-0.113402245260384	0.667613404006492
0.0510386095464383	0.225033634350788
0.833644278158035	12.0008292035504
0.447411889581894	3.62316458148154
-0.291004926398199	1.93055699954349
-0.776977545456126	9.82149814402168
-0.339328983574228	1.78365439192217
-0.430824733361663	2.53457800839868
-0.0464490217307716	0.112437801852872
-0.27219965022882	0.970386018230224
-0.272791309963366	0.864302409832892
-0.0839396687834119	0.191084031616906
0.266084721627063	0.806852081332346
0.174583678855585	0.387141318312674
0.139627009504374	0.25001616120259
0.486660931491635	1.34961442340088
0.0810590151509574	0.128682800427314
0.151029550595368	0.258437772225602
0.350553687795109	0.731722313717111
0.553337947260512	1.55963520214273
0.370533546028905	0.837154540131127
0.200880097219817	0.342481870694089
0.173624639538904	0.274424995735702
-0.486159076764977	0.980442202496484
-0.421712715196444	0.681795634981762
0.459226600882549	0.859018709697675
-0.678237514958192	1.24049951505508
-0.55694103717222	0.902950319117316
-0.155836663221687	0.192399570005674
0.0123306011361805	0.0105058388101329
0.49273529608368	0.777124221498179
-0.215497967689876	0.234731646981224
0.25030765684239	0.298323329656126
0.0556577716047029	0.0507200023556635
-0.128531360540386	0.0722027066482888
-0.596001214856946	0.285097229477671
0.550614642414668	0.320848244127578
1.78344604586235	1.40238261122244
0.152905507940101	0.0517666814526333
0.531954615713782	0.190517989079214
-0.342107054910445	0.0979510037894855
0.0306167850328217	0.136021665157367
0.223946185112319	1.65881755903431
-0.0463186739114283	0.181585290366854
-0.603658550435992	7.56520351650227
-1.14966294959085	23.044806865531
-0.244927631609111	1.28479115656755
-0.602425349672557	5.04529034249224
-0.0525563223908286	0.129429707042168
-0.297025849024116	1.10028659570917
-0.237462494434632	0.790576024143011
-0.0345736976473897	0.0771654900774231
0.160063439069088	0.421944255581754
0.499421868803484	1.60398258867145
0.0238241579783485	0.0380120510108638
-0.0530538297111229	0.073683289937787
0.222071456416064	0.438460754956543
0.317299150140653	0.756321916642657
0.684691823415519	2.37031702562974
0.306966056076239	0.677512276839231
-0.0261397144173253	0.035218398742932
0.885542996175565	2.64006509427741
0.159729042231474	0.248095912527805
0.152014139833262	0.220371665352722
0.115583967709744	0.143336993024159
0.224353221637818	0.363543192282061
-0.0368281513800578	0.0442005333795098
0.153562177161835	0.227092525047602
-0.271150577777136	0.430280490190562
0.668156367996284	0.810241328909672
-0.034655972808544	0.0418623576365255
-0.277738472707052	0.385522463043708
-0.253354934209768	0.362973124143768
-0.145252191591221	0.137257665928757
-0.235086608758728	0.117576959807281
2.11931178949686	0.946188348024025
-0.109572614686857	0.0426911765804323
0.159246049376902	0.0690900109273476
-0.393091467495034	0.163750598389289
0.0120829977216081	0.0490632417388235
-0.510378866420783	7.02855648411635
-0.453032997977379	4.57866894703507
-0.793399539523635	11.3465802144599
0.0296499445554723	0.088600895820598
-0.382826821627447	2.28228828330303
-0.0847710713996175	0.163830415983212
0.251702019820127	0.520292687118863
0.0945062445984182	0.19960120637812
0.0621108590084737	0.1348228093206
-0.178343415158916	0.421431710256459
0.304823789087705	0.560491921556016
0.497739965352764	1.21310910021197
0.838957097085751	1.35308657974145
0.62170055165544	1.42156457450512
0.281036455125745	0.507349719774003
0.35164180332209	0.811807465056425
0.761532488336022	2.23044461915953
0.407911300571848	0.588332198289941
0.650788687980941	0.996501860230336
0.137734995645489	0.180100409933248
0.605333159577007	1.29845628997648
-0.263939593973987	0.388907462301094
0.608920806362939	1.29254958950333
-0.271665628136301	0.424893142333951
-0.0291457427130479	0.0323756381079418
0.298377942210381	0.452758070118468
-0.526894429067158	0.437377494727919
0.169771536619209	0.226535413160753
0.294205225565219	0.350056536562067
0.540437117149826	0.631813418658385
0.656453288199296	0.59680475928353
0.166894126545373	0.0495801423286346
-0.333856458330646	0.0956917261764247
0.955450516302873	0.253599562429476
-2.57447078703937	0.657780381714024
0.031560158167051	0.141210293675419
-0.0553610530724299	0.242676030804977
-0.379711784526113	3.26560837770985
0.0934369929561324	0.338557969298764
-0.207848888767267	0.911694656881499
0.179835011941445	0.433457638459163
0.310471314287534	0.852679124389143
-0.0838849644185553	0.182348631242971
0.489112203623745	2.30983067688484
0.232264076883873	0.714178750361373
0.408368692021514	0.990259051311039
0.240576888558949	0.529720327578984
0.0502893352476718	0.0583065146670473
0.456575434478582	1.21162798932853
0.439364234757535	1.15248792110731
0.545754387584478	1.78348932952496
0.32473886178406	0.702546699350009
0.135318343375729	0.155359567484996
0.255309481361662	0.315288269657429
-0.0372247930149538	0.0439898424457185
0.346701535366744	0.580199709533899
0.00233120274761302	0.00261163698207775
0.371261689228594	0.682164204284073
-0.296728280367402	0.536465358787352
0.0530801440828675	0.0677386519265938
0.3497840065351	0.600777057862571
0.213138796854186	0.210808622146226
-0.0153213075712748	0.0176789236228108
0.176082621166129	0.197946646698524
0.0785607585525935	0.0811741222500324
0.679760398869169	0.705606979743519
-0.625630686390319	0.152156798395567
-0.620326325745573	0.150885642821786
-0.136174685085756	0.888615524455294
-0.0602409329536913	0.271543495621777
0.273781108879604	1.6858033001803
0.114683830728639	0.456540851515469
0.391949385901174	2.11618380872687
0.407082818359517	1.99529903245203
0.0750486874927601	0.188958674737808
0.47890166920424	2.39560829799747
0.598909831790284	3.35048078920475
0.391243569728516	1.38713943381282
0.338450652999047	0.919959506323401
0.316685704786406	0.710228258198419
0.26278592969055	0.560208048999139
0.358947591075063	0.885665389763594
0.262973578886586	0.534077150507075
0.594725046791156	1.71696440204375
0.380085442932475	0.73863269258417
0.520189341558759	1.12542028571278
0.0449417556083433	0.0617706375082345
0.000765847901876179	0.00093621965815916
0.347603304936169	0.554637293695767
-0.256229179284843	0.408595864946626
-0.29281271356148	0.465332777163841
0.148328811594168	0.192139651789672
-0.0735150924538187	0.0830839708573009
0.605514109169331	0.840557299480253
-0.00262041597952101	0.00219911612562434
0.251306149212341	0.331947584321401
-0.0103886967524598	0.0105084534721824
0.216850729246063	0.227961011928
2.40424271988001	2.05089761694292
-0.230259373579756	0.114995498193243
0.0414799779193739	0.189129438087396
-0.0361690114729034	0.149191663293734
-0.233041331013524	1.53519945071602
0.0343415146513595	0.090735608811029
0.0301227184637292	0.0706017027400166
-0.383116053939484	1.84871528661065
-0.0134761611209534	0.0325040335905456
0.247449630053709	0.900856085781692
0.582222066079536	2.29367011605256
0.79849344310958	3.6524433315635
0.466459819859983	1.05213015691477
0.310584624299698	0.804243021258194
0.160472735652139	0.324694524869671
0.445785163000412	1.31468750780513
0.390832647974977	1.1825580783368
0.462457460445799	0.894496584977329
0.422651118241245	0.795848796851328
0.361507532496092	0.705208509375056
0.163808742272806	0.22201361514989
0.578133466089607	1.25054450030859
0.190736267498424	0.303178377396363
-0.0277903628201699	0.0357490931039315
-0.274994550114562	0.474567867593852
0.0453092740956423	0.0500628188442482
0.39659976454163	0.440311654802865
-0.000917650067677039	0.00109183345756241
0.660620160732498	1.09464318262164
0.409808786569743	0.601542400607152
0.278596425418143	0.248287750518169
0.150960388573741	0.0578814141488162
1.06471943149371	0.513491425838083
-0.216657809109618	0.0697687117469907
-0.0144399640800933	0.0593498074546346
-0.107743676637199	0.571775020340854
-0.170104630829534	0.665366307529671
-0.217204265030541	0.808947676372739
-0.675434481941859	5.50361591044635
0.020123979342858	0.0518666983618178
0.0998883474670253	0.300279400348928
0.370323054550706	1.17779039444106
0.0434661086824992	0.0787421510272177
0.358222066688243	0.719143090182236
0.111873877234875	0.231493299092263
0.22877905400939	0.556088788774149
0.133304000149865	0.28010700908588
0.269027890928162	0.698432563013824
0.271999100410358	0.394321558213546
0.300294073754161	0.478653511389178
-0.23816245540774	0.420238312158938
-0.171629283382011	0.274210720444166
-0.225156644313271	0.390849231892472
-0.274565835610837	0.511904861831292
0.0552009862182992	0.0836602807841858
-0.197621007365709	0.32253537413117
-0.530126985341905	1.07270506162976
0.691213203043767	0.979156852637591
0.0880259449069514	0.112623855225357
0.390365152226744	0.572012773459686
0.579742990391961	0.905050306270198
-0.262509733814168	0.215414498845907
1.09375832481032	0.674795194040118
-0.343686146411719	0.0983921171207581
0.152200918016515	0.0515403734692646
-0.109521865500276	0.639551252263546
-0.187964274708175	1.1203730597928
-0.216550119839232	1.14639319551107
-0.876550644461251	12.5191937555401
0.295351467060431	1.7397978721707
0.00479237772717077	0.0131937723921249
0.690849089162572	4.22334439122025
0.434049742460765	1.82787421313427
0.356676779984187	0.934767479839214
0.382267177987598	1.32253969392163
0.341085562281242	1.03161658603071
0.629640257924217	2.68394903886881
0.342212856178641	1.15031111349238
0.00299881266696501	0.00406598321154233
0.245209890626477	0.424195639301059
0.290058309192582	0.53595766163979
0.208075470390473	0.327736040521173
-0.119187564176808	0.182730191906834
-0.0697517466144507	0.0981824597831964
-0.375785902016154	0.743220350547916
-0.452908129922935	0.953629904405343
0.30706042179786	0.501682818498896
-0.291688613737099	0.281312891950593
0.0272049411928669	0.0308492402737105
0.0277101487492559	0.0297646350499359
0.168631489710911	0.193898504389952
-0.324528377847693	0.31239441903661
1.2588124068907	1.07035655477402
-0.300214954263046	0.137856208357262
-0.0893300542784814	0.0355154444573409
0.672560905238846	0.212860180111741
-1.13282069800183	0.341231258763963
-0.0600372933026157	0.281383890815266
-0.186995701515147	1.21949232722529
-0.560668140432525	6.32294771472185
0.588460870372666	6.00104263717422
0.158270550868152	0.651156238442733
0.549727759879367	4.1597241561472
0.444311076369611	2.26905190969674
0.294073118642964	1.18243236579269
0.238205669291005	0.709816359516474
0.262138506438181	0.695201327026569
0.395854000967158	0.980799606241437
0.0934639157773916	0.153477946550389
-0.123015891081473	0.238158861355206
0.0650932803614998	0.114651666311067
-0.0636314245064848	0.0906448873685847
-0.181295638281471	0.25278665180992
-0.552424096398466	0.831281784479328
-0.27739420191623	0.431734674041414
0.0133117161461136	0.0118894578837243
-0.485057473174564	0.731844654683592
-0.074468573711925	0.0727101682447308
0.39515048860171	0.522558808310536
0.778218718678739	1.1932752413499
0.385384376469184	0.434473327292758
0.454665792474153	0.613814285501135
-0.247512729097663	0.25518423168054
0.560325680220248	0.470701452763485
0.174409623232255	0.0936008786462472
-0.229877657550911	0.114777600861656
-0.394461284622549	0.223091353118371
-0.146431287864912	0.0523647681072414
-0.0430959094109364	0.187718838859399
-0.0899944806131637	0.419475653361897
0.812981437169154	11.9161679581376
0.649646123859666	6.45068760962282
0.644185331466501	5.79725776775914
0.532057755775784	3.20080289958001
0.18481676027354	0.61360752754272
-0.00674035463880962	0.0131418292517189
0.270378820835597	0.768542627836598
0.299474633570101	0.725778150634706
0.0766168475663239	0.125087556455551
0.0559649523948516	0.0954006867604962
-0.0109905081299733	0.0174697783736154
-0.259440276688022	0.463697190675204
-0.0721243149641962	0.0952378457436022
0.371632319285067	0.531523892016947
-0.180967743538391	0.243074971877378
0.0995193149064906	0.0906176458149305
0.166033647266574	0.179417085740234
-0.0504727725829283	0.0494853413677338
0.043976207106435	0.0383206842747968
0.117464324270951	0.0973421724321848
0.456501557949907	0.593347385593274
0.14470688186869	0.136275200235312
0.0478293752445722	0.0369238775110997
-0.0509113730146545	0.0317670446144805
-0.043748125747911	0.0191987707008843
0.690914662298867	0.322689559143969
1.45376570788251	0.907769023326226
-0.216657714135014	0.0698098910080456
0.0433778909301411	0.190687854161215
0.45694826336852	5.34930703758691
-0.122181682899177	0.560590673627674
0.0843432695533132	0.264230452522659
0.134184234633924	0.417752209643029
0.158261107409767	0.420506522063724
-0.217662823421082	0.699843675378498
0.0796234617419529	0.178892206402872
0.408903402414322	1.38919059936981
0.126910292730471	0.271853594098303
-0.289625651126436	0.665579589902941
0.144305874908823	0.252009269152654
-0.371512196365669	0.758763127991794
-0.0739229861535375	0.102520277960917
-0.48486718453415	0.822128248242476
-0.497976663091676	0.938563852958703
0.435846552726958	0.8023080573463
0.22716040430121	0.327173405772501
0.0101699896296086	0.0114866938095375
-0.379871990833698	0.447348026219794
-0.115647492079811	0.133453925188081
0.608144734212443	0.774172741673046
0.124238058724389	0.13739385292053
-0.0134621957426981	0.0102541382251149
-0.344197358661899	0.0985376167395167
-0.796473844846803	0.435695885111968
0.44877431656192	0.179961890266177
-1.27646499935786	0.573640288037447
1.46635368166	0.919398873860508
-4.22896786561947	1.98168061966887
-0.134742986191222	0.871677215576914
-0.482425090232411	6.28182959012449
0.128760852378306	0.54193998590791
-0.307295547641045	1.71853989020348
-0.0709548090467129	0.195904076753285
-0.273027434344533	1.22977168402864
0.000690755807494756	0.00151966641467202
0.0770402455719921	0.211422785607419
0.0633214299857286	0.159456893318703
-0.0340226171867255	0.0607046725808455
-0.0326502507925336	0.0556326755906353
-0.132868321076865	0.256470002957801
-0.878309581180948	3.43025499537576
0.219984781758762	0.412211043766294
-0.419187367309216	1.02625772383298
-0.630850230621556	1.67518478383812
-0.28730829264506	0.565274580703747
-0.125032493213726	0.186900437687613
0.922503599674181	1.75402427831045
0.209690225875225	0.297666971602385
-0.256924891228506	0.309793372306764
0.441796581805989	0.751463532881996
-0.167208829057986	0.165751570453002
0.61130813329899	0.321214319464346
0.605566719377177	0.317699728718819
1.26257882923483	0.881452258045607
0.158942567785463	0.0608748549822144
-0.774804746858058	0.337089418232418
-0.0153210791925131	0.0626723066174209
0.15417730237892	0.904117136021056
-0.249613326607346	1.59752079123877
-0.583704584293622	5.08085223180217
-0.603924820774946	5.99925053359752
-0.0552339786434735	0.171132493381986
-0.0434173818052886	0.1232526354407
-0.253340432563857	1.20586069010746
-0.298472762657913	0.96803165803021
-0.0729221665084597	0.136695453109172
-0.242403418029826	0.577297510365859
-0.128209953076273	0.234163371567826
-0.390790653194641	1.10408551439962
-0.297020747170497	0.705481176037034
-0.074425268115386	0.11358757415664
0.075704389840872	0.117235135304482
-0.253144636258014	0.41636339464653
0.0201194141284278	0.0180251576434227
0.429691546388183	0.896585817173022
-0.309948358711642	0.475864173964956
0.308645274633914	0.455749840310915
0.511451751894292	0.71506895727645
0.548539292381485	0.319080951948942
-0.722881564981813	0.247143842823858
0.689942742129711	0.322629931039908
-0.096118893395234	0.0381332576223658
0.0223753387312635	0.0929755079383351
-0.248663877257633	1.91299967810343
-0.402915843105211	3.70781656967134
-0.589773185545276	6.4268448614248
0.0123515379379721	0.0349787784157565
0.0247321318308887	0.062078509253409
0.0802475765282989	0.215946064040386
-0.300727288268899	1.29352051422641
-0.161876737144148	0.504982822415059
-0.391627704886211	1.33567868978136
-0.374885409924998	1.0749887969483
-0.531362653298883	1.22929036537817
0.112267658086651	0.186616430298626
-0.445567044882356	0.869598778694812
0.385297752405884	0.617635485082149
0.0251824502398415	0.027198953852175
0.292345384754628	0.475370868853774
0.328284253100917	0.434164816737122
0.538661776317133	0.791888248402946
0.435757873024042	0.660150764505409
0.0976388620311906	0.0904643637072307
-0.130824823706839	0.091448323974193
0.546681221529426	0.456004201332268
0.877217794532024	0.653025388772149
-0.0449823571619687	0.202608068698666
-0.0224983823671675	0.0809528494765261
-0.200941064054172	1.12267605330959
0.330264346388245	2.04139008616149
0.536970446232231	4.15225425744438
0.360698535937411	1.91060360598853
0.0570971943752579	0.140418367449454
-0.0930597163748941	0.217642617965442
-0.0523898294567244	0.096066681687972
-0.333055039305715	0.911047473441253
-0.253779868730999	0.497294712824803
-0.190361605854159	0.349219973850543
-0.522591731804915	1.21129452979618
0.376012160532531	0.667747917875048
0.293466650670922	0.467303152733879
0.144818389316288	0.184836564101958
0.730758175231998	1.68615159389673
0.291108952229316	0.445739247356625
0.548359886537108	1.07615020096133
0.561471507907706	0.920384882675222
0.582635072379732	0.467032981669196
1.01458152747256	0.837457728408867
0.79914216158215	0.635350295745769
-0.0497226217230177	0.0217140295760252
0.100500479198401	0.527032368498515
-0.226983921294195	1.53776659710052
0.530324554823799	4.77920788373881
0.736365634624156	6.26760409792876
0.287005843241559	1.15837481709994
-0.00127457869994314	0.00298381057473027
-0.13219649691066	0.378735795945443
-0.363849857084592	1.11322823693159
-0.440902617354244	1.17645510884312
-0.0788913771284713	0.0924571886640899
-0.784607866330031	2.27515233463614
0.286069465770903	0.39409828770123
0.423993287401524	0.589873922268536
0.105980194216462	0.108991839402872
0.512262456678788	0.766062763003658
0.0758996198673662	0.0760660980651704
-0.00433255473690952	0.00371364540831007
-0.0967135383450844	0.0922281363098871
0.341416061545282	0.350248072247963
0.189575956085948	0.136291391249459
0.766879757551787	0.8523941952943
0.618349641896897	0.579854219149034
0.865851988743509	0.795032737777652
0.0113222073963002	0.0447133024194825
0.467222507453696	5.13730884949551
0.427884217106957	3.86846736858577
-0.175888064392656	0.825291201757885
-0.532469061264614	3.34502244973341
-0.40850510840861	1.77231072816392
-0.597096422800811	2.69583977339688
-0.656300191489369	2.68079228365261
-0.500077100316971	1.48873429377265
-0.677510866635811	2.58428743008589
-0.409792572348635	1.07311617460228
-0.00864013669937765	0.0114331261867357
0.212885421605548	0.355388159569253
0.37088805162648	0.546287481492473
0.228109813107653	0.406553281085941
0.56936200536355	1.12173872808964
-0.0596392088879172	0.0786850720158655
-0.640306490180357	1.10190163307657
0.190118335678422	0.136722370307436
0.326288395677667	0.226805861317212
-0.131764171394695	0.0740309742356273
0.393009326724146	0.177660635944489
-0.0444306282761063	0.205627980346777
-0.32334239800852	3.10694723276355
-0.82127935878544	12.7623106314302
-0.811759874875256	7.33631361380587
-0.760617104122991	5.43210056877619
-0.845459997378537	5.60094506240041
-0.599391027815607	2.80259813186792
-0.529902665527757	1.79226493139043
-0.816855325992574	4.32894534049102
-0.393496384485736	1.1303517291364
-0.56984587477448	1.79645518617749
0.0449085179603474	0.0649931113120574
0.940939524258208	1.96514083498767
0.0864382661769256	0.123213603043156
-0.0313673921496795	0.0380292954026286
0.105863953523858	0.141786452774214
-0.150225672174846	0.176608182762855
0.185052058276757	0.107695607101476
0.045505793946733	0.207749465587807
-0.0857030606278072	0.412050040442711
-0.418732987128528	2.13241679875782
0.0130833896242671	0.0262623835072198
-0.287563024969544	0.89968245086918
-0.241835530922233	0.684893046508738
-0.072226806503584	0.147698698214722
-0.438964951257394	1.57815133577495
-0.203038546001136	0.459184425804811
-0.121350583158403	0.227546653383149
0.0779823130200968	0.128907260058265
-0.0461804819801089	0.0503775194176288
-0.722611557468775	0.247018823049159
0.0156680210653011	0.0639809247809021
-0.0573828852382679	0.233560217180233
0.0170016065056915	0.0471889902006624
0.0967547945395331	0.313209938822832
-0.118091509885982	0.370146889986476
-0.046112350880168	0.123204017493254
-0.60362616044821	3.98286684930377
0.107983060972839	0.27569929757594
0.389845589691566	1.42597195977654
0.384514479928156	1.2100846068874
-0.0681200269014378	0.335375560212205
-0.110019985275645	0.57089723303778
-0.530237641373107	5.1202820588378
-0.714591284843512	7.68836114330631
-0.638681072141594	4.52167994434774
-1.05273455731313	12.661760636153
-0.682847298109163	3.58171734001104
-0.456725744222546	1.76199305594959
0.247367681245048	0.679638672805172
0.272520736431628	0.606737958170721
0.120395208811194	0.216212320949416
0.249540975959901	0.459465954852609
-0.0536849953163295	0.245918241177565
-0.390275135430251	3.73940722185615
-0.482517190144932	4.37196224522668
-0.436146713999128	2.73855003723557
-1.30355503709878	20.9646423966838
-0.140900475752935	0.412667627288173
-0.389427010992182	1.4448321024764
0.358294476439914	1.23592527227334
0.154634319570886	0.345616838828957
0.206557861736348	0.467518461408069
0.10931274139101	0.620686428596632
0.00811751085726737	0.0294268717874361
-0.224018609058521	1.27594513724909
-0.955360550938107	15.1378035521696
-0.208725927824404	0.882456007359388
0.00280460532048962	0.00682391782447148
-0.0311717134159982	0.0729735255633489
0.0448185021147133	0.200257971655045
-0.25691630631127	1.91078152687581
-0.562819890627547	6.06468292893827
-0.0521267863323319	0.241571421783769
-0.143701884156412	0.829786950530803
0.0826477609205965	0.439746628851
0.0713325864366716	0.33490453498086
-0.301757440565795	2.19196631088235
-0.133183833231309	0.542724848855217
-0.054969859979046	0.26322482205935
-0.291716260638213	2.48896359703593
0.131333039746683	0.591904842583224
-0.0621705336058417	0.304622210916421
0.27496626514006	2.18711621717953
-0.0069345690573731	0.0273769764835344
-0.0589492555190054	0.251079804509035
-0.537378759244203	6.76806932966824
-0.475955337425653	3.99617715396136
0.0292080786487724	0.116483512798499
-0.362715023555655	3.26342355625597
-0.419721506982336	2.64002986689143
-0.0726988389342119	0.367055441418283
