x	y
-3.07750490916701	0.956880231933195
-1.81738212013859	0.737229580571004
-0.619895187822925	0.150839789138775
-0.624623675797245	0.151937920429117
-0.620903335937371	0.151058535991718
0.679655237519559	0.215244174521264
-2.57447078703937	0.657780381714024
-2.57472877667238	0.65760345889815
-0.61946410648704	0.150698865008898
0.526808022811829	0.188639363777938
-0.221443869104186	0.0712956025102242
0.157971563808893	0.0296806747786729
-1.67477937542259	0.946015245150081
-3.07750490916701	0.956880231933195
0.159251072645633	0.0298673857617753
0.674624067917918	0.213658555919133
-1.7975657981284	0.379599665892429
-2.57447078703937	0.657780381714024
-2.57447078703937	0.657780381714024
-1.79763019308962	0.379603777700996
-3.08160228540496	0.95864568534502
-1.7975657981284	0.379599665892429
-2.57421277656498	0.657506382974291
1.95793128711136	0.437766051086387
-2.57821111666453	0.659475059970799
1.95793128711136	0.437766051086387
-1.7975657981284	0.379599665892429
-1.79763019308962	0.379603777700996
-0.3395018260887	0.0972061822975938
-1.27291486245835	0.571319673568139
-3.75168277240236	1.47633842923476
1.46209127003869	0.484377128190959
-1.7975657981284	0.379599665892429
-1.51275234377164	0.536645405278396
-0.336952847519868	0.096512855057735
0.151383672100152	0.0579893158462332
-0.34307485466429	0.0982470421897248
-0.339136742629042	0.0971078731889835
-1.16263403021521	0.65085998194465
-0.0974799324302441	0.0386746458615092
0.150150342967694	0.0651467775824773
1.25118553798303	1.23117641293167
-0.63734161463372	0.376245630600318
-0.481332374340611	0.252453037367173
-0.639700186270435	0.377780570593929
0.717419103038397	0.474372555663777
0.824133571632166	0.345861953066953
-0.2592304606008	0.161632626250856
-1.32217264202961	0.827349570843594
-0.378681163433219	0.259462452871813
-0.0980516265028415	0.0389205135041605
-0.398021917591555	0.165793558859363
-0.765918596168096	0.332344936277861
-0.715034146888943	0.244213254744201
-0.159127980149743	0.0568448441023053
0.172385921068679	0.0433875285709768
0.166894126545373	0.0495801423286346
-1.08342606785374	0.739623801521719
-0.780712133896391	0.515040903095225
0.36375253044055	0.184304357764532
-0.596306260130342	0.285248215573832
0.361143574550708	0.18269527353602
0.157568112712888	0.0533067915180714
-0.236113743809058	0.117991200121505
-0.605365274094376	0.290428903582208
-0.782023905302973	0.425384005432895
-0.957203716995985	0.936141081033313
-0.593642584071774	0.283942155062985
-0.301910841750861	0.138682791818695
0.180933299834332	0.105220771607054
-0.784812118737938	0.518182115005723
0.0389435797771112	0.022932607086645
0.0357268324579691	0.019643325819914
-0.125396303058114	0.070390871296642
0.447615686514994	0.17964898897905
-0.22791667628394	0.11367905436001
-0.265428263388761	0.165947128354752
-1.83581261979292	1.15723117534355
0.16591459488753	0.0806450085853045
-0.657118853206334	0.457358559006113
-0.306385543874081	0.140901104264835
0.337779080533463	0.206181374225968
-0.652215519022559	0.452779199752944
-0.3291972562634	0.233194421811755
-1.32773637018972	0.833858269163045
-1.27320878623511	0.571826806588651
0.689625814508517	0.322344289067171
-0.267555096861018	0.167310295620034
-1.83072632289075	1.15232278619209
-0.515201103368893	0.194390956127506
0.158219233943485	0.0768195041245948
-0.915856835118822	0.66869189396855
-1.27347474159349	0.571712615994456
-0.474720054266237	0.248362310844335
-0.976810125727647	0.482380932386852
0.168047617405793	0.0498928161895134
0.825015074546066	0.346341809907615
1.77863442349446	1.39810042712602
-0.639315979690562	0.377485650699309
-0.789283745720309	0.430832577946375
0.148364367533412	0.0502983007600852
-1.97553909253791	1.37419545853325
-1.81230096904141	0.73434889647897
-0.643412780595941	0.380739819328886
0.182873396811578	0.113346391506469
0.157033437577095	0.0531008682883192
1.4019829063936	1.09024067162208
-0.767107021042827	0.333232077374457
-0.399771805571474	0.166731259005274
-0.719585944508868	0.245867637672296
-0.39378757483471	0.222588889752333
-0.174396401086263	0.0931114047450785
-0.098229243253211	0.0389536242061114
-1.12881513859764	0.339906487322227
-1.12725353624624	0.339405023147411
0.159233465858126	0.0691205424834073
0.159920372276999	0.0476279199969756
-0.0901572984024879	0.0358301194091173
-0.717804035722151	0.245206559878684
-2.47127579562868	1.37412610584272
1.82658331770683	0.713161725221294
0.674624067917918	0.213658555919133
1.57585328800947	0.781914893440029
-0.391310840677549	0.162957321542088
-0.060091108757975	0.0261138815917446
-3.45172595803352	1.22146685013561
0.143168127873504	0.0485920074774471
0.164468653517054	0.0489167663284228
-1.02194301820446	0.403479228390162
-0.338896474896558	0.0970421752101679
0.669467631715225	0.211908752948447
-0.339979595307007	0.0973896500376519
-0.212107996589827	0.0683682958385105
0.152905507940101	0.0517666814526333
-0.401553700353307	0.167475563259987
-1.03294397271997	0.408564364042716
0.155282002123357	0.02934225636165
-1.79763019308962	0.379603777700996
-1.79763019308962	0.379603777700996
-0.337559379634888	0.0966770330278957
0.16190498991222	0.0302625824147867
-0.61946410648704	0.150698865008898
3.26938718630885	1.12163262119223
0.1677792397568	0.0498341730879395
-0.625191995446008	0.152059991852936
-2.57447078703937	0.657780381714024
-0.620903335937371	0.151058535991718
0.157971563808893	0.0296806747786729
-3.07793266340176	0.957013587093989
-0.625630686390319	0.152156798395567
-0.619895187822925	0.150839789138775
1.95793128711136	0.437766051086387
1.95879552552655	0.437985228139192
0.174370024960364	0.0438183729016174
-0.338530582329419	0.0969729638077002
0.159251072645633	0.0298673857617753
2.76197196120423	0.768541369225187
-0.620903335937371	0.151058535991718
1.95879552552655	0.437985228139192
0.157971563808893	0.0296806747786729
0.956455214607419	0.253949648163622
-1.7975657981284	0.379599665892429
-1.7975657981284	0.379599665892429
0.158202431453599	0.0297753629586498
0.158989511121608	0.0298299152293259
-1.13282069800183	0.341231258763963
0.158989511121608	0.0298299152293259
-1.79763019308962	0.379603777700996
-1.7975657981284	0.379599665892429
-1.79763019308962	0.379603777700996
-0.620903335937371	0.151058535991718
-1.7975657981284	0.379599665892429
1.95879552552655	0.437985228139192
-0.216063671871124	0.0695794401283131
-1.12825544522804	0.339732258677114
-1.7975657981284	0.379599665892429
-1.7975657981284	0.379599665892429
-3.07750490916701	0.956880231933195
1.95793128711136	0.437766051086387
3.64204563210395	1.43174087144813
-3.07707720857862	0.956361112132394
0.174370024960364	0.0438183729016174
-1.7975657981284	0.379599665892429
-1.79763019308962	0.379603777700996
1.95879552552655	0.437985228139192
3.64710400400511	1.43385490736823
-1.7975657981284	0.379599665892429
-1.7975657981284	0.379599665892429
-1.7975657981284	0.379599665892429
-0.624623675797245	0.151937920429117
-1.7975657981284	0.379599665892429
0.957025852492456	0.254006696314478
-2.57421277656498	0.657506382974291
2.75704467106166	0.766025498669684
1.95793128711136	0.437766051086387
-2.57447078703937	0.657780381714024
-0.480009439794043	0.251288061449754
-0.782706243707178	0.516736752491423
0.159251072645633	0.0298673857617753
-1.50982433145335	0.535480148233091
-1.79763019308962	0.379603777700996
0.157971563808893	0.0296806747786729
-1.79763019308962	0.379603777700996
-1.7975657981284	0.379599665892429
-0.718081625995024	0.245384533690959
-0.371874147743047	0.254149414825035
-0.0904361310963352	0.0528714762149721
0.31854459278296	0.220683122041855
-1.4965416115947	0.757131005236904
-2.57421277656498	0.657506382974291
-0.719585944508868	0.245867637672296
2.75805496536761	0.766752929661107
0.159251072645633	0.0298673857617753
-3.07750490916701	0.956880231933195
0.155855344271732	0.067588775401923
0.340037866366859	0.207559117757894
-0.317656504322636	0.189646087103729
-0.632479978686905	0.372735899088927
-0.620473624670499	0.150917804175241
-0.338530582329419	0.0969729638077002
-1.79763019308962	0.379603777700996
-1.7975657981284	0.379599665892429
-0.620903335937371	0.151058535991718
-1.80127875869	0.380587746892248
-1.7975657981284	0.379599665892429
-1.12669343566207	0.339109154533815
-2.57447078703937	0.657780381714024
-0.208734961364574	0.0673140088709551
0.674624067917918	0.213658555919133
-1.7975657981284	0.379599665892429
-0.719307886400812	0.245829792820617
-2.77882720593672	1.87487002486626
-0.560409491580051	0.405847705845832
0.154259314455831	0.0291924198815566
0.678685727410979	0.214982042405379
-2.57447078703937	0.657780381714024
-0.620903335937371	0.151058535991718
0.15823182603157	0.0297179405544109
-0.620473624670499	0.150917804175241
0.174933567082256	0.0439573605408891
-1.7975657981284	0.379599665892429
0.174933567082256	0.0439573605408891
-1.7975657981284	0.379599665892429
2.75704467106166	0.766025498669684
-0.625630686390319	0.152156798395567
0.158989511121608	0.0298299152293259
-3.07707720857862	0.956361112132394
-0.981485656673732	0.48569248408097
-1.81308280541041	1.64409187343575
-0.796542234389202	0.52826373102263
0.928179687930509	0.811512394972849
-0.0574504402657669	0.0347822221619471
-1.45530967446638	2.21135356106643
-2.06589848871781	0.936900543147092
0.159042375477486	0.0473891494040675
1.82851727583204	0.714435845516616
2.76095211479574	0.768066673537379
0.17294827606403	0.0435260072159332
-2.57421277656498	0.657506382974291
-2.57821111666453	0.659475059970799
0.170331293505475	0.0429093144237285
0.154259314455831	0.0291924198815566
0.157971563808893	0.0296806747786729
-0.620473624670499	0.150917804175241
0.155282002123357	0.02934225636165
-0.61946410648704	0.150698865008898
-3.08203891306948	0.959069086853276
-2.57421277656498	0.657506382974291
-1.15159397517743	0.642138632174419
0.176113840866569	0.0441531244194344
-0.557936362604869	0.506145954734258
-0.572699787815618	0.416819123566125
-0.676879763253923	0.535012406259293
-0.628258228119138	0.604229766496644
0.600081381275003	0.665566022080501
0.190957016488832	0.131656827587304
0.420650456951822	0.334942760452658
0.181805940179444	0.105772917607235
-0.0123779178608771	0.00590328517117215
0.4087407230988	0.185283161855076
0.1677792397568	0.0498341730879395
-1.27780738153134	0.574433631670022
0.15823182603157	0.0297179405544109
-0.338530582329419	0.0969729638077002
0.960305402281055	0.254935680101795
0.164738242561747	0.0490009495728858
-1.7975657981284	0.379599665892429
0.158989511121608	0.0298299152293259
0.16323818852145	0.0485873708307168
0.178378460373537	0.04470234426639
-3.45116795416625	1.22074097588692
0.168774858509076	0.0425819447497206
-1.13338534815793	0.341498686250824
-1.51433726696095	0.537497293520418
-1.66645737405356	0.939052606371808
-0.314988825024223	0.187983098300738
0.156696670796637	0.0679846166585309
0.326528963683844	0.226962763537394
-0.491640303242496	0.368649370141713
0.79261434988177	0.476329079608787
-1.32980249809193	1.09355603984768
-0.211834828693889	0.13666032707551
-0.779261177838818	0.59586043820836
-0.530983352861392	0.334994002824237
0.46060867301498	0.335124770987957
-0.389795076487099	0.162244103199872
-0.517006318957255	0.195147442742932
0.162171049505848	0.0303007576998756
0.679297187320958	0.21511425797511
-3.08160228540496	0.95864568534502
-0.348607690542337	0.0997201825095866
0.817616522741687	0.34285529214041
-4.00243287233861	1.72656513084757
0.159251072645633	0.0298673857617753
1.4655515469736	0.485738470948645
1.82912964257087	0.714770179842855
1.82495557630994	0.712549465993881
-0.625630686390319	0.152156798395567
-0.620903335937371	0.151058535991718
-0.341495388738576	0.0977618699341296
-3.08203891306948	0.959069086853276
0.956021254579335	0.253830462538477
-0.61946410648704	0.150698865008898
0.16190498991222	0.0302625824147867
-0.181077850709888	0.120520975202404
-0.781050107611243	0.596959732813622
-0.314514777690246	0.221017890550609
-0.639182835659482	0.377979844130683
-0.179405829452763	0.0958953270057053
0.164738242561747	0.0490009495728858
-0.301484640154937	0.138438677776884
1.11551596431957	0.854261819223964
0.173576320032587	0.0930057755007085
-0.155694879698833	0.0556284997981947
-0.145188694651096	0.0519110223666838
0.177871555295235	0.116300331766313
-0.342680232950629	0.325273485618799
-0.22030254527267	0.142670650785947
0.284020000602166	0.222243148478367
-0.188974442828051	0.145008939606035
-0.17762188770422	0.117959666793018
-0.606578824531791	0.290930856422252
-1.67074845857691	0.94241041622945
0.372002114188824	0.188843228149833
-0.170925380261619	0.0911557014026681
1.41063351334873	1.10042967386838
-0.482537295037982	0.253114235211192
-0.478889741887527	0.250599817618367
0.160925951967605	0.0699102136637053
0.531954615713782	0.190517989079214
-0.237934010638515	0.119023239015331
0.165430299933657	0.0803799099200207
1.39493357393969	1.08166062849959
0.150261275709332	0.0652382627631165
-0.21437062165384	0.0690921017805448
0.182658028195964	0.106182182481625
1.06903480350602	0.516605281541135
-2.23381292515657	1.87406093649305
-0.945812076220285	0.580255089415566
-0.0827602109424438	0.0329817738429403
-2.27858944590585	1.14670135147861
-0.484276291845917	0.254271988143479
-1.48530122260287	0.749151188373939
-0.422673684687059	0.323590766462217
1.06659631817428	0.51499569547802
0.823011572866799	0.345529818511679
0.878060028007197	0.654510180830482
-0.640575636371148	0.37838477921287
0.152529728097178	0.0661113097500636
0.148051580974635	0.0501853650280616
-0.383811026279003	0.15951798509662
-0.615412093349403	0.714017751622416
0.325890135283343	0.212859886931131
0.399868347530332	0.329985372776944
-0.65913970159271	0.459351816039474
0.352178143069526	0.19762715358963
0.154392805413983	0.0522705690038812
1.09249603523922	0.673727675111428
-0.144946030904406	0.0518319984756812
-0.144137039360479	0.0515503896111279
-1.47123565498124	1.02674677798765
-0.179948873858165	0.0962318217306023
0.286949928030255	0.233527220621639
0.640374894850582	0.942573558536823
-0.977148442582718	1.51948613861307
-0.477928753987474	0.472976041105685
-1.33086735703328	1.09587423138479
-0.138750070332467	0.109073460892034
-0.268918454301638	0.16818484735162
-0.323322379590904	0.19350717467704
-0.0993298108286555	0.0394102264187644
-0.0501053241337369	0.0218722574984283
-0.228300401261633	0.113883409091007
-0.174741431748604	0.0933407510888572
0.665411224844065	0.476427069865255
0.159266337352053	0.0610083420113727
-0.0204296216320038	0.00953438108878408
-0.593502009718292	0.482072774467281
-1.27866440986665	0.57493073370158
0.724652210202852	0.48099883106078
0.438016022148499	0.175403088774783
1.62588995785167	1.1410640442556
-0.144419938894036	0.0516441997824019
-0.143890568104902	0.0514980624516733
-0.396718666437249	0.165283623451939
-1.81615794981155	0.736304298450839
1.41187748911465	1.10147778663338
0.17738312662749	0.0444846964186047
0.353282264810047	0.19827987682859
0.555663023311804	0.323833226239901
-1.81200943037821	0.734241478143734
-0.765971530822584	0.332048211272804
-1.31542328449146	0.822210792410026
-0.563808228203199	0.408990087730485
0.150567043919069	0.0653372419032198
0.4087407230988	0.185283161855076
-0.0953528157029049	0.0378480870732348
-1.08059499921804	0.736118542118749
-1.27921080384965	0.575371363655879
-0.237934010638515	0.119023239015331
-0.168376543693016	0.0897268267173286
-0.566313502580364	0.411314766545796
-0.223335672471543	0.111285273737641
-0.12798854258742	0.0718844733877061
-0.376071062340031	0.294798976715828
0.546233106085671	0.45550968370272
0.328082634608901	0.214543397724309
-0.169686079257485	0.0904545318573208
0.481395901716904	0.329761302372891
0.508296005039873	0.457586011556761
-1.05023981272588	1.09709939258995
-1.02693622986963	1.15438689893019
-0.550263625580384	0.577942659659238
0.1077503924608	0.0794998387203098
-0.126361341243691	0.088171220988539
-0.0946709485192564	0.0553768236154157
-0.945358820053031	0.580564902888394
-0.762985501970341	0.331064223546382
-1.02814550635821	0.40642453095458
-0.607033387155872	0.29116955261752
0.531600808944957	0.190452833446827
0.146052828713658	0.0559896260587139
-0.144946030904406	0.0518319984756812
0.459339193301182	0.184484990975319
1.04158071586996	0.393480759170511
0.401133920191178	0.18162296836342
-0.338291342092883	0.0968475173314605
0.1677792397568	0.0498341730879395
-0.0945249664802705	0.0375402139696422
0.615387940289991	0.323475031360219
-0.523032334451301	0.197668387893991
0.449835613417755	0.180532275697028
0.159304296973707	0.0474668185471716
0.535308159768992	0.19186644934071
0.680267294542255	0.215376555237081
0.825015074546066	0.346341809907615
-3.07750490916701	0.956880231933195
1.04272737841263	0.394268038065867
-0.517006318957255	0.195147442742932
-0.0483782520994816	0.0211517007331903
-0.0219619559327809	0.0102674901962758
0.161622682085769	0.0786350026526304
-1.02477806380377	0.404828995968834
-0.147193783410667	0.0526611796507401
-0.523592418494679	0.197882573952315
-0.48480426157771	0.362467435385301
-0.529063256101653	0.200055681090018
-1.83207151330243	1.15393284457588
-1.32368136501613	0.830024969664789
0.0262553850850114	0.0131812624752979
-0.961942011538285	1.26889124282485
0.18954617733674	0.124573862594064
-0.913099993919487	0.665866231905443
-0.850436720240355	1.02962327934902
-0.17770186184414	0.118062131497293
0.843349142999765	0.888456151591129
-1.26690749903663	1.38004827298753
-1.17674333600886	1.59725798804652
-1.43811705212447	1.27951580232962
0.151529121377974	0.065828989537309
-1.07584032708103	0.731672636990018
-2.57447078703937	0.657780381714024
-0.620473624670499	0.150917804175241
-3.08160228540496	0.95864568534502
-2.57821111666453	0.659475059970799
-3.46089363260511	1.22607174819433
0.162338925211519	0.0482955049730846
-0.337924641037297	0.0968088152153293
-0.619895187822925	0.150839789138775
1.33856572193498	0.584370161748649
-1.12492122665638	0.338668219085241
2.76095211479574	0.768066673537379
0.679655237519559	0.215244174521264
-0.769023939416068	0.333971102342404
1.06540289518417	0.514719544781792
0.174503749901052	0.0438676710334476
1.33579772039654	0.583034617768404
-1.0275611383961	0.406046323242829
-0.766733199789823	0.33273995230155
0.15823182603157	0.0297179405544109
-0.982457998795794	0.486283958666987
-0.292404349901497	0.133934076462132
0.035811134381576	0.0196573482594306
-0.643412780595941	0.380739819328886
-1.7975657981284	0.379599665892429
-1.82759685860233	0.742227320767351
0.612077712293352	0.321172486439112
-0.483075369337937	0.253353313408851
0.60911208143512	0.319273655108227
0.39048025895298	0.333774427427325
-0.342051688939209	0.300754198547553
-0.126676032058377	0.0711402132767034
-0.862406083122278	0.860817415129513
0.271342891095028	0.240663747827506
-0.141496234407797	0.0961436429320188
-1.28588996694014	1.74075280327089
0.111721304842019	0.0876337395780844
-0.718026102143028	0.738654103681217
0.793831809801858	0.477442319111044
-0.978275546366172	0.483268556154035
-0.78105253403948	0.425271134047997
-1.12725353624624	0.339405023147411
0.154259314455831	0.0291924198815566
-2.57421277656498	0.657506382974291
-0.333856458330646	0.0956917261764247
-1.79763019308962	0.379603777700996
0.159251072645633	0.0298673857617753
0.673177180799231	0.213063750844139
2.75805496536761	0.766752929661107
1.95879552552655	0.437985228139192
1.95793128711136	0.437766051086387
1.95793128711136	0.437766051086387
-2.57447078703937	0.657780381714024
0.157971563808893	0.0296806747786729
-4.00566782092847	1.72926284770942
-1.13182284417153	0.340904867919198
-0.21437062165384	0.0690921017805448
1.04208177846358	0.393690072047038
0.157971563808893	0.0296806747786729
-0.71869462645605	0.245625159522256
0.902999050674467	0.48698273143375
-1.02312783931858	0.403977027889059
-0.625191995446008	0.152059991852936
1.50160262634213	1.52375771470224
1.9676835299238	1.23023065603346
0.451174842499192	0.346665783055344
-1.17305510481818	1.19850705842921
-0.00849695052965668	0.00416161115128579
0.12841844497787	0.104523910551094
1.01167382748729	1.21085186712231
0.0403180953023186	0.0310284306998642
0.803985233489372	1.14053754984224
-0.341446556356949	0.345694797594819
0.128618374131236	0.107375010088074
-0.612196671302944	0.544739989523069
-0.945742908267119	0.580297100500899
-0.378707735724205	0.259842797972531
0.554072967548571	0.323080044458286
-0.917252366025515	0.670132531314116
-0.396390830144092	0.165162480209876
-1.7975657981284	0.379599665892429
-1.79763019308962	0.379603777700996
-0.34307485466429	0.0982470421897248
-0.71869462645605	0.245625159522256
-0.334830546749113	0.0959542136262779
0.175496922320134	0.0440701137079318
0.157971563808893	0.0296806747786729
-3.4565767152091	1.22430361707387
-3.45172595803352	1.22146685013561
2.75704467106166	0.766025498669684
-3.45714001185249	1.22455064732533
-0.61946410648704	0.150698865008898
3.27129205644114	1.12317050813274
-2.57821111666453	0.659475059970799
-0.629952122229771	0.153143156080765
0.168774858509076	0.0425819447497206
-1.50982433145335	0.535480148233091
-0.509822689539423	0.192218875495193
-0.61946410648704	0.150698865008898
0.951724523631597	0.252769110062367
-0.624183598429151	0.151840837481169
-0.728941542325998	0.249426183402838
-1.81889213386485	0.738000902901671
0.673656731319726	0.21327169490293
0.825259930104852	0.346551823974158
-0.0880500921721754	0.035018033395324
-0.619895187822925	0.150839789138775
1.46398903776532	0.484992681122713
-0.389313141652876	0.16203073814021
-0.633622919134791	0.373612449796338
0.330896728869651	0.216544958683881
-0.00792905382464882	0.00521704764667535
0.199362368424695	0.164989433480068
0.49806305348581	0.343550356604235
-0.47692420855378	0.471732977229884
-0.20860774336706	0.191132379265324
0.111353820419596	0.0849183187004613
0.0937529637467584	0.0664480254659636
-0.0971358034692845	0.0779071492465107
-1.43922792895111	1.28323526085421
-0.657557716828253	0.45796744516157
0.0458309704909457	0.0251336502377735
-0.0471103456571956	0.020614207007586
-0.718972834438042	0.245626954230634
0.166894126545373	0.0495801423286346
-0.721067114947851	0.246487833064577
-0.718417185790278	0.245411018109158
-0.725611262900054	0.248060804815242
-2.28892492574787	1.15514394022545
0.15823182603157	0.0297179405544109
-0.338530582329419	0.0969729638077002
-0.61946410648704	0.150698865008898
-1.13182284417153	0.340904867919198
-0.340107395831878	0.0973408882698726
-1.50861948725752	0.534748868530857
-0.620473624670499	0.150917804175241
-3.08616775699942	0.960575893787374
1.33686934913081	0.583851214307558
1.03791471976137	0.392024637204806
-0.334222652007209	0.0957594598898438
-1.51433726696095	0.537497293520418
-1.7975657981284	0.379599665892429
-1.7975657981284	0.379599665892429
0.956455214607419	0.253949648163622
-1.7975657981284	0.379599665892429
-0.62133920787282	0.151240698635141
0.17294827606403	0.0435260072159332
1.95793128711136	0.437766051086387
-1.02109432881299	0.402930914701451
3.26732978575294	1.1211772426211
-0.523847973197607	0.197922354572038
-0.514641699367006	0.194166196064157
-2.07003804100853	0.939770540845245
-0.720199314130701	0.246072307343885
1.27434791554924	0.702252899229498
-0.258273486024156	0.160963084907454
-0.376981694384846	0.258387661822489
-0.530320203721361	0.441147669440671
-0.619536278300312	0.553343123251273
0.49066080703815	0.337749322984483
0.203674752559131	0.191697131981442
-0.71410602900984	0.778770812014983
-0.112763146271042	0.0893172338429573
0.467131902205207	0.340960458481577
-0.779709001570939	0.513715387688428
1.25311467048187	1.06263892627964
0.588254150743724	0.473124920899867
0.163853552605343	0.0487595972376143
1.65194386661297	2.41769208022453
-0.485570546817697	0.363022645534464
0.670220744553718	0.480474733954315
-0.38182003442194	0.361291271670865
-0.319579293659351	0.344949607874764
-0.270300026413913	0.277932777514492
0.00264681793270788	0.00180790025731045
0.352777833489073	0.346407963646801
1.02092451813512	1.31209120858383
-0.259861704780935	0.162094391209225
-0.135020764749639	0.0759699354685781
0.509871407122233	0.459412475342398
-1.33901741434866	1.53521200809693
-1.5402854496179	1.47860141690316
-0.0208941287240306	0.00974661049052204
-0.770825477301155	0.586884265994881
-0.207315497381234	0.133461112393005
-0.305112554338543	0.14029825589235
-0.987996553676426	0.882792440459719
-0.378377286150241	0.297039740268937
-0.533706081366257	0.336876341248529
0.153567833687601	0.0666792259777997
0.311628992054978	0.226559900329606
-0.0367895616231016	0.0162567547643685
0.348288565334545	0.195325820539256
-0.446372711238721	0.295572102073133
-0.569228256703169	0.413578221372307
-0.382097665477705	0.262339580639209
0.871005677363991	0.646343939401298
-1.72868685157625	1.88743692337131
-0.0887234955697471	0.0352970656608481
0.314646343492166	0.217597591503756
-0.300752743013229	0.137929727457221
-0.531503875716375	0.334967173168119
-0.427114510465152	0.327706486543455
0.00830812281293746	0.00434649175314712
-0.584901098610379	0.473123792007014
-0.215099878962673	0.139015337053255
-0.296569145260443	0.135976242591094
-0.943991031872051	0.578675926012538
-0.0553600221130196	0.0240976145912868
-0.699484668918818	0.614571042961795
-1.14194716458962	0.989420089899399
0.375112390879894	0.438510186119327
-0.0575592940626648	0.0420680970772185
0.208952766527673	0.206047151953778
-1.27948126130137	1.57065466315337
-0.600630581670062	0.287558551042911
0.161723548567026	0.0481135554994663
0.179005131413427	0.104021852411757
-0.391854774051015	0.221345165474608
0.161557524205252	0.0545946857697164
-0.0134626072183349	0.00641173906074151
0.187035296707211	0.1227663046283
-0.305371066215608	0.349694134669415
0.310537990010729	0.422828105910528
0.356578238397408	0.427709475915698
0.110251373901557	0.084023894210766
0.497341080239038	0.540875690686863
0.13440828228447	0.120605666790027
-0.295416854002317	0.259787171141221
0.283093224799015	0.267209303081483
0.48572579669924	0.450006993331937
-0.0546695688419572	0.039905693576743
0.620775407750032	0.582821515423287
-0.914955811954164	0.667828192710688
-1.0880518720723	0.743361246666321
-0.662955348226734	0.462327277869585
-0.784665451064131	0.796004058649392
-0.602012954282566	0.490901465894575
-0.418792095448819	0.319826787994503
0.179309371669772	0.111063379090764
-0.469607335247311	0.498463638469566
-0.769918913916623	0.655848099224809
0.404439464318095	0.183204782209383
0.859271267177096	0.786918499426048
1.55141072412981	1.88726803766129
0.386626470725409	0.329849363806392
0.354170168911684	0.19885555151743
0.0120217365208808	0.00613362978576513
0.31832352498128	0.343984551289469
0.0669856557255207	0.0415552002868115
0.55389308269944	0.463862663284048
-0.65090585885333	0.386455736622684
-1.09028127517206	1.04847862156476
0.0889112761575249	0.0581516713841786
-0.218704632789784	0.141569729493617
0.179621973541885	0.111260479019167
-0.453672265824099	0.456309801042369
-0.721422449243195	0.833691929343859
-0.164518140073273	0.128069454150651
0.188476736666497	0.123743366456019
0.153462953202201	0.0666347636091692
1.25267823191758	1.06285600431114
-0.0909847244272741	0.0361371853805165
-0.225464578337241	0.112385394820704
1.25622753668166	1.06738477801381
-1.81413444396294	0.735290551794613
-0.662387817897572	0.461770212300938
0.334825506686054	0.350299045134227
-0.205720099526392	0.212719685188491
0.125810904545119	0.102246535970896
0.273266029623038	0.249613527863331
-0.443746296709176	0.443601048604846
-0.00195708287746872	0.00141433617230732
0.176882226123275	0.121121477849923
-0.00603881565516631	0.0040154825034352
0.330660515791881	0.20133896802812
0.518995013303311	0.449384042560449
-0.141496234407797	0.0961436429320188
-0.671693025599235	0.529865574345745
-0.0934903546081117	0.0371047509307854
-1.08304342077651	1.03853908788357
-0.389314474378031	0.219475465308146
-0.668807698826149	0.526876183775571
-0.212014023959139	0.13673024122734
-0.0491861562790663	0.0214937707530699
-0.448695373642008	0.297477036485261
-0.527353819542589	0.331969898160891
-0.982304761044915	0.485944393851237
-0.0936973003438628	0.0372243353271805
0.963018896066717	0.657288805052054
-1.08749602781121	0.743760848635298
-0.174393276745765	0.0931467532945084
-0.023876208786957	0.0111299127589618
1.53972392384517	1.32793334418984
-0.0936973003438628	0.0372243353271805
0.146514527929403	0.0635956205111002
-0.707296093318756	0.67568034632812
-0.655693502581785	0.456198525202927
0.155484938800684	0.0674355455433166
-1.4640746961076	1.01979276551768
0.189366204996167	0.124293377227383
-1.46271869303984	1.01863820363238
-0.391464662568244	0.220750557825129
1.00863499700357	0.829777607236301
-0.0880283860051728	0.0514343747204951
-1.95204410782483	2.47536075869581
-0.611386427965025	0.543809020821882
0.116520449465819	0.0916842581179961
0.730071050383963	0.484884787988419
0.0530583505153726	0.0311582000791804
-0.159920755460157	0.124157455168864
-0.427267230309242	0.327899926909391
0.00680190286681045	0.00358576204317473
0.327955452299104	0.214289617046094
-0.580279915410732	0.5672434534024
0.155554100780483	0.150628218783601
-0.720115450519803	0.787739021862369
0.703873339796743	0.816117370256903
-0.155716246993183	0.106502528388195
-0.676799732875465	0.535362969544116
0.0609655434724259	0.0377861688246483
-0.179943903061368	0.0961776476071289
0.15796546595019	0.0685584613876696
-0.0978550297863506	0.0388181313798155
1.27267294206412	0.700658445267127
0.613713906957544	0.322361292212776
-0.631604659479541	0.372138700579318
0.908680273620928	0.491719338853174
-0.14575574418188	0.0521067853554539
-1.48634888119028	0.74990156261755
-1.02671683891162	0.40581238098729
-0.337924641037297	0.0968088152153293
-0.779446949110434	0.51384264999177
-1.12435877083653	0.338493350823416
0.60911208143512	0.319273655108227
-0.143032414577135	0.0511652128088558
0.396149608414036	0.179056379168488
0.446384732504796	0.1789536030377
-0.0952334852114847	0.0377727542002594
-0.765393886375822	0.332069371790106
-1.16392287487267	0.65180150630095
0.153545744333934	0.0588038048786632
-0.647869280931592	0.384056025500355
0.90913511789833	0.491992888682194
0.0134088998276344	0.00679051830241561
-1.49139284515207	0.753878606824582
-1.48803162706991	0.751486949714689
0.168260171775869	0.0901491901964934
0.0543657715141544	0.0319114372033752
-0.297414162350453	0.136386956450664
-0.597665296721406	0.28605549825664
-1.79763019308962	0.379603777700996
0.677716162542668	0.214611870267994
3.27424476347588	1.12391188707828
-0.148585144209234	0.0531300006524212
0.34216400529044	0.209034965082538
-0.415734924330915	0.355507227657275
-0.715016614300833	0.779275562584284
-0.0320679953065204	0.0241013173725993
0.441686934352127	0.441936249932654
-0.923745631958291	1.31760806797441
-0.542322426533595	0.637393343962146
-0.526760183832133	0.518868170839461
-0.00973500917856882	0.00745932708436566
0.0179709718144732	0.0125460755680359
0.806719962027247	0.487255545744416
0.442529031084466	0.177476211201547
-1.03269742121009	0.408607765317193
-0.102659327368018	0.0406921800416788
0.166874786837774	0.0495063576868506
0.16190498991222	0.0302625824147867
0.167786821496111	0.0423548811213711
0.957025852492456	0.254006696314478
-1.7975657981284	0.379599665892429
-2.57821111666453	0.659475059970799
-1.79763019308962	0.379603777700996
-1.12769593434811	0.339436368028373
0.158989511121608	0.0298299152293259
-0.620473624670499	0.150917804175241
-2.57421277656498	0.657506382974291
-1.79763019308962	0.379603777700996
-0.337924641037297	0.0968088152153293
0.154259314455831	0.0291924198815566
-0.619895187822925	0.150839789138775
1.83106456718648	0.715380743752126
-1.81262047956212	0.734554727038592
-1.02194301820446	0.403479228390162
-0.715034146888943	0.244213254744201
-1.12435877083653	0.338493350823416
0.673656731319726	0.21327169490293
-0.340107395831878	0.0973408882698726
-0.232887553913408	0.116312634285282
-0.0530250207955019	0.0231197619554746
0.156007369330719	0.0677394134223499
0.14929033657871	0.0572125991725905
0.154392805413983	0.0522705690038812
0.164738242561747	0.0490009495728858
-1.12837428626612	0.339637586745731
-0.338530582329419	0.0969729638077002
-0.023876208786957	0.0111299127589618
-1.27891712596236	0.575261513918185
-0.610214332798432	0.542100176600239
0.0496550222875575	0.038354642937317
-0.976727844056005	1.45190958658082
-0.391721537281691	0.466215979332064
-0.0244228418962344	0.022776803128007
-0.0368106851872263	0.0281269685895846
-0.667541945338255	0.774305007044945
-0.244437007259089	0.204314053660792
0.565581587271426	0.561250240695253
-2.33463056767913	2.11964174445107
0.669467631715225	0.211908752948447
0.176818183184722	0.0443715906559113
0.67498185747701	0.213690207850534
0.674264818482823	0.213402910671394
0.959294652844364	0.254663957360155
-0.620473624670499	0.150917804175241
0.173940988172143	0.0437550114519682
0.173940988172143	0.0437550114519682
-0.340107395831878	0.0973408882698726
-1.80127875869	0.380587746892248
-1.12725353624624	0.339405023147411
-0.619895187822925	0.150839789138775
0.168393915595915	0.0499912542478598
-3.07836047129561	0.956774727997911
1.95793128711136	0.437766051086387
0.176818183184722	0.0443715906559113
-1.7975657981284	0.379599665892429
-2.57821111666453	0.659475059970799
0.159251072645633	0.0298673857617753
-2.46500368766657	1.36752628477688
-0.719840487055064	0.245972653044846
0.957461191854986	0.254126256439643
0.960305402281055	0.254935680101795
-0.719921406038465	0.24597629720829
0.162312111902557	0.078920907840571
-0.0171363460214067	0.00804947344064979
-1.80127875869	0.380587746892248
0.444349971118828	0.178174549713989
-0.34307485466429	0.0982470421897248
0.91117130925796	0.493466773194757
-3.75348509589231	1.47731393970503
-0.396317024677135	0.224037887886445
-0.599055889600781	0.487830373929761
-0.175652906987383	0.133747019716161
-0.155897995459911	0.120734064424859
0.458618937793773	0.434053346356925
-1.67227981376499	2.08983753539653
-0.588229496130238	0.610358847099254
0.677628289429112	0.702514997790478
-0.0458812917153289	0.0200961882608605
0.442746084081858	0.177485883285209
-3.45228414088993	1.22181665198441
-0.213543270792488	0.0687986075063655
-0.339979595307007	0.0973896500376519
0.157971563808893	0.0296806747786729
-1.7975657981284	0.379599665892429
-1.7975657981284	0.379599665892429
-3.4565767152091	1.22430361707387
-0.620903335937371	0.151058535991718
-0.617491939447093	0.150288713008559
-0.219176536187683	0.0705544582654805
-2.57447078703937	0.657780381714024
-1.79763019308962	0.379603777700996
-0.620903335937371	0.151058535991718
-1.7975657981284	0.379599665892429
0.159251072645633	0.0298673857617753
3.26732978575294	1.1211772426211
0.957461191854986	0.254126256439643
-1.7975657981284	0.379599665892429
-1.50634046210702	0.533909618105069
0.159251072645633	0.0298673857617753
0.157971563808893	0.0296806747786729
0.950720958067184	0.252420162622268
0.960305402281055	0.254935680101795
0.154569552936226	0.0592547752197331
0.150475505340959	0.0577005678908003
-0.140891273851129	0.05044238952326
-1.7975657981284	0.379599665892429
-3.07793266340176	0.957013587093989
-3.07707720857862	0.956361112132394
-0.620903335937371	0.151058535991718
-0.216063671871124	0.0695794401283131
0.15823182603157	0.0297179405544109
-0.338896474896558	0.0970421752101679
-0.146431287864912	0.0523647681072414
-0.169847515578374	0.0905457041733087
0.193672890567984	0.144943873294285
0.838366489743866	0.987423406347389
-1.01643779672477	1.13601028665588
-1.15907319003965	1.43512602254495
-0.492614290659767	0.5154689136728
-0.270462296466028	0.240640250899325
-0.379507131214189	0.298091585549652
-1.34590926896721	1.54821897071264
-4.40587647359611	2.23424118941147
-0.722881564981813	0.247143842823858
-0.71869462645605	0.245625159522256
-1.81676990665961	0.736858778572184
-2.57847696185857	0.659529736545688
-1.79763019308962	0.379603777700996
-1.79763019308962	0.379603777700996
-1.12492122665638	0.338668219085241
-1.79763019308962	0.379603777700996
-0.61946410648704	0.150698865008898
-0.61946410648704	0.150698865008898
0.16190498991222	0.0302625824147867
0.158989511121608	0.0298299152293259
-1.80127875869	0.380587746892248
-2.57447078703937	0.657780381714024
-2.57821111666453	0.659475059970799
-3.07750490916701	0.956880231933195
0.15823182603157	0.0297179405544109
0.955450516302873	0.253599562429476
0.15823182603157	0.0297179405544109
0.958855818540361	0.254543321351908
-0.338291342092883	0.0968475173314605
-1.12725353624624	0.339405023147411
0.157971563808893	0.0296806747786729
1.82710265989491	0.713711178135864
0.955450516302873	0.253599562429476
0.159920372276999	0.0476279199969756
-0.0986973993803773	0.0578388017623373
-0.71869462645605	0.245625159522256
-0.76214123352966	0.33051798936009
-1.51790082908318	0.538814801452401
0.388946038380354	0.175460543021377
-1.01881976284329	0.401954931656393
0.334581256039573	0.203608081027954
-0.636958603815356	0.375951954263338
-0.455151673104623	0.421952496690891
0.475630093337878	0.524401124552318
-0.156073553775589	0.132694272078936
0.032340495620686	0.0241726793986537
-0.414060959471767	0.387534348220946
-0.192984147061316	0.178672166913345
0.277787073012013	0.240318498685058
0.531404405618856	0.554853374824729
-1.32972799930676	1.09505291601694
0.696502272331577	0.32645172621025
-0.61946410648704	0.150698865008898
-0.228274535688335	0.0734123457921641
-1.12825544522804	0.339732258677114
-0.767107021042827	0.333232077374457
-1.7975657981284	0.379599665892429
-1.12725353624624	0.339405023147411
-2.57447078703937	0.657780381714024
-0.624623675797245	0.151937920429117
-0.620473624670499	0.150917804175241
0.170331293505475	0.0429093144237285
-2.57447078703937	0.657780381714024
1.96141436018454	0.438711417164155
-0.61946410648704	0.150698865008898
-1.32368136501613	0.830024969664789
1.83223894779093	0.716336716062103
-0.723767624574779	0.247384332637155
-0.723840071113924	0.247402192075027
-1.27208987432739	0.571097274965283
-1.79763019308962	0.379603777700996
0.162171049505848	0.0303007576998756
1.0455067302297	0.395217247583679
-0.216063671871124	0.0695794401283131
-0.600291226463912	0.287758668770124
0.179421586039101	0.11114117811931
-0.0229754244004314	0.0107167623039284
-2.57472877667238	0.65760345889815
-2.06503800706302	0.936339193932813
0.172385921068679	0.0433875285709768
-0.392761947738987	0.16360109959024
2.56312502021138	1.4192552129809
-0.331353952324791	0.0949814429230132
2.74649987291877	1.67961613530667
-0.101678532839085	0.0595886700621664
-1.06463973413876	1.51817543607297
1.45198689501953	1.65347155709399
-1.18461340778593	1.61610219042318
0.659400407743481	0.70482929211568
-0.00145601052203608	0.00088580021933084
-0.55803905782308	0.616781559525009
-0.115936754805012	0.0804876881317616
0.962554143109563	0.655768690829381
0.38956047719581	0.175953539914918
0.402405301815634	0.182229392818789
-3.45116795416625	1.22074097588692
-1.12881513859764	0.339906487322227
-3.07750490916701	0.956880231933195
1.46654605141329	0.485981855384374
1.95793128711136	0.437766051086387
0.157971563808893	0.0296806747786729
-3.07750490916701	0.956880231933195
0.532196819047093	0.190683131950839
-2.57447078703937	0.657780381714024
-0.344042706429557	0.0984794926451442
-0.717804035722151	0.245206559878684
-1.7975657981284	0.379599665892429
-1.79763019308962	0.379603777700996
1.95879552552655	0.437985228139192
0.823888102049168	0.345906037374267
1.83065515075678	0.71528955791634
-1.7975657981284	0.379599665892429
-0.620903335937371	0.151058535991718
-2.57447078703937	0.657780381714024
-0.490078171217268	0.257606689970544
0.153371638041646	0.0664943743496965
0.547280772929356	0.318269109109152
-0.624183598429151	0.151840837481169
-1.7975657981284	0.379599665892429
-0.616620021012413	0.150099962492625
1.07143416820841	0.51816664421618
-4.006279107083	1.72987826782451
-0.934121408540657	0.570449278877369
-1.0310221907686	0.821752640093556
0.0209239801229967	0.0146014698790294
-0.77084717023549	0.776231117803141
-0.0293871912239406	0.022065057834256
-0.117081962276019	0.0813432934147848
-0.0649203636761568	0.0475978842930002
0.0763940539611979	0.0643626144127728
-0.209596701358606	0.157629671737174
-0.781611279073955	0.898263316745357
0.330799790869111	0.216644262383465
-0.518644858635781	0.195729988241304
1.25707715476392	0.876547549753236
0.148612908401246	0.0503807422085685
0.154392805413983	0.0522705690038812
-3.07793266340176	0.957013587093989
-1.7975657981284	0.379599665892429
-1.81352302981117	0.735065306555984
-4.21940186089714	1.97447623308519
1.96141436018454	0.438711417164155
2.75805496536761	0.766752929661107
0.16934280349587	0.0427080042196444
0.174370024960364	0.0438183729016174
-3.07707720857862	0.956361112132394
-0.621333103088639	0.151104040920032
0.157971563808893	0.0296806747786729
-1.51494510157249	0.537750180976637
-1.7975657981284	0.379599665892429
-0.620473624670499	0.150917804175241
0.159042375477486	0.0473891494040675
0.528344301405545	0.189044063873238
0.16190498991222	0.0302625824147867
1.95879552552655	0.437985228139192
-0.620473624670499	0.150917804175241
0.162338925211519	0.0482955049730846
-2.57447078703937	0.657780381714024
-0.61946410648704	0.150698865008898
-0.775090918198586	0.337128014411233
-1.50634046210702	0.533909618105069
-2.57447078703937	0.657780381714024
1.82816209415628	0.714241631039221
0.526808022811829	0.188639363777938
0.531954615713782	0.190517989079214
1.27985068592507	0.705946064078286
0.369555877118496	0.187275530580153
0.152942021975215	0.0662977362445615
-1.12781381973937	0.339579374120096
-0.538909505851417	0.340876814553656
-0.217843743987545	0.0701626212764045
-0.779100886779747	0.513562878665127
-1.32980249809193	1.09355603984768
-0.786755570289949	0.85457935279115
-0.0000920354649043031	0.0000126225547421228
0.280402262528618	0.235353109152657
-0.52872270692531	0.521361204768154
-0.867832817793232	0.794166210630922
0.271296909487372	0.247351029234753
0.29737612862379	0.26026615962356
0.105724851594159	0.0803588531341753
-1.07470980236805	1.02566314247319
0.617838345522771	0.325117539779767
0.615387940289991	0.323475031360219
-0.3031810447765	0.139234770943231
-0.639682316588009	0.378335659376859
0.827869862391494	0.347914518409003
-1.12937501458112	0.339964434622374
-0.620903335937371	0.151058535991718
-0.619895187822925	0.150839789138775
-0.339979595307007	0.0973896500376519
0.15823182603157	0.0297179405544109
-1.79763019308962	0.379603777700996
-1.51005112333445	0.535313721417819
1.04033415471618	0.393059276990575
-1.7975657981284	0.379599665892429
-1.12769593434811	0.339436368028373
0.531600808944957	0.190452833446827
-0.620903335937371	0.151058535991718
-2.57421277656498	0.657506382974291
0.16190498991222	0.0302625824147867
1.04096305100241	0.393348131713795
-0.61946410648704	0.150698865008898
0.528236092469745	0.189119596677675
0.956455214607419	0.253949648163622
0.957461191854986	0.254126256439643
0.675232747867266	0.213789953820415
0.145398461013712	0.0557365202339078
-0.339979595307007	0.0973896500376519
0.157971563808893	0.0296806747786729
-0.137359501530159	0.0492123936243806
-0.148000056178146	0.0529246723651301
-0.970346231577523	0.478535016742142
-1.84009431790615	1.16085567857564
-2.57447078703937	0.657780381714024
-1.03269742121009	0.408607765317193
-0.568226043893738	0.413029469031421
0.482482916086631	0.534142779204985
-0.768380046964946	0.583808392188013
-0.487964532421958	0.443809257921331
0.328827896144261	0.214972950419315
-1.02088417563276	0.809636296330475
-0.149915159045215	0.0535975402652961
-0.122124482506952	0.0685155598871797
-0.277687517639567	0.200616273273065
-0.389327198551746	0.219857880899914
1.78099758399943	1.3998184503619
0.19032526156605	0.125059639158933
0.800412128277634	1.13292075925043
-0.108215841708042	0.087387604066703
0.0908269286224918	0.0642978800150146
-0.214901558737481	0.162050221191386
-1.42587523162136	1.5147855276476
-0.376431979495391	0.257970562090601
-0.67397486138166	0.532233788942456
-0.563808228203199	0.408990087730485
-0.595928190185781	0.285105858614753
-1.82810643872229	1.14879497730093
0.356816977340686	0.200480596700621
-0.944560354746511	0.579790652712541
-0.175123454638698	0.11619446892616
-0.152874214182672	0.0546322082771845
-0.388249143614932	0.161394150135009
-0.0483859314138926	0.0211569842151432
-0.107102397589398	0.042440954914863
0.154739392019823	0.0671954244075873
-0.604193348655005	0.289995748674927
0.34918142120982	0.195917379202985
-0.871031931409485	0.798923024764813
-1.59097257759051	1.22026199160243
0.156781885050885	0.0680783309005042
-0.78741873118803	0.520328211069261
0.173378039987466	0.0436162262322836
0.754774035774971	0.63566158193892
0.194602039913712	0.121251108060841
-0.298676515300956	0.136919916782238
0.463411968295969	0.337296988971025
0.154314056097619	0.0670150898033003
0.182059647235146	0.13037481890518
-0.299289902415353	0.242930993326402
-0.147963999869482	0.10084964372528
0.857277093578331	0.784444290111144
0.633800870154662	0.77584295946612
-0.226426657077224	0.171886592921214
-0.0578074079444577	0.0470162789482207
0.311677590626582	0.215109723765478
0.0109269820536668	0.00565160574169551
1.57162700882952	0.779006210019572
0.327955452299104	0.214289617046094
-1.58849630085889	1.21707757396488
0.149306636120966	0.0647638199880352
-0.230259373579756	0.114995498193243
0.377921004998548	0.192087166196562
0.374184230850917	0.329128283596233
-0.16523254217988	0.155718027545612
0.865658305996375	1.28983090516875
-0.462159046962877	0.430325717552843
-0.117351288487655	0.0815281789789158
0.0457395041626959	0.03431114608446
-0.203106987140769	0.169805365717353
-0.87380948360089	0.802372808568512
-0.782014309207601	0.515441386458221
-0.132960327389258	0.074702668062127
-0.529760941868703	0.44053625200723
-0.785741938160556	0.738371572056422
0.934084522293659	0.818188872178963
-0.176367177646607	0.117139811042631
0.561081980584135	0.327827405350505
0.0671792515064804	0.0416379210778949
-0.082948266891377	0.0484304892444645
-0.0902324555178371	0.0527642348070397
-0.123111458644746	0.0691128525512964
-0.372650915588686	0.254756856028157
-0.0189516923212509	0.00890530420637408
0.929645134220516	0.813456867052467
-0.346260422126888	0.305213234444406
0.669839923315905	0.480710609572934
-1.70975000134326	1.43191089502881
0.452613128911729	0.327794523948727
0.880603704147473	1.01495039234799
0.329149589423427	0.215215320427679
-1.07981462587036	0.736205840444086
-1.45449651282868	1.00932373336705
-0.238640541283388	0.231640892593647
-0.481262125592423	0.252388230940106
0.169122415572756	0.0822726119997544
-0.379397442761046	0.260294570428852
-0.320824679937256	0.191899708439747
0.356084112269097	0.200123165659055
0.269429815213721	0.276694905880208
0.737900216503882	0.61668361180747
0.585654189180831	0.664355591465951
0.628923622239738	0.48124396303482
0.0129227976661758	0.00657848452347447
1.09907772864752	0.679368832467511
-1.21732226240932	0.917525541520545
-0.170250407782085	0.0908285229035235
-0.0938620455035175	0.0372382120015205
0.167508913203689	0.0497372165616833
1.57617503203693	0.782056282529512
0.804327224837767	0.872564487959742
0.425142959489318	0.433595776108093
0.573933616160212	0.646039980251297
-0.537822865960192	0.560670847354366
0.372140603158092	0.18881048875089
-0.679389448109409	0.538046259654353
-1.1604043256657	0.648210157729757
0.469258647853824	0.342691486031554
0.668265124301176	0.479109592410683
0.163236330552755	0.0873399005087254
0.148364367533412	0.0502983007600852
-0.396718666437249	0.165283623451939
-0.0474546412139778	0.020760987989841
-1.08367766142365	0.738334620387277
-0.180295994909083	0.0963774142243968
-0.313421080962373	0.186833479106005
0.158604136577251	0.0770017939478121
-0.30553936288701	0.140473585348861
0.434986284168737	0.331599312788003
-0.53641508375608	0.339178514441341
-2.43203172907686	2.37157574349729
0.86264344660467	0.791281450683772
0.695699700165696	0.325955766150299
0.594418713793326	0.47921193910938
-0.381719340804847	0.214848791055237
-0.481802410485336	0.252680297502685
-1.67030517080325	0.94318681564291
-0.589603951475786	0.477977229616072
-0.179589953111515	0.119449533128292
-0.473847900989249	0.247716191579701
-0.692501048973767	0.656476879693899
-0.24187744289303	0.235369093095661
-0.589364445489081	0.612155637313239
0.197232191212109	0.17633180942179
0.0382501933794915	0.0209901702110899
-0.309861012796588	0.184464899020182
-1.27702255318032	0.574015400729037
-1.82626097767086	1.66543980228781
0.605889734902178	0.317583573524645
-0.139038787622215	0.0497726583333897
0.800503312508122	0.482534166246369
0.371278343995124	0.188314441533233
0.85256517320721	0.901895182445176
-0.45029474817237	0.504558357773819
0.0239014100664828	0.0197621752618007
-0.303290784829744	0.246788007527197
-1.41227912422509	2.24877719496849
-0.994527992042042	1.18230724543008
-1.62589717483936	1.65996071792925
0.406080014242873	0.184100170196997
-0.217138719334436	0.140465827724203
0.481360287573658	0.44451332092211
0.165977411324816	0.0887809606440981
-3.13597972661983	2.73570381920158
0.517603215549589	0.330150360560756
0.297448928175274	0.234522305619209
-1.32411139231445	0.830304549060213
-0.120300525594033	0.067455909155622
-1.26070561913605	1.36786372757615
-0.326961718287677	0.231322063596635
-0.657917534036489	0.457479526144982
0.191456945420048	0.125923642223689
-0.0545369944583575	0.023752223928866
-1.08964119947148	1.04777640530592
-0.96224777976635	0.94366320042324
1.06983533628829	0.517183639033184
0.169444820076441	0.0906516792273779
-2.33073819651416	2.11251871196554
-0.87336204578781	0.802201077163247
-0.783606513176465	0.426851589436857
1.37951161741512	1.28424480672812
-1.42981590237598	1.52115177827966
-0.71869462645605	0.245625159522256
-0.487367752341329	0.545344471610925
-1.95840697455705	2.48960904053257
0.171976692341301	0.0921003439888533
-0.137308156958611	0.0773322150647941
-0.63882403623092	0.377122798828904
-0.513265508496353	0.193649815889796
0.0605071048021346	0.0374883140711366
-0.781351753749249	0.668790360393165
-0.482959945929791	0.253026169621944
0.507698087623474	0.457081502893563
0.0731513876725326	0.0476130779309302
0.340197683191229	0.348767082102232
-0.0165793636505822	0.014019694647336
0.00698633525237066	0.00590705823833397
-1.28815281981242	1.74537046856481
0.380707223548634	0.336159784894682
-0.574707366312593	0.559731046644553
-0.701938915833107	0.617080205878008
-0.9491624613071	0.583175688560343
-0.0935738936420421	0.0371388620065688
0.0319208970608008	0.0176118840215692
-2.63393925063751	1.61325264579069
0.669462253710867	0.479776933047824
-0.591516524639745	0.480109118608858
0.171860309871172	0.0922026760139848
0.605907061745436	0.317413191039983
-0.656118218897816	0.456189104412918
0.182508172706087	0.113031974905481
-1.0213509823134	0.403162852904808
-0.172187654169165	0.114138237116707
0.159798107693729	0.077635794769593
-2.33996502040726	2.12921418032698
-0.232484090436567	0.0747440273823712
-0.295299021640599	0.135320064616112
1.46415237669557	0.916488974489246
1.08876045639392	0.670034129434092
-0.783300260580547	0.426143541638713
-0.321587159999671	0.226724984327934
-0.39125798745751	0.220959587370866
-0.0854001171907888	0.0498974339350191
-0.475057225345348	0.402796967286549
-0.0613666735140022	0.0266543675622
-0.014353983641471	0.00681642939570064
-0.302420640980099	0.138637693276784
-0.775271428476433	0.724827100064448
-0.170036566720281	0.090658717348667
-0.133061567000548	0.0748562334150802
-0.591779690799651	0.479932821101177
-0.151728088404307	0.103623123960652
-0.483017021091847	0.253044587728059
0.745059761483954	0.624457232379295
1.25455929105845	1.06477357416021
1.98690938803025	2.35145837724937
-1.46483406354324	1.01919104323897
0.0116827897160088	0.00596660371196574
0.520849413451577	0.450835986231955
-0.574919623638583	0.560312292014625
1.3013698768278	1.79205006149881
-0.260430200567811	0.162454792812324
-0.330581386971803	0.234256679468718
-0.240078089459244	0.120130813915591
0.675591354383564	0.213968352567141
-0.297406538062206	0.136335618125208
-0.390277198555736	0.162441971938943
-0.785242035886997	0.427924666448344
1.04246313957759	0.393996072509476
-0.0164561878859821	0.00775847484251139
-1.13798184352097	0.342932978400744
-0.719585944508868	0.245867637672296
1.06956203261337	0.516936934630967
-1.81738212013859	0.737229580571004
0.152905507940101	0.0517666814526333
0.404236422100227	0.182975316847769
-1.1695541704565	0.655834373851984
-2.27886566602169	1.14648580749779
-0.338395647029448	0.0969382934539019
0.830240426965074	0.348995445837094
0.150637496826969	0.0577366339636488
-3.02526480891893	2.43116810342645
-0.79083896625647	0.432002208494707
0.154954894721934	0.0524399678344355
-0.174695446475156	0.0932198138271351
-0.144946030904406	0.0518319984756812
0.438016022148499	0.175403088774783
-0.337318918589577	0.0966140796949229
-0.486394825490761	0.255291608555235
-1.02300392636396	0.403892782949621
-1.27702255318032	0.574015400729037
-0.301160925221968	0.138127505088985
-0.337924641037297	0.0968088152153293
0.397957500852408	0.179831860627171
1.25674096210117	0.874969757712143
0.155702517887583	0.0755356285461298
-1.14712403708369	0.996452542355232
0.164538320053482	0.0798849395869404
0.0839648645142928	0.0571339575217875
0.593977216884515	0.574890428665802
-0.316501722144613	0.222676109427939
-0.336248557912424	0.268713980433341
-1.01908977773641	1.14154175336501
-0.179390743113297	0.119316470172165
0.0336476482280203	0.018513976769157
1.25748060407032	1.2410680780579
-0.223497745170305	0.144917711550392
0.306460937405648	0.222077756201664
2.56494110671333	1.4212392328305
0.0131415035532886	0.00670880153224456
-0.607973417783308	0.291980809220316
-0.616620021012413	0.150099962492625
-2.57421277656498	0.657506382974291
0.157971563808893	0.0296806747786729
-3.75718934185265	1.48017499214909
-3.07836047129561	0.956774727997911
-1.12769593434811	0.339436368028373
-0.724381910046542	0.247676943012395
-1.12881513859764	0.339906487322227
-0.625630686390319	0.152156798395567
0.161460812920862	0.048044569646078
-0.624183598429151	0.151840837481169
0.676200627845659	0.214099921395796
1.46166504880046	0.484245680586438
-2.07003804100853	0.939770540845245
0.173378039987466	0.0436162262322836
0.157568112712888	0.0533067915180714
-0.770356668689897	0.334785804148308
-0.93948509515366	0.574518547472078
-0.396231405174348	0.165050944203962
-1.50982433145335	0.535480148233091
-0.224973073371142	0.112130535035157
1.00544019343866	0.82698213271608
0.148944843976822	0.0570314016911337
2.11931178949686	0.946188348024025
-2.6292858058761	1.60685081043363
0.16323818852145	0.0485873708307168
-0.230044392932176	0.114738238866051
-0.0471157811981792	0.0206189230455384
0.591530419444192	0.476230101680056
-0.35059631541888	0.30982423004816
0.804794145950499	0.765942730097805
0.10796537559612	0.0845243322017424
0.462757750152754	0.438967033696224
0.766554937240976	0.851809045164864
0.118254413616058	0.0931453149387651
0.448367576156244	0.43644297853335
-0.375320192533737	0.256903450060707
0.183152087037368	0.119992971411444
-0.304984219046645	0.140206490988205
-0.388998765848402	0.219368169491958
-0.595928190185781	0.285105858614753
-0.516703177238369	0.19494291365414
-1.79763019308962	0.379603777700996
0.674264818482823	0.213402910671394
-3.07750490916701	0.956880231933195
-1.5246717488048	0.541605142275098
-1.79763019308962	0.379603777700996
-3.45116795416625	1.22074097588692
2.7590679263751	0.76692961097815
0.166279076961167	0.0494077549790747
0.957025852492456	0.254006696314478
-0.222876920203916	0.0717168348737093
-0.0983094882699554	0.0389944655091387
2.7590679263751	0.76692961097815
-0.776134277136322	0.337766909090875
1.57300066070252	0.779753450272878
-0.488871341966614	0.25691714298118
-0.758596398593511	0.328660864757978
0.345843255763934	0.193639106596773
-1.507638227659	0.53431243522829
-1.50512968650064	0.533411802331246
-0.0902375746558826	0.0358652242220136
0.367472187084757	0.185905638085821
0.802527111390543	0.484146305872589
0.172223255009213	0.0433240097489323
0.15467977779599	0.0592620304168656
0.675232747867266	0.213789953820415
-1.16064148631192	0.649648315038169
-1.98450374425304	1.38645073308772
0.0495418036907128	0.0291025564449663
-0.503412833700005	0.462233311294837
-0.0417783122916944	0.0260493567086857
-0.774559474057367	0.661374285389351
0.752488193432229	0.738285689413978
0.376370129592044	0.343058300961423
-0.57356104482116	0.558667814164515
-1.27400368686478	1.56049384497064
-0.0244093031506515	0.0113740219434114
0.614192800871122	0.322952925945191
0.68913729513982	0.322171680898193
0.162968126753743	0.0485024678975847
1.04488949167403	0.395085051250541
-1.79763019308962	0.379603777700996
-1.7975657981284	0.379599665892429
-1.7975657981284	0.379599665892429
0.168354166613062	0.0424807140134561
-1.12881513859764	0.339906487322227
0.15823182603157	0.0297179405544109
0.67498185747701	0.213690207850534
0.393459839174683	0.177884064761223
-3.45172595803352	1.22146685013561
-3.4565767152091	1.22430361707387
0.153016180557848	0.051821004050093
1.04208177846358	0.393690072047038
0.824451710034132	0.346189076295124
-0.602219542447504	0.2882815036102
0.693515432677865	0.32419928238537
-2.57847696185857	0.659529736545688
-0.619895187822925	0.150839789138775
-1.01941107455962	0.402225234221499
-0.212107996589827	0.0683682958385105
-1.12825544522804	0.339732258677114
0.154739392019823	0.0671954244075873
-0.220606538471739	0.071036835690658
-2.0753802672603	0.943149552788195
0.609134809363086	0.319277999610395
-1.0863212811464	1.04362014883683
-1.27702255318032	0.574015400729037
1.14756912278633	1.04435036658924
0.185229251057844	0.132839413473074
0.463411968295969	0.337296988971025
-0.481282006578152	0.252071781475975
0.576510396028304	0.460836079606463
-0.25552324697065	0.190167310515708
-0.251088837650819	0.186444513021083
-0.152779149991141	0.104391094381175
-0.333632125259614	0.236720136598639
-0.245162515671851	0.18151884105848
-0.0723827682031487	0.043909565946849
0.486477318576835	0.333540364019051
-0.916554418435597	0.669501833751901
0.335985211824596	0.204892532591117
-1.81230096904141	0.73434889647897
-1.50824112923963	0.534752090600511
-0.343432234206214	0.0982903961052269
-1.02790181469622	0.406358338825706
1.27855875158651	0.704866524537988
-0.334465167213362	0.0958562903993202
-0.619895187822925	0.150839789138775
1.2884813476088	0.712212443518038
-1.01797130384778	0.401574087179109
-0.300638162900696	0.138045579466753
-0.519206724701637	0.195956166156021
0.153179217844522	0.0518679803975777
-0.605291505126369	0.290343566368734
0.61367847038086	0.322276678304766
1.25134152311041	0.868586086544199
0.150578021997727	0.0653275546392976
0.655625369220947	0.467257401414254
-0.770644401156689	0.334882706894186
-2.0664893400213	0.937220897064085
0.610810426785884	0.320410564160423
-0.763504502905715	0.331323830970614
0.153267904345544	0.0519012670754554
1.95793128711136	0.437766051086387
-0.3395018260887	0.0972061822975938
-0.723767624574779	0.247384332637155
0.155886190859223	0.052738812780725
-0.976965501384897	0.482541778931257
0.155727965614606	0.0756170280073639
-0.526846796973763	0.199235164286091
-0.620903335937371	0.151058535991718
-3.24631548518631	3.05807371732283
-1.08292195274147	0.738864213370028
-0.387591494914088	0.218545386605568
-0.231518387466866	0.11566093929134
-0.671059451440739	0.528950971922113
0.729916931158206	0.484936909119985
-0.532227881568498	0.335881604170087
0.910318494859475	0.492702996047268
-1.48803162706991	0.751486949714689
-0.344544677489235	0.0986285584933283
0.956455214607419	0.253949648163622
-1.01941107455962	0.402225234221499
-1.79763019308962	0.379603777700996
-1.79763019308962	0.379603777700996
-3.07750490916701	0.956880231933195
-0.62133920787282	0.151240698635141
-1.80127875869	0.380587746892248
-1.7975657981284	0.379599665892429
-2.57821111666453	0.659475059970799
-1.79763019308962	0.379603777700996
0.155282002123357	0.02934225636165
0.152195589623538	0.0582951480180515
0.157971563808893	0.0296806747786729
0.675591354383564	0.213968352567141
0.16190498991222	0.0302625824147867
0.958855818540361	0.254543321351908
0.15823182603157	0.0297179405544109
-2.57447078703937	0.657780381714024
-1.81200943037821	0.734241478143734
-0.338530582329419	0.0969729638077002
0.165007048838445	0.0490553112296366
-3.45228414088993	1.22181665198441
-1.79763019308962	0.379603777700996
-0.194613641319422	0.14984031349431
0.417227717043405	0.331792294679116
0.956139439532885	0.650665606861695
0.0390029072117414	0.0291920536764339
-0.649684237763988	0.672192310363782
-0.916877859109766	1.03099745224397
-0.473449713705926	0.247662839879453
0.793731395982272	0.477459530656512
-0.779047786045459	0.423135452657366
-0.0993298108286555	0.0394102264187644
-1.59700564996329	1.22664223107425
0.165353233252732	0.0491580922731075
0.149422101710692	0.0506397395463473
0.158379638686509	0.0535717951029833
0.106355731526801	0.0831641378176802
-0.185015671660554	0.156785837702645
-0.490431873575575	0.660195071573175
-0.118076080068325	0.0820490754229347
-0.0797959262333071	0.0575387235619315
0.694363004172652	0.607841980044927
-0.280688118139071	0.203069789412214
-1.15528997746111	1.42793514113079
-0.940764583605433	0.576870294327674
-0.964354187189369	0.945666475910993
-0.218704632789784	0.141569729493617
0.331022670499934	0.216590551262477
-0.518083231189381	0.195483647696607
-0.143611532931276	0.051362924221021
0.0441505922783913	0.0242022125759217
-0.328301423987347	0.232389642540212
-0.530634067086278	0.334711284806395
-0.0541958686543953	0.0236080349916985
-0.31769658006031	0.189754685686381
0.536739666042799	0.192347830350542
-0.787343259132886	0.520041184681186
0.552596077553715	0.322124744306173
1.08383818889276	0.666227919075611
-0.289416886465406	0.210466085272637
-1.09178388571593	1.05105922807449
-0.0123617911288018	0.00591260431405304
0.397223204692072	0.179389550099996
0.549139204555703	0.319610079710307
-0.321956022613814	0.227199765795144
0.610882522797116	0.320970485203162
0.388946038380354	0.175460543021377
-0.474583261457703	0.248167692991209
-0.223446112054695	0.111332825149329
-0.343578042871327	0.0983670305679382
-0.934451065229812	0.571021008360493
-0.0932393795667651	0.0545665301230246
-1.3268907762902	0.832667659012233
-0.281261091245468	0.252161214330365
0.662425610552538	0.473422367857827
-0.145628726037837	0.115013254389121
0.520656824510594	0.332716072522923
0.687841939709932	0.321414437549071
-1.51024784902404	0.535717552327617
-0.21353484243456	0.0688377478794001
0.538672909842541	0.193078624853722
-1.27438930144672	0.572670443488434
0.17351044503084	0.0436385160120603
-0.334830546749113	0.0959542136262779
0.404415906840155	0.334593042003819
0.468694566467544	0.528398617212267
0.126943075242987	0.108418045614552
-0.779612973131949	0.843856048647323
0.485240443065497	0.449257062608396
0.440748461097433	0.440618469304169
0.714395548022219	0.974012493710649
-0.0179102992822813	0.0116556862947946
-0.207915612782175	0.156216122847272
0.798787474540778	0.481083754662935
-0.0776007739068472	0.0559336150664883
0.051275619999346	0.0300893916357223
-0.228788602190748	0.114118925031814
-0.779819696613667	0.596357451463321
-0.999279467624104	0.897309874155631
0.179549512158285	0.104361714151369
-1.15621927707696	0.645530243686948
-0.324505630127661	0.229289068984123
-1.32630386935938	1.09031758470766
0.352914330657091	0.198079851567497
-0.662278934218366	0.461736637574959
-0.332432504656416	0.265160210673387
-0.0976023795555503	0.0387438935769813
-0.671144283863941	0.529388831507503
-0.528669771044745	0.333282600488651
-0.783423471892308	0.73506431574035
0.669120932782783	0.479502714223731
0.354991069220699	0.199537842130823
0.187781235218099	0.123264248088392
0.0719822156125563	0.0447019297352379
-1.44332840106818	1.29047700070483
0.178956817822187	0.0960354409323268
0.156001906957945	0.0677623711184476
-0.595265091950611	0.620349346524586
-0.941565276039205	0.576400309689175
-0.391990362208638	0.221454601906264
-0.598888192815014	0.286537930544884
-0.148585144209234	0.0531300006524212
-0.774107175134857	0.722987922679267
-2.52697296776203	2.63141268406859
0.461981101509463	0.185626529370928
0.0440509353771637	0.0330261600652168
0.518978207794003	0.331794445095147
0.283364199747213	0.230092200832867
-0.30378288171378	0.180288726755222
-0.602475782510478	0.288900122516801
0.159565625906121	0.0475096222585406
0.150475505340959	0.0577005678908003
-0.397206118004299	0.165500382515154
-1.0225353038078	0.403750407139113
2.36121094029696	1.17903949937985
1.63490723435196	1.15268863478793
0.290953695287598	0.228610601023719
-0.73388218823255	0.979958865173726
-0.0546695688419572	0.039905693576743
0.452698792133579	0.455999194655942
-0.0972209485091378	0.0569450547961779
0.0853648993000361	0.0557960644678534
0.422681232292446	0.337248461012175
0.016296618628596	0.0113929173738474
-0.381856615089786	0.300162191966023
0.184395995949619	0.107293230236011
0.328372792376883	0.214768918298435
-0.39395031691343	0.222622086217374
-0.602755031870125	0.288642000858129
-0.389436001731637	0.268360032316644
-0.443008884136908	0.292908392874805
1.964268180413	1.2284553829601
-0.785283235239013	0.60104151061011
-0.173494260663255	0.092646007717406
-1.08356767543333	0.738532419585883
-0.37406281391064	0.324173197649031
-0.388020726771483	0.161491568661736
0.160565826075646	0.0780199700416342
-0.228681123851341	0.114160480508404
0.141211166500872	0.0612883904525879
-0.171493601428835	0.0915214355729278
-0.777835499729794	0.422728398583069
-0.658549285256578	0.458819867867265
-0.227690408603777	0.113657487859775
0.168739726587881	0.0820852039273271
0.167167987426903	0.0812662518090407
0.150249356563049	0.0575466478816129
-0.908974660336292	0.662158829998892
-0.0132520743971461	0.00631629403680499
0.350291668756055	0.196753484696811
-1.16009407954438	0.648311800024147
-0.396130538654452	0.224249069930747
0.885248408933772	0.661216133523291
-0.387921450068097	0.161329379903918
-0.427482149303301	0.327803314757671
-1.47447765220053	1.03117498813763
-0.787590885159021	0.429500635507616
-0.661143233733325	0.460642516514751
-0.775716056986241	0.421175584254084
-0.194181034672244	0.149407645974444
-1.32723066876301	1.09170286295002
-0.389458753685515	0.219707940896335
0.67498185747701	0.213690207850534
1.25372029867081	0.873689512603375
0.15661767567338	0.0466590265390114
0.163853552605343	0.0487595972376143
-0.21750140385887	0.0700056929839968
0.17294827606403	0.0435260072159332
-0.527132195003942	0.199301834615359
-0.718081625995024	0.245384533690959
-0.499258492478402	0.37570274221359
-0.672433481216422	0.818872959402717
-0.959220159316983	1.26437914487015
0.281808079405807	0.22869249327389
-0.456287000690091	0.423502548883853
0.0897664711499557	0.0611968554470055
0.0719214959091044	0.0467951922737007
-0.533189776763608	0.336661538732914
0.157624675603452	0.0684739917051427
-0.534950562099978	0.337814000486849
-0.135633242702241	0.0763678591728158
0.612019993915014	0.321258722252119
-0.144702604958337	0.0517211408189538
-0.232504579929017	0.116093583311932
-0.209576153213414	0.0675693730317321
-1.08933815836651	1.04724952521608
0.0655325076187713	0.0385026864155375
-0.050824279924077	0.0221773946297894
-0.517668923750522	0.195479102918633
1.25846009911964	1.06990237799803
0.565804153672163	0.331180856208054
1.78116696180328	0.992630655099654
-1.1604773133734	0.648612704132655
0.961691043262411	0.654915593818301
0.366173639642136	0.18553656804876
-0.48093568950134	0.251776096804902
0.172752476952495	0.100136098348483
-0.0521568424888667	0.0227541982295842
-0.23546758742837	0.117773582177677
0.556688934937848	0.324482726456165
-0.389157748859238	0.219756501694847
0.19399172590875	0.155281911857587
1.46002910034019	0.912027954178089
-1.67992806902017	0.950617966114367
-1.2715307710668	0.570587976041979
-0.644291219825726	0.381292503626163
-0.517006318957255	0.195147442742932
-0.221200715743042	0.0712222587266738
-0.0598062080491455	0.0362055973504102
-0.591848773013807	0.480560370281579
-0.339136742629042	0.0971078731889835
-0.721067114947851	0.246487833064577
-0.386858048946145	0.218067921747341
-0.719307886400812	0.245829792820617
-0.773341583588579	0.659974815638754
0.03816099579053	0.0209683310138754
-0.445630718857883	0.294872991810365
-0.338530582329419	0.0969729638077002
0.673048421642057	0.212994504688281
-1.13338534815793	0.341498686250824
0.532438411561851	0.190754397880712
-2.63345567338282	1.61273851471276
-3.07750490916701	0.956880231933195
0.157546606671046	0.0469737944802553
2.75704467106166	0.766025498669684
-0.780473028963901	0.514914459746962
0.350402676397024	0.196430993920728
-1.14106230824679	0.988340296271485
-0.225785963440151	0.112627388686628
0.00544762612439392	0.00291880004543339
-0.593285262534639	0.481922846734768
-0.391483463898817	0.221348078582093
0.312901026893719	0.227713819094436
-0.600741526398751	0.288017415152083
-1.15454884481029	0.644440658935081
0.531358567637365	0.190353154457246
1.07722066575495	0.521528327496523
0.698622709057149	0.327206543431409
-2.28054036426075	1.14841429828622
-2.62831444445614	1.60562554036214
-0.478889741887527	0.250599817618367
-1.5094475769206	0.535248673690833
-1.02312783931858	0.403977027889059
0.799952577871454	0.482393407263372
0.802931343404274	0.484462308106291
0.823396795288853	0.345498381775943
0.150994380793524	0.0655243509407242
0.336881685382027	0.205543464821437
-2.07003804100853	0.939770540845245
0.533874851755615	0.191264906036687
-1.21624681128036	0.916956843320523
-0.0209093677906349	0.00978740670382514
0.150735826727791	0.0731624458260912
-0.146282635967707	0.0522900631456069
-0.767627978905889	0.333493259572062
-1.54076465156437	1.48120181025802
0.671045597340039	0.212419421287662
-0.212107996589827	0.0683682958385105
-0.517006318957255	0.195147442742932
-1.28249202459035	0.577344948417071
-0.513265508496353	0.193649815889796
-0.327509906110171	0.231763151704993
-0.27954600270146	0.20222012638921
-0.689276140912644	0.602829183758518
0.956455214607419	0.253949648163622
-0.0525585287428374	0.038341052090568
-0.390244392041381	0.162234565907892
-0.00824101033201875	0.00534678176862493
0.145075339462949	0.0556197804903406
0.174503749901052	0.0438676710334476
1.04007667172615	0.392839871352892
-0.620903335937371	0.151058535991718
0.158989511121608	0.0298299152293259
-0.337924641037297	0.0968088152153293
-2.57821111666453	0.659475059970799
-0.3395018260887	0.0972061822975938
-0.651908132249328	0.675390870391202
-0.702635587910362	0.669998016025768
-0.871768919887158	0.874512302888646
2.45157978475644	3.1098624425022
0.653512346986838	0.593314616890756
0.997822842820664	1.09859688903319
-0.0437378087707552	0.0318221454668033
0.281062389284887	0.243646873385206
-0.101594229693079	0.0595603102941152
0.0163660621130198	0.00827768785336735
-0.376124767163257	0.294549422236697
-0.768149146543914	0.333720628444705
-0.640575636371148	0.37838477921287
-0.0592240498899822	0.0257434069837548
0.153438220290382	0.0587992229354236
0.346020332159337	0.194081080083591
0.00557712092996907	0.0030061166162837
-0.309569589448005	0.142476544348432
-0.392686981457649	0.221817790308999
0.163853552605343	0.0487595972376143
-0.689954134679383	0.548646295753112
-0.913144516349918	0.665453290840248
-0.945340415001779	0.580000134557246
0.158708125750671	0.0770726448601997
0.0129086516382327	0.00659158861466957
-0.214730346109293	0.0691433195292929
-0.719307886400812	0.245829792820617
-1.13444220537754	0.980208068244954
0.717076249654304	0.726227107643757
1.78033154321923	0.993133607242785
0.154844489281663	0.0593120313486407
-0.39245087210792	0.163342785891039
-0.231629641061973	0.115676639694642
-0.604458749673287	0.289930015833069
-1.27728489514151	0.574335372221734
-1.02771381434866	0.818444170404672
-0.281325131433964	0.251939932235426
1.24919762867352	1.22931363869419
-0.136020329720603	0.118914290308909
-0.523847973197607	0.197922354572038
-3.45601360105774	1.22364277502153
-1.81230096904141	0.73434889647897
1.04969895669497	0.397129939971893
0.174933567082256	0.0439573605408891
-0.222282150898245	0.0715311175279888
0.828991848525543	0.348348218305776
-0.619895187822925	0.150839789138775
0.367380127043618	0.333016278276712
0.693123608239251	0.724432940436024
0.441165336285767	0.441291980912238
-0.367654090862951	0.317326696405635
-0.0103995451190297	0.00796630457201368
-0.463117250642724	0.489918136914993
0.188448415453484	0.150397984220899
-0.703475181617829	0.670990907281643
-0.52736892076388	0.332255581475961
-0.656118218897816	0.456189104412918
-0.662278934218366	0.461736637574959
-1.42019301112905	1.50539257526885
-0.882961518771993	0.730609566012373
0.0101684105712965	0.00527612793893193
-0.309713494060939	0.142434917845852
-0.277471967842371	0.200562732713456
-0.456811345116569	0.423914428237486
0.720073642281346	0.476850949653965
-1.67862302983948	0.950073872481162
-0.792705275025824	0.433522100892717
-1.4627535887134	1.01730135474184
1.13991830301135	1.03343876618244
0.0354872453116264	0.0195088809325909
-1.23601238604299	1.14902760490745
-0.976881419640825	0.483030325152663
-0.302450369905881	0.245913718126267
-0.665401417763243	0.464662871101046
-0.593497534996642	0.283767472875327
-0.307258324223024	0.182717782887234
-0.771403026864749	0.335277060587618
-1.51494510157249	0.537750180976637
-0.0553600221130196	0.0240976145912868
0.624419656222777	0.329203646961879
-0.567266675357286	0.412207704758834
-0.912948352897925	0.665655332862274
-1.08447383044775	1.0406317755129
-0.909859747141721	0.662165941011943
-0.890791738485698	0.739053644672164
0.176412076225766	0.102365378452622
-0.239580717862852	0.119884968840648
-0.416204126956491	0.356081070417113
0.802585229000491	0.638859261594182
2.27470758214636	1.76541547427808
0.703179854005218	0.617633107139012
1.2780686229171	0.704190982911668
0.367973393575476	0.186330221449589
0.831359618950221	0.349427886553877
0.678685727410979	0.214982042405379
0.167164301060576	0.0496616909525181
-0.724110175343364	0.247660897147714
0.164738242561747	0.0490009495728858
0.15823182603157	0.0297179405544109
-0.624183598429151	0.151840837481169
0.677105074382106	0.214332831776124
-3.08160228540496	0.95864568534502
-0.216063671871124	0.0695794401283131
-0.393091467495034	0.163750598389289
-0.234204720657089	0.117116143347749
-0.301171436236874	0.138150028470051
0.339015709554184	0.206824475685825
-0.568665259662866	0.41314988324505
0.585100487205572	0.469795124002933
0.0467812459744391	0.0274763715429799
-0.526215028007772	0.436585395671761
0.0682145152721603	0.0443626434785487
-0.179692133195624	0.137130748440111
1.13427254500085	1.02737848671043
0.695333135270152	0.325454598825694
0.15823182603157	0.0297179405544109
1.06054869994008	0.511395018263471
-0.617491939447093	0.150288713008559
-3.45228414088993	1.22181665198441
-1.7975657981284	0.379599665892429
0.163216121532018	0.0485245766457704
-3.75658350496235	1.47972368837861
-0.336952847519868	0.096512855057735
0.168354166613062	0.0424807140134561
-0.170250407782085	0.0908285229035235
-0.672621600041147	0.530768940036881
1.11976822592027	0.858206365738728
-0.379708525339468	0.260555989442648
0.370011540788224	0.187565655897233
0.33659452721298	0.220793379976779
0.335547116976558	0.220173091971328
-0.318373230107317	0.190216264637643
-0.334465167213362	0.0958562903993202
1.91021907475547	1.65524911555406
1.5834624828611	0.786331303069884
0.533877616113606	0.191258268949281
0.826569690816718	0.347031576525904
0.959294652844364	0.254663957360155
0.157971563808893	0.0296806747786729
-1.79763019308962	0.379603777700996
-1.79763019308962	0.379603777700996
-0.338291342092883	0.0968475173314605
-1.51042707521765	0.53568486067596
-0.620473624670499	0.150917804175241
-1.7975657981284	0.379599665892429
0.161809413811162	0.0546700412990309
-1.03329035215526	0.408782552389305
-0.0207005728679213	0.00969123826553376
-1.2155167703017	0.916304280212308
0.163296853998436	0.079414060042824
0.0332882240635642	0.0183130048153827
-0.853359457564266	0.914060690740911
0.194864683630893	0.134544204649802
-3.85099592061121	5.31055863144172
0.761161674957419	0.7500758606256
0.157568112712888	0.0533067915180714
0.903819094253918	0.487673320002692
-0.159967047190526	0.0571331896860508
0.954564259091026	0.253482299647149
-2.57447078703937	0.657780381714024
-1.79763019308962	0.379603777700996
-1.7975657981284	0.379599665892429
-1.79763019308962	0.379603777700996
-0.620473624670499	0.150917804175241
0.158989511121608	0.0298299152293259
0.959865181244613	0.254814612498812
-1.51433726696095	0.537497293520418
-0.208984273744917	0.0673817472542538
0.34936614491685	0.195731806838392
-0.183488978352012	0.140384641331022
-0.175791063472486	0.0938192116485372
0.0343507058055901	0.0189126427496273
-0.222293779511269	0.0715857182392033
1.32670292523954	0.578086333025382
0.154392805413983	0.0522705690038812
0.164738242561747	0.0490009495728858
0.956455214607419	0.253949648163622
0.678327026073525	0.214743904761834
-1.7975657981284	0.379599665892429
-0.61946410648704	0.150698865008898
-0.621333103088639	0.151104040920032
-0.222876920203916	0.0717168348737093
-0.722611557468775	0.247018823049159
-0.389366350372852	0.219589587683168
-1.04237525693961	0.835106367718596
0.665153180005634	0.476495411126224
0.695822522827105	0.32575555173059
0.174503749901052	0.0438676710334476
0.530750780741859	0.19013343293214
0.159251072645633	0.0298673857617753
-0.981971733617563	0.486008124035347
-1.48582494700747	0.74955405412154
-0.393344855894386	0.163591234545282
-1.27264921265823	0.571489965817473
1.3329197605053	0.581616348611346
1.46265753359042	0.48460907431551
0.447833396545375	0.179698879637598
0.174933567082256	0.0439573605408891
0.154259314455831	0.0291924198815566
-0.392122920478242	0.163304951223688
-0.723767624574779	0.247384332637155
0.340590140931553	0.207964137449351
-0.22791667628394	0.11367905436001
0.1677792397568	0.0498341730879395
0.694638367563192	0.324989217155504
0.955450516302873	0.253599562429476
1.4655515469736	0.485738470948645
-1.79763019308962	0.379603777700996
-2.57821111666453	0.659475059970799
-1.01738053439372	0.401259074889294
-1.491295051315	0.753754014189643
-0.518947990401155	0.195906357411418
-0.22955699964511	0.114521898552266
-0.620903335937371	0.151058535991718
-0.769546213301875	0.334267393787853
-0.619895187822925	0.150839789138775
0.163583337686415	0.0486596187400795
1.95793128711136	0.437766051086387
0.960305402281055	0.254935680101795
0.15823182603157	0.0297179405544109
-1.7975657981284	0.379599665892429
-0.38129584201404	0.261912230544065
1.33268267273416	0.581267457492734
-0.768600903140109	0.333471229701577
-1.83061994685804	1.15061865901866
0.158989511121608	0.0298299152293259
0.955017933589342	0.253480850166851
-3.45228414088993	1.22181665198441
0.676200627845659	0.214099921395796
-3.08160228540496	0.95864568534502
0.154248662356709	0.0668357700615649
0.441666507096307	0.176930614044037
-0.212950112008515	0.0686100611095293
0.172223255009213	0.0433240097489323
0.16190498991222	0.0302625824147867
-1.7975657981284	0.379599665892429
-0.215567228616167	0.0694084736962232
-0.605365274094376	0.290428903582208
0.162924327247301	0.0790912120453264
-1.1604043256657	0.648210157729757
0.955450516302873	0.253599562429476
3.64405193165419	1.43312407887711
-0.342463785834028	0.0980578484034576
-3.08616775699942	0.960575893787374
-1.02050258479106	0.402614988151568
-0.600741526398751	0.288017415152083
-0.1446627598823	0.051733083076893
0.366173639642136	0.18553656804876
-0.138973124311153	0.0497628505866924
-0.717804035722151	0.245206559878684
-0.625630686390319	0.152156798395567
-1.80127875869	0.380587746892248
0.159251072645633	0.0298673857617753
-1.7975657981284	0.379599665892429
-1.67896197924874	0.949683546537142
1.09416409619837	0.675214271535251
-0.140891273851129	0.05044238952326
-2.57421277656498	0.657506382974291
0.159251072645633	0.0298673857617753
1.4655515469736	0.485738470948645
2.76095211479574	0.768066673537379
-1.79763019308962	0.379603777700996
-1.79763019308962	0.379603777700996
-1.28330874837703	0.577561243284864
-2.2797050672784	1.14779045828185
1.04665020030324	0.395956904990197
-1.50982433145335	0.535480148233091
0.15823182603157	0.0297179405544109
-1.7975657981284	0.379599665892429
-1.7975657981284	0.379599665892429
1.95793128711136	0.437766051086387
-1.79763019308962	0.379603777700996
-1.7975657981284	0.379599665892429
-0.239580717862852	0.119884968840648
-0.0516346057395038	0.0225211199850729
-0.72955637416089	0.249604745043641
0.960305402281055	0.254935680101795
1.96141436018454	0.438711417164155
-3.07793266340176	0.957013587093989
2.75805496536761	0.766752929661107
-2.57821111666453	0.659475059970799
-1.79763019308962	0.379603777700996
-0.715034146888943	0.244213254744201
-0.0947761703984603	0.037597259115577
-0.719307886400812	0.245829792820617
-0.619895187822925	0.150839789138775
0.677716162542668	0.214611870267994
0.157971563808893	0.0296806747786729
-1.79763019308962	0.379603777700996
-1.7975657981284	0.379599665892429
-0.493872760510476	0.25993210085162
-0.718081625995024	0.245384533690959
0.675109449967238	0.21369241449263
-1.79763019308962	0.379603777700996
-1.7975657981284	0.379599665892429
1.95879552552655	0.437985228139192
0.176253051776925	0.0442319878724308
-1.27403485633299	0.572049719008217
-0.522991375314707	0.197651444510022
0.678327026073525	0.214743904761834
0.159251072645633	0.0298673857617753
0.956455214607419	0.253949648163622
0.157971563808893	0.0296806747786729
-0.619895187822925	0.150839789138775
-1.46315613812959	1.01772329155257
0.872238734456713	0.647511946007642
0.401133920191178	0.18162296836342
-0.620473624670499	0.150917804175241
0.16934280349587	0.0427080042196444
-1.7975657981284	0.379599665892429
0.162171049505848	0.0303007576998756
1.95879552552655	0.437985228139192
-3.07707720857862	0.956361112132394
-1.27895990127277	0.575276106133442
-3.76586762772383	1.4842138358608
1.04182554907797	0.393703969965548
0.906027885665672	0.490063498980458
0.155767123355785	0.0527007872498129
0.162968126753743	0.0485024678975847
-2.57447078703937	0.657780381714024
-0.61946410648704	0.150698865008898
-1.79763019308962	0.379603777700996
-1.02790181469622	0.406358338825706
-0.484652094619214	0.254311639904431
1.03703963555181	0.391624153547078
-0.9781196387184	0.482965222562379
-0.60157346701512	0.288453408888993
-0.519038139240771	0.196086617266171
-0.620473624670499	0.150917804175241
-1.7975657981284	0.379599665892429
-1.27264921265823	0.571489965817473
0.163853552605343	0.0487595972376143
-1.02312783931858	0.403977027889059
-0.619895187822925	0.150839789138775
-1.13395018438652	0.341592389781504
0.15823182603157	0.0297179405544109
-3.08160228540496	0.95864568534502
0.960305402281055	0.254935680101795
-0.317471015418389	0.189644846893686
0.149059841652638	0.0647077755685826
0.826816090554278	0.347389878556976
-0.339009514545445	0.0971276143948088
-3.08203891306948	0.959069086853276
-0.620473624670499	0.150917804175241
2.75704467106166	0.766025498669684
0.162171049505848	0.0303007576998756
-1.79763019308962	0.379603777700996
0.176113840866569	0.0441531244194344
0.174503749901052	0.0438676710334476
-0.616620021012413	0.150099962492625
-2.27704462948298	1.14584565989562
0.156001906957945	0.0677623711184476
0.526211669677007	0.188366258201689
1.82816209415628	0.714241631039221
-0.714755800696332	0.244129665196273
1.46789226342383	0.486336319771629
1.4604038372023	0.483769829709272
0.959294652844364	0.254663957360155
-1.7975657981284	0.379599665892429
0.162171049505848	0.0303007576998756
3.26630303248094	1.12023058934939
1.95879552552655	0.437985228139192
-0.132247137673062	0.0743809231756711
-0.977298409843424	0.482711119481519
-0.518644858635781	0.195729988241304
0.614960791218191	0.323245454163855
-0.220849649046566	0.0710925897619741
0.393135457636669	0.177512753991676
0.956021254579335	0.253830462538477
-0.620903335937371	0.151058535991718
-1.7975657981284	0.379599665892429
0.168774858509076	0.0425819447497206
0.159251072645633	0.0298673857617753
0.154259314455831	0.0291924198815566
1.95793128711136	0.437766051086387
-0.401866002728755	0.167750810690202
-0.219176536187683	0.0705544582654805
0.682768911730453	0.216205939655595
-1.48634888119028	0.74990156261755
-1.49159029421334	0.753622000565588
1.04122776355439	0.393435934346114
-1.12825544522804	0.339732258677114
-2.57847696185857	0.659529736545688
-0.338896474896558	0.0970421752101679
-1.79763019308962	0.379603777700996
1.95879552552655	0.437985228139192
-3.08247559880565	0.958940682858076
0.142237830505853	0.0545996957301802
-0.214973425440132	0.0692286309045475
0.393009326724146	0.177660635944489
1.25345608315626	0.871088381380262
-3.45228414088993	1.22181665198441
-2.0753802672603	0.943149552788195
1.46597699067366	0.485748477491111
0.159251072645633	0.0298673857617753
-1.7975657981284	0.379599665892429
1.96141436018454	0.438711417164155
-3.07707720857862	0.956361112132394
-3.07836047129561	0.956774727997911
0.158426007238141	0.0472279903538101
-1.27438930144672	0.572670443488434
0.155484938800684	0.0674355455433166
-1.50861948725752	0.534748868530857
-1.81431164447288	0.735547468758957
0.15823182603157	0.0297179405544109
-0.616620021012413	0.150099962492625
2.75704467106166	0.766025498669684
2.76489171529978	0.769665555456845
1.4655515469736	0.485738470948645
-0.620473624670499	0.150917804175241
-0.337924641037297	0.0968088152153293
-0.134478422945739	0.0756717120448328
0.15357905718361	0.0520023014569825
-1.82306257570302	0.740114932049179
-0.388616348803756	0.161472050237788
0.152684671650055	0.0584811977102453
0.15388857651959	0.0668281633089699
0.906678165839764	0.490089840090147
-0.767548516176215	0.333001950403129
1.95793128711136	0.437766051086387
0.178378460373537	0.04470234426639
0.159251072645633	0.0298673857617753
0.675232747867266	0.213789953820415
0.15823182603157	0.0297179405544109
1.46166504880046	0.484245680586438
-2.28430773231893	1.15177585691729
-3.07750490916701	0.956880231933195
-1.50922180218546	0.535188573690381
-0.0483782520994816	0.0211517007331903
-0.215815148052618	0.0695090074287807
0.145461540094481	0.0558078258751782
-1.80954645465925	0.732873371181045
0.15823182603157	0.0297179405544109
-0.513824129140511	0.193894300368019
-1.12769593434811	0.339436368028373
-1.7975657981284	0.379599665892429
-0.61946410648704	0.150698865008898
1.95793128711136	0.437766051086387
-3.07707720857862	0.956361112132394
0.959294652844364	0.254663957360155
0.693542685492899	0.324790980049964
1.27106958371977	0.699379726985533
0.699532776373602	0.327802998160265
-0.0936973003438628	0.0372243353271805
-0.0438225359251407	0.0192257437574613
0.370416768952181	0.187803559470115
1.62997317136777	1.14689324295438
0.15357905718361	0.0520023014569825
-1.12881513859764	0.339906487322227
-1.12725353624624	0.339405023147411
-0.626100288806693	0.1523229776774
1.95793128711136	0.437766051086387
1.95879552552655	0.437985228139192
-3.08247559880565	0.958940682858076
-0.625191995446008	0.152059991852936
-3.07750490916701	0.956880231933195
0.170331293505475	0.0429093144237285
-1.81705516328656	0.73681238944662
-0.147193783410667	0.0526611796507401
0.534117853643867	0.191343177429969
-0.38365605986381	0.15933341201776
-0.481400723099485	0.252400768176339
0.147365977678734	0.0639671770757123
-0.982944452332352	0.486514391892374
2.12878527633644	0.950983577147948
-1.02000263547267	0.402451186762966
-1.02612472596118	0.405418891515416
-0.348607690542337	0.0997201825095866
-0.619895187822925	0.150839789138775
-0.620903335937371	0.151058535991718
-2.57447078703937	0.657780381714024
-3.07707720857862	0.956361112132394
-1.81676990665961	0.736858778572184
-3.07707720857862	0.956361112132394
-0.617055950695462	0.150241664375452
-1.12769593434811	0.339436368028373
0.159092725750333	0.0772618048323751
0.536739666042799	0.192347830350542
0.174933567082256	0.0439573605408891
0.1677792397568	0.0498341730879395
-0.774804746858058	0.337089418232418
1.83009713438939	0.715173729277155
-0.337924641037297	0.0968088152153293
1.3374657462467	0.583961413896269
-0.2081433783594	0.0671265705604245
-1.13338534815793	0.341498686250824
0.159750391071688	0.061187461259232
-1.12881513859764	0.339906487322227
-0.625191995446008	0.152059991852936
1.82816209415628	0.714241631039221
-0.619895187822925	0.150839789138775
0.958855818540361	0.254543321351908
1.96141436018454	0.438711417164155
-3.07750490916701	0.956880231933195
-1.4866453190493	0.749741297142212
-3.07750490916701	0.956880231933195
-1.02287105874625	0.403570665762063
1.04638771946291	0.395714063580135
-2.77972851140583	1.87622216327113
-0.519206724701637	0.195956166156021
-1.12769593434811	0.339436368028373
0.170211653850527	0.0504730190931177
-0.60491192937513	0.290190935381882
1.04007667172615	0.392839871352892
1.33627269313236	0.583274378319538
-2.28054036426075	1.14841429828622
0.168354166613062	0.0424807140134561
0.170276700844562	0.091238957048342
-0.333247970373579	0.0954969729659714
-0.515885476539078	0.194616773124285
-0.149390704801257	0.0534113782231424
2.11666020323791	0.94414839802186
0.15823182603157	0.0297179405544109
1.95793128711136	0.437766051086387
-1.12881513859764	0.339906487322227
-0.338291342092883	0.0968475173314605
0.960305402281055	0.254935680101795
-0.771167851788504	0.335180013603335
1.06579457323925	0.514454684207409
0.37958624536114	0.193077303465302
-1.26889888078696	0.569191146460317
0.152060146321035	0.0514888060008141
-0.394684878633084	0.223119552082884
0.549607181511009	0.319733655063326
1.04096305100241	0.393348131713795
-0.520357046235834	0.326745274871262
-0.0550033730412448	0.0239541220664721
1.95879552552655	0.437985228139192
-0.716578513626022	0.244664612220419
0.534955479672592	0.191660301050033
-0.719585944508868	0.245867637672296
2.76197196120423	0.768541369225187
0.957461191854986	0.254126256439643
1.46067242606004	0.483688692701864
-0.339366328033743	0.0972003539018668
0.15823182603157	0.0297179405544109
1.46455689811314	0.485225385720349
0.16190498991222	0.0302625824147867
-2.62880003263337	1.60629319399017
1.052758179052	0.398160836765308
0.159304296973707	0.0474668185471716
0.177812920485068	0.0445891130396879
0.153830475350601	0.0520893555087474
1.57698010039245	0.782710522844369
-4.40093599520866	2.22824504597029
-1.1591852991788	0.647740506843392
0.154642861292626	0.067062802898247
-0.141699082635289	0.0507192347670775
0.138335323028571	0.0531157268030089
1.4655515469736	0.485738470948645
-1.59454372419829	1.22521797897987
0.173940988172143	0.0437550114519682
0.400092907540121	0.180878360638069
3.93619624132367	1.72285510420218
1.04096305100241	0.393348131713795
-2.07121964727456	0.940607959344417
-0.336952847519868	0.096512855057735
0.16934280349587	0.0427080042196444
-2.57447078703937	0.657780381714024
-0.782872702879706	0.425874054112607
0.142175839614641	0.0545513603182291
-0.386858048946145	0.218067921747341
-0.31645701223022	0.188936497034014
-1.81738212013859	0.737229580571004
4.38223793929827	2.27236980403094
-0.387435027213556	0.161094331586452
-0.481745010753019	0.252326365035342
-1.2697474090826	0.569761376584144
0.162969200134662	0.0707674964489709
0.353589478807002	0.198516397565833
-0.939493973664765	0.575311006234152
0.314207692552394	0.217282406003073
-0.287214083421213	0.208619064253921
-0.0893300542784814	0.0355154444573409
-1.15884255487687	0.648236627773984
1.58373713615167	0.787068557544959
-0.489273492347926	0.257168847420282
0.162171049505848	0.0303007576998756
1.83223894779093	0.716336716062103
-0.770644401156689	0.334882706894186
-0.294702058948079	0.238627584745878
-1.21765522768148	0.919890917263099
-0.764869388431953	0.331763274066207
0.955017933589342	0.253480850166851
0.155332098643847	0.0594805360989695
1.33315623005691	0.581431309409006
-0.604531467918377	0.289963848598272
0.533034126671957	0.190984669183042
-0.773782880034297	0.589606721503436
1.01617822666238	0.840225296604853
-0.861839693224166	0.86016321532532
0.281544205665923	0.219969059063197
0.624371128447629	0.476273864400486
-0.693764701943872	0.607336583465083
-0.643371745300238	0.381016922858234
0.355717521058496	0.199904800109585
0.796661252536392	0.480298661227865
-0.299103227308066	0.137136053209064
-0.047961508532203	0.0349095940132706
0.175327850378417	0.101697016976798
-0.684880033157957	0.597319509926944
-0.596759107563895	0.285539970794986
-0.0978550297863506	0.0388181313798155
-0.396391346791127	0.224312408008695
-1.13408947394801	0.341691539062081
-1.13282069800183	0.341231258763963
0.151551849507361	0.0580445602818356
0.454205781530215	0.182360151769261
0.0320885470606697	0.0176655509046215
1.06228732949069	1.13124704188556
-0.97835746630775	0.869420115724367
0.306395018063516	0.242741553799757
-0.480069088440695	0.251274137273789
0.318303286182369	0.232227897515658
-0.48384616113728	0.253772079195673
1.08838656412782	0.669215478431279
-0.516445778893015	0.194901695063007
-0.104287701860384	0.0741711541484437
-2.06385762430133	0.935433907837447
0.202970268654219	0.140667579797488
-0.370367083572247	0.320197550142256
-0.603223412714983	0.631501984002014
-0.327311679732282	0.260175555435975
-0.788156294018112	0.676956443605353
0.172408301008542	0.0925154486142624
-0.0563363909327053	0.0245193829487504
0.175127944280891	0.0852828899149705
-0.443045673613748	0.292608714813156
-0.530284873159201	0.334406525262548
-0.520387506404916	0.430401617728052
-0.377518850172445	0.258509656487567
0.0913351092223978	0.0623091778333988
0.624900679524637	0.476862222089107
-0.653453998603126	0.453830109224685
-1.16392287487267	0.65180150630095
-3.45601360105774	1.22364277502153
-0.692040753447305	0.60549708714264
0.476217416159826	0.325398334698509
-1.15674019153002	0.646115164707909
-0.484652094619214	0.254311639904431
-4.006279107083	1.72987826782451
-1.27320878623511	0.571826806588651
-0.172164415164546	0.0918444841126707
0.607158454687267	0.318383662414696
-0.977698019993886	0.483332565345449
-0.221443869104186	0.0712956025102242
-0.515628502560756	0.194509626863946
-0.390894601125623	0.162597023688012
-0.0974007381229365	0.0386383754876962
0.670081697347895	0.212111377241056
-1.27208987432739	0.571097274965283
-1.12881513859764	0.339906487322227
-0.311421411042255	0.185605727782949
-1.97638901049016	1.375232417412
0.679297187320958	0.21511425797511
-3.08203891306948	0.959069086853276
-0.724381910046542	0.247676943012395
-0.714143223212392	0.243889779741797
-1.79763019308962	0.379603777700996
-1.12825544522804	0.339732258677114
-0.982457998795794	0.486283958666987
-0.297744597179829	0.136645404593624
1.4655515469736	0.485738470948645
-1.46152135684708	1.01726413687936
-3.07750490916701	0.956880231933195
-1.12769593434811	0.339436368028373
-1.79763019308962	0.379603777700996
-0.0934052352102934	0.0370510265865141
0.17738312662749	0.0444846964186047
0.162171049505848	0.0303007576998756
3.64508196443781	1.43367348655271
0.17294827606403	0.0435260072159332
-2.57821111666453	0.659475059970799
-0.717739481670049	0.784316461006117
-0.187433438683061	0.172789756828591
0.469008584089934	0.446579513743326
-0.125607497589051	0.0875905632717283
0.374116124954744	0.189905009465218
-0.257747663968646	0.160475313765526
-0.238699154683553	0.119428098790308
-1.4422550086433	1.2878774011579
-0.174746598840283	0.0933224609229331
0.112397215439413	0.0857592319205159
-0.0589643836004383	0.0431100255707142
-0.40456540119998	0.34342619856789
-0.629969579330243	0.606445698496878
0.324387702044315	0.211904679826442
-0.324758751307931	0.229427334338273
0.165846628397454	0.0720412669141416
-2.62963056549744	1.60699492107492
-0.0945249664802705	0.0375402139696422
-0.150196998613523	0.0536857002626707
-0.6127554373788	0.294664465889954
0.675232747867266	0.213789953820415
1.04726688944174	0.396088731238016
-0.0991392165791822	0.0393103762506958
1.83320872066104	0.716809839835328
0.1677792397568	0.0498341730879395
-1.02279263404674	0.40371590748429
-2.0632678020958	0.934730063300611
0.959294652844364	0.254663957360155
1.96141436018454	0.438711417164155
0.960305402281055	0.254935680101795
0.178378460373537	0.04470234426639
-0.619895187822925	0.150839789138775
0.17294827606403	0.0435260072159332
0.158989511121608	0.0298299152293259
-0.62133920787282	0.151240698635141
-0.728326980676864	0.249150026691397
-0.3395018260887	0.0972061822975938
3.26732978575294	1.1211772426211
1.95879552552655	0.437985228139192
0.957461191854986	0.254126256439643
-3.45601360105774	1.22364277502153
-3.4565767152091	1.22430361707387
-1.13282069800183	0.341231258763963
-2.57447078703937	0.657780381714024
-0.323249048993429	0.193502016733854
-1.16475997280583	0.652055038681966
-0.144823047322186	0.0518259567182545
1.90037347041509	2.11617237164592
-0.388249143614932	0.161394150135009
0.8254675811084	0.346539178243548
0.143729092507781	0.048765928371412
-0.777380766037745	0.664622855448895
-1.3298229498026	1.09399187880465
0.370366793635265	0.187699969670654
-0.0842783017141845	0.0335581194729165
-0.604458749673287	0.289930015833069
2.56494110671333	1.4212392328305
-0.771403026864749	0.335277060587618
0.397132083199872	0.179401062142935
-0.149672167333605	0.0534889520443878
-1.81262047956212	0.734554727038592
-0.781696609329179	0.847106655101902
-0.374517914420731	0.324644052680775
0.528575077206088	0.550537830332705
-0.702092396558922	0.669213084180968
0.181261015001856	0.105413918829302
-0.381918742095853	0.300383618141696
0.17242358974686	0.0999500032551832
-0.780743518258349	0.424405441335867
-0.323683410955197	0.193855875523102
-1.02279263404674	0.40371590748429
-0.662844672205048	0.462160719251156
-0.978381543803782	0.484131504973158
0.905307587640214	0.48894340945333
0.447441545561864	0.179414714836187
1.77867576493148	0.991659149413508
0.52764029394331	0.188938300410242
-0.334222652007209	0.0957594598898438
-2.46530807553555	1.36748870412042
0.34902297032872	0.195754118058168
-3.07750490916701	0.956880231933195
-0.149109006987793	0.0533158375998453
-0.620326325745573	0.150885642821786
-0.212689284193545	0.137260203421691
-0.129373481665512	0.0727428946926601
-0.131122919407962	0.0737530705508705
-0.173504431877345	0.092618710431774
-1.67575031206541	0.946843954484052
-1.28809590753271	0.580463270856834
-0.337318918589577	0.0966140796949229
2.56789702200977	1.42293584107108
-1.27922329184621	0.575244381232172
0.171439356572218	0.0508022088393954
-2.57421277656498	0.657506382974291
-1.12892473218138	0.339990619204617
-0.718081625995024	0.245384533690959
0.142984025751439	0.0548595344448823
-0.216906973772167	0.0698162939158413
0.159920372276999	0.0476279199969756
-0.227084591190055	0.0730386299617289
0.174503749901052	0.0438676710334476
-0.125259368169945	0.0703402802703777
-0.590374210925773	0.4788683271728
0.389258506231473	0.332707708810876
-0.129593492164573	0.07286694183114
-0.501033346064484	0.377304864749985
-1.33172661037407	1.09804033299573
-0.014353983641471	0.00681642939570064
-1.81230096904141	0.73434889647897
0.674624067917918	0.213658555919133
1.04246313957759	0.393996072509476
0.954564259091026	0.253482299647149
0.15823182603157	0.0297179405544109
1.46109938210879	0.484014060767982
-0.142507623970632	0.0509830514288717
2.11842867036876	0.945672460079198
-2.06385762430133	0.935433907837447
-0.337318918589577	0.0966140796949229
-0.718081625995024	0.245384533690959
0.177812920485068	0.0445891130396879
-0.492337951381875	0.369507561913125
0.162358165049144	0.0867971288140972
0.989933941265852	1.08574493246727
-0.376730419836948	0.327139226364657
-0.441512767343395	0.291443163258211
-1.32539040723877	0.83093079032667
-0.348607690542337	0.0997201825095866
-1.12892473218138	0.339990619204617
1.83223894779093	0.716336716062103
-0.717468884808632	0.245082515543052
-1.12669343566207	0.339109154533815
-0.616620021012413	0.150099962492625
-1.12669343566207	0.339109154533815
-3.45116795416625	1.22074097588692
-0.518735963888729	0.195840591149612
2.75704467106166	0.766025498669684
0.15823182603157	0.0297179405544109
-0.620473624670499	0.150917804175241
-1.80127875869	0.380587746892248
-0.562537136169794	0.407348744434143
0.0839260858961212	0.0571083219012852
-0.489690379504408	0.366995096985967
-0.5347576220811	0.33766935566291
-0.303278527343442	0.139084568070597
-3.07793266340176	0.957013587093989
-4.00060249775695	1.7251002979005
-0.220012614431353	0.0708340703939625
0.15823182603157	0.0297179405544109
0.958855818540361	0.254543321351908
1.46455689811314	0.485225385720349
3.27025913837768	1.12233669524588
-0.338896474896558	0.0970421752101679
0.162968126753743	0.0485024678975847
1.96141436018454	0.438711417164155
-2.57421277656498	0.657506382974291
-1.7975657981284	0.379599665892429
0.159251072645633	0.0298673857617753
-0.619895187822925	0.150839789138775
-0.620473624670499	0.150917804175241
-0.620473624670499	0.150917804175241
1.46888833949966	0.486728891803906
2.76197196120423	0.768541369225187
0.162421116861805	0.0789786615252195
-0.174554448759152	0.093230412717593
-0.0945249664802705	0.0375402139696422
-1.12892473218138	0.339990619204617
2.11871501114469	0.945289083008649
0.177812920485068	0.0445891130396879
0.675232747867266	0.213789953820415
1.95793128711136	0.437766051086387
0.157971563808893	0.0296806747786729
0.157971563808893	0.0296806747786729
0.16190498991222	0.0302625824147867
-1.7975657981284	0.379599665892429
-0.715646834778114	0.244453295526364
-2.57421277656498	0.657506382974291
1.95793128711136	0.437766051086387
-1.79763019308962	0.379603777700996
1.95879552552655	0.437985228139192
-0.620903335937371	0.151058535991718
-1.79763019308962	0.379603777700996
-2.57421277656498	0.657506382974291
-1.32858252156155	0.834644723164507
-1.66886072593866	0.941477629126737
-3.46146192307772	1.22662947407805
-0.620473624670499	0.150917804175241
-3.08160228540496	0.95864568534502
3.63896224062815	1.42951913528691
1.96141436018454	0.438711417164155
-2.57821111666453	0.659475059970799
0.15823182603157	0.0297179405544109
0.15823182603157	0.0297179405544109
3.26630303248094	1.12023058934939
0.158989511121608	0.0298299152293259
-1.79763019308962	0.379603777700996
-0.717191145070403	0.244966202456728
1.83320872066104	0.716809839835328
-2.57447078703937	0.657780381714024
1.46166504880046	0.484245680586438
-1.12825544522804	0.339732258677114
1.95793128711136	0.437766051086387
-1.7975657981284	0.379599665892429
-1.7975657981284	0.379599665892429
-1.7975657981284	0.379599665892429
-0.616620021012413	0.150099962492625
-1.7975657981284	0.379599665892429
0.159251072645633	0.0298673857617753
2.75704467106166	0.766025498669684
-1.79763019308962	0.379603777700996
-1.7975657981284	0.379599665892429
-0.624183598429151	0.151840837481169
0.671394166412374	0.212454198010421
0.674015164989584	0.213380808783075
0.154259314455831	0.0291924198815566
1.95793128711136	0.437766051086387
0.16190498991222	0.0302625824147867
-1.7975657981284	0.379599665892429
-1.80127875869	0.380587746892248
-1.7975657981284	0.379599665892429
2.75805496536761	0.766752929661107
-1.7975657981284	0.379599665892429
-1.7975657981284	0.379599665892429
-1.79763019308962	0.379603777700996
-2.57847696185857	0.659529736545688
0.15823182603157	0.0297179405544109
-0.621333103088639	0.151104040920032
-1.7975657981284	0.379599665892429
-1.7975657981284	0.379599665892429
-3.45714001185249	1.22455064732533
0.159251072645633	0.0298673857617753
-1.79763019308962	0.379603777700996
-0.61946410648704	0.150698865008898
0.159251072645633	0.0298673857617753
0.176818183184722	0.0443715906559113
0.158989511121608	0.0298299152293259
-0.617055950695462	0.150241664375452
-1.79763019308962	0.379603777700996
-1.79763019308962	0.379603777700996
-1.7975657981284	0.379599665892429
-1.7975657981284	0.379599665892429
1.95793128711136	0.437766051086387
1.95793128711136	0.437766051086387
0.180709566490231	0.0452024551059557
1.95879552552655	0.437985228139192
-0.616620021012413	0.150099962492625
-1.79763019308962	0.379603777700996
0.159251072645633	0.0298673857617753
-1.80127875869	0.380587746892248
-1.7975657981284	0.379599665892429
-3.07836047129561	0.956774727997911
0.172385921068679	0.0433875285709768
2.75805496536761	0.766752929661107
-1.12781381973937	0.339579374120096
-0.620473624670499	0.150917804175241
-0.973169059064484	0.480406925756106
-0.619895187822925	0.150839789138775
-1.7975657981284	0.379599665892429
0.159251072645633	0.0298673857617753
-1.7975657981284	0.379599665892429
0.157971563808893	0.0296806747786729
0.959294652844364	0.254663957360155
0.950720958067184	0.252420162622268
-0.624183598429151	0.151840837481169
-0.619895187822925	0.150839789138775
1.95793128711136	0.437766051086387
-0.336952847519868	0.096512855057735
-1.02730920175823	0.406112820022134
-1.83574958631636	1.15615561018949
-1.1591852991788	0.647740506843392
-0.716578513626022	0.244664612220419
-0.620903335937371	0.151058535991718
-1.79763019308962	0.379603777700996
-1.79763019308962	0.379603777700996
0.16190498991222	0.0302625824147867
-1.80127875869	0.380587746892248
-0.621333103088639	0.151104040920032
0.162171049505848	0.0303007576998756
0.162171049505848	0.0303007576998756
-1.7975657981284	0.379599665892429
2.76197196120423	0.768541369225187
0.162171049505848	0.0303007576998756
1.95793128711136	0.437766051086387
-0.977512378329643	0.483375615755685
-2.77888457050186	1.87539622442292
-0.393905403143348	0.16405067992405
-0.3395018260887	0.0972061822975938
0.17738312662749	0.0444846964186047
-2.57447078703937	0.657780381714024
-1.7975657981284	0.379599665892429
0.15823182603157	0.0297179405544109
0.159251072645633	0.0298673857617753
-1.7975657981284	0.379599665892429
2.76197196120423	0.768541369225187
-0.337559379634888	0.0966770330278957
-0.291204046265932	0.133309438146375
-0.71869462645605	0.245625159522256
-1.45942328945916	1.01444861750361
-1.12825544522804	0.339732258677114
-2.57447078703937	0.657780381714024
0.159251072645633	0.0298673857617753
1.95793128711136	0.437766051086387
0.957461191854986	0.254126256439643
0.956455214607419	0.253949648163622
1.95793128711136	0.437766051086387
2.76197196120423	0.768541369225187
-0.620903335937371	0.151058535991718
-0.723225679429377	0.247243051260999
-0.303541003529061	0.139405979928614
-0.766874549610221	0.332866452562831
-2.07036415878263	0.940048810523718
-0.620473624670499	0.150917804175241
-1.12781381973937	0.339579374120096
0.159251072645633	0.0298673857617753
-1.7975657981284	0.379599665892429
-2.57421277656498	0.657506382974291
-1.13798184352097	0.342932978400744
1.06956203261337	0.516936934630967
-0.0922888609949392	0.036641980012126
0.163853552605343	0.0487595972376143
-1.7975657981284	0.379599665892429
0.823642509432085	0.345787097083453
-2.57472877667238	0.65760345889815
0.154259314455831	0.0291924198815566
0.951724523631597	0.252769110062367
-1.80127875869	0.380587746892248
0.157971563808893	0.0296806747786729
0.159251072645633	0.0298673857617753
-0.620473624670499	0.150917804175241
0.158989511121608	0.0298299152293259
-4.01198220657755	1.7334142853413
0.898620084955885	0.484400353628415
0.00567130921842994	0.00303055661466194
-0.783807011807378	0.516822531455645
-0.784262398249365	0.427509252987944
-0.776649969485198	0.51103990619871
-1.0880518720723	0.743361246666321
-0.141699082635289	0.0507192347670775
-0.215815148052618	0.0695090074287807
0.159251072645633	0.0298673857617753
0.157971563808893	0.0296806747786729
0.168354166613062	0.0424807140134561
-1.13005980836986	0.340353048236203
-2.57447078703937	0.657780381714024
-1.79763019308962	0.379603777700996
-1.80127875869	0.380587746892248
-1.79763019308962	0.379603777700996
1.95793128711136	0.437766051086387
-2.57447078703937	0.657780381714024
-0.620473624670499	0.150917804175241
-1.03353695060453	0.408839133151804
-0.337924641037297	0.0968088152153293
-0.0256751493758205	0.0119533725563444
0.364656313639981	0.184610052656083
0.700886981211956	0.328477599990118
0.561465609605624	0.328151542608786
0.154356688151962	0.059132000415533
-0.21725219958623	0.0699489287533772
-1.80127875869	0.380587746892248
-0.344042706429557	0.0984794926451442
-1.51275234377164	0.536645405278396
-1.7975657981284	0.379599665892429
-1.79763019308962	0.379603777700996
0.158989511121608	0.0298299152293259
3.26630303248094	1.12023058934939
-0.61946410648704	0.150698865008898
0.15823182603157	0.0297179405544109
-1.02393437812981	0.404449416816886
-1.60273290818473	1.23347201815168
0.696629251122635	0.326266216208756
2.35478745789715	1.17418118721967
0.154081774580399	0.0521624398881256
-1.49263628523373	0.754181688524523
-1.7975657981284	0.379599665892429
1.96141436018454	0.438711417164155
1.95793128711136	0.437766051086387
-0.765918596168096	0.332344936277861
-1.51146930516997	0.53606899226052
-0.483075369337937	0.253353313408851
0.187683967631734	0.116621283625196
-0.519038139240771	0.196086617266171
1.95793128711136	0.437766051086387
-0.0943190238643748	0.0374192018035695
-0.0943190238643748	0.0374192018035695
0.900625561076723	0.486191449022938
0.155913299008795	0.0676212095555359
0.173940988172143	0.0437550114519682
-1.79763019308962	0.379603777700996
1.95879552552655	0.437985228139192
1.95793128711136	0.437766051086387
-2.47538231150024	1.37805354677154
-0.779343222499899	0.513424610004119
-0.100516372254649	0.058925199657275
-0.324170030100984	0.19408290546545
-0.391383144839931	0.162807020962866
-0.640575636371148	0.37838477921287
0.168047617405793	0.0498928161895134
-2.57421277656498	0.657506382974291
-1.48716983279988	0.75008912622263
-0.936095360299764	0.572182229975401
-0.23190075414511	0.11586214692898
-0.976547500919783	0.482789991029907
-0.319010961907984	0.190571162958584
1.45813755544899	0.911547827830586
-0.216063671871124	0.0695794401283131
-1.50982433145335	0.535480148233091
1.46109938210879	0.484014060767982
-1.02109432881299	0.402930914701451
-0.981562257993419	0.48612439454275
-0.477621865173331	0.250197998084933
-0.0219493827511422	0.0102479340965882
-0.313082473724937	0.186604315233614
0.169597395212402	0.050285883683415
-0.232777653165679	0.116306135742438
3.26732978575294	1.1211772426211
1.95793128711136	0.437766051086387
-0.982042798661068	0.486468525599167
-1.83320825254888	1.15287664174656
-0.77488334098688	0.59059607953934
-0.259475274611516	0.16180396228617
1.95793128711136	0.437766051086387
-0.911852382788414	0.664580460199832
-0.146809742742999	0.052468533546798
-0.478021605203018	0.25045355640108
-0.150196998613523	0.0536857002626707
0.157621398097605	0.0684762398368171
-0.3395018260887	0.0972061822975938
-2.57421277656498	0.657506382974291
-2.57447078703937	0.657780381714024
2.12237275162321	0.948156957082224
-0.981485656673732	0.48569248408097
-0.780748313030906	0.424517163624666
-0.768149146543914	0.333720628444705
-0.226425853058757	0.112951678418743
-0.306083635615693	0.140620276756392
1.62259661013982	1.13681067271806
-0.716578513626022	0.244664612220419
1.95793128711136	0.437766051086387
1.95793128711136	0.437766051086387
0.159251072645633	0.0298673857617753
-0.619895187822925	0.150839789138775
-0.217737611459671	0.0701208524223687
0.373255611868082	0.189341392725867
-0.146809742742999	0.052468533546798
-0.307163723686688	0.141214048938578
0.145886829054601	0.0559355092988888
-0.147093652274001	0.0525528129665041
-0.770356668689897	0.334785804148308
2.12175361138722	0.947733160087778
-3.08661343960983	0.960737795489789
-0.719569672768412	0.245942451655049
-2.57447078703937	0.657780381714024
-1.7975657981284	0.379599665892429
-3.45116795416625	1.22074097588692
-2.07062872074145	0.940243383198465
-0.155451938364917	0.0555104147794432
-0.59259707358042	0.283256487926836
0.338118536534136	0.206402103729554
-0.482204223607423	0.252937951588087
-0.387529474001917	0.218354243991012
1.77567318786676	1.82015691129173
0.165271479903536	0.0883802406733447
-0.388079291138713	0.16141108863951
-0.0504840144341664	0.0220372291106225
0.613713906957544	0.322361292212776
0.554477658586608	0.322838288218378
0.159042375477486	0.0473891494040675
-2.57421277656498	0.657506382974291
-1.7975657981284	0.379599665892429
-1.79763019308962	0.379603777700996
0.959294652844364	0.254663957360155
-0.337559379634888	0.0966770330278957
-2.57821111666453	0.659475059970799
2.75805496536761	0.766752929661107
-0.0980516265028415	0.0389205135041605
-0.302333923982234	0.138875128958208
0.905364041230683	0.489100693534086
-0.486798826493551	0.255533238706608
0.684763093028418	0.319815286202278
-1.0839512740091	0.738901772811571
-0.175791063472486	0.0938192116485372
-0.718081625995024	0.245384533690959
-2.57421277656498	0.657506382974291
-3.08203891306948	0.959069086853276
-2.57447078703937	0.657780381714024
0.173378039987466	0.0436162262322836
-1.7975657981284	0.379599665892429
0.956455214607419	0.253949648163622
-1.7975657981284	0.379599665892429
0.956455214607419	0.253949648163622
-3.75779539313074	1.48038803127513
-0.0533649999913699	0.0232632112006891
-0.230641204864884	0.115203997874869
-0.617055950695462	0.150241664375452
0.660484600089476	0.471830965417781
-0.328652434471671	0.232739358559871
2.12325323580269	0.948602765952738
-0.517521842180885	0.195198028684367
-0.775612492535749	0.337482675038155
-3.07750490916701	0.956880231933195
-1.7975657981284	0.379599665892429
-1.80127875869	0.380587746892248
-1.7975657981284	0.379599665892429
1.46166504880046	0.484245680586438
2.76197196120423	0.768541369225187
-1.7975657981284	0.379599665892429
0.15823182603157	0.0297179405544109
0.151061641523147	0.0578640062767647
0.907860868398317	0.491129446313725
-1.51478471146059	0.537467868957711
1.32670292523954	0.578086333025382
0.531600808944957	0.190452833446827
-0.778260477489684	0.423050092484816
0.397450732931035	0.179707949187098
-3.75840165895141	1.48021499028237
-1.79763019308962	0.379603777700996
-1.7975657981284	0.379599665892429
-1.79763019308962	0.379603777700996
0.956021254579335	0.253830462538477
-1.12781381973937	0.339579374120096
-1.50982433145335	0.535480148233091
1.96141436018454	0.438711417164155
-3.75718934185265	1.48017499214909
-3.75658350496235	1.47972368837861
-0.146148912480088	0.0522970886883919
-0.912948352897925	0.665655332862274
-0.972683812436132	0.480079206151412
-0.392037934072589	0.163074575803985
0.727532156832553	0.483234965833994
1.11080640719492	0.847288352285372
0.696947392942228	0.326440852008827
0.366251097387433	0.185315834522321
-0.617055950695462	0.150241664375452
-1.79763019308962	0.379603777700996
-3.4565767152091	1.22430361707387
-1.80127875869	0.380587746892248
-1.02815379565769	0.406346884447955
-3.45172595803352	1.22146685013561
0.17294827606403	0.0435260072159332
0.532792572738207	0.190847845049574
-0.729206528732148	0.249387911798509
-3.08160228540496	0.95864568534502
-1.27376859523398	0.572115256020773
-0.621333103088639	0.151104040920032
1.57641681681789	0.782645066717777
-1.27182464007121	0.570794518051444
0.613760378835239	0.322817238435426
-1.27238367185372	0.571130757873106
-0.294937514681722	0.135129757748526
0.608362149988659	0.319252573603069
0.614550767680098	0.322931646731297
-0.481733888885624	0.25269254955755
-0.0906115842866849	0.0360065547854714
-0.519206724701637	0.195956166156021
-2.28054036426075	1.14841429828622
-1.02418643534812	0.404584238258454
-1.79763019308962	0.379603777700996
-1.13408947394801	0.341691539062081
-1.80127875869	0.380587746892248
-1.7975657981284	0.379599665892429
-1.01881976284329	0.401954931656393
-2.57472877667238	0.65760345889815
1.95793128711136	0.437766051086387
-1.12492122665638	0.338668219085241
-1.02279263404674	0.40371590748429
2.12149136184524	0.947562188308172
-0.477558838985696	0.249969915488164
-0.774930973284418	0.420844288688904
-0.945409413144325	0.579878437633533
0.157551794623713	0.0683609752419864
-0.764524339596763	0.331551499325268
-0.0483859314138926	0.0211569842151432
-1.79763019308962	0.379603777700996
-3.07707720857862	0.956361112132394
-2.57421277656498	0.657506382974291
-1.12725353624624	0.339405023147411
-0.620903335937371	0.151058535991718
-3.07750490916701	0.956880231933195
-1.79763019308962	0.379603777700996
0.15823182603157	0.0297179405544109
-0.338896474896558	0.0970421752101679
-1.80127875869	0.380587746892248
-0.985313666863256	0.488449847507054
0.45553137225796	0.182978916553521
0.826303509191986	0.347049642188201
-0.392037934072589	0.163074575803985
-0.302005383276034	0.138513336068937
-0.761851123910773	0.330313512798555
-0.149915159045215	0.0535975402652961
-0.719840487055064	0.245972653044846
-0.337924641037297	0.0968088152153293
-1.80127875869	0.380587746892248
-1.79763019308962	0.379603777700996
-1.7975657981284	0.379599665892429
-2.57421277656498	0.657506382974291
-0.620903335937371	0.151058535991718
-0.720199314130701	0.246072307343885
-0.625630686390319	0.152156798395567
-0.340107395831878	0.0973408882698726
3.27424476347588	1.12391188707828
1.83106456718648	0.715380743752126
-0.292324587374351	0.133962829690938
0.691933817668349	0.3238787341333
1.0891913630175	0.670466789487079
0.605889734902178	0.317583573524645
-0.240078089459244	0.120130813915591
1.76724795138409	1.38164279609936
-0.911117591117021	0.663334690782967
-0.387921450068097	0.161329379903918
1.46308301616168	0.484563679444736
1.46265753359042	0.48460907431551
-2.57447078703937	0.657780381714024
-1.12492122665638	0.338668219085241
-1.7975657981284	0.379599665892429
-2.57421277656498	0.657506382974291
-1.51372965066287	0.537081101324459
-1.79763019308962	0.379603777700996
-1.7975657981284	0.379599665892429
0.17351044503084	0.0436385160120603
-1.13182284417153	0.340904867919198
0.157971563808893	0.0296806747786729
-1.7975657981284	0.379599665892429
-0.620903335937371	0.151058535991718
0.956455214607419	0.253949648163622
-3.45340104404634	1.22171831505731
-0.337559379634888	0.0966770330278957
-1.02168632234953	0.403201742865738
-1.28249202459035	0.577344948417071
0.557395035575767	0.325182383669068
-0.0513199033066919	0.0223850917557149
-0.395581315856461	0.223596503963327
-3.46638195761731	1.22853551044128
0.174503749901052	0.0438676710334476
0.674015164989584	0.213380808783075
-1.80127875869	0.380587746892248
-2.57421277656498	0.657506382974291
-1.7975657981284	0.379599665892429
-1.79763019308962	0.379603777700996
-0.624623675797245	0.151937920429117
-1.7975657981284	0.379599665892429
-0.728326980676864	0.249150026691397
-0.621784192774111	0.151338791569665
-1.79763019308962	0.379603777700996
-0.625191995446008	0.152059991852936
-1.7975657981284	0.379599665892429
-2.57821111666453	0.659475059970799
-1.79763019308962	0.379603777700996
-1.79763019308962	0.379603777700996
1.95879552552655	0.437985228139192
1.04603323538674	0.395528149844171
-0.101302820125887	0.0401542784006369
0.171924104299803	0.0920511932542776
-0.146671241838456	0.0524820954965394
1.27545571537618	0.701713425309874
-0.141983046858617	0.0507961746820961
0.828430976330302	0.348196975987414
1.45803976816797	0.909236336035471
1.06956203261337	0.516936934630967
1.95879552552655	0.437985228139192
0.17294827606403	0.0435260072159332
-1.79763019308962	0.379603777700996
-1.80127875869	0.380587746892248
0.154259314455831	0.0291924198815566
-1.7975657981284	0.379599665892429
0.162171049505848	0.0303007576998756
-0.349223570170638	0.0998902155798753
-0.2081433783594	0.0671265705604245
-0.723840071113924	0.247402192075027
-1.83139231579563	1.15076799941538
0.401740165398797	0.181802373833579
0.165140220479751	0.0803572139349451
-0.781481075617604	0.425667053139429
-4.72131021756746	2.80869841625598
-0.945358820053031	0.580564902888394
0.174503749901052	0.0438676710334476
0.151106603003185	0.0656209023462043
-1.79763019308962	0.379603777700996
-1.12881513859764	0.339906487322227
1.46109938210879	0.484014060767982
-1.7975657981284	0.379599665892429
-0.3395018260887	0.0972061822975938
-0.385232497549092	0.217002103980797
0.401505969088906	0.181847082822463
0.795942148597965	0.478635044407131
0.547280772929356	0.318269109109152
-0.0119950627242981	0.00574515221488378
-1.0844300070659	0.740083850709976
-0.217003595344889	0.0698544104353752
1.46498308680977	0.485505347800691
-1.03210474073006	0.408333117568325
-2.57421277656498	0.657506382974291
-1.03016017714835	0.820779991428101
0.0312105356748258	0.0171904533154101
-0.887699744724553	0.735164201174099
0.0324487104371622	0.0178615863342537
0.306331699044269	0.221907747960149
-0.302755845460388	0.139022247305491
-0.302433919731897	0.138730919662706
0.0350162910402472	0.0192768158750176
0.170562545091961	0.0987996563569001
-0.0479171502660505	0.0209582979351269
-0.522217673493657	0.197342207603961
-0.919571978968491	0.672509301022757
-1.02216112938711	0.403514019139426
-0.532655371248147	0.335831116561167
-0.778261798228775	0.423083885583591
1.57267202715483	0.780105445383334
-0.370140428809659	0.252743095179666
1.54134893834563	1.86785945340232
-0.791084933986652	0.523820376331583
-0.476275622406023	0.249376520618721
0.796668737542148	0.479761052308361
0.296088537304351	0.242187102542289
-0.98921542942864	1.17379079035784
1.44396792500182	1.63815742163222
-0.447570581988841	0.296256540556445
0.153389486735009	0.0664881047133321
-0.08555390255533	0.0340557082738426
-1.4965416115947	0.757131005236904
-1.08304583506026	0.739277435517565
-0.766207907419173	0.33246398143222
1.82851727583204	0.714435845516616
-0.51356584815166	0.19374765811596
0.389112331159811	0.175764780713418
0.317693306152818	0.220011292867035
-0.381125807015296	0.331779548961595
-0.7786827916977	0.423100365735774
0.342340180515021	0.209351399670721
-0.214962812935331	0.069276196002314
-0.144419938894036	0.0516441997824019
-0.265385070227029	0.165851967909894
-0.569785842968592	0.41404613111501
-1.21436591876113	0.91605302310835
-0.331706898819991	0.235206144149469
-0.260676630764845	0.162624348194912
-0.427275799413224	0.327894754745448
0.0791390221169233	0.0516220957470969
-0.653474228341723	0.715421762513826
-0.30122314756946	0.24485270015872
-0.215144069113651	0.139029427393576
0.163792289086872	0.0795583377825279
-0.0974295758677944	0.0569739118738744
-0.385964801770031	0.217534946227677
-0.0936633876817482	0.0548101058293161
-0.0361652743307649	0.0231215813244643
-0.235622709836236	0.117761714544928
-0.397582983354676	0.225179841136689
-1.0213509823134	0.403162852904808
0.174503749901052	0.0438676710334476
-3.45228414088993	1.22181665198441
-0.337924641037297	0.0968088152153293
-0.48041345399024	0.251535900925089
-0.146148912480088	0.0522970886883919
-0.597212119727125	0.285807543451918
0.144008446605218	0.0488679023591925
0.678074042401891	0.214702481365457
1.95793128711136	0.437766051086387
0.532792572738207	0.190847845049574
0.15823182603157	0.0297179405544109
-1.27728489514151	0.574335372221734
-1.02730920175823	0.406112820022134
0.189246288020434	0.124362261744475
-0.146148912480088	0.0522970886883919
-0.391024042625169	0.220975752759081
-1.81799459045243	0.737492070536281
-0.620903335937371	0.151058535991718
-0.625630686390319	0.152156798395567
-0.219176536187683	0.0705544582654805
-1.02613401741084	0.816679554195281
-1.82720442936454	1.14758254381756
-1.49159029421334	0.753622000565588
-0.393420370607224	0.163835415649594
0.154259314455831	0.0291924198815566
-0.644946148028018	0.3818349256156
-3.07750490916701	0.956880231933195
