x	y	clickSelects
-0.10898206565488	1.43134239135362	6
-0.1100098638107	1.43067029650081	1011
-0.11103775937185	1.42951913528691	674
-0.10186361193666	1.43480372807629	475
-0.0987909465981001	1.4352976791398	54
-0.10491803556219	1.43367348655271	307
-0.10898206565488	1.43134239135362	9
-0.10388810915075	1.43374127140597	6
-0.10898206565488	1.43134239135362	6
-0.10594806834581	1.43312407887711	63
-0.10795436789605	1.43174087144813	25
-0.10795436789605	1.43174087144813	822
-0.1100098638107	1.43067029650081	1246
-0.10795436789605	1.43174087144813	6
-0.10491803556219	1.43367348655271	6
-0.10289599599489	1.43385490736823	54
-0.10491803556219	1.43367348655271	6
-0.1100098638107	1.43067029650081	151
-0.1100098638107	1.43067029650081	6
-0.1069782044604	1.43205157105291	6
-0.10186361193666	1.43480372807629	63
-0.10491803556219	1.43367348655271	328
-0.10692677354064	1.43171095761068	6
-0.10898206565488	1.43134239135362	422
-0.10491803556219	1.43367348655271	151
-0.10795436789605	1.43174087144813	779
-0.1100098638107	1.43067029650081	25
-0.10795436789605	1.43174087144813	63
-0.10594806834581	1.43312407887711	63
-0.1069782044604	1.43205157105291	364
-0.10186361193666	1.43480372807629	6
-0.10491803556219	1.43367348655271	63
-0.10594806834581	1.43312407887711	17
-0.10388810915075	1.43374127140597	63
-0.10795436789605	1.43174087144813	63
-0.10898206565488	1.43134239135362	17
-0.10795436789605	1.43174087144813	63
-0.10491803556219	1.43367348655271	63
-0.10898206565488	1.43134239135362	63
-0.10692677354064	1.43171095761068	236
-0.10898206565488	1.43134239135362	433
-0.10898206565488	1.43134239135362	41
-0.10898206565488	1.43134239135362	63
-0.10898206565488	1.43134239135362	217
-0.10491803556219	1.43367348655271	120
-0.10594806834581	1.43312407887711	6
-0.1069782044604	1.43205157105291	63
-0.10898206565488	1.43134239135362	364
-0.10491803556219	1.43367348655271	151
-0.1069782044604	1.43205157105291	25
-0.1100098638107	1.43067029650081	17
-0.10083133726575	1.43502236868829	236
-0.10795436789605	1.43174087144813	656
-0.10692677354064	1.43171095761068	41
-0.10795436789605	1.43174087144813	17
-0.10594806834581	1.43312407887711	433
-0.09775630730004	1.43591516336349	59
-0.10388810915075	1.43374127140597	157
-0.1100098638107	1.43067029650081	151
-0.10289599599489	1.43385490736823	657
-0.1100098638107	1.43067029650081	59
-0.10795436789605	1.43174087144813	9
-0.1100098638107	1.43067029650081	17
-0.1100098638107	1.43067029650081	216
-0.1100098638107	1.43067029650081	41
-0.1069782044604	1.43205157105291	17
-0.1100098638107	1.43067029650081	172
-0.10692677354064	1.43171095761068	25
-0.10491803556219	1.43367348655271	560
-0.10491803556219	1.43367348655271	41
-0.10898206565488	1.43134239135362	17
-0.10898206565488	1.43134239135362	120
-0.10491803556219	1.43367348655271	59
-0.10898206565488	1.43134239135362	560
-0.10083133726575	1.43502236868829	151
-0.10594806834581	1.43312407887711	151
-0.1069782044604	1.43205157105291	54
-0.10388810915075	1.43374127140597	235
-0.10795436789605	1.43174087144813	151
-0.10491803556219	1.43367348655271	991
-0.10083133726575	1.43502236868829	728
-0.11103775937185	1.42951913528691	151
-0.1100098638107	1.43067029650081	157
-0.10795436789605	1.43174087144813	217
-0.10795436789605	1.43174087144813	17
-0.1100098638107	1.43067029650081	9
-0.10898206565488	1.43134239135362	6
-0.10795436789605	1.43174087144813	41
-0.10898206565488	1.43134239135362	120
-0.10898206565488	1.43134239135362	59
-0.10594806834581	1.43312407887711	41
-0.10388810915075	1.43374127140597	235
-0.10594806834581	1.43312407887711	89
-0.1100098638107	1.43067029650081	1247
-0.10898206565488	1.43134239135362	17
-0.10594806834581	1.43312407887711	1006
-0.10491803556219	1.43367348655271	172
-0.10289599599489	1.43385490736823	54
-0.1100098638107	1.43067029650081	6
-0.1069782044604	1.43205157105291	41
-0.10898206565488	1.43134239135362	235
-0.1100098638107	1.43067029650081	418
-0.10795436789605	1.43174087144813	17
-0.10491803556219	1.43367348655271	6
-0.10289599599489	1.43385490736823	41
-0.10388810915075	1.43374127140597	235
-0.10594806834581	1.43312407887711	1247
-0.10491803556219	1.43367348655271	120
-0.1100098638107	1.43067029650081	54
-0.10491803556219	1.43367348655271	41
-0.10898206565488	1.43134239135362	41
-0.10795436789605	1.43174087144813	41
-0.10491803556219	1.43367348655271	17
-0.10491803556219	1.43367348655271	17
-0.10594806834581	1.43312407887711	991
-0.10491803556219	1.43367348655271	418
-0.11103775937185	1.42951913528691	588
-0.10898206565488	1.43134239135362	151
-0.10898206565488	1.43134239135362	151
-0.10491803556219	1.43367348655271	360
-0.10795436789605	1.43174087144813	120
-0.10692677354064	1.43171095761068	17
-0.10795436789605	1.43174087144813	151
-0.1100098638107	1.43067029650081	941
-0.10898206565488	1.43134239135362	144
-0.10898206565488	1.43134239135362	41
-0.10898206565488	1.43134239135362	41
-0.10594806834581	1.43312407887711	120
-0.10898206565488	1.43134239135362	151
-0.10388810915075	1.43374127140597	301
-0.10898206565488	1.43134239135362	941
-0.10795436789605	1.43174087144813	120
-0.1069782044604	1.43205157105291	120
-0.10898206565488	1.43134239135362	17
-0.11103775937185	1.42951913528691	6
-0.10594806834581	1.43312407887711	6
-0.10491803556219	1.43367348655271	6
-0.1100098638107	1.43067029650081	41
-0.1100098638107	1.43067029650081	151
-0.10795436789605	1.43174087144813	725
-0.1100098638107	1.43067029650081	6
-0.10491803556219	1.43367348655271	6
-0.10594806834581	1.43312407887711	41
-0.10898206565488	1.43134239135362	180
-0.10898206565488	1.43134239135362	17
-0.10594806834581	1.43312407887711	304
-0.10594806834581	1.43312407887711	41
-0.10898206565488	1.43134239135362	65
-0.1069782044604	1.43205157105291	120
-0.10491803556219	1.43367348655271	1281
-0.11103775937185	1.42951913528691	151
-0.10898206565488	1.43134239135362	360
-0.10898206565488	1.43134239135362	1281
-0.1100098638107	1.43067029650081	65
-0.1069782044604	1.43205157105291	17
-0.10388810915075	1.43374127140597	17
-0.10795436789605	1.43174087144813	1181
-0.10388810915075	1.43374127140597	17
-0.1100098638107	1.43067029650081	6
-0.1100098638107	1.43067029650081	6
-0.10388810915075	1.43374127140597	6
-0.10898206565488	1.43134239135362	17
-0.10898206565488	1.43134239135362	17
-0.10692677354064	1.43171095761068	270
-0.10491803556219	1.43367348655271	144
-0.10795436789605	1.43174087144813	54
-0.10594806834581	1.43312407887711	41
-0.10491803556219	1.43367348655271	17
-0.10594806834581	1.43312407887711	17
-0.10795436789605	1.43174087144813	164
-0.10388810915075	1.43374127140597	54
-0.1100098638107	1.43067029650081	17
-0.1100098638107	1.43067029650081	17
-0.10898206565488	1.43134239135362	65
-0.10898206565488	1.43134239135362	164
-0.10594806834581	1.43312407887711	9
-0.10491803556219	1.43367348655271	65
-0.10289599599489	1.43385490736823	65
-0.10795436789605	1.43174087144813	17
-0.10594806834581	1.43312407887711	17
-0.10594806834581	1.43312407887711	302
-0.10491803556219	1.43367348655271	120
-0.10795436789605	1.43174087144813	217
-0.10289599599489	1.43385490736823	54
-0.10594806834581	1.43312407887711	54
-0.10594806834581	1.43312407887711	36
-0.10692677354064	1.43171095761068	41
-0.11103775937185	1.42951913528691	41
-0.10491803556219	1.43367348655271	6
-0.10795436789605	1.43174087144813	302
-0.10692677354064	1.43171095761068	120
-0.10795436789605	1.43174087144813	6
-0.10898206565488	1.43134239135362	17
-0.10795436789605	1.43174087144813	75
-0.10898206565488	1.43134239135362	304
-0.10795436789605	1.43174087144813	65
-0.10898206565488	1.43134239135362	903
-0.10795436789605	1.43174087144813	17
-0.10491803556219	1.43367348655271	17
-0.10795436789605	1.43174087144813	164
-0.10795436789605	1.43174087144813	59
-0.10898206565488	1.43134239135362	54
-0.10083133726575	1.43502236868829	17
-0.10594806834581	1.43312407887711	17
-0.10795436789605	1.43174087144813	151
-0.1100098638107	1.43067029650081	304
-0.10594806834581	1.43312407887711	304
-0.0987909465981001	1.4352976791398	17
-0.11103775937185	1.42951913528691	302
-0.1100098638107	1.43067029650081	120
-0.09775630730004	1.43591516336349	59
-0.10795436789605	1.43174087144813	1290
-0.10795436789605	1.43174087144813	903
-0.10898206565488	1.43134239135362	17
-0.10795436789605	1.43174087144813	17
-0.10898206565488	1.43134239135362	59
-0.10491803556219	1.43367348655271	17
-0.1100098638107	1.43067029650081	302
-0.10594806834581	1.43312407887711	59
-0.10186361193666	1.43480372807629	171
-0.10795436789605	1.43174087144813	787
-0.10795436789605	1.43174087144813	38
-0.10898206565488	1.43134239135362	41
-0.10594806834581	1.43312407887711	18
-0.1069782044604	1.43205157105291	38
-0.10898206565488	1.43134239135362	17
-0.1100098638107	1.43067029650081	164
-0.1100098638107	1.43067029650081	144
-0.10795436789605	1.43174087144813	42
-0.10594806834581	1.43312407887711	218
-0.10594806834581	1.43312407887711	75
-0.10898206565488	1.43134239135362	59
-0.1100098638107	1.43067029650081	59
-0.10594806834581	1.43312407887711	311
-0.0987909465981001	1.4352976791398	1064
-0.10186361193666	1.43480372807629	144
-0.10289599599489	1.43385490736823	171
-0.10898206565488	1.43134239135362	542
-0.10186361193666	1.43480372807629	412
-0.1100098638107	1.43067029650081	17
-0.10594806834581	1.43312407887711	41
-0.10898206565488	1.43134239135362	564
-0.1100098638107	1.43067029650081	151
-0.10491803556219	1.43367348655271	561
-0.1100098638107	1.43067029650081	41
-0.10898206565488	1.43134239135362	17
-0.10186361193666	1.43480372807629	17
-0.1100098638107	1.43067029650081	302
-0.10594806834581	1.43312407887711	564
-0.1100098638107	1.43067029650081	75
-0.10795436789605	1.43174087144813	17
-0.10491803556219	1.43367348655271	17
-0.10795436789605	1.43174087144813	5
-0.10594806834581	1.43312407887711	1251
-0.10795436789605	1.43174087144813	36
-0.10491803556219	1.43367348655271	36
-0.1100098638107	1.43067029650081	384
-0.10898206565488	1.43134239135362	75
-0.10388810915075	1.43374127140597	561
-0.10491803556219	1.43367348655271	36
-0.10491803556219	1.43367348655271	327
-0.10388810915075	1.43374127140597	17
-0.10898206565488	1.43134239135362	17
-0.10594806834581	1.43312407887711	59
-0.10692677354064	1.43171095761068	71
-0.10898206565488	1.43134239135362	542
-0.1100098638107	1.43067029650081	17
-0.10692677354064	1.43171095761068	17
-0.10388810915075	1.43374127140597	1064
-0.10898206565488	1.43134239135362	71
-0.0987909465981001	1.4352976791398	71
-0.10898206565488	1.43134239135362	302
-0.1100098638107	1.43067029650081	17
-0.10898206565488	1.43134239135362	75
-0.10289599599489	1.43385490736823	6
-0.10594806834581	1.43312407887711	65
-0.10388810915075	1.43374127140597	217
-0.10491803556219	1.43367348655271	302
-0.10594806834581	1.43312407887711	17
-0.10186361193666	1.43480372807629	6
-0.10795436789605	1.43174087144813	36
-0.1100098638107	1.43067029650081	302
-0.10898206565488	1.43134239135362	75
-0.10594806834581	1.43312407887711	307
-0.1100098638107	1.43067029650081	6
-0.10491803556219	1.43367348655271	65
-0.10898206565488	1.43134239135362	65
-0.10795436789605	1.43174087144813	59
-0.10491803556219	1.43367348655271	438
-0.10795436789605	1.43174087144813	252
-0.10594806834581	1.43312407887711	38
-0.10289599599489	1.43385490736823	36
-0.10491803556219	1.43367348655271	41
-0.10898206565488	1.43134239135362	41
-0.10898206565488	1.43134239135362	17
-0.10388810915075	1.43374127140597	17
-0.1100098638107	1.43067029650081	384
-0.10898206565488	1.43134239135362	663
-0.10594806834581	1.43312407887711	54
-0.0987909465981001	1.4352976791398	6
-0.10594806834581	1.43312407887711	6
-0.10898206565488	1.43134239135362	6
-0.10795436789605	1.43174087144813	71
-0.1100098638107	1.43067029650081	71
-0.10795436789605	1.43174087144813	71
-0.10594806834581	1.43312407887711	71
-0.10795436789605	1.43174087144813	65
-0.10083133726575	1.43502236868829	9
-0.11103775937185	1.42951913528691	17
-0.10898206565488	1.43134239135362	1211
-0.10795436789605	1.43174087144813	1211
-0.10594806834581	1.43312407887711	171
-0.10594806834581	1.43312407887711	159
-0.10491803556219	1.43367348655271	6
-0.1100098638107	1.43067029650081	171
-0.1100098638107	1.43067029650081	42
-0.10594806834581	1.43312407887711	543
-0.1100098638107	1.43067029650081	327
-0.10594806834581	1.43312407887711	451
-0.1069782044604	1.43205157105291	307
-0.10898206565488	1.43134239135362	6
-0.10491803556219	1.43367348655271	6
-0.10491803556219	1.43367348655271	17
-0.1100098638107	1.43067029650081	17
-0.1100098638107	1.43067029650081	6
-0.1069782044604	1.43205157105291	302
-0.10898206565488	1.43134239135362	327
-0.10186361193666	1.43480372807629	81
-0.10594806834581	1.43312407887711	243
-0.10692677354064	1.43171095761068	51
-0.11103775937185	1.42951913528691	65
-0.10795436789605	1.43174087144813	327
-0.10898206565488	1.43134239135362	327
-0.1069782044604	1.43205157105291	17
-0.10898206565488	1.43134239135362	856
-0.10898206565488	1.43134239135362	144
-0.10898206565488	1.43134239135362	17
-0.10795436789605	1.43174087144813	17
-0.10795436789605	1.43174087144813	65
-0.10594806834581	1.43312407887711	9
-0.10795436789605	1.43174087144813	528
-0.10594806834581	1.43312407887711	17
-0.1069782044604	1.43205157105291	144
-0.1100098638107	1.43067029650081	54
-0.10083133726575	1.43502236868829	6
-0.10594806834581	1.43312407887711	480
-0.10898206565488	1.43134239135362	856
-0.1069782044604	1.43205157105291	86
-0.10898206565488	1.43134239135362	51
-0.10898206565488	1.43134239135362	9
-0.10594806834581	1.43312407887711	65
-0.11103775937185	1.42951913528691	26
-0.10083133726575	1.43502236868829	543
-0.11103775937185	1.42951913528691	54
-0.10795436789605	1.43174087144813	327
-0.10491803556219	1.43367348655271	282
-0.10898206565488	1.43134239135362	1093
-0.10594806834581	1.43312407887711	771
-0.10795436789605	1.43174087144813	242
-0.10898206565488	1.43134239135362	17
-0.1100098638107	1.43067029650081	51
-0.11103775937185	1.42951913528691	17
-0.10594806834581	1.43312407887711	856
-0.11103775937185	1.42951913528691	86
-0.10898206565488	1.43134239135362	528
-0.1069782044604	1.43205157105291	1319
-0.11103775937185	1.42951913528691	17
-0.10594806834581	1.43312407887711	439
-0.10388810915075	1.43374127140597	17
-0.10594806834581	1.43312407887711	17
-0.1069782044604	1.43205157105291	327
-0.11103775937185	1.42951913528691	327
-0.10795436789605	1.43174087144813	243
-0.10898206565488	1.43134239135362	159
-0.10594806834581	1.43312407887711	17
-0.10594806834581	1.43312407887711	17
-0.10594806834581	1.43312407887711	17
-0.10594806834581	1.43312407887711	17
-0.1100098638107	1.43067029650081	178
-0.10795436789605	1.43174087144813	327
-0.10692677354064	1.43171095761068	622
-0.10594806834581	1.43312407887711	17
-0.10898206565488	1.43134239135362	402
-0.10795436789605	1.43174087144813	402
-0.10898206565488	1.43134239135362	17
-0.10795436789605	1.43174087144813	178
-0.10491803556219	1.43367348655271	327
-0.10594806834581	1.43312407887711	102
-0.10083133726575	1.43502236868829	965
-0.1069782044604	1.43205157105291	6
-0.1100098638107	1.43067029650081	134
-0.10898206565488	1.43134239135362	36
-0.10388810915075	1.43374127140597	17
-0.10795436789605	1.43174087144813	75
-0.10594806834581	1.43312407887711	1057
-0.10898206565488	1.43134239135362	159
-0.1100098638107	1.43067029650081	965
-0.10491803556219	1.43367348655271	51
-0.10795436789605	1.43174087144813	600
-0.10898206565488	1.43134239135362	54
-0.10594806834581	1.43312407887711	17
-0.1100098638107	1.43067029650081	17
-0.10491803556219	1.43367348655271	402
-0.10692677354064	1.43171095761068	17
-0.10898206565488	1.43134239135362	159
-0.10898206565488	1.43134239135362	543
-0.10795436789605	1.43174087144813	543
-0.10795436789605	1.43174087144813	17
-0.1100098638107	1.43067029650081	402
-0.10898206565488	1.43134239135362	402
-0.1069782044604	1.43205157105291	159
-0.10594806834581	1.43312407887711	134
-0.10898206565488	1.43134239135362	402
-0.10186361193666	1.43480372807629	159
-0.1100098638107	1.43067029650081	627
-0.10594806834581	1.43312407887711	600
-0.10795436789605	1.43174087144813	1057
-0.10898206565488	1.43134239135362	54
-0.10491803556219	1.43367348655271	402
-0.10692677354064	1.43171095761068	17
-0.1100098638107	1.43067029650081	17
-0.10898206565488	1.43134239135362	17
-0.10795436789605	1.43174087144813	211
-0.10795436789605	1.43174087144813	137
-0.10388810915075	1.43374127140597	847
-0.10795436789605	1.43174087144813	847
-0.10795436789605	1.43174087144813	243
-0.10795436789605	1.43174087144813	668
-0.10898206565488	1.43134239135362	1057
-0.10388810915075	1.43374127140597	36
-0.1069782044604	1.43205157105291	36
-0.10289599599489	1.43385490736823	1057
-0.10795436789605	1.43174087144813	65
-0.0987909465981001	1.4352976791398	17
-0.10186361193666	1.43480372807629	151
-0.10898206565488	1.43134239135362	71
-0.11103775937185	1.42951913528691	159
-0.10898206565488	1.43134239135362	6
-0.10491803556219	1.43367348655271	36
-0.10795436789605	1.43174087144813	17
-0.10491803556219	1.43367348655271	211
-0.10388810915075	1.43374127140597	36
-0.1069782044604	1.43205157105291	847
-0.10898206565488	1.43134239135362	1118
-0.10692677354064	1.43171095761068	159
-0.1100098638107	1.43067029650081	134
-0.10594806834581	1.43312407887711	243
-0.10594806834581	1.43312407887711	1150
-0.10388810915075	1.43374127140597	9
-0.10898206565488	1.43134239135362	36
-0.10388810915075	1.43374127140597	444
-0.1100098638107	1.43067029650081	75
-0.10795436789605	1.43174087144813	75
-0.1100098638107	1.43067029650081	54
-0.1069782044604	1.43205157105291	54
-0.10491803556219	1.43367348655271	9
-0.10594806834581	1.43312407887711	65
-0.1100098638107	1.43067029650081	17
-0.1100098638107	1.43067029650081	75
-0.10491803556219	1.43367348655271	18
-0.10289599599489	1.43385490736823	17
-0.10795436789605	1.43174087144813	143
-0.10898206565488	1.43134239135362	17
-0.10795436789605	1.43174087144813	75
-0.10898206565488	1.43134239135362	110
-0.10795436789605	1.43174087144813	159
-0.1100098638107	1.43067029650081	997
-0.10795436789605	1.43174087144813	36
-0.10594806834581	1.43312407887711	997
-0.10795436789605	1.43174087144813	17
-0.10388810915075	1.43374127140597	76
-0.10491803556219	1.43367348655271	1324
-0.1100098638107	1.43067029650081	9
-0.10491803556219	1.43367348655271	280
-0.11103775937185	1.42951913528691	143
-0.10186361193666	1.43480372807629	243
-0.10898206565488	1.43134239135362	110
-0.09775630730004	1.43591516336349	76
-0.10083133726575	1.43502236868829	1324
-0.10491803556219	1.43367348655271	36
-0.1069782044604	1.43205157105291	36
-0.10898206565488	1.43134239135362	444
-0.1069782044604	1.43205157105291	102
-0.1069782044604	1.43205157105291	54
-0.10898206565488	1.43134239135362	54
-0.10898206565488	1.43134239135362	9
-0.10289599599489	1.43385490736823	36
-0.10898206565488	1.43134239135362	17
-0.10289599599489	1.43385490736823	143
-0.1100098638107	1.43067029650081	17
-0.10898206565488	1.43134239135362	17
-0.10594806834581	1.43312407887711	597
-0.10898206565488	1.43134239135362	75
-0.10594806834581	1.43312407887711	17
-0.10898206565488	1.43134239135362	17
-0.1100098638107	1.43067029650081	75
-0.10594806834581	1.43312407887711	158
-0.10491803556219	1.43367348655271	159
-0.10594806834581	1.43312407887711	754
-0.1100098638107	1.43067029650081	754
-0.10491803556219	1.43367348655271	143
-0.10594806834581	1.43312407887711	243
-0.1100098638107	1.43067029650081	102
-0.10795436789605	1.43174087144813	17
-0.10388810915075	1.43374127140597	143
-0.10491803556219	1.43367348655271	17
-0.1100098638107	1.43067029650081	17
-0.10898206565488	1.43134239135362	17
-0.1100098638107	1.43067029650081	211
-0.1069782044604	1.43205157105291	151
-0.10594806834581	1.43312407887711	452
-0.1069782044604	1.43205157105291	159
-0.11103775937185	1.42951913528691	159
-0.10898206565488	1.43134239135362	134
-0.10491803556219	1.43367348655271	17
-0.10289599599489	1.43385490736823	17
-0.1069782044604	1.43205157105291	159
-0.11103775937185	1.42951913528691	17
-0.10594806834581	1.43312407887711	17
-0.10491803556219	1.43367348655271	143
-0.10898206565488	1.43134239135362	17
-0.1069782044604	1.43205157105291	17
-0.10795436789605	1.43174087144813	211
-0.10594806834581	1.43312407887711	151
-0.10692677354064	1.43171095761068	75
-0.10594806834581	1.43312407887711	9
-0.1100098638107	1.43067029650081	151
-0.1100098638107	1.43067029650081	279
-0.10898206565488	1.43134239135362	279
-0.10692677354064	1.43171095761068	524
-0.10795436789605	1.43174087144813	211
-0.10795436789605	1.43174087144813	76
-0.10898206565488	1.43134239135362	279
-0.1100098638107	1.43067029650081	159
-0.10795436789605	1.43174087144813	17
-0.10491803556219	1.43367348655271	17
-0.10898206565488	1.43134239135362	81
-0.1100098638107	1.43067029650081	17
-0.10594806834581	1.43312407887711	159
-0.10289599599489	1.43385490736823	159
-0.10898206565488	1.43134239135362	143
-0.10898206565488	1.43134239135362	143
-0.10795436789605	1.43174087144813	17
-0.10491803556219	1.43367348655271	211
-0.10795436789605	1.43174087144813	452
-0.10795436789605	1.43174087144813	102
-0.10898206565488	1.43134239135362	54
-0.10388810915075	1.43374127140597	81
-0.10692677354064	1.43171095761068	159
-0.1100098638107	1.43067029650081	9
-0.10795436789605	1.43174087144813	286
-0.11103775937185	1.42951913528691	17
-0.10795436789605	1.43174087144813	211
-0.10898206565488	1.43134239135362	279
-0.10491803556219	1.43367348655271	159
-0.10898206565488	1.43134239135362	17
-0.10594806834581	1.43312407887711	17
-0.10692677354064	1.43171095761068	279
-0.10594806834581	1.43312407887711	159
-0.10594806834581	1.43312407887711	613
-0.10491803556219	1.43367348655271	90
-0.10491803556219	1.43367348655271	17
-0.1100098638107	1.43067029650081	17
-0.10594806834581	1.43312407887711	108
-0.10795436789605	1.43174087144813	143
-0.10594806834581	1.43312407887711	797
-0.11103775937185	1.42951913528691	523
-0.10594806834581	1.43312407887711	613
-0.10594806834581	1.43312407887711	65
-0.10795436789605	1.43174087144813	211
-0.10388810915075	1.43374127140597	211
-0.10594806834581	1.43312407887711	108
-0.1069782044604	1.43205157105291	54
-0.1100098638107	1.43067029650081	159
-0.11103775937185	1.42951913528691	65
-0.10186361193666	1.43480372807629	143
-0.1100098638107	1.43067029650081	17
-0.10795436789605	1.43174087144813	211
-0.10898206565488	1.43134239135362	452
-0.1100098638107	1.43067029650081	76
-0.1100098638107	1.43067029650081	452
-0.10186361193666	1.43480372807629	243
-0.10898206565488	1.43134239135362	17
-0.10898206565488	1.43134239135362	17
-0.10289599599489	1.43385490736823	17
-0.1069782044604	1.43205157105291	158
-0.10795436789605	1.43174087144813	102
-0.10594806834581	1.43312407887711	159
-0.10594806834581	1.43312407887711	65
-0.10898206565488	1.43134239135362	17
-0.10594806834581	1.43312407887711	17
-0.1100098638107	1.43067029650081	523
-0.10388810915075	1.43374127140597	159
-0.10491803556219	1.43367348655271	159
-0.10898206565488	1.43134239135362	134
-0.10186361193666	1.43480372807629	76
-0.11103775937185	1.42951913528691	23
-0.10083133726575	1.43502236868829	159
-0.1100098638107	1.43067029650081	159
-0.1100098638107	1.43067029650081	36
-0.10795436789605	1.43174087144813	23
-0.1069782044604	1.43205157105291	17
-0.10898206565488	1.43134239135362	143
-0.10692677354064	1.43171095761068	17
-0.10898206565488	1.43134239135362	17
-0.11103775937185	1.42951913528691	17
-0.1100098638107	1.43067029650081	72
-0.11103775937185	1.42951913528691	874
-0.10795436789605	1.43174087144813	158
-0.10388810915075	1.43374127140597	792
-0.10594806834581	1.43312407887711	159
-0.10491803556219	1.43367348655271	36
-0.1069782044604	1.43205157105291	17
-0.1100098638107	1.43067029650081	159
-0.1100098638107	1.43067029650081	159
-0.10491803556219	1.43367348655271	17
-0.10594806834581	1.43312407887711	896
-0.10594806834581	1.43312407887711	279
-0.1069782044604	1.43205157105291	874
-0.10289599599489	1.43385490736823	159
-0.10795436789605	1.43174087144813	23
-0.10898206565488	1.43134239135362	17
-0.10594806834581	1.43312407887711	75
-0.1069782044604	1.43205157105291	874
-0.10898206565488	1.43134239135362	75
-0.10388810915075	1.43374127140597	874
-0.10491803556219	1.43367348655271	159
-0.1100098638107	1.43067029650081	159
-0.10898206565488	1.43134239135362	65
-0.1069782044604	1.43205157105291	36
-0.10795436789605	1.43174087144813	17
-0.10898206565488	1.43134239135362	678
-0.10594806834581	1.43312407887711	1017
-0.10186361193666	1.43480372807629	159
-0.10692677354064	1.43171095761068	76
-0.10795436789605	1.43174087144813	23
-0.10594806834581	1.43312407887711	75
-0.10594806834581	1.43312407887711	75
-0.10898206565488	1.43134239135362	75
-0.1069782044604	1.43205157105291	279
-0.10491803556219	1.43367348655271	28
-0.1069782044604	1.43205157105291	102
-0.10795436789605	1.43174087144813	102
-0.11103775937185	1.42951913528691	65
-0.10388810915075	1.43374127140597	76
-0.10186361193666	1.43480372807629	108
-0.1100098638107	1.43067029650081	18
-0.1100098638107	1.43067029650081	76
-0.10594806834581	1.43312407887711	23
-0.10898206565488	1.43134239135362	108
-0.10289599599489	1.43385490736823	17
-0.10388810915075	1.43374127140597	108
-0.1100098638107	1.43067029650081	17
-0.10594806834581	1.43312407887711	896
-0.10594806834581	1.43312407887711	678
-0.10898206565488	1.43134239135362	75
-0.10594806834581	1.43312407887711	17
-0.10898206565488	1.43134239135362	359
-0.10898206565488	1.43134239135362	946
-0.10795436789605	1.43174087144813	54
-0.10388810915075	1.43374127140597	54
-0.10594806834581	1.43312407887711	159
-0.10289599599489	1.43385490736823	357
-0.10594806834581	1.43312407887711	72
-0.10898206565488	1.43134239135362	75
-0.11103775937185	1.42951913528691	159
-0.10898206565488	1.43134239135362	134
-0.10594806834581	1.43312407887711	134
-0.1100098638107	1.43067029650081	65
-0.1100098638107	1.43067029650081	17
-0.1069782044604	1.43205157105291	17
-0.1100098638107	1.43067029650081	108
-0.10795436789605	1.43174087144813	72
-0.10594806834581	1.43312407887711	54
-0.1069782044604	1.43205157105291	159
-0.11103775937185	1.42951913528691	76
-0.10898206565488	1.43134239135362	108
-0.0987909465981001	1.4352976791398	108
-0.10491803556219	1.43367348655271	158
-0.10594806834581	1.43312407887711	102
-0.10491803556219	1.43367348655271	159
-0.10186361193666	1.43480372807629	250
-0.1100098638107	1.43067029650081	76
-0.11103775937185	1.42951913528691	108
-0.10898206565488	1.43134239135362	184
-0.10795436789605	1.43174087144813	76
-0.10795436789605	1.43174087144813	650
-0.10795436789605	1.43174087144813	108
-0.10594806834581	1.43312407887711	108
-0.1100098638107	1.43067029650081	108
-0.10898206565488	1.43134239135362	72
-0.10692677354064	1.43171095761068	54
-0.10289599599489	1.43385490736823	159
-0.10898206565488	1.43134239135362	75
-0.1100098638107	1.43067029650081	65
-0.10594806834581	1.43312407887711	75
-0.10692677354064	1.43171095761068	159
-0.10795436789605	1.43174087144813	76
-0.10898206565488	1.43134239135362	108
-0.10491803556219	1.43367348655271	254
-0.1100098638107	1.43067029650081	78
-0.1100098638107	1.43067029650081	159
-0.10289599599489	1.43385490736823	76
-0.10594806834581	1.43312407887711	108
-0.10594806834581	1.43312407887711	108
-0.1100098638107	1.43067029650081	75
-0.10898206565488	1.43134239135362	359
-0.10491803556219	1.43367348655271	102
-0.1100098638107	1.43067029650081	76
-0.10898206565488	1.43134239135362	650
-0.1100098638107	1.43067029650081	189
-0.10795436789605	1.43174087144813	108
-0.10491803556219	1.43367348655271	78
-0.10898206565488	1.43134239135362	9
-0.10388810915075	1.43374127140597	650
-0.10898206565488	1.43134239135362	190
-0.10898206565488	1.43134239135362	75
-0.10594806834581	1.43312407887711	78
-0.10388810915075	1.43374127140597	44
-0.10594806834581	1.43312407887711	65
-0.10594806834581	1.43312407887711	108
-0.10795436789605	1.43174087144813	254
-0.1100098638107	1.43067029650081	1054
-0.10795436789605	1.43174087144813	158
-0.1069782044604	1.43205157105291	28
-0.10186361193666	1.43480372807629	72
-0.1100098638107	1.43067029650081	75
-0.10795436789605	1.43174087144813	28
-0.10491803556219	1.43367348655271	54
-0.10186361193666	1.43480372807629	54
-0.10795436789605	1.43174087144813	190
-0.1069782044604	1.43205157105291	190
-0.1069782044604	1.43205157105291	108
-0.10898206565488	1.43134239135362	72
-0.10594806834581	1.43312407887711	75
-0.10898206565488	1.43134239135362	54
-0.10898206565488	1.43134239135362	54
-0.10289599599489	1.43385490736823	72
-0.1100098638107	1.43067029650081	76
-0.10795436789605	1.43174087144813	108
-0.10898206565488	1.43134239135362	72
-0.10491803556219	1.43367348655271	108
-0.10491803556219	1.43367348655271	72
-0.10898206565488	1.43134239135362	254
-0.10388810915075	1.43374127140597	254
-0.1100098638107	1.43067029650081	75
-0.10594806834581	1.43312407887711	279
-0.10388810915075	1.43374127140597	279
-0.10898206565488	1.43134239135362	75
-0.10594806834581	1.43312407887711	254
-0.10594806834581	1.43312407887711	331
-0.11103775937185	1.42951913528691	158
-0.10692677354064	1.43171095761068	54
-0.1100098638107	1.43067029650081	254
-0.10898206565488	1.43134239135362	279
-0.10898206565488	1.43134239135362	54
-0.1100098638107	1.43067029650081	9
-0.10898206565488	1.43134239135362	190
-0.10795436789605	1.43174087144813	108
-0.10491803556219	1.43367348655271	72
-0.10692677354064	1.43171095761068	76
-0.10795436789605	1.43174087144813	76
-0.1100098638107	1.43067029650081	108
-0.11103775937185	1.42951913528691	72
-0.10795436789605	1.43174087144813	254
-0.10491803556219	1.43367348655271	159
-0.1100098638107	1.43067029650081	18
-0.10898206565488	1.43134239135362	9
-0.10898206565488	1.43134239135362	1038
-0.10795436789605	1.43174087144813	159
-0.10594806834581	1.43312407887711	108
-0.10898206565488	1.43134239135362	72
-0.1100098638107	1.43067029650081	254
-0.10795436789605	1.43174087144813	279
-0.10795436789605	1.43174087144813	159
-0.10491803556219	1.43367348655271	76
-0.10083133726575	1.43502236868829	190
-0.10898206565488	1.43134239135362	72
-0.1100098638107	1.43067029650081	72
-0.10388810915075	1.43374127140597	279
-0.10491803556219	1.43367348655271	72
-0.10491803556219	1.43367348655271	75
-0.1100098638107	1.43067029650081	28
-0.10594806834581	1.43312407887711	9
-0.1100098638107	1.43067029650081	72
-0.1069782044604	1.43205157105291	279
-0.10898206565488	1.43134239135362	28
-0.10594806834581	1.43312407887711	76
-0.10594806834581	1.43312407887711	108
-0.1100098638107	1.43067029650081	279
-0.10795436789605	1.43174087144813	75
-0.10491803556219	1.43367348655271	75
-0.10898206565488	1.43134239135362	76
-0.10186361193666	1.43480372807629	1223
-0.10083133726575	1.43502236868829	72
-0.1069782044604	1.43205157105291	192
-0.10594806834581	1.43312407887711	76
-0.10898206565488	1.43134239135362	108
-0.1100098638107	1.43067029650081	9
-0.10083133726575	1.43502236868829	28
-0.10491803556219	1.43367348655271	76
-0.1069782044604	1.43205157105291	72
-0.11103775937185	1.42951913528691	159
-0.10898206565488	1.43134239135362	76
-0.10594806834581	1.43312407887711	76
-0.10594806834581	1.43312407887711	108
-0.10388810915075	1.43374127140597	108
-0.10898206565488	1.43134239135362	108
-0.10795436789605	1.43174087144813	108
-0.10795436789605	1.43174087144813	279
-0.10491803556219	1.43367348655271	75
-0.1100098638107	1.43067029650081	108
-0.10186361193666	1.43480372807629	72
-0.10491803556219	1.43367348655271	28
-0.10594806834581	1.43312407887711	159
-0.1100098638107	1.43067029650081	76
-0.10289599599489	1.43385490736823	108
-0.1069782044604	1.43205157105291	72
-0.10898206565488	1.43134239135362	158
-0.10795436789605	1.43174087144813	108
-0.10491803556219	1.43367348655271	108
-0.10491803556219	1.43367348655271	108
-0.11103775937185	1.42951913528691	72
-0.10083133726575	1.43502236868829	456
-0.1100098638107	1.43067029650081	75
-0.10898206565488	1.43134239135362	158
-0.10898206565488	1.43134239135362	28
-0.1100098638107	1.43067029650081	748
-0.11103775937185	1.42951913528691	108
-0.10491803556219	1.43367348655271	108
-0.1100098638107	1.43067029650081	279
-0.10795436789605	1.43174087144813	279
-0.10898206565488	1.43134239135362	1041
-0.10186361193666	1.43480372807629	54
-0.1069782044604	1.43205157105291	54
-0.10898206565488	1.43134239135362	9
-0.10898206565488	1.43134239135362	108
-0.10898206565488	1.43134239135362	898
-0.1069782044604	1.43205157105291	28
-0.10898206565488	1.43134239135362	76
-0.1100098638107	1.43067029650081	108
-0.10594806834581	1.43312407887711	108
-0.11103775937185	1.42951913528691	108
-0.10898206565488	1.43134239135362	28
-0.10898206565488	1.43134239135362	108
-0.10795436789605	1.43174087144813	72
-0.10898206565488	1.43134239135362	75
-0.1069782044604	1.43205157105291	165
-0.10289599599489	1.43385490736823	28
-0.10795436789605	1.43174087144813	108
-0.10594806834581	1.43312407887711	108
-0.10692677354064	1.43171095761068	72
-0.11103775937185	1.42951913528691	189
-0.1069782044604	1.43205157105291	196
-0.10594806834581	1.43312407887711	76
-0.10898206565488	1.43134239135362	72
-0.10795436789605	1.43174087144813	72
-0.10898206565488	1.43134239135362	189
-0.1100098638107	1.43067029650081	113
-0.10898206565488	1.43134239135362	75
-0.10795436789605	1.43174087144813	76
-0.10898206565488	1.43134239135362	72
-0.11103775937185	1.42951913528691	76
-0.11103775937185	1.42951913528691	108
-0.1069782044604	1.43205157105291	72
-0.10898206565488	1.43134239135362	108
-0.10795436789605	1.43174087144813	72
-0.10795436789605	1.43174087144813	15
-0.10289599599489	1.43385490736823	28
-0.10795436789605	1.43174087144813	76
-0.10795436789605	1.43174087144813	28
-0.10795436789605	1.43174087144813	54
-0.1069782044604	1.43205157105291	72
-0.10898206565488	1.43134239135362	69
-0.11103775937185	1.42951913528691	279
-0.10186361193666	1.43480372807629	28
-0.10898206565488	1.43134239135362	28
-0.10491803556219	1.43367348655271	69
-0.10898206565488	1.43134239135362	9
-0.10594806834581	1.43312407887711	108
-0.10795436789605	1.43174087144813	165
-0.10898206565488	1.43134239135362	881
-0.10795436789605	1.43174087144813	28
-0.1100098638107	1.43067029650081	9
-0.10388810915075	1.43374127140597	76
-0.10898206565488	1.43134239135362	85
-0.10491803556219	1.43367348655271	108
-0.10186361193666	1.43480372807629	72
-0.10491803556219	1.43367348655271	69
-0.10795436789605	1.43174087144813	108
-0.1100098638107	1.43067029650081	763
-0.1069782044604	1.43205157105291	72
-0.10594806834581	1.43312407887711	72
-0.10388810915075	1.43374127140597	75
-0.10083133726575	1.43502236868829	9
-0.1100098638107	1.43067029650081	1195
-0.10898206565488	1.43134239135362	108
-0.10898206565488	1.43134239135362	108
-0.10594806834581	1.43312407887711	108
-0.10795436789605	1.43174087144813	69
-0.10898206565488	1.43134239135362	158
-0.10491803556219	1.43367348655271	9
-0.10898206565488	1.43134239135362	1
-0.10186361193666	1.43480372807629	108
-0.1100098638107	1.43067029650081	69
-0.1100098638107	1.43067029650081	15
-0.11103775937185	1.42951913528691	76
-0.10594806834581	1.43312407887711	85
-0.11103775937185	1.42951913528691	69
-0.0987909465981001	1.4352976791398	165
-0.1100098638107	1.43067029650081	1191
-0.1100098638107	1.43067029650081	15
-0.10795436789605	1.43174087144813	85
-0.10594806834581	1.43312407887711	108
-0.10898206565488	1.43134239135362	79
-0.10594806834581	1.43312407887711	28
-0.1069782044604	1.43205157105291	54
-0.10795436789605	1.43174087144813	76
-0.10388810915075	1.43374127140597	85
-0.10692677354064	1.43171095761068	85
-0.10491803556219	1.43367348655271	69
-0.10692677354064	1.43171095761068	819
-0.10289599599489	1.43385490736823	69
-0.10795436789605	1.43174087144813	163
-0.10898206565488	1.43134239135362	76
-0.10795436789605	1.43174087144813	630
-0.10594806834581	1.43312407887711	108
-0.10898206565488	1.43134239135362	69
-0.1069782044604	1.43205157105291	69
-0.11103775937185	1.42951913528691	72
-0.10898206565488	1.43134239135362	1191
-0.10491803556219	1.43367348655271	54
-0.10491803556219	1.43367348655271	76
-0.1100098638107	1.43067029650081	197
-0.10289599599489	1.43385490736823	165
-0.10898206565488	1.43134239135362	54
-0.10388810915075	1.43374127140597	76
-0.10491803556219	1.43367348655271	69
-0.1069782044604	1.43205157105291	819
-0.1100098638107	1.43067029650081	72
-0.10289599599489	1.43385490736823	79
-0.10594806834581	1.43312407887711	163
-0.10388810915075	1.43374127140597	85
-0.10795436789605	1.43174087144813	69
-0.10594806834581	1.43312407887711	76
-0.10594806834581	1.43312407887711	108
-0.1100098638107	1.43067029650081	69
-0.10898206565488	1.43134239135362	69
-0.10692677354064	1.43171095761068	76
-0.10692677354064	1.43171095761068	69
-0.10898206565488	1.43134239135362	69
-0.10491803556219	1.43367348655271	69
-0.10491803556219	1.43367348655271	69
-0.10594806834581	1.43312407887711	85
-0.10795436789605	1.43174087144813	350
-0.11103775937185	1.42951913528691	108
-0.10898206565488	1.43134239135362	79
-0.10898206565488	1.43134239135362	669
-0.10594806834581	1.43312407887711	64
-0.10388810915075	1.43374127140597	75
-0.10594806834581	1.43312407887711	9
-0.10594806834581	1.43312407887711	64
-0.1100098638107	1.43067029650081	9
-0.10795436789605	1.43174087144813	108
-0.10594806834581	1.43312407887711	108
-0.10898206565488	1.43134239135362	15
-0.10594806834581	1.43312407887711	108
-0.10898206565488	1.43134239135362	69
-0.1100098638107	1.43067029650081	75
-0.10692677354064	1.43171095761068	75
-0.10795436789605	1.43174087144813	279
-0.10898206565488	1.43134239135362	138
-0.10491803556219	1.43367348655271	85
-0.10898206565488	1.43134239135362	108
-0.10898206565488	1.43134239135362	69
-0.10388810915075	1.43374127140597	69
-0.1100098638107	1.43067029650081	79
-0.10692677354064	1.43171095761068	79
-0.10594806834581	1.43312407887711	15
-0.1100098638107	1.43067029650081	15
-0.10795436789605	1.43174087144813	64
-0.10795436789605	1.43174087144813	85
-0.1069782044604	1.43205157105291	1
-0.10898206565488	1.43134239135362	15
-0.10491803556219	1.43367348655271	58
-0.11103775937185	1.42951913528691	1255
-0.10795436789605	1.43174087144813	64
-0.1100098638107	1.43067029650081	64
-0.11103775937185	1.42951913528691	108
-0.10898206565488	1.43134239135362	58
-0.10795436789605	1.43174087144813	75
-0.10898206565488	1.43134239135362	15
-0.10594806834581	1.43312407887711	85
-0.10898206565488	1.43134239135362	15
-0.10692677354064	1.43171095761068	625
-0.10491803556219	1.43367348655271	64
-0.1100098638107	1.43067029650081	108
-0.10186361193666	1.43480372807629	69
-0.10795436789605	1.43174087144813	15
-0.10594806834581	1.43312407887711	64
-0.10491803556219	1.43367348655271	64
-0.10898206565488	1.43134239135362	348
-0.10898206565488	1.43134239135362	69
-0.1100098638107	1.43067029650081	28
-0.10898206565488	1.43134239135362	69
-0.1100098638107	1.43067029650081	782
-0.1069782044604	1.43205157105291	64
-0.11103775937185	1.42951913528691	76
-0.10898206565488	1.43134239135362	85
-0.10795436789605	1.43174087144813	55
-0.10594806834581	1.43312407887711	636
-0.10898206565488	1.43134239135362	79
-0.10186361193666	1.43480372807629	75
-0.10594806834581	1.43312407887711	64
-0.11103775937185	1.42951913528691	69
-0.10795436789605	1.43174087144813	69
-0.10594806834581	1.43312407887711	197
-0.11103775937185	1.42951913528691	614
-0.10898206565488	1.43134239135362	614
-0.1100098638107	1.43067029650081	749
-0.10491803556219	1.43367348655271	58
-0.10388810915075	1.43374127140597	28
-0.10491803556219	1.43367348655271	614
-0.11103775937185	1.42951913528691	54
-0.10289599599489	1.43385490736823	636
-0.10594806834581	1.43312407887711	58
-0.10594806834581	1.43312407887711	108
-0.1100098638107	1.43067029650081	749
-0.10898206565488	1.43134239135362	614
-0.10898206565488	1.43134239135362	138
-0.10594806834581	1.43312407887711	108
-0.10594806834581	1.43312407887711	636
-0.10289599599489	1.43385490736823	79
-0.11103775937185	1.42951913528691	79
-0.10898206565488	1.43134239135362	75
-0.1100098638107	1.43067029650081	1
-0.10898206565488	1.43134239135362	64
-0.10898206565488	1.43134239135362	76
-0.10795436789605	1.43174087144813	76
-0.10186361193666	1.43480372807629	85
-0.0987909465981001	1.4352976791398	197
-0.10692677354064	1.43171095761068	64
-0.10388810915075	1.43374127140597	64
-0.1069782044604	1.43205157105291	76
-0.10491803556219	1.43367348655271	749
-0.10898206565488	1.43134239135362	64
-0.10491803556219	1.43367348655271	399
-0.1100098638107	1.43067029650081	625
-0.11103775937185	1.42951913528691	625
-0.10186361193666	1.43480372807629	347
-0.10898206565488	1.43134239135362	1
-0.10388810915075	1.43374127140597	64
-0.10186361193666	1.43480372807629	75
-0.10898206565488	1.43134239135362	75
-0.10795436789605	1.43174087144813	85
-0.10795436789605	1.43174087144813	108
-0.1100098638107	1.43067029650081	108
-0.10491803556219	1.43367348655271	1
-0.10186361193666	1.43480372807629	64
-0.10491803556219	1.43367348655271	85
-0.10083133726575	1.43502236868829	75
-0.10491803556219	1.43367348655271	500
-0.10491803556219	1.43367348655271	399
-0.1100098638107	1.43067029650081	76
-0.10898206565488	1.43134239135362	108
-0.10898206565488	1.43134239135362	54
-0.10594806834581	1.43312407887711	76
-0.10795436789605	1.43174087144813	108
-0.10594806834581	1.43312407887711	58
-0.1100098638107	1.43067029650081	208
-0.10898206565488	1.43134239135362	64
-0.10083133726575	1.43502236868829	79
-0.1100098638107	1.43067029650081	75
-0.1069782044604	1.43205157105291	75
-0.10898206565488	1.43134239135362	1300
-0.10594806834581	1.43312407887711	76
-0.10491803556219	1.43367348655271	347
-0.10491803556219	1.43367348655271	399
-0.10594806834581	1.43312407887711	76
-0.1100098638107	1.43067029650081	500
-0.10898206565488	1.43134239135362	1300
-0.10289599599489	1.43385490736823	64
-0.1100098638107	1.43067029650081	54
-0.10491803556219	1.43367348655271	79
-0.10491803556219	1.43367348655271	614
-0.10594806834581	1.43312407887711	614
-0.1100098638107	1.43067029650081	15
-0.11103775937185	1.42951913528691	1300
-0.10898206565488	1.43134239135362	57
-0.10491803556219	1.43367348655271	64
-0.10594806834581	1.43312407887711	76
-0.1100098638107	1.43067029650081	108
-0.10594806834581	1.43312407887711	85
-0.1069782044604	1.43205157105291	15
-0.10594806834581	1.43312407887711	76
-0.10491803556219	1.43367348655271	76
-0.10594806834581	1.43312407887711	9
-0.10898206565488	1.43134239135362	76
-0.10594806834581	1.43312407887711	108
-0.1069782044604	1.43205157105291	57
-0.10898206565488	1.43134239135362	54
-0.10795436789605	1.43174087144813	9
-0.1100098638107	1.43067029650081	9
-0.1100098638107	1.43067029650081	76
-0.10289599599489	1.43385490736823	646
-0.11103775937185	1.42951913528691	385
-0.11103775937185	1.42951913528691	76
-0.1100098638107	1.43067029650081	85
-0.1100098638107	1.43067029650081	108
-0.1069782044604	1.43205157105291	15
-0.10795436789605	1.43174087144813	57
-0.10795436789605	1.43174087144813	18
-0.10491803556219	1.43367348655271	108
-0.10491803556219	1.43367348655271	108
-0.10898206565488	1.43134239135362	58
-0.1100098638107	1.43067029650081	500
-0.10898206565488	1.43134239135362	57
-0.11103775937185	1.42951913528691	279
-0.11103775937185	1.42951913528691	275
-0.1100098638107	1.43067029650081	76
-0.1100098638107	1.43067029650081	76
-0.10491803556219	1.43367348655271	108
-0.10795436789605	1.43174087144813	75
-0.10289599599489	1.43385490736823	64
-0.10186361193666	1.43480372807629	589
-0.10083133726575	1.43502236868829	589
-0.10898206565488	1.43134239135362	76
-0.1100098638107	1.43067029650081	695
-0.10388810915075	1.43374127140597	108
-0.1100098638107	1.43067029650081	79
-0.10898206565488	1.43134239135362	500
-0.10594806834581	1.43312407887711	275
-0.10594806834581	1.43312407887711	76
-0.10795436789605	1.43174087144813	9
-0.1069782044604	1.43205157105291	9
-0.1069782044604	1.43205157105291	347
-0.11103775937185	1.42951913528691	108
-0.10594806834581	1.43312407887711	57
-0.10388810915075	1.43374127140597	385
-0.10594806834581	1.43312407887711	275
-0.10795436789605	1.43174087144813	64
-0.10898206565488	1.43134239135362	76
-0.1100098638107	1.43067029650081	85
-0.10388810915075	1.43374127140597	310
-0.10898206565488	1.43134239135362	98
-0.10795436789605	1.43174087144813	64
-0.10594806834581	1.43312407887711	76
-0.10795436789605	1.43174087144813	76
-0.10898206565488	1.43134239135362	76
-0.1100098638107	1.43067029650081	76
-0.1069782044604	1.43205157105291	76
-0.1069782044604	1.43205157105291	76
-0.10898206565488	1.43134239135362	58
-0.10898206565488	1.43134239135362	644
-0.10388810915075	1.43374127140597	1
-0.10898206565488	1.43134239135362	589
-0.10186361193666	1.43480372807629	76
-0.10795436789605	1.43174087144813	108
-0.10795436789605	1.43174087144813	15
-0.10289599599489	1.43385490736823	57
-0.10186361193666	1.43480372807629	76
-0.10491803556219	1.43367348655271	76
-0.10898206565488	1.43134239135362	76
-0.11103775937185	1.42951913528691	85
-0.1100098638107	1.43067029650081	76
-0.1069782044604	1.43205157105291	108
-0.10795436789605	1.43174087144813	58
-0.1100098638107	1.43067029650081	58
-0.1069782044604	1.43205157105291	57
-0.10388810915075	1.43374127140597	310
-0.10898206565488	1.43134239135362	76
-0.10594806834581	1.43312407887711	15
-0.11103775937185	1.42951913528691	385
-0.1100098638107	1.43067029650081	385
-0.10898206565488	1.43134239135362	310
-0.1100098638107	1.43067029650081	54
-0.10491803556219	1.43367348655271	56
-0.1100098638107	1.43067029650081	108
-0.10898206565488	1.43134239135362	57
-0.10594806834581	1.43312407887711	85
-0.10898206565488	1.43134239135362	448
-0.0987909465981001	1.4352976791398	56
-0.11103775937185	1.42951913528691	56
-0.10898206565488	1.43134239135362	108
-0.10795436789605	1.43174087144813	644
-0.10491803556219	1.43367348655271	15
-0.10795436789605	1.43174087144813	58
-0.1069782044604	1.43205157105291	15
-0.10594806834581	1.43312407887711	374
-0.10795436789605	1.43174087144813	108
-0.10898206565488	1.43134239135362	285
-0.10692677354064	1.43171095761068	443
-0.10795436789605	1.43174087144813	108
-0.10692677354064	1.43171095761068	108
-0.10594806834581	1.43312407887711	108
-0.10491803556219	1.43367348655271	285
-0.10083133726575	1.43502236868829	226
-0.1100098638107	1.43067029650081	769
-0.10898206565488	1.43134239135362	108
-0.10491803556219	1.43367348655271	58
-0.10795436789605	1.43174087144813	226
-0.10491803556219	1.43367348655271	54
-0.10898206565488	1.43134239135362	64
-0.10795436789605	1.43174087144813	108
-0.10491803556219	1.43367348655271	285
-0.0987909465981001	1.4352976791398	310
-0.10594806834581	1.43312407887711	15
-0.1100098638107	1.43067029650081	15
-0.10491803556219	1.43367348655271	310
-0.10388810915075	1.43374127140597	310
-0.10898206565488	1.43134239135362	56
-0.10594806834581	1.43312407887711	85
-0.1100098638107	1.43067029650081	54
-0.10186361193666	1.43480372807629	76
-0.10491803556219	1.43367348655271	9
-0.10898206565488	1.43134239135362	15
-0.10898206565488	1.43134239135362	207
-0.10898206565488	1.43134239135362	76
-0.11103775937185	1.42951913528691	76
-0.1100098638107	1.43067029650081	76
-0.1069782044604	1.43205157105291	56
-0.10898206565488	1.43134239135362	56
-0.1100098638107	1.43067029650081	56
-0.11103775937185	1.42951913528691	285
-0.10898206565488	1.43134239135362	285
-0.10491803556219	1.43367348655271	15
-0.10491803556219	1.43367348655271	207
-0.1069782044604	1.43205157105291	310
-0.10898206565488	1.43134239135362	275
-0.10083133726575	1.43502236868829	54
-0.10898206565488	1.43134239135362	124
-0.10594806834581	1.43312407887711	366
-0.10594806834581	1.43312407887711	9
-0.10594806834581	1.43312407887711	76
-0.10898206565488	1.43134239135362	53
-0.10083133726575	1.43502236868829	15
-0.10594806834581	1.43312407887711	310
-0.10491803556219	1.43367348655271	310
-0.11103775937185	1.42951913528691	601
-0.10795436789605	1.43174087144813	108
-0.1100098638107	1.43067029650081	108
-0.10491803556219	1.43367348655271	645
-0.11103775937185	1.42951913528691	310
-0.10594806834581	1.43312407887711	366
-0.1069782044604	1.43205157105291	76
-0.1100098638107	1.43067029650081	9
-0.11103775937185	1.42951913528691	76
-0.10795436789605	1.43174087144813	7
-0.10594806834581	1.43312407887711	76
-0.10388810915075	1.43374127140597	56
-0.10186361193666	1.43480372807629	645
-0.10491803556219	1.43367348655271	9
-0.1069782044604	1.43205157105291	76
-0.1100098638107	1.43067029650081	56
-0.11103775937185	1.42951913528691	56
-0.09775630730004	1.43591516336349	108
-0.10898206565488	1.43134239135362	116
-0.10795436789605	1.43174087144813	7
-0.1100098638107	1.43067029650081	108
-0.1100098638107	1.43067029650081	14
-0.10795436789605	1.43174087144813	15
-0.10083133726575	1.43502236868829	15
-0.10795436789605	1.43174087144813	64
-0.10186361193666	1.43480372807629	56
-0.10898206565488	1.43134239135362	7
-0.11103775937185	1.42951913528691	285
-0.1100098638107	1.43067029650081	279
-0.10594806834581	1.43312407887711	15
-0.10491803556219	1.43367348655271	15
-0.11103775937185	1.42951913528691	64
-0.10898206565488	1.43134239135362	7
-0.10388810915075	1.43374127140597	53
-0.10594806834581	1.43312407887711	644
-0.10083133726575	1.43502236868829	64
-0.10898206565488	1.43134239135362	108
-0.10898206565488	1.43134239135362	53
-0.1100098638107	1.43067029650081	14
-0.10898206565488	1.43134239135362	279
-0.1100098638107	1.43067029650081	902
-0.1069782044604	1.43205157105291	56
-0.1100098638107	1.43067029650081	116
-0.10491803556219	1.43367348655271	14
-0.10594806834581	1.43312407887711	15
-0.1100098638107	1.43067029650081	9
-0.10491803556219	1.43367348655271	15
-0.1069782044604	1.43205157105291	1306
-0.10491803556219	1.43367348655271	54
-0.10388810915075	1.43374127140597	18
-0.10898206565488	1.43134239135362	64
-0.1100098638107	1.43067029650081	56
-0.10388810915075	1.43374127140597	7
-0.10898206565488	1.43134239135362	310
-0.10898206565488	1.43134239135362	7
-0.1100098638107	1.43067029650081	56
-0.1100098638107	1.43067029650081	56
-0.10898206565488	1.43134239135362	7
-0.1100098638107	1.43067029650081	644
-0.10898206565488	1.43134239135362	644
-0.10898206565488	1.43134239135362	1306
-0.10898206565488	1.43134239135362	7
-0.10186361193666	1.43480372807629	76
-0.1100098638107	1.43067029650081	15
-0.1069782044604	1.43205157105291	1000
-0.1100098638107	1.43067029650081	56
-0.10898206565488	1.43134239135362	14
-0.1100098638107	1.43067029650081	382
-0.10898206565488	1.43134239135362	655
-0.10795436789605	1.43174087144813	382
-0.10898206565488	1.43134239135362	15
-0.1100098638107	1.43067029650081	108
-0.1069782044604	1.43205157105291	57
-0.1100098638107	1.43067029650081	76
-0.10898206565488	1.43134239135362	53
-0.1100098638107	1.43067029650081	53
-0.11103775937185	1.42951913528691	655
-0.10898206565488	1.43134239135362	106
-0.10594806834581	1.43312407887711	7
-0.1069782044604	1.43205157105291	57
-0.10898206565488	1.43134239135362	108
-0.10692677354064	1.43171095761068	57
-0.10898206565488	1.43134239135362	21
-0.10898206565488	1.43134239135362	15
-0.1069782044604	1.43205157105291	54
-0.10795436789605	1.43174087144813	386
-0.1100098638107	1.43067029650081	582
-0.10898206565488	1.43134239135362	655
-0.10898206565488	1.43134239135362	54
-0.10795436789605	1.43174087144813	106
-0.10186361193666	1.43480372807629	9
-0.11103775937185	1.42951913528691	7
-0.1100098638107	1.43067029650081	7
-0.10898206565488	1.43134239135362	21
-0.10898206565488	1.43134239135362	53
-0.11103775937185	1.42951913528691	56
-0.10491803556219	1.43367348655271	56
-0.11103775937185	1.42951913528691	7
-0.10795436789605	1.43174087144813	207
-0.10898206565488	1.43134239135362	9
-0.10898206565488	1.43134239135362	481
-0.10594806834581	1.43312407887711	15
-0.10692677354064	1.43171095761068	54
-0.11103775937185	1.42951913528691	54
-0.10898206565488	1.43134239135362	207
-0.10388810915075	1.43374127140597	21
-0.1100098638107	1.43067029650081	7
-0.10898206565488	1.43134239135362	7
-0.1069782044604	1.43205157105291	1082
-0.1100098638107	1.43067029650081	207
-0.10289599599489	1.43385490736823	261
-0.10795436789605	1.43174087144813	106
-0.1069782044604	1.43205157105291	76
-0.10898206565488	1.43134239135362	7
-0.10594806834581	1.43312407887711	1313
-0.1069782044604	1.43205157105291	7
-0.1100098638107	1.43067029650081	15
-0.10594806834581	1.43312407887711	1082
-0.10898206565488	1.43134239135362	15
-0.10898206565488	1.43134239135362	467
-0.10491803556219	1.43367348655271	64
-0.10898206565488	1.43134239135362	7
-0.10388810915075	1.43374127140597	1221
-0.10491803556219	1.43367348655271	76
-0.10491803556219	1.43367348655271	76
-0.1069782044604	1.43205157105291	64
-0.1100098638107	1.43067029650081	64
-0.10491803556219	1.43367348655271	490
-0.10186361193666	1.43480372807629	15
-0.10898206565488	1.43134239135362	382
-0.10898206565488	1.43134239135362	21
-0.10795436789605	1.43174087144813	76
-0.10898206565488	1.43134239135362	7
-0.10491803556219	1.43367348655271	7
-0.1069782044604	1.43205157105291	382
-0.1100098638107	1.43067029650081	207
-0.10898206565488	1.43134239135362	57
-0.10388810915075	1.43374127140597	76
-0.10491803556219	1.43367348655271	76
-0.10594806834581	1.43312407887711	21
-0.10898206565488	1.43134239135362	429
-0.10795436789605	1.43174087144813	15
-0.10898206565488	1.43134239135362	21
-0.10491803556219	1.43367348655271	64
-0.11103775937185	1.42951913528691	76
-0.1100098638107	1.43067029650081	21
-0.10795436789605	1.43174087144813	382
-0.10898206565488	1.43134239135362	207
-0.10898206565488	1.43134239135362	21
-0.10491803556219	1.43367348655271	64
-0.10898206565488	1.43134239135362	76
-0.1100098638107	1.43067029650081	9
-0.10795436789605	1.43174087144813	56
-0.10388810915075	1.43374127140597	7
-0.10186361193666	1.43480372807629	7
-0.10388810915075	1.43374127140597	64
-0.10388810915075	1.43374127140597	7
-0.10898206565488	1.43134239135362	7
-0.10795436789605	1.43174087144813	7
-0.11103775937185	1.42951913528691	429
-0.10491803556219	1.43367348655271	22
-0.10491803556219	1.43367348655271	429
-0.1100098638107	1.43067029650081	7
-0.10186361193666	1.43480372807629	382
-0.10898206565488	1.43134239135362	432
-0.10898206565488	1.43134239135362	261
-0.1100098638107	1.43067029650081	7
-0.09775630730004	1.43591516336349	382
-0.10594806834581	1.43312407887711	261
-0.10594806834581	1.43312407887711	21
-0.10491803556219	1.43367348655271	119
-0.1069782044604	1.43205157105291	76
-0.10491803556219	1.43367348655271	56
-0.10898206565488	1.43134239135362	7
-0.10795436789605	1.43174087144813	279
-0.10491803556219	1.43367348655271	22
-0.10795436789605	1.43174087144813	21
-0.10491803556219	1.43367348655271	119
-0.10594806834581	1.43312407887711	54
-0.10594806834581	1.43312407887711	7
-0.10898206565488	1.43134239135362	342
-0.10491803556219	1.43367348655271	22
-0.10795436789605	1.43174087144813	21
-0.10692677354064	1.43171095761068	21
-0.10186361193666	1.43480372807629	397
-0.10491803556219	1.43367348655271	119
-0.1100098638107	1.43067029650081	76
-0.1069782044604	1.43205157105291	76
-0.11103775937185	1.42951913528691	7
-0.10491803556219	1.43367348655271	7
-0.10898206565488	1.43134239135362	342
-0.10491803556219	1.43367348655271	21
-0.10594806834581	1.43312407887711	56
-0.10491803556219	1.43367348655271	508
-0.11103775937185	1.42951913528691	279
-0.1069782044604	1.43205157105291	261
-0.10898206565488	1.43134239135362	21
-0.1100098638107	1.43067029650081	1157
-0.1100098638107	1.43067029650081	76
-0.10795436789605	1.43174087144813	556
-0.1100098638107	1.43067029650081	222
-0.10491803556219	1.43367348655271	461
-0.10692677354064	1.43171095761068	54
-0.10186361193666	1.43480372807629	119
-0.10898206565488	1.43134239135362	64
-0.10186361193666	1.43480372807629	170
-0.10898206565488	1.43134239135362	261
-0.10795436789605	1.43174087144813	64
-0.10594806834581	1.43312407887711	76
-0.10388810915075	1.43374127140597	167
-0.10795436789605	1.43174087144813	222
-0.11103775937185	1.42951913528691	76
-0.10898206565488	1.43134239135362	884
-0.1100098638107	1.43067029650081	22
-0.10594806834581	1.43312407887711	751
-0.10289599599489	1.43385490736823	64
-0.11103775937185	1.42951913528691	1157
-0.1100098638107	1.43067029650081	76
-0.10795436789605	1.43174087144813	1170
-0.10898206565488	1.43134239135362	1039
-0.10491803556219	1.43367348655271	7
-0.10388810915075	1.43374127140597	64
-0.10594806834581	1.43312407887711	56
-0.10594806834581	1.43312407887711	884
-0.10186361193666	1.43480372807629	461
-0.10795436789605	1.43174087144813	461
-0.1069782044604	1.43205157105291	170
-0.1100098638107	1.43067029650081	170
-0.10898206565488	1.43134239135362	76
-0.10898206565488	1.43134239135362	751
-0.10594806834581	1.43312407887711	76
-0.11103775937185	1.42951913528691	222
-0.10795436789605	1.43174087144813	461
-0.1069782044604	1.43205157105291	342
-0.1100098638107	1.43067029650081	170
-0.1069782044604	1.43205157105291	9
-0.10083133726575	1.43502236868829	546
-0.10898206565488	1.43134239135362	342
-0.10594806834581	1.43312407887711	261
-0.10594806834581	1.43312407887711	751
-0.1100098638107	1.43067029650081	76
-0.10289599599489	1.43385490736823	76
-0.1069782044604	1.43205157105291	9
-0.10898206565488	1.43134239135362	7
-0.10795436789605	1.43174087144813	261
-0.10795436789605	1.43174087144813	64
-0.10898206565488	1.43134239135362	76
-0.10898206565488	1.43134239135362	9
-0.10898206565488	1.43134239135362	222
-0.10594806834581	1.43312407887711	62
-0.10795436789605	1.43174087144813	76
-0.10898206565488	1.43134239135362	7
-0.1100098638107	1.43067029650081	7
-0.10898206565488	1.43134239135362	62
-0.10594806834581	1.43312407887711	21
-0.10898206565488	1.43134239135362	64
-0.11103775937185	1.42951913528691	200
-0.1069782044604	1.43205157105291	170
-0.10898206565488	1.43134239135362	901
-0.10898206565488	1.43134239135362	264
-0.10898206565488	1.43134239135362	9
-0.10898206565488	1.43134239135362	7
-0.11103775937185	1.42951913528691	264
-0.0987909465981001	1.4352976791398	1052
-0.10594806834581	1.43312407887711	54
-0.10594806834581	1.43312407887711	29
-0.10491803556219	1.43367348655271	76
-0.10795436789605	1.43174087144813	76
-0.1100098638107	1.43067029650081	56
-0.10289599599489	1.43385490736823	264
-0.10898206565488	1.43134239135362	222
-0.10898206565488	1.43134239135362	149
-0.10898206565488	1.43134239135362	734
-0.10594806834581	1.43312407887711	264
-0.10491803556219	1.43367348655271	222
-0.1100098638107	1.43067029650081	7
-0.10594806834581	1.43312407887711	1107
-0.10692677354064	1.43171095761068	222
-0.10795436789605	1.43174087144813	7
-0.10898206565488	1.43134239135362	54
-0.10898206565488	1.43134239135362	54
-0.10594806834581	1.43312407887711	9
-0.1100098638107	1.43067029650081	229
-0.10594806834581	1.43312407887711	293
-0.10594806834581	1.43312407887711	64
-0.10083133726575	1.43502236868829	170
-0.10186361193666	1.43480372807629	77
-0.10594806834581	1.43312407887711	76
-0.1100098638107	1.43067029650081	76
-0.10594806834581	1.43312407887711	162
-0.10898206565488	1.43134239135362	22
-0.10898206565488	1.43134239135362	22
-0.10898206565488	1.43134239135362	205
-0.1100098638107	1.43067029650081	9
-0.10795436789605	1.43174087144813	162
-0.10491803556219	1.43367348655271	274
-0.10491803556219	1.43367348655271	508
-0.10594806834581	1.43312407887711	22
-0.10898206565488	1.43134239135362	76
-0.1100098638107	1.43067029650081	76
-0.1100098638107	1.43067029650081	76
-0.1069782044604	1.43205157105291	132
-0.10898206565488	1.43134239135362	7
-0.10289599599489	1.43385490736823	22
-0.10898206565488	1.43134239135362	21
-0.10898206565488	1.43134239135362	54
-0.10795436789605	1.43174087144813	76
-0.10594806834581	1.43312407887711	76
-0.10795436789605	1.43174087144813	161
-0.1069782044604	1.43205157105291	229
-0.10594806834581	1.43312407887711	54
-0.1069782044604	1.43205157105291	162
-0.1069782044604	1.43205157105291	229
-0.1100098638107	1.43067029650081	8
-0.10186361193666	1.43480372807629	21
-0.10186361193666	1.43480372807629	21
-0.10491803556219	1.43367348655271	76
-0.10898206565488	1.43134239135362	9
-0.10388810915075	1.43374127140597	229
-0.1100098638107	1.43067029650081	56
-0.10594806834581	1.43312407887711	56
-0.10491803556219	1.43367348655271	484
-0.10491803556219	1.43367348655271	200
-0.10898206565488	1.43134239135362	9
-0.11103775937185	1.42951913528691	9
-0.10795436789605	1.43174087144813	7
-0.10594806834581	1.43312407887711	8
-0.10491803556219	1.43367348655271	21
-0.10898206565488	1.43134239135362	170
-0.10898206565488	1.43134239135362	132
-0.10594806834581	1.43312407887711	9
-0.10289599599489	1.43385490736823	162
-0.10186361193666	1.43480372807629	222
-0.10898206565488	1.43134239135362	952
-0.1069782044604	1.43205157105291	76
-0.10491803556219	1.43367348655271	76
-0.1100098638107	1.43067029650081	170
-0.10594806834581	1.43312407887711	76
-0.1100098638107	1.43067029650081	76
-0.10898206565488	1.43134239135362	287
-0.1069782044604	1.43205157105291	132
-0.10795436789605	1.43174087144813	162
-0.1100098638107	1.43067029650081	573
-0.10491803556219	1.43367348655271	76
-0.1100098638107	1.43067029650081	56
-0.10692677354064	1.43171095761068	7
-0.1100098638107	1.43067029650081	22
-0.1069782044604	1.43205157105291	76
-0.10491803556219	1.43367348655271	76
-0.10594806834581	1.43312407887711	7
-0.10898206565488	1.43134239135362	7
-0.1100098638107	1.43067029650081	7
-0.10083133726575	1.43502236868829	62
-0.10388810915075	1.43374127140597	767
-0.10795436789605	1.43174087144813	76
-0.1100098638107	1.43067029650081	76
-0.10795436789605	1.43174087144813	76
-0.10594806834581	1.43312407887711	76
-0.1069782044604	1.43205157105291	76
-0.1100098638107	1.43067029650081	76
-0.11103775937185	1.42951913528691	162
-0.1100098638107	1.43067029650081	7
-0.10491803556219	1.43367348655271	62
-0.1069782044604	1.43205157105291	176
-0.10186361193666	1.43480372807629	351
-0.10692677354064	1.43171095761068	62
-0.10898206565488	1.43134239135362	76
-0.10795436789605	1.43174087144813	76
-0.11103775937185	1.42951913528691	132
-0.10594806834581	1.43312407887711	161
-0.10186361193666	1.43480372807629	7
-0.10491803556219	1.43367348655271	21
-0.10491803556219	1.43367348655271	484
-0.1100098638107	1.43067029650081	77
-0.10898206565488	1.43134239135362	22
-0.10795436789605	1.43174087144813	21
-0.1100098638107	1.43067029650081	76
-0.10594806834581	1.43312407887711	132
-0.10594806834581	1.43312407887711	8
-0.10898206565488	1.43134239135362	21
-0.1069782044604	1.43205157105291	132
-0.10594806834581	1.43312407887711	162
-0.10898206565488	1.43134239135362	126
-0.10898206565488	1.43134239135362	466
-0.1100098638107	1.43067029650081	22
-0.10491803556219	1.43367348655271	29
-0.11103775937185	1.42951913528691	9
-0.10388810915075	1.43374127140597	21
-0.10594806834581	1.43312407887711	21
-0.10594806834581	1.43312407887711	76
-0.10594806834581	1.43312407887711	7
-0.10692677354064	1.43171095761068	76
-0.10594806834581	1.43312407887711	76
-0.1100098638107	1.43067029650081	76
-0.10898206565488	1.43134239135362	132
-0.10898206565488	1.43134239135362	22
-0.10898206565488	1.43134239135362	132
-0.10186361193666	1.43480372807629	274
-0.10491803556219	1.43367348655271	132
-0.10898206565488	1.43134239135362	56
-0.1100098638107	1.43067029650081	132
-0.10594806834581	1.43312407887711	21
-0.11103775937185	1.42951913528691	76
-0.0987909465981001	1.4352976791398	274
-0.0987909465981001	1.4352976791398	7
-0.10795436789605	1.43174087144813	351
-0.10491803556219	1.43367348655271	8
-0.11103775937185	1.42951913528691	413
-0.10594806834581	1.43312407887711	76
-0.1100098638107	1.43067029650081	76
-0.10388810915075	1.43374127140597	132
-0.10898206565488	1.43134239135362	56
-0.1100098638107	1.43067029650081	351
-0.10898206565488	1.43134239135362	8
-0.1100098638107	1.43067029650081	62
-0.11103775937185	1.42951913528691	76
-0.1100098638107	1.43067029650081	76
-0.10083133726575	1.43502236868829	22
-0.10186361193666	1.43480372807629	21
-0.10898206565488	1.43134239135362	132
-0.10594806834581	1.43312407887711	21
-0.10594806834581	1.43312407887711	9
-0.11103775937185	1.42951913528691	162
-0.10795436789605	1.43174087144813	351
-0.10898206565488	1.43134239135362	162
-0.10795436789605	1.43174087144813	56
-0.10491803556219	1.43367348655271	126
-0.10898206565488	1.43134239135362	162
-0.10898206565488	1.43134239135362	111
-0.10388810915075	1.43374127140597	21
-0.10898206565488	1.43134239135362	209
-0.1069782044604	1.43205157105291	21
-0.10898206565488	1.43134239135362	76
-0.10594806834581	1.43312407887711	56
-0.1100098638107	1.43067029650081	8
-0.1069782044604	1.43205157105291	76
-0.1100098638107	1.43067029650081	76
-0.10898206565488	1.43134239135362	76
-0.10594806834581	1.43312407887711	162
-0.10083133726575	1.43502236868829	77
-0.10186361193666	1.43480372807629	56
-0.1100098638107	1.43067029650081	21
-0.10795436789605	1.43174087144813	450
-0.1069782044604	1.43205157105291	22
-0.10898206565488	1.43134239135362	22
-0.10692677354064	1.43171095761068	76
-0.10898206565488	1.43134239135362	56
-0.10491803556219	1.43367348655271	22
-0.10898206565488	1.43134239135362	7
-0.10594806834581	1.43312407887711	126
-0.1100098638107	1.43067029650081	22
-0.1100098638107	1.43067029650081	21
-0.10186361193666	1.43480372807629	21
-0.09775630730004	1.43591516336349	76
-0.1100098638107	1.43067029650081	76
-0.1100098638107	1.43067029650081	1112
-0.10594806834581	1.43312407887711	56
-0.10898206565488	1.43134239135362	7
-0.1100098638107	1.43067029650081	83
-0.1069782044604	1.43205157105291	191
-0.10594806834581	1.43312407887711	76
-0.10795436789605	1.43174087144813	76
-0.11103775937185	1.42951913528691	76
-0.11103775937185	1.42951913528691	162
-0.1100098638107	1.43067029650081	56
-0.10898206565488	1.43134239135362	21
-0.1100098638107	1.43067029650081	54
-0.10594806834581	1.43312407887711	176
-0.10594806834581	1.43312407887711	9
-0.10491803556219	1.43367348655271	162
-0.10898206565488	1.43134239135362	229
-0.10594806834581	1.43312407887711	56
-0.10898206565488	1.43134239135362	22
-0.10594806834581	1.43312407887711	29
-0.1069782044604	1.43205157105291	142
-0.10898206565488	1.43134239135362	142
-0.10898206565488	1.43134239135362	7
-0.10594806834581	1.43312407887711	54
-0.10594806834581	1.43312407887711	126
-0.10795436789605	1.43174087144813	82
-0.10289599599489	1.43385490736823	278
-0.1069782044604	1.43205157105291	76
-0.11103775937185	1.42951913528691	126
-0.10898206565488	1.43134239135362	174
-0.10594806834581	1.43312407887711	62
-0.1100098638107	1.43067029650081	76
-0.10898206565488	1.43134239135362	126
-0.10186361193666	1.43480372807629	126
-0.10692677354064	1.43171095761068	22
-0.10594806834581	1.43312407887711	22
-0.1100098638107	1.43067029650081	139
-0.1100098638107	1.43067029650081	450
-0.10491803556219	1.43367348655271	126
-0.11103775937185	1.42951913528691	428
-0.10491803556219	1.43367348655271	22
-0.10898206565488	1.43134239135362	62
-0.11103775937185	1.42951913528691	62
-0.10491803556219	1.43367348655271	109
-0.10898206565488	1.43134239135362	109
-0.10898206565488	1.43134239135362	126
-0.11103775937185	1.42951913528691	83
-0.10795436789605	1.43174087144813	22
-0.10898206565488	1.43134239135362	54
-0.10898206565488	1.43134239135362	22
-0.11103775937185	1.42951913528691	21
-0.11103775937185	1.42951913528691	21
-0.10795436789605	1.43174087144813	8
-0.10898206565488	1.43134239135362	981
-0.10795436789605	1.43174087144813	83
-0.1100098638107	1.43067029650081	21
-0.10898206565488	1.43134239135362	933
-0.1100098638107	1.43067029650081	174
-0.10594806834581	1.43312407887711	278
-0.10898206565488	1.43134239135362	22
-0.1069782044604	1.43205157105291	21
-0.09775630730004	1.43591516336349	229
-0.10594806834581	1.43312407887711	981
-0.10594806834581	1.43312407887711	76
-0.1100098638107	1.43067029650081	450
-0.10594806834581	1.43312407887711	56
-0.10898206565488	1.43134239135362	22
-0.10289599599489	1.43385490736823	54
-0.10795436789605	1.43174087144813	8
-0.10795436789605	1.43174087144813	126
-0.10898206565488	1.43134239135362	667
-0.10795436789605	1.43174087144813	56
-0.1069782044604	1.43205157105291	278
-0.10186361193666	1.43480372807629	109
-0.10898206565488	1.43134239135362	1139
-0.10898206565488	1.43134239135362	56
-0.1100098638107	1.43067029650081	22
-0.10795436789605	1.43174087144813	126
-0.10289599599489	1.43385490736823	174
-0.1069782044604	1.43205157105291	21
-0.10594806834581	1.43312407887711	278
-0.10692677354064	1.43171095761068	22
-0.1100098638107	1.43067029650081	21
-0.10795436789605	1.43174087144813	76
-0.10594806834581	1.43312407887711	126
-0.10898206565488	1.43134239135362	21
-0.10795436789605	1.43174087144813	214
-0.10795436789605	1.43174087144813	419
-0.10898206565488	1.43134239135362	126
-0.1069782044604	1.43205157105291	22
-0.10795436789605	1.43174087144813	3
-0.10594806834581	1.43312407887711	83
-0.10388810915075	1.43374127140597	214
-0.10083133726575	1.43502236868829	56
-0.10594806834581	1.43312407887711	3
-0.10491803556219	1.43367348655271	191
-0.10491803556219	1.43367348655271	22
-0.10898206565488	1.43134239135362	22
-0.10795436789605	1.43174087144813	214
-0.10594806834581	1.43312407887711	76
-0.10898206565488	1.43134239135362	278
-0.1100098638107	1.43067029650081	83
-0.10594806834581	1.43312407887711	126
-0.10594806834581	1.43312407887711	8
-0.10898206565488	1.43134239135362	3
-0.10594806834581	1.43312407887711	214
-0.1100098638107	1.43067029650081	126
-0.10491803556219	1.43367348655271	22
-0.1100098638107	1.43067029650081	56
-0.10491803556219	1.43367348655271	8
-0.10898206565488	1.43134239135362	56
-0.10898206565488	1.43134239135362	126
-0.10491803556219	1.43367348655271	126
-0.1100098638107	1.43067029650081	83
-0.10692677354064	1.43171095761068	1007
-0.10491803556219	1.43367348655271	109
-0.10388810915075	1.43374127140597	3
-0.1069782044604	1.43205157105291	56
-0.1100098638107	1.43067029650081	7
-0.10898206565488	1.43134239135362	112
-0.10083133726575	1.43502236868829	126
-0.1100098638107	1.43067029650081	22
-0.10898206565488	1.43134239135362	3
-0.1100098638107	1.43067029650081	3
-0.10594806834581	1.43312407887711	4
-0.10898206565488	1.43134239135362	112
-0.1100098638107	1.43067029650081	112
-0.10388810915075	1.43374127140597	828
-0.10083133726575	1.43502236868829	112
-0.10491803556219	1.43367348655271	112
-0.1100098638107	1.43067029650081	112
-0.10491803556219	1.43367348655271	112
-0.10186361193666	1.43480372807629	126
-0.10491803556219	1.43367348655271	112
-0.10898206565488	1.43134239135362	112
-0.10898206565488	1.43134239135362	933
-0.10186361193666	1.43480372807629	9
-0.1100098638107	1.43067029650081	375
-0.10186361193666	1.43480372807629	2
-0.10898206565488	1.43134239135362	56
-0.10186361193666	1.43480372807629	56
-0.0987909465981001	1.4352976791398	126
-0.1069782044604	1.43205157105291	112
-0.1100098638107	1.43067029650081	84
-0.10289599599489	1.43385490736823	766
-0.10594806834581	1.43312407887711	375
-0.10795436789605	1.43174087144813	101
-0.1100098638107	1.43067029650081	56
-0.1100098638107	1.43067029650081	7
-0.10594806834581	1.43312407887711	22
-0.10898206565488	1.43134239135362	7
-0.10898206565488	1.43134239135362	22
-0.1100098638107	1.43067029650081	109
-0.10898206565488	1.43134239135362	766
-0.10594806834581	1.43312407887711	9
-0.10083133726575	1.43502236868829	56
-0.10898206565488	1.43134239135362	7
-0.10186361193666	1.43480372807629	56
-0.10491803556219	1.43367348655271	49
-0.1100098638107	1.43067029650081	109
-0.10898206565488	1.43134239135362	8
-0.10898206565488	1.43134239135362	22
-0.10898206565488	1.43134239135362	4
-0.10594806834581	1.43312407887711	112
-0.10491803556219	1.43367348655271	355
-0.10795436789605	1.43174087144813	117
-0.10795436789605	1.43174087144813	84
-0.10795436789605	1.43174087144813	112
-0.11103775937185	1.42951913528691	56
-0.10795436789605	1.43174087144813	4
-0.11103775937185	1.42951913528691	487
-0.10898206565488	1.43134239135362	117
-0.1069782044604	1.43205157105291	126
-0.10795436789605	1.43174087144813	4
-0.1100098638107	1.43067029650081	620
-0.10692677354064	1.43171095761068	112
-0.10898206565488	1.43134239135362	126
-0.1100098638107	1.43067029650081	487
-0.10898206565488	1.43134239135362	22
-0.10795436789605	1.43174087144813	112
-0.10898206565488	1.43134239135362	56
-0.10594806834581	1.43312407887711	112
-0.1069782044604	1.43205157105291	375
-0.10594806834581	1.43312407887711	56
-0.10898206565488	1.43134239135362	56
-0.1069782044604	1.43205157105291	126
-0.10898206565488	1.43134239135362	234
-0.10898206565488	1.43134239135362	3
-0.1100098638107	1.43067029650081	188
-0.1100098638107	1.43067029650081	49
-0.10388810915075	1.43374127140597	375
-0.10491803556219	1.43367348655271	1283
-0.1100098638107	1.43067029650081	109
-0.10491803556219	1.43367348655271	56
-0.10795436789605	1.43174087144813	126
-0.10898206565488	1.43134239135362	126
-0.1100098638107	1.43067029650081	126
-0.10594806834581	1.43312407887711	584
-0.10898206565488	1.43134239135362	117
-0.10186361193666	1.43480372807629	126
-0.10594806834581	1.43312407887711	1090
-0.1100098638107	1.43067029650081	487
-0.11103775937185	1.42951913528691	2
-0.10795436789605	1.43174087144813	22
-0.10491803556219	1.43367348655271	22
-0.10898206565488	1.43134239135362	188
-0.1100098638107	1.43067029650081	126
-0.1069782044604	1.43205157105291	22
-0.11103775937185	1.42951913528691	22
-0.1069782044604	1.43205157105291	4
-0.10594806834581	1.43312407887711	84
-0.10692677354064	1.43171095761068	22
-0.10491803556219	1.43367348655271	2
-0.10491803556219	1.43367348655271	7
-0.1069782044604	1.43205157105291	22
-0.10491803556219	1.43367348655271	22
-0.10795436789605	1.43174087144813	109
-0.11103775937185	1.42951913528691	56
-0.10795436789605	1.43174087144813	22
-0.10692677354064	1.43171095761068	109
-0.1100098638107	1.43067029650081	22
-0.10594806834581	1.43312407887711	22
-0.1100098638107	1.43067029650081	2
-0.10388810915075	1.43374127140597	473
-0.10491803556219	1.43367348655271	22
-0.10594806834581	1.43312407887711	56
-0.10898206565488	1.43134239135362	112
-0.1100098638107	1.43067029650081	56
-0.1100098638107	1.43067029650081	56
-0.1069782044604	1.43205157105291	22
-0.10388810915075	1.43374127140597	112
-0.1069782044604	1.43205157105291	117
-0.10795436789605	1.43174087144813	487
-0.10898206565488	1.43134239135362	109
-0.10594806834581	1.43312407887711	56
-0.1100098638107	1.43067029650081	296
-0.11103775937185	1.42951913528691	109
-0.10594806834581	1.43312407887711	152
-0.10898206565488	1.43134239135362	109
-0.10898206565488	1.43134239135362	22
-0.10594806834581	1.43312407887711	109
-0.1100098638107	1.43067029650081	109
-0.10898206565488	1.43134239135362	640
-0.1100098638107	1.43067029650081	127
-0.10594806834581	1.43312407887711	22
-0.10491803556219	1.43367348655271	1190
-0.10898206565488	1.43134239135362	127
-0.1100098638107	1.43067029650081	109
-0.1100098638107	1.43067029650081	109
-0.1069782044604	1.43205157105291	22
-0.1100098638107	1.43067029650081	109
-0.10491803556219	1.43367348655271	472
-0.11103775937185	1.42951913528691	660
-0.10795436789605	1.43174087144813	109
-0.1100098638107	1.43067029650081	117
-0.11103775937185	1.42951913528691	109
-0.11103775937185	1.42951913528691	22
-0.10594806834581	1.43312407887711	1058
-0.10898206565488	1.43134239135362	56
-0.10491803556219	1.43367348655271	660
-0.10898206565488	1.43134239135362	472
-0.10898206565488	1.43134239135362	56
-0.10491803556219	1.43367348655271	317
-0.11103775937185	1.42951913528691	112
-0.1100098638107	1.43067029650081	16
-0.11103775937185	1.42951913528691	22
-0.10289599599489	1.43385490736823	112
-0.1100098638107	1.43067029650081	326
-0.10491803556219	1.43367348655271	109
-0.10898206565488	1.43134239135362	2
-0.10491803556219	1.43367348655271	2
-0.10594806834581	1.43312407887711	7
-0.10795436789605	1.43174087144813	757
-0.0987909465981001	1.4352976791398	117
-0.10898206565488	1.43134239135362	512
-0.10594806834581	1.43312407887711	2
-0.1100098638107	1.43067029650081	22
-0.1100098638107	1.43067029650081	181
-0.10594806834581	1.43312407887711	24
-0.1069782044604	1.43205157105291	512
-0.10795436789605	1.43174087144813	7
-0.10491803556219	1.43367348655271	7
-0.11103775937185	1.42951913528691	109
-0.1069782044604	1.43205157105291	84
-0.10186361193666	1.43480372807629	512
-0.1069782044604	1.43205157105291	109
-0.10491803556219	1.43367348655271	326
-0.10795436789605	1.43174087144813	392
-0.1100098638107	1.43067029650081	512
-0.10186361193666	1.43480372807629	2
-0.10898206565488	1.43134239135362	7
-0.10594806834581	1.43312407887711	7
-0.10186361193666	1.43480372807629	22
-0.10491803556219	1.43367348655271	84
-0.10594806834581	1.43312407887711	2
-0.10491803556219	1.43367348655271	109
-0.10898206565488	1.43134239135362	24
-0.11103775937185	1.42951913528691	56
-0.10898206565488	1.43134239135362	7
-0.10795436789605	1.43174087144813	296
-0.10898206565488	1.43134239135362	838
-0.10594806834581	1.43312407887711	2
-0.10795436789605	1.43174087144813	22
-0.10491803556219	1.43367348655271	296
-0.1100098638107	1.43067029650081	84
-0.10491803556219	1.43367348655271	838
-0.10898206565488	1.43134239135362	22
-0.1100098638107	1.43067029650081	24
-0.10388810915075	1.43374127140597	22
-0.10898206565488	1.43134239135362	47
-0.11103775937185	1.42951913528691	346
-0.10795436789605	1.43174087144813	109
-0.10491803556219	1.43367348655271	22
-0.10795436789605	1.43174087144813	284
-0.10795436789605	1.43174087144813	16
-0.10795436789605	1.43174087144813	181
-0.10795436789605	1.43174087144813	24
-0.10898206565488	1.43134239135362	177
-0.10898206565488	1.43134239135362	2
-0.1100098638107	1.43067029650081	22
-0.1100098638107	1.43067029650081	97
-0.10898206565488	1.43134239135362	296
-0.1100098638107	1.43067029650081	141
-0.1100098638107	1.43067029650081	2
-0.10898206565488	1.43134239135362	177
-0.10795436789605	1.43174087144813	84
-0.1100098638107	1.43067029650081	24
-0.10491803556219	1.43367348655271	56
-0.1100098638107	1.43067029650081	296
-0.1100098638107	1.43067029650081	296
-0.10898206565488	1.43134239135362	2
-0.1100098638107	1.43067029650081	177
-0.1100098638107	1.43067029650081	56
-0.1100098638107	1.43067029650081	296
-0.10898206565488	1.43134239135362	7
-0.10491803556219	1.43367348655271	24
-0.10491803556219	1.43367348655271	24
-0.10491803556219	1.43367348655271	7
-0.10491803556219	1.43367348655271	7
-0.1100098638107	1.43067029650081	7
-0.1100098638107	1.43067029650081	296
-0.10186361193666	1.43480372807629	24
-0.10692677354064	1.43171095761068	24
-0.10186361193666	1.43480372807629	24
-0.10594806834581	1.43312407887711	24
-0.10388810915075	1.43374127140597	177
-0.10289599599489	1.43385490736823	56
-0.10594806834581	1.43312407887711	7
-0.1100098638107	1.43067029650081	376
-0.10594806834581	1.43312407887711	97
-0.1100098638107	1.43067029650081	97
-0.10795436789605	1.43174087144813	296
-0.10083133726575	1.43502236868829	296
-0.10795436789605	1.43174087144813	796
-0.1069782044604	1.43205157105291	109
-0.10594806834581	1.43312407887711	24
-0.09775630730004	1.43591516336349	56
-0.10898206565488	1.43134239135362	22
-0.10186361193666	1.43480372807629	109
-0.10795436789605	1.43174087144813	472
-0.10594806834581	1.43312407887711	47
-0.10692677354064	1.43171095761068	181
-0.10795436789605	1.43174087144813	109
-0.10898206565488	1.43134239135362	7
-0.10898206565488	1.43134239135362	2
-0.10898206565488	1.43134239135362	56
-0.10491803556219	1.43367348655271	378
-0.10594806834581	1.43312407887711	7
-0.10594806834581	1.43312407887711	109
-0.10898206565488	1.43134239135362	56
-0.10594806834581	1.43312407887711	22
-0.10491803556219	1.43367348655271	22
-0.10491803556219	1.43367348655271	296
-0.10594806834581	1.43312407887711	313
-0.10491803556219	1.43367348655271	378
-0.10898206565488	1.43134239135362	4
-0.10594806834581	1.43312407887711	22
-0.10083133726575	1.43502236868829	22
-0.10594806834581	1.43312407887711	109
-0.1100098638107	1.43067029650081	482
-0.10898206565488	1.43134239135362	378
-0.10898206565488	1.43134239135362	97
-0.1069782044604	1.43205157105291	381
-0.10491803556219	1.43367348655271	16
-0.10898206565488	1.43134239135362	109
-0.10388810915075	1.43374127140597	378
-0.10898206565488	1.43134239135362	716
-0.10491803556219	1.43367348655271	46
-0.10795436789605	1.43174087144813	378
-0.10795436789605	1.43174087144813	4
-0.10594806834581	1.43312407887711	4
-0.10692677354064	1.43171095761068	4
-0.10692677354064	1.43171095761068	954
-0.10594806834581	1.43312407887711	24
-0.10491803556219	1.43367348655271	2
-0.10898206565488	1.43134239135362	256
-0.10898206565488	1.43134239135362	313
-0.1100098638107	1.43067029650081	313
-0.11103775937185	1.42951913528691	210
-0.10795436789605	1.43174087144813	2
-0.10898206565488	1.43134239135362	378
-0.10795436789605	1.43174087144813	24
-0.10491803556219	1.43367348655271	35
-0.10795436789605	1.43174087144813	109
-0.10491803556219	1.43367348655271	2
-0.10898206565488	1.43134239135362	109
-0.10898206565488	1.43134239135362	2
-0.1100098638107	1.43067029650081	24
-0.10795436789605	1.43174087144813	22
-0.10898206565488	1.43134239135362	105
-0.11103775937185	1.42951913528691	22
-0.1100098638107	1.43067029650081	24
-0.10795436789605	1.43174087144813	93
-0.1100098638107	1.43067029650081	16
-0.1100098638107	1.43067029650081	93
-0.10898206565488	1.43134239135362	93
-0.10898206565488	1.43134239135362	109
-0.10491803556219	1.43367348655271	22
-0.1069782044604	1.43205157105291	22
-0.10898206565488	1.43134239135362	93
-0.10795436789605	1.43174087144813	194
-0.10898206565488	1.43134239135362	381
-0.10491803556219	1.43367348655271	93
-0.1100098638107	1.43067029650081	93
-0.10594806834581	1.43312407887711	93
-0.1100098638107	1.43067029650081	109
-0.10083133726575	1.43502236868829	22
-0.10898206565488	1.43134239135362	93
-0.1100098638107	1.43067029650081	381
-0.1100098638107	1.43067029650081	93
-0.1100098638107	1.43067029650081	194
-0.1069782044604	1.43205157105291	96
-0.10594806834581	1.43312407887711	93
-0.10795436789605	1.43174087144813	497
-0.1069782044604	1.43205157105291	22
-0.1100098638107	1.43067029650081	741
-0.10898206565488	1.43134239135362	536
-0.10491803556219	1.43367348655271	93
-0.10594806834581	1.43312407887711	497
-0.10388810915075	1.43374127140597	22
-0.10083133726575	1.43502236868829	35
-0.10594806834581	1.43312407887711	35
-0.10898206565488	1.43134239135362	93
-0.10795436789605	1.43174087144813	93
-0.1100098638107	1.43067029650081	93
-0.10795436789605	1.43174087144813	96
-0.10898206565488	1.43134239135362	497
-0.11103775937185	1.42951913528691	387
-0.10795436789605	1.43174087144813	93
-0.10898206565488	1.43134239135362	381
-0.10388810915075	1.43374127140597	109
-0.10898206565488	1.43134239135362	239
-0.1100098638107	1.43067029650081	24
-0.1069782044604	1.43205157105291	47
-0.1100098638107	1.43067029650081	35
-0.10491803556219	1.43367348655271	35
-0.10491803556219	1.43367348655271	338
-0.10795436789605	1.43174087144813	741
-0.0987909465981001	1.4352976791398	296
-0.10898206565488	1.43134239135362	93
-0.1100098638107	1.43067029650081	497
-0.10388810915075	1.43374127140597	4
-0.11103775937185	1.42951913528691	381
-0.10795436789605	1.43174087144813	93
-0.10491803556219	1.43367348655271	96
-0.1100098638107	1.43067029650081	24
-0.10594806834581	1.43312407887711	4
-0.10898206565488	1.43134239135362	16
-0.10186361193666	1.43480372807629	2
-0.1069782044604	1.43205157105291	105
-0.10898206565488	1.43134239135362	4
-0.10594806834581	1.43312407887711	296
-0.10491803556219	1.43367348655271	96
-0.10898206565488	1.43134239135362	16
-0.10491803556219	1.43367348655271	35
-0.11103775937185	1.42951913528691	35
-0.10594806834581	1.43312407887711	1008
-0.11103775937185	1.42951913528691	47
-0.1100098638107	1.43067029650081	371
-0.1100098638107	1.43067029650081	16
-0.10795436789605	1.43174087144813	239
-0.1069782044604	1.43205157105291	22
-0.1100098638107	1.43067029650081	4
-0.1100098638107	1.43067029650081	4
-0.10692677354064	1.43171095761068	4
-0.1100098638107	1.43067029650081	799
-0.10795436789605	1.43174087144813	4
-0.10594806834581	1.43312407887711	35
-0.10898206565488	1.43134239135362	93
-0.10898206565488	1.43134239135362	194
-0.10594806834581	1.43312407887711	24
-0.10388810915075	1.43374127140597	799
-0.10898206565488	1.43134239135362	4
-0.10795436789605	1.43174087144813	35
-0.10795436789605	1.43174087144813	93
-0.10795436789605	1.43174087144813	239
-0.1100098638107	1.43067029650081	35
-0.10594806834581	1.43312407887711	35
-0.1100098638107	1.43067029650081	47
-0.10898206565488	1.43134239135362	35
-0.10795436789605	1.43174087144813	1204
-0.10898206565488	1.43134239135362	96
-0.10186361193666	1.43480372807629	2
-0.10898206565488	1.43134239135362	381
-0.10491803556219	1.43367348655271	545
-0.10491803556219	1.43367348655271	545
-0.10898206565488	1.43134239135362	22
-0.10594806834581	1.43312407887711	47
-0.10898206565488	1.43134239135362	93
-0.10898206565488	1.43134239135362	35
-0.10692677354064	1.43171095761068	799
-0.10898206565488	1.43134239135362	35
-0.10083133726575	1.43502236868829	35
-0.10898206565488	1.43134239135362	148
-0.1069782044604	1.43205157105291	381
-0.1100098638107	1.43067029650081	381
-0.1100098638107	1.43067029650081	22
-0.10491803556219	1.43367348655271	35
-0.0987909465981001	1.4352976791398	93
-0.10795436789605	1.43174087144813	93
-0.1100098638107	1.43067029650081	96
-0.1100098638107	1.43067029650081	239
-0.1100098638107	1.43067029650081	35
-0.10795436789605	1.43174087144813	1204
-0.10795436789605	1.43174087144813	510
-0.1100098638107	1.43067029650081	334
-0.10594806834581	1.43312407887711	276
-0.10795436789605	1.43174087144813	1140
-0.1100098638107	1.43067029650081	47
-0.10594806834581	1.43312407887711	239
-0.10795436789605	1.43174087144813	381
-0.10491803556219	1.43367348655271	799
-0.10594806834581	1.43312407887711	35
-0.1100098638107	1.43067029650081	24
-0.10289599599489	1.43385490736823	2
-0.10795436789605	1.43174087144813	381
-0.10898206565488	1.43134239135362	799
-0.1100098638107	1.43067029650081	35
-0.10898206565488	1.43134239135362	96
-0.10692677354064	1.43171095761068	239
-0.10594806834581	1.43312407887711	239
-0.10795436789605	1.43174087144813	35
-0.1100098638107	1.43067029650081	20
-0.10491803556219	1.43367348655271	35
-0.10898206565488	1.43134239135362	96
-0.1100098638107	1.43067029650081	118
-0.10795436789605	1.43174087144813	2
-0.10692677354064	1.43171095761068	35
-0.11103775937185	1.42951913528691	4
-0.10594806834581	1.43312407887711	35
-0.10491803556219	1.43367348655271	93
-0.10388810915075	1.43374127140597	35
-0.11103775937185	1.42951913528691	381
-0.10594806834581	1.43312407887711	148
-0.10795436789605	1.43174087144813	381
-0.1100098638107	1.43067029650081	35
-0.10898206565488	1.43134239135362	35
-0.1069782044604	1.43205157105291	4
-0.10898206565488	1.43134239135362	631
-0.1100098638107	1.43067029650081	96
-0.1100098638107	1.43067029650081	2
-0.10898206565488	1.43134239135362	35
-0.10692677354064	1.43171095761068	35
-0.10795436789605	1.43174087144813	4
-0.10594806834581	1.43312407887711	631
-0.10795436789605	1.43174087144813	631
-0.1100098638107	1.43067029650081	93
-0.10388810915075	1.43374127140597	93
-0.10898206565488	1.43134239135362	239
-0.10491803556219	1.43367348655271	67
-0.1069782044604	1.43205157105291	35
-0.10289599599489	1.43385490736823	4
-0.10594806834581	1.43312407887711	381
-0.1100098638107	1.43067029650081	1274
-0.11103775937185	1.42951913528691	239
-0.11103775937185	1.42951913528691	381
-0.10795436789605	1.43174087144813	35
-0.10594806834581	1.43312407887711	35
-0.10795436789605	1.43174087144813	239
-0.10898206565488	1.43134239135362	35
-0.10795436789605	1.43174087144813	2
-0.10186361193666	1.43480372807629	35
-0.10898206565488	1.43134239135362	35
-0.10594806834581	1.43312407887711	35
-0.10594806834581	1.43312407887711	545
-0.1100098638107	1.43067029650081	67
-0.1100098638107	1.43067029650081	457
-0.09775630730004	1.43591516336349	457
-0.10388810915075	1.43374127140597	35
-0.10692677354064	1.43171095761068	35
-0.11103775937185	1.42951913528691	20
-0.10898206565488	1.43134239135362	20
-0.10795436789605	1.43174087144813	35
-0.10795436789605	1.43174087144813	631
-0.1100098638107	1.43067029650081	239
-0.10795436789605	1.43174087144813	239
-0.10795436789605	1.43174087144813	35
-0.10898206565488	1.43134239135362	35
-0.1069782044604	1.43205157105291	4
-0.10898206565488	1.43134239135362	20
-0.10898206565488	1.43134239135362	35
-0.10898206565488	1.43134239135362	35
-0.10795436789605	1.43174087144813	35
-0.10898206565488	1.43134239135362	239
-0.10898206565488	1.43134239135362	295
-0.10898206565488	1.43134239135362	268
-0.10795436789605	1.43174087144813	970
-0.10388810915075	1.43374127140597	35
-0.1100098638107	1.43067029650081	35
-0.10795436789605	1.43174087144813	1172
-0.1069782044604	1.43205157105291	457
-0.10795436789605	1.43174087144813	2
-0.1100098638107	1.43067029650081	35
-0.10898206565488	1.43134239135362	35
-0.10795436789605	1.43174087144813	35
-0.10898206565488	1.43134239135362	679
-0.10491803556219	1.43367348655271	840
-0.10898206565488	1.43134239135362	295
-0.10491803556219	1.43367348655271	35
-0.1100098638107	1.43067029650081	148
-0.10898206565488	1.43134239135362	268
-0.11103775937185	1.42951913528691	999
-0.10795436789605	1.43174087144813	35
-0.10491803556219	1.43367348655271	1172
-0.10898206565488	1.43134239135362	67
-0.10594806834581	1.43312407887711	67
-0.0987909465981001	1.4352976791398	35
-0.10289599599489	1.43385490736823	35
-0.10388810915075	1.43374127140597	4
-0.10594806834581	1.43312407887711	371
-0.1100098638107	1.43067029650081	148
-0.10898206565488	1.43134239135362	35
-0.10594806834581	1.43312407887711	148
-0.10594806834581	1.43312407887711	35
-0.10083133726575	1.43502236868829	35
-0.11103775937185	1.42951913528691	35
-0.10795436789605	1.43174087144813	239
-0.10594806834581	1.43312407887711	295
-0.10289599599489	1.43385490736823	35
-0.10594806834581	1.43312407887711	4
-0.10594806834581	1.43312407887711	4
-0.1100098638107	1.43067029650081	35
-0.10795436789605	1.43174087144813	1119
-0.10594806834581	1.43312407887711	295
-0.10898206565488	1.43134239135362	295
-0.1100098638107	1.43067029650081	295
-0.10898206565488	1.43134239135362	35
-0.10898206565488	1.43134239135362	32
-0.10594806834581	1.43312407887711	30
-0.10898206565488	1.43134239135362	4
-0.10795436789605	1.43174087144813	35
-0.10898206565488	1.43134239135362	272
-0.10795436789605	1.43174087144813	35
-0.09775630730004	1.43591516336349	35
-0.10898206565488	1.43134239135362	32
-0.10594806834581	1.43312407887711	1198
-0.1069782044604	1.43205157105291	272
-0.10692677354064	1.43171095761068	30
-0.10898206565488	1.43134239135362	30
-0.10594806834581	1.43312407887711	30
-0.10795436789605	1.43174087144813	30
-0.1100098638107	1.43067029650081	148
-0.10898206565488	1.43134239135362	30
-0.10795436789605	1.43174087144813	35
-0.10898206565488	1.43134239135362	35
-0.1100098638107	1.43067029650081	35
-0.10898206565488	1.43134239135362	2
-0.10491803556219	1.43367348655271	4
-0.10491803556219	1.43367348655271	35
-0.10795436789605	1.43174087144813	148
-0.10491803556219	1.43367348655271	100
-0.10491803556219	1.43367348655271	272
-0.10898206565488	1.43134239135362	35
-0.10898206565488	1.43134239135362	30
-0.10186361193666	1.43480372807629	35
-0.10795436789605	1.43174087144813	148
-0.10594806834581	1.43312407887711	30
-0.10898206565488	1.43134239135362	238
-0.0987909465981001	1.4352976791398	148
-0.10795436789605	1.43174087144813	372
-0.10795436789605	1.43174087144813	35
-0.11103775937185	1.42951913528691	32
-0.10491803556219	1.43367348655271	32
-0.10594806834581	1.43312407887711	970
-0.10898206565488	1.43134239135362	2
-0.1100098638107	1.43067029650081	35
-0.1069782044604	1.43205157105291	35
-0.10898206565488	1.43134239135362	2
-0.10491803556219	1.43367348655271	148
-0.10692677354064	1.43171095761068	35
-0.10898206565488	1.43134239135362	35
-0.11103775937185	1.42951913528691	251
-0.09775630730004	1.43591516336349	2
-0.1100098638107	1.43067029650081	160
-0.10388810915075	1.43374127140597	277
-0.10898206565488	1.43134239135362	20
-0.10289599599489	1.43385490736823	320
-0.10594806834581	1.43312407887711	30
-0.10898206565488	1.43134239135362	320
-0.10289599599489	1.43385490736823	251
-0.11103775937185	1.42951913528691	118
-0.10594806834581	1.43312407887711	32
-0.10491803556219	1.43367348655271	35
-0.10388810915075	1.43374127140597	35
-0.10795436789605	1.43174087144813	160
-0.1069782044604	1.43205157105291	2
-0.10594806834581	1.43312407887711	4
-0.10898206565488	1.43134239135362	35
-0.10594806834581	1.43312407887711	35
-0.1069782044604	1.43205157105291	35
-0.1069782044604	1.43205157105291	20
-0.10388810915075	1.43374127140597	185
-0.10898206565488	1.43134239135362	35
-0.1069782044604	1.43205157105291	35
-0.10898206565488	1.43134239135362	32
-0.1100098638107	1.43067029650081	160
-0.0987909465981001	1.4352976791398	2
-0.10186361193666	1.43480372807629	91
-0.10186361193666	1.43480372807629	91
-0.10491803556219	1.43367348655271	4
-0.10898206565488	1.43134239135362	4
-0.10289599599489	1.43385490736823	253
-0.10795436789605	1.43174087144813	32
-0.1100098638107	1.43067029650081	160
-0.10898206565488	1.43134239135362	320
-0.1100098638107	1.43067029650081	320
-0.11103775937185	1.42951913528691	4
-0.10898206565488	1.43134239135362	32
-0.10594806834581	1.43312407887711	32
-0.10898206565488	1.43134239135362	91
-0.10289599599489	1.43385490736823	4
-0.10594806834581	1.43312407887711	35
-0.10795436789605	1.43174087144813	32
-0.10898206565488	1.43134239135362	253
-0.10898206565488	1.43134239135362	4
-0.1100098638107	1.43067029650081	35
-0.10898206565488	1.43134239135362	32
-0.10795436789605	1.43174087144813	35
-0.10898206565488	1.43134239135362	27
-0.1069782044604	1.43205157105291	2
-0.1100098638107	1.43067029650081	295
-0.10898206565488	1.43134239135362	4
-0.10795436789605	1.43174087144813	4
-0.1069782044604	1.43205157105291	35
-0.10594806834581	1.43312407887711	91
-0.10594806834581	1.43312407887711	4
-0.10795436789605	1.43174087144813	4
-0.10491803556219	1.43367348655271	35
-0.10795436789605	1.43174087144813	308
-0.10491803556219	1.43367348655271	308
-0.10491803556219	1.43367348655271	32
-0.1100098638107	1.43067029650081	32
-0.10388810915075	1.43374127140597	70
-0.10491803556219	1.43367348655271	91
-0.10898206565488	1.43134239135362	160
-0.10594806834581	1.43312407887711	544
-0.1069782044604	1.43205157105291	32
-0.10898206565488	1.43134239135362	160
-0.1069782044604	1.43205157105291	2
-0.10795436789605	1.43174087144813	91
-0.10594806834581	1.43312407887711	28
-0.10388810915075	1.43374127140597	4
-0.1100098638107	1.43067029650081	32
-0.1100098638107	1.43067029650081	32
-0.10795436789605	1.43174087144813	905
-0.1069782044604	1.43205157105291	70
-0.10898206565488	1.43134239135362	91
-0.10491803556219	1.43367348655271	91
-0.10594806834581	1.43312407887711	32
-0.10795436789605	1.43174087144813	905
-0.10898206565488	1.43134239135362	160
-0.10594806834581	1.43312407887711	544
-0.1100098638107	1.43067029650081	32
-0.10491803556219	1.43367348655271	160
-0.1100098638107	1.43067029650081	320
-0.10388810915075	1.43374127140597	27
-0.10491803556219	1.43367348655271	32
-0.10491803556219	1.43367348655271	32
-0.10186361193666	1.43480372807629	160
-0.10594806834581	1.43312407887711	4
-0.10594806834581	1.43312407887711	240
-0.10594806834581	1.43312407887711	544
-0.10795436789605	1.43174087144813	160
-0.10289599599489	1.43385490736823	4
-0.10898206565488	1.43134239135362	4
-0.1100098638107	1.43067029650081	91
-0.10795436789605	1.43174087144813	32
-0.10491803556219	1.43367348655271	32
-0.10795436789605	1.43174087144813	32
-0.1100098638107	1.43067029650081	369
-0.10491803556219	1.43367348655271	1024
-0.10898206565488	1.43134239135362	32
-0.10898206565488	1.43134239135362	32
-0.1100098638107	1.43067029650081	32
-0.10491803556219	1.43367348655271	1131
-0.1100098638107	1.43067029650081	4
-0.10898206565488	1.43134239135362	28
-0.10898206565488	1.43134239135362	32
-0.10289599599489	1.43385490736823	689
-0.10898206565488	1.43134239135362	185
-0.10898206565488	1.43134239135362	185
-0.1100098638107	1.43067029650081	4
-0.10898206565488	1.43134239135362	689
-0.10594806834581	1.43312407887711	160
-0.10795436789605	1.43174087144813	320
-0.1100098638107	1.43067029650081	320
-0.10898206565488	1.43134239135362	70
-0.10186361193666	1.43480372807629	185
-0.1100098638107	1.43067029650081	28
-0.10491803556219	1.43367348655271	28
-0.10491803556219	1.43367348655271	32
-0.10594806834581	1.43312407887711	70
-0.1100098638107	1.43067029650081	91
-0.10289599599489	1.43385490736823	28
-0.1100098638107	1.43067029650081	32
-0.10594806834581	1.43312407887711	544
-0.10594806834581	1.43312407887711	28
-0.10491803556219	1.43367348655271	32
-0.10898206565488	1.43134239135362	4
-0.10594806834581	1.43312407887711	28
-0.1100098638107	1.43067029650081	4
-0.10795436789605	1.43174087144813	32
-0.10186361193666	1.43480372807629	28
-0.1069782044604	1.43205157105291	28
-0.10795436789605	1.43174087144813	32
-0.10491803556219	1.43367348655271	28
-0.10692677354064	1.43171095761068	88
-0.1100098638107	1.43067029650081	28
-0.10594806834581	1.43312407887711	4
-0.10795436789605	1.43174087144813	88
-0.11103775937185	1.42951913528691	32
-0.10795436789605	1.43174087144813	122
-0.10692677354064	1.43171095761068	28
-0.1100098638107	1.43067029650081	1085
-0.10594806834581	1.43312407887711	160
-0.10491803556219	1.43367348655271	27
-0.10692677354064	1.43171095761068	28
-0.10898206565488	1.43134239135362	35
-0.10898206565488	1.43134239135362	88
-0.10795436789605	1.43174087144813	160
-0.10594806834581	1.43312407887711	240
-0.0987909465981001	1.4352976791398	4
-0.10491803556219	1.43367348655271	1085
-0.10388810915075	1.43374127140597	35
-0.10898206565488	1.43134239135362	28
-0.10795436789605	1.43174087144813	28
-0.10491803556219	1.43367348655271	88
-0.10898206565488	1.43134239135362	240
-0.10594806834581	1.43312407887711	28
-0.10186361193666	1.43480372807629	160
-0.10898206565488	1.43134239135362	28
-0.10898206565488	1.43134239135362	28
-0.10898206565488	1.43134239135362	28
-0.10795436789605	1.43174087144813	35
-0.10491803556219	1.43367348655271	160
-0.10898206565488	1.43134239135362	28
-0.10898206565488	1.43134239135362	28
-0.10594806834581	1.43312407887711	35
-0.10491803556219	1.43367348655271	391
-0.10898206565488	1.43134239135362	28
-0.10898206565488	1.43134239135362	35
-0.10491803556219	1.43367348655271	136
-0.1100098638107	1.43067029650081	1147
-0.10898206565488	1.43134239135362	2
-0.10898206565488	1.43134239135362	88
-0.10491803556219	1.43367348655271	28
-0.10594806834581	1.43312407887711	28
-0.1100098638107	1.43067029650081	28
-0.10388810915075	1.43374127140597	160
-0.10795436789605	1.43174087144813	28
-0.10388810915075	1.43374127140597	240
-0.1069782044604	1.43205157105291	759
-0.10388810915075	1.43374127140597	160
-0.10898206565488	1.43134239135362	122
-0.10692677354064	1.43171095761068	1147
-0.10898206565488	1.43134239135362	160
-0.10083133726575	1.43502236868829	122
-0.10795436789605	1.43174087144813	122
-0.10898206565488	1.43134239135362	28
-0.1100098638107	1.43067029650081	160
-0.10692677354064	1.43171095761068	122
-0.10898206565488	1.43134239135362	160
-0.10594806834581	1.43312407887711	160
-0.1100098638107	1.43067029650081	122
-0.1100098638107	1.43067029650081	1085
-0.1100098638107	1.43067029650081	505
-0.1100098638107	1.43067029650081	505
-0.10491803556219	1.43367348655271	1076
-0.10491803556219	1.43367348655271	88
-0.10692677354064	1.43171095761068	240
-0.10594806834581	1.43312407887711	240
-0.10898206565488	1.43134239135362	10
-0.1100098638107	1.43067029650081	4
-0.10594806834581	1.43312407887711	35
-0.10898206565488	1.43134239135362	88
-0.10692677354064	1.43171095761068	35
-0.10491803556219	1.43367348655271	28
-0.1100098638107	1.43067029650081	1234
-0.1069782044604	1.43205157105291	770
-0.1100098638107	1.43067029650081	2
-0.1100098638107	1.43067029650081	28
-0.10898206565488	1.43134239135362	11
-0.1100098638107	1.43067029650081	160
-0.10289599599489	1.43385490736823	160
-0.10898206565488	1.43134239135362	770
-0.10491803556219	1.43367348655271	28
-0.10898206565488	1.43134239135362	963
-0.10186361193666	1.43480372807629	35
-0.10898206565488	1.43134239135362	809
-0.10898206565488	1.43134239135362	35
-0.0987909465981001	1.4352976791398	160
-0.10795436789605	1.43174087144813	10
-0.10491803556219	1.43367348655271	10
-0.1100098638107	1.43067029650081	809
-0.09775630730004	1.43591516336349	35
-0.10491803556219	1.43367348655271	505
-0.10491803556219	1.43367348655271	4
-0.10898206565488	1.43134239135362	35
-0.10898206565488	1.43134239135362	963
-0.10898206565488	1.43134239135362	809
-0.11103775937185	1.42951913528691	809
-0.10898206565488	1.43134239135362	35
-0.10795436789605	1.43174087144813	263
-0.10594806834581	1.43312407887711	263
-0.10491803556219	1.43367348655271	953
-0.10594806834581	1.43312407887711	122
-0.10491803556219	1.43367348655271	10
-0.10491803556219	1.43367348655271	35
-0.10795436789605	1.43174087144813	263
-0.10491803556219	1.43367348655271	567
-0.10594806834581	1.43312407887711	61
-0.10289599599489	1.43385490736823	4
-0.10795436789605	1.43174087144813	318
-0.1100098638107	1.43067029650081	4
-0.1069782044604	1.43205157105291	567
-0.10795436789605	1.43174087144813	4
-0.1100098638107	1.43067029650081	809
-0.10898206565488	1.43134239135362	35
-0.10289599599489	1.43385490736823	318
-0.10491803556219	1.43367348655271	323
-0.10186361193666	1.43480372807629	809
-0.10898206565488	1.43134239135362	33
-0.10692677354064	1.43171095761068	10
-0.10795436789605	1.43174087144813	61
-0.10898206565488	1.43134239135362	10
-0.11103775937185	1.42951913528691	35
-0.11103775937185	1.42951913528691	33
-0.10898206565488	1.43134239135362	61
-0.10795436789605	1.43174087144813	505
-0.1100098638107	1.43067029650081	13
-0.1100098638107	1.43067029650081	10
-0.10594806834581	1.43312407887711	28
-0.10898206565488	1.43134239135362	35
-0.10594806834581	1.43312407887711	35
-0.10289599599489	1.43385490736823	505
-0.10898206565488	1.43134239135362	13
-0.10795436789605	1.43174087144813	13
-0.10388810915075	1.43374127140597	160
-0.10491803556219	1.43367348655271	160
-0.10491803556219	1.43367348655271	160
-0.10898206565488	1.43134239135362	389
-0.10594806834581	1.43312407887711	389
-0.10594806834581	1.43312407887711	4
-0.10898206565488	1.43134239135362	13
-0.10795436789605	1.43174087144813	61
-0.10795436789605	1.43174087144813	160
-0.10898206565488	1.43134239135362	160
-0.1069782044604	1.43205157105291	1095
-0.10898206565488	1.43134239135362	13
-0.10898206565488	1.43134239135362	258
-0.10289599599489	1.43385490736823	28
-0.1069782044604	1.43205157105291	28
-0.10083133726575	1.43502236868829	4
-0.10898206565488	1.43134239135362	13
-0.10388810915075	1.43374127140597	13
-0.10795436789605	1.43174087144813	61
-0.10692677354064	1.43171095761068	13
-0.1100098638107	1.43067029650081	13
-0.1100098638107	1.43067029650081	13
-0.1100098638107	1.43067029650081	160
-0.10594806834581	1.43312407887711	61
-0.10898206565488	1.43134239135362	61
-0.10594806834581	1.43312407887711	4
-0.11103775937185	1.42951913528691	11
-0.1100098638107	1.43067029650081	28
-0.10388810915075	1.43374127140597	13
-0.10795436789605	1.43174087144813	11
-0.10491803556219	1.43367348655271	61
-0.1100098638107	1.43067029650081	28
-0.1100098638107	1.43067029650081	28
-0.10795436789605	1.43174087144813	13
-0.10795436789605	1.43174087144813	28
-0.1100098638107	1.43067029650081	13
-0.10491803556219	1.43367348655271	258
-0.10898206565488	1.43134239135362	13
-0.10594806834581	1.43312407887711	28
-0.10898206565488	1.43134239135362	28
-0.10795436789605	1.43174087144813	28
-0.10795436789605	1.43174087144813	258
-0.1100098638107	1.43067029650081	61
-0.0987909465981001	1.4352976791398	4
-0.10692677354064	1.43171095761068	13
-0.10186361193666	1.43480372807629	10
-0.10898206565488	1.43134239135362	13
-0.11103775937185	1.42951913528691	13
-0.10594806834581	1.43312407887711	4
-0.10594806834581	1.43312407887711	322
-0.10795436789605	1.43174087144813	322
-0.10692677354064	1.43171095761068	258
-0.10491803556219	1.43367348655271	4
-0.10795436789605	1.43174087144813	4
-0.10594806834581	1.43312407887711	245
-0.11103775937185	1.42951913528691	11
-0.1069782044604	1.43205157105291	11
-0.10898206565488	1.43134239135362	258
-0.10594806834581	1.43312407887711	4
-0.10594806834581	1.43312407887711	4
-0.10594806834581	1.43312407887711	11
-0.10289599599489	1.43385490736823	11
-0.10594806834581	1.43312407887711	11
-0.10491803556219	1.43367348655271	61
-0.10083133726575	1.43502236868829	13
-0.10795436789605	1.43174087144813	169
-0.10594806834581	1.43312407887711	570
-0.10795436789605	1.43174087144813	13
-0.10491803556219	1.43367348655271	245
-0.1100098638107	1.43067029650081	554
-0.10491803556219	1.43367348655271	339
-0.10186361193666	1.43480372807629	13
-0.10594806834581	1.43312407887711	169
-0.10692677354064	1.43171095761068	13
-0.10898206565488	1.43134239135362	13
-0.10491803556219	1.43367348655271	10
-0.10795436789605	1.43174087144813	10
-0.10289599599489	1.43385490736823	322
-0.10289599599489	1.43385490736823	13
-0.10898206565488	1.43134239135362	11
-0.10898206565488	1.43134239135362	4
-0.10898206565488	1.43134239135362	322
-0.10898206565488	1.43134239135362	13
-0.10186361193666	1.43480372807629	13
-0.10898206565488	1.43134239135362	780
-0.11103775937185	1.42951913528691	283
-0.1100098638107	1.43067029650081	13
-0.10594806834581	1.43312407887711	13
-0.10898206565488	1.43134239135362	340
-0.1100098638107	1.43067029650081	13
-0.1069782044604	1.43205157105291	245
-0.10898206565488	1.43134239135362	329
-0.10491803556219	1.43367348655271	11
-0.11103775937185	1.42951913528691	554
-0.10594806834581	1.43312407887711	440
-0.1069782044604	1.43205157105291	13
-0.1100098638107	1.43067029650081	13
-0.10795436789605	1.43174087144813	11
-0.1100098638107	1.43067029650081	13
-0.10898206565488	1.43134239135362	13
-0.10388810915075	1.43374127140597	554
-0.1100098638107	1.43067029650081	440
-0.1069782044604	1.43205157105291	554
-0.10491803556219	1.43367348655271	28
-0.10594806834581	1.43312407887711	318
-0.10594806834581	1.43312407887711	662
-0.10491803556219	1.43367348655271	28
-0.1100098638107	1.43067029650081	648
-0.11103775937185	1.42951913528691	339
-0.10186361193666	1.43480372807629	11
-0.11103775937185	1.42951913528691	11
-0.1100098638107	1.43067029650081	4
-0.1100098638107	1.43067029650081	648
-0.10898206565488	1.43134239135362	11
-0.10491803556219	1.43367348655271	123
-0.1069782044604	1.43205157105291	123
-0.10594806834581	1.43312407887711	13
-0.10594806834581	1.43312407887711	325
-0.1100098638107	1.43067029650081	10
-0.10491803556219	1.43367348655271	28
-0.1100098638107	1.43067029650081	648
-0.10594806834581	1.43312407887711	13
-0.10594806834581	1.43312407887711	4
-0.10186361193666	1.43480372807629	28
-0.1100098638107	1.43067029650081	13
-0.1100098638107	1.43067029650081	13
-0.1100098638107	1.43067029650081	99
-0.11103775937185	1.42951913528691	13
-0.1069782044604	1.43205157105291	11
-0.10795436789605	1.43174087144813	4
-0.11103775937185	1.42951913528691	325
-0.10795436789605	1.43174087144813	245
-0.10083133726575	1.43502236868829	245
-0.10898206565488	1.43134239135362	4
-0.1100098638107	1.43067029650081	4
-0.10795436789605	1.43174087144813	245
-0.11103775937185	1.42951913528691	28
-0.10898206565488	1.43134239135362	13
-0.1100098638107	1.43067029650081	99
-0.10898206565488	1.43134239135362	4
-0.10898206565488	1.43134239135362	28
-0.10491803556219	1.43367348655271	322
-0.10491803556219	1.43367348655271	13
-0.1100098638107	1.43067029650081	99
-0.10898206565488	1.43134239135362	322
-0.10898206565488	1.43134239135362	1010
-0.10491803556219	1.43367348655271	322
-0.1100098638107	1.43067029650081	283
-0.10491803556219	1.43367348655271	288
-0.10795436789605	1.43174087144813	288
-0.10898206565488	1.43134239135362	288
-0.1100098638107	1.43067029650081	4
-0.10594806834581	1.43312407887711	228
-0.10594806834581	1.43312407887711	228
-0.10491803556219	1.43367348655271	28
-0.1100098638107	1.43067029650081	13
-0.10898206565488	1.43134239135362	220
-0.10594806834581	1.43312407887711	288
-0.1069782044604	1.43205157105291	288
-0.10898206565488	1.43134239135362	28
-0.10491803556219	1.43367348655271	220
-0.10795436789605	1.43174087144813	40
-0.10898206565488	1.43134239135362	322
-0.10795436789605	1.43174087144813	40
-0.10388810915075	1.43374127140597	48
-0.11103775937185	1.42951913528691	28
-0.11103775937185	1.42951913528691	28
-0.1100098638107	1.43067029650081	322
-0.10795436789605	1.43174087144813	228
-0.1100098638107	1.43067029650081	28
-0.10594806834581	1.43312407887711	228
-0.1069782044604	1.43205157105291	48
-0.10186361193666	1.43480372807629	1260
-0.10898206565488	1.43134239135362	1260
-0.1100098638107	1.43067029650081	942
-0.10491803556219	1.43367348655271	133
-0.11103775937185	1.42951913528691	1260
-0.10491803556219	1.43367348655271	1260
-0.10083133726575	1.43502236868829	186
-0.1100098638107	1.43067029650081	48
-0.1100098638107	1.43067029650081	685
-0.10594806834581	1.43312407887711	28
-0.10186361193666	1.43480372807629	288
-0.1100098638107	1.43067029650081	133
-0.11103775937185	1.42951913528691	322
-0.10898206565488	1.43134239135362	40
-0.10491803556219	1.43367348655271	318
-0.10491803556219	1.43367348655271	133
-0.10795436789605	1.43174087144813	40
-0.10491803556219	1.43367348655271	28
-0.1100098638107	1.43067029650081	133
-0.10388810915075	1.43374127140597	133
-0.10898206565488	1.43134239135362	11
-0.10186361193666	1.43480372807629	28
-0.1100098638107	1.43067029650081	13
-0.10795436789605	1.43174087144813	133
-0.10898206565488	1.43134239135362	28
-0.10491803556219	1.43367348655271	322
-0.1069782044604	1.43205157105291	135
-0.10898206565488	1.43134239135362	40
-0.1100098638107	1.43067029650081	48
-0.10692677354064	1.43171095761068	48
-0.10795436789605	1.43174087144813	48
-0.11103775937185	1.42951913528691	48
-0.10186361193666	1.43480372807629	48
-0.1100098638107	1.43067029650081	4
-0.1069782044604	1.43205157105291	28
-0.1100098638107	1.43067029650081	40
-0.11103775937185	1.42951913528691	318
-0.10186361193666	1.43480372807629	13
-0.10795436789605	1.43174087144813	40
-0.1100098638107	1.43067029650081	322
-0.10795436789605	1.43174087144813	48
-0.10186361193666	1.43480372807629	223
-0.10898206565488	1.43134239135362	4
-0.10898206565488	1.43134239135362	40
-0.1100098638107	1.43067029650081	133
-0.1100098638107	1.43067029650081	223
-0.10898206565488	1.43134239135362	28
-0.10692677354064	1.43171095761068	33
-0.10898206565488	1.43134239135362	48
-0.10491803556219	1.43367348655271	13
-0.10491803556219	1.43367348655271	28
-0.10186361193666	1.43480372807629	135
-0.10186361193666	1.43480372807629	13
-0.10491803556219	1.43367348655271	40
-0.10594806834581	1.43312407887711	322
-0.11103775937185	1.42951913528691	40
-0.10594806834581	1.43312407887711	28
-0.10491803556219	1.43367348655271	48
-0.10795436789605	1.43174087144813	99
-0.10491803556219	1.43367348655271	11
-0.1100098638107	1.43067029650081	11
-0.1100098638107	1.43067029650081	223
-0.10898206565488	1.43134239135362	223
-0.1100098638107	1.43067029650081	11
-0.10594806834581	1.43312407887711	541
-0.10594806834581	1.43312407887711	866
-0.1100098638107	1.43067029650081	1160
-0.1100098638107	1.43067029650081	40
-0.10898206565488	1.43134239135362	11
-0.10491803556219	1.43367348655271	48
-0.10795436789605	1.43174087144813	40
-0.10594806834581	1.43312407887711	40
-0.1069782044604	1.43205157105291	33
-0.10795436789605	1.43174087144813	541
-0.10186361193666	1.43480372807629	135
-0.1100098638107	1.43067029650081	267
-0.10388810915075	1.43374127140597	183
-0.10795436789605	1.43174087144813	223
-0.1100098638107	1.43067029650081	223
-0.10594806834581	1.43312407887711	28
-0.10898206565488	1.43134239135362	135
-0.10491803556219	1.43367348655271	322
-0.10898206565488	1.43134239135362	48
-0.10898206565488	1.43134239135362	28
-0.10594806834581	1.43312407887711	4
-0.11103775937185	1.42951913528691	28
-0.10898206565488	1.43134239135362	28
-0.1069782044604	1.43205157105291	33
-0.10186361193666	1.43480372807629	28
-0.10289599599489	1.43385490736823	34
-0.10795436789605	1.43174087144813	40
-0.10491803556219	1.43367348655271	541
-0.10594806834581	1.43312407887711	183
-0.10594806834581	1.43312407887711	48
-0.10186361193666	1.43480372807629	223
-0.10594806834581	1.43312407887711	28
-0.11103775937185	1.42951913528691	135
-0.10898206565488	1.43134239135362	48
-0.10795436789605	1.43174087144813	48
-0.10594806834581	1.43312407887711	48
-0.1100098638107	1.43067029650081	48
-0.11103775937185	1.42951913528691	28
-0.10186361193666	1.43480372807629	34
-0.10692677354064	1.43171095761068	506
-0.1069782044604	1.43205157105291	1297
-0.11103775937185	1.42951913528691	28
-0.10594806834581	1.43312407887711	39
-0.11103775937185	1.42951913528691	39
-0.10795436789605	1.43174087144813	33
-0.10289599599489	1.43385490736823	352
-0.1100098638107	1.43067029650081	28
-0.10898206565488	1.43134239135362	135
-0.10594806834581	1.43312407887711	28
-0.10795436789605	1.43174087144813	4
-0.10388810915075	1.43374127140597	28
-0.10898206565488	1.43134239135362	28
-0.10898206565488	1.43134239135362	28
-0.10289599599489	1.43385490736823	48
-0.11103775937185	1.42951913528691	4
-0.1069782044604	1.43205157105291	28
-0.10898206565488	1.43134239135362	52
-0.11103775937185	1.42951913528691	33
-0.10898206565488	1.43134239135362	114
-0.1100098638107	1.43067029650081	28
-0.10289599599489	1.43385490736823	4
-0.10898206565488	1.43134239135362	40
-0.10491803556219	1.43367348655271	114
-0.10491803556219	1.43367348655271	114
-0.11103775937185	1.42951913528691	509
-0.10186361193666	1.43480372807629	114
-0.1100098638107	1.43067029650081	28
-0.10186361193666	1.43480372807629	33
-0.1100098638107	1.43067029650081	40
-0.10898206565488	1.43134239135362	52
-0.1100098638107	1.43067029650081	4
-0.1100098638107	1.43067029650081	11
-0.10289599599489	1.43385490736823	4
-0.1100098638107	1.43067029650081	52
-0.10898206565488	1.43134239135362	114
-0.10795436789605	1.43174087144813	40
-0.10491803556219	1.43367348655271	356
-0.10898206565488	1.43134239135362	52
-0.1100098638107	1.43067029650081	114
-0.10594806834581	1.43312407887711	114
-0.10594806834581	1.43312407887711	11
-0.1100098638107	1.43067029650081	11
-0.10898206565488	1.43134239135362	28
-0.1100098638107	1.43067029650081	495
-0.10594806834581	1.43312407887711	28
-0.1100098638107	1.43067029650081	114
-0.10898206565488	1.43134239135362	28
-0.10795436789605	1.43174087144813	114
-0.11103775937185	1.42951913528691	28
-0.10594806834581	1.43312407887711	28
-0.1069782044604	1.43205157105291	114
-0.10898206565488	1.43134239135362	48
-0.10594806834581	1.43312407887711	48
-0.10491803556219	1.43367348655271	48
-0.10083133726575	1.43502236868829	52
-0.10388810915075	1.43374127140597	244
-0.10898206565488	1.43134239135362	28
-0.10491803556219	1.43367348655271	48
-0.10594806834581	1.43312407887711	686
-0.1069782044604	1.43205157105291	28
-0.10491803556219	1.43367348655271	686
-0.11103775937185	1.42951913528691	28
-0.10491803556219	1.43367348655271	28
-0.10898206565488	1.43134239135362	52
-0.10898206565488	1.43134239135362	114
-0.1100098638107	1.43067029650081	48
-0.10898206565488	1.43134239135362	244
-0.10491803556219	1.43367348655271	28
-0.10491803556219	1.43367348655271	28
-0.10594806834581	1.43312407887711	95
-0.10491803556219	1.43367348655271	114
-0.0987909465981001	1.4352976791398	33
-0.10491803556219	1.43367348655271	34
-0.1100098638107	1.43067029650081	333
-0.1100098638107	1.43067029650081	244
-0.10795436789605	1.43174087144813	4
-0.10898206565488	1.43134239135362	40
-0.10898206565488	1.43134239135362	244
-0.1100098638107	1.43067029650081	34
-0.10491803556219	1.43367348655271	28
-0.1100098638107	1.43067029650081	114
-0.10491803556219	1.43367348655271	114
-0.10594806834581	1.43312407887711	48
-0.10594806834581	1.43312407887711	114
-0.10289599599489	1.43385490736823	28
-0.1100098638107	1.43067029650081	114
-0.10795436789605	1.43174087144813	244
-0.10594806834581	1.43312407887711	28
-0.10594806834581	1.43312407887711	4
-0.10289599599489	1.43385490736823	34
-0.1100098638107	1.43067029650081	34
-0.10594806834581	1.43312407887711	48
-0.1100098638107	1.43067029650081	28
-0.10795436789605	1.43174087144813	48
-0.10594806834581	1.43312407887711	48
-0.10491803556219	1.43367348655271	48
-0.10491803556219	1.43367348655271	28
-0.10898206565488	1.43134239135362	28
-0.1100098638107	1.43067029650081	114
-0.10594806834581	1.43312407887711	28
-0.10186361193666	1.43480372807629	28
-0.10898206565488	1.43134239135362	960
-0.10594806834581	1.43312407887711	960
-0.10289599599489	1.43385490736823	777
-0.10491803556219	1.43367348655271	40
-0.10898206565488	1.43134239135362	40
-0.10795436789605	1.43174087144813	40
-0.10594806834581	1.43312407887711	34
-0.10898206565488	1.43134239135362	28
-0.1100098638107	1.43067029650081	34
-0.10594806834581	1.43312407887711	1060
-0.10898206565488	1.43134239135362	1060
-0.10186361193666	1.43480372807629	28
-0.10795436789605	1.43174087144813	34
-0.10594806834581	1.43312407887711	28
-0.1100098638107	1.43067029650081	40
-0.1100098638107	1.43067029650081	34
-0.10692677354064	1.43171095761068	33
-0.1100098638107	1.43067029650081	28
-0.10898206565488	1.43134239135362	34
-0.10795436789605	1.43174087144813	34
-0.1100098638107	1.43067029650081	40
-0.10795436789605	1.43174087144813	28
-0.10898206565488	1.43134239135362	34
-0.10388810915075	1.43374127140597	28
-0.10795436789605	1.43174087144813	28
-0.10594806834581	1.43312407887711	34
-0.10491803556219	1.43367348655271	43
-0.1100098638107	1.43067029650081	28
-0.10491803556219	1.43367348655271	43
-0.1100098638107	1.43067029650081	28
-0.1100098638107	1.43067029650081	43
-0.10898206565488	1.43134239135362	28
-0.10795436789605	1.43174087144813	43
-0.10898206565488	1.43134239135362	43
-0.10594806834581	1.43312407887711	34
-0.1100098638107	1.43067029650081	43
-0.10898206565488	1.43134239135362	43
-0.10898206565488	1.43134239135362	43
-0.10795436789605	1.43174087144813	34
-0.10795436789605	1.43174087144813	34
-0.10594806834581	1.43312407887711	125
-0.1100098638107	1.43067029650081	43
-0.10898206565488	1.43134239135362	34
-0.10898206565488	1.43134239135362	130
-0.1069782044604	1.43205157105291	28
-0.10898206565488	1.43134239135362	125
-0.1069782044604	1.43205157105291	774
-0.10491803556219	1.43367348655271	289
-0.10491803556219	1.43367348655271	43
-0.1100098638107	1.43067029650081	33
-0.10898206565488	1.43134239135362	876
-0.10388810915075	1.43374127140597	876
-0.10898206565488	1.43134239135362	289
-0.10795436789605	1.43174087144813	94
-0.10795436789605	1.43174087144813	269
-0.1100098638107	1.43067029650081	774
-0.10898206565488	1.43134239135362	130
-0.1100098638107	1.43067029650081	33
-0.10898206565488	1.43134239135362	289
-0.10898206565488	1.43134239135362	583
-0.10594806834581	1.43312407887711	130
-0.1100098638107	1.43067029650081	37
-0.10898206565488	1.43134239135362	130
-0.10594806834581	1.43312407887711	289
-0.1100098638107	1.43067029650081	583
-0.10898206565488	1.43134239135362	583
-0.10594806834581	1.43312407887711	43
-0.10388810915075	1.43374127140597	94
-0.1069782044604	1.43205157105291	33
-0.10491803556219	1.43367348655271	33
-0.10594806834581	1.43312407887711	130
-0.10594806834581	1.43312407887711	33
-0.1100098638107	1.43067029650081	33
-0.10898206565488	1.43134239135362	37
-0.10795436789605	1.43174087144813	289
-0.0987909465981001	1.4352976791398	289
-0.1100098638107	1.43067029650081	33
-0.10898206565488	1.43134239135362	289
-0.10491803556219	1.43367348655271	1209
-0.10898206565488	1.43134239135362	94
-0.10289599599489	1.43385490736823	28
-0.10692677354064	1.43171095761068	28
-0.11103775937185	1.42951913528691	94
-0.10795436789605	1.43174087144813	289
-0.1100098638107	1.43067029650081	269
-0.10289599599489	1.43385490736823	130
-0.10898206565488	1.43134239135362	28
-0.1069782044604	1.43205157105291	28
-0.10898206565488	1.43134239135362	33
-0.10898206565488	1.43134239135362	28
-0.1069782044604	1.43205157105291	28
-0.1100098638107	1.43067029650081	150
-0.10491803556219	1.43367348655271	1185
-0.10692677354064	1.43171095761068	1141
-0.10491803556219	1.43367348655271	1185
-0.1069782044604	1.43205157105291	28
-0.10491803556219	1.43367348655271	33
-0.1100098638107	1.43067029650081	130
-0.11103775937185	1.42951913528691	150
-0.10388810915075	1.43374127140597	33
-0.10898206565488	1.43134239135362	28
-0.1100098638107	1.43067029650081	727
-0.1100098638107	1.43067029650081	221
-0.10898206565488	1.43134239135362	150
-0.1069782044604	1.43205157105291	221
-0.10491803556219	1.43367348655271	28
-0.10898206565488	1.43134239135362	221
-0.10186361193666	1.43480372807629	28
-0.1100098638107	1.43067029650081	150
-0.10491803556219	1.43367348655271	150
-0.10594806834581	1.43312407887711	28
-0.10491803556219	1.43367348655271	28
-0.10491803556219	1.43367348655271	28
-0.10289599599489	1.43385490736823	33
-0.10594806834581	1.43312407887711	150
-0.10491803556219	1.43367348655271	28
-0.10898206565488	1.43134239135362	150
-0.11103775937185	1.42951913528691	395
-0.10491803556219	1.43367348655271	33
-0.09775630730004	1.43591516336349	150
-0.1069782044604	1.43205157105291	395
-0.1100098638107	1.43067029650081	203
-0.11103775937185	1.42951913528691	680
-0.10898206565488	1.43134239135362	395
-0.10898206565488	1.43134239135362	395
-0.10898206565488	1.43134239135362	150
-0.10388810915075	1.43374127140597	28
-0.1100098638107	1.43067029650081	680
-0.1100098638107	1.43067029650081	33
-0.10898206565488	1.43134239135362	395
-0.10898206565488	1.43134239135362	150
-0.10795436789605	1.43174087144813	33
-0.10898206565488	1.43134239135362	150
-0.10795436789605	1.43174087144813	28
-0.1100098638107	1.43067029650081	33
-0.1100098638107	1.43067029650081	395
-0.10795436789605	1.43174087144813	28
-0.10898206565488	1.43134239135362	28
-0.10083133726575	1.43502236868829	33
-0.1100098638107	1.43067029650081	33
-0.10186361193666	1.43480372807629	121
-0.10289599599489	1.43385490736823	121
-0.1100098638107	1.43067029650081	33
-0.1100098638107	1.43067029650081	28
-0.10898206565488	1.43134239135362	121
-0.1100098638107	1.43067029650081	121
-0.10795436789605	1.43174087144813	121
-0.10898206565488	1.43134239135362	150
-0.10186361193666	1.43480372807629	28
-0.11103775937185	1.42951913528691	121
-0.10186361193666	1.43480372807629	150
-0.10594806834581	1.43312407887711	121
-0.1100098638107	1.43067029650081	150
-0.10388810915075	1.43374127140597	121
-0.10594806834581	1.43312407887711	28
-0.0987909465981001	1.4352976791398	28
-0.10898206565488	1.43134239135362	28
-0.10491803556219	1.43367348655271	28
-0.10795436789605	1.43174087144813	28
-0.1069782044604	1.43205157105291	362
-0.1100098638107	1.43067029650081	28
-0.11103775937185	1.42951913528691	121
-0.10186361193666	1.43480372807629	775
-0.1100098638107	1.43067029650081	33
-0.10594806834581	1.43312407887711	33
-0.10388810915075	1.43374127140597	28
-0.1069782044604	1.43205157105291	28
-0.10289599599489	1.43385490736823	1134
-0.10186361193666	1.43480372807629	255
-0.10186361193666	1.43480372807629	28
-0.11103775937185	1.42951913528691	28
-0.1069782044604	1.43205157105291	129
-0.11103775937185	1.42951913528691	28
-0.10594806834581	1.43312407887711	28
-0.10692677354064	1.43171095761068	195
-0.11103775937185	1.42951913528691	28
-0.10898206565488	1.43134239135362	28
-0.10898206565488	1.43134239135362	195
-0.1100098638107	1.43067029650081	28
-0.10491803556219	1.43367348655271	28
-0.10491803556219	1.43367348655271	28
-0.1100098638107	1.43067029650081	28
-0.1069782044604	1.43205157105291	28
-0.10795436789605	1.43174087144813	1126
-0.10898206565488	1.43134239135362	28
-0.10795436789605	1.43174087144813	129
-0.10898206565488	1.43134239135362	129
-0.10491803556219	1.43367348655271	424
-0.10594806834581	1.43312407887711	1126
-0.10795436789605	1.43174087144813	28
-0.10491803556219	1.43367348655271	28
-0.10594806834581	1.43312407887711	173
-0.10898206565488	1.43134239135362	129
-0.10795436789605	1.43174087144813	129
-0.10594806834581	1.43312407887711	33
-0.10898206565488	1.43134239135362	129
-0.11103775937185	1.42951913528691	578
-0.10491803556219	1.43367348655271	518
-0.11103775937185	1.42951913528691	808
-0.10186361193666	1.43480372807629	173
-0.10898206565488	1.43134239135362	129
-0.10898206565488	1.43134239135362	173
-0.1100098638107	1.43067029650081	28
-0.1100098638107	1.43067029650081	937
-0.1100098638107	1.43067029650081	518
-0.10594806834581	1.43312407887711	518
-0.1100098638107	1.43067029650081	518
-0.10795436789605	1.43174087144813	28
-0.11103775937185	1.42951913528691	173
-0.10795436789605	1.43174087144813	28
-0.1100098638107	1.43067029650081	33
-0.10491803556219	1.43367348655271	28
-0.10594806834581	1.43312407887711	28
-0.1100098638107	1.43067029650081	173
-0.10594806834581	1.43312407887711	518
-0.11103775937185	1.42951913528691	173
-0.10898206565488	1.43134239135362	173
-0.10795436789605	1.43174087144813	33
-0.1100098638107	1.43067029650081	28
-0.10594806834581	1.43312407887711	173
-0.11103775937185	1.42951913528691	518
-0.10795436789605	1.43174087144813	28
-0.10594806834581	1.43312407887711	28
-0.10491803556219	1.43367348655271	28
-0.1100098638107	1.43067029650081	518
-0.10491803556219	1.43367348655271	28
-0.11103775937185	1.42951913528691	28
-0.10491803556219	1.43367348655271	33
-0.10083133726575	1.43502236868829	28
-0.10083133726575	1.43502236868829	28
-0.10898206565488	1.43134239135362	28
-0.1100098638107	1.43067029650081	28
-0.1069782044604	1.43205157105291	28
-0.1100098638107	1.43067029650081	28
-0.1100098638107	1.43067029650081	28
-0.10898206565488	1.43134239135362	28
-0.1100098638107	1.43067029650081	129
-0.1100098638107	1.43067029650081	28
-0.10898206565488	1.43134239135362	129
-0.1069782044604	1.43205157105291	129
-0.10594806834581	1.43312407887711	129
-0.10289599599489	1.43385490736823	1078
-0.10289599599489	1.43385490736823	1078
-0.10491803556219	1.43367348655271	28
-0.10898206565488	1.43134239135362	306
-0.10594806834581	1.43312407887711	306
-0.10594806834581	1.43312407887711	306
-0.10594806834581	1.43312407887711	129
-0.10898206565488	1.43134239135362	306
-0.1100098638107	1.43067029650081	129
-0.10594806834581	1.43312407887711	168
-0.1100098638107	1.43067029650081	28
-0.10795436789605	1.43174087144813	168
-0.10491803556219	1.43367348655271	306
-0.10594806834581	1.43312407887711	168
-0.10898206565488	1.43134239135362	168
-0.10491803556219	1.43367348655271	168
-0.10795436789605	1.43174087144813	168
-0.1100098638107	1.43067029650081	168
-0.10898206565488	1.43134239135362	129
-0.1100098638107	1.43067029650081	168
-0.10594806834581	1.43312407887711	129
-0.10795436789605	1.43174087144813	168
-0.1069782044604	1.43205157105291	316
-0.1069782044604	1.43205157105291	316
-0.1069782044604	1.43205157105291	316
