x	y
-0.933978632315376	0.570508916249787
-2.57472877667238	0.65760345889815
-0.0965724066579497	0.0383192571999951
-0.235086608758728	0.117576959807281
-1.16781498514129	0.654925626710788
-1.27264921265823	0.571489965817473
-0.320477962271511	0.191575374428099
-0.523032334451301	0.197668387893991
-0.528380801830338	0.590767421270897
-0.42392921595107	0.478031930844236
-0.616301765637349	0.71610683710396
-0.345763426179212	0.304486771495467
0.0156910626559646	0.00794653503811482
-0.786518363672531	0.428771572231935
-1.2697474090826	0.569761376584144
-1.7975657981284	0.379599665892429
-0.280446120413139	0.28440174973007
0.273561041427188	0.249898876817685
-0.775482074519069	0.98354448483432
0.27884402917176	0.233797478104555
-0.533783345788314	0.527876349960323
0.686436412491899	0.320824033658619
-1.02338521131779	0.403987205196149
-0.174010595937686	0.0929205736569321
0.141690124079428	0.0543680848243515
-0.221443869104186	0.0712956025102242
-3.45284250285449	1.22194559695964
-3.45228414088993	1.22181665198441
-0.413964180186551	0.387494627833518
-0.532616374074114	0.621849228345851
-1.08953072201369	1.85611975645909
0.709527137773793	0.825136438858019
-0.455338038011195	0.478944137527903
-0.709755717962903	0.678923882996539
-1.02857806866804	0.818874909171955
0.393220623172696	0.177598536190824
-0.312964458405373	0.186436225029844
-0.974683685913367	0.480886218680761
0.159251072645633	0.0298673857617753
0.157971563808893	0.0296806747786729
-2.57447078703937	0.657780381714024
-0.595404829894125	0.484201664459064
-0.102934691500774	0.0731389013784703
0.97122830629658	1.19529435482311
0.317079210134438	0.219531971768859
-0.483088103527167	0.539266685355116
-0.22790912240076	0.207092117910784
-0.0643182317334061	0.0533063846314091
-0.456871518781612	0.424167543008922
-0.388560640072381	0.219453277122017
-0.08369364572518	0.0508929883242015
-0.496550457927187	0.454010745557121
-0.190427416326232	0.175955632437042
-0.430644570641776	0.458095727070872
-0.219631169856452	0.214646041391604
-0.459705390895869	0.645652929689587
-0.478411202918806	0.5669748137837
-0.36598868643167	0.413911353716525
-0.00165054053943786	0.00143022706008919
0.292432001391786	0.359358859608283
-0.406381378517709	0.503891710922612
-0.526760183832133	0.518868170839461
-1.02633567199075	0.815770820729485
-0.598888192815014	0.286537930544884
-0.338291342092883	0.0968475173314605
-0.451396860267548	0.299049420689855
-1.02364266935646	1.1489036393688
-0.866750055145599	0.792749995623792
0.703532659639645	0.618207844675396
-0.176631502011803	0.187198926887775
-0.0444514140620926	0.0428762463042243
0.0851803201297524	0.0767171857732762
-0.549282025603331	0.739584877189712
-0.832880248465405	1.25511766871537
-0.324998175458602	0.41273664121836
-0.436976961657865	0.54271085844702
-0.9429004860781	0.997793285317066
-0.553660326095804	0.501003541335592
-0.770644401156689	0.334882706894186
-0.217493795516912	0.0700823766807278
-0.2302702585623	0.114861955576054
-0.7729915619037	0.932012414638639
0.392097083976874	0.454250149813012
-0.531400713251063	0.744213239263471
-0.105323803097216	0.0917762903638484
-0.576634124129426	0.931480853088522
-0.420484830566142	0.360574657233145
-0.268074229029679	0.220780539912003
-0.486532203651053	0.544066303094918
-0.497275854319658	0.56022925686746
0.175776189250159	0.102074864054941
-0.566364635271778	0.656999463817806
-0.408277905316491	0.410856513609598
-0.0184767708034036	0.012023247016469
-0.0990637223712907	0.0810550112710139
-0.519769983388661	0.577941009181591
-0.137319797034407	0.10785336181861
-0.579739454379516	0.678605651538223
-1.59221775174048	1.88952225821294
-0.299375723665877	0.24297414459106
0.956505007490712	1.16908736650049
-0.0264222767863827	0.017213861593776
-0.14098271178179	0.0957806238479959
0.00150203735172874	0.00105683137465229
0.534791461022522	0.559731457512585
-0.126574828135535	0.0883180778165071
-1.04274250816798	1.08462165538071
-0.522116755546885	0.581331242616375
-0.143979547393233	0.113548295781179
-0.222423120365256	0.201167064971261
-0.0453468354759623	0.0336363636985282
0.0168003366063631	0.00851836700581626
-0.605660147134401	0.667855366286355
-0.943201886057677	0.999614337907366
-0.737241871973234	0.902830189369311
-0.201562590501407	0.183812302358016
-0.0781672918146719	0.0643227951966743
-0.376735352487261	0.405982019165494
-0.227387742305265	0.239365268761024
-0.434221884955242	0.431467406966561
-0.460983259534385	0.428824929647454
-0.128574236078477	0.102816399122413
-2.57421277656498	0.657506382974291
-1.03136830295524	1.35024777879665
-0.617971042913466	0.551654719383338
-0.172164415164546	0.0918444841126707
-0.195996040673559	0.191755630261673
-0.705434253222968	1.16455096657216
-1.02279263404674	0.40371590748429
-1.79763019308962	0.379603777700996
0.157971563808893	0.0296806747786729
-0.625630686390319	0.152156798395567
-0.637717698568868	0.376756257877513
-0.0457802295465898	0.0285675445880501
-0.966194292889281	1.69668350436224
-0.178988549610287	0.19289632355185
-0.206568822642679	0.26018310454299
-0.122292424474586	0.115405016514537
-0.216098139961686	0.13961355683727
-1.00066187883335	1.65959438564648
-0.542173292835052	0.847137775301663
1.27657020644103	0.703033270984241
-0.906599110737073	0.659793220689878
-0.120889882686136	0.0841227480277103
0.112975473900244	0.0862285292858419
-0.157181249783354	0.107603699590958
0.113904392930841	0.0918883553822302
-0.13805899897218	0.129764668429688
-0.255599831446831	0.231144381438868
-0.549301659383476	0.739144722929197
-0.619619323815112	0.553457438069592
-0.552845081887578	0.721538012601772
-0.263069137150926	0.30122718564057
-0.926489268664269	1.6321908835436
-0.277805490619105	0.248397467120682
0.529918814853225	0.189819007683608
0.459779688315031	0.33389777727979
0.186328958847623	0.122168177304576
-0.588927405212744	0.47694214857235
0.197415620533205	0.172186172235296
-0.125093694260029	0.0998738781393907
0.0702314246399288	0.0435952211895923
-0.98672335764789	0.881690482469063
-0.351380615953176	0.310594890236981
-0.46735635089919	0.394408480565318
0.0540666560792854	0.0429268946446674
-0.471927999067507	0.608123923217304
-0.321074434821716	0.36524848278051
-0.252989108646674	0.30390621981207
-0.298847748019605	0.324291918527507
-0.654944073569714	0.717687088937847
0.0462347605078269	0.0418577706829129
-0.165925076701046	0.153538730555283
0.025347066464114	0.0183530370632783
-0.471312037979492	0.555728586252968
-0.586087510649349	0.474299121523911
-0.327259124716641	0.231583806461332
-0.298258856413074	0.136778275708808
0.4536820923928	0.182117067910612
-1.51336055363438	0.537061579976289
-0.907497890401492	0.660390715245967
-0.0505096215558959	0.037539874763286
-0.120347157973122	0.0837462573545828
-0.965493291565049	0.947250846110021
0.211903283685587	0.195937553514823
-0.0696241923850319	0.0511650553771341
-0.274653025278224	0.24486357579387
1.19255453728449	2.02786052070509
-0.733145201320851	0.937246977224898
-0.507374389381315	0.619593336606388
0.934643118093356	1.05416286171352
-0.556377269703271	0.504158748748331
0.511903756666527	0.54547578684166
0.71296552232717	0.902807510172582
-0.812041831967096	1.34484614399983
-0.374451855039766	0.293180373408396
-2.70038557836177	3.15337188442063
0.300846717395105	0.217566167134142
0.128267576950187	0.104399394637222
-0.298726830860961	0.263350778610087
0.343510367055507	0.344264081166739
0.27831288744561	0.24083821349921
-0.500806774776878	0.526928884735773
-0.241400551658791	0.201346921893606
-1.01954203061749	1.14232905644406
-0.430514265455973	0.33074711670065
-1.51555315465799	0.537846515026164
0.168393915595915	0.0499912542478598
0.963167670198133	0.255599708567411
0.17351044503084	0.0436385160120603
1.41063351334873	1.10042967386838
0.0520618386585117	0.0305617817644573
-0.366389456383454	0.249708928452341
-0.475348433713927	0.403040111115932
-0.913027088845727	1.15808977389138
-0.13158616138943	0.122996869428013
-0.514575909274451	0.800183694486462
-0.0208671315412219	0.0198020193674234
-0.0823812922309673	0.0809622114562153
-0.968641903849892	1.7618668388708
-0.14678344055205	0.138832256889378
-0.134671809972369	0.163374871808464
0.214846502417385	0.225421856322365
-0.392019712420857	0.442183877457712
-0.0987708441899022	0.0700608586096841
-0.376297344986436	0.380654528689194
-0.719307886400812	0.245829792820617
-0.300325359119721	0.137731151445461
-0.60195406229418	0.288534306482507
-0.0207483903120089	0.00971049588856223
-0.320477962271511	0.191575374428099
1.00475164644821	0.824865399333014
-0.290108584214939	0.279501846526557
0.36897245461848	0.463818053726888
0.207297050775339	0.208272169092782
0.00619937588204184	0.00556631699464009
-0.583301902232381	0.785626493638438
-0.0660935323924477	0.0588056906178934
-0.048725339361961	0.0446443518256637
-0.436484356651921	0.513937654923588
-0.258234122023931	0.268260231686971
-0.0878999437646257	0.0781990993671312
-0.29630646684082	0.286770068748665
-0.386538002028292	0.457894051970928
-0.250695187476095	0.288616958218548
-0.425408377422817	0.523486015685102
-0.123543975249802	0.109039234661452
-0.248460037037846	0.223501291757554
-0.620326325745573	0.150885642821786
-1.80127875869	0.380587746892248
-1.12881513859764	0.339906487322227
0.17294827606403	0.0435260072159332
-1.7975657981284	0.379599665892429
0.47044254201222	0.343843810320615
0.306564739948826	0.222183923009527
0.47520915619199	0.43747980429989
0.468186611015606	0.341819442287794
-0.129999800513878	0.121412903122607
-0.0135091063285922	0.0125438281980652
0.113031409013211	0.115184900275752
-0.144060553636691	0.186646936107154
0.105180486428416	0.123270134151045
-0.333540141901281	0.511167107878394
0.171496179898127	0.213978804421455
-0.291022655341385	0.441009778185438
-0.122855799468541	0.13137768382465
-0.230416111079531	0.238728403182617
-0.322663092775407	0.193127961031509
0.0407668957631532	0.0223607414733472
1.25006466313566	0.868198869120421
0.696140528705959	0.32596537413612
-0.450390557196101	0.298687014356441
-0.0274474813246766	0.0251041358105049
0.021935731973954	0.0214117192925831
-0.738719459791036	1.06922459034536
-0.0470341940345056	0.0435906196722855
0.105510226788613	0.111732034554937
0.49015835881117	1.04276098483043
0.192687908344388	0.253700745454029
0.0250328620739483	0.0248739976390228
-0.113649433854701	0.108218053072704
-0.158469364754818	0.148580945353677
-0.396109607534096	0.395266482423866
-0.22288252957042	0.218294381935985
-0.0235310569530581	0.0214948557234317
-0.500523261712996	0.587411567390259
-0.522472487971899	0.197429550059794
-0.676258413808546	0.534270473529023
0.310794277597985	0.214404871264018
-0.08497820013978	0.0754590584596683
-0.15585799467404	0.120707619939891
-0.0785591355466013	0.0646445015765444
0.509594152184379	0.61472038798817
-0.259679567045994	0.235378710022468
0.024674094231215	0.0204069929699352
0.579648269473348	0.74385421699091
0.881864052989626	1.28696039166235
-0.564742383028429	0.627030511561488
-0.460214456500746	0.59975481314935
0.118956265682696	0.0937311348945273
-0.0762192081742672	0.0548610413387983
-1.15401616426486	1.64846541191974
-0.0999832504077563	0.0803131642144299
-0.354732129484467	0.438234841180261
-0.143692483917088	0.113349177728141
0.922130962763536	1.33293982697103
-0.378096153380026	0.356934407892447
0.135561261914434	0.145250570830925
-0.199026028608621	0.223991434621087
-0.688716582422938	0.846257591215767
-0.430056160627858	0.457274163499941
0.255393119379175	0.290859722445674
0.549603004397187	0.782333978347738
-0.139140644677324	0.119357575526588
-0.0893543548768247	0.0630928670380535
0.0709894639664513	0.0582757230827819
-0.18796657156319	0.144142207806742
-0.536468542572626	0.558664651431681
-0.331567317373587	0.289577265134274
-0.331532300427188	0.289403855678915
-0.183129630284783	0.121956741834221
-1.1600224044876	0.648304551725203
0.154314056097619	0.0670150898033003
0.840464858247944	0.883917407176225
0.096636258035042	0.0709117789386015
0.0882307729334825	0.0623605365477986
0.376051637139486	0.448950492018142
-0.593244724938869	0.481914236861663
0.686380266382987	0.714708808625424
0.856620602778001	0.907964810844101
-0.565328203136723	0.410186555784936
-0.777713511512748	0.727900103568833
-0.239107781785989	0.176394372419024
0.0750516565597074	0.0488910587213463
-0.0409147231468247	0.0255336342376379
0.447039871373376	0.343057692739857
0.187942726500017	0.145209289486819
-0.0289192457144736	0.0288089718674403
-0.053583678857798	0.0486197026504408
-0.10357739187771	0.0917819278514106
-0.0512970438545958	0.0429366317984671
-0.00774250387919697	0.0066301562172608
-0.297182474483716	0.305381007352971
0.209351965340208	0.210695408103594
0.305814774954543	0.367710355964235
0.514820372760383	0.623674059865494
0.407508380212966	0.514587705650076
0.216218942021531	0.227224445934123
1.24668196557151	1.64332436427431
0.0679610857401912	0.0569659987240289
-0.238870007744446	0.232001270437425
0.16861030615283	0.0903162396057983
0.793276310474555	0.476922663409958
-0.435020927256284	0.286366595244539
-0.0784156459195679	0.045725854730423
-0.384509530797439	0.264346909625203
-0.488871341966614	0.25691714298118
0.00812047033523926	0.00421159659804913
-0.218044642547659	0.164781046393463
0.678581694786992	0.488380556424146
-2.47632423193606	1.37907318283468
-0.986780764066527	0.881069583073346
0.451765865281851	0.181387363507285
-0.173937991213097	0.0927850892526759
0.659107599092737	0.600214682097038
0.455562484321432	0.445221647383097
0.451004251169186	0.439747616289308
0.65171318799141	0.693284166063068
0.552376606507101	0.650746140015961
-0.457137561308094	0.424479710033886
-1.20381377701213	1.4033278331294
0.102030510802946	0.0750675539448914
-0.267541755766799	0.220231259369008
0.752934306917232	0.739273735374248
-0.490203141562328	0.446464564179168
-1.95697057048829	2.48609250300782
0.0863025825161345	0.0587684882380285
0.567260502456238	0.739234596784186
-0.492551625953115	0.553164655422413
0.200739805800298	0.196632820876707
-0.606835562610853	0.78221410915671
-0.259543837898025	0.161866703567013
-0.156969101972538	0.121657466730718
-0.0331323310827543	0.0278288384756701
-0.201668704072126	0.168499231328343
-0.160603627742051	0.124704192899447
-0.434481171925926	0.463438139535104
-0.0974776863760923	0.0781993065651021
-0.00488910062788997	0.00385031491341345
0.71573535768916	0.97630158722197
0.113378324151648	0.0890459506668092
-0.96836728141964	1.49943311854516
0.408374042318975	0.446125411375869
0.343929526899267	0.415945365208935
0.697563038271889	0.611782971247189
-0.988837358500125	0.883886357039432
-0.127989639852369	0.0719309007422335
0.178225791228415	0.122099938096294
-0.215590085029328	0.139337796749139
-0.990737658572001	0.886861054805258
-1.09035815900706	0.746030159793606
-0.77568679443666	0.662662664737973
-0.147351339845906	0.100426395572115
-1.32368686610387	0.829856492867263
0.168253549722163	0.0818196614209565
-0.998410098043178	0.896266452283996
-0.173066551798978	0.11475671947573
-0.101184020691978	0.0718064888572528
-1.81352302981117	0.735065306555984
0.15823182603157	0.0297179405544109
-0.216657809109618	0.0697687117469907
0.91117130925796	0.493466773194757
0.00969977872797267	0.00498644654292727
-0.0693826535241753	0.0420681515986623
-0.330935937934772	0.234564070703036
0.461169176584957	0.436921967284744
0.399818359300307	0.423420651562431
-1.3148138631429	2.38326752901024
0.290335626577286	0.23681837715392
-0.691890440758077	0.890054991584123
-0.0147894839123963	0.0112456596641468
0.27638688563183	0.231358385629869
-0.623002768475013	0.758451156025483
0.336718896721184	0.33572162546417
0.335095527407934	0.350630877506974
0.575222765966942	0.667684331104748
-0.120095994722031	0.0955610712140579
-0.233026936503414	0.242073124345808
0.604324180697017	0.837686697968429
0.802506876869496	0.637847987443267
-0.293382852413992	0.30054100981564
-0.0905830336059938	0.0794520662982286
-1.08704367464443	1.0438228642498
-0.182998480250038	0.139798984344408
0.370096688388484	0.324676730880905
0.585399082041685	0.470166057155828
-0.727460399509518	1.00683366430315
-1.06756419614258	1.7804242951842
0.145821402279834	0.126131974349971
-0.00953380332083867	0.00816045647414728
-0.0251529027800856	0.0191238731252878
0.0583164666867549	0.0464127433754182
0.371459417958701	0.337510878066716
0.191669117025668	0.137912105609223
-0.260497660569412	0.162522653758651
0.615026877300343	0.664888322658074
-0.270037668761205	0.222631689541544
0.0535610684319774	0.0314163945325249
-0.241724218590984	0.178543993834984
-0.455557575200758	0.422426822378081
-1.02587348343702	0.405264690821028
-1.12492122665638	0.338668219085241
-0.620326325745573	0.150885642821786
0.31179691866315	0.226690137001609
0.79634968574377	0.47895182784066
-0.286037352088215	0.207693855707677
0.0996419024158667	0.0754682757037555
-0.834415548166172	1.15921561428936
0.651740141789055	0.693653913823739
-0.438243744225844	0.402010077034909
-0.596732920109543	0.622528310687996
0.119330012581278	0.0965833959115952
0.909576980950962	1.24344648983824
-0.467837158201579	0.496295893659203
0.799598143219987	1.13093701932107
0.278703945227397	0.241134363655978
-0.0462756043841786	0.0386049053778337
0.341039214160385	0.341048646132597
-0.385494012220718	0.417674502721973
0.424230877752362	0.53204143517433
0.195822325767464	0.183152083715021
-0.0149042360282623	0.011334840498243
0.2734516348749	0.249684673271582
-0.289898682816289	0.312157618799882
0.202072386216428	0.167520487515742
0.062099145561338	0.0495241317054112
0.381537882300892	0.337094358293789
-1.59079686493823	1.22060701901865
-0.338771572020578	0.297225864128589
0.693522820529746	0.799202550869676
0.19763167963178	0.16338335522867
-0.782592869795438	0.848190586411251
0.0122645217664701	0.0107101229963931
-0.109241790632749	0.0971881496084617
-0.0691454777324208	0.0555891582957214
0.14000414478986	0.123433299777868
-0.0796424027755505	0.0705108383269656
-0.105255762752591	0.0830125072850879
0.195218716100097	0.146262325924021
-0.377247171504518	0.295952983595844
-0.267205689539437	0.167140516516845
-0.33629615474137	0.268770719891332
-0.311322849601415	0.185413181350646
-0.617068663104688	0.550375760070404
0.0850529166405764	0.0579094320223664
-0.849885131525415	0.908365678832514
-1.27272243083283	0.571491680820156
-0.137226410850384	0.0930348489346162
-0.0932862708434345	0.0545485653947957
-0.788368121527928	0.741506355036203
-0.639403328558493	0.618494768078554
-0.212336701656716	0.178690974658497
-0.214011186666133	0.18033502902445
0.795296728757292	0.858546316505336
-0.270325536823097	0.262765565608865
0.339396136756808	0.330320350650864
0.648802864619059	0.939040073103337
-0.627561058186237	0.766156796392544
-0.247264899652992	0.222314698657605
1.14670768972698	1.18024191268889
-0.220425191119459	0.199117552356795
0.626440044922036	0.681899643172933
0.197738288319757	0.176896571074814
0.0512901608491829	0.0406807853595893
0.702182292831342	0.976481890653084
-0.258592403205708	0.161194410260066
-0.0596427480523445	0.04936023451732
-0.0422188464778649	0.0356235317633608
0.400249585896104	0.423917087366147
-0.389569877945841	0.413255138130057
0.654228752049793	0.69743012707878
0.0990620859534871	0.0727714146331966
-0.70699387919095	0.767659182848852
-0.428698737732752	0.329238695012076
0.0488160465636865	0.0286539356598273
-0.1165007088136	0.0925419117140282
0.318580275009251	0.220432280005664
-0.0172953594181577	0.0112608998267534
-0.0059713831999887	0.00459827508029335
0.790956104519595	1.30024289552389
-0.893862028542566	1.18343543780931
-0.0949373783992583	0.0849622247571812
-0.289503412118424	0.233522631964459
-0.46247850272426	0.430627930483179
-0.18142140444959	0.0970436551918165
-0.498495418164076	0.455969343693307
-3.08203891306948	0.959069086853276
-1.79763019308962	0.379603777700996
-1.79763019308962	0.379603777700996
0.179309290134579	0.117307670145134
1.59035449735489	1.72671613367999
-0.0948544084297694	0.0555321514464605
-0.253975653893621	0.18879698433224
0.0293794405468332	0.0248896604025971
0.101755786015031	0.0945759211052894
0.611709022252746	0.852663553214256
0.125840628308518	0.137521540419282
-0.218546545980994	0.238753702512976
-0.479945293493838	0.702478192532216
-0.0710961107909701	0.07362942512691
-0.136719508422227	0.138527051489938
-0.228225190593665	0.224478056885383
0.779345352674992	1.04168473545138
-0.844970094498287	0.961781387878219
0.090799403684941	0.0642669156843101
0.732799097934224	1.08019248866112
-0.346842380778711	0.488843538698696
-0.178380432702898	0.163002740356279
0.624774568671035	0.679151745669292
-0.0408713680478257	0.0425507511693913
0.200896307172664	0.184429330132746
0.354126249459889	0.415522602428949
0.00890514999589453	0.00630624106346263
0.48894568688287	0.335813708877813
0.158930240430458	0.0770636268191275
0.173150447796982	0.0929561069232682
0.0316033665104572	0.0174417960426359
-1.02413161923323	0.814434246757004
-0.127540441416947	0.0716771495037601
-0.30074371529029	0.137942133610529
-0.220160281526254	0.198883460579047
-0.203859657678387	0.23927514135453
-0.505153473760538	0.687282166771408
0.168648262850125	0.174149431986222
0.0640837006374168	0.0597534710603566
-0.231071741605516	0.269889141359063
-0.33309916708043	0.355567015918873
-0.284921974294259	0.368472936054877
-0.204069311246657	0.190315548507373
-0.300503926476862	0.265190335578281
-0.791267707905816	0.96337658446435
-0.33786544362467	0.319611435936399
-0.24749259049575	0.153445766550532
0.0229892359315097	0.0166494737381136
-0.191595431026133	0.177151300789966
0.338284753866882	0.354800778861154
-4.006279107083	1.72987826782451
-0.6436822366453	0.380989735358482
0.186782327322575	0.139274930342483
-0.138464863429353	0.10887228915017
0.369245179593308	0.335069740915818
0.503514436404718	0.549867854553181
-0.162687533186054	0.138893035468769
0.092997585063673	0.084227355853408
0.21263832164428	0.182479279100581
-0.0384769231034391	0.0289668698070133
-0.207784320257325	0.205134859210019
1.16259990077974	1.65869346782679
-0.238615681123025	0.218365547785598
-0.730427647506729	0.932288842699744
0.579606058955151	0.743693707574513
0.200416012817683	0.17066998450359
-0.677614827813332	0.827799744098486
0.568331389834029	0.895726414822402
-0.190441990427292	0.201165539743231
1.57747500702929	2.19658269423024
0.0720089331235994	0.0605138669639737
-0.367416642429348	0.437574527660713
-0.00724100963816256	0.00557545259932932
0.0321824860639002	0.0272977546075217
0.670330207699811	0.876849439067208
0.968296765019816	1.38760632396687
-0.00260277515404131	0.0016387606866694
-0.3412377678479	0.299811547276556
0.356750159327374	0.310125860630648
0.262186783831084	0.243894158498249
-0.595972287653343	0.621556707445953
0.831383960139474	1.07184911650586
0.44765816617912	0.652026459331641
0.213095059543528	0.227514570538041
0.437035614680705	0.635427970011718
-0.723276633424791	0.919377751116175
0.0965973314038096	0.0860369799823337
-0.384609682245367	0.406369303230025
-0.0956016537041721	0.0677104691309513
-0.474776985426399	0.402490642469006
-0.711493700429276	0.774726738852009
1.03686643975808	0.98346972784715
0.0862076939688678	0.0587123028419159
-0.381220934038371	0.261789799770273
0.0880422622606584	0.0599878154217443
-0.723767624574779	0.247384332637155
-0.723495739913315	0.247436366504984
-1.7975657981284	0.379599665892429
0.678685727410979	0.214982042405379
-1.79763019308962	0.379603777700996
-0.395854104412386	0.224002283391828
-0.318673946516489	0.190484251725721
0.0127250947563808	0.00847542593898882
-0.177742336418234	0.11811643476841
-0.278992171025084	0.249764704082456
0.779500521181275	0.960085377678953
0.0395204144577105	0.0295743138441193
0.0672232594413898	0.0550402312582598
0.0212136654644218	0.0170874607045173
0.674375281177139	0.884311202533643
0.854140874125403	1.20905249357874
-0.30245173559167	0.311782250914708
0.290086600877921	0.252796100325231
-0.934822737716856	1.34411710440219
-0.515940886822344	0.504397148047444
0.203084962835568	0.158210667488775
0.470275572800756	0.448085172541708
0.382396620912384	0.439957461917557
1.3652003901774	2.10827222030457
0.0239534151981784	0.0120282021716296
-0.0599123031069749	0.0538540434569122
0.509659548507553	0.54225213225969
0.358442590600395	0.333349750371819
-0.0501319175438784	0.0312827422914257
-0.778548863310844	0.729053033722966
0.715641784136646	0.472711880613308
-0.530612683090067	0.334800902168269
1.11256755671527	0.849422913533087
-0.608325649009717	0.539990475066424
-0.248354142953964	0.184084649970185
-0.422089492404482	0.32303811968907
0.743967801365515	0.928554052967445
-0.518153348079501	0.615258872998799
0.0314644227707081	0.0260962284611502
0.509469836877536	0.541841936602443
0.513534460720571	0.547501995577731
0.00337927977159988	0.00228508822588192
0.0358072510278378	0.0196786266732232
-0.292852068151798	0.213288009909224
0.0913001177721313	0.0623080607606347
-0.0993721083622827	0.0705025555993385
1.24672437953067	1.51561980368809
-0.0286839270823798	0.0183581208646038
-0.6810619621915	0.592890605801629
-1.67395601600543	0.945887428047691
-1.81738212013859	0.737229580571004
0.3708218679484	0.188025140478336
-1.12825544522804	0.339732258677114
-1.01822870012939	0.401639644709784
-0.723495739913315	0.247436366504984
-1.06811767700394	1.33785373908958
-0.238760888549541	0.260851404109601
-0.476811760624309	0.564031218421905
0.0798094601935577	0.0778888069036662
0.436336400431661	0.517523320846838
0.0643505825146298	0.0513717029887423
-0.243387088795107	0.237058402461443
-0.522496881522791	0.582060609426846
0.276914029452168	0.315541971738098
0.0571882803420222	0.0443470638480928
0.0295611681952871	0.0250467173129977
-0.116772237856809	0.09277196111643
0.521239325692478	0.634173734913381
-0.532665467663404	0.621683100158958
0.273523419761085	0.293176483898501
0.187068230674626	0.134296401204436
1.73619202449411	2.94883167247113
-0.0118331150034003	0.011222320001093
-0.191556462436023	0.202536451582273
-0.0963905665753684	0.0905141430908722
0.204092921898057	0.192115196189448
0.273594232404219	0.249831617211297
0.109001853856176	0.0804876437817334
-0.327511655570981	0.231802681386378
-0.26512949448744	0.217975748574719
0.0608651247604435	0.0472808196081732
-0.0359317343555744	0.0270219681885113
-0.0948907092955806	0.0759812525685721
0.6887921409129	1.05945754374727
0.205366680142934	0.197795197928586
0.53931134333994	0.64666424292313
0.00948890113591257	0.00767072128798335
-0.118951208573861	0.104658335220178
-0.0102588738762395	0.00878109573848769
-0.953797757559253	1.25364218660856
-0.225082362555623	0.112188765163057
-0.776827650344835	0.78498666136572
-0.284391749821692	0.206305042221158
0.316727928557599	0.219023957282289
-0.783810556144342	0.735852619842804
-0.117664311551687	0.0817537485681963
-1.25079521046851	1.35085124327795
-0.984859269726089	0.48796239854525
0.37862726441222	0.192672734432221
0.963018896066717	0.657288805052054
1.40529233102614	1.09468036866657
-0.779108248607108	0.423422383861105
-0.387163718913672	0.218446848260141
-0.379345106527054	0.358250324105051
-0.180685667610815	0.15267518809861
0.179292069942223	0.122914249341351
-0.485137222201508	0.362556369825646
-0.782014309207601	0.515441386458221
0.799471987304597	0.635617894860367
1.2613650892379	0.879806803061287
-0.0838015240245338	0.0489290186484473
0.524357556980163	0.335956999532356
-0.375234884628999	0.37933814685669
0.43866260729498	0.544262925560019
0.464897739661186	0.62070474561175
-0.216648734720581	0.182866057074825
0.760910565094038	0.842891674797524
-0.049627866984078	0.030972905605724
1.06369656070598	1.86353726488667
0.200303781204537	0.165770563830386
-0.126940368751656	0.120261935022422
0.0798357554837976	0.0496713508208235
0.141378654162492	0.163330323348523
0.0797851946077281	0.0729155055908102
0.108459120379566	0.106686735638881
0.449863847298637	0.678896142832287
0.621817621281881	1.05910714479941
-0.0496520077980059	0.0532410396845449
-0.148982622768253	0.150274643170222
-0.0045456793463277	0.00389252695387663
0.130166469205744	0.138823242294328
0.0589989112628928	0.0481098484192645
0.494914649595127	0.442163745127598
-0.391756554976267	0.465799267323486
-0.688123701976274	0.650576534599946
0.00824339893142816	0.00426913861759001
0.0455995330407233	0.0267956595757351
-0.0943190238643748	0.0374192018035695
-0.643412780595941	0.380739819328886
2.13045256551634	1.48991138079644
-0.0169613996484803	0.00796910477256852
-0.142507623970632	0.0509830514288717
0.147802728209744	0.0501147268752412
-0.770356668689897	0.334785804148308
0.670081697347895	0.212111377241056
1.83536533888649	0.717440027680737
1.33543856501865	0.58285380410182
-0.344042706429557	0.0984794926451442
-0.665778049612758	0.694552897899598
-0.304145436301666	0.269140073845246
0.196104635362614	0.187559752446861
-0.525786864207455	0.673619085815069
-0.275741010185421	0.319161942015628
-0.0875520953813634	0.0828383267696636
-0.437866888349468	0.572232580860701
0.279870400907729	0.283313553738262
-0.0268641939158468	0.0248252173702712
0.982714014343598	1.67368318151734
0.41280795694596	0.441142666556648
0.757273196622148	0.837032905685556
0.392494977738778	0.424038031329942
0.219248562011514	0.203784124762813
-1.09270016614624	2.03765086113651
0.149127743815075	0.13525840455847
1.57514079184436	2.61172699892595
0.627689224270164	0.936012273769284
-0.219397487505555	0.22947228722555
0.441207887418323	0.600525612276613
0.0608090709641607	0.0496273969054996
-0.927578221844011	1.05010743498344
-0.846032329526788	1.02210782204573
0.807640250583807	0.974088331502145
-0.418162558382153	0.392318685380643
-0.451690746028733	0.417930168986386
0.302647757272217	0.239300765140982
0.621390472902252	0.583750382764842
-0.230111587581248	0.26457950872622
-0.363804494918775	0.440634731508477
0.137825077846869	0.123999346518071
-0.287574438043895	0.330160042042947
0.312110773052738	0.363864828227098
0.204864698544831	0.224695059327846
-0.300930529429888	0.244475149072077
0.0262915868039573	0.014589108877153
0.474919096235234	0.347574843806872
0.290512450868051	0.228071641039874
-0.31876004715658	0.190566312019686
-0.156660066267703	0.107221786641092
-0.225954674147022	0.11260660757106
-0.178503582979993	0.0954259952179614
-0.052552523759718	0.0229083052751093
1.33064823417075	0.58035171256435
0.964208092721786	0.955395467804738
0.188845586521999	0.140871041305309
-0.0446745437228016	0.0195848250076532
-0.647246885549461	0.38370550422958
-0.757334863795392	1.22936059646056
-0.683270185221304	0.909666246229881
0.404216296549129	0.528817703356871
0.0716006329882639	0.0660507908767379
-0.374305911405838	0.352434537539161
-0.272862542754953	0.196685930760286
-0.115936754805012	0.0804876881317616
-0.887285784648464	0.735702094602651
-0.286198696768309	0.275003186317496
-0.498073914199961	0.61966164273916
-0.270667192651378	0.298240638994666
-0.60959186676341	0.673731523771011
0.193415650323958	0.176546898788199
0.62174557858734	0.583789579182893
0.211083645284866	0.220927392664414
-0.010863204225366	0.00830822334860848
0.0397995424705447	0.0345937738222824
-0.197048551192442	0.192815178128714
-0.410637969335115	0.621002654671382
0.819964983874496	1.41814815917183
-0.711751452739187	0.729831210769027
-0.0245253645769616	0.022882524422107
-0.147320287396156	0.148321971304041
0.899396762366013	1.57769926717574
-0.42767364175675	0.51158628562983
0.34848922687991	0.461603606585035
0.245350450255025	0.313477929210543
0.370375549491237	0.421896395402544
-0.220991006747219	0.199790027142489
-0.452452869816604	0.507815196363805
-0.19849176753388	0.184468558580074
0.953242648217826	1.16265635705991
-0.205681175522348	0.154364080585862
0.0350162910402472	0.0192768158750176
-0.0585434564426907	0.0354500385366693
0.360848888091229	0.182567544508595
-0.132821360581048	0.0747588798471644
0.66609255797667	0.476777913155887
1.36671984923919	1.4584558934662
-0.38649148244397	0.217809897841089
-0.389860050857414	0.220141580663656
-0.176645645886124	0.148821623980142
-0.48541120540879	0.3630213201287
0.468618011941823	0.341997984682272
0.357130460832428	0.200828808381834
0.802073741655673	0.483681506679744
1.01142615302766	0.834520855486136
0.934311596626574	0.818440863267058
0.661191065063939	0.472253087711377
-0.250016692098392	0.185490747649116
-0.226660865368565	0.11301537516743
-0.299274185338548	0.324798794954432
-0.765518345112965	1.20847665506678
0.524816136139853	0.763377913821045
-0.192729034600748	0.2238667008382
-0.187199374145593	0.197171858138173
-0.627255901587786	0.602774462142596
-1.03759361027815	1.0764222870855
0.0144925028979957	0.00732947523403663
-0.66769370877976	0.525748200487987
-1.03294291125803	0.824229579198518
-0.315652217845951	0.321398725547401
-0.0908564160319934	0.0810887545933533
0.17412836208469	0.100953227142885
-0.4508514240495	0.298762936277155
0.05390495152688	0.0417315443905877
-0.934426133356784	1.06112033566372
-0.539352902842485	0.632690986583905
-0.528890020654238	0.655841382135471
0.11310823772573	0.111695860316044
-0.0975868493120613	0.0958398778850511
-0.246253280862861	0.30741443251382
-0.410718409072332	0.573780588614048
0.0750922485046704	0.0763109322607981
0.947297136267077	2.25626990959688
0.400413439808116	0.522220800867622
-0.576665721191525	0.907561091814665
-0.30219499979435	0.382205633594987
0.0344612513832693	0.029263924399961
-0.327099277238049	0.231329685133026
0.109934251516278	0.0837615651495124
0.274449833592781	0.236815754730457
0.397936037929778	0.328021421522042
-0.784039387275564	0.518108951689053
-0.177460439466603	0.0947874572047352
-2.06365828110168	0.934920320105424
-0.39541744095324	0.164713810131994
-0.477961647786616	0.250216747288543
-0.0934903546081117	0.0371047509307854
-0.233172405661082	0.116367880254716
-0.0983094882699554	0.0389944655091387
0.15357905718361	0.0520023014569825
-0.781838148491714	0.846678375753249
-1.0118510280737	1.62143985892822
0.286044757502668	0.263433842619876
-0.270722126388956	0.223199208012083
0.187572870479317	0.116474778833368
0.0614067733738851	0.036073246100409
0.302762478273338	0.219110201010791
-0.991213395883019	0.886717114952498
-0.375062328518712	0.293870297900876
0.554942636974858	0.323741632053027
-0.317323883983192	0.189340468266332
-0.09277050036795	0.0656155483945436
0.00864457129489687	0.00451105408731735
-0.197426548621557	0.196928804334207
0.26699355510818	0.25551353349611
-0.0658616355963921	0.0670749731619062
-0.346640897259386	0.329866089249196
0.00268411054019568	0.00183349629773419
0.189163899636135	0.135980621254359
-0.390982138721543	0.162794573560845
-0.174741431748604	0.0933407510888572
-0.781475308369538	0.425519880429556
-0.301698934148017	0.245271549875024
-0.527698132062045	0.519835945311663
-0.251365843413384	0.186669720293036
0.627983066414755	0.479915363420967
-0.325263546431409	0.229744633786615
0.192610814776325	0.171705727299941
1.15303762273468	1.18938300271353
0.197913529202813	0.153787383442202
-0.232235292777857	0.19266781462291
0.0442593256041005	0.03929987718277
-0.373082025918074	0.55028830545828
0.207506053731025	0.224305617292268
-0.869893586853678	1.61777183993424
-0.263154262033751	0.288273644847598
-0.175653214403418	0.206327283171457
0.349097748640636	0.439846219141007
-0.270542398776201	0.343046343300002
-0.462229432757301	0.591069838466416
-0.384675547932204	0.36453764880248
0.664511830756913	0.606622326353875
0.103038493706645	0.0733478675435937
-0.615178874439387	0.548252247503164
0.676558588301015	0.214207370803977
-1.50884424560785	0.535043767502043
-0.785114627509905	0.428040366431388
-0.212357205540156	0.0684063232030831
-2.07478952228785	0.942495644637827
-1.67483548976335	0.946959089852567
0.450436111391181	0.180774850838104
0.819227685269736	0.343693096468269
-0.931581638946625	0.568213606830377
-0.14562679518327	0.0521020681037095
0.068835209438663	0.0577300756469627
-0.217994556764573	0.164762986952987
0.490078647301517	0.455037850660586
0.430359082743093	0.344526911096026
-0.8469777690405	1.02351342378593
0.529879617191931	0.552813277380665
-0.63695442754243	0.615576005252893
-0.00531413241698424	0.00355339577538786
-0.47675359971951	0.249423787922026
0.294682750760403	0.231841988990114
-0.38419823308517	0.264118639135925
-0.492265692288223	0.448967206226449
-1.14417878819605	0.992251127327508
-0.0409910455121602	0.0341009029733742
-0.230399435794177	0.238583840897251
-0.744132920792885	1.15932027941336
-0.0666047730996289	0.0488755527745675
-1.08354821611498	0.73964386271222
-0.724381910046542	0.247676943012395
-3.07836047129561	0.956774727997911
-0.548220847666858	0.49454143186724
0.310794104819503	0.225860647901081
0.583710794292135	0.468420025420092
0.615753749012677	0.323571684925082
0.395743086241321	0.339522977328732
0.508748619417835	0.323645116077489
0.06591591889658	0.0408903908528037
0.490112032057265	0.337270564579526
-0.640633073567761	0.966312713692791
0.291045409532656	0.402883529706012
0.101055689839273	0.113891785812015
-0.0643811017258379	0.0662610619792164
-0.319323747435124	0.488636716393665
0.232388178922347	0.30544601385535
-0.280676344969707	0.367168138117001
-0.224285149285572	0.291396720769776
0.271145331540373	0.26656019574401
-0.25048491393383	0.155497198169017
-0.173051663959856	0.0923245550969846
-0.323346855218354	0.228234256212076
-0.0491283130960262	0.021464750149949
-1.12825544522804	0.339732258677114
-0.723767624574779	0.247384332637155
3.27424476347588	1.12391188707828
-1.28330874837703	0.577561243284864
-0.620903335937371	0.151058535991718
-0.617055950695462	0.150241664375452
-0.718081625995024	0.245384533690959
-0.334465167213362	0.0958562903993202
-0.625630686390319	0.152156798395567
-0.620473624670499	0.150917804175241
0.150740222782873	0.0577273386353291
-0.687741590573503	0.845185723998504
-0.422467297688461	0.362876248944192
-0.0373834183159663	0.0233465960973098
-0.042492202404959	0.0265175621057
-0.0793278162500466	0.0481988795638632
-0.377689194002371	0.258942684160564
-0.171551036036803	0.113632488054979
-1.59905547960545	1.22987539211321
-0.562035156883275	0.407294443995212
-0.569753279893308	0.414516804647304
-0.228216888878579	0.148292248518665
-0.986244534597408	0.880208970442253
-1.08507103762928	0.740932757514578
-0.658793172684084	0.920541368989948
-0.120407092226756	0.106087009585134
-0.305275361601449	0.365451753619657
0.0166515074967059	0.011636971009789
-0.38738476973957	0.266830183917796
-0.3395018260887	0.0972061822975938
-0.597665296721406	0.28605549825664
-0.523391670583198	0.43370256190572
-0.644565642451338	0.664738097408831
-0.870893134099917	0.798311242666171
-0.566421911822505	0.411479128484671
-0.781058096687658	0.425355795748
-0.0259829574713827	0.0166389518090016
1.25516342876894	0.873012761960735
-0.280232877167714	0.251039769277443
0.397763057050851	0.327786705641535
0.271651939076024	0.273395257211014
-0.662988025437031	0.961476214070689
-0.00506538215395812	0.00433319035176389
0.0381492084150532	0.0369629008183199
-0.512953187709083	0.687631258298179
-0.0856113652364566	0.0898512616167192
-0.173283437006467	0.172568113470331
-0.299910765277917	0.393511418949781
-0.277632732101236	0.287172373966513
-0.377036282630897	0.295663676941906
0.805051816600514	0.486130217876118
-0.959944267539949	0.940159569921958
-2.34387742551921	2.13234649604966
-1.13238809108681	0.341172314702962
1.10444000345443	0.684006340328496
0.450157247009531	0.180608889469783
-0.219176536187683	0.0705544582654805
-0.719569672768412	0.245942451655049
0.153179217844522	0.0518679803975777
0.153267904345544	0.0519012670754554
0.158989511121608	0.0298299152293259
-1.51433726696095	0.537497293520418
-0.625630686390319	0.152156798395567
-0.405534098030504	0.502354501156825
-0.599599469388696	0.658001732043717
-0.374974451472274	0.403535333870616
0.0625557713666952	0.0387719345527009
-0.292652298752895	0.213082220703507
1.13368575038517	1.02487063834266
-0.241329203709118	0.120824984846149
-0.496670680467845	0.373299203375962
0.828185454384309	0.347969212421182
-0.565424143967403	0.410486595503666
-0.317765857762384	0.189870202209277
0.192835663231578	0.126917076754546
-0.60267617078661	0.288531832630996
-0.77871976983584	0.72883571103176
-0.480887199424594	0.252283384271659
-0.642040374479432	0.823948286479678
-0.319522910909615	0.370036292864521
-0.82759370595561	1.38422881252776
-0.332591455522089	0.43551006417289
0.256853960220361	0.282709125611634
-0.674190007342354	0.821574134826163
-0.455521212733427	0.458536899979167
-0.350872341862623	0.357749604301965
0.801602457991234	0.638091284743232
0.780930349031811	1.04506653362026
0.628047031232325	0.684122971575629
-0.250331477704534	0.245147351580865
-0.242702712771594	0.265773082011992
0.479274347715155	0.544369314771305
0.288939337799518	0.359813173564708
0.0448570686154619	0.0391152913493013
-0.428785152676288	0.556693598838688
0.15055957958605	0.150504290444293
-0.449745797146222	0.626570501868017
0.196244156121338	0.199217064355458
0.547378826838824	0.721159033289092
-0.194576898991029	0.218041719164857
0.593855658595503	0.677191915385679
-0.281928336416723	0.204290219293339
0.543152609494963	0.635938534178469
0.51744379792942	0.535764463766612
0.28256376559232	0.237366288191114
-0.395585131731611	0.223966196044153
0.446873783027952	0.342715319429982
0.0109390877099739	0.00559515065969066
0.165045677266138	0.0801988863708823
-0.132596877531353	0.074627984038569
0.0277322807054046	0.015361864980971
-0.387293315200183	0.21862204947963
-1.08711686970763	0.743388189433414
-0.666880453352024	0.465810369549804
-0.782445287688939	0.425578306637313
-0.138165939756664	0.0494965764872884
2.56312502021138	1.4192552129809
0.674624067917918	0.213658555919133
-2.57847696185857	0.659529736545688
-1.16263403021521	0.65085998194465
0.955017933589342	0.253480850166851
0.401654656745815	0.181752172791282
1.95793128711136	0.437766051086387
0.164122988767051	0.0488286730136595
-0.214627712908801	0.0691154905123542
0.162076211336348	0.0482055172019256
2.11780862301852	0.945248734413775
-0.426515505944682	0.327198606666038
0.195891255008094	0.151965467770244
-0.392482221407121	0.467295841403588
-1.04422270193746	1.3765111626931
-0.269616163654469	0.34155601020046
-0.34820966026915	0.534197292231004
-0.712913646976072	1.44667703082405
-0.0892370616280566	0.120964893851729
-0.33180682087352	0.450951734288695
-1.00264957855708	2.08431971745915
-0.374874891167038	0.378799013950258
-0.0818685701503901	0.077100456976228
-0.236701607397403	0.299044019523878
0.59514881080731	0.576480912710239
-0.566188463294363	0.515695701583629
0.164291825140908	0.2132826901769
-0.106654609619787	0.086040303028095
-0.160347954639437	0.179240710063187
0.517026406453309	0.330167249768429
0.0413243603528245	0.0226675817181294
0.0118395060209891	0.00603834601046638
-1.84105145758408	1.16260048903622
-0.396809026795074	0.165457833662611
-0.133934862955753	0.0753623190308221
0.21599814044743	0.243108796568819
0.333728132776667	0.463887164349073
0.13172728754805	0.152617884763357
-0.0711170376184756	0.069221393651457
-0.57896814714778	0.845876957288974
0.0871936065589416	0.0801245146326597
0.0128723573550119	0.0117352581834397
-0.321051870903452	0.406194225204249
0.0334721219085767	0.0242419671909784
0.0339894005773792	0.0288522333644412
-0.244427877522958	0.219391652762283
-0.135080381045302	0.105877064606558
0.186033806416958	0.1481815630709
0.0140793889518184	0.00985378649274591
-0.029951954310613	0.0251186306699674
-0.337924641037297	0.0968088152153293
-0.718081625995024	0.245384533690959
0.15357905718361	0.0520023014569825
1.46455689811314	0.485225385720349
1.04814515184759	0.396350090350494
-0.616620021012413	0.150099962492625
-0.604078733044259	0.289726324219365
0.531358567637365	0.190353154457246
1.83223894779093	0.716336716062103
-2.57821111666453	0.659475059970799
-0.485552076968323	0.255033697935954
0.69123132077792	0.322973341727953
-0.670123491005534	0.528332621405662
-0.777859821829997	0.840920250771976
-0.257243017902491	0.267109422252176
0.046595825075859	0.0359569048584578
-0.35705948685534	0.430119867380896
0.0700949858788695	0.0435119118958933
0.125911047959922	0.104945855578665
0.608299599599232	0.825958123875925
0.333166178735922	0.331276025385017
0.328277342508794	0.214531889167921
0.502722927003944	0.772862196095141
0.379761785012958	0.334959326335316
0.328725890064719	0.448502903052181
0.53214757162622	0.464026206969162
-0.286037352088215	0.207693855707677
-0.233978597770351	0.116878809658738
-0.259584606681585	0.16169804231192
-0.44186167875155	0.291552469017424
-0.195801051209067	0.131128017388694
-0.944938046864451	0.579664952317925
-0.123712858244747	0.114935211203038
-0.209722228553832	0.21749026149637
0.862843601951468	1.18968202665089
-0.526596076627642	0.588257493861332
-0.528295262901984	0.655057462016788
-0.0856611516865829	0.0821127963634012
0.0331413896159015	0.0292545132232736
-0.620947092951791	0.554826679097217
0.275171728750407	0.258306971247724
-0.375021758218702	0.293723452319055
-0.205756183238816	0.241982072320908
-0.305822196695588	0.42423791685306
-0.161802712816875	0.238038091770216
-0.0507794929516203	0.0418181532753427
-0.596306260130342	0.285248215573832
1.0455067302297	0.395217247583679
-0.489273492347926	0.257168847420282
0.154392805413983	0.0522705690038812
-0.978181502954613	0.483691732047367
-0.390733019125242	0.162500608420395
-0.596833166851532	0.285620487906472
0.393220623172696	0.177598536190824
-0.301486473443409	0.138481308496135
-0.0189516923212509	0.00890530420637408
2.12237275162321	0.948156957082224
-0.145229067230335	0.0519186816977856
0.299272092062354	0.245273322292417
-1.54632947877649	3.10681046007767
-0.913755793941664	1.76079150553013
-0.129979201171037	0.121387275606734
-0.0647274542666699	0.0726425696763947
-0.52009957908879	0.861224664085976
-0.404143813700686	0.642495514589937
-0.667283944078715	1.29247675909146
-0.213343517926835	0.160840784431073
-0.137188163142806	0.107804224216161
-0.0549064000748996	0.0408991889373506
-0.399199389924055	0.466934460443258
0.196692886289702	0.179952446299
-0.456420378742515	0.303374073139747
-0.0416734477107557	0.0415045091236337
0.804404213610708	1.22255025473678
-0.0682026185489884	0.0720718810215852
-0.359483709993396	0.344741897386768
0.268771701895839	0.244718749129779
0.0306547794484526	0.0168874931476653
0.18083357003466	0.118362554300289
-0.379222735001488	0.297811827081388
0.570757090342784	0.825554925415188
0.102096745179289	0.0965639305800521
0.467850140946043	0.527136702044111
0.394358677827781	0.457506846988494
0.150803186321245	0.142563841589289
0.450505326251109	0.453080541607764
-0.0946011529263771	0.0817985172943332
-0.279840817957062	0.224354072787587
-0.307668674371002	0.391099176837997
-0.558030034590712	0.688600632437451
-0.473391594749968	0.466984208018376
-0.323346855218354	0.228234256212076
-0.280897109958307	0.2032918527889
0.453674556924691	0.328790902538008
-0.284122583437434	0.206098150980765
0.454731821028432	0.329909619238812
0.0631543275497252	0.0370701513619642
0.0308148835641484	0.0169997443836571
-0.21438664562254	0.161683572890098
-1.23716958808957	1.15051697215832
1.3231335731275	1.54826726530023
0.674270122381644	0.484812358833664
-0.241794193667035	0.178622869936734
-0.716644297344999	0.906497764861333
0.100642578732895	0.0967743468417397
-0.0173950549634751	0.0149792843020325
-0.103693612471569	0.105086223374182
-0.415370191297342	0.492420534924022
-0.821615334040401	1.27695121475715
-0.0660240186232549	0.0484323849825978
-0.0784171696057637	0.0476274347260909
0.0387993532325584	0.0213142730085289
0.0715857528931693	0.0465684002409588
-0.0545995570557098	0.023781990095022
0.287510772397253	0.250183063786763
0.525128818961329	0.456249582047468
-0.442868205232552	0.442504159900101
0.500396971652101	0.545283476960105
-0.00740137499187004	0.00564488955043006
0.390591617719809	0.451877011963744
-0.636749074251698	0.615348432841377
0.203129449641457	0.173305559767314
0.0308946130723479	0.0223712986821504
0.040712508338334	0.0313488881639433
-0.706027675599185	1.02771892332057
-0.289360449059217	0.278722424826795
0.352914330657091	0.198079851567497
-0.561650865355126	0.649197298501339
-0.864928456220509	0.932016319893261
0.397589917162397	0.17962908279386
-0.888383965792814	0.736363523559662
-0.531351373612964	0.334805234743922
-0.678438697266163	0.536921234106576
-0.332268270124614	0.417636079708227
0.445975457863397	0.532711103040965
1.14848137134889	1.30419969298738
0.0774467234298063	0.0525767549921876
-0.660565025354193	0.687337390475097
2.18064803903588	3.48284998085386
-0.180842092996743	0.138128897288216
0.310232623986807	0.225404812688781
0.346551502784603	0.212161023950092
0.653264922387423	0.593050852794613
1.06753605302216	1.13932379102306
-0.716489833216903	0.782200592596958
-0.153426621677886	0.104877787433008
0.316353632626901	0.218994064211491
0.382901617400777	0.527395960091397
-0.744943497351362	1.31209498378893
-0.179093962932883	0.200923738955626
-0.223824568719527	0.273662000025934
0.0513122637295975	0.0457896101772711
0.0483376579375475	0.0373281265898886
-0.0671054055929963	0.0406633780028724
-0.390573939502507	0.220278149504054
0.276818817376415	0.260181426085791
-0.0426863020331685	0.0266213271845733
0.0113309344459665	0.00796903675177155
-0.274412375126456	0.244818816411573
-0.184824830443678	0.182568291764342
-0.251330628646836	0.246291139096727
-0.255118611396919	0.245336506002965
0.439427750689223	0.597191062787271
-0.18336092434829	0.203535336937457
0.118223048012396	0.117301321303862
-0.341706088049664	0.367216757903023
-0.66892756431156	0.812553008717054
1.49402637196714	1.51181193009101
-0.526147380631302	0.518001349445646
0.173213102861638	0.0928119344373507
-0.782331917299454	0.426196800110543
-0.230259373579756	0.114995498193243
-1.73878779946538	2.27234061660073
0.151768107443001	0.0581883604843956
1.62551739759562	1.14315979964961
0.692532404089303	0.323793911411476
-0.0961973175087169	0.0381754760162591
0.529922778294509	0.18974393081766
-0.481332374340611	0.252453037367173
0.564349224817483	0.330131668654061
-1.01856232210606	0.401844162864408
-1.3217459244553	0.827167420109359
-0.0848040369353296	0.033769155884081
1.04814515184759	0.396350090350494
1.57596248494267	0.782160521053719
0.198209111054177	0.17733811138723
0.19628491869658	0.175406406423932
-0.336529589665729	0.406304821428676
0.256329161181665	0.260674503925724
-0.297673805207444	0.344849594429634
-0.618937303909399	0.938647697300629
-0.782033419375109	1.42251957289776
0.0573341629270343	0.0336416850986245
-0.0703378432694292	0.0426415477773681
-0.0310986387066021	0.0233576260709429
-0.149257729746227	0.101833199027946
0.319689568620952	0.221586437266622
0.245002281690677	0.285894997024158
0.195938062421062	0.170832809455649
0.45775300034379	0.583209971640364
0.0186735297696104	0.0130339633898773
-0.259157660695073	0.161425962319253
-0.0106487771020241	0.0051348945624492
0.184867145262139	0.147185057690294
-0.170387147179007	0.0908577531326779
0.105024078563678	0.0995661224945878
-0.114671623364709	0.124975304091572
-0.285877533908831	0.274608532957841
-0.0275306119010233	0.0209401136359125
-0.993640384619715	1.42185457871206
-0.344934143330851	0.327813310743779
-0.247608223285029	0.183526079275337
0.0171405057592748	0.0119772767477533
1.01563923155634	1.21796080877763
-0.261483178165532	0.163191445801744
-0.287389437730059	0.208821318475375
-1.14515300522163	0.993747245588709
0.186350715350333	0.108604847136848
-0.0148461388796678	0.00967649403467323
0.930916432399212	1.04813215288876
0.290286070624019	0.236769040193872
-0.180397474432405	0.120033131427025
0.750444667687732	0.735550333297892
-0.0768392874869445	0.073136211315508
0.206962574837162	0.234654788084325
0.0451520844387793	0.0422375301289905
-0.361304912674337	0.407090128684414
-0.0111398356650452	0.00851096314277517
1.24301281741007	1.50898803798088
-0.17870225553489	0.0955543432050226
-0.298166966011736	0.136855825076629
-0.085528121503151	0.0499628132195586
-0.178518467300697	0.13615657365164
-0.32805623815948	0.232251351343463
2.12883203402794	1.48775949204751
-0.317513669151939	0.223506645905405
-0.235238407607612	0.117551056876538
0.180930748729432	0.118456201453508
0.501768291984461	0.450251736043972
-0.879557628159808	1.32267932409374
-0.843974121835155	1.07338285973498
-0.277851680134743	0.287419389653096
-0.727617526997155	0.92740893967643
-1.13855869630595	0.985825211550445
-1.03096104702028	0.821356758918465
-0.0957442504832234	0.0379964703856535
-0.0441449046699528	0.0445416260744135
-0.216609254324872	0.225895722066814
-0.164312054836516	0.151928505652183
0.265942452400611	0.266461115387167
0.441780888359795	0.525969171631724
-0.135620939574231	0.127214968577754
-0.0536499253330423	0.039900501139604
0.200875800281818	0.161492870188109
-0.0628917539086731	0.0521591507712326
0.0438011713453543	0.0328359277777486
-0.647905162024371	0.669621389474515
0.259417442270186	0.264339084178444
0.175940063573251	0.18589180084596
-0.900691299348209	1.5501306498584
-0.784273654665914	1.47034799686036
-0.434071014022072	0.509808457058009
0.372255950418376	0.43411050256302
-0.140087108308443	0.110259509114605
0.741629003014523	0.621169167441892
-0.444840587636172	0.294362560346038
-1.28442374880414	0.578190185108721
-0.907497890401492	0.660390715245967
0.172978039101732	0.0927690223655275
-0.770356668689897	0.334785804148308
-0.391059178972734	0.16257101081712
0.0587330273511323	0.0344735554777503
0.147802728209744	0.0501147268752412
-0.688788184706255	0.602219364849956
-1.04936524152935	1.09539736908539
-0.940662902656824	0.995626458053329
-0.476690586704974	0.249449034382059
-0.212950112008515	0.0686100611095293
-0.0173522542132245	0.00816670614212101
-0.0500167753447528	0.0218436954314373
-0.733795703581495	0.251128199564218
-1.51433726696095	0.537497293520418
-0.528986196837383	0.796759260211707
0.332016205629135	0.447604338284556
-0.155465457897613	0.164302353227336
-0.0178249014748245	0.0165675912458477
0.0251334793192903	0.0212643045339811
0.358621350726412	0.491466129158018
-0.316505127457454	0.340770368944915
0.112780653980778	0.121734457621973
-0.526689573648575	0.812176067634653
-0.109018911457523	0.112472830854557
-1.01849537733932	1.85938642278366
0.593263332182096	0.962446001152951
-0.568937485006725	0.890480618080797
-0.338368934287892	0.362702989398134
0.432520575912891	0.534547540333052
-0.376494725243774	0.326859197340649
0.939257393423915	1.43549993725888
1.15230810448725	1.42605794683428
-0.317013478430653	0.189303846870437
-0.771455721138399	0.335142375900149
-1.12379649940684	0.33819735561451
-0.61946410648704	0.150698865008898
-1.13238809108681	0.341172314702962
-1.0213509823134	0.403162852904808
-0.619895187822925	0.150839789138775
-0.089783731268869	0.0356915480451247
2.11842867036876	0.945672460079198
-0.0974799324302441	0.0386746458615092
0.16055767405821	0.0614865317109958
-0.210317703048738	0.176761296974294
-0.712217410660204	0.682052291854467
-1.34582796422053	1.34581834391716
0.898162767137673	0.484248270463063
1.4604038372023	0.483769829709272
0.167164301060576	0.0496616909525181
0.159042375477486	0.0473891494040675
-0.222293779511269	0.0715857182392033
-1.7975657981284	0.379599665892429
-1.7975657981284	0.379599665892429
-0.620473624670499	0.150917804175241
-2.57821111666453	0.659475059970799
0.0932539700368456	0.0990594800077877
0.041894193304076	0.0495665112027219
-0.180460605825447	0.213008794264643
-0.192674381795641	0.2269985216155
-0.218390466674276	0.265624394455133
-0.213406402990376	0.301825447600004
-1.01844736205785	2.21871912212785
-0.0363435116492653	0.0381069657271307
-0.13041762457246	0.145517862865715
-0.241432189412568	0.295826166748659
0.128894928355017	0.148950703007589
-0.572556224297613	0.833435239725241
-0.492049625714981	0.857529981757171
-0.047208848894572	0.0426775855796826
-0.0523812236654723	0.0389495480082341
-0.617970325203877	0.551464177468219
-0.471765591008934	0.46511701714894
-0.228183961861441	0.113904416587386
-0.334222652007209	0.0957594598898438
-1.50922180218546	0.535188573690381
-0.711699744842696	0.242910015965495
1.4604038372023	0.483769829709272
1.27563522489267	0.703097375299879
0.172223255009213	0.0433240097489323
-0.390894601125623	0.162597023688012
-1.02338521131779	0.403987205196149
-0.702923990505257	0.670236193333704
-0.380036979053664	0.157770073628712
2.11784059999101	0.945083067174483
-0.620473624670499	0.150917804175241
1.04033415471618	0.393059276990575
-1.12725353624624	0.339405023147411
-3.07750490916701	0.956880231933195
-1.7975657981284	0.379599665892429
0.18127730244519	0.0453161194650634
-0.343432234206214	0.0982903961052269
0.159251072645633	0.0298673857617753
-3.45172595803352	1.22146685013561
-2.57821111666453	0.659475059970799
-0.499955345428096	0.730919857992551
0.0759247741513745	0.0865350466471499
-0.333484358951101	0.517523115452083
0.204050712551097	0.262001102549508
-0.336397053133337	0.509984555296783
-0.232195520994803	0.317910873167467
-0.0845323107992158	0.0937728299699864
0.0628907238542768	0.0754166115569416
-0.590963682082265	1.039619757831
-0.765864773937595	1.63734347585734
-0.14959325085383	0.18773005683073
-0.228013847749261	0.307153903291851
0.405227985214277	0.520512374108092
-0.247725156127821	0.284601448002882
-1.39654319405739	2.36989358079878
-1.13338534815793	0.341498686250824
-0.625630686390319	0.152156798395567
-2.57847696185857	0.659529736545688
-0.713530904693494	0.24358896051996
-0.620903335937371	0.151058535991718
-1.12949217626836	0.340258306499887
-1.12725353624624	0.339405023147411
0.1514350610026	0.0512711296961562
-1.7975657981284	0.379599665892429
-0.339009514545445	0.0971276143948088
-0.975502606486955	0.481544787768246
-0.385024160664114	0.303330443603574
0.961217281403776	0.654385869722763
1.0418455851348	0.393863567086238
0.17351044503084	0.0436385160120603
-0.330743055504182	0.0948165849361726
-1.50884424560785	0.535043767502043
-1.12881513859764	0.339906487322227
-2.57421277656498	0.657506382974291
2.76095211479574	0.768066673537379
-1.79763019308962	0.379603777700996
-0.625630686390319	0.152156798395567
-1.7975657981284	0.379599665892429
-2.57421277656498	0.657506382974291
-1.7975657981284	0.379599665892429
-0.366848434567936	0.457985757119597
0.00549811888851715	0.00521822981069126
-0.795934236386951	1.63658400570917
-0.101238982413503	0.110255160116281
0.0975778614475381	0.1068873143791
-0.116084016049783	0.138108053709099
0.103200683607014	0.0994532729424962
0.334828832456756	0.44550484818254
0.036852927617761	0.0362046070656441
-0.621009386927369	1.09958308782584
-0.686833147852691	1.32707523501787
-0.0607446855498533	0.0637617935702364
-0.416622273626629	0.609663447454061
-0.650019960541822	1.15591233815642
-2.57847696185857	0.659529736545688
-0.334830546749113	0.0959542136262779
0.956455214607419	0.253949648163622
-3.07750490916701	0.956880231933195
0.16934280349587	0.0427080042196444
-0.770591392983714	0.334757723037643
-0.144020047735162	0.0515375168009224
-0.621333103088639	0.151104040920032
0.166279076961167	0.0494077549790747
-0.317132927655029	0.189419646196111
0.151445081617546	0.058050474436707
-1.12781381973937	0.339579374120096
0.827624029735347	0.347817645508971
-1.13282069800183	0.341231258763963
-0.333856458330646	0.0956917261764247
-1.7975657981284	0.379599665892429
-0.620473624670499	0.150917804175241
-0.620473624670499	0.150917804175241
-2.57421277656498	0.657506382974291
-2.57421277656498	0.657506382974291
-0.616620021012413	0.150099962492625
-0.337318918589577	0.0966140796949229
-0.620473624670499	0.150917804175241
0.15823182603157	0.0297179405544109
-0.584308263889598	0.472402726502832
-0.619401580407184	0.995172420446086
0.327725899347716	0.50956374224887
-0.0451545731208491	0.0446144682142663
-0.292705504243775	0.375565571033024
-0.364661410513085	0.53384077086234
-0.128846854193104	0.140485595205421
0.0615518824317099	0.0651779470742258
-0.150659325815594	0.185832298685016
-0.420556886071365	0.641713405986606
-0.365427826235071	0.554362827852449
-0.488279239326694	0.707085573848717
-0.507436420468454	0.731748242966674
-0.454715730556825	0.59054825510226
-0.177907749356333	0.118241614628519
-0.334222652007209	0.0957594598898438
-2.57821111666453	0.659475059970799
0.157971563808893	0.0296806747786729
-3.45228414088993	1.22181665198441
-0.339979595307007	0.0973896500376519
-0.617055950695462	0.150241664375452
-0.338291342092883	0.0968475173314605
-0.330132381247513	0.0946218617454948
-0.142009262622938	0.0508568843140688
-2.63345567338282	1.61273851471276
-0.328599971690008	0.232671347144759
-0.928575703729491	1.12155960078148
-0.632357320939112	0.609664679195629
-0.477947966087867	0.250408185124714
-0.338530582329419	0.0969729638077002
0.450683434548942	0.180825621031609
0.690322802043779	0.322793372224804
0.176818183184722	0.0443715906559113
-0.765157959167496	0.331787059450165
-2.57472877667238	0.65760345889815
0.159251072645633	0.0298673857617753
-1.12881513859764	0.339906487322227
0.158989511121608	0.0298299152293259
0.159251072645633	0.0298673857617753
0.1732138890056	0.0435401196761172
0.159251072645633	0.0298673857617753
-1.7975657981284	0.379599665892429
-0.619895187822925	0.150839789138775
-1.12881513859764	0.339906487322227
1.46265753359042	0.48460907431551
-3.08160228540496	0.95864568534502
-0.617055950695462	0.150241664375452
-0.775728201889897	0.66284458481675
-0.855070582180387	0.916862192396832
-0.452896687473029	0.587368171987206
0.0857008989100036	0.0772287549042977
0.135473555315342	0.113524841755954
-0.121680766194804	0.114805737266733
-0.101458361421714	0.081584162706956
-0.728229086755598	1.00801017091481
0.190602154329831	0.173696356253592
-0.301875286703679	0.266741341588029
-0.0133521150370806	0.0101714284758503
0.199794655808124	0.191569210737392
-0.143356232959406	0.13529724080136
-0.89367119898319	1.18256404543169
-0.449970599863997	0.503972554657637
-1.15133286358981	1.95705213718699
-0.534332963359268	0.749832933124517
-0.829771028770072	1.19936065672779
-0.176006992045438	0.116838821366534
-0.778705659550862	0.728855587351115
-0.339979595307007	0.0973896500376519
1.82948417010899	0.714838990299682
-0.716259781908703	0.244657557065158
0.673048421642057	0.212994504688281
0.678685727410979	0.214982042405379
0.168393915595915	0.0499912542478598
-0.517264023236703	0.195228260106643
-0.982457998795794	0.486283958666987
-0.337318918589577	0.0966140796949229
0.17351044503084	0.0436385160120603
-0.979848973512684	0.484566739810318
-1.03210474073006	0.408333117568325
-0.522472487971899	0.197429550059794
-0.444753824284351	0.294206529709045
-0.484276426866284	0.361898820409232
-0.140479207517667	0.120625143164875
-0.644322989662589	0.624981536402923
-0.761618827551024	0.330213519883693
-0.771488243152846	0.335335531760716
-0.234362366044949	0.117098664307339
-0.515760744495211	0.19459595864315
-0.629952122229771	0.153143156080765
-1.51433726696095	0.537497293520418
0.951724523631597	0.252769110062367
-0.619895187822925	0.150839789138775
-0.216065077755523	0.0696082875501244
0.154259314455831	0.0291924198815566
2.75805496536761	0.766752929661107
0.15823182603157	0.0297179405544109
-0.624183598429151	0.151840837481169
-0.719307886400812	0.245829792820617
-3.07707720857862	0.956361112132394
2.75805496536761	0.766752929661107
-2.57447078703937	0.657780381714024
-3.4565767152091	1.22430361707387
-0.430372206672572	0.504484770635134
-0.483233843016409	0.67871884660819
-0.279803445992358	0.25059855563653
-0.538551030350772	0.561739040945777
-0.0511662661989691	0.0502031083995473
-0.795756673642486	1.42009580900343
-0.497026948542402	0.581719848602609
-0.209819807431927	0.1763186995874
-0.30122314756946	0.24485270015872
-0.0265789076370677	0.0170148300624906
0.430410236984718	0.427545618683032
0.48351512677322	0.536050083878635
0.310552635196031	0.225619680063478
0.0190044830914489	0.0132684077248753
-0.465552417273176	0.392388655504944
-0.533319098810134	0.444134890583253
-0.436710227473575	0.466409807906004
-0.269617416423453	0.222242605815921
-0.491982904304479	0.448589851605203
-0.81712096393001	1.40120837247946
-0.63937991091724	0.993004736224911
-0.434850159940606	0.539795310603876
-0.60103229244942	0.900377857158859
-0.343052518976407	0.325651460369245
0.312221245390948	0.227028180514415
-0.652556177889718	0.387492587608469
2.13166754231155	1.49201822904909
1.45666446949956	0.910640892240451
-2.29397563234885	1.1587329631602
-0.137929157472983	0.0493967884107149
-1.13238809108681	0.341172314702962
-0.528029868265399	0.199694283747866
0.0424280895250675	0.0232947353765373
1.26211919896222	0.881658299926275
0.1732138890056	0.0435401196761172
0.0135998634091958	0.00691164812256334
-0.21725219958623	0.0699489287533772
-0.0245262295506124	0.0157212733502488
-0.291613179772247	0.255836849809879
-0.506318883534471	0.596546829121947
-0.310893535531929	0.315509347467089
-0.374819854476935	0.403269652386363
-0.567862825622991	0.631906901478898
-0.693709440877871	0.607843651472543
-0.0462888180658934	0.02025213228568
-0.936545634532641	0.573165577174882
1.06632392555289	0.514786948757726
0.164468653517054	0.0489167663284228
-1.02839204705132	0.406425713646344
-0.771129058558146	0.335259480492157
1.82719449155949	0.713494970764503
1.46209127003869	0.484377128190959
1.46067242606004	0.483688692701864
0.535308159768992	0.19186644934071
-0.624183598429151	0.151840837481169
-0.719921406038465	0.24597629720829
-0.617055950695462	0.150241664375452
-0.619895187822925	0.150839789138775
0.176818183184722	0.0443715906559113
-0.334222652007209	0.0957594598898438
0.956021254579335	0.253830462538477
0.17351044503084	0.0436385160120603
-1.12881513859764	0.339906487322227
-0.386867997025013	0.218270274288035
1.25508310344768	1.06536419337453
-0.432604544936041	0.37361580488113
-0.321191462345913	0.520029833948933
-0.0393760967267484	0.0499652528476911
-0.167991440679695	0.207523983752086
-0.479583928199102	0.813781407751029
-0.216901926342544	0.240500602644741
-0.540292692164016	0.564222652878182
-0.452639331243006	0.454993808728437
0.149173995582458	0.0505642485186703
2.27389419163041	1.76174337324923
0.800412117434422	0.482992352675612
-0.720199314130701	0.246072307343885
0.182161195721111	0.106032322782428
-0.147476920870957	0.052745358247413
-1.27728489514151	0.574335372221734
-0.146953998150778	0.052560093694441
-0.980514066994185	0.484874492168627
1.12452959228591	0.863049935403483
0.819227685269736	0.343693096468269
0.448524252970948	0.179929065158735
-0.494705695046045	0.518338583052883
-0.402162859795032	0.430581117273781
-0.0127171423055223	0.0118092360330153
-0.520706096983775	0.702194087838639
0.0738412610483248	0.0739135608863951
-0.202252677699676	0.263504829191087
-0.035231965350752	0.0356490113357521
0.339617015449017	0.460633847758118
0.531679839371579	0.724077218036532
-0.473168404235749	0.558285412655405
0.130325794709248	0.118999859151375
-0.541643643227105	0.342958641428504
0.591083209359988	0.475999274279779
0.736297592893384	0.837503383889131
-0.183973477828132	0.169154647610436
0.132685082776376	0.113729716834784
-0.600291226463912	0.287758668770124
-0.603193371127127	0.850701688216596
-0.261889733364723	0.214887607591628
-0.181929349853873	0.170426748050661
0.266472160401841	0.248485065448773
-0.835577804874244	1.00330947529118
-0.333803770119985	0.23679539777862
-0.71870784965932	0.828385366352851
-0.786077710212628	0.519209929298807
-0.0362582390826175	0.0231889062799145
-0.658361967102109	0.45854198189789
0.296851554429998	0.234004251232025
0.173868247030164	0.0932875267211766
-0.0700375424017645	0.0424554245761846
-1.05199843285328	1.09866110897774
-0.452624479501099	0.3004707255608
-2.47097185027833	1.3738972672375
0.970794303541224	0.964400703536216
0.180078145540707	0.111461459868601
-0.775716453072317	0.591960847020935
0.0155117475705084	0.00783277850994967
-1.02216112938711	0.403514019139426
-0.482135529095856	0.252914306995921
0.452859978363211	0.181829310237086
-0.184017506457779	0.122603725658315
0.389855077533385	0.709945935240603
-0.263306125774076	0.462461647718912
-0.0860768092959644	0.11191899639657
-0.548496471740757	0.822639266865751
-0.348909396810048	0.492657959159786
-0.418123907190498	0.538074549422836
-0.258173526331026	0.371804988926918
-0.0161317465284686	0.0190133751648095
0.0841975522662107	0.0549898186281368
-0.523373044512654	0.433383136816269
1.25601811411104	0.873893743373839
-0.518644858635781	0.195729988241304
0.451765865281851	0.181387363507285
-0.601008956207657	0.28779238853772
-0.724996456084797	0.247901521017459
3.27025913837768	1.12233669524588
-1.68007101225449	0.951069583465445
0.162076211336348	0.0482055172019256
1.09416409619837	0.675214271535251
0.707759723243371	0.332236351278622
0.167508913203689	0.0497372165616833
0.678685727410979	0.214982042405379
-0.113471889107854	0.0810450074277009
-0.303957414893505	0.331158463815945
-0.238627984808654	0.231651468614248
0.325725904497675	0.322065375048139
-0.600959061096604	1.1583481693509
-0.102518843939659	0.140841121374885
0.0860730904340819	0.102508744225826
0.6036292311529	1.44115215903301
-0.152352474877279	0.20462983179642
0.0911908630169199	0.101728377141912
0.0324368749945398	0.0333273164322522
-1.17680207343154	1.20554133785669
-1.19512130814653	1.38757442773511
0.149424372925737	0.129495386491332
-0.107223506831254	0.116012083762225
0.805553017438205	0.873243565859108
-0.186198898962097	0.124189267219227
-0.27607980261963	0.38756239268441
-0.26583346199113	0.257531663220345
-0.0460204229267856	0.0383709220534465
-0.203020389825171	0.169759198195416
-0.115394308023519	0.0915893372902785
-0.337017457316529	0.269503664007082
-0.178989436262006	0.118939180803461
0.542347188168522	0.451327125610709
-0.13977114434918	0.109981504792078
0.294928089727451	0.257731185664788
-0.342128629893775	0.346360092050393
-0.379966468664135	0.26082185373754
-0.563219290364212	0.512279033870995
0.289212162088868	0.243802599741876
-0.0120368410671697	0.00786106490910583
-0.335153972639271	0.267717864546332
-0.422611486244906	0.397333750204802
-0.384431474954772	0.264320061124576
-0.413607895130181	0.314880856607424
-0.352349165105692	0.336561519601514
0.039937588797611	0.0307494056530363
-0.156685609191061	0.133252022024196
-0.0578874228229211	0.0361614168735131
-0.360300172590378	0.413740914151828
-0.926852772848258	1.32487751014693
-0.513824129140511	0.193894300368019
-1.49025064931165	0.753058170718835
-3.07750490916701	0.956880231933195
-0.0923968324032759	0.0540413665060137
0.273551140683992	0.440024491605037
-0.0782953275034486	0.10947997522031
-0.217209050705913	0.29285808313453
0.237106795265277	0.329171387852933
-0.257401003010754	0.315204836895587
-0.305102975021745	0.402258946727885
-0.291470257824934	0.376565158528474
-0.148419788459143	0.193264467946918
-0.0911928997280312	0.107942193248847
-0.128140116961829	0.171299191956586
0.922271144604995	1.03320509796708
0.425865532157656	0.446755321720799
-0.531135103954321	0.33505021995067
0.816809459654462	0.342338612302413
-0.383811026279003	0.15951798509662
1.09123292622491	0.672472630838431
0.00972376956727165	0.00504416989565189
-0.619895187822925	0.150839789138775
1.46252223765758	0.914760051941877
1.08840860744267	0.670876017287655
1.33686934913081	0.583851214307558
-0.337924641037297	0.0968088152153293
0.161557524205252	0.0545946857697164
1.04881966420667	0.396662545686339
-0.605116180472626	0.63406965619777
0.347692271028107	0.349412926347691
-0.43408598050167	0.538698974980237
-0.145491686921694	0.125433830980226
-0.392032388403335	0.557593872895175
0.774076838891767	1.69937409162572
0.32784284589436	0.446987208888049
0.114079570231475	0.124898614823199
-0.400186910054391	0.621325785021359
-0.116576300372259	0.123946340901209
0.421738761800871	0.606037313379184
-0.786158501742084	1.3113852538747
0.0222076984772022	0.01835707902833
0.510049483183059	0.682660664698614
-0.338321715035985	0.296655730141054
-0.239545224075797	0.176726087301891
-0.677890419245963	1.05776035564878
-0.0795144298469373	0.064279367935969
-0.460650535399741	0.486459847032244
-0.676985081566784	0.862367154769101
-0.0250846886760248	0.0160739247215589
-0.505482746842157	0.533048807068219
-0.672406444444428	0.530753730190398
-0.0532201975703429	0.0395895117316594
-0.108821808764634	0.0775111943893643
-0.788164420370231	0.741306474769816
-1.34087858920593	1.33983261536554
0.0508488376161232	0.0298105185345239
0.484629212041951	0.448621382744232
0.627740162650068	0.591233566308528
0.0678003378258177	0.0420700081451234
-0.0980099591806404	0.0574254376796185
-0.047395482105751	0.0295531597655039
-0.0634555002322861	0.0384269016058984
-0.0245747065446181	0.0157452901112938
-0.108643862954234	0.0774286661905483
-0.056855496512027	0.0344213213136621
-0.85023858344626	0.971180851818334
0.0560650363297847	0.0667037696468509
-0.420183955017102	0.567125114809833
-0.342584969212709	0.505450242170238
0.468032261074529	0.613696938210734
-0.373230060660096	0.468150990696467
-0.50063257154611	0.718110014396035
-0.175710113824433	0.203539097622256
-0.355574172127813	0.447775289133717
-0.741821471446742	1.19165435716861
-0.293083313241707	0.331962209165265
0.394708234010838	0.598676157822884
-0.230457217699136	0.191004135273461
0.0850479246062271	0.0578950100938502
-0.780383806724096	0.514020259701614
0.189262461119601	0.110332214830889
-0.392156298774608	0.221536768132681
0.69621665040138	0.610044193796855
-0.173660690128308	0.092728523985244
0.012360595640394	0.00630033700736596
-0.0885029937124332	0.0351965326396043
-0.387593148133725	0.161202448597226
-0.394287544706015	0.223053822271799
-0.095147863469062	0.0377260358882857
0.792108308613032	0.476030881124814
1.5339222215619	1.31840702873835
0.599739014999888	0.582349908790224
-0.566067247473246	0.728263254741875
0.420949125978252	0.526348887887155
0.506205113645585	0.704772275554073
0.210792561117549	0.247176910386753
-0.619811894474578	0.941479285022232
-0.656859122122367	0.884056270475938
0.443844048834517	0.517157606254117
0.400029691728247	0.343731110875347
-0.101819822331013	0.0723200966953493
0.568582727717511	0.638197339717826
0.187282887788812	0.12890353332676
-0.336707066329327	0.295049553385134
-0.402753424877732	0.431345064268768
1.03969509000519	1.43248748417302
-0.884744560052109	0.732436578497462
-0.58941646580397	0.612102457884352
-1.10088868903045	1.30471679553695
-0.0999990126124655	0.0819214956126351
0.0710372512710929	0.0462019749279651
-0.42882386524746	0.404739484089963
-0.143451161907929	0.097526880970524
-0.68103156556021	0.539397622940591
-0.777247163122771	0.664046481558814
-0.0139865752005396	0.00664999932221124
-0.174393276745765	0.0931467532945084
0.423893856869223	0.338228460297162
-0.259475274611516	0.16180396228617
0.872027625867525	0.647917848667052
-0.318435429175601	0.190009085000563
-0.887497182642219	0.735307795122948
-0.881956153675796	0.729382635801991
-0.384266124157706	0.264185382145167
-0.480128584027862	0.25159002671027
-0.143611532931276	0.051362924221021
0.176198594345128	0.102236529144506
-0.0546995164069464	0.0238226612314722
0.154259994847726	0.0748895715990439
-0.685465750396551	0.598066096109039
0.0857844950290046	0.0560527775552462
-0.17181326960902	0.0916447682244994
-0.67335496620253	0.531430557624673
-0.525775865771978	0.331019009191619
-0.327985319867029	0.616687031595557
-0.457452429857737	0.953770329140743
-0.0659671293387199	0.0845400120582162
-0.643903021941051	1.00323756598043
-0.872515658160017	1.67336037769902
0.532206545344159	0.830616559099818
0.154805661108021	0.165700191878875
-0.732232523039415	1.37653611991895
-0.122560510026235	0.150064463246493
0.183956856853056	0.226581584685355
0.254583932023277	0.3549845962135
-0.0121274212079891	0.00792224147343034
-0.297382548646241	0.241163425185986
0.516490019297918	0.329766753072557
1.27855875158651	0.704866524537988
-0.514641699367006	0.194166196064157
-0.716578513626022	0.244664612220419
-0.141170625545892	0.0505594730534322
0.612929763345582	0.322198510040784
1.77824185980762	0.990253419354474
-0.231142870484642	0.115320995570834
0.970199441640997	0.663595173699888
0.536739666042799	0.192347830350542
0.614123131486681	0.322701852906607
1.78764687426976	0.998343801548722
-0.483439647413551	0.480128753697072
0.560794316305055	0.805275411786114
-0.420306482082297	0.526628592310555
-1.18190147981041	1.61046631148319
-0.429473674030255	0.674802715399141
-0.17659289511866	0.226672442512007
0.155672619766329	0.186981618376581
-0.273222425766492	0.360150353580821
-0.296763423605914	0.379593397705325
0.049942995484078	0.0445253620964922
0.136482690668566	0.125186056201287
0.141761782716096	0.125099039986729
0.0679682355273914	0.0556893880198745
-0.843778433072143	0.960262525048182
-0.497167076300698	0.58163311537014
-0.371232834785644	0.373880026068895
-0.453276506147995	0.301024625740793
-0.0710014660862711	0.0643867846679637
0.756740616721949	1.10336213197116
0.194332616777584	0.155632134844296
-0.0995943741393977	0.0799968021717748
-0.321256999804365	0.328486205431121
-0.240571055198272	0.200666457688162
-0.465483933246066	0.392635298444279
0.565327038918852	0.560853366414235
0.276280726556997	0.245790215416827
0.189801037706573	0.146774664498087
-0.0911060274766539	0.0532963090649565
-1.21659118685616	0.916651287657472
0.798050498805731	0.956983263512988
-0.0756105490394472	0.0544433664913485
-1.23457879526542	1.14545704687967
-0.316996861264006	0.222987480513756
-0.126858952946769	0.0885269940710748
-0.476662235136215	0.404375349600181
0.00783685818017499	0.00859006192213822
0.183561334293055	0.214071762380488
0.0799106500345219	0.0837721172780285
0.121734810492635	0.125039565030741
0.211578663439048	0.248568575334694
0.598072140154617	1.01747081611169
0.488893719215588	0.710992158354598
-0.239852624510499	0.2623501414186
-0.605162879777878	0.928040857286726
-0.281850919641672	0.423339563861207
0.326502553738451	0.34712063612742
-0.130577638731468	0.121986251144233
0.701172852534795	0.615979817674811
0.183153609413672	0.113600775170642
0.182134580838194	0.105867242872152
-0.0111161150127374	0.00533052734559854
0.441166703430389	0.337313153298523
-1.17678949139707	1.20466077605169
0.759171747113841	0.747587794102493
0.459464548223701	0.333617048707615
0.340930489801264	0.208195113444315
0.18400270559008	0.114167372559064
-0.388621638783815	0.219373596957492
0.626801506297702	0.58992009570763
-0.261229953017597	0.266734316678449
-0.114971352621247	0.117678269754462
-0.588627434700181	1.00877879415033
0.0300357925400043	0.0254510058136942
-0.040342168939893	0.0424452303053976
0.81846498042422	1.4933901850845
-0.210198237999876	0.203894076275187
-0.0538824357239382	0.040121968137465
-0.341583689928306	0.323992953611434
-0.862230616621161	0.927663280191771
0.73389996550073	0.833958586177961
-0.247320769575297	0.183310123252041
-0.185653740055005	0.123800455605554
-0.62370465371468	0.558265780618427
0.343665645694945	0.335407902706825
0.0742766705076597	0.0625060672691094
0.113585179797223	0.0840767034527771
-0.256717275212672	0.159901541897938
-0.204735969049483	0.13158559301535
-0.237474530901273	0.175051022213751
-1.82213569277156	1.66002119654253
-0.608076491425186	0.539845882156493
-0.136031158956799	0.0766349160749604
-0.186037007394206	0.142552802397095
0.047168092662401	0.027693969121582
-0.437252048479588	0.337073709876231
-0.392416757146295	0.221450524755789
-0.00939043702778357	0.00456610507227228
-0.330807838497195	0.234472509137218
-0.0588158153667825	0.025569206235925
-0.780547567459328	0.514099024252484
-1.44037352464678	1.28459835590142
-1.32868531541087	1.09382381150535
-0.330844798109385	0.263551788022257
-0.504937287271612	0.464000207280554
-1.12097231459828	1.66633082517893
-0.710806469702957	2.09508833845076
0.194956873955887	0.260403213119766
0.062422180005094	0.0644315141794411
0.0247147668396874	0.0255768558924183
-0.0099099560566217	0.00926245842034115
0.0331576651579219	0.0281334116956398
0.208176892068951	0.225073447986247
0.136426616207037	0.14412845120213
0.26558048122395	0.310444456772417
-0.0404929500305201	0.0398511650831345
-0.10863733319191	0.124511960064309
0.375071086459043	0.513028785390062
-0.20918087966989	0.2302398088411
0.270919850527207	0.247017370594085
0.31961218656176	0.208286698325144
-0.894967055057342	0.744326856662046
-0.636848852183794	0.375948882295874
-0.878741884706877	0.808676745539309
-0.658698726812455	0.45884813712011
0.342503895483964	0.209232105512549
0.00476855866224868	0.00258845368907855
0.555815270944972	0.465687498910146
-0.0992384506178962	0.0581560535181561
0.529918814853225	0.189819007683608
0.390264054735105	0.333724552998459
0.0360312194210244	0.0343342880761194
-0.1073609024078	0.116180102543062
0.00589441309497425	0.00571855616299593
-0.318096774281839	0.324335795953438
0.125677799457195	0.133506755966825
0.15500268110515	0.168529976519671
-0.49584295391327	0.372700424665402
-0.102446196903739	0.0600710551080913
-0.308013989335541	0.141637611368534
-0.772144157250705	0.778304365387399
0.0922238667827664	0.0850898180471158
-0.228626378737264	0.207887082294842
-0.38574304097852	0.303975964277185
0.0457008861053707	0.0268427823704512
-0.0708770831470094	0.0429705843651833
-1.71203073433534	1.43596341908071
0.157551794623713	0.0683609752419864
-1.28330874837703	0.577561243284864
-0.101302820125887	0.0401542784006369
-0.785958038223911	0.428805865516443
-0.419768471413294	0.425366661453685
0.289156986158608	0.243899282373492
-0.0557439277738723	0.0460335900596883
-0.115675330841521	0.101510764916953
-0.0215734618009881	0.0202881639373704
0.808298075716143	1.14945465035202
0.274124819676718	0.250549363586783
0.799582303204494	0.758959534584435
1.09705130925205	0.67773259632734
1.14065146070739	1.03515126834589
-1.33709816592417	1.33382835069734
-0.271170415430786	0.195274440684849
1.00667208237949	0.828592865942783
-0.183050696125361	0.0979394566420711
1.63120431046231	1.14797843340284
0.165530272619282	0.0804572609978174
-0.0483724719392949	0.0301868441554377
0.148745463682208	0.140519270637084
-0.299785165685116	0.308634154735589
-0.702626209054056	0.669889430591349
-0.55676519188701	0.615026362300663
0.453365933315292	0.442270163599221
-0.165592989743476	0.128971861449106
1.16662171692229	1.56375100452096
0.0653274614759653	0.0405203886674688
-0.2829299886421	0.271239751940317
-0.855260293299029	0.979466720591444
-0.703529100163666	0.717869656250216
0.60002032531365	0.582763563825796
-0.608925305260375	0.540826245829384
-0.725184246347071	1.00213176241611
-0.179501712989007	0.151528287712747
-0.502415185752058	0.528963518403895
-0.189441472360858	0.16101264739408
0.0721787073394216	0.0606571247757267
0.174900823936011	0.101529040905078
-2.57447078703937	0.657780381714024
-1.12669343566207	0.339109154533815
-0.0945249664802705	0.0375402139696422
-0.334222652007209	0.0957594598898438
-0.625191995446008	0.152059991852936
-1.7975657981284	0.379599665892429
-0.187950490469327	0.251552839889046
0.29435983784951	0.356436254254206
-0.264665359966657	0.333784363826752
0.479407044161027	0.723118395741796
0.283982651221622	0.395724148067019
-0.366291420216894	0.585968603104077
0.168459816609002	0.199077355215374
-0.0527885261917634	0.0392861340103176
-0.0621917358060285	0.037666181749983
0.618918373329228	0.47138425761637
-0.180832855175756	0.0966393942047214
-0.681652990257391	0.540003897013319
1.24371568374315	1.51101005658919
-2.01511799723102	2.10318526108428
1.04665020030324	0.395956904990197
0.968951703807521	0.662372820025985
-0.180875387605675	0.0967374118547506
-0.0377993806074583	0.0314020269076601
0.630891391027755	1.06234028069941
0.178130437528956	0.218170619341725
-0.369818056473213	0.524054643242374
-0.21689354339423	0.276301212136592
0.208721772690214	0.225846317424669
0.0216103652110456	0.020750801235031
-0.650207103734808	1.01757085029862
0.365975189769022	0.44183792578752
0.293647785534268	0.343278428834958
0.0907875931708865	0.082124870532585
-0.0717059892728034	0.0793886650188833
0.466564381087121	0.61120862475289
-0.113386337333046	0.121861301776355
-0.3796516256227	0.469653830487801
-0.21900241050079	0.23931993893687
-0.251485123919352	0.277768288063373
0.357295082433714	0.331905027548432
-0.786462698005375	1.18486295752132
-0.316983879853131	0.189109669692055
-2.63442301194504	1.6136566242847
-2.57447078703937	0.657780381714024
-0.770644401156689	0.334882706894186
3.26630303248094	1.12023058934939
-0.620903335937371	0.151058535991718
0.158939250958038	0.0537404825361755
-1.12881513859764	0.339906487322227
-0.696993845223431	0.972843514764203
-0.229894787362118	0.29262367944983
0.0926763763145461	0.0984101570188399
-0.423277852962594	0.661562553048532
0.264293420614071	0.328884451963598
0.0147249052638451	0.014300639359935
-0.311262541906248	0.478571935887412
-0.629173239855497	0.91262737989135
-0.467553882736891	0.678239160076076
0.0391909140337406	0.0284313182027508
-0.0169861000058486	0.00799990486307848
-0.474650129218564	0.248222475517548
0.184416087069725	0.114322886710761
-0.562976697270057	0.408315185383928
0.0611858724620925	0.0379274385767701
0.340241112076629	0.22359192400543
-0.155239578430829	0.0554844688082904
1.27985068592507	0.705946064078286
0.175496922320134	0.0440701137079318
0.556300937150809	0.324762668180875
0.101043257096075	0.0938444342644528
0.0346098776999553	0.0299977165485051
0.407884257875389	0.534791090976481
0.161120604337106	0.168111382582059
-0.404613780783872	0.59530825201962
-0.414386826275216	0.516909355998863
0.554366362354845	0.895524294753091
0.217099802312612	0.236587837623104
-0.684987091477421	1.01640455440752
-0.129979201171037	0.121387275606734
-0.524011210855074	0.744272353982997
1.00768575357984	1.87731160422756
0.0989055496368331	0.0900232548445743
-0.412600179843833	0.488315001723304
-0.53000781425718	0.681309336046642
-0.0884998639435015	0.0624683432328367
0.398752311755871	0.342564246071733
0.0421278812245479	0.0315580936471122
-0.879181528486337	0.809207112574577
-1.50824112923963	0.534752090600511
-0.62133920787282	0.151240698635141
-0.719569672768412	0.245942451655049
0.159251072645633	0.0298673857617753
-0.620326325745573	0.150885642821786
-1.12435877083653	0.338493350823416
-0.224616850937237	0.339160760111703
-0.0271805139975812	0.029869129305905
0.230691549601803	0.333506027860327
0.317564588277866	0.536311708719405
-0.943753963577603	2.44868474274008
-0.188454006710139	0.255180701744237
-0.213668548529982	0.258720437530173
0.509771620125378	0.542468301970773
0.523170348527535	0.334694652407238
-0.0851619601912594	0.0497459313596616
-0.542544761304933	0.343488981508882
1.01809203908499	0.841749124309408
0.617576938855892	0.469715893474592
-0.134363092904211	0.0755642466489982
-1.83207151330243	1.15393284457588
-0.333247970373579	0.0954969729659714
1.97056266810287	1.2342055973866
-0.176900090453734	0.117521116166515
-0.0409945931776306	0.0369125019169622
-0.10423396951443	0.104220511820728
-0.018652409625592	0.0199974571158908
-0.373347610404808	0.562442154668539
-0.0583745348415282	0.0688337120695582
-0.0589520537242731	0.0624242107415193
0.808019864074429	1.8608762018029
0.391254963530917	0.533665257338683
-0.132533789575781	0.156740333304244
-0.566186454338886	0.947418806913692
-0.736605426975639	1.43314326643647
-0.735155701483499	1.13839799604548
-0.334346215548399	0.438592811237803
0.433323539762445	0.675782319740729
-0.452233892667917	0.603018225771486
0.0222354951056607	0.0161170328304379
-0.907247454602152	1.14811695850506
-1.12769593434811	0.339436368028373
-3.07707720857862	0.956361112132394
-0.464524798709124	0.757668041975375
-0.083122476551547	0.0948787881280118
0.286400522811512	0.361673904712959
-0.308291038970723	0.407676360379342
0.65665283150089	1.44939040692674
0.0758512453026948	0.0760483326431727
0.187701656146744	0.12920131862875
0.153380510069301	0.0587543815109685
-0.224209362289203	0.111744663555378
0.610456767440241	0.32067748845003
0.903360301595452	0.487548493801835
1.34604550520675	1.59139365965354
0.674559885329288	0.484522568140131
1.11661335130524	0.854494494367187
0.150637496826969	0.0577366339636488
-0.390724576472931	0.220612398612608
-0.710225774629932	0.726974495450187
-0.0293312851540529	0.0289312536175951
0.253465419596655	0.307734661175051
-0.0321850074829797	0.029197791727396
-0.282844387317464	0.343485996154867
-0.671102022188152	1.13623911855227
0.166913919758207	0.180714953627005
0.531579775820869	0.792509499008608
0.267762203576857	0.291907593293429
-0.390323268350926	0.510171314044927
-0.191289645970065	0.202167118080073
0.495262999361217	0.68378396448021
0.0883104191581822	0.0895137095075986
-0.698399551061482	1.27209590469298
-0.423869101464163	0.574042811863487
-0.484937131422587	0.631080749294903
-2.57447078703937	0.657780381714024
0.534470172870219	0.191495164180491
-3.45228414088993	1.22181665198441
-0.14963161742207	0.0535180117666848
-1.12492122665638	0.338668219085241
0.15823182603157	0.0297179405544109
-1.51887413840601	0.539249413623567
-1.80127875869	0.380587746892248
0.159251072645633	0.0298673857617753
-1.7975657981284	0.379599665892429
-0.62133920787282	0.151240698635141
-0.150964708374899	0.0539477460102833
-0.14562679518327	0.0521020681037095
1.57219334501409	0.779074773498945
0.453093480981549	0.181948913825526
-1.81799459045243	0.737492070536281
-0.306510679211431	0.140834213545429
0.392764877199563	0.177360356963154
-0.620903335937371	0.151058535991718
1.95879552552655	0.437985228139192
1.96141436018454	0.438711417164155
-1.12881513859764	0.339906487322227
1.95879552552655	0.437985228139192
1.95793128711136	0.437766051086387
-1.80127875869	0.380587746892248
-2.57421277656498	0.657506382974291
-2.57447078703937	0.657780381714024
0.674624067917918	0.213658555919133
0.146592624886398	0.0562428764354406
0.155071704033499	0.0672485517972294
0.149173995582458	0.0505642485186703
-0.782872702879706	0.425874054112607
0.158989511121608	0.0298299152293259
-0.21725219958623	0.0699489287533772
-0.391221837165235	0.162737262551864
0.695444761057672	0.325418256188526
2.12003407699892	0.946082017174371
1.06792550004102	0.515823496339435
-0.21725219958623	0.0699489287533772
0.539508988949491	0.193360729428661
0.830800143340358	0.349277485913624
-1.5240533266248	0.541336084031251
-3.07793266340176	0.957013587093989
-1.7975657981284	0.379599665892429
-1.80127875869	0.380587746892248
-1.7975657981284	0.379599665892429
-1.79763019308962	0.379603777700996
-1.80127875869	0.380587746892248
0.13716528315036	0.1206928438392
-0.0009628885906053	0.000670937961865857
0.550996882981399	0.648678317728108
-0.124055553371578	0.107522410052865
0.362141549117157	0.444440257427604
-0.130616501072101	0.102218923980364
1.06214611876241	0.512522872891445
-1.27672702876098	0.573838635095425
1.03703963555181	0.391624153547078
0.697435449537931	0.326741539527995
1.57350467726469	0.780599522281325
0.352092235917919	0.197885205718378
0.533275066051755	0.191011050930048
0.823324250399777	0.345498976757898
0.959294652844364	0.254663957360155
-0.518644858635781	0.195729988241304
0.552602707280394	0.321900943842656
0.0864906855950675	0.058910687655372
-0.679080242928632	0.537642995579368
0.263612026216139	0.239039547899791
0.465833895642909	0.457928478031492
-0.114739277389138	0.0910140807205984
-0.318630844082677	0.343951217352407
0.467061686400111	0.526082663461598
-0.660245218424674	0.725701576176189
0.724721749760923	0.819702086249879
-0.331568442145753	0.264291979954651
-0.39200322962802	0.400610187260107
1.06919504796971	1.14190282797728
-0.0912228063422945	0.0644741568979319
0.105081516778811	0.0798221243059316
-0.249314434928182	0.184886508347403
0.0389686349972205	0.0214007698268519
-0.636848852183794	0.375948882295874
-0.718972834438042	0.245626954230634
-1.7975657981284	0.379599665892429
-0.620473624670499	0.150917804175241
0.15823182603157	0.0297179405544109
0.159251072645633	0.0298673857617753
-0.624183598429151	0.151840837481169
-2.57447078703937	0.657780381714024
-2.57421277656498	0.657506382974291
-1.8195049713298	0.738087686678667
-0.616620021012413	0.150099962492625
-0.71869462645605	0.245625159522256
-2.57847696185857	0.659529736545688
-0.621333103088639	0.151104040920032
0.158989511121608	0.0298299152293259
-2.57847696185857	0.659529736545688
-1.7975657981284	0.379599665892429
-1.7975657981284	0.379599665892429
-1.80127875869	0.380587746892248
-1.7975657981284	0.379599665892429
-1.12379649940684	0.33819735561451
-1.7975657981284	0.379599665892429
-0.117082061128184	0.139466189533017
-0.129777850222168	0.153112021468357
-0.097474305924429	0.105747934333483
0.261928841011982	0.40289308680871
-0.0977739731009494	0.0999038588090208
0.170018288580569	0.193038877952244
-0.464055106745893	0.391055389426966
0.444349971118828	0.178174549713989
0.940714794232198	0.826178920033399
-0.317865825185246	0.189927102250651
1.00832345645369	0.830185997400763
1.25934697888579	0.87789916080563
0.992283787229208	1.09014265738219
0.158604136577251	0.0770017939478121
-0.715646834778114	0.244453295526364
-1.13182284417153	0.340904867919198
-0.978813824880967	0.484204295703092
-0.334897609041013	0.385227160889292
-0.170527723186215	0.179890732316874
-0.0309964480323319	0.0312495364468073
0.411748781426762	0.648751335471793
-0.0883395211476418	0.0961526865209794
-0.480394606052076	0.703905863138641
0.718383408276435	1.37199497784944
-0.377273536650114	0.443796284990498
0.242115558661647	0.295255210817447
0.081878310017035	0.0800464444644785
-0.530297230427823	0.799813155482225
-0.159595073239104	0.175768047882348
-0.517992589830399	0.638001541701938
0.00921078193045623	0.00802924938396644
-0.792893323719225	0.433339655427833
-0.214973425440132	0.0692286309045475
-1.79763019308962	0.379603777700996
-1.7975657981284	0.379599665892429
-2.46792310986484	1.36992299268718
-1.51396898226758	0.537314617740072
1.04487260095226	0.394873910276673
-1.51336055363438	0.537061579976289
0.17351044503084	0.0436385160120603
0.163853552605343	0.0487595972376143
0.958855818540361	0.254543321351908
0.552449449268044	0.321406347608822
0.552508403297509	0.462372994004843
-0.211182162798556	0.136244144151305
-0.305241175602168	0.140243052965864
-0.32783114416982	0.231974706437541
0.154259314455831	0.0291924198815566
-0.620473624670499	0.150917804175241
-0.616620021012413	0.150099962492625
1.95793128711136	0.437766051086387
-2.57447078703937	0.657780381714024
-1.79763019308962	0.379603777700996
0.15823182603157	0.0297179405544109
-1.7975657981284	0.379599665892429
-1.7975657981284	0.379599665892429
0.15823182603157	0.0297179405544109
-0.619895187822925	0.150839789138775
-1.79763019308962	0.379603777700996
-1.12825544522804	0.339732258677114
-0.592135358635415	0.615929225236827
-0.497224868859749	0.373818811476297
-0.301910841750861	0.138682791818695
-0.719307886400812	0.245829792820617
0.159251072645633	0.0298673857617753
0.956455214607419	0.253949648163622
1.95879552552655	0.437985228139192
2.75704467106166	0.766025498669684
0.67498185747701	0.213690207850534
0.159251072645633	0.0298673857617753
-1.79763019308962	0.379603777700996
1.95793128711136	0.437766051086387
-0.216906973772167	0.0698162939158413
1.06903480350602	0.516605281541135
-1.27264921265823	0.571489965817473
-0.132729950104882	0.0746702291476325
0.409643512602013	0.339884420499181
0.931369348700551	1.04895580874462
-0.079618398992453	0.0483555210930832
0.696468865341868	0.610154960920883
-1.70991287401956	1.43368183081971
0.34408037371834	0.210594416652962
-0.782399097992548	0.670664537309269
0.174409623232255	0.0936008786462472
-1.16353801085627	0.651564417439985
-0.523847973197607	0.197922354572038
-1.79763019308962	0.379603777700996
-0.617055950695462	0.150241664375452
-2.57472877667238	0.65760345889815
-1.79763019308962	0.379603777700996
1.95793128711136	0.437766051086387
0.15823182603157	0.0297179405544109
-0.61946410648704	0.150698865008898
1.04814515184759	0.396350090350494
-0.218096087384631	0.0701860099861319
-1.50884424560785	0.535043767502043
1.95879552552655	0.437985228139192
-1.12769593434811	0.339436368028373
-1.7975657981284	0.379599665892429
-1.7975657981284	0.379599665892429
-1.80127875869	0.380587746892248
-1.80127875869	0.380587746892248
-2.11782961663539	1.63010051427917
-0.510638022815261	0.192534807207919
1.95879552552655	0.437985228139192
-1.79763019308962	0.379603777700996
1.95793128711136	0.437766051086387
-2.57847696185857	0.659529736545688
-1.7975657981284	0.379599665892429
-1.79763019308962	0.379603777700996
1.95879552552655	0.437985228139192
0.157971563808893	0.0296806747786729
1.95793128711136	0.437766051086387
-1.7975657981284	0.379599665892429
-3.07750490916701	0.956880231933195
-0.620473624670499	0.150917804175241
1.95879552552655	0.437985228139192
1.83886373552709	0.718761254802322
1.95793128711136	0.437766051086387
-2.57447078703937	0.657780381714024
0.956021254579335	0.253830462538477
-1.79763019308962	0.379603777700996
0.956455214607419	0.253949648163622
2.75805496536761	0.766752929661107
-1.79763019308962	0.379603777700996
-2.57821111666453	0.659475059970799
-1.79763019308962	0.379603777700996
-1.80127875869	0.380587746892248
1.95793128711136	0.437766051086387
-2.57421277656498	0.657506382974291
-1.7975657981284	0.379599665892429
-0.223827679595379	0.111542095979433
-0.121250366624003	0.0680036805790085
-0.150439826851979	0.0537776490722372
-0.0720096122671143	0.0436729153328955
-0.0428817008793322	0.0188297871180769
0.157007711765635	0.053125881526133
-1.12725353624624	0.339405023147411
-1.02836830158596	1.15680064974901
-0.324542202828298	0.370291322298394
-0.363076193899272	0.396269459156065
-0.060651144388953	0.0585294634219708
-0.306847755795642	0.351715818099901
0.0263636010188325	0.0245664072196914
0.207854963972825	0.228515244956126
-0.308693665408574	0.37691822092699
0.273158052222387	0.310225397388099
-0.453416105320752	0.540512995701177
-0.513745894239157	0.689096717029925
-0.398557010255011	0.491042093402953
-0.333175352374272	0.401109323510437
0.141707422453176	0.125044362042016
-0.448303434130005	0.297123202289811
0.0334044292439616	0.0241822955335131
0.563201578454511	0.329368631487547
0.828185454384309	0.347969212421182
-2.63297228006384	1.61210612413931
-1.7975657981284	0.379599665892429
-0.624183598429151	0.151840837481169
-3.45228414088993	1.22181665198441
-1.12781381973937	0.339579374120096
0.00914103557911922	0.0047104779277213
-0.640561913930298	0.378908553004042
0.937117868443607	1.05839377268429
-0.308863912818048	0.142044756422869
-0.514824617338027	0.424302385835203
-0.894005617741523	0.742950042277663
0.0303334164295476	0.0167154131261434
-0.322264516692174	0.227383143535067
-1.31669488938636	0.823438754477492
0.45553137225796	0.182978916553521
4.1775492339406	2.00268622652006
-3.07793266340176	0.957013587093989
0.169276668042905	0.0502222390274525
-0.620473624670499	0.150917804175241
0.176818183184722	0.0443715906559113
-1.7975657981284	0.379599665892429
-0.621784192774111	0.151338791569665
0.158989511121608	0.0298299152293259
-0.384675547932204	0.36453764880248
0.10559992281436	0.0778041699060866
-0.617072739338427	0.55056745563942
-0.338896474896558	0.0970421752101679
-1.02704135379354	0.817572906802134
-0.5347576220811	0.33766935566291
-0.591516524639745	0.480109118608858
-0.146910412685601	0.0525531755968895
-0.772342754957416	0.588602236450984
-0.617557727516743	0.718210296009137
0.584747097794757	0.915688150275625
-0.228019420935659	0.235803698860357
0.0731266133618775	0.0709568021002484
0.0471591974651133	0.0411793550854267
0.203136183962924	0.222428519713756
0.106595928416017	0.0994461700917537
0.0493190211350658	0.0447531241960062
-0.781938552509525	1.3006531668349
-0.539235499431977	0.697684899024538
-1.01801115723931	1.85764234236284
-0.170330421297859	0.169270622278632
-0.127941196843803	0.119288591295309
-0.334288382867393	0.266937741375473
0.17857283165132	0.0958695057333361
-0.717468884808632	0.245082515543052
-1.021608229039	0.402994857983997
-0.889643560044968	0.738300636933426
0.0771551465111191	0.0502967407695675
0.444370600107739	0.340407960474092
-0.51983195764058	0.429891484369046
0.289287096326856	0.22709497961737
0.180572269692669	0.111837468694153
0.895775711640325	0.91562035744827
-1.15827717575799	0.646999164380605
-0.149390704801257	0.0534113782231424
0.952729371406254	0.252945498225285
-3.07750490916701	0.956880231933195
-1.13282069800183	0.341231258763963
3.26732978575294	1.1211772426211
-2.57421277656498	0.657506382974291
2.75805496536761	0.766752929661107
-0.620903335937371	0.151058535991718
-1.7975657981284	0.379599665892429
0.154259314455831	0.0291924198815566
-1.7975657981284	0.379599665892429
-0.549262898598756	0.495838169836051
-0.976372411223861	1.22671865972695
-0.845675227708028	0.963496699252785
-0.342408766537557	0.347001294460743
-0.504927635806102	0.594267246311797
0.142814031819659	0.128930088653348
0.0423720981662966	0.0317484115219776
-1.41913228366242	1.71897961371708
0.0940638090582944	0.0689199297380611
-0.429309471339557	0.370146035526506
-0.567002412897782	0.630686003615951
-0.671423530446663	0.945784745194284
-0.0166200506860832	0.00783262202886914
-0.617055950695462	0.150241664375452
-0.620473624670499	0.150917804175241
-1.16347036001034	0.651424341697294
-0.144479921679958	0.0983028638916753
0.182538417226711	0.125302459059957
0.905118972643793	0.928818157684971
-0.8733334408451	0.875989951051925
-0.165389673702415	0.0880503151696926
-0.168440347472326	0.0898020187918308
-0.0159141541633847	0.00752353290259285
-0.51848078257601	0.195849342036414
1.82912964257087	0.714770179842855
-0.720453666514924	0.246264037870489
-0.619895187822925	0.150839789138775
0.954564259091026	0.253482299647149
0.155282002123357	0.02934225636165
-0.334222652007209	0.0957594598898438
0.175540861165604	0.0440256361951589
-0.621333103088639	0.151104040920032
-3.45116795416625	1.22074097588692
-1.7975657981284	0.379599665892429
-1.7975657981284	0.379599665892429
-2.57447078703937	0.657780381714024
-0.158579336439564	0.170513097283868
0.407557271136041	0.337763848044563
0.0132613743030627	0.00674524024502009
-0.226885989691815	0.278032175486348
0.000215234291638139	0.000283182271793697
-0.147521833751471	0.175139408488396
0.0755976591381515	0.0746746055604358
-0.143765048865496	0.179218116889539
-0.0870946213869264	0.097903403602866
-0.377730763976923	0.474781606780327
-0.772883066268237	0.931992234934197
-0.418629463524666	0.358791214738243
-0.773772500719348	1.11350407974584
-0.316538104579425	0.222699541047368
0.192244849058303	0.119589582637072
1.16440631924202	1.55909133057265
0.32470596954841	0.212134016699517
2.26335004082438	2.52861804796359
-0.421918282783632	0.362223247265625
0.475620746250694	0.614152236073763
-0.218924332346716	0.228817691252517
0.29447933506376	0.231855652203726
-0.155303558164701	0.134779830234753
0.0828745379462092	0.0584632654816188
0.650477315597234	0.589502985920903
-0.617636266089067	0.551190252938838
0.316727928557599	0.219023957282289
-0.371418278893731	0.253878630634077
-0.372030084434284	0.254189591346367
0.512155113175987	0.32639158269449
0.340765214717117	0.208295528022915
-0.90212622126607	0.654877314074111
-0.290746607176448	0.334933821179623
-0.0422027532384568	0.0263349473884755
-0.161231531347594	0.0857480731114214
-0.384514515416704	0.216739737471023
-0.283291644522332	0.338496773984158
-0.437289522110019	0.526492638753718
-0.144667858350994	0.163658175425853
-0.146379097111024	0.167981797330565
0.302001630221718	0.374097834859993
-0.190152154211296	0.200806838087745
-0.279542822965568	0.289504773758227
0.0167245766078041	0.0116803374673015
-0.790033318648937	0.962007174259595
0.192337837814138	0.158468568704242
-0.56122243149473	0.509974205077956
0.497634783888642	0.445539464928111
-0.338186560098353	0.296582827425978
0.373706853150244	0.328530023238565
0.0554260526674741	0.0440512827762461
1.66265045223338	3.35309538454199
-0.644322989662589	0.624981536402923
0.0854326622498276	0.0558415832229703
-0.257994576317862	0.192186289174981
0.181237273992013	0.112262894351467
-1.59249377526194	1.88947421065951
0.444959313703699	0.34099163767208
-0.439137423484841	0.289764536007526
0.15163725378301	0.0513522427960234
-0.312221873980803	0.186086755420263
-0.695893898211156	0.610381693868751
-0.17601882876672	0.11688360265486
0.903851354130688	0.488584559526533
-0.692501048973767	0.656476879693899
-0.0816304983162787	0.0723588025210389
0.663294140937291	0.969036409098511
-0.212053046453386	0.287762507126873
-0.406264933435461	0.575400428898653
-0.0598001652523465	0.0545435880120742
-0.0233955610270168	0.0215830800816329
-0.0212164435633471	0.0197518181486631
0.0412041851960655	0.029922165862274
0.126397113211855	0.102767097735033
-0.321849609558919	0.348197171229239
-0.0896894376247539	0.0524489965559924
-0.564212997214421	0.513369903601184
-0.27263667246862	0.225105629217442
-0.0197096542481916	0.0126788190160789
-0.65395303724887	0.67828791953923
0.191687111471669	0.157856079971875
-0.199410326988469	0.181543783668019
-0.107169021315857	0.0864652128575561
0.540376460252017	0.648927807673365
0.109645730051095	0.080973688547814
-0.120963826503238	0.0963168005661598
0.191627108210995	0.148386475735472
0.649578968583526	0.690573440297469
-0.372824911893411	0.255033831501614
0.623063102929517	0.475325578885228
-0.0732331411388615	0.0526759583847081
-0.425391627966246	0.32602773786709
-0.179757731291306	0.0960893215430311
-0.317511818591155	0.189703287098439
-1.97261610656686	1.37123198801012
0.171571286211225	0.0918556046384243
-0.236533402393678	0.118309395489808
-0.0526221297844188	0.0229464058443121
-1.08678756103957	0.742283811353978
-0.425697292037659	0.627815815194772
-0.449219392187855	0.815846061703444
-0.0220187780896699	0.0203073414760632
-0.380283539167912	0.35935577894811
-1.15835955678595	1.43393904499042
2.65189208032423	2.70852962843548
0.881016325980129	1.56495554790627
-0.12026316723156	0.125356946900981
-0.0821166046073231	0.09360863599724
0.342661611178472	0.526825740611519
-0.210523303836202	0.245150405511825
-0.735559046186962	1.49281805073178
-0.423453211670193	0.521009055766253
-0.0874887810269721	0.0791499417505252
0.279242491306763	0.249048854515962
-0.153448991690425	0.132975735003882
0.797254700664835	0.861321185316579
0.292634097111874	0.230118449557961
-0.919435923655726	1.10578575929817
-0.0569288061919473	0.0470654853483582
-0.616713195055987	0.716502916880853
0.333121384871078	0.356290706320362
1.02406630795769	1.53383371969384
0.268986619814172	0.27015609824055
-0.203724935982588	0.174745519402993
-0.255401564525344	0.230832946935294
-0.102728441556825	0.0826540392258857
-0.526842675830078	0.437365548517303
-0.0484535620425133	0.0211812538230577
-0.775982039898047	0.510548433217432
-0.126966465286028	0.0713283911135484
0.162310948519812	0.0787943641186337
-1.32485660837689	1.08829798823882
-0.398804655958291	0.166247353585215
-0.605473142038928	0.290709046607198
-0.481340286619312	0.252061590949591
-0.396718666437249	0.165283623451939
0.327361029652896	0.199032958308863
-0.937897343210615	0.574061720681677
-0.252577860709443	0.308088176282955
-0.436547050721785	0.730262131888173
-0.0481875462493868	0.0537064092612764
-0.181057297095281	0.241714586440741
-0.295421619706324	0.23928108424272
-0.488222118387366	0.365637829753934
0.307045830974234	0.222818478839797
0.395186555157977	0.468715837781885
-0.124998736258234	0.118266392593273
-0.263167051421728	0.348344744966606
-0.464687692715424	0.672477646871115
0.401825585413296	0.627304964443035
-0.183875236828008	0.196168356341362
0.665911844182054	0.951837516019317
0.471422975282925	0.619938368374195
0.863400369400987	1.19111823961826
0.0131557129800508	0.0102555977709834
-0.319967589539765	0.326739517204959
0.0614206529770308	0.0489714245708247
-1.16190656834508	1.44083175109827
-0.216404786863881	0.139820856522021
-0.192272531982363	0.14782913169083
-0.122998323091205	0.0980719871564018
0.644166822437369	0.682610911630451
0.518985834331957	0.645544008493842
0.498482716510855	0.542024122912451
0.280372007106767	0.235293568355386
-1.14032847223299	1.50124097742349
0.0792333114390471	0.053809926330206
-0.786514000681552	0.519587761762081
-0.210470775476836	0.135740658223279
0.61130813329899	0.321214319464346
-0.915508179962741	0.668198233833943
0.178893191104409	0.110798448409015
-0.482640658845669	0.253220904397938
-0.231023151465072	0.115404851913362
-1.98494153049636	1.38610524522227
-0.782331917299454	0.426196800110543
-0.0772115263264087	0.0954736145584651
-0.0246894255656234	0.0114681019823331
-0.303962951467418	0.139601782141782
-0.0872831057017958	0.0347155455013533
0.400063806547104	0.180875678521699
-0.316119184493479	0.188673510515611
-0.72526937462466	0.92293615601776
-0.0614802452834628	0.0509583663437682
0.798441857330657	1.5829145242067
0.489835844880523	0.545335037200172
0.339160385788277	0.51973915738084
0.939394312702095	2.01829557419118
-0.302856337595355	0.453295932275577
0.212125368290648	0.234164151690147
-0.208721072934441	0.251455023031029
-0.450334001730693	0.611455069240102
-0.324276611686484	0.404610936216219
0.115592020609066	0.0933193065402256
-0.382387200998535	0.262745349342864
-0.0494440771782071	0.0308606063252625
0.292523308971344	0.229913114734021
0.044933127416688	0.0346412721499313
0.153407442903589	0.156271500358802
-0.679219229680809	0.901950726935164
0.450271222101633	0.514123097346169
0.187299847324678	0.149335802140416
-1.21144506602224	1.80166566602975
-0.323271164308305	0.310804800700102
-1.09245696615307	1.2898589575564
0.699132188145277	0.61305414680844
0.364987812527892	0.340977305850164
-0.942071932465116	0.997942017367288
-0.0356733909549282	0.0222867590530494
-0.174746598840283	0.0933224609229331
-0.0194391646713094	0.00911332049331549
-0.419346660109229	0.320370624861506
-0.31644688125649	0.488999017858616
-0.110693319279295	0.14016603094137
-0.0549249473581393	0.0401121944133388
-0.398102706278589	0.165981613891057
-0.529539611556091	0.333871024368258
-2.47210065977368	1.37544339728299
-0.0899264711949583	0.0357614708101109
0.160747275176117	0.0543190407499541
0.69235801591731	0.323592754044128
-0.218691024551194	0.0703515129013655
1.06510817548044	0.514303286518642
-1.20740618118164	1.4104088733663
-0.178566266530443	0.136190104614506
-0.314541370281459	0.319961022053475
-0.341381226114203	0.345472633612807
-0.16506934560836	0.196976545997098
0.0191857571089697	0.0183978200677099
-0.260052870322646	0.326294264449563
-0.278468019035819	0.336322803134909
-0.524359567551604	0.64845821299936
-0.0945660500651372	0.0771469061371262
-0.0531149493837702	0.0395274475836525
-0.387691011516662	0.161342409824999
-0.346046376057151	0.304978874612019
0.00293429562558214	0.00258319227230144
0.217814994846384	0.224944104857889
-0.228870597522667	0.208130893045747
-0.00700995239610973	0.00542581657725581
-0.00982054329591349	0.00751324173093043
-0.448721287618281	0.50220193916476
0.0348007658107718	0.0252082447000053
0.275059152080406	0.244433400160059
-0.698726907402647	0.613571353308004
-0.0349517879552685	0.0223524023091559
-0.788727515571572	0.857778897236102
-0.696246857803912	0.610617552744959
-0.433338671210702	0.33360526380359
-0.323442789706347	0.228454411799371
-0.222260453568697	0.144031820906748
0.048999518828506	0.0287821893650659
0.180698496433272	0.111996325750675
-0.635956977752658	0.375673733910354
-0.312333085195535	0.277891723659221
-0.123821701853201	0.0862774169116111
0.175109049398852	0.0939891430389316
-0.386867997025013	0.218270274288035
-0.937299294470156	0.573121934955173
0.361186161654594	0.203417973966647
-0.531514315958976	0.335446920434873
2.45823218120463	3.12606062588507
-1.21364240792543	0.915105823524683
0.369555877118496	0.187275530580153
-0.181579622486169	0.0971648294542798
-1.15583588393078	0.645547649225567
0.692190214781409	0.797158038556863
-1.01977459369772	1.56848407415566
-0.267369188342401	0.307362800711333
-0.94879415590877	1.51409404910277
0.30253288811544	0.375053856326336
0.122293485941777	0.140361975456679
-0.0670333471562892	0.0641786063505532
0.0377778592706356	0.0334204117577168
0.0135407875630853	0.0120966206446975
-0.0733778871805738	0.0591253204652294
0.0731506131578775	0.0614982886734669
0.0392328571578861	0.0293487306455355
0.153790758421982	0.148606445152573
0.101302384118049	0.0767715152642725
0.492577636664332	0.458063361801967
-0.214125130336751	0.180423095108951
0.0705244860863286	0.0437749479965372
-0.435671085297497	0.28691133426842
1.98816038569843	2.35624860791733
-0.78234170963843	0.516432137504609
-0.379565625791626	0.260520381865206
-0.430594508269913	0.331050006111979
0.172868101611952	0.0842524580096944
-1.71583028861923	1.4427414138515
0.0993145591058973	0.0886528038919927
0.622179262370069	0.584703180023406
-0.39211458877693	0.221723595039953
-0.185929830936664	0.142431139693518
-0.0969214837856052	0.0686912386416446
0.174409623232255	0.0936008786462472
0.554942636974858	0.323741632053027
1.7740490034684	1.38938010437519
0.0168201716844866	0.00850795195976154
0.660190956905141	0.601396601317284
-1.21141953359669	0.910870176764334
0.308801494634189	0.224234530051828
0.165045677266138	0.0801988863708823
0.00714894116348578	0.00623628543596764
-0.000358678029661164	0.000335443619420614
-0.132854601963568	0.134236938590909
-0.876688089211685	1.78627161627915
0.61004535703823	0.964631981406303
0.159507960185761	0.174121666152813
-0.616678089371137	0.683841189378877
-0.791793842045164	0.805930204356646
0.0268346818205586	0.0222111886725778
-0.24248729591274	0.2223763406012
0.369734565297276	0.335684627370142
0.293830564561493	0.231204112138928
-0.431776002009806	0.332146843277193
0.159861573818977	0.0776116368698966
-0.306083635615693	0.140620276756392
-0.561361519703125	0.40676342527485
-0.142327666144008	0.0509419668309977
0.447033508771595	0.179332628177769
-0.946214864560229	0.580590711468436
0.722220285784995	0.478747948231892
-0.776987880551186	0.422202330382129
-0.7732400153673	0.419613289775939
-1.09465360216068	0.75023444648287
-0.150990796917609	0.0540018284131618
-0.236466529892976	0.118238643700599
-0.784402181736675	0.518468785837252
-0.31413494940008	0.187403586449858
-0.164950205235972	0.210370880294183
-0.702365782827017	1.92462511568901
-0.880276843189742	1.26944347597985
-0.253761126111993	0.262885660481265
-0.138217065679025	0.148015838952513
-0.445497171396562	0.672679669156234
-0.0589764986432668	0.0589504440459749
-0.368500138378396	0.541149654342921
0.26251014204141	0.262333461776227
-0.208723811329329	0.175273014507024
-0.357990165420955	0.389284809806214
-0.977573147590264	1.22907394273434
0.129844376703073	0.105789045151956
0.0911005039570594	0.0644984990029024
0.10456069943169	0.0770428542374149
-0.55848126246547	0.506626183057932
0.294693328277675	0.240946251778554
-1.03653018848348	1.36125529544727
0.546691017272345	0.556900383131423
0.414255702569039	0.431487343373026
-0.713929468225623	1.18491049744555
0.289324754742138	0.388763008486144
0.0844764523896565	0.0877972646979679
-0.10511645916634	0.108093811543082
-0.783672965711924	1.13385693555558
-0.131023057775724	0.132115398125621
-0.141325403033909	0.1113087435732
-0.0204366203364098	0.0132973866023232
-0.114465740531038	0.0907732874783489
-0.179704727263955	0.119532767412102
-1.84363796913273	1.16495811458514
-0.518644858635781	0.195729988241304
-1.32004046414612	0.825830436079713
-0.521912878875566	0.197148993615427
-1.15827717575799	0.646999164380605
-0.0945249664802705	0.0375402139696422
-0.222876920203916	0.0717168348737093
-0.761851123910773	0.330313512798555
-1.12769593434811	0.339436368028373
0.48602004427301	0.333630847043499
-0.620473624670499	0.150917804175241
-0.649134293653057	0.384805510180224
-0.773999982854656	0.420349035996603
-1.4910676126572	0.753241782317099
0.164468653517054	0.0489167663284228
-0.768960325168205	0.334012851233908
0.827869862391494	0.347914518409003
-0.0168043642754008	0.0079286432331528
-2.06708043814016	0.937445840046902
-0.147300746402465	0.0527113449271204
0.34037840735702	0.207775457681527
-0.519206724701637	0.195956166156021
-0.128711499564432	0.159663454053962
-0.0914243496203263	0.122611610224951
-0.565649416810636	1.53680568755397
0.096462178617565	0.0876437856065741
-0.0394365081112039	0.046716177694861
0.482689061231877	0.767417246231821
-0.206218913717234	0.289310193288624
0.155936687590954	0.151037755911947
-0.00837333357882292	0.00641430603247039
-0.285513377294236	0.274214502293442
0.379268758682792	0.346251895137609
0.262700076233604	0.274144169081861
-0.52519503791845	0.435662446446453
-0.778393736822599	0.78748388837795
0.197641446329274	0.168016407765744
0.0155157742474628	0.012837449835338
0.350679197351018	0.324623097162254
1.07819923351963	1.26157539942884
0.694863177056273	0.801516185009296
-0.228786020020835	0.29484141577569
-0.139728365029907	0.141968279644716
-0.118646080532176	0.129771238963375
-0.282208231482242	0.369663859807605
-0.337518929424828	0.361397196750404
-0.410055374080297	0.441276498369974
-0.207136603383055	0.18960534729784
-0.286915520332874	0.258184050009857
-0.454344197216775	0.510551655103254
-0.524836078199152	0.516327569879207
-0.00932780035456857	0.00612001945169156
-0.216215402805736	0.182365476456099
0.468503334459726	0.461388753111621
0.0193987652227923	0.00976172597533054
-0.997481974466302	0.89510378561784
-1.15204347756924	0.642526492468723
0.159304296973707	0.0474668185471716
-0.337924641037297	0.0968088152153293
1.33603551913475	0.58343053611899
-1.28222615341855	0.576997372151379
-0.391548460852062	0.162837516757791
1.46089130767507	0.912581547479215
-0.0212185768149749	0.00991454508859586
-0.76237336501545	0.330560802166081
-0.0961973175087169	0.0381754760162591
1.46109938210879	0.484014060767982
-0.140367872285649	0.0502560951722468
0.155654248259732	0.0596277325693144
-1.81200943037821	0.734241478143734
-0.772002350299218	0.335672192461354
0.916191334175152	0.496716471485506
4.38245010457993	2.27303417880546
1.09255369350838	0.674249796704829
-0.30522997846317	0.140142817736821
-0.517567096912483	0.195373080592303
-0.331988531628477	0.686257862856938
-0.304774692464895	0.619748676043229
-0.399372704255794	1.06065918530042
-0.517965729504267	0.966943260505996
-0.376661745555498	0.355174104664561
-0.254607691095506	0.384618179898518
0.251928175424926	0.391634763497454
0.0494236889752747	0.0510644185133769
0.0559043103923418	0.0603384886764798
-0.444653967297135	0.616807806463082
0.0392386330578435	0.0359848231602902
0.255974816641742	0.301764931149256
0.433064079520771	0.524140196911326
0.213176459051192	0.227571585704089
-0.487402324448733	0.545668675757577
0.249383237903288	0.267776010970508
0.258162196449761	0.289677656709749
-0.69160009767614	0.889380238178364
0.0177814862755386	0.0165156521266126
-0.444495938888335	0.7338546316221
-0.187583225986874	0.253785778092996
-0.206416982153841	0.251527414506323
-0.145687579958932	0.156977726446
-0.222628643988716	0.144306363681705
-0.726057255013614	0.840813618830685
-0.376159434631032	0.354624223291088
-0.534892743954104	0.556607975421661
0.747333678077333	0.935212085508607
-0.51575464524863	0.634313172891
-0.334939930527442	0.293140012087592
0.113016409088495	0.0911240111314619
-0.0758721400842748	0.0623759917013256
-0.493031541932253	0.553824577370218
0.442321202168025	0.338543674621368
-1.59492164828954	1.22581588301981
-0.621333103088639	0.151104040920032
-1.507638227659	0.53431243522829
0.163216121532018	0.0485245766457704
-1.79763019308962	0.379603777700996
-1.27672702876098	0.573838635095425
0.172321312267404	0.0510455650622387
-1.48751142550382	0.751172818824056
0.162338925211519	0.0482955049730846
0.531954615713782	0.190517989079214
0.682768911730453	0.216205939655595
-1.33336320039367	1.09887423213281
-0.216312796922935	0.0696114202500776
-0.517309201583625	0.195185580956337
0.353650092606122	0.198439043945023
2.56956620506366	1.42515676844147
-1.12769593434811	0.339436368028373
-0.620473624670499	0.150917804175241
0.16934280349587	0.0427080042196444
-0.215815148052618	0.0695090074287807
-0.142927693827827	0.242626635113532
-0.557989351057217	1.34942531779637
-0.279216173848976	0.202019568567087
0.0264202656119572	0.0184408531245909
-0.60491192937513	0.290190935381882
-0.145472337378192	0.0520149972990822
-0.0365382893049134	0.0274912004678603
-0.35287992018813	0.48913495912712
0.17122452456258	0.200171357492736
-0.19025387934284	0.247939073896691
-0.00271915201403255	0.00249505957222183
0.356061173248217	0.517256079151146
0.207101494665524	0.252993586790654
-0.290337673309628	0.383175377845887
-0.330346740740096	0.448696006133504
-0.611546397581507	0.976602200558974
0.21991654866647	0.267987382416981
0.424335341436839	0.610622031123865
-0.915300833575918	1.65603998324955
0.285298452035879	0.348479979716743
-0.0895903698255647	0.0920631135566409
-0.171640072623973	0.170695466060698
-0.0668962225869503	0.0546786399718306
-0.695525058283377	0.660555005574977
0.0589335972207587	0.0469204087903959
-0.505208239945845	0.464348545279278
-0.227043052337122	0.113306028141222
-0.137123154547389	0.0491310459310203
0.157971563808893	0.0296806747786729
-4.2155330734389	1.97036087031969
-0.939017306834678	0.574058209489771
0.157746661212944	0.0469640441019734
-2.85612924611423	3.67545565874638
0.520405388798713	0.450976082772305
-1.11620045540307	1.45285713628059
-0.690124916255762	0.603894151599491
-0.985839831211356	0.880099411287463
-1.0305284768516	1.59526868424227
-0.243001977523454	0.217740404118593
-1.13338534815793	0.341498686250824
-1.12769593434811	0.339436368028373
-0.514082532309656	0.193921443427214
-1.79763019308962	0.379603777700996
0.159251072645633	0.0298673857617753
-0.625191995446008	0.152059991852936
-1.7975657981284	0.379599665892429
-1.80127875869	0.380587746892248
-1.51372965066287	0.537081101324459
1.95879552552655	0.437985228139192
-1.7975657981284	0.379599665892429
-1.7975657981284	0.379599665892429
-1.79763019308962	0.379603777700996
-2.58224585205989	0.661106815487816
-0.150221753693145	0.292463207116824
-0.19030868157772	0.378092656879648
-0.00402825988318613	0.00602220236379498
0.131341687133575	0.211320039522375
0.00876202128708291	0.00764198784826539
-0.182615417877487	0.12159204644377
-0.21553808119756	0.162640987418226
-0.0296764845552244	0.0189892345814008
-0.35559783095209	0.340209413047715
-0.277296454885677	0.397236131122334
0.278725742092856	0.370522430603336
0.121348043980688	0.154654461775218
-0.061746220361123	0.0704450182840701
-0.0397627674866604	0.0455561699801714
0.120725606259717	0.143912468859978
-0.169028837676088	0.226529374673873
0.498381639857895	0.763822849577586
0.476466261399469	0.807422489654544
0.506495437683072	0.800824322785063
0.568221943605302	1.06392153478853
0.668389355815105	1.3674579353465
0.0604287942546599	0.0631121457113243
0.365873558327132	0.520754984307407
-0.175841318977452	0.206624184069547
0.206749023417453	0.190563706426829
0.291344928874872	0.246154400851067
-0.0239536888689267	0.0182145770770355
-0.489439550188622	0.366681047626668
-0.481733888885624	0.25269254955755
1.46945961132821	0.486963363732961
-3.08203891306948	0.959069086853276
-3.76151712574605	1.48246223735439
0.151787472514646	0.0514129164609266
0.531358567637365	0.190353154457246
0.00212954896184082	0.00146441259923834
-1.12722580928837	1.47496599942117
0.198766157859601	0.159636736059869
-1.12514502041875	1.24226564754109
-0.864798325638715	0.931513079341496
0.271628781023543	0.247703751437197
-0.340097998130591	0.272432446974946
-0.781440165487409	0.515747682720596
-1.12825544522804	0.339732258677114
0.173940988172143	0.0437550114519682
0.174933567082256	0.0439573605408891
-0.616620021012413	0.150099962492625
0.162171049505848	0.0303007576998756
-2.57421277656498	0.657506382974291
0.157971563808893	0.0296806747786729
2.75704467106166	0.766025498669684
-0.624623675797245	0.151937920429117
0.173378039987466	0.0436162262322836
0.159251072645633	0.0298673857617753
-0.624183598429151	0.151840837481169
0.157971563808893	0.0296806747786729
-0.0279628939692916	0.0429684372994504
0.129973783672618	0.236392763130864
0.00529721234592029	0.00803581824306743
0.459977312869421	1.06464105768095
-0.264170264423101	0.255766753512572
-0.262348613299468	0.215308579344404
-0.0761564694208323	0.0548610078094169
0.184929417217991	0.142639561362621
0.342252870885989	0.34263549081213
0.353920510436199	0.347870016632072
0.155654248259732	0.0596277325693144
-0.0519668535583633	0.0421328305938023
-0.380880816617806	0.515478471766193
-0.197007187273374	0.241259235708671
0.047979619850538	0.0565896947475988
-0.0958198201168939	0.116319708751099
-0.45284176183222	0.810209940544096
-0.1316303404957	0.147028689079491
0.0848108468064565	0.0975737285733609
-0.567043868760974	0.972745118811078
-0.366819490820903	0.576163256712449
-0.51896909292571	0.790073598042649
-0.0296600647796304	0.0330804082489276
-0.89189089294284	2.00852308603444
-0.226228693992604	0.27330098079346
-1.04346381380233	2.39139209979594
0.191332912119423	0.203972274895366
-0.697989339889147	0.974770860590861
0.282101342296738	0.228962136061067
0.268401612775453	0.281313380747861
0.325545248384672	0.2126753693927
0.167164301060576	0.0496616909525181
2.76095211479574	0.768066673537379
0.173940988172143	0.0437550114519682
-0.345163385884169	0.0987990558749255
0.161704326041628	0.070206686219815
-0.101366119582147	0.059412089607411
1.65248197645578	2.41939216981943
1.10234521090214	1.50252065285361
-0.246220172894273	0.182386109953368
2.16013179709657	2.24237241332903
-0.219326267233832	0.198004132565486
-0.251274705104101	0.186552457477163
-0.666072064518056	0.734600161800894
-0.789782282026337	0.522607428640088
-2.57447078703937	0.657780381714024
0.956455214607419	0.253949648163622
0.157971563808893	0.0296806747786729
0.159251072645633	0.0298673857617753
-0.625191995446008	0.152059991852936
-1.80127875869	0.380587746892248
-1.7975657981284	0.379599665892429
0.176818183184722	0.0443715906559113
-1.12825544522804	0.339732258677114
-3.07750490916701	0.956880231933195
0.101399553403494	0.165266611207884
0.0869442395195781	0.144720827299655
-0.0910808190754035	0.146948207109395
-0.0578396966975316	0.0841295850432502
0.454703379536815	0.677748779268724
0.551287955239212	0.649097715364429
0.0328757034341991	0.0238006913458524
-0.297308132776965	0.241055680680587
0.265205136882891	0.259386371634795
0.458957833156618	0.434463437229993
-0.327213264683185	0.231547879137399
-0.129816490275512	0.0729308729566383
0.701523986689065	0.329031287259273
-0.600439411796393	0.489215574531225
-0.370887600575571	0.397956247638577
0.0925232222564724	0.099494557896377
0.0486312885536586	0.0574151188079995
0.145279428849155	0.187537067960864
-0.0770493442267211	0.0927693428842877
0.0845749636586509	0.0914812064235107
-0.0537850807712526	0.0554434586513819
0.158791085727747	0.221422565886595
0.0367712448017068	0.0318961298240436
-0.457222551498572	0.729253861450262
-0.334976502880564	0.439536568446052
0.160165173126927	0.19024058171968
-0.396556668356905	0.497643018746703
0.194988603568899	0.204977127429485
0.616223205705069	1.17355890945074
0.316079900777614	0.432866759563548
-0.198766076548667	0.184777298831647
0.450866499079881	0.453568122695446
-0.0462036573321001	0.0379387573727654
-0.120347157973122	0.0837462573545828
-0.0792536900211363	0.0481409283073588
0.44246969756749	0.177341431396767
-1.12725353624624	0.339405023147411
-0.337924641037297	0.0968088152153293
-1.0295751694158	0.407075732966447
-1.97766943459045	1.37567900968113
-0.144419938894036	0.0516441997824019
-0.554810971277363	0.400476832033904
0.899955583428908	0.921834646927431
0.800285277818027	0.961492588164907
-0.670008716996367	0.778344468229275
0.0849202227641632	0.0577820499175181
-0.156806520940722	0.144094686090129
-0.13947406464061	0.0946513614298341
-0.00878342481118671	0.00570606163602378
-0.621333103088639	0.151104040920032
0.15823182603157	0.0297179405544109
-0.331353952324791	0.0949814429230132
0.157971563808893	0.0296806747786729
0.158202431453599	0.0297753629586498
-0.619895187822925	0.150839789138775
-0.620473624670499	0.150917804175241
-1.79763019308962	0.379603777700996
-3.07707720857862	0.956361112132394
-3.07750490916701	0.956880231933195
0.168354166613062	0.0424807140134561
-1.021608229039	0.402994857983997
-0.112802425063555	0.201917745374996
0.0317282313391407	0.0484895941438615
-0.0936541746798286	0.170350485142086
0.0021418636120353	0.00324220534806743
0.320399301737794	0.512908102142947
0.647113879566061	0.857503117773618
0.871322749470136	1.45001062407931
1.04666035489884	1.81547952523442
-0.0894747798334022	0.0784590634029487
0.216511272088992	0.210229311501646
0.104035325785156	0.0766363900871918
-0.492894474422401	0.369979823175151
-0.0920391288016014	0.0538476281437212
0.796990950436142	0.632290029629029
0.100837856795953	0.0741474504854908
-0.27101403116227	0.450352930083456
-0.37483547680703	0.573746296312646
0.125699576474725	0.169236714467627
-0.317943358290016	0.433571576526031
-0.404050621795156	0.661262927306896
0.210975836281507	0.255054213341964
-0.191398463608248	0.225195562653142
0.0620735367981241	0.065767972252639
1.00650175641696	2.52747029941711
0.0804181110486374	0.0821363040153178
-0.221037580425869	0.295482873210452
0.201549093001417	0.258188800038008
-0.0159543210625477	0.0157884982190699
-0.348025091506289	0.472670473378032
0.107668287829986	0.126625756066004
0.265312562658755	0.30485184652292
0.267237732887555	0.262047704752399
0.146801023671904	0.165896120882131
0.101551845528102	0.0747033618311565
-1.0275611383961	0.406046323242829
-0.305822160152223	0.140660828802367
-0.149109006987793	0.0533158375998453
-1.83236697381102	1.15277482234501
-0.448666372712862	0.296970184329292
0.186002327559003	0.138668957231954
-0.311437279016015	0.276845967727275
-0.542177458805778	0.566688773479141
-0.118613367499126	0.102374717213451
1.54061027874624	2.30191442699301
-0.29543300772681	0.319631462355283
-0.344653401104561	0.0986243796684527
2.75704467106166	0.766025498669684
-1.12669343566207	0.339109154533815
0.178378460373537	0.04470234426639
1.82658331770683	0.713161725221294
2.75704467106166	0.766025498669684
0.959294652844364	0.254663957360155
0.955450516302873	0.253599562429476
-3.07750490916701	0.956880231933195
0.159042375477486	0.0473891494040675
-0.339979595307007	0.0973896500376519
-0.619895187822925	0.150839789138775
0.157971563808893	0.0296806747786729
-1.50861948725752	0.534748868530857
-0.338896474896558	0.0970421752101679
0.161460812920862	0.048044569646078
-2.57447078703937	0.657780381714024
-0.00123153894114671	0.00159640140867246
0.651256662603589	1.85512239588216
-0.016029366476488	0.022646700272489
0.0155587730523734	0.0220732692314037
-0.220761565717216	0.443323249518116
0.221302196095964	0.313197704909736
0.998762874908773	2.49643576679318
0.38038232534325	0.446380636248249
0.346135617530341	0.442714842598674
0.183410807292629	0.231611688401652
-0.102653771045949	0.0969288865901365
0.139375744254462	0.120040127654716
-0.306013411985618	0.271005933208097
-0.477743815277044	0.565842625832792
0.633507903245722	1.23059473155486
0.00131814829038106	0.0014304887980322
0.0210604437143147	0.023438292146459
-0.367300532265941	0.510922061931174
0.1121215190413	0.11245083506689
-0.542885940024632	0.848758137757202
0.615178346017335	0.839545075213545
0.310691658223205	0.348050415770143
-0.63599619174024	0.780815420864923
-0.734294939442139	1.09858602130358
0.160570881924081	0.16745358472213
0.057122878686814	0.0538907402751963
-0.0190769383661275	0.016129682693036
-0.685483985901714	0.841145387471446
0.0351762570609779	0.0304970895077249
0.397379580670441	0.660997344446068
-0.777206367771744	1.71416445939205
-0.111231231716085	0.126324352719651
0.846765263066965	1.58858005209168
-0.540262886526036	0.634002980607011
-0.107218569244863	0.0763641749266817
-0.00955197474065214	0.0046401312937098
-0.885928692585631	0.734035886074873
-0.0657691917168685	0.0482236016857683
-0.479623700816905	0.474945815626468
0.387464039160717	0.437617955229467
1.10824765111285	1.60660170148149
0.0383052283383989	0.0294855459897767
0.209528572810909	0.20245164675413
-0.484616753631483	0.616376631637946
-1.46652862925097	1.02227508807088
-1.13698868821346	0.342607629634493
0.164738242561747	0.0490009495728858
-0.0888765435808338	0.0353365638161617
-0.212357205540156	0.0684063232030831
0.674143348272808	0.213431626689393
1.06054869994008	0.511395018263471
-0.505479662834573	0.190301474540382
0.17351044503084	0.0436385160120603
-0.210674512949727	0.0678922136943536
0.960305402281055	0.254935680101795
-1.27465265651181	0.572799544614502
1.46265753359042	0.48460907431551
0.691615514595266	0.323641424026334
-0.61946410648704	0.150698865008898
-1.4807002761444	0.745928431536675
-0.718081625995024	0.245384533690959
-0.772296324964814	0.335786349889704
0.0800077127696577	0.087335766460974
0.0630304934997584	0.0747530781650175
-0.0262454962739851	0.0296708354647146
-0.552572519353008	1.3759143677902
-0.0833895542661928	0.186904098935864
0.0939767838331479	0.194971037595678
0.123037134914661	0.237714536445913
0.585391968406985	1.44453741877796
0.416753499884411	0.862656140206308
0.352309766518879	0.64073612746207
0.507343248123775	0.94765216049754
0.166360463434299	0.22371353766946
0.903546028544175	1.96898189455345
0.190671382732245	0.273532692578089
0.0210762531988518	0.0317049676099775
-0.484763218642841	0.792196225305525
-0.0896952940280393	0.104189823671717
-0.700174446180549	0.666678374377571
0.469810511000928	0.530256467144164
-0.0314148213869977	0.0200945784766777
-0.221683912989167	0.200537263861285
-0.160112677549273	0.124300885878021
-0.276579784001727	0.199727826212517
-0.988327144762687	0.882780277051698
0.0771712038237684	0.0503032746269726
-0.661738228546473	0.689077427348787
-0.43312957678794	0.333412552467178
0.130263647720117	0.108889754936759
0.273919327966411	0.256987187761958
0.206919128369807	0.295870455604287
0.501477492411356	0.842717551405634
-0.124470355460107	0.158591561101241
0.56122272122201	0.87985887196878
-0.0418199860566397	0.0484567597123922
0.0224496010325084	0.0253980804221909
0.418476950495487	0.696822752828145
0.20765986524078	0.267493762122482
0.206485634955937	0.245053717792707
0.332264144690518	0.33877301485126
0.205592009504426	0.180368375239269
0.176198594345128	0.102236529144506
0.293486041040296	0.22154553876626
0.190667163164516	0.17764242071351
-0.425198240126758	0.365724887609156
0.54393948654199	0.714678850195735
0.199609495292182	0.178794874055916
0.110853743255395	0.0845031091547401
-0.583728937258519	0.471674934764156
1.05870458226278	1.1244985793343
0.12212512060065	0.103944310015775
-0.156588942483073	0.121265094774578
-0.841885505745091	1.06984195077556
0.848639285057295	0.89618993344835
0.4918994792279	0.43873070716243
0.904422396453534	0.927869581477356
-0.30553936288701	0.140473585348861
0.463608824171314	0.337743229036547
-0.0260800491860114	0.0121205379260812
1.04724981345435	0.998423243331431
1.41089254542603	1.1002845567366
0.962941959517666	0.656131797864151
0.929812004434825	0.812712133782492
0.185423954819441	0.121629264318659
0.370395549171596	0.187993276794653
0.331905555884747	0.202214422151794
0.462679664132243	0.43881864563406
0.170010151928312	0.0828067766791481
-0.378594906948121	0.259225889685704
0.15389644192443	0.0668124964776719
1.07132740135093	1.14483230796257
-0.533886511268034	0.337288210092603
-0.264000413272435	0.164844506327002
0.0421840495482461	0.0231718740408844
0.178930932562157	0.117047445492825
0.0842447704456918	0.0573309435253249
0.337081622592018	0.20577494938884
0.161873701684533	0.078714964001758
0.281189769819936	0.369653235454318
0.0297652360182891	0.0671537353895229
-0.0225807212013876	0.049311295012918
0.160060833037387	0.479704519351427
0.455532754426862	1.34146124242204
0.315134636182188	0.719147223998214
0.377607218881357	0.956273548051626
0.622803523066572	1.51208878319197
0.21836236114839	0.468119327433955
0.547552573612385	1.42693337610053
0.10372741832631	0.171845385965215
0.150400437695923	0.312443547870968
0.661582603550067	0.799567139513923
-0.133868856525694	0.116771398374124
0.554558666625341	0.323510746717692
0.150637496826969	0.0577366339636488
0.15388857651959	0.0668281633089699
1.82816209415628	0.714241631039221
0.358618520529346	0.181281147497906
0.721162730780802	0.477095039639973
0.911624477883254	0.493739471418765
0.15467977779599	0.0592620304168656
-0.391548460852062	0.162837516757791
0.155654248259732	0.0596277325693144
-0.771691513742003	0.335443022402567
1.06241719855304	0.512544776854604
-0.0870078215806037	0.0773962879832811
-0.272955347499043	0.328575489972559
0.14814193621701	0.167063925813473
-0.219431635726023	0.214421201903214
-0.148825797090342	0.232009805263372
-0.389062250478835	0.758341690552878
0.111792939409191	0.174273807482795
0.27589981626127	0.561218170388156
0.171115410977723	0.266522307919326
-0.0439209349801165	0.0601521906706093
0.400396326622691	0.778514166054084
0.128489771992018	0.151916893250439
-0.271310866078313	0.374112214751589
0.202928068032362	0.177734761753363
0.0530545426817095	0.0543036584780077
-0.582634757256114	0.784611519552038
-0.129897906333576	0.0908008475127591
-0.144929934902917	0.164010453433374
-0.283262942351338	0.309456291918647
0.362398829442801	0.521483314651484
0.187228719848781	0.139625184757889
0.556196428990511	0.324532333124027
-0.0376602715629802	0.0166207007725841
-1.8257869291923	1.66432270057556
-0.568089481601815	0.412831614321124
-0.304690026087996	0.140078082672608
-0.463578802558125	0.543349089739606
-0.692081370327558	1.18851711123047
-0.0841028488059567	0.0793909681929604
0.399234948971591	0.50051450504454
1.11254892962859	2.02384645167839
-0.641856199704305	0.823638939674284
-0.0332747598494021	0.0279565623815315
-0.0548285885843963	0.0459564612962676
-0.37180045568165	0.290780275336175
-1.28339353292156	2.26835262130247
-0.703107206616831	0.618792067888017
-0.302107327625922	0.266881524895158
-0.346055606462015	0.329099993525434
-0.43849827823638	0.436826501723449
1.16496234848104	1.55974921171474
0.143343704223025	0.134814123914561
0.944628563722588	1.07029277159399
-0.3302824937782	0.23398843122072
-0.118654379821697	0.0824974817441724
0.191015015985124	0.174063759679852
1.01528355404934	0.839173905743954
-0.0468614497673001	0.0347998297818288
-0.561304837670042	0.621823951976614
0.117306931616218	0.10171871933999
0.0762598714686412	0.0496777799658827
-0.508613740631025	0.468088994469819
-0.0152275944013095	0.0130899679634185
0.108069943902251	0.104414849984385
-0.242340881684688	0.179059838564188
-0.632638206120065	0.919302395566209
-0.622470861825851	1.58243941691478
-0.485992622408393	1.60029673366403
-0.503546704825339	2.47099830566205
-0.170097134805241	0.43683407272961
0.126980270477608	0.313539127915079
0.220697393313129	0.485429655499345
0.0600684424931015	0.0995722148633667
0.525305040706594	1.62680146367196
0.0221592556672119	0.031467162114043
-0.178967793825303	0.262868620809327
-0.10322705928758	0.135377934667666
-0.120260338038361	0.168923133486081
-0.0518991202231145	0.080271964966678
-0.246617050695673	0.369514163257633
0.175422437633172	0.233135916837393
-0.146015887985124	0.135653756420143
0.631340762182248	0.849633059274307
0.127642235709165	0.106517570870939
0.272648109467955	0.242083983759292
0.565872252246874	0.561509218666121
1.0399562985945	1.43291664696612
0.145008001500596	0.128265091495997
0.980650939138003	1.28973805386941
0.643468017728223	0.769254828662774
0.348980607381977	0.350983649061862
0.530640774712083	0.462054080422685
-0.185060858739394	0.156757509529028
0.295646142810677	0.442165263185011
0.00616498246143283	0.00677483319818914
-0.0168359021015459	0.0198699369716393
-0.148652420599471	0.21347100489469
-0.235157828772304	0.328798880536356
-0.654512642204367	1.16778559460914
-0.513151365041587	0.743660092704318
0.208000238323959	0.208999572259941
0.14346056785102	0.134924650559193
0.0367445428342811	0.0266348189288332
-1.05054014878238	1.56686586231969
-0.489176466893645	0.366513483407286
-0.0878268224347949	0.0714133905032472
0.211042316841051	0.175898960725712
0.0877384289863739	0.0776775488442643
-0.0324375610595369	0.0300900804315784
0.528813814464258	0.630146337487609
-0.312602375322158	0.278105920626149
0.457065471046031	0.447241117945291
0.189982717703092	0.141925041968082
0.191851116008983	0.16678273081025
-0.001348900985685	0.000972443419761423
-0.187902167976346	0.159552752722528
-0.212185456446527	0.136941953308624
-0.030884613158159	0.0197493160243779
-0.92107194990558	1.03854817817571
-0.378436624449615	0.297078171000868
-0.889069896030452	0.737847414794186
0.560117380195216	0.470544945051276
0.756981932930548	0.638494964924393
0.866601047375651	0.642861035684063
0.720069170196856	0.812210586863358
-0.0976668506909754	0.0571902658095216
0.556507713460897	0.324868317602168
-0.270535369100191	0.169360560626504
3.5303072269961	3.7041704053625
-0.315436810775365	0.188345851178978
0.0185020623336178	0.00931558260160134
0.400916629674177	0.181358781738668
-0.130139697893155	0.073170500738794
-0.0442120384415513	0.0193940037790029
-1.03294397271997	0.408564364042716
-0.0159247801828887	0.00751536580891651
0.35077155572197	0.196664919508414
0.0388911652475929	0.0213384200918464
-2.10116279113465	1.6061414947674
0.444073873433415	0.178068157695179
0.332780517554158	0.202494634309257
-1.53536469173082	1.47204121615225
1.14701533267069	1.18053694126551
-0.773104834879594	0.833553068280998
-0.323010629115277	0.193419335888682
-0.128209596521879	0.0720221908515583
0.052394695388297	0.0324586122427369
-0.0768014828135393	0.0466189145886284
0.185933049947617	0.115366693252938
0.100378644275698	0.191631292026376
0.0856614978084467	0.16154549144556
-0.77229584299363	4.87717556681667
-0.686671315112389	4.68935907210235
-0.417941937991636	1.70827722211423
-0.161124449450571	0.449207551050786
-0.398703498190369	1.11269100033155
0.406187629058136	1.10563470755313
0.158571981977156	0.32276960506746
0.901377589435003	3.41681729943795
0.0782098078287421	0.100063907069493
-0.0752830152570157	0.0989929972414028
-0.31192402026767	0.500188457626634
0.074489522590773	0.110596291678633
-0.0155644464169169	0.0199700795732887
0.227277381167127	0.341860120843951
0.552559981186282	0.860412847134577
0.811690579093474	1.23932240623213
0.315392543428474	0.354747166335913
0.356016925357158	0.426829301651406
0.206267550371344	0.222775317011366
0.652924541677892	0.695405687368155
0.933539048421819	1.42198289854391
0.76861569367178	1.09777858227416
0.2666642920361	0.267377569498613
-0.165039835188907	0.141204644858411
0.342845523778802	0.334429748630174
0.114288601821989	0.0897998909347827
0.494024513823479	1.00244661961995
-0.169430366581895	0.25284919054003
-0.150247042927956	0.229365711791556
-0.0560495835625803	0.0698944173086165
-0.210040033151465	0.313436212719923
0.160656005139379	0.167484371375993
0.349892590895209	0.342971143866293
-0.150448280678864	0.119074181968003
-1.08794121649016	1.04525247717024
0.805168236606121	0.969850213113039
-0.666217473664649	0.772273289608624
0.277581421897445	0.254110736069617
-0.248512302062463	0.237741998257868
0.626050710583951	0.838852508772509
0.165842017053792	0.187585610263204
0.396229149998319	0.450272334067882
0.699384119024183	0.970463061777808
0.0594554673000092	0.0570721978263031
0.597818210428417	0.909931233490373
-0.131027709244978	0.124520899027376
-0.0668237496122999	0.0648210298451989
-0.182166826147935	0.139273970327649
-0.570926349869454	0.415328720314013
-0.190405213115004	0.127213747324691
-0.772902296538019	0.507817804760297
-0.537159820914434	0.339486575776803
1.66704901815737	1.57609509686532
-0.0273495561465098	0.0127064334247952
0.0576491099643963	0.0338244637962385
0.169887444283169	0.0826182200511199
0.193942877292596	0.120742708947243
0.355156329348978	0.199719751031606
1.45676200245967	0.908041788681017
-0.781970251420059	0.515047931772152
-0.76983380610862	0.334488933532153
0.154314056097619	0.0670150898033003
0.853151743393166	0.779153421438795
-1.16781498514129	0.654925626710788
0.822450638269115	0.345345024290892
-0.384877653158827	0.217009529221633
0.61923973134874	0.471676791256483
-0.389430114431513	0.161873120994465
0.327933111249351	0.19946853698291
-1.08356767543333	0.738532419585883
-0.0934052352102934	0.0370510265865141
1.78014639959216	1.39866468262018
1.13235407790212	1.02468923521578
0.180022138426624	0.104673455542779
-0.060091108757975	0.0261138815917446
-1.81230096904141	0.73434889647897
0.393220623172696	0.177598536190824
0.742818757124977	0.622330471090596
1.16074496786631	1.32553020501842
-1.08426295491796	0.740441109643431
0.0790189930547826	0.146966410115816
-0.0980973042352919	0.17205003934183
-0.351128545590348	0.808037073666483
-0.236424967889913	0.445604068351987
-0.364677129994315	0.913091697369885
-1.03547509018231	7.7840842157977
-0.95054675681341	13.4888708858993
-0.360729684699924	2.10346198500645
-0.119058362924176	0.405157367906421
0.161751032157698	0.401781041354037
0.37881834314953	1.24248503054218
0.35141918197878	1.07159544901087
0.472068052887193	1.4314640916982
0.224069406390526	0.496178069397632
0.26292277672567	0.587803664644033
0.235323644572384	0.559364177254139
0.208654663471431	0.553805192493034
0.00657082485145677	0.00740811324150407
0.306006384995781	0.507300360691064
0.294918864731938	0.241055704411006
0.908181152675989	1.13076171852102
0.532647645806891	0.556714298432994
-0.780187891820371	0.667584602298396
0.65341473358459	0.696174589068212
1.06246974082468	1.13116816216584
1.24243405439078	1.21849562311173
0.320280393650288	0.221907209180242
0.275015497255277	0.237440906764183
0.556766583979721	0.466960779876965
0.702537181632451	0.617669022645503
0.394620399521632	0.338333493539422
-0.300916779280705	0.482540191530987
-0.307681256455939	0.521475651883782
0.198004082707028	0.343817997224992
0.351505946589265	0.530686901710392
-0.242316155695604	0.448272548169083
0.0228824033099707	0.0287633239332018
0.18940115195843	0.279661905951486
0.269906266543533	0.375822599966927
-0.458334645602499	0.566458597855511
-0.092199634662603	0.093678316615096
-0.136637888198265	0.125932373835764
-0.149173324969552	0.101729502753995
0.0470890344609461	0.0466348967830862
0.256755615113729	0.266539494314704
-0.380995567844662	0.502353345159368
1.29418046326583	2.37266741329939
-0.38026647018774	0.330614823631342
1.54525417040472	1.87648744285597
-0.694295453399017	0.60843471864506
0.30721031469012	0.222921590064897
-0.542332957348232	0.567015052614198
0.0980843156244268	0.0720219928738109
-0.868887473547025	0.869764835205851
-0.327667916732406	0.392431857747199
0.329459521962081	0.367051485309516
0.112450646078479	0.0906141968705215
0.436498010822069	0.333014776422294
-0.337292175188182	0.269718538131318
-0.369446065007495	0.252075103537685
-0.520406980422778	0.430603821049894
0.31389239373042	0.203914573878135
0.187404924716653	0.116317781309186
-0.0787331342291606	0.0567365746504898
0.0350883967026008	0.0193117696105344
0.316650090923399	0.218984503279108
-0.0453150754003865	0.0282670127775105
-1.33159210633181	1.09776148062917
0.310473152292647	0.225684125930416
-0.718050162085429	0.738665856535448
0.18322136904896	0.120009867768547
0.490767331284753	0.337750095749609
-0.382192620101925	0.30057381754218
0.485899930223287	0.333558028992115
0.173868247030164	0.0932875267211766
0.421934693036976	0.336312540308428
0.18681652531622	0.128549792513029
-0.121211443783883	0.0843733735714093
-0.17601882876672	0.11688360265486
-0.265020182506842	0.241061996464628
-0.340045571153487	0.242007637380513
-0.0704010431574394	0.0426883071047745
-0.237255973738276	0.197365343472537
0.0322597020028168	0.130496409857048
-0.0722029140362517	0.295351957632333
-0.171155949711691	0.780239952836122
-0.305192551342281	1.62547780003615
-0.583715621722231	4.40265567157385
-0.56003985133161	3.92929792803551
-0.645351543328624	5.00508063184649
-0.770455037170689	7.01451035998638
-1.31877137640864	18.1868486174736
-1.16044094185038	12.4350566254352
-0.41482478727064	1.21541562023683
-0.207172178646713	0.470752477204281
0.0818011907650493	0.112393160274639
0.67638616563494	1.77964792677808
0.248247326225349	0.361476131847569
0.294859044782451	0.386673799765373
-0.0668459057976726	0.0595582079848803
-0.0669787352632156	0.0491579943443615
-0.0651034497060698	0.0579259811203712
0.090759191997019	0.11864969998508
-0.0892967227107538	0.14690887235989
-0.0894995507460341	0.146889184269814
-0.218740520114522	0.36935663333417
-0.536735336148369	1.35472245749034
0.0222982881933453	0.028749720618557
-0.0865595470808155	0.119361871762116
-0.0419717698727215	0.0522857468877499
-0.0111858055020336	0.0121225866283997
0.358579981347419	0.563796073056277
-0.488116049017426	0.84768971812708
-0.250794960253255	0.401703157008683
0.442123514014799	0.88725590174891
-0.289743087423694	0.451699646416992
0.257134387601956	0.389220661586618
-0.329431424845248	0.577012465015503
0.0337927508525369	0.0361065024512906
-0.0353508204156863	0.0357758701742098
0.216384600277122	0.218983871052916
-0.96193556659365	0.943096282396349
0.553484031101237	0.32282179809248
0.151655604994933	0.0659181644960472
0.152905507940101	0.0517666814526333
1.04422575936648	0.394740889448914
-0.516445778893015	0.194901695063007
-0.940811647815172	0.576488039608728
-0.308849404016141	0.183782252648827
-0.990349589452844	0.491428948484239
-0.481332374340611	0.252453037367173
-0.780070181883784	0.596081411542673
-0.638802011847191	0.377696449069451
-0.0834688449319827	0.0603364482410409
0.348227585596186	0.321657150938086
0.626533945820183	0.590212229491501
-0.22812756051879	0.207302755282741
1.05006998659943	1.45543852885303
0.11710934974356	0.0921512452069197
-0.00576268489055798	0.00383894707604301
-2.09765705453772	2.3175973499107
-0.72343821238033	0.836749250855102
-0.335438661955823	0.0961186879895653
-3.08160228540496	0.95864568534502
-2.57421277656498	0.657506382974291
0.170331293505475	0.0429093144237285
-0.624183598429151	0.151840837481169
0.159251072645633	0.0298673857617753
-1.50573496603534	0.533703959061235
0.161557524205252	0.0545946857697164
0.831620070236954	0.349690062054934
1.57210990848961	0.779722751474671
1.46010735547628	0.483457516052687
0.17351044503084	0.0436385160120603
2.76095211479574	0.768066673537379
-0.719840487055064	0.245972653044846
-0.340593087152544	0.0975352685660813
0.154259314455831	0.0291924198815566
0.678226553256205	0.214653433627451
-0.215469787669442	0.0693747409894077
0.53471313464826	0.191636123836102
0.174503749901052	0.0438676710334476
0.165622192143609	0.0492275837346074
-0.215221304062718	0.0693199317381142
-0.513007538344876	0.193523517901935
-1.98003427618288	1.38083297681597
-0.940811647815172	0.576488039608728
-0.0380339815314439	0.156611695791331
-0.0842422474601034	0.367420191159592
-0.277765578456346	1.62146821496113
-0.465889234122221	3.34407971641339
-0.182146163881092	0.733106702240087
-0.305827932615373	1.53633361367572
-0.6686147381317	5.49340834616898
-0.665137991159129	4.45348139158011
-0.407033946201026	1.11995044477252
0.0512332296441652	0.0612445874777187
0.137049769958567	0.190539302423846
0.575949645278724	0.913075471162065
-0.0184077499263955	0.0183874894117732
1.12401435805385	2.46148190535119
0.920365443310349	1.32911083492124
0.972825327813692	0.967786844660901
0.35308624623206	0.198387083568239
0.328506126416159	0.214717893564531
-0.830102319398665	1.15056249154164
-0.090346301089535	0.131331286685181
-0.440057734096375	0.991667673641122
0.121679226375937	0.19322526446775
0.416627434025784	0.973051816981105
-0.127870407072118	0.199077532663221
0.25461462756909	0.451380536002521
0.0260646246004033	0.0358892898974826
0.165348606770784	0.259859373580129
0.0358119190210527	0.0458558659533908
-0.191724914811316	0.305512422860433
-0.0602283480753583	0.0839276073403948
0.060347797349477	0.0783273357341456
-0.0676270530713567	0.0860138663089788
-0.36383418996672	0.684263106885831
-0.579114752247204	1.02669605745074
-0.25801813769769	0.299113415144149
0.724724032877694	0.994912636184627
-0.0422266544882239	0.0416094566585331
0.159565625906121	0.0475096222585406
-0.337924641037297	0.0968088152153293
0.158942567785463	0.0608748549822144
-2.46530807553555	1.36748870412042
0.339486976457489	0.207125535115419
-0.209132062739817	0.17563581665096
0.457736037829293	0.432668894242057
0.720073642281346	0.476850949653965
0.52299468647185	0.560951631775367
0.46350843392419	0.440021943008285
0.85907540735841	0.78681807962358
-0.497940091191801	0.455788117852387
1.77929587722186	1.39740752978127
-1.50884424560785	0.535043767502043
0.17738312662749	0.0444846964186047
0.159251072645633	0.0298673857617753
-1.80127875869	0.380587746892248
-3.08160228540496	0.95864568534502
-2.57447078703937	0.657780381714024
-3.45172595803352	1.22146685013561
-1.12669343566207	0.339109154533815
-1.81262047956212	0.734554727038592
-1.7975657981284	0.379599665892429
0.955450516302873	0.253599562429476
0.957025852492456	0.254006696314478
-0.221200715743042	0.0712222587266738
1.46067242606004	0.483688692701864
-0.617055950695462	0.150241664375452
-0.620903335937371	0.151058535991718
0.439162550115406	0.175967379347071
1.4604038372023	0.483769829709272
-1.12725353624624	0.339405023147411
1.28591770831304	0.710428298878226
0.158942567785463	0.0608748549822144
-0.790148251350594	0.430920389566254
-1.67059954075864	0.941785806067305
-0.042494006786251	0.181274676992819
-0.0799287274930642	0.342838828922587
-0.211799290284344	1.0774187672388
-0.372640455066947	2.38828579236761
-0.429124210296434	2.91714894946464
-0.371529511707496	2.15505787071437
-0.447403773086455	2.47193609814762
-0.443318911347807	1.25330352876454
0.521267035038607	1.09146400040453
0.573147256699219	1.25715745753607
1.23196353159726	2.94006457037407
1.40714924010755	3.47147514719812
0.601632105328018	0.81337207757327
0.762162052162096	1.25760146606281
0.0822499490874812	0.0536801443387766
0.553300063321808	0.463250532996848
0.676297018764226	0.486255332695294
0.544991334823846	0.699746230847546
0.208461597948569	0.368691292711716
-0.105147924308099	0.167753101451879
-0.109034328334354	0.182693212659131
-0.575850854716414	1.53248125452997
-0.00223623181429032	0.00313114856254797
-0.114100504823964	0.17189637774687
-0.33872491410068	0.673922235534002
0.347262764769089	0.666277195213114
-0.213120454146863	0.35155643319155
-0.342678034643729	0.681325893119009
-0.0477805472978688	0.0658984449069963
-0.288167091790988	0.558800058766115
-0.362756289212853	0.69525755950448
0.019046850478218	0.0221381037977241
-0.381103879952618	0.557820296822731
0.135046197765699	0.121190997100052
0.206215271922684	0.18558524424165
-0.77478753518839	1.11493497104971
0.356450597679075	0.200322555725617
0.145564180353465	0.0558080382468443
-0.619895187822925	0.150839789138775
-3.07793266340176	0.957013587093989
-0.216312796922935	0.0696114202500776
0.168393915595915	0.0499912542478598
0.16323818852145	0.0485873708307168
-0.0646917550429767	0.0280674014631863
0.184570194688273	0.114542616192093
0.889926564957938	1.03052532725131
-0.238944478952383	0.199086188482287
0.650144651943094	0.691463962778099
-0.105119900931746	0.0616825476530141
0.426538224909901	0.435441665495957
0.0746130937133154	0.0463648095103335
0.662153278041984	0.603625031663076
0.164738242561747	0.0490009495728858
0.154259314455831	0.0291924198815566
-1.507638227659	0.53431243522829
0.157971563808893	0.0296806747786729
-0.625191995446008	0.152059991852936
1.04427198623154	0.394656801502761
1.46166504880046	0.484245680586438
2.75704467106166	0.766025498669684
-0.61946410648704	0.150698865008898
-1.79763019308962	0.379603777700996
-0.621333103088639	0.151104040920032
2.7590679263751	0.76692961097815
-0.760123457275182	0.329460477790299
-0.620903335937371	0.151058535991718
-0.60491192937513	0.290190935381882
-0.233978597770351	0.116878809658738
0.0109150081313221	0.0408206645765659
-0.00661356377206231	0.0217970253829925
-0.0307677536851482	0.096131917866279
-0.236746542115048	1.16693284505245
-0.299048833822125	1.57052710597417
-0.367174586181936	1.79299197622346
-0.201527089912561	0.449627855433958
0.452641548340537	0.841426601335798
0.59985447021665	1.35535370426789
0.777220230535615	1.26576657105272
0.459341860709672	0.687161635613904
0.777980573486981	1.40974017971825
0.281461230969083	0.265367103239172
-0.0883396372384472	0.0516259942918448
1.11624383373229	0.854084755792822
0.877570736842032	0.653348659042388
0.445636676274568	0.532122028569347
0.124557564230521	0.186112043905572
-0.111663909566762	0.175888018762987
-0.101490462092426	0.175476644312902
-0.148569675049727	0.246852741425382
-0.219972113243568	0.41115910206807
0.0670348234180646	0.108253711515739
-0.170731139887922	0.275981335315165
-0.449927573566014	0.892784765633154
-0.198704250013898	0.319456882533265
-0.0594754712330245	0.082084959742503
-0.0657151516768782	0.0924573697318975
-0.108931058649696	0.146371282264591
-0.214250169813687	0.333983985897493
-0.0713217499632609	0.0918359371203534
-0.0433484948804747	0.0471210614251645
0.211835784712745	0.209369092099787
-0.788434069812716	1.05426965889523
-0.328006576944376	0.392999640402971
-0.216657714135014	0.0698098910080456
-0.61946410648704	0.150698865008898
0.167164301060576	0.0496616909525181
0.189893300502283	0.1180468639613
-0.577417202602192	0.42126062788404
1.26366811645442	1.07736492537802
-0.0253013098125608	0.016205705839259
0.500932278250523	0.449297470043781
-0.246478110884852	0.182539813461839
-0.105957102067042	0.0754188698465711
0.0422025503419586	0.0231475915727906
0.288920669678051	0.217545544983585
-0.337924641037297	0.0968088152153293
-1.79763019308962	0.379603777700996
0.17351044503084	0.0436385160120603
0.175496922320134	0.0440701137079318
1.95879552552655	0.437985228139192
0.153179217844522	0.0518679803975777
0.15823182603157	0.0297179405544109
-0.216063671871124	0.0695794401283131
2.75704467106166	0.766025498669684
2.76095211479574	0.768066673537379
-1.81705516328656	0.73681238944662
-0.719585944508868	0.245867637672296
-0.607590333678788	0.291682224917776
-2.28513840157422	1.15239688623929
-1.79763019308962	0.379603777700996
-0.0132384292411615	0.0501718058899717
-0.0785484411916928	0.333761604671495
-0.0975139729225434	0.387836573829805
-0.352613514727267	2.21994174250596
-0.268950930117708	1.2287366002693
-0.323415685390334	0.950204893897559
0.147164292891372	0.204449267847809
0.367382350539269	0.707665596699871
1.44789316856224	4.3689671765939
0.345631467074238	0.426523460793794
0.352874536678215	0.438166071962763
0.401830819637703	0.437138624410025
0.714004150131084	0.722057281096732
1.13892626392163	1.03290112984334
-0.450567686295173	0.298721904525706
-0.0610122411701346	0.0549273982757424
0.104909827231141	0.158459157096748
0.182209768851358	0.292605136949504
-0.0580704671980718	0.0985178538943861
0.375843730355015	0.955748246754281
0.0300792879935478	0.0424307885559128
-0.308268936982058	0.666288721732946
-0.237200684263981	0.445771654764705
0.262658351810446	0.479781040463268
-0.120285016665152	0.172507710021149
0.131741319624346	0.20168349581594
-0.208226085749254	0.388863587114299
-0.315253312516356	0.603087596428708
-0.233523428555885	0.386211374899983
-0.318652155687168	0.559786471967933
0.261720939145353	0.367987878146
0.103661357250067	0.098244488126772
0.207366465380776	0.19125337323391
-0.0360347160356342	0.0327567340473293
-3.4565767152091	1.22430361707387
-1.12669343566207	0.339109154533815
0.670430931165646	0.212216518896251
0.617852577760131	0.325057384377683
-0.446770120060432	0.295856767349936
-0.281606645186814	0.203981771442781
0.762763173853411	0.752374631655686
-0.107336286559242	0.0847617086929191
0.346041967534061	0.211778194694086
0.196770184981923	0.157801555204805
0.0762168638768342	0.0496611900390316
-1.25420311544747	1.35734769305513
-0.302420640980099	0.138637693276784
-2.57421277656498	0.657506382974291
-1.50512968650064	0.533411802331246
-0.620473624670499	0.150917804175241
-1.79763019308962	0.379603777700996
-1.7975657981284	0.379599665892429
-0.718081625995024	0.245384533690959
-2.57472877667238	0.65760345889815
3.26835783601252	1.12163011968705
0.955450516302873	0.253599562429476
-2.06471752579984	0.9359945270827
1.82816209415628	0.714241631039221
0.154259314455831	0.0291924198815566
-4.21940186089714	1.97447623308519
-2.57447078703937	0.657780381714024
-0.0744246960891025	0.350449338777455
-0.0987033890965272	0.453120568728496
-0.167248130814542	0.783902765704223
-0.468673289665424	3.23893769529933
-0.482464728213189	1.80157860811184
0.719461310530653	2.17416309302068
0.893470798519739	2.82169293923117
0.416069664594712	0.677070540823718
0.43439653693765	0.657239089335018
0.834562895873667	1.50631784779827
-0.0998330752247966	0.0866387846665434
1.59840318130437	1.74254658588921
-0.27499958145855	0.198452283819493
-0.67703085394974	0.535594398235773
0.76057505630422	1.41741320421273
0.272376077764098	0.571344722874008
-0.114036662271343	0.191483382698245
-0.105456468748926	0.183801265625812
-0.439917345793186	1.11754756700501
-0.0449347251343188	0.0662624364785726
-0.0158155003811976	0.0226426122641428
0.0675201609287566	0.104356659350763
0.037068161290392	0.0475647904447399
-0.199241824312143	0.317668420137719
-0.195958701797754	0.319276207758992
0.0921728633363831	0.133623914103478
0.239243583476279	0.424880283213306
0.107191018739541	0.161275574232995
0.239269971777346	0.360816056721053
-0.109791030348564	0.136233558936068
0.0625056508722791	0.0592239302381583
0.42157470555367	0.42894473519954
-0.196055438999515	0.195421908016401
-1.7975657981284	0.379599665892429
-2.57472877667238	0.65760345889815
-3.08160228540496	0.95864568534502
-1.7975657981284	0.379599665892429
0.162171049505848	0.0303007576998756
-2.06977352534937	0.939684536075736
-1.27409648366397	0.572425579984391
-0.522217673493657	0.197342207603961
0.158426007238141	0.0472279903538101
-0.778685596548827	0.423343746828921
0.62386530864394	0.586810843925249
-0.464837385587489	0.391775545601637
-0.0717757549228041	0.0435404954036672
-0.00283186456842179	0.00177902273023714
-0.0477929442249004	0.0298251458079244
0.0693173671128019	0.0430017086484829
-1.15873115540021	0.647391865810701
-1.7975657981284	0.379599665892429
0.957461191854986	0.254126256439643
-0.625191995446008	0.152059991852936
-1.7975657981284	0.379599665892429
0.672560905238846	0.212860180111741
0.15823182603157	0.0297179405544109
3.26630303248094	1.12023058934939
0.822267625819136	0.345061712364334
1.95793128711136	0.437766051086387
2.76095211479574	0.768066673537379
3.26732978575294	1.1211772426211
-1.79763019308962	0.379603777700996
0.0489413319964064	0.217824499855022
0.00695819418736592	0.0237209874263838
-0.0667581522029172	0.230905131586491
0.121240846870316	0.339801031109349
0.751453301123874	2.95666711487918
0.448418678639871	1.12443201056472
0.700210462264153	1.51206122866799
0.857619288262255	1.88141758521978
1.17312472150538	3.83363709026276
0.906536281506955	1.65253594908288
1.30140256588825	1.92148909905738
0.483549275762997	0.447357105502816
-0.495219759569184	0.452616466459846
0.61576786050329	0.977980578850891
0.0440406738116545	0.0659700009986944
0.160184168029619	0.285357136099596
0.0706516238769804	0.129706115242586
0.073504840887872	0.125392737914758
0.356488919769647	0.914782980117408
-0.252823904541327	0.495113838637385
0.208814741442208	0.429125230055692
-0.3843070548205	0.780895883419735
0.200069897423962	0.353725158788222
0.290918991179584	0.583499007699758
0.191475392921137	0.346419157318876
0.185005002328612	0.309069891427636
0.0397132189320788	0.0523023964821441
0.121711328418071	0.176462504075315
-0.417252367471706	0.704882603237771
0.298673172126209	0.369030351138388
0.194499785469448	0.193433532470393
-0.396946908303612	0.498112596005816
-0.77061000458799	0.334977410574685
-0.724996456084797	0.247901521017459
-0.395517410573771	0.164853352031741
-0.620473624670499	0.150917804175241
-0.643412780595941	0.380739819328886
-0.212107996589827	0.0683682958385105
0.0650749557139291	0.040362821102369
-0.207815020151265	0.133836902465017
0.275911086008812	0.245543087148817
0.0567131249873996	0.045092927610943
-3.45714001185249	1.22455064732533
0.164145173866849	0.0415246332756727
-2.57421277656498	0.657506382974291
-2.57421277656498	0.657506382974291
-1.12725353624624	0.339405023147411
-0.220606538471739	0.071036835690658
1.45941385003452	0.483259882361236
3.27025913837768	1.12233669524588
0.952729371406254	0.252945498225285
0.162968126753743	0.0485024678975847
-3.07707720857862	0.956361112132394
3.64813638806334	1.43480372807629
-0.620473624670499	0.150917804175241
-0.339366328033743	0.0972003539018668
-0.333247970373579	0.0954969729659714
0.0335500468396163	0.139527686453408
0.103210031583469	0.4754375241446
0.368084542582934	1.9417877362373
0.748841163241609	3.26532993706674
0.764873037942796	3.16997516537812
1.19392595646739	3.54976363900618
0.822183670660139	2.34117662415749
1.4993726562825	5.59702070768002
1.30482205554224	3.39568817293057
-0.024782326272477	0.0207657393006968
0.672673023544429	0.792695456136159
-0.258145365008867	0.211227332053573
0.335203329225236	0.460149517107201
-0.160678126536911	0.303988562850762
0.238343690045718	0.496046748111333
-0.218534066935772	0.47970440707822
-0.0157029514601048	0.0249378400027328
0.37877169014112	1.02908877359732
-0.0203523826834051	0.0285941973685523
-0.383366278539633	0.99845752612361
-0.023436799222332	0.0317023460256385
0.0432224178014875	0.063951841639046
0.00403142780085525	0.00547404009949899
-0.127459938271831	0.209843123313998
0.145179451649882	0.212436637677975
-0.218398342560555	0.368610635763239
-0.812919440834043	2.26599776128264
0.172375470289247	0.238384928662935
0.32618273304194	0.450746062719968
0.510737159109319	0.713141222899045
0.246599445019796	0.324351476073228
-0.391322367926216	0.22107295365753
-0.14575574418188	0.0521067853554539
0.159920372276999	0.0476279199969756
0.164812325483375	0.0556294193808756
-1.50861948725752	0.534748868530857
-0.215221304062718	0.0693199317381142
-1.15929204485049	0.648670786694031
0.0332803871886539	0.0182752388159264
-0.227690975033403	0.206907503561269
-0.254886020390903	0.230403005812442
-0.649880831011334	0.672621786657118
0.130866234133773	0.112049308303255
-2.07095503900868	0.940306066070207
0.154259314455831	0.0291924198815566
-0.620903335937371	0.151058535991718
-1.7975657981284	0.379599665892429
-1.79763019308962	0.379603777700996
0.154259314455831	0.0291924198815566
0.164738242561747	0.0490009495728858
-0.353818091063211	0.101134479617336
-2.57447078703937	0.657780381714024
0.157971563808893	0.0296806747786729
-1.81200943037821	0.734241478143734
1.0418455851348	0.393863567086238
1.33999521271986	0.585413722027566
-1.13282069800183	0.341231258763963
1.04665020030324	0.395956904990197
-0.337924641037297	0.0968088152153293
-0.337318918589577	0.0966140796949229
0.959294652844364	0.254663957360155
1.46209127003869	0.484377128190959
-0.770356668689897	0.334785804148308
0.00582292053544803	0.0210320038154221
-0.00311840765044258	0.00981722261100341
0.701637102582977	4.65643049079246
0.660783633940048	3.37871799351001
0.472221497399792	1.31104985911172
0.615666089919606	2.02765002930159
0.981286532111296	3.75808934263077
0.799687726079413	2.08998109091693
0.972560811898493	1.82003071574881
0.538423528153537	0.645857323240598
0.527101484511451	0.627421850638304
0.300004892794343	0.528602740655849
-0.0976581262995022	0.177605815263107
-0.241162001908954	0.471441912445384
-0.612928506403777	1.74588825100504
0.133620967284538	0.219995966568647
-0.427083217881082	0.846979299228219
0.139734175425263	0.20312366210036
-0.117773069518906	0.180239826293527
0.434341758031957	0.826477194848618
-0.337511042926466	0.542440220900949
0.346971946349579	0.56724791096037
-0.742880537467945	1.83790054176315
-0.0479405499879177	0.057851808772292
-1.1935134695249	3.5010174990112
0.118483102720012	0.147386775153371
-0.245014912638046	0.380186541524888
0.438466227416848	0.853176024378708
-0.017992912506547	0.0178191967385813
0.0507493580801845	0.0600346386492278
0.411281726684316	0.427384130815729
0.650592596238497	0.589717268914396
0.168354166613062	0.0424807140134561
-0.513265508496353	0.193649815889796
-0.759407931047399	0.329038073422164
0.394955644023192	0.178414717504246
-0.522217673493657	0.197342207603961
0.156283462427496	0.0677795471410787
0.403471697892599	0.182600017696861
-0.0950821462156549	0.0556624061121315
0.367038415397899	0.186065733367347
-0.979799694971993	1.23369026946708
-0.783018922021194	1.04371676891818
-0.0305397746948219	0.0229510315302484
-0.445163233316534	0.527381694256788
0.158202431453599	0.0297753629586498
-0.718359983709028	0.245324841773925
-0.71869462645605	0.245625159522256
-0.51848078257601	0.195849342036414
1.95793128711136	0.437766051086387
1.96141436018454	0.438711417164155
-3.07750490916701	0.956880231933195
0.956455214607419	0.253949648163622
-0.338291342092883	0.0968475173314605
-3.75168277240236	1.47633842923476
-1.81291187157146	0.734751884578751
0.955450516302873	0.253599562429476
-1.12725353624624	0.339405023147411
-1.82306257570302	0.740114932049179
0.153868695124602	0.0589460710470917
0.159251072645633	0.0298673857617753
2.76095211479574	0.768066673537379
-1.01881976284329	0.401954931656393
1.46364987732708	0.48479584486453
-0.714755800696332	0.244129665196273
0.956455214607419	0.253949648163622
1.46166504880046	0.484245680586438
-0.221200715743042	0.0712222587266738
0.0444096265275806	0.203264250547283
-0.246261334615143	1.92519597076423
-0.179331960462968	0.97065536255993
0.398564568304612	2.40245570370886
0.454908063150091	2.59065952475115
0.330106952435365	1.33953395852169
0.667235819283925	3.37608472348033
0.593354935323818	2.82266419377283
0.169186393230194	0.384186486102377
-0.259775150265655	0.710935527478585
0.117432638156186	0.308467841959372
-0.334369902749672	0.774718610582962
-0.193519464612233	0.352968760090037
0.701587383462557	1.20802101887651
0.341538752234842	0.350424207959975
0.639099250259256	0.918463367312907
-0.247846236532583	0.183767846607131
-0.250252433598843	0.22548593724004
0.600393899482288	0.666020934836298
-0.0373954060086961	0.0310608106187862
0.187799869178125	0.123341770779961
0.149405542734887	0.143902706727197
-0.577648061710419	0.646465551802364
0.802762201587287	1.05410594071668
-0.37920092985143	0.358000197155026
-0.242021134888396	0.379800222426323
-0.4565115396209	0.871502267993616
-0.118938822827354	0.184773168540424
-0.0752056623974766	0.0918318169443587
0.227529908026543	0.43052550705977
0.00464237027245273	0.00618786153218537
0.467641176063852	0.967058503507283
0.656177656217728	1.41850486869252
-0.225963675870747	0.307298276622507
-0.0259523823614072	0.0220056756567727
-0.194652113087589	0.149853603364317
-0.204846309235566	0.201832397643145
0.593341441905654	0.747755398986923
-0.326625384092094	0.230939511741197
-0.141680867047841	0.152152270816598
0.197113317486244	0.176238606497136
-0.236294619362763	0.283933839108471
1.01022696573545	1.42665690625231
-0.701623804459386	0.715237139345505
-0.331725510975496	0.289678130239957
-0.134163520872102	0.105170324410345
-0.145703114530719	0.0991271120106963
-0.628393658588477	0.369747361843754
0.800178498411089	0.759756619431886
-1.88131933476934	2.6820197385276
-0.985969155498987	0.880179029804313
-0.221806934967632	0.143750473010823
-0.56911893230249	0.413862784613816
0.98674222596211	1.08100794623217
-0.374143890041771	0.324267467761207
0.560499521879182	0.470723647167891
0.461642296583146	0.437700104087989
-0.318405385496013	0.224307768112863
-0.787058405978131	0.603507380819688
-0.676651175273997	0.535002225307883
-0.014876736402955	0.00705365567309742
-0.0454901472530513	0.0283869752626808
0.164758797799876	0.0801622474200894
0.660913009978526	0.601842790371812
0.0696972992201445	0.045315315229903
0.186560287473708	0.122430092192225
-0.34502872515738	0.277069107670455
-0.0831529531363615	0.449226740294647
-0.0270878765962333	0.107549234749687
0.245061165170586	1.40992936290883
0.295362265141439	1.61000943067159
0.393771281528726	2.15626192988521
0.389546405817909	1.72172733873753
0.096850061686798	0.261135137910885
-0.101751885233231	0.25030437855116
0.0644974757260073	0.150283337561362
0.0483592717085808	0.10760281235576
0.52201280591918	1.08067911224745
0.164375769172639	0.208595950843264
-0.00118472859731811	0.000979084276463634
-0.125093694260029	0.0998738781393907
0.674114114639471	0.697289987979235
0.750616638801521	0.736215888409245
0.58317136785743	0.467830869301129
0.971219892031753	0.965685704562794
1.5476008876257	1.88063346081172
1.34081596765005	1.58202371331901
0.437629413140017	0.334274007792571
0.177687076605193	0.12170622606837
0.317036122500868	0.219238924316613
1.00696707654602	1.41972759160597
0.715614712672128	1.30489667568567
0.342599795580188	0.577844969419385
-0.492737256931014	1.02833403447171
0.215168294270168	0.261120198761273
0.138544577366473	0.21985729781738
-0.26882038598621	0.534785487503736
-0.231636291748389	0.4038070580213
0.028136421366414	0.0362366064078368
0.183645145995217	0.281956140038057
0.202179167088052	0.293906830092101
0.0598868274783613	0.0678824403285675
0.210847186952114	0.224663988512412
-0.0183743431597351	0.0155317982735307
0.181767071552809	0.119055529315545
0.0525148259853497	0.0406323595318475
-0.924166346468243	1.5106205944259
-0.875068179275483	1.31245820793364
0.260921290533217	0.293372838053718
0.46444063164996	0.53572506474224
-0.240727024786623	0.285759713537449
-0.0392939126782503	0.0295728790638877
0.0716884479086501	0.0445197258879344
-0.369604189482537	0.419119686574496
-0.136158838486902	0.106855772972262
-0.2928866452537	0.213301455286484
-0.0375987505633794	0.0278426152813833
-0.46625131091671	0.435048433496965
0.505541437342884	0.552483528964155
0.097601611056187	0.0692812175391878
-0.335418660577251	0.267967583409659
0.343020771036526	0.209663457898754
-0.428187265139241	0.368940891816623
0.525571521148586	0.456743010233783
-0.0484796119874838	0.0360185579168107
0.852952915130606	0.90220498455303
0.356739579534088	0.341563492374586
-0.388504169570655	0.339604556042591
0.374951530773828	0.190613652176741
-0.236671398999147	0.196845070455569
-0.552434735566631	0.580471953904221
-0.385216299146133	0.265064447210595
0.486776676855272	0.334419157337786
-0.416209310686645	0.356186906873656
-1.7904917015935	3.07794100055965
-0.174839880589466	1.26724128230766
-0.0494567992579595	0.198532731600507
-0.0396427978046787	0.134902325969712
0.215271251816906	1.05410257756669
0.280320801726705	1.2632793117615
0.218776745999113	0.845108023205433
-0.195021810590072	0.610775685334956
-0.236832363135747	0.787175458448749
0.0352984676985787	0.0727269592218426
0.0684677327726915	0.0912608921462109
0.32944387204562	0.572805285053745
-0.353531577619431	0.383114424085422
0.766844895414536	0.852165805879963
0.0256552904299452	0.0178979336677276
0.292457139633593	0.2472558061678
0.0336630549207051	0.024375062403428
0.995392387933052	1.0950836194869
0.201541907025031	0.171767616380259
0.441914788274794	0.338277637107755
0.0201165600972053	0.013423383549654
-0.213779561182082	0.137980780207017
1.13958770539222	1.03351915501805
0.528525291721795	0.45968071530659
-0.303042793849131	0.42796818077582
-0.194737769600192	0.265455490065173
-0.0236073212561062	0.0275707914052681
0.617479297659242	1.13138214689055
0.35363699833887	0.633972754339506
0.0942189988484483	0.142546186636607
-0.331734617435978	0.638256126118803
0.155794886481676	0.219881756952686
0.059645253222266	0.0605546304407888
-0.227745178202199	0.235411529553449
0.990471740080092	1.76098641755802
0.655334236028575	0.698773798532827
0.338996803529735	0.347331909228097
-0.446573066688212	0.620524448343954
-0.155408407917421	0.166632552685346
0.324791036175069	0.360572447388621
-0.452805898356685	0.418960647578978
-0.0436502049753424	0.0408592438962784
-0.580345328205336	0.706988127611028
0.258873485676468	0.295705462972439
-0.574696830588746	0.641663888319383
-0.617198764151725	0.83019903392465
-0.43862117274501	0.573871366775435
-0.118219624231911	0.0821629606553333
-0.425103879680606	0.450452021244081
-0.958840220902909	1.02354740323452
-0.410653323102043	0.38351421804198
0.039131867787355	0.0301278102411923
0.191942262707368	0.143568164258038
1.25667317039618	0.8761389081233
0.284366352360663	0.222554453772096
0.561750093443616	0.328263256387083
-1.15328672928946	1.42410766494829
0.497916349729619	0.445824364579783
0.313901450197257	0.216993445193901
-0.284172682574349	0.20609497095124
0.0677320739834554	0.0440317414679124
-0.100090368090039	0.0586582346149719
0.307178386543633	0.233550149658831
-0.598201294764201	0.487235121413675
0.925661157868567	0.806977676143661
0.593625932634662	0.478599453219491
0.420484211331882	0.427418991697117
-0.662267340137026	0.728972207900979
1.66902336805762	1.58146207660428
-2.22203485233711	1.85717736246271
-0.0982148676079462	0.532623440841572
-0.322041759609124	2.73713343823793
0.19506540415979	1.00226454407297
0.190518922189941	0.802295634905988
-0.221800469632043	0.895845657002209
-0.457730504227082	2.41276756414643
-0.216869085788781	0.699793591565927
-0.0678987440750206	0.151647419671659
0.349003017538409	0.602742164920343
-0.181092740321648	0.265279104991249
0.26839244879502	0.250710518983352
0.199968897553765	0.183464987421606
-0.0404333770068653	0.0304472108661084
0.187401684723964	0.144710745664248
0.891987824527309	1.20803404063042
-0.387660140734572	0.305668940063603
0.631825095625582	0.483706444817091
0.40862714959204	0.338817687471618
0.387637640822417	0.330991588994263
-0.258780868949238	0.211885747647981
1.45618742801806	1.66167649729044
0.502710256503003	0.450930849881146
-0.733686355917602	1.38073418422922
0.871951447807389	2.24159956840757
-0.612380326862938	1.26586463285361
-0.377342758371915	0.590300719616956
0.0297665761722821	0.0398500838305133
0.0485431111166024	0.0589058784955156
-0.590307003981811	1.20915203044925
-0.0934862864160799	0.0951207054264014
0.107115555769965	0.121433133042401
0.161964403627957	0.233301892362021
-0.166081028285806	0.167178366723605
0.0243682984350756	0.021444983925135
0.364851452992919	0.330090177760221
0.470786388918316	0.531321004859194
0.0603814055664681	0.0481057343586913
1.46550304214898	2.58837261915324
0.19989401263793	0.207318770091134
0.312706503277174	0.371482318029782
-0.0546921857952743	0.0407385399009061
-0.308143900694556	0.293323443363053
-0.290947481425622	0.349765111802808
-0.349648498806539	0.33336405293944
-0.431444690191049	0.459175380809536
-0.2455281059865	0.181665320163322
-0.218194141814402	0.212928180607711
-0.482395981636784	0.478507744908667
-0.638379364252305	0.655538518365575
-0.379162374437908	0.297685560988484
-0.154630304429667	0.105728023523477
-0.14918086834902	0.118040155726455
0.659443622556118	0.600066760218414
-0.309962501418195	0.275273954108624
-0.453979852872446	0.301139398689948
0.328279380429801	0.228359850025971
0.43497485950323	0.331821041259979
0.166473840757578	0.0891198550090672
0.18202546885095	0.10592273457884
0.0809987850415576	0.0550386996703665
0.488813151755312	0.336014089264763
-0.445630718857883	0.294872991810365
0.465198115676803	0.338901826199061
0.698607292092754	0.61221320971717
0.184755459045363	0.132477659619123
-0.54711676358005	0.34721700949476
-2.00889566837639	2.09464710082236
0.552217509417362	0.321669575698895
0.0396807787489568	0.0217948756050331
-0.532858414667498	0.443700927131049
0.0549141520580747	0.0322393477545512
-0.620389836199224	0.554376466802087
-0.795831706908799	0.685358966722327
-0.0229576881628	0.0935053055196348
0.266331539628841	2.02989265098775
0.00352250664916299	0.0104798190976887
-0.342750508593784	2.01647247736613
-0.81627114335771	7.29748413886671
-0.508031876336972	3.10985361042951
-0.39820517272484	1.69361343164523
-0.339082466059658	0.804069773529069
-0.296924592593218	0.660666757949726
-0.164828157838409	0.194163865494307
0.388211310997335	0.51037618387704
0.63606048616906	0.933444478627183
-0.0187510273221636	0.0158614912739677
0.81477250471437	1.29397327671296
-0.149374006154544	0.129135446129876
-0.669567531553266	0.849162826361447
-0.133832015113202	0.104933796929613
0.336291784423469	0.343838597978329
-0.64165496127487	0.621604725888647
0.498957481295359	0.543391683744594
-0.368966052839141	0.395313817128524
-0.812343151866123	1.82670176423076
-0.045602875516265	0.057497445537013
-0.299389371171885	0.619978636321552
-0.384293927830341	0.803413413897073
-0.040380735794041	0.0597840694693035
-0.339458894362228	0.720566955985216
-0.447601612472596	0.980439762460116
0.588045625481125	1.04366233854482
-0.435656910619153	0.621854987564396
0.2012691836719	0.279977812270152
0.484959917747155	0.690473216133491
0.547121039323574	0.64248112505355
-0.0385742791790282	0.0346885289088214
0.383632611277567	0.441642387265894
-0.0297748561266332	0.0252480060529408
0.264869249007502	0.319652917845744
-0.732829550392489	1.13293062780515
0.21265975616446	0.242452910364547
0.0160466141706502	0.0121308636812511
0.0391409268859224	0.0368106656884459
-0.133679235874942	0.125112442437649
0.62109905074438	0.754010520579927
0.013292037585856	0.0123446666773672
-0.440723267354737	0.439814121038005
-0.110454553027367	0.0964929340494659
-0.136509790727464	0.0768772683121985
-0.195420687848002	0.15049644812844
-0.510492766731767	0.470560597627599
-0.891526262690768	0.740192950999201
-1.42380729346991	1.51138529043958
-0.126787897730544	0.0712416887928061
-0.787242183192757	0.520519294910476
-0.0575819212267323	0.0250487267202965
-0.438129530203751	0.33804896344506
-0.183031768580931	0.0979276756012732
-0.174393276745765	0.0931467532945084
0.371199086805428	0.188470096104154
0.0603452855412766	0.0373990680841381
1.38376516810534	1.28977652909032
-0.376864348836153	0.295339206090808
-0.332247675284988	0.235705621423445
0.178502892951845	0.0958913718010314
0.165582078426879	0.088585926215152
0.196184520248108	0.135502966367681
-0.704051227213444	0.67161852706768
-0.168923886891721	0.111743078874138
-0.325054528422053	0.229803190100997
0.872817125341969	0.648450500992503
0.0815369393265288	0.0532304859389893
-0.0893570882061463	0.484216471219434
-0.330970488237474	3.09918126439904
-0.570012948417588	4.63571860377835
-0.581056460252097	2.69505131173685
-1.0053812511975	6.60033343824973
-0.297075787204713	0.442319800002835
-0.0422137866720193	0.0411088604249424
-0.410921065932261	0.621128687637332
-0.718724206371955	1.19863999436857
-0.090795540598234	0.102470759954226
0.772364915610228	1.42303413134845
-0.408695152424964	0.532340773834553
-0.285798632244224	0.342215647876172
-0.214535182164037	0.237414832686606
0.992764640990456	1.58321833219424
0.462056013474787	0.61556318234164
-0.131627731523107	0.142018296288905
-0.543754630170969	1.37424039710769
-0.289349505302727	0.669025616170808
-0.329552209140146	0.924494589787792
-0.231078164487719	0.464821301781798
0.0983073353584533	0.167008079521171
0.0635678806049243	0.100224746705559
-0.157840576094786	0.236301637579815
0.0790739493179429	0.0914175535446371
-0.166103749328522	0.2264175063675
0.0619764728242976	0.0664473043992467
0.256207395064296	0.321419665748444
0.0647988132787562	0.0541783860071211
0.57399632836261	0.814868014840341
-0.886995238807102	1.16903076882497
-0.00798044674514869	0.00682689565503459
0.10924708961671	0.105757664111631
-0.484039242569379	0.54059536949387
-1.84700357682216	3.28243255109126
-0.284680080564831	0.206564537794734
-0.198142274459845	0.147963731250674
-0.77755171542823	0.786222030278136
-0.482611837220633	0.360127117826595
-0.252770662804914	0.187849377342226
0.399860932485817	0.18093521728597
-0.412389056493805	0.352076656583368
-0.688954746090997	0.60211547194555
-0.0635218446600019	0.038473664874609
0.29743831464917	0.225031880821924
0.325130877614015	0.225862084117207
0.422547558887263	0.336940160797216
-0.21644452865614	0.139917763166327
1.25083698585826	1.38457380567883
0.750561103199615	0.630275217423491
-0.259632045110213	0.161742683244918
0.326594256969614	0.22704732818879
0.0730877777271015	0.0475739703588903
-0.243819166757447	0.180363129666537
0.0324414049037246	0.0242447559548273
0.185687611770268	0.127704275869924
-0.00391952128036993	0.00266351778648921
-0.043557038410211	0.027172266599994
-0.30301847428019	0.246542728634561
-0.0445595518907195	0.200041987129363
-0.243405351399631	1.85963955007802
-0.479397100744374	4.68038409088709
-0.250941830481875	1.34657357734132
0.0622600647141859	0.174144919734535
-0.468962540199686	1.49706355333442
-0.337660597075183	0.906375360378172
-0.154624051471617	0.188276352812828
0.0655744825434905	0.0696917597619477
0.233010291737374	0.290204828444359
0.867673998530961	1.44062392995585
-0.0434105857322473	0.0327268860896081
0.193883811311437	0.1396779258113
-0.0520517893614197	0.0435810011225697
-0.0285972330707833	0.0214689847358883
-0.139672353150754	0.139776151100693
0.419911898639465	0.439066966905268
-0.227448714813016	0.20664122132558
-0.77767359701436	0.987472346224827
0.229901834720209	0.33951188903166
0.166369168098241	0.255502625574323
-0.0835119250255528	0.122754994233621
-0.301448447735648	0.61238412088571
0.462131068099588	1.08118161523076
-0.0278638726433638	0.0374496763317627
-0.0602112846426576	0.058082562876249
0.0793882586400546	0.0798608239574385
-0.0543995790326637	0.0448945379834057
-0.213683727098276	0.180028079952151
-0.636466140248432	0.375677096689912
-0.262676144269978	0.164037889840108
0.0567056836784186	0.0332954862801114
-0.490331014446863	0.367055401377234
0.101646760263865	0.0747575775713504
-0.049368150777994	0.0308150192050223
0.621614362208956	0.583866744079506
-0.0687845290092197	0.0417053066427774
0.0503561967948564	0.0295571159404495
0.552212471291439	0.462106559230397
-0.325551989543074	0.230153733831279
-0.286916940688378	0.231140689942437
-0.784812118737938	0.518182115005723
-0.293926858716724	0.237663937451891
0.375142382165389	0.34162075104392
0.48165486193443	0.445038951570261
-0.429573837398262	0.370301193135215
0.0700752709672248	0.043475600261428
-0.0637161067699811	0.0466818915943971
-0.212496734930203	0.178820530218374
0.0946810366926276	0.528124548378346
-0.0191621465037214	0.074114694930222
-0.081007248228422	0.317984039911983
0.0486127844874307	0.142397483130642
-0.0403938674714612	0.0618924642335488
-0.407248852605042	0.986269600335899
0.141955168319179	0.128095771906019
0.499776872592308	0.544533936704942
0.195517667217502	0.151700363045551
-0.126041838624895	0.0983420809026569
0.0953860860209743	0.0676614844388469
1.23619362101348	1.622194996539
0.315536751657282	0.229882372537212
0.352699259777318	0.197954134626431
-0.025520824779316	0.0163485384558651
-0.862121721106534	0.860514520035905
0.176431980326035	0.102455819371397
0.750206299240431	0.630453882610238
-0.100454283630088	0.0946613921413158
0.313099492054243	0.414735910536034
0.452589561502306	0.928060358100093
0.379579732044034	0.576272660206241
0.411840055275459	0.94104110561497
0.161742932006576	0.282521207117531
0.467286296328634	1.23670999074462
0.304472067095661	0.441331872169338
0.379288991744181	0.529300641459479
0.0525410122576168	0.0477755999314746
0.186779084491039	0.115939003829642
-0.337757622854627	0.296176778522527
0.283600914396192	0.238395316827777
-1.05515936280848	1.31342047003464
-1.48410051807941	1.87897380475363
-0.882361948224434	0.729666075565497
-0.119208881499293	0.0828816578069772
-0.131637092525125	0.114667266515771
-0.19492202946345	0.150096908445296
-0.122920758937119	0.0979905247813653
-0.570133357537399	0.554012389441725
-0.0655088115231469	0.0480227628212846
-0.402625229195069	0.37406829449868
0.438434942268249	0.450758874575128
0.0722848069838966	0.0620585064665284
0.0571244782221792	0.0442961617062114
-0.292168936237583	0.236160129085228
0.328208400323428	0.333584830189681
0.191068668322607	0.125586028153768
0.00308966482664343	0.00208997832318854
0.0284081000438424	0.121170216751142
-0.0729998345332584	0.331690437604653
0.0195798815140506	0.0563762988454654
-0.234634401643291	0.434657555899987
-0.303618177999911	0.597857023633754
0.148080997641142	0.14764038466238
-0.223920531852232	0.202885813494757
0.719858346155583	0.729715406494039
1.16362643368275	1.44754589239415
0.404863809543977	0.335007295857397
1.09235800924328	1.38707283257007
0.665690563107693	0.607916745042997
1.11426150291908	0.852642216045412
0.590311233140258	0.570252664078808
0.345147124088244	0.21116016460175
1.38381180542989	1.2894361320237
-0.239580717862852	0.119884968840648
0.411870078437882	0.53198278312775
0.546308116825287	0.899990684217956
-0.261684563660583	0.424087242392029
0.306160858784307	0.393345821509542
0.0181368963343956	0.0235521658331269
0.0322430821988343	0.0411186557461474
0.795244538995336	2.91677181139334
0.328283954840969	0.653621100863651
-0.0188919984973053	0.0142156684457041
0.0632594317786137	0.0687647522198818
-0.418747616959377	0.470364476401847
0.0380992836816207	0.0276332050157032
0.183310648044846	0.131316483329573
-0.378717051839926	0.297270595745427
0.183676802623505	0.120400392431426
-0.209806945439536	0.157838252571578
-0.618026707010959	0.551470238054652
-0.30736412067503	0.311023928043068
-0.133606227062551	0.0751710817469865
-0.0374127187156766	0.0239379632383348
-0.0776378509525724	0.0559482740719603
0.0404954321678179	0.179848985274694
-0.00341508176342957	0.0111253780789253
-0.356058986728576	1.20465161143414
-0.574056011157712	2.26981140465225
0.461840140576393	0.794856486127886
0.904733835039336	1.49675492517327
0.160393439476176	0.16724391802025
0.974330113771982	1.58543575955536
-0.49688149965257	0.52116385746842
0.35894136952452	0.333729818955988
0.87758147417878	1.11782907443268
-0.779129464405722	0.893962506977996
0.809973302437262	0.881078397286265
-0.632353844634657	0.60967733494287
-0.213384418421795	0.137780421901768
1.01828622373249	1.22225057424405
-0.0365146614960679	0.0379124528999443
0.0737946773882789	0.0876429886005782
0.0182959790553387	0.0231236341782465
0.151719095433256	0.201432720660443
0.0708420166190585	0.102138185106209
0.40684388379358	0.966354066775585
0.553922664058134	1.48636674304796
0.52804865283705	1.22685836510769
0.200636992794221	0.243508322760878
0.217336779487354	0.232788874254318
0.416547399492328	0.434567601385717
-0.112777835074911	0.0893308383486716
0.313380244785473	0.379165328950116
0.464602151467091	0.632208590662195
1.56047801985238	3.30242422190533
0.0955463921688609	0.0867541248191856
0.028331615116576	0.0264223392125116
-0.550816911910049	0.650550554629888
-0.260060926210073	0.162197365945313
-1.59822548445427	1.22987881506773
0.0128074183823849	0.00851466765891036
0.07856810046721	0.0512461726770888
0.0509185656492295	0.0299052513577154
-0.535684194665009	0.338454859603444
-0.0768369153462279	0.0553393280604628
0.197071229215198	0.142245442630351
-0.185107743054162	0.123399115035384
-0.0672188132781923	0.334079166850612
-0.282356661795973	1.89314714709913
-0.419239191182995	2.94527729912463
0.0717787118671782	0.150111768812819
0.15761035725401	0.316690282754941
0.942570620709068	3.79004164748967
0.129577349068954	0.202224216719883
0.121494174908026	0.184925516277154
-0.34660114574557	0.520640896406976
0.289984592846321	0.472622456152033
0.33994478315847	0.558644042898372
-0.265001734023093	0.400389001298069
1.23739554763421	3.72621401293505
0.214907490185466	0.282391831974534
-0.417405659483385	0.621011215988356
0.084979853541623	0.156184852858392
-0.0579099892291152	0.100870812824563
0.227178443343526	0.55052783299456
0.339986908181273	0.755183259789525
0.352184651476707	0.99252784193497
0.604167624940137	2.21955850627273
0.650013515677092	2.48762895970973
0.881884664163149	3.33158188757284
0.171761103336767	0.177707299959892
0.192709912010173	0.194938257716133
1.03855427716623	2.10949254308151
0.675454195355853	1.02980710546468
0.715697140709198	0.976446834765927
0.201049349711778	0.171283218998056
0.0183197897818671	0.0178371956884668
-0.11413426925355	0.108761756208386
0.0976731455966227	0.099613094473731
-0.125670310403833	0.116897565086522
0.115492800283326	0.0908187174550896
0.0114081748025685	0.00580121183435769
0.500600425212294	0.448851853291511
-0.171002639799537	0.113249082205008
-0.402597048233068	0.228334574061508
0.331985448413325	0.217230833794775
-0.485120361185727	0.254559466818063
0.0460531908097959	0.0252788741856137
-0.143525299423088	0.0976463882801502
-0.583431788670029	0.471295134527292
-0.0190954098522188	0.0740395257200074
0.0989676798433999	0.451326913191035
0.0384990716637111	0.114223143416536
0.267625099997965	1.13179730628683
0.141722803338908	0.420884051050816
0.19897697464851	0.601833761791893
0.32221434530815	1.16277654011736
0.113858466925771	0.248161132845586
0.0117909030576897	0.0203686967172885
0.345351800226847	1.04742544563859
0.042571997488975	0.0796677516893096
0.272518240022468	0.681056681333648
0.169966633409756	0.345561618578083
0.580780079710927	2.01388277645302
0.0342286941082789	0.0604920734412358
-0.0187401870597195	0.0313532533723816
0.428315190377209	1.12476631744234
0.426244631469414	1.17332394987821
0.414509486769947	0.77425516359886
0.453635151249715	0.675598428745413
0.542416469798284	0.551100413708783
0.349253673511024	0.342134628900214
0.374977317461308	0.190430272941997
-0.22093734450718	0.167229537902719
-0.0287150098703907	0.0183683263232
1.10991330969695	0.848150583268075
1.23904804629413	1.36365747403442
0.340066438526368	0.207435848004619
-0.154977896161738	0.106001997624813
-0.982982586770082	0.875954370555996
-0.194505304269586	0.206027404651635
-0.151995354637364	0.141840785961455
-0.141983046858617	0.0507961746820961
-1.0213509823134	0.403162852904808
-0.61946410648704	0.150698865008898
-0.51577068578292	0.194685711910536
-2.07138381746165	0.940596517272425
0.152905507940101	0.0517666814526333
-0.337924641037297	0.0968088152153293
0.513652826341402	0.327209269651907
-0.599460078233184	0.287233958019249
0.0279483552828593	0.111588056611894
0.0670022834015215	0.270660251556353
0.0255626392834194	0.0734186802483477
0.147233786264942	0.527284571679389
0.169628276265044	0.554933721349525
0.126101376234526	0.38214892811281
0.220189278098943	0.630271636525808
0.279464529434598	0.919442946420662
-0.00785708261048753	0.0145860788067695
-0.00451080422455838	0.00836382348830421
-0.0604978717155406	0.121360573960344
0.232673342379373	0.573979847970759
0.0244461175408053	0.0419692310837258
-0.466411232894985	1.73872599219838
-0.131846675838259	0.275085140647776
0.115416563168976	0.217923932203326
0.319040245229856	0.838238698482897
0.678741125303607	1.62774759860979
0.358809793626561	0.545285375275662
0.326669666431775	0.213534860449101
0.166784200245953	0.0810854568270155
0.902764246005275	0.925328613405606
-0.51438298636481	0.194118813219938
0.721952258984144	0.733034271877604
0.183754213432363	0.120420959682324
0.646525955227828	0.856268330657613
-0.0480919953742059	0.0401408159218775
0.0032424061183916	0.00254827046588186
-0.094232865416198	0.0373571918068821
-0.620473624670499	0.150917804175241
0.534470172870219	0.191495164180491
-0.220849649046566	0.0710925897619741
0.673656731319726	0.21327169490293
-3.07707720857862	0.956361112132394
-1.51336055363438	0.537061579976289
-1.3241153907112	0.829568826877126
-1.02528166510659	0.404871817618433
-0.481332374340611	0.252453037367173
-0.790236376049161	0.679309356323446
-0.321408696850755	0.226679861940123
0.159233465858126	0.0691205424834073
-0.00938755440742239	0.0350476662345802
-0.0384458456151642	0.142968611805206
-0.077220677717931	0.268581500343838
-0.069256259025813	0.213112747372823
0.134768449735826	0.460115345564481
-0.0426904010481652	0.105497678506569
0.0616066208569603	0.15253335151906
0.195184809015097	0.619726399801223
-0.0106572586740835	0.0226836999008827
-0.0701800768628892	0.157510803292493
-0.36523018970872	1.31101434486552
-0.0277606769376587	0.0524968172038335
-0.106533151503868	0.223526482197352
0.0806769836865536	0.103527805833609
-0.0486262887282481	0.0662916657941189
0.1906579025766	0.147525241041957
-0.776921924810228	0.593219542526817
-0.231629641061973	0.115676639694642
-0.9781196387184	0.482965222562379
-0.723495739913315	0.247436366504984
0.173917318246668	0.0931834844204483
1.82912964257087	0.714770179842855
-1.13613606335123	0.982260248615295
0.0203285571508674	0.0102724130252464
-0.126016166646695	0.0879051214977508
-0.337668817882013	0.270074166193568
-0.524132250973188	0.58455135367781
0.15823182603157	0.0297179405544109
-2.57847696185857	0.659529736545688
0.174503749901052	0.0438676710334476
-0.730436510677147	0.249842862727252
-0.719585944508868	0.245867637672296
-0.624183598429151	0.151840837481169
0.677716162542668	0.214611870267994
-0.393835367465048	0.163802266048424
-1.32411139231445	0.830304549060213
-0.139844683320752	0.0500606769607216
-0.0465323380522046	0.200871712919899
0.0252447602147516	0.0890850966199468
-0.221618288211361	1.11164776919863
0.103799646657775	0.361939920979342
-0.142416926136599	0.473442261226078
0.0767525732884945	0.205355909408743
-0.213567208033835	0.744459605017809
-0.0217092641927155	0.0485703168331384
-0.100398272163945	0.253888854298787
-0.172024873027757	0.483255274094922
-0.0863137619530227	0.19416380286936
0.0489304783721833	0.0880387725550858
-0.178037865641829	0.150176250569296
-0.522777207619905	0.197556097300605
-0.0909847244272741	0.0361371853805165
0.670081697347895	0.212111377241056
0.828430976330302	0.348196975987414
-0.129593492164573	0.07286694183114
-0.7036402310627	0.717981721065021
0.933994642886886	1.05296497416459
0.0842055075182427	0.057298930993306
-0.399370409564505	0.381561426108834
0.174503749901052	0.0438676710334476
0.155282002123357	0.02934225636165
-0.620326325745573	0.150885642821786
0.174933567082256	0.0439573605408891
-1.51433726696095	0.537497293520418
-1.7975657981284	0.379599665892429
-1.7975657981284	0.379599665892429
-2.57421277656498	0.657506382974291
-0.620903335937371	0.151058535991718
-0.617491939447093	0.150288713008559
-1.02338521131779	0.403987205196149
-0.603552884915779	0.289300592205532
-0.0091721034148806	0.0345077106041913
-0.0581060436485658	0.228757349064859
-0.0548886330897221	0.18411451401311
-0.0971813005483747	0.318372409051136
-0.17686798337711	0.643931472496406
0.0442219785149925	0.115316473917252
-0.143563989537648	0.463414852796499
0.0667798170001807	0.157730145125634
-0.112812720824702	0.290957429621247
-0.427361544864528	1.72959194616891
-0.114507819464676	0.227479245591316
-0.485151708676298	0.254759778171226
-0.342463785834028	0.0980578484034576
0.531358567637365	0.190353154457246
-0.783278395351135	0.516436050382726
-0.975990049193778	0.481916771875483
0.438034889347785	0.334629393144933
-0.0456181385238568	0.0338443816307754
0.0102727169688955	0.00799182678933418
-0.142503106638312	0.100161232982146
-0.702626209054056	0.669889430591349
-0.617055950695462	0.150241664375452
-1.79763019308962	0.379603777700996
2.75805496536761	0.766752929661107
0.162171049505848	0.0303007576998756
0.956021254579335	0.253830462538477
-0.61946410648704	0.150698865008898
-0.620903335937371	0.151058535991718
0.0492742592237861	0.215676959673141
0.0254636045308573	0.0922096903968486
-0.112930103449733	0.427060800545277
0.0859906195366795	0.270499429190617
-0.0131485188732605	0.0323007507639567
-0.0641552710181982	0.170399955522807
-0.0207041512894896	0.0462049388155393
0.0752153897886281	0.178945748809621
0.0593001954430221	0.131870258553549
-0.211071663345693	0.533928585988824
-2.57421277656498	0.657506382974291
1.46206486861711	0.914334307401961
-0.154887273994592	0.0553527941809638
1.0838241151746	1.2713967776403
-0.166545544715581	0.142596155679676
0.208517389024427	0.168347225890537
-0.55771137554812	0.505516181641345
-0.34307485466429	0.0982470421897248
0.157971563808893	0.0296806747786729
-1.13238809108681	0.341172314702962
1.95793128711136	0.437766051086387
-0.624183598429151	0.151840837481169
0.154259314455831	0.0291924198815566
0.17351044503084	0.0436385160120603
0.173940988172143	0.0437550114519682
-1.7975657981284	0.379599665892429
-0.0368432882094487	0.157552873865323
0.00550105748633726	0.0182024023333788
0.00574213478811589	0.0163140177832541
0.0841739814648309	0.276711706296143
-0.232713186997767	1.01383289369034
-0.194521860277739	0.705363942077803
-0.0748908101364528	0.19400332962418
0.251373514780232	0.858729713170352
-0.045408208087522	0.0964001440890194
-0.208922697508451	0.42369629212486
-0.97219875331747	0.479709318224813
-1.12881513859764	0.339906487322227
-0.0851028234751658	0.0338726584095923
-0.0976023795555503	0.0387438935769813
0.0587571149114415	0.036412643881467
-0.411016263632832	0.384011422585885
-0.0173583802897278	0.0112955701365811
0.215041108834239	0.199394177175825
-0.300370366940314	0.244039562185904
0.15823182603157	0.0297179405544109
-1.13338534815793	0.341498686250824
0.675232747867266	0.213789953820415
0.159251072645633	0.0298673857617753
0.158989511121608	0.0298299152293259
0.158989511121608	0.0298299152293259
2.35556378057502	1.17434088403307
-2.06471752579984	0.9359945270827
0.000487145673434264	0.0017304958547789
-0.0247125780212877	0.0855512340066145
0.0511772127525449	0.159793954972607
0.0739943309563283	0.224919214373662
-0.138688598032019	0.428124866057692
-0.232519212557161	0.810881249348059
0.113485792108102	0.292585792246044
-0.044905604356463	0.0887860451491979
0.13753996136533	0.2358826015958
-0.0278873326638508	0.0129491455818778
-0.212950112008515	0.0686100611095293
-0.614424151281355	0.295548234567902
-1.17509788695471	1.20266462000533
0.110745423536382	0.0868352783158434
0.426305616726846	0.340618418063062
0.341545408624319	0.332950004780552
-0.155183924225445	0.106126278915975
-0.162593484153498	0.111572598404265
-0.148402470184199	0.101191035208216
-0.464041235894108	0.391098148067969
-0.620903335937371	0.151058535991718
0.16190498991222	0.0302625824147867
-0.335438661955823	0.0961186879895653
0.157971563808893	0.0296806747786729
-0.342463785834028	0.0980578484034576
0.67498185747701	0.213690207850534
1.95793128711136	0.437766051086387
0.154259314455831	0.0291924198815566
0.15823182603157	0.0297179405544109
0.0197091944342302	0.0761100569121301
0.002995771510041	0.00972296806692122
-0.0129443029067567	0.037049815079283
-0.00519192417626147	0.0131649178852454
0.0330414386388113	0.0820785680578001
0.0954612382081388	0.260603520405473
-0.974474578090165	0.481005235915103
-3.07750490916701	0.956880231933195
-0.150196998613523	0.0536857002626707
0.162171049505848	0.0303007576998756
-1.1630859389665	0.651236557013698
-0.0521568424888667	0.0227541982295842
1.16245716966274	1.44612105495506
0.0138622030524788	0.00971510703301484
0.613053096307287	0.835182917666347
-0.412256900356184	0.385397489749496
0.0851276955339599	0.0579429670939973
-0.249732980946222	0.209428732519662
-0.706454655513272	0.674597047941047
0.0893606202298066	0.0632099997201305
0.162171049505848	0.0303007576998756
-0.61946410648704	0.150698865008898
-2.57421277656498	0.657506382974291
-2.57447078703937	0.657780381714024
-0.3395018260887	0.0972061822975938
-1.7975657981284	0.379599665892429
-0.0571668294023139	0.255062447794657
-0.0743373621842947	0.313108687441811
0.0584259574819071	0.190930659681905
0.0985671432776745	0.326949449974709
-0.0562862309332619	0.153378465503256
0.0615704853656154	0.139731278559988
-0.76214123352966	0.33051798936009
-0.389430114431513	0.161873120994465
-0.320938889355745	0.226344236122884
-0.216030417617988	0.163113600567346
0.421265966759894	0.428581279509242
0.55266124845416	0.730830859908589
1.09337985787145	1.38830304293167
0.284003175919264	0.230733757038805
-0.023403303260343	0.0150102144685373
-1.7975657981284	0.379599665892429
-1.7975657981284	0.379599665892429
-2.57447078703937	0.657780381714024
-1.50824112923963	0.534752090600511
-1.7975657981284	0.379599665892429
-1.7975657981284	0.379599665892429
-0.724110175343364	0.247660897147714
0.157971563808893	0.0296806747786729
-2.57421277656498	0.657506382974291
-0.620473624670499	0.150917804175241
0.958855818540361	0.254543321351908
-1.80127875869	0.380587746892248
0.0420315009842723	0.179931889985837
-0.0613358543318093	0.241834003027619
-0.0562730534191882	0.181357479074452
0.154349432439559	0.569783796295522
0.26584338912179	1.05706945479288
0.355884334376083	0.20018386188542
0.158426007238141	0.0472279903538101
0.398414725600481	0.180059746605272
0.0580080084568525	0.0340644715601675
0.853056626312571	0.77862567593191
0.00582510724612384	0.0047581029376641
0.539574523510447	0.630269795730014
1.29894228314303	1.91671981223527
0.262868312381216	0.262854899983977
0.13916974360368	0.119816725513624
0.0182113291483516	0.0127177685284482
-1.7975657981284	0.379599665892429
0.959294652844364	0.254663957360155
0.15823182603157	0.0297179405544109
-1.13182284417153	0.340904867919198
-0.624183598429151	0.151840837481169
-0.619895187822925	0.150839789138775
-0.61946410648704	0.150698865008898
0.15823182603157	0.0297179405544109
-2.57421277656498	0.657506382974291
-0.342107054910445	0.0979510037894855
-0.0270857248216067	0.107359089155784
0.00152652970961716	0.00487659628275444
0.00887211289116745	0.0245119083636173
0.182630960140806	0.650510042922396
-1.02050258479106	0.402614988151568
-0.139038787622215	0.0497726583333897
-1.31748716245703	0.823105963297367
-0.172554079512238	0.1143432536046
0.668433929637105	0.785772865901191
-0.0365940830391086	0.0275374952630486
0.904366115755759	1.2324511717994
0.275557533466255	0.29039915685434
0.00228008720213207	0.0018064593544187
0.993783011237741	1.3918230251345
0.334624361425444	0.341806613892575
-0.783972282541153	0.517526308031013
-2.28513840157422	1.15239688623929
-2.57421277656498	0.657506382974291
-1.79763019308962	0.379603777700996
-0.211859399211248	0.068283609988555
0.174503749901052	0.0438676710334476
-0.620473624670499	0.150917804175241
-2.57421277656498	0.657506382974291
-0.620473624670499	0.150917804175241
0.15823182603157	0.0297179405544109
-0.0126749313794957	0.0470314441565614
-0.0994006337045032	0.433198739831436
0.118929663644261	0.409338038020313
-0.523592418494679	0.197882573952315
0.0818385232695997	0.0556292674435209
0.83600480783396	1.08060095649483
0.360144400549454	0.335431863585118
0.761116296060001	1.18503639580216
0.452034015267242	0.529730547722046
-0.234438794295909	0.226942269570909
0.120867263793938	0.0979169086922363
0.192643604861751	0.16317465450979
0.177274149857863	0.12136348045311
0.165128927197839	0.0417247285037095
-1.51372965066287	0.537081101324459
-0.330132381247513	0.0946218617454948
-4.00060249775695	1.7251002979005
-2.57447078703937	0.657780381714024
-3.07750490916701	0.956880231933195
-2.57847696185857	0.659529736545688
-1.79763019308962	0.379603777700996
0.159251072645633	0.0298673857617753
0.154259314455831	0.0291924198815566
-1.12881513859764	0.339906487322227
-0.625191995446008	0.152059991852936
-2.57847696185857	0.659529736545688
-0.334830546749113	0.0959542136262779
0.0187572835089455	0.0711768986477861
0.199588865492048	1.12939412443196
0.46249420818023	2.72357112810566
-0.444656760891747	0.293771136101291
0.153766159896266	0.0746327381809499
-1.06685936526669	1.33626060050431
0.594066593524969	0.901346532927269
0.213740497690772	0.228215989721258
0.200942856973173	0.188757518120295
0.27332468345022	0.269172947779837
-0.0732963947833257	0.0646058560194011
-0.016886448563557	0.0144073042725014
0.269591038094035	0.258530420554008
0.845362633753063	0.768314445117804
1.09166246488573	0.67290529952685
-0.143557418831825	0.0513426758337189
-0.61946410648704	0.150698865008898
-1.12379649940684	0.33819735561451
2.75805496536761	0.766752929661107
0.154259314455831	0.0291924198815566
0.176818183184722	0.0443715906559113
-1.81230096904141	0.73434889647897
-0.620473624670499	0.150917804175241
-0.625191995446008	0.152059991852936
-0.620473624670499	0.150917804175241
0.159251072645633	0.0298673857617753
-1.80127875869	0.380587746892248
0.955017933589342	0.253480850166851
0.16323818852145	0.0485873708307168
0.532196819047093	0.190683131950839
0.0467019994128051	0.201697416018505
0.205919952870407	1.20264152379325
0.183268612295346	0.847477945529314
0.186215793279757	0.812407823405834
0.291016130370388	1.22576835858108
0.262649408700804	0.813447455351471
-0.00413160425862366	0.00319865184202211
-0.452315858451662	0.615053178126576
-0.0929539773405327	0.0970445798558795
-0.0587764734076366	0.0608923781586824
-0.237065154041348	0.263100777904816
-0.162949680769128	0.189077762406699
-0.209989826362722	0.247921551229295
-0.0102539213401442	0.00970492736903917
0.0385868216398375	0.0368524558805816
0.296159063708993	0.383104161476883
0.0535864613972081	0.0414800250830912
0.372087564472877	0.188738495665529
0.968357615833131	0.960912028364511
0.702147173819361	0.616656795344062
-0.485120361185727	0.254559466818063
-0.651794161092153	0.387017206617635
-1.81766723004699	0.737367259253776
0.154245041713895	0.059123870720067
-2.06503800706302	0.936339193932813
-1.27465265651181	0.572799544614502
-1.67059954075864	0.941785806067305
-0.0974007381229365	0.0386383754876962
1.57536897333988	0.781223151504143
-0.207552046542627	0.0669242972383358
-0.722611557468775	0.247018823049159
0.614192800871122	0.322952925945191
-0.601008956207657	0.28779238853772
-0.391710846289378	0.162959857875505
0.0994769075156005	0.529788930506873
-0.191763119987246	1.24428413911941
-0.423385632756847	3.87874720902954
-0.324659961484305	2.06370500852901
-0.219158453084972	0.92993921959464
-0.819127411415203	1.85131905555409
-0.187455277085413	0.233269424706188
-0.171866953735291	0.227230495667068
-0.0606044153904461	0.0709885970002797
-0.0606196751126548	0.0759970346436543
-0.172304777581811	0.23666768984892
0.416312844622699	0.719794614187643
-0.238599117440099	0.324793491620385
0.0233587470614016	0.0235193155410063
-0.321504965267625	0.347646738989391
0.0899535512314181	0.0657886427891625
0.659962358096012	0.796643442353657
-0.941823388963635	0.997565689576343
1.10904678403329	0.84584889841667
-0.230655186219117	0.115067258983086
0.183577503745601	0.0986451529844699
-0.0988797787126739	0.0392375021212974
-0.393558725217705	0.222604296431198
-2.10622055456395	1.61432594733046
-0.715646834778114	0.244453295526364
-0.344042706429557	0.0984794926451442
0.369172864172655	0.187282774262442
-1.31541911733601	0.822143007022376
-0.980999767840494	0.485331079336434
-0.39395031691343	0.222622086217374
-0.569177076427	0.413968228734904
-0.774046585928594	0.660047557986759
-1.08683244348858	1.48331405959538
-0.0674438581595064	0.325835530357839
-0.137669667938455	0.755266278098928
0.299698686787715	2.02198509029261
-0.040705014609845	0.126647312571949
-0.297638126135856	0.470259772300355
-0.0996205605957183	0.141370368910702
-0.205312479909587	0.261919834659354
-0.0391640580999167	0.0471706980578646
0.399995548813722	0.740301391406298
-0.174150854142072	0.228314595218662
-0.769231700657656	1.98209595276575
-0.282678067853029	0.459423977327487
-0.189253861570151	0.235958415513719
-0.0597832935538582	0.0486832141979456
0.167623165366736	0.175873732614484
0.0743946822361134	0.0626149626031837
0.720552478813743	0.731161206783516
-0.249586580343818	0.185189255597114
-0.0985546594055113	0.0698929228552968
-0.242356801902633	0.121373445327874
-1.4624183126413	1.01642208651804
-0.301905874146201	0.13854820000075
-0.782331917299454	0.426196800110543
1.45780075670915	1.66340482851877
-0.916554418435597	0.669501833751901
0.183190999923881	0.119993697098299
-0.379269684299167	0.26020449328419
-0.795387790357264	0.685378984556406
0.0397283555427835	0.173474902435558
0.219744969041535	1.47073507092296
-0.27099377868851	1.65431146692627
-0.624176316658421	0.97880750755871
-0.173390674538197	0.232101166980347
-0.286715168961891	0.551385922140575
-0.334747104886566	0.668806235903952
0.231208104618578	0.427035151647791
-0.196966591884697	0.322513783747491
-0.422991421105561	0.777325716435647
0.221771596114465	0.258875585370235
0.272432255423407	0.280398933131419
-0.537973716824683	0.779103801120764
-0.110802753853115	0.096940567553404
0.0921353404256251	0.0628980370555629
-2.22350464843556	1.86026045277464
-0.387836643248836	0.21894104313743
-0.14575574418188	0.0521067853554539
-1.27070728099388	0.569894184405641
-0.207510361703144	0.133615647063551
-0.485552076968323	0.255033697935954
-1.01941107455962	0.402225234221499
-0.867561627160969	0.868071378963039
-0.374778030201217	0.293574491467003
-0.374835153914298	0.293677414154946
1.79047993826215	1.00075877347394
-0.385240893808817	0.217261035032584
-0.119826030304819	0.723391297700916
-0.610574708753954	9.98443564413076
-0.158542441226621	0.851224005996111
0.0315648654720752	0.0934608429655525
-0.155411933585918	0.576512244716785
-0.315155212912249	1.59685358729391
-0.129149577381135	0.137151544869471
0.211038985510171	0.236583481221493
0.509933329324066	0.712134241661861
0.61453592068216	1.50717567058564
0.576848333094321	1.0886155464716
-0.384345352803383	0.521642362952625
0.069022976620985	0.0772046944385728
-0.0366686393487314	0.0371523722964918
0.174664714376201	0.190325982809778
0.0273997574876406	0.0236850982481755
-0.541250240540973	0.565518651119776
-0.276232135455209	0.228486016071008
0.20200745115752	0.151869626989961
-0.0744244390207681	0.0535433921516989
-0.787358840865405	0.855516530986463
-0.462798494700375	0.430845294898534
-0.303885520632088	0.247234106505402
-0.860269636297722	0.987098269393754
0.0277408816343653	0.11942968358903
0.378135971833383	3.88175741774014
0.153701100799689	0.708782245088635
0.05696352487425	0.181531189304141
-0.0936469182647474	0.33312553629554
-0.671839322789934	0.817619248060277
0.00729028283317758	0.00635661401183971
-0.200049301914646	0.312477279578573
0.286708181279817	0.440478743591028
-0.09619874589056	0.114850628264826
-0.281609143492656	0.387264417058676
0.477685340759669	0.833956372199886
-0.182051098717679	0.235047156125445
-0.339749053236168	0.411140071275176
0.195714433275086	0.178967827546499
-0.278925004777107	0.249584016013194
-0.276756958595068	0.199960374639222
-0.258235953226683	0.248785050164709
0.485333503479953	0.538665310371993
-0.557273356305561	0.58724272454593
-0.315244457401868	0.301470860079564
-0.0702895789341591	0.0504876463191081
-0.286168629939208	0.207767183125325
-0.0501889233199175	0.237860258539992
-0.413558288954409	4.73667077284725
-0.287250610079201	2.01360451096953
-0.360929299908892	2.78946195974499
-0.331647949622273	0.82511631285859
-0.021209017867749	0.0136211623260562
0.0182113291483516	0.0127177685284482
-0.442684831192132	0.834061235483962
-0.424265018137599	0.6099755837882
-0.296846257075541	0.422343829325275
-0.668204798632651	1.29528078000457
-0.428962321569408	0.708003592645668
-0.706642293768339	1.36074198796774
-0.169198536684843	0.211781238470465
0.0894181710512966	0.0792684536942514
-0.167261427679312	0.203954881596919
-0.113697805421091	0.10997178790096
-0.0799810112912491	0.0590369754646508
-0.28771325306213	0.293425702253305
-0.0816103541210865	0.446274064197941
0.0596540238594345	0.265941088538829
-0.248444182133024	1.67594398312558
0.0594812627188334	0.0603657999516244
-0.0441812864678179	0.070429417166881
0.0326675041631446	0.0310570666893686
0.0839448764488664	0.126228646211387
-0.175107048262855	0.220386366871107
-0.273147970061119	0.394649024960151
-0.544454628340295	1.22317978757192
0.0479309561306184	0.0678866601360835
-0.227784460564055	0.261297127705868
-0.422576706966603	0.610936916875111
-0.00365932942787082	0.00373689799895303
-0.263236839962736	0.336258090918128
-0.615170199439751	0.681605511285028
-0.77616886140281	1.28545132522551
-0.445669946380904	0.527950507375589
-0.691741639728104	1.22136937610694
-0.0392507861569355	0.180004482071094
-0.267587883658086	2.33426395031314
-0.0177199367148457	0.0306005067746331
-0.613048912853755	1.33657736155222
-0.186519278655809	0.254688915733379
0.286371698743086	0.399893666934276
0.599069402774976	1.01989674739647
-0.100610174519017	0.118164075939958
-0.326426607809161	0.414769440546374
0.451953357430703	0.620314033595721
-0.352291070821184	0.359565961609402
-0.685247018080201	0.877342492918536
-0.609118278395217	0.814622431819335
-0.499091629212915	0.457012346147654
-0.135451830031011	0.12704911454526
-0.213204877950169	0.207274489160295
-0.53372071311633	0.748523776641365
-0.268074229029679	0.220780539912003
-0.424223953522071	0.574507239944119
-0.146398369096308	0.147277285908026
-0.166696025329986	0.142776112673507
-0.0195137973435763	0.0820912332851247
-0.100686247853802	0.507215184529388
-0.0370202614550025	0.122685892152409
0.0104188801179427	0.0187225801099009
-0.248521682932073	0.767393334637064
-0.00153380547777923	0.00285855946292807
-0.00814756849050234	0.0129698481753111
-0.34371601379187	0.719087656018964
-0.062081777567378	0.114744501221219
-0.442219530812963	0.922583944590954
-0.149985832042854	0.202796760580398
-0.233467927376866	0.355993152191097
-0.372802561971553	0.529739987045183
0.347004592759905	0.500108144054622
0.300700959720095	0.477173887918719
-0.479348467579247	0.688927077963159
-0.132290010306653	0.133594297718691
0.0183664508124693	0.0164352040504547
-0.223945417202596	0.273703575859727
-0.462501850555264	0.573171968584873
-0.429014087112115	0.485382992532841
-0.506471474874317	0.534751747241792
-0.73468479485188	1.02173230609043
-0.331466624836249	0.289470836919054
-0.379693053429576	0.513087835255873
-0.414544403747831	0.41852912454831
-0.543307496283401	0.728229311998132
0.162352280193253	0.169498851953776
-0.210031733814633	0.235123451988993
-0.399188652611523	0.452684460723379
-0.157404345553233	0.136824629230031
-1.319499692535	2.66619938826068
-0.69013356175498	0.885787131064239
-0.0779107346988168	0.416011891580427
-0.0872667948756572	0.419721139527325
-0.164008833864558	0.670095264794585
-0.014025257616574	0.0331827489460731
-0.0472357596493692	0.0923653845904211
-0.174133338885901	0.515049250234628
-0.0407811746319398	0.0979266234234735
0.0550605073069734	0.134626622062809
-0.125522527350269	0.146345742461716
0.113493889017338	0.124135925022823
-0.263891545144017	0.366160952723333
0.575119022996546	0.936597306591956
-0.340370718675957	0.373331198513086
-0.0590322356728176	0.0625294715981177
-0.316711519594154	0.399300621642805
-0.390082114429292	0.575268948020256
-0.29245396101337	0.337423978750045
-0.162496845845944	0.163147808331951
-0.152028262407451	0.151320373902139
-0.411235422533744	0.414519792927029
-0.165716314780562	0.153362981235951
-0.397245897598157	0.498508223101021
0.153669388197154	0.142750703619733
0.407041709596966	0.503222012938377
0.0935878757460996	0.0994379749724101
0.164871676226503	0.172561524412666
0.157994203837655	0.158778518414751
-1.09627837809877	1.50359860180172
0.00473819171252788	0.0186415344464712
-0.0145927339552551	0.0528120582956957
0.113559292498432	0.486905945895678
-0.617782336441143	4.98076732473079
-0.844656932718491	9.75433615834588
-0.488077270003716	3.65636100120467
-0.0869850803483154	0.284613962632002
-0.245521423416918	0.363082779705901
-0.124482980192108	0.163291033649362
-0.478530908135234	0.968561593856515
0.153719815727089	0.208881974413489
-0.0558145151936409	0.0582698468700308
0.251378017158011	0.299913071346938
-0.542144976563875	0.787141468324387
-0.150130415597489	0.188454264433012
-0.380278627614961	0.514313449682591
-0.812411150822968	1.38915920182375
-0.172091623343855	0.184496249862158
-0.396464112950613	0.473375626665306
-0.22703936887819	0.223045878014741
0.751109379707103	1.01803980889479
0.477142583442967	0.603564729800213
0.0779990051553586	0.0794832250910448
-0.113278083336047	0.10616262990022
0.214256791798908	0.220687170813466
-0.19750993349237	0.222028805342163
-0.308833791645694	0.423773581807075
-0.230058760600206	0.253638754418837
0.00874073403643881	0.00680354631888046
-0.0525414583524019	0.0541285963882184
-0.0105258847849299	0.0110251332940298
0.17479099649258	1.2525061733983
-0.368058456024716	3.71271380884124
-0.882242290237609	12.721109924697
-0.711844071416525	8.03808239193963
-0.513354607587323	4.63291790138491
0.0328074107688839	0.101420245759156
-0.44633476977934	0.915862844518763
-0.240393266116168	0.338043213898679
-0.0719399276696369	0.0787909894182101
0.088248108036325	0.103045277673622
0.368194523629805	0.428016051471602
0.329412117314362	0.442912020324142
0.004540999874595	0.00365631905713811
0.051563267977073	0.0573317064942142
-0.0872259639512612	0.0894589511772097
0.00273841728111364	0.0021678852506368
0.0901425793054665	0.0858186664618946
0.0176922015049097	0.0161371427209878
-0.519202913935578	0.617001227167153
0.107003099081336	0.103446628578099
-0.393729480337289	0.418942911514393
-0.217534665538347	0.24133733716171
0.338345922881003	0.379214881800607
-0.316253537968995	0.382159598563849
-0.123634289387198	0.12572235397398
0.214868129848011	0.221455937138277
-0.164834103166429	0.185052039159299
-0.441503703356799	0.685741499277916
-0.0429983727182294	0.193391713124646
0.012762489488757	0.0453577456974254
0.0240587906087937	0.0813194263829966
-0.205162273138453	1.10890272151689
0.0786735588796773	0.284007969536184
0.10388312619632	0.147632383874617
-0.106939740135161	0.117064704850943
-0.0477700630879953	0.0437567844067435
0.360672777967814	0.425192591819816
0.487753770445348	0.52627161767603
-0.731854229922971	1.01545917560189
-0.4556524457663	0.512326000878849
1.19342500168628	2.67756021375108
-0.0152795015963202	0.0130338723148724
0.348095887804009	0.331366556869159
0.201914873778395	0.157220542980859
0.112854908041954	0.0886078068217335
-0.095210043998899	0.0691605991712747
-0.42262577676096	0.447103167107729
-0.299608453926508	0.325302791970293
0.126671763081013	0.102964615735732
-0.219830919501939	0.198517334876733
-1.10014081942718	2.06116045915948
-0.897647569370284	1.43332591163626
-0.560753765402884	0.760792573126416
-0.00706697376223262	0.0262189815505252
-0.273437329066186	2.21555832890317
-0.60784774681675	7.67083884409521
-0.294293994526634	1.88697475906745
-0.151190698269802	0.226370410791947
-0.0847513578299369	0.101610163876488
-0.729429911243181	0.889585781020525
-1.16407594214552	1.78644804801163
-0.789582322612129	1.10244988986629
-0.720664499104856	0.832308022307953
-1.40942823517177	2.24117446880444
-0.334292961045091	0.35705761737411
0.617136027764197	0.469114738432451
0.705805165004618	0.710271551568392
0.525454774664941	0.33657707370474
0.397623776675539	0.341262350644642
-0.261231672349811	0.214247503130733
-1.05510175066511	1.10418780202771
1.04251746202072	0.992489406942718
-0.773386129510564	0.659906930563528
-0.0792950627099787	0.0571703871977973
-0.452485294388424	0.419000748076496
-0.0221726630297205	0.0103635752836797
-0.646604501225849	0.383160917373705
-1.83291125507009	1.15458280633472
-0.726896357473192	0.884467067999374
-0.373432723494457	0.401411208252893
-0.0424470873631027	0.187928106263247
-0.228384260216543	1.71173701229421
0.048355002543242	0.067212968604088
-0.213390129883726	0.35654773035479
-0.0874739937627875	0.0908601155422929
0.147871808116587	0.147494784745571
-0.525667039634982	0.768572941294754
-0.041799824905269	0.0381254303793156
0.890634963598215	1.5535149550393
0.528414019835758	0.717875034258583
0.0857633599322113	0.0867432496412978
0.0633624151361722	0.0517946843611492
-0.267706843413358	0.220374410794494
0.778345159116344	0.957922202550746
-0.0488213765937753	0.0407906092486934
-0.491764232158904	0.608857846944681
0.371194287635604	0.337236429521791
-0.0655605490009776	0.0480754364372678
-0.42781704236176	0.328153467682503
-0.371062547228031	0.32108285758728
-0.122388507391191	0.0975642718334049
-0.725243079356821	0.838809016284009
-0.380297010633474	0.33094111550001
-0.279660266955966	0.202358008952667
-0.379305222731946	0.259983840554885
-0.28596690436506	0.328084036944255
-0.14824152179295	0.114235792114534
0.186212778717999	1.42613553359749
-0.122405969520127	0.719381985174515
0.17330728228754	0.916731378785425
-0.655196264474302	8.25418331293828
-0.110676418063589	0.16661898912392
0.0235221973508926	0.0424009501364002
-0.0663917162717223	0.113652860753275
-0.0154380398362114	0.0187850496240646
-0.253284040475554	0.347748220981903
-0.293600402101926	0.394325035286117
0.486226244945497	0.85479684173502
0.681779337393754	1.2565192021425
0.0809154944605125	0.0802908827709596
-0.0323804907346753	0.0319915524035425
0.0662249462413049	0.0618976154199171
0.495086512118021	0.620479486036854
-0.141647133263409	0.152131785519988
0.472048547696232	0.677515363511706
0.0259794441582382	0.0219846703367976
1.10549333328125	2.00313602875595
0.0244787216400479	0.0211477034084894
-0.0140875513035262	0.01201041627394
0.197936739677336	0.185517334678995
-0.113357354707489	0.106164568780362
-0.289068026878467	0.394887273549729
-0.228887737636375	0.241223591532171
-0.498921255661763	0.524118491818553
0.115328224295464	0.706788272816308
-0.0063539191746312	0.0229711361747131
-1.14657612125816	24.0841536219364
-0.152379035832227	0.717870090843552
-0.153356257002867	0.249620406345739
0.00671354410302093	0.0123803782717047
-0.0245188102836095	0.0435043627153134
-0.00173412305255874	0.00234136495711431
-0.293043788715436	0.726660911811316
-0.11613262863237	0.214882789842281
-0.0306844155192731	0.0490289780835009
0.017245480773268	0.0241440658494093
-0.179876244235718	0.332389752997886
0.222178014278327	0.342569382712743
0.162500290766371	0.234216485938173
-0.041076998426432	0.0518933280227436
0.203815000996382	0.277996032097543
-0.151170935916674	0.172056552296601
0.272215525128434	0.359839756701535
0.126431466122352	0.138215010426917
0.132404850605129	0.15157518550032
-0.54955956236249	0.825469979573963
-0.917985086640395	1.7191635836488
-0.00872600419951485	0.00819668141483498
0.710795875907166	1.14648796438555
0.214928577635908	0.225670211923436
0.210528366411243	0.235822985965134
0.154274839464703	0.151966963072171
-0.0293062314092574	0.12363721670015
-0.663198997669184	9.59292116910176
-0.0550368602768284	0.199820827288575
-0.582600260665072	1.20901481623354
-0.336738365786681	0.939663746876585
-0.102916821370645	0.203271092665253
-0.141810679024676	0.241221914896069
0.290969493355092	0.614685103902299
-0.263066583329844	0.528124127885517
-0.477662741264801	1.16686834189609
-0.483033174187395	0.92536059179238
0.402791126166548	0.713500549782908
-0.233463940451169	0.277506160862026
-0.0376233967176	0.040664157438076
0.413404301479718	0.651932632138031
-0.0294985064942672	0.0299951685499117
0.119725916019887	0.126474025698395
-0.733051036216889	1.01846193814396
0.147375522572408	0.136342528362628
-0.0607335685774114	0.0503238073942193
0.0122980788238506	0.0112069543840222
-0.306374335747056	0.316555042193805
0.542594689486455	0.652497463499031
0.0371640562330998	0.027801938003426
0.196007925875835	0.141309934149118
-0.266718632202741	0.219427570589467
-0.111134027627907	0.0879765867508577
-0.64104250735729	0.789030984187482
-0.737650871600893	1.10599675177757
-0.146406933373913	0.126340119748054
-0.406098686587209	0.462631840566673
-0.310214663169339	0.275659952608661
-0.107031283746357	0.0933466741110122
-0.0476171565292442	0.21732957994769
0.0208816515952135	0.0761417970414822
-0.0449827939780777	0.0900708011739985
-0.0178236997446092	0.0266361745416818
0.162864993654165	0.237063971124721
-0.555772190091232	1.75959002489214
-0.0938487346359701	0.141899103414104
0.0210406751708266	0.021423462364983
-0.26141082941083	0.29091069565394
-0.131141660313617	0.141430568582998
-0.28616782149868	0.342896459780607
-0.374397456814764	0.461303677204783
-0.66861171074228	1.06811373028021
0.678557949970902	0.9540531892266
0.201408844793864	0.197399783608298
-0.533534474646264	0.623272437429385
0.484864064845353	0.448884012620257
-0.181830017144472	0.138949294380005
-0.858377911605358	0.921932687119238
-0.596036597974361	0.734265408977494
-0.19222233019766	0.14781216514727
0.791040349646844	0.746617781239868
-0.52321311676427	0.433327677647475
-0.527261948688408	0.51946834866001
-0.139305420774272	0.109600125556925
-0.373715768330027	0.35177140312476
-0.774411244193606	0.933887093010964
-0.973029041925141	1.22068642282674
-0.0206270987664156	0.0155122053805498
-0.138336386125996	0.077968464148297
-1.09738182681739	1.87790768991928
-0.944998157288753	1.56639939773161
-0.548964146561085	0.495556975365716
-0.499275585515226	0.72903488212793
0.00367520077800317	0.0143637650762185
0.0959317527046679	0.455273826145253
0.25591431959195	0.450499270924685
-0.220706178048098	0.373503117623939
-0.0240173024967708	0.0351040842905833
-0.272710367015115	0.505187832332035
-0.0542818363033091	0.12655892649164
-0.292074544925791	0.948839071859064
0.165685975412957	0.369448083033396
-0.157259125136136	0.352247343015806
-0.168324823124185	0.396034550530449
-0.142129011899538	0.315597508366827
-0.185579584929109	0.383508622038016
0.013953096672761	0.0201383417310637
0.153010673123991	0.257996029446653
0.58323429370749	1.40505630881525
0.204432624690821	0.360791418556298
0.0586226068622581	0.0765446365878605
-0.0599898151395413	0.0745366000902933
0.0525406662818343	0.0658458751425389
0.0281911819294251	0.0292536157507402
0.234831444431797	0.321474147698362
-0.30568922492679	0.444247277941351
0.294532224078249	0.368684336807591
0.0683540360625394	0.0660648618430986
0.625961281039625	1.14263733442617
0.260953833830361	0.277493438856938
-0.239497133876542	0.277683229029877
-0.0344233924811352	0.0293255938494635
0.00828052765874814	0.00905741157817975
0.168526074481702	0.170974511513901
-0.690916884662431	1.37117351225838
-0.0440913297276325	0.0425285139872979
-0.324603177121732	0.492796831033735
-0.386489713376232	0.503485524376147
0.0490929614570402	0.223889111125495
-0.156632135001763	0.956944398968973
-0.18677456834214	1.03850304576079
0.0928330918958647	0.317284485394388
0.0230171830642312	0.0571056942495077
-0.287570525008791	1.25885527980517
-0.500339407395904	3.10197594960091
-0.620504936664314	4.39148685100422
-0.522734089759948	2.85366207344793
-0.809383717133967	6.1824037993585
-0.783575266188351	7.92269117078735
-0.411676434567522	1.9185700120638
-0.239633963167931	0.593829882153547
-0.674450225144651	2.94055248946321
-0.254412257057508	0.640964462430646
-0.274994382890491	0.560955640494738
-0.565092287279449	1.18598509525187
-0.426355875502452	0.777109239611348
0.302779986228069	0.411647673741729
0.017364877471303	0.017397303102938
0.588774827747154	0.871866327168216
0.853487081561379	1.65608721927655
-0.199283994000947	0.220993437283467
-0.218760059440153	0.18487843608261
0.673286132002893	0.793719337514289
-0.320692442028326	0.346487253261903
0.128480077532135	0.112296770784123
-0.338710406711963	0.342337243031431
-0.393036957760056	0.34418988316188
0.180831256732585	0.112027613102465
1.01140286300061	1.20998664815821
0.870185612253075	1.20483044296979
1.03474792837553	1.6347519303417
-0.105299683408259	0.0917598762546737
0.0116338682498304	0.00774480636525713
0.724645482645663	0.736580504151377
0.55753343060037	0.57131660593676
-0.470926589850623	0.398339997992107
-0.322589468201988	0.330073899448567
0.00398260107438707	0.0155364754654031
-0.211486999590552	1.41861456431361
0.1440346253385	0.5572114800174
0.185292640381206	0.648532061067733
-0.372780805378143	1.73684709786324
-0.922964223239841	8.54824620255382
-0.509889975460401	2.84602664012483
-0.606643340180516	3.481777771945
-0.804426361815782	5.89057352066122
-1.02263293447083	14.5891204070735
-0.712127690272816	5.46188391677958
-0.696898944573319	3.44076858665096
-0.827423799703617	5.96078457218056
-0.171255283292704	0.478656887099765
-0.351387834072749	1.11418787882368
-0.433249349124465	1.38603709788116
-0.280145972983546	0.64195521078489
0.281616116712364	0.519566798438304
0.176079278577691	0.239378247595752
-0.24844536462603	0.386872611064757
0.13742058581729	0.183868945006165
0.163807716326729	0.200285128247382
-0.143357126075423	0.15421393962193
0.18051787529583	0.191386716014347
-0.0278212117116065	0.0312342585606992
-0.112233010329639	0.106771489746112
0.146413753101545	0.143335709922688
-0.192781143404813	0.191545085680197
0.405164409741339	0.520634506793492
0.609942243537087	0.829507737784661
0.888291154654209	1.49283463818664
0.294157659953901	0.231563974461375
0.358805307282159	0.439215425403851
1.24094047117496	2.29266471856493
-0.0604429907278315	0.0551483228497518
-0.0600077705881994	0.049648781831692
0.173693387119775	1.17203738564674
-0.0324343556229726	0.120882714731254
-0.238453799759075	1.36114487683071
-0.302614096733172	1.91538986386705
-0.709357501266297	8.31808176002233
-0.551264606369032	5.14099557648771
-0.571817739652619	5.09406010901801
-0.681278779866084	7.14600586700456
-1.28045461528217	24.5022329290499
-0.727218460078616	5.62787655184975
-0.603698833146952	2.57869755905267
-0.883602117104106	6.83696550955327
-0.600245878899736	2.76224038578787
-0.161053411502831	0.237896801715086
0.273923101962418	0.412324651404145
0.783305816451418	1.35229394475388
0.317604031020628	0.350660022225283
0.124310517606667	0.103475858843361
-0.146344453199	0.0996812072681751
0.315961932806465	0.230273730584771
-0.341603066824191	0.300285218624436
-0.914193895434075	0.666796852044576
0.872308683478311	0.648972206864046
-0.652122172241033	0.452928461744823
-0.439486805951822	0.3392286639504
2.03570342508084	1.93435076809753
0.187252420927141	0.134494101498081
-0.156705096615975	0.121427134443239
-1.14426445538657	0.992660647766778
0.0196105536901761	0.0768631278753406
-0.0895019300216708	0.404981391233846
-0.0717766407675294	0.269739679581236
-0.254412157853625	1.48325838379712
-0.318767453146315	2.09008237557359
-0.200120657340368	0.980607151447423
-0.320168032690686	1.96593934366484
-0.626063671988669	5.38963425329798
-0.564935941738722	2.36267095884538
-0.0423474380239503	0.0638292465804533
-1.08112733803391	6.52303547686936
-0.452865308304988	1.34918244855988
0.244794592623968	0.31705553006261
1.11752059704059	1.71781435198949
0.58535911539146	0.664395169708522
0.0348797488914037	0.0252769794166015
-0.0922060904674837	0.0366063341437637
-0.0976995522708479	0.05724106878767
-0.942493466793183	0.576620422916626
-0.650843511774973	0.386296752307227
-1.2381075681499	1.15098759837098
0.0162549129249964	0.0082273409558858
1.01127015354789	0.833423865958582
0.71792881437838	0.474665612238869
-0.00888055105689772	0.0328079732793049
-0.000773209359431763	0.00254699284595382
-0.144536981877387	0.667425133961999
-0.201434569042689	1.02765710718883
-0.211170541799296	1.04079462450768
-0.331605955833502	2.02693962684674
-0.662051603009137	5.58045985594354
-0.103445047007816	0.217692039216881
-0.00496003951800429	0.00622854096437255
-0.689590021739473	2.69513161559354
-0.214090294544361	0.435695611517817
-0.179124103638886	0.164108137477752
-0.138710266810899	0.12141748427375
-0.647612542872814	0.629168516891787
-0.285748150924729	0.20744947806996
0.364089201223034	0.184417201459751
-0.0681866591641443	0.0413349749997377
-0.782276650458192	0.670173912312366
-1.48203908604626	0.746891494666068
0.144008446605218	0.0488679023591925
0.0279184456913647	0.112783242994486
-0.0344307940665385	0.129684686484238
-0.0756415220913308	0.295813132442677
-0.220822534893711	1.18676518828144
-0.259407278570909	1.42903553230718
-0.660320824219476	5.90880090542872
0.0343477258137744	0.0672860094131466
0.164483823457003	0.331474984470939
-0.7118441646839	3.12222047936445
-0.288419454985952	0.669996635233084
-1.08532276968374	0.74149938863342
0.158392471401152	0.0687439733534891
-0.441839628139536	0.291726265622968
1.46211915764279	0.913541886044657
-2.07121964727456	0.940607959344417
-0.0265318398979606	0.108034220711357
-0.027707072810962	0.102448684904118
-0.0855958286719946	0.336382871074307
-0.0974929115765881	0.382817489024608
-0.665005813204062	6.75140586881938
-0.158313034685192	0.452596804672043
-0.413349692882181	1.19646567159387
-0.956215287941684	6.16612501720897
-0.525902800364169	1.83191421065291
-0.484275967473443	0.760859583874885
-0.565259127569767	0.410191187240558
-0.0244093031506515	0.0113740219434114
-0.43557188273393	0.286719813862901
-0.934050960272198	0.570709085120651
0.615371956410781	0.323487838307084
-0.239311490148372	0.119704843302845
0.141367126396849	0.0542376669175521
-1.095671001425	1.05681515533468
-0.483404645467837	0.253734438150955
0.00823101674543777	0.0314616754827205
-0.0487829319338136	0.196082331029415
-0.158145420927225	0.788990951657544
-0.253433566934457	1.39360745190354
0.01765773435786	0.0396217173501023
0.0208174220376053	0.0348742790146488
-0.833064976927296	4.95438206176188
-0.481008981758656	1.65466105773107
-0.673737889898631	0.532065126111094
0.01285429806907	0.00651598422449331
-0.255113164383361	0.158703368790556
-0.169106441785073	0.0901359426630369
0.326771142044787	0.213666413568545
0.0391336593328323	0.165270003675329
-0.068208811679377	0.292147552825388
-0.00520195910360479	0.0154077944466982
0.595621507879908	3.99194461360807
0.597864680299514	2.3565708564023
-0.209773406474406	0.607840298452585
-0.341563591274056	0.994135512274545
-0.0521568424888667	0.0227541982295842
-0.483377060947579	0.253513245542951
0.0895522553392284	0.460940521967803
-0.184096275379395	1.15990160230023
0.485641065421626	3.68191966030734
0.302586605367513	1.01649400063268
-0.395766868066807	1.89104714986506
-0.315228506666973	1.14263276158556
-0.209217770435434	0.206850753361286
-0.7777427771334	0.727929955270898
-0.0464475535568896	0.0289780946828748
0.0294330825134865	0.128640561885015
0.417129521124403	4.37053797208049
0.010561122520305	0.0295403271496421
-0.401931722871366	2.86310823984514
-0.110527028425797	0.387146004535072
-0.0864376267091448	0.465462222646137
-0.28721355115333	2.39630017639544
-0.784858204508643	12.0681520330632
-0.588165954899187	6.34437831766703
-0.0459043768130067	0.211028235333949
-0.226137086139857	1.71190753374083
