x	y
3.64405193165419	1.43312407887711
1.57641681681789	0.782645066717777
3.64405193165419	1.43312407887711
1.06659631817428	0.51499569547802
2.76197196120423	0.768541369225187
1.46109938210879	0.484014060767982
1.95793128711136	0.437766051086387
1.4655515469736	0.485738470948645
1.82948417010899	0.714838990299682
1.04577073722875	0.395582052714565
0.957461191854986	0.254126256439643
0.956455214607419	0.253949648163622
1.95879552552655	0.437985228139192
1.95793128711136	0.437766051086387
0.158202431453599	0.0297753629586498
2.76197196120423	0.768541369225187
1.46498308680977	0.485505347800691
0.15823182603157	0.0297179405544109
0.956455214607419	0.253949648163622
0.167164301060576	0.0496616909525181
0.162954029252909	0.0484564307378685
0.951724523631597	0.252769110062367
1.0433448222306	0.394400438672122
1.46455689811314	0.485225385720349
2.35616441570175	1.1748347671366
1.95879552552655	0.437985228139192
1.4655515469736	0.485738470948645
1.95879552552655	0.437985228139192
0.692040596487325	0.32349253346551
1.04665020030324	0.395956904990197
0.956455214607419	0.253949648163622
1.82755032422624	0.713907775987463
0.678685727410979	0.214982042405379
1.04210966752671	0.393840140799123
0.174933567082256	0.0439573605408891
1.82948417010899	0.714838990299682
3.27232628525746	1.12331698634376
2.75805496536761	0.766752929661107
0.158989511121608	0.0298299152293259
1.95879552552655	0.437985228139192
1.04752875622395	0.396218430849903
3.26630303248094	1.12023058934939
0.957025852492456	0.254006696314478
-1.50922180218546	0.535188573690381
-0.620903335937371	0.151058535991718
1.96141436018454	0.438711417164155
1.95879552552655	0.437985228139192
-1.7975657981284	0.379599665892429
2.76095211479574	0.768066673537379
1.95879552552655	0.437985228139192
0.956455214607419	0.253949648163622
1.96141436018454	0.438711417164155
3.26835783601252	1.12163011968705
2.75805496536761	0.766752929661107
0.677716162542668	0.214611870267994
-1.13395018438652	0.341592389781504
1.24969985918882	0.867972325293949
1.95879552552655	0.437985228139192
3.26732978575294	1.1211772426211
1.95879552552655	0.437985228139192
-2.57821111666453	0.659475059970799
-0.340107395831878	0.0973408882698726
-0.620903335937371	0.151058535991718
3.27129205644114	1.12317050813274
0.159251072645633	0.0298673857617753
1.95793128711136	0.437766051086387
0.151283893074384	0.0580076734817705
1.46308301616168	0.484563679444736
2.76095211479574	0.768066673537379
3.26835783601252	1.12163011968705
0.670430931165646	0.212216518896251
1.46109938210879	0.484014060767982
1.57585328800947	0.781914893440029
-0.149390704801257	0.0534113782231424
1.33148644921435	0.580580180008122
2.35953810209334	1.17764249949515
1.83126911611682	0.715624907230154
2.7590679263751	0.76692961097815
1.46109938210879	0.484014060767982
0.394500849991929	0.178242097072821
-0.724110175343364	0.247660897147714
0.955017933589342	0.253480850166851
1.0418455851348	0.393863567086238
0.159251072645633	0.0298673857617753
0.173378039987466	0.0436162262322836
0.676558588301015	0.214207370803977
3.26630303248094	1.12023058934939
1.95879552552655	0.437985228139192
0.956021254579335	0.253830462538477
2.75805496536761	0.766752929661107
0.681797110069949	0.21588345629796
1.06606733749636	0.514463403746672
2.11754480680452	0.94503257477152
1.33686934913081	0.583851214307558
0.442746084081858	0.177485883285209
1.04272737841263	0.394268038065867
0.91117130925796	0.493466773194757
1.46654605141329	0.485981855384374
1.95879552552655	0.437985228139192
2.75805496536761	0.766752929661107
-1.81230096904141	0.73434889647897
-2.57447078703937	0.657780381714024
1.46010735547628	0.483457516052687
-2.57421277656498	0.657506382974291
3.93397258257213	1.72120776019779
0.157971563808893	0.0296806747786729
0.957461191854986	0.254126256439643
0.532438411561851	0.190754397880712
-1.79763019308962	0.379603777700996
0.675591354383564	0.213968352567141
0.157971563808893	0.0296806747786729
-2.57447078703937	0.657780381714024
0.173378039987466	0.0436162262322836
0.956021254579335	0.253830462538477
0.524543655069631	0.187663999867334
-0.216063671871124	0.0695794401283131
0.818665325298562	0.343324495373721
2.75704467106166	0.766025498669684
0.955450516302873	0.253599562429476
0.15823182603157	0.0297179405544109
2.76095211479574	0.768066673537379
0.158989511121608	0.0298299152293259
-2.57447078703937	0.657780381714024
1.04122776355439	0.393435934346114
0.955573890382782	0.253753322308027
-0.61946410648704	0.150698865008898
0.172385921068679	0.0433875285709768
0.1677792397568	0.0498341730879395
0.174933567082256	0.0439573605408891
-1.12781381973937	0.339579374120096
-2.57447078703937	0.657780381714024
0.670430931165646	0.212216518896251
1.95793128711136	0.437766051086387
0.960305402281055	0.254935680101795
0.16323818852145	0.0485873708307168
0.174933567082256	0.0439573605408891
0.162171049505848	0.0303007576998756
0.156699366808556	0.053003974525284
0.174503749901052	0.0438676710334476
1.07805209598932	0.522075525800195
0.673656731319726	0.21327169490293
0.52764029394331	0.188938300410242
0.959294652844364	0.254663957360155
0.17351044503084	0.0436385160120603
0.154259314455831	0.0291924198815566
1.04272737841263	0.394268038065867
-0.619895187822925	0.150839789138775
0.683383169319648	0.216338964908015
0.160181680996089	0.0476913583633166
0.158989511121608	0.0298299152293259
1.95793128711136	0.437766051086387
1.33686934913081	0.583851214307558
-1.12825544522804	0.339732258677114
0.536145192793524	0.192183675780863
0.158989511121608	0.0298299152293259
0.162171049505848	0.0303007576998756
1.46654605141329	0.485981855384374
-0.61946410648704	0.150698865008898
3.27025913837768	1.12233669524588
-2.57447078703937	0.657780381714024
-0.214973425440132	0.0692286309045475
0.448524252970948	0.179929065158735
1.83045100463037	0.715045718111181
-1.50884424560785	0.535043767502043
-0.344042706429557	0.0984794926451442
0.176818183184722	0.0443715906559113
-0.617055950695462	0.150241664375452
0.955017933589342	0.253480850166851
0.956021254579335	0.253830462538477
-2.57447078703937	0.657780381714024
-0.624623675797245	0.151937920429117
0.173940988172143	0.0437550114519682
-0.519340042533641	0.196101161647501
0.162338925211519	0.0482955049730846
0.173378039987466	0.0436162262322836
-1.81676990665961	0.736858778572184
-1.51103003363439	0.535749564246176
2.75805496536761	0.766752929661107
-1.12781381973937	0.339579374120096
0.167164301060576	0.0496616909525181
-1.7975657981284	0.379599665892429
1.46308301616168	0.484563679444736
-1.27784299590365	0.574711166317859
-3.07793266340176	0.957013587093989
-0.222038342595648	0.0714812050319378
0.533034126671957	0.190984669183042
0.675109449967238	0.21369241449263
0.154259314455831	0.0291924198815566
0.153179217844522	0.0518679803975777
0.162171049505848	0.0303007576998756
1.04603323538674	0.395528149844171
2.12175361138722	0.947733160087778
0.669467631715225	0.211908752948447
-0.522217673493657	0.197342207603961
-0.719307886400812	0.245829792820617
0.164577755573638	0.0714698337557626
1.33208469099746	0.58115584608196
0.672560905238846	0.212860180111741
0.957461191854986	0.254126256439643
1.04360842637382	0.394608583742794
0.531600808944957	0.190452833446827
0.176253051776925	0.0442319878724308
1.33829831187902	0.584244755003543
0.532196819047093	0.190683131950839
3.26732978575294	1.1211772426211
-1.01941107455962	0.402225234221499
0.957461191854986	0.254126256439643
0.15079028466586	0.0510708548215597
-0.305241175602168	0.140243052965864
1.07116116689747	0.51803508033569
-0.71869462645605	0.245625159522256
-0.620473624670499	0.150917804175241
0.180141640611436	0.0450617988321041
-1.48582494700747	0.74955405412154
-0.780748313030906	0.424517163624666
0.366634615200438	0.185837373471283
0.174503749901052	0.0438676710334476
1.32356294806377	0.576096853874523
0.180709566490231	0.0452024551059557
3.26835783601252	1.12163011968705
2.76197196120423	0.768541369225187
0.67498185747701	0.213690207850534
-1.7975657981284	0.379599665892429
0.15823182603157	0.0297179405544109
0.162171049505848	0.0303007576998756
0.164738242561747	0.0490009495728858
0.157971563808893	0.0296806747786729
1.46067242606004	0.483688692701864
2.7590679263751	0.76692961097815
0.955017933589342	0.253480850166851
1.82948417010899	0.714838990299682
0.678685727410979	0.214982042405379
-0.3395018260887	0.0972061822975938
-1.13238809108681	0.341172314702962
-1.7975657981284	0.379599665892429
3.27528390840561	1.12443907352294
0.157971563808893	0.0296806747786729
-1.13698868821346	0.342607629634493
0.172385921068679	0.0433875285709768
1.09463567747202	0.676362108333129
-1.02279263404674	0.40371590748429
-1.12825544522804	0.339732258677114
2.7590679263751	0.76692961097815
-0.337559379634888	0.0966770330278957
-0.148000056178146	0.0529246723651301
0.447310273049599	0.179520616473123
0.823011572866799	0.345529818511679
0.173940988172143	0.0437550114519682
0.682410767649726	0.216016306234615
1.46498308680977	0.485505347800691
3.64813638806334	1.43480372807629
3.27129205644114	1.12317050813274
-2.57421277656498	0.657506382974291
-1.12937501458112	0.339964434622374
-3.07750490916701	0.956880231933195
0.159251072645633	0.0298673857617753
-0.337924641037297	0.0968088152153293
0.956021254579335	0.253830462538477
1.95879552552655	0.437985228139192
3.27025913837768	1.12233669524588
1.95793128711136	0.437766051086387
0.670081697347895	0.212111377241056
1.95793128711136	0.437766051086387
2.76197196120423	0.768541369225187
1.82755032422624	0.713907775987463
1.04210966752671	0.393840140799123
-0.3395018260887	0.0972061822975938
3.26732978575294	1.1211772426211
0.159251072645633	0.0298673857617753
-1.81352302981117	0.735065306555984
-1.20983410447686	0.910089159849982
-1.48395920166859	0.747833589125931
1.04272737841263	0.394268038065867
0.166279076961167	0.0494077549790747
-0.342463785834028	0.0980578484034576
-1.81766723004699	0.737367259253776
0.398871780903681	0.180267230014585
0.515021526718714	0.32869792098395
0.959294652844364	0.254663957360155
0.531004542224133	0.190160354232034
2.12394240921657	0.94837113679342
0.156929680383718	0.0467922138042666
3.26732978575294	1.1211772426211
0.956455214607419	0.253949648163622
0.15823182603157	0.0297179405544109
-1.79763019308962	0.379603777700996
0.173940988172143	0.0437550114519682
0.159251072645633	0.0298673857617753
0.174933567082256	0.0439573605408891
1.95793128711136	0.437766051086387
2.75805496536761	0.766752929661107
0.951724523631597	0.252769110062367
0.957025852492456	0.254006696314478
3.64101793434512	1.43134239135362
1.08835714987709	0.669678043085705
1.95793128711136	0.437766051086387
0.678074042401891	0.214702481365457
0.955017933589342	0.253480850166851
2.75704467106166	0.766025498669684
1.33232181501832	0.581040506436256
1.82948417010899	0.714838990299682
3.26732978575294	1.1211772426211
2.75805496536761	0.766752929661107
1.95879552552655	0.437985228139192
2.76197196120423	0.768541369225187
2.75805496536761	0.766752929661107
0.16323818852145	0.0485873708307168
0.173940988172143	0.0437550114519682
1.78116696180328	0.992630655099654
3.64611189084925	1.43374127140597
-0.221443869104186	0.0712956025102242
0.164738242561747	0.0490009495728858
0.956455214607419	0.253949648163622
-2.57472877667238	0.65760345889815
-0.391465174898902	0.163008684885985
0.164122988767051	0.0488286730136595
0.951724523631597	0.252769110062367
1.46455689811314	0.485225385720349
1.95879552552655	0.437985228139192
2.12149136184524	0.947562188308172
-0.338530582329419	0.0969729638077002
0.701690419846977	0.328975145591729
-0.61946410648704	0.150698865008898
0.903722421764725	0.487918961889201
0.955450516302873	0.253599562429476
-1.13182284417153	0.340904867919198
0.155282002123357	0.02934225636165
0.959865181244613	0.254814612498812
1.46846293168858	0.486570444742071
0.688159674696118	0.321532968570594
0.956021254579335	0.253830462538477
4.17847139446736	2.00361183825127
0.957025852492456	0.254006696314478
2.12878527633644	0.950983577147948
0.951724523631597	0.252769110062367
1.46654605141329	0.485981855384374
0.174503749901052	0.0438676710334476
0.52514060296115	0.187936804496971
0.674624067917918	0.213658555919133
0.174503749901052	0.0438676710334476
-0.146671241838456	0.0524820954965394
0.448790425789348	0.180028241714446
1.57904192715134	0.783834849070673
1.83162438273742	0.716000775412828
3.93297854230234	1.72057752612902
1.0433448222306	0.394400438672122
0.959294652844364	0.254663957360155
1.95879552552655	0.437985228139192
0.155282002123357	0.02934225636165
2.7590679263751	0.76692961097815
1.46209127003869	0.484377128190959
1.95793128711136	0.437766051086387
0.956455214607419	0.253949648163622
2.7590679263751	0.76692961097815
3.93619624132367	1.72285510420218
0.960305402281055	0.254935680101795
2.11780862301852	0.945248734413775
0.816245435494196	0.341970206553245
0.531004542224133	0.190160354232034
-1.79763019308962	0.379603777700996
0.16190498991222	0.0302625824147867
0.151551849507361	0.0580445602818356
-0.620326325745573	0.150885642821786
2.76095211479574	0.768066673537379
0.154081774580399	0.0521624398881256
-3.08247559880565	0.958940682858076
0.677716162542668	0.214611870267994
0.956021254579335	0.253830462538477
-0.385262220265716	0.160137845828391
2.11869185323705	0.945764565994132
-0.0928053039558934	0.0368249227760707
-3.45284250285449	1.22194559695964
-2.57421277656498	0.657506382974291
0.816245435494196	0.341970206553245
1.46265753359042	0.48460907431551
2.11842867036876	0.945672460079198
3.9371926868257	1.72364294570268
1.33375387884323	0.582007204647003
-0.342718944466085	0.0980961923569006
-1.27978240891892	0.575496226977634
0.674624067917918	0.213658555919133
2.75704467106166	0.766025498669684
0.696985215039311	0.326621033245555
1.06765362139235	0.515450204982361
0.804596838287608	0.485557550891663
4.18354239000766	2.00645925415005
-0.339366328033743	0.0972003539018668
1.46265753359042	0.48460907431551
1.46209127003869	0.484377128190959
1.04272737841263	0.394268038065867
-1.7975657981284	0.379599665892429
0.674624067917918	0.213658555919133
0.956021254579335	0.253830462538477
1.0455067302297	0.395217247583679
1.46209127003869	0.484377128190959
1.33207374382379	0.581101470070055
1.46010735547628	0.483457516052687
1.83162438273742	0.716000775412828
0.957461191854986	0.254126256439643
0.156017379184159	0.052780976044765
-0.620903335937371	0.151058535991718
-0.145998858470167	0.0521932143692289
1.04246313957759	0.393996072509476
0.173940988172143	0.0437550114519682
1.46498308680977	0.485505347800691
-0.620473624670499	0.150917804175241
-1.7975657981284	0.379599665892429
1.95879552552655	0.437985228139192
0.527404119121822	0.188820766466342
2.75805496536761	0.766752929661107
0.164738242561747	0.0490009495728858
0.448246823419833	0.17979017346935
2.57067030780361	1.42599096241018
1.95793128711136	0.437766051086387
1.46109938210879	0.484014060767982
-0.215221304062718	0.0693199317381142
-0.215567228616167	0.0694084736962232
1.33351744615377	0.581727707383388
0.955450516302873	0.253599562429476
-0.338896474896558	0.0970421752101679
-1.02194301820446	0.403479228390162
-1.02587348343702	0.405264690821028
0.155633462099864	0.0526590412092563
3.27232628525746	1.12331698634376
0.674624067917918	0.213658555919133
2.35723904585872	1.17582872753309
0.159251072645633	0.0298673857617753
1.0671250794186	0.51532777476737
1.46265753359042	0.48460907431551
0.955017933589342	0.253480850166851
0.17294827606403	0.0435260072159332
0.674624067917918	0.213658555919133
0.817053052663283	0.342486712511636
0.676200627845659	0.214099921395796
-3.07793266340176	0.957013587093989
-1.12725353624624	0.339405023147411
1.46166504880046	0.484245680586438
2.76197196120423	0.768541369225187
1.46455689811314	0.485225385720349
1.04272737841263	0.394268038065867
0.158379638686509	0.0535717951029833
0.956455214607419	0.253949648163622
3.26630303248094	1.12023058934939
0.955017933589342	0.253480850166851
0.164122988767051	0.0488286730136595
-1.48943440410572	0.752209436067322
0.694512337082743	0.325231946739782
0.176818183184722	0.0443715906559113
0.176818183184722	0.0443715906559113
0.955450516302873	0.253599562429476
-0.0926618573180851	0.036786603271242
-0.338291342092883	0.0968475173314605
-0.336952847519868	0.096512855057735
0.15823182603157	0.0297179405544109
-0.343686146411719	0.0983921171207581
0.168774858509076	0.0425819447497206
1.95793128711136	0.437766051086387
1.46209127003869	0.484377128190959
1.95879552552655	0.437985228139192
1.95879552552655	0.437985228139192
1.95793128711136	0.437766051086387
1.96141436018454	0.438711417164155
1.95879552552655	0.437985228139192
3.26835783601252	1.12163011968705
0.16323818852145	0.0485873708307168
-3.45116795416625	1.22074097588692
-0.214973425440132	0.0692286309045475
1.33975737931465	0.585056863780139
2.75805496536761	0.766752929661107
1.96141436018454	0.438711417164155
1.04122776355439	0.393435934346114
0.177247192199527	0.0444492499698682
-0.3395018260887	0.0972061822975938
-0.338530582329419	0.0969729638077002
-0.762663850038628	0.330792072538344
0.681183225722083	0.215602714602321
1.46398903776532	0.484992681122713
2.75805496536761	0.766752929661107
0.532196819047093	0.190683131950839
-0.518083231189381	0.195483647696607
-2.57472877667238	0.65760345889815
0.611239910265206	0.320641063066744
-1.50884424560785	0.535043767502043
2.56711548567586	1.42327373895936
1.04488949167403	0.395085051250541
-0.717804035722151	0.245206559878684
0.956021254579335	0.253830462538477
1.3329197605053	0.581616348611346
1.04210966752671	0.393840140799123
0.170331293505475	0.0429093144237285
0.958855818540361	0.254543321351908
0.174370024960364	0.0438183729016174
0.173940988172143	0.0437550114519682
1.04122776355439	0.393435934346114
0.18127730244519	0.0453161194650634
0.531004542224133	0.190160354232034
-0.216063671871124	0.0695794401283131
0.678327026073525	0.214743904761834
0.677105074382106	0.214332831776124
1.33148644921435	0.580580180008122
1.95793128711136	0.437766051086387
1.46654605141329	0.485981855384374
1.46654605141329	0.485981855384374
2.75805496536761	0.766752929661107
0.177247192199527	0.0444492499698682
1.82948417010899	0.714838990299682
2.75805496536761	0.766752929661107
0.674624067917918	0.213658555919133
-2.57447078703937	0.657780381714024
1.83356266561645	0.716725323466989
3.6399901361893	1.43067029650081
0.174933567082256	0.0439573605408891
0.15823182603157	0.0297179405544109
-1.79763019308962	0.379603777700996
0.955017933589342	0.253480850166851
0.172385921068679	0.0433875285709768
1.95793128711136	0.437766051086387
1.95793128711136	0.437766051086387
1.46455689811314	0.485225385720349
1.95793128711136	0.437766051086387
0.959865181244613	0.254814612498812
0.955450516302873	0.253599562429476
0.677105074382106	0.214332831776124
0.159042375477486	0.0473891494040675
0.164122988767051	0.0488286730136595
0.676200627845659	0.214099921395796
0.169762747888229	0.0427831084845497
0.960305402281055	0.254935680101795
0.173378039987466	0.0436162262322836
0.955017933589342	0.253480850166851
1.57127591556824	0.779138678761135
1.95793128711136	0.437766051086387
0.397589917162397	0.17962908279386
0.533874851755615	0.191264906036687
0.532196819047093	0.190683131950839
1.26675241568352	0.885734691314411
-1.26863293361844	0.569140007440593
-1.26863293361844	0.569140007440593
-0.216409245079586	0.0696890647462961
1.46455689811314	0.485225385720349
-0.519206724701637	0.195956166156021
1.57585328800947	0.781914893440029
0.526571184576376	0.188493803820027
0.17294827606403	0.0435260072159332
-0.384294569533419	0.159737126640957
0.531600808944957	0.190452833446827
0.531358567637365	0.190353154457246
0.674624067917918	0.213658555919133
-2.57447078703937	0.657780381714024
-1.12781381973937	0.339579374120096
1.03729632748488	0.391751460326444
1.46166504880046	0.484245680586438
0.530762262945688	0.190122868111177
1.06685305821338	0.514909855606969
2.11869185323705	0.945764565994132
0.956455214607419	0.253949648163622
0.176818183184722	0.0443715906559113
0.17294827606403	0.0435260072159332
3.93619624132367	1.72285510420218
-0.348607690542337	0.0997201825095866
0.157809365437772	0.0470462908960921
1.82912964257087	0.714770179842855
1.46067242606004	0.483688692701864
0.957461191854986	0.254126256439643
0.157971563808893	0.0296806747786729
0.155282002123357	0.02934225636165
-1.13338534815793	0.341498686250824
0.157971563808893	0.0296806747786729
0.675109449967238	0.21369241449263
0.67498185747701	0.213690207850534
0.675591354383564	0.213968352567141
0.159251072645633	0.0298673857617753
3.26835783601252	1.12163011968705
0.674624067917918	0.213658555919133
1.95793128711136	0.437766051086387
-1.7975657981284	0.379599665892429
3.26938718630885	1.12163262119223
1.96141436018454	0.438711417164155
2.75704467106166	0.766025498669684
1.46265753359042	0.48460907431551
0.157971563808893	0.0296806747786729
-1.12881513859764	0.339906487322227
1.8373094140835	0.71841767362829
0.15823182603157	0.0297179405544109
0.957461191854986	0.254126256439643
0.15823182603157	0.0297179405544109
-0.335438661955823	0.0961186879895653
1.96141436018454	0.438711417164155
1.95879552552655	0.437985228139192
1.95793128711136	0.437766051086387
0.956455214607419	0.253949648163622
0.955017933589342	0.253480850166851
3.64101793434512	1.43134239135362
1.95793128711136	0.437766051086387
0.180709566490231	0.0452024551059557
0.677258171138983	0.214332837302947
0.960305402281055	0.254935680101795
1.82806846311762	0.714181490452948
1.33208469099746	0.58115584608196
-0.620903335937371	0.151058535991718
0.162352652580513	0.0483303505238246
0.143168127873504	0.0485920074774471
0.16323818852145	0.0485873708307168
2.12309732449839	1.47905435917648
0.174933567082256	0.0439573605408891
0.950720958067184	0.252420162622268
-0.516445778893015	0.194901695063007
-1.02873689306295	0.406698044883813
0.152684671650055	0.0584811977102453
-0.342107054910445	0.0979510037894855
-1.27432863983107	0.572348730210502
1.45652080007828	0.482281887456809
0.530155722781082	0.189859919098161
3.27129205644114	1.12317050813274
-0.341495388738576	0.0977618699341296
2.11869185323705	0.945764565994132
1.95793128711136	0.437766051086387
0.173378039987466	0.0436162262322836
-1.12825544522804	0.339732258677114
0.956021254579335	0.253830462538477
3.26630303248094	1.12023058934939
0.159251072645633	0.0298673857617753
3.6512090534019	1.4352976791398
1.33375387884323	0.582007204647003
1.46109938210879	0.484014060767982
1.95793128711136	0.437766051086387
0.955450516302873	0.253599562429476
0.154259314455831	0.0291924198815566
0.162352652580513	0.0483303505238246
1.0433448222306	0.394400438672122
-3.45172595803352	1.22146685013561
-1.79763019308962	0.379603777700996
0.16190498991222	0.0302625824147867
0.159251072645633	0.0298673857617753
1.46109938210879	0.484014060767982
0.165128927197839	0.0417247285037095
1.46010735547628	0.483457516052687
2.11998934304499	0.946287331085183
-0.619895187822925	0.150839789138775
1.46166504880046	0.484245680586438
1.46498308680977	0.485505347800691
1.95793128711136	0.437766051086387
0.158989511121608	0.0298299152293259
3.27232628525746	1.12331698634376
0.957025852492456	0.254006696314478
3.93943155056959	1.72383033377118
1.82816209415628	0.714241631039221
-1.7975657981284	0.379599665892429
1.32587189831581	0.577558696272949
1.04360842637382	0.394608583742794
-0.624623675797245	0.151937920429117
-1.7975657981284	0.379599665892429
1.83009713438939	0.715173729277155
0.959294652844364	0.254663957360155
1.46010735547628	0.483457516052687
0.16934280349587	0.0427080042196444
0.956455214607419	0.253949648163622
2.75805496536761	0.766752929661107
4.38070636998721	2.27161855964549
1.2803397545652	0.706012673546556
1.04943567600199	0.39679396861389
0.452569065982633	0.181732592483672
1.83474856422576	0.717102751489695
0.145886829054601	0.0559355092988888
1.57348274545762	0.780077891490519
2.13181444933445	1.49325685312502
0.176818183184722	0.0443715906559113
-0.219770163804213	0.0707569013941891
-1.021608229039	0.402994857983997
3.26630303248094	1.12023058934939
1.07416364214905	0.519607987952063
3.63896224062815	1.42951913528691
0.168662278675518	0.0500652630774407
-2.57821111666453	0.659475059970799
-2.57421277656498	0.657506382974291
-1.12881513859764	0.339906487322227
0.956021254579335	0.253830462538477
0.17294827606403	0.0435260072159332
0.173378039987466	0.0436162262322836
2.76197196120423	0.768541369225187
-1.7975657981284	0.379599665892429
1.46654605141329	0.485981855384374
0.172385921068679	0.0433875285709768
-0.338291342092883	0.0968475173314605
0.53506523810313	0.19165955342409
1.46498308680977	0.485505347800691
1.46010735547628	0.483457516052687
0.15823182603157	0.0297179405544109
1.95879552552655	0.437985228139192
0.175496922320134	0.0440701137079318
1.95793128711136	0.437766051086387
0.161460812920862	0.048044569646078
0.17294827606403	0.0435260072159332
-3.45228414088993	1.22181665198441
0.158989511121608	0.0298299152293259
2.11390693878904	0.942679036980454
0.16190498991222	0.0302625824147867
0.16190498991222	0.0302625824147867
0.142330919386697	0.0483060791593045
0.67498185747701	0.213690207850534
1.06579457323925	0.514454684207409
1.33124867503934	0.580623928642544
0.955573890382782	0.253753322308027
1.95793128711136	0.437766051086387
2.75805496536761	0.766752929661107
0.158989511121608	0.0298299152293259
1.95879552552655	0.437985228139192
0.157971563808893	0.0296806747786729
0.154392805413983	0.0522705690038812
0.679655237519559	0.215244174521264
0.157971563808893	0.0296806747786729
1.82912964257087	0.714770179842855
1.08795498159153	0.669141326657632
0.1677792397568	0.0498341730879395
-1.12725353624624	0.339405023147411
0.157971563808893	0.0296806747786729
1.45750864016971	0.482642955020513
-3.75228333635026	1.47685987725686
1.83045100463037	0.715045718111181
1.83356266561645	0.716725323466989
0.677716162542668	0.214611870267994
1.46498308680977	0.485505347800691
0.674015164989584	0.213380808783075
1.57485259290007	0.781252339630502
0.148051580974635	0.0501853650280616
1.82912964257087	0.714770179842855
1.82912964257087	0.714770179842855
0.907242589251317	0.491118576866025
0.16350747165244	0.0486421723506342
0.445708556431364	0.178747574863749
-0.220606538471739	0.071036835690658
-0.337924641037297	0.0968088152153293
0.397957500852408	0.179831860627171
0.536145192793524	0.192183675780863
-0.517825107309169	0.195474359908123
2.73643827452641	1.66855864725559
0.153016180557848	0.051821004050093
0.448801914188458	0.180022361022821
0.158163268458023	0.0471349639719474
1.46288065557654	0.915235553071591
0.151873414100974	0.0581755081573951
-0.215221304062718	0.0693199317381142
-1.12725353624624	0.339405023147411
0.675232747867266	0.213789953820415
-0.338896474896558	0.0970421752101679
1.46109938210879	0.484014060767982
1.83669143198236	0.71807947873338
1.04210966752671	0.393840140799123
3.64204563210395	1.43174087144813
0.955017933589342	0.253480850166851
0.173378039987466	0.0436162262322836
1.77897744440632	0.992012499049919
-1.7975657981284	0.379599665892429
0.158426007238141	0.0472279903538101
-0.620903335937371	0.151058535991718
0.675591354383564	0.213968352567141
0.157971563808893	0.0296806747786729
3.27025913837768	1.12233669524588
0.159251072645633	0.0298673857617753
1.46010735547628	0.483457516052687
2.75704467106166	0.766025498669684
3.26835783601252	1.12163011968705
0.958855818540361	0.254543321351908
-0.718972834438042	0.245626954230634
0.676558588301015	0.214207370803977
0.955573890382782	0.253753322308027
-0.337318918589577	0.0966140796949229
3.64405193165419	1.43312407887711
4.17939269952942	2.00427610225247
0.822174512740792	0.345087307705946
-0.334830546749113	0.0959542136262779
0.674015164989584	0.213380808783075
0.530762262945688	0.190122868111177
0.957461191854986	0.254126256439643
3.26732978575294	1.1211772426211
1.96141436018454	0.438711417164155
0.157971563808893	0.0296806747786729
0.956455214607419	0.253949648163622
1.95879552552655	0.437985228139192
-3.08203891306948	0.959069086853276
0.173940988172143	0.0437550114519682
0.15823182603157	0.0297179405544109
-0.718972834438042	0.245626954230634
1.83417843227406	0.717062027537897
1.27366474233798	0.700474146494329
0.674624067917918	0.213658555919133
1.0418455851348	0.393863567086238
0.676558588301015	0.214207370803977
2.76197196120423	0.768541369225187
-0.344653401104561	0.0986243796684527
-0.337559379634888	0.0966770330278957
0.956021254579335	0.253830462538477
1.95879552552655	0.437985228139192
2.75805496536761	0.766752929661107
3.26938718630885	1.12163262119223
2.75805496536761	0.766752929661107
3.27232628525746	1.12331698634376
0.535902929212832	0.192030732305526
0.148612908401246	0.0503807422085685
0.695651612411801	0.325577625862381
2.56312502021138	1.4192552129809
0.679297187320958	0.21511425797511
1.06685305821338	0.514909855606969
1.46654605141329	0.485981855384374
1.57513025628534	0.781518976632822
1.57127591556824	0.779138678761135
0.151787472514646	0.0514129164609266
-0.217737611459671	0.0701208524223687
1.27657020644103	0.703033270984241
-2.474863374409	1.37755871963481
0.82625387160176	0.347107129604409
0.174933567082256	0.0439573605408891
-0.718081625995024	0.245384533690959
1.04422575936648	0.394740889448914
1.2831280307238	0.708466124862391
0.162338925211519	0.0482955049730846
0.530762262945688	0.190122868111177
1.0703619717886	0.517515132381691
1.0433448222306	0.394400438672122
1.82851727583204	0.714435845516616
-1.12825544522804	0.339732258677114
0.164122988767051	0.0488286730136595
0.536739666042799	0.192347830350542
0.448801914188458	0.180022361022821
0.957025852492456	0.254006696314478
0.956455214607419	0.253949648163622
1.04726688944174	0.396088731238016
0.40128520889548	0.181574932992367
0.164122988767051	0.0488286730136595
3.93818909907967	1.72414013073745
0.405428582126021	0.183662786100022
1.33375387884323	0.582007204647003
0.162171049505848	0.0303007576998756
0.674624067917918	0.213658555919133
-1.27922329184621	0.575244381232172
0.674624067917918	0.213658555919133
-0.620473624670499	0.150917804175241
0.153016180557848	0.051821004050093
-2.57447078703937	0.657780381714024
0.15823182603157	0.0297179405544109
0.956455214607419	0.253949648163622
2.76197196120423	0.768541369225187
1.33208469099746	0.58115584608196
0.164738242561747	0.0490009495728858
-0.337318918589577	0.0966140796949229
0.674015164989584	0.213380808783075
0.824451710034132	0.346189076295124
0.956455214607419	0.253949648163622
0.157568112712888	0.0533067915180714
4.72582406152751	2.87355074633448
-1.02338521131779	0.403987205196149
-0.337318918589577	0.0966140796949229
1.95879552552655	0.437985228139192
0.674015164989584	0.213380808783075
1.03878889357161	0.392361575468581
1.95879552552655	0.437985228139192
-0.616620021012413	0.150099962492625
-1.79763019308962	0.379603777700996
-0.620326325745573	0.150885642821786
0.173940988172143	0.0437550114519682
2.36495485023909	1.18150532804969
-1.51042707521765	0.53568486067596
3.6399901361893	1.43067029650081
1.06850735596624	0.516072578027481
1.57186884386259	0.778956117918399
0.166894126545373	0.0495801423286346
0.956021254579335	0.253830462538477
-2.57421277656498	0.657506382974291
-1.12781381973937	0.339579374120096
0.673048421642057	0.212994504688281
0.958855818540361	0.254543321351908
-1.81323178459194	0.734779878382509
0.173378039987466	0.0436162262322836
-3.75228333635026	1.47685987725686
0.957025852492456	0.254006696314478
3.27025913837768	1.12233669524588
2.12413280944412	0.948811543038798
0.823642509432085	0.345787097083453
1.28065215080374	0.706585249017493
1.82755032422624	0.713907775987463
0.408820093267273	0.18524355415746
-0.145188694651096	0.0519110223666838
-1.81200943037821	0.734241478143734
-1.26919005446438	0.56947477022477
-3.4565767152091	1.22430361707387
0.15357905718361	0.0520023014569825
0.168774858509076	0.0425819447497206
-4.40587647359611	2.23424118941147
-1.12825544522804	0.339732258677114
-1.48634888119028	0.74990156261755
0.818179749289425	0.34304118495458
-0.216063671871124	0.0695794401283131
-1.13182284417153	0.340904867919198
-3.75658350496235	1.47972368837861
-0.766733199789823	0.33273995230155
-1.49077274586718	0.75343807840734
0.16323818852145	0.0485873708307168
0.827624029735347	0.347817645508971
0.828430976330302	0.348196975987414
1.95793128711136	0.437766051086387
0.824123793599383	0.346058048388568
0.535308159768992	0.19186644934071
0.173378039987466	0.0436162262322836
2.76095211479574	0.768066673537379
0.955017933589342	0.253480850166851
1.04210966752671	0.393840140799123
-0.718359983709028	0.245324841773925
0.827062362966711	0.347535018691045
-0.216906973772167	0.0698162939158413
2.75704467106166	0.766025498669684
-1.7975657981284	0.379599665892429
-1.16787792336018	0.655014801847884
0.157971563808893	0.0296806747786729
0.951724523631597	0.252769110062367
0.955017933589342	0.253480850166851
3.26630303248094	1.12023058934939
0.1677792397568	0.0498341730879395
-0.625191995446008	0.152059991852936
3.26835783601252	1.12163011968705
0.960305402281055	0.254935680101795
1.06579457323925	0.514454684207409
1.83417843227406	0.717062027537897
-2.46604834033822	1.36857910380457
0.955017933589342	0.253480850166851
-0.619895187822925	0.150839789138775
0.956455214607419	0.253949648163622
1.96272619653569	1.22481884689011
2.12149136184524	0.947562188308172
2.7590679263751	0.76692961097815
2.76197196120423	0.768541369225187
2.75704467106166	0.766025498669684
0.155282002123357	0.02934225636165
1.95879552552655	0.437985228139192
0.674015164989584	0.213380808783075
1.95879552552655	0.437985228139192
-0.621333103088639	0.151104040920032
0.157809365437772	0.0470462908960921
0.680267294542255	0.215376555237081
-2.57447078703937	0.657780381714024
0.16190498991222	0.0302625824147867
0.172385921068679	0.0433875285709768
1.46654605141329	0.485981855384374
-0.620326325745573	0.150885642821786
-1.12669343566207	0.339109154533815
0.676200627845659	0.214099921395796
-1.7975657981284	0.379599665892429
3.26630303248094	1.12023058934939
-0.338530582329419	0.0969729638077002
1.46654605141329	0.485981855384374
1.46455689811314	0.485225385720349
0.826007163197103	0.346879351565415
0.534465649479292	0.191405660737174
0.534117853643867	0.191343177429969
-0.337559379634888	0.0966770330278957
1.82755032422624	0.713907775987463
2.12237275162321	0.948156957082224
1.27855875158651	0.704866524537988
0.535308159768992	0.19186644934071
0.696140528705959	0.32596537413612
-3.08247559880565	0.958940682858076
-0.146282635967707	0.0522900631456069
-0.140891273851129	0.05044238952326
-0.216409245079586	0.0696890647462961
-1.16742796427384	0.654715602129289
-0.334830546749113	0.0959542136262779
2.36204591666307	1.17952427739241
-0.33507409718716	0.0959919997809414
0.670430931165646	0.212216518896251
-0.719921406038465	0.24597629720829
1.83162438273742	0.716000775412828
-0.210674512949727	0.0678922136943536
0.675591354383564	0.213968352567141
0.830800143340358	0.349277485913624
-0.720453666514924	0.246264037870489
0.157674168401126	0.0763935994001602
-1.13395018438652	0.341592389781504
-0.71869462645605	0.245625159522256
0.525378140173977	0.188039309051153
0.674624067917918	0.213658555919133
0.154259314455831	0.0291924198815566
0.956455214607419	0.253949648163622
2.75704467106166	0.766025498669684
0.165353233252732	0.0491580922731075
0.175496922320134	0.0440701137079318
-1.5094475769206	0.535248673690833
0.167164301060576	0.0496616909525181
-1.81827955350507	0.737738285564138
-1.80127875869	0.380587746892248
-2.57447078703937	0.657780381714024
0.18127730244519	0.0453161194650634
0.531358567637365	0.190353154457246
1.95879552552655	0.437985228139192
1.95793128711136	0.437766051086387
2.76095211479574	0.768066673537379
-3.08247559880565	0.958940682858076
0.950720958067184	0.252420162622268
0.670081697347895	0.212111377241056
1.95879552552655	0.437985228139192
0.159251072645633	0.0298673857617753
1.83106456718648	0.715380743752126
2.12544210384278	0.949600697707754
0.674015164989584	0.213380808783075
0.15823182603157	0.0297179405544109
0.959294652844364	0.254663957360155
0.674264818482823	0.213402910671394
0.959865181244613	0.254814612498812
1.95879552552655	0.437985228139192
1.95879552552655	0.437985228139192
3.27129205644114	1.12317050813274
0.952729371406254	0.252945498225285
0.959294652844364	0.254663957360155
0.162171049505848	0.0303007576998756
0.957025852492456	0.254006696314478
0.96272254042429	0.255477208819605
1.96141436018454	0.438711417164155
0.174933567082256	0.0439573605408891
-1.51336055363438	0.537061579976289
-2.57472877667238	0.65760345889815
3.93619624132367	1.72285510420218
-2.57847696185857	0.659529736545688
-1.79763019308962	0.379603777700996
0.959294652844364	0.254663957360155
0.670081697347895	0.212111377241056
0.16323818852145	0.0485873708307168
4.38311198869768	2.27407819400998
1.0418455851348	0.393863567086238
0.956021254579335	0.253830462538477
0.174933567082256	0.0439573605408891
-0.938239302894953	0.574026718228379
-0.786944323976869	0.42901329804606
1.82755032422624	0.713907775987463
1.04510594650726	0.394980612745183
0.674015164989584	0.213380808783075
0.163830930776267	0.0486854133663851
0.692216063421105	0.323523083141861
-0.720199314130701	0.246072307343885
1.46109938210879	0.484014060767982
0.532438411561851	0.190754397880712
1.28392804206414	0.709138384662028
1.95793128711136	0.437766051086387
0.173940988172143	0.0437550114519682
1.06134777962938	0.511984928791981
0.539266647317431	0.19330887981843
1.03945896002248	0.392566838580962
-0.620903335937371	0.151058535991718
0.168354166613062	0.0424807140134561
-1.51396898226758	0.537314617740072
3.27129205644114	1.12317050813274
0.165998082460023	0.0492652244195938
0.177247192199527	0.0444492499698682
-2.57421277656498	0.657506382974291
0.960305402281055	0.254935680101795
-0.620326325745573	0.150885642821786
0.171653101789031	0.0431973221484952
0.158989511121608	0.0298299152293259
0.955017933589342	0.253480850166851
0.158989511121608	0.0298299152293259
0.173940988172143	0.0437550114519682
-1.79763019308962	0.379603777700996
-1.0225353038078	0.403750407139113
-1.13238809108681	0.341172314702962
0.173940988172143	0.0437550114519682
-1.51433726696095	0.537497293520418
0.162171049505848	0.0303007576998756
1.95793128711136	0.437766051086387
0.955450516302873	0.253599562429476
0.960305402281055	0.254935680101795
1.95793128711136	0.437766051086387
1.04122776355439	0.393435934346114
1.95793128711136	0.437766051086387
0.956021254579335	0.253830462538477
1.33208469099746	0.58115584608196
0.164122988767051	0.0488286730136595
0.956455214607419	0.253949648163622
0.957025852492456	0.254006696314478
0.956021254579335	0.253830462538477
1.07116116689747	0.51803508033569
1.95793128711136	0.437766051086387
0.794289339449429	0.47782617980429
1.04638771946291	0.395714063580135
1.77983958461778	0.991921136034635
-0.619895187822925	0.150839789138775
-0.619895187822925	0.150839789138775
-0.339623607104268	0.0972733866332868
2.12544210384278	0.949600697707754
0.15823182603157	0.0297179405544109
0.15823182603157	0.0297179405544109
0.15823182603157	0.0297179405544109
0.158989511121608	0.0298299152293259
3.26835783601252	1.12163011968705
0.957025852492456	0.254006696314478
1.83417843227406	0.717062027537897
0.958855818540361	0.254543321351908
1.0433448222306	0.394400438672122
0.957025852492456	0.254006696314478
0.674624067917918	0.213658555919133
-1.13395018438652	0.341592389781504
1.27607850636201	0.702654752109904
0.675591354383564	0.213968352567141
1.95879552552655	0.437985228139192
-0.620473624670499	0.150917804175241
0.173940988172143	0.0437550114519682
1.83633740824933	0.718096082890721
0.674491966739474	0.213488272769245
-3.45172595803352	1.22146685013561
-0.723767624574779	0.247384332637155
0.453617681132945	0.182119165755565
-1.12881513859764	0.339906487322227
-1.12825544522804	0.339732258677114
0.828676365455995	0.348216635594115
0.365436386963589	0.184821741432925
1.46067242606004	0.483688692701864
0.675232747867266	0.213789953820415
0.16350747165244	0.0486421723506342
0.1677792397568	0.0498341730879395
-0.212700860727539	0.0685566980358174
1.83065515075678	0.71528955791634
0.69284935645393	0.323980193410431
1.5810016022159	0.785274495012863
-0.785240893878869	0.427944814094146
1.459407612857	0.912547503283049
0.612839347755592	0.321733020013971
0.834079900606637	0.35067070523495
1.07063512565456	0.517703792604127
1.33603551913475	0.58343053611899
0.69123132077792	0.322973341727953
-0.976477680784882	0.482246433333351
0.159304296973707	0.0474668185471716
-0.620903335937371	0.151058535991718
0.450961924488652	0.181018370719246
1.33856572193498	0.584370161748649
0.955017933589342	0.253480850166851
0.17351044503084	0.0436385160120603
0.158989511121608	0.0298299152293259
1.04122776355439	0.393435934346114
0.153016180557848	0.051821004050093
0.15823182603157	0.0297179405544109
-0.61946410648704	0.150698865008898
1.96141436018454	0.438711417164155
0.15823182603157	0.0297179405544109
1.57210990848961	0.779722751474671
-0.336952847519868	0.096512855057735
-4.006279107083	1.72987826782451
1.33460347604402	0.582347430988149
1.46654605141329	0.485981855384374
0.955450516302873	0.253599562429476
0.158989511121608	0.0298299152293259
1.96141436018454	0.438711417164155
1.95793128711136	0.437766051086387
0.674264818482823	0.213402910671394
1.57778417402392	0.783272898824577
4.38572865870634	2.27686865818088
-0.61946410648704	0.150698865008898
0.165622192143609	0.0492275837346074
2.7590679263751	0.76692961097815
1.95879552552655	0.437985228139192
0.673656731319726	0.21327169490293
1.83356266561645	0.716725323466989
1.09168881221292	0.672388079019958
-2.57447078703937	0.657780381714024
-0.617055950695462	0.150241664375452
0.679297187320958	0.21511425797511
0.16190498991222	0.0302625824147867
0.956455214607419	0.253949648163622
-1.79763019308962	0.379603777700996
1.95879552552655	0.437985228139192
1.46265753359042	0.48460907431551
0.960305402281055	0.254935680101795
-0.342107054910445	0.0979510037894855
2.76095211479574	0.768066673537379
0.158989511121608	0.0298299152293259
0.159251072645633	0.0298673857617753
-0.718081625995024	0.245384533690959
0.159251072645633	0.0298673857617753
3.26835783601252	1.12163011968705
0.17294827606403	0.0435260072159332
0.171653101789031	0.0431973221484952
0.826067165265457	0.346841756945252
1.46654605141329	0.485981855384374
1.33268267273416	0.581267457492734
1.46597699067366	0.485748477491111
0.15823182603157	0.0297179405544109
0.16350747165244	0.0486421723506342
0.164122988767051	0.0488286730136595
0.67498185747701	0.213690207850534
-1.0275611383961	0.406046323242829
0.162954029252909	0.0484564307378685
-2.29197527517608	1.15699959530116
0.169762747888229	0.0427831084845497
-0.71869462645605	0.245625159522256
-1.81291187157146	0.734751884578751
1.95879552552655	0.437985228139192
0.158989511121608	0.0298299152293259
3.27129205644114	1.12317050813274
-1.12435877083653	0.338493350823416
0.674264818482823	0.213402910671394
3.64101793434512	1.43134239135362
0.158989511121608	0.0298299152293259
3.93943155056959	1.72383033377118
-0.620903335937371	0.151058535991718
0.176818183184722	0.0443715906559113
0.529325922387399	0.189451846093382
-0.617491939447093	0.150288713008559
0.67498185747701	0.213690207850534
0.954564259091026	0.253482299647149
0.159304296973707	0.0474668185471716
1.95879552552655	0.437985228139192
0.158989511121608	0.0298299152293259
-1.7975657981284	0.379599665892429
-1.12725353624624	0.339405023147411
-1.13408947394801	0.341691539062081
0.172385921068679	0.0433875285709768
-0.33507409718716	0.0959919997809414
2.1121531485807	0.941533736053687
1.46109938210879	0.484014060767982
2.75805496536761	0.766752929661107
-1.7975657981284	0.379599665892429
2.75704467106166	0.766025498669684
0.157971563808893	0.0296806747786729
0.956021254579335	0.253830462538477
0.958855818540361	0.254543321351908
0.15823182603157	0.0297179405544109
1.46010735547628	0.483457516052687
0.951724523631597	0.252769110062367
-0.620473624670499	0.150917804175241
0.162171049505848	0.0303007576998756
0.956021254579335	0.253830462538477
0.674015164989584	0.213380808783075
1.95879552552655	0.437985228139192
0.959294652844364	0.254663957360155
0.153267904345544	0.0519012670754554
1.46209127003869	0.484377128190959
-0.338291342092883	0.0968475173314605
1.04515347900522	0.395153426226023
1.82912964257087	0.714770179842855
3.26630303248094	1.12023058934939
0.952729371406254	0.252945498225285
0.531004542224133	0.190160354232034
1.82851727583204	0.714435845516616
0.950720958067184	0.252420162622268
0.158019337684925	0.0605214332101271
1.46455689811314	0.485225385720349
0.956021254579335	0.253830462538477
1.95879552552655	0.437985228139192
1.83162438273742	0.716000775412828
0.680267294542255	0.215376555237081
0.957025852492456	0.254006696314478
1.46597699067366	0.485748477491111
0.957461191854986	0.254126256439643
-1.79763019308962	0.379603777700996
-0.619895187822925	0.150839789138775
-0.617491939447093	0.150288713008559
3.64405193165419	1.43312407887711
0.818665325298562	0.343324495373721
1.33550128529197	0.582683565731176
1.04515347900522	0.395153426226023
0.830800143340358	0.349277485913624
0.681183225722083	0.215602714602321
1.04272737841263	0.394268038065867
0.956455214607419	0.253949648163622
0.174503749901052	0.0438676710334476
0.1677792397568	0.0498341730879395
0.448524252970948	0.179929065158735
0.823888102049168	0.345906037374267
3.64405193165419	1.43312407887711
1.46597699067366	0.485748477491111
0.956021254579335	0.253830462538477
-0.619895187822925	0.150839789138775
-0.616620021012413	0.150099962492625
-0.141699082635289	0.0507192347670775
-1.13338534815793	0.341498686250824
1.46067242606004	0.483688692701864
0.956455214607419	0.253949648163622
0.448246823419833	0.17979017346935
0.173940988172143	0.0437550114519682
0.177812920485068	0.0445891130396879
1.46498308680977	0.485505347800691
-1.79763019308962	0.379603777700996
1.27737308094797	0.703647749732919
1.46209127003869	0.484377128190959
0.152710912659065	0.0455938151669409
1.04488949167403	0.395085051250541
1.82912964257087	0.714770179842855
1.33543856501865	0.58285380410182
0.678327026073525	0.214743904761834
-2.57421277656498	0.657506382974291
0.159251072645633	0.0298673857617753
0.158989511121608	0.0298299152293259
0.168774858509076	0.0425819447497206
0.956021254579335	0.253830462538477
0.817616522741687	0.34285529214041
0.153016180557848	0.051821004050093
0.955450516302873	0.253599562429476
-0.221200715743042	0.0712222587266738
0.673177180799231	0.213063750844139
2.35783908683091	1.17632259504716
1.46265753359042	0.48460907431551
0.174933567082256	0.0439573605408891
0.15823182603157	0.0297179405544109
0.678685727410979	0.214982042405379
0.165353233252732	0.0491580922731075
1.95793128711136	0.437766051086387
0.157971563808893	0.0296806747786729
2.75704467106166	0.766025498669684
1.45941385003452	0.483259882361236
1.83474856422576	0.717102751489695
3.26835783601252	1.12163011968705
1.95793128711136	0.437766051086387
0.158989511121608	0.0298299152293259
-1.12881513859764	0.339906487322227
0.173378039987466	0.0436162262322836
-1.79763019308962	0.379603777700996
1.06739733051201	0.515491638140863
0.955017933589342	0.253480850166851
0.679655237519559	0.215244174521264
0.956455214607419	0.253949648163622
0.951724523631597	0.252769110062367
1.56882554792314	0.77724413358726
0.822267625819136	0.345061712364334
1.06659631817428	0.51499569547802
0.823642509432085	0.345787097083453
-1.02418643534812	0.404584238258454
1.04488949167403	0.395085051250541
-1.81262047956212	0.734554727038592
1.33543856501865	0.58285380410182
0.675591354383564	0.213968352567141
0.674624067917918	0.213658555919133
0.169276668042905	0.0502222390274525
2.75704467106166	0.766025498669684
2.11869185323705	0.945764565994132
1.95879552552655	0.437985228139192
-0.620903335937371	0.151058535991718
0.674624067917918	0.213658555919133
0.532196819047093	0.190683131950839
-1.12725353624624	0.339405023147411
0.17294827606403	0.0435260072159332
0.673656731319726	0.21327169490293
0.16323818852145	0.0485873708307168
1.82912964257087	0.714770179842855
-0.336346534706249	0.0963182114993482
-0.334222652007209	0.0957594598898438
1.96141436018454	0.438711417164155
3.27528390840561	1.12443907352294
-0.620903335937371	0.151058535991718
0.158989511121608	0.0298299152293259
1.45652080007828	0.482281887456809
1.0418455851348	0.393863567086238
0.677716162542668	0.214611870267994
2.7590679263751	0.76692961097815
2.7590679263751	0.76692961097815
0.956021254579335	0.253830462538477
3.26835783601252	1.12163011968705
-3.07750490916701	0.956880231933195
2.75805496536761	0.766752929661107
0.955017933589342	0.253480850166851
1.82851727583204	0.714435845516616
-0.620903335937371	0.151058535991718
0.162968126753743	0.0485024678975847
2.75704467106166	0.766025498669684
1.46724080867974	0.485773267223063
0.173940988172143	0.0437550114519682
1.83223894779093	0.716336716062103
0.164122988767051	0.0488286730136595
0.532438411561851	0.190754397880712
-2.57421277656498	0.657506382974291
0.955450516302873	0.253599562429476
1.04122776355439	0.393435934346114
1.042990826383	0.394180541091972
1.04726688944174	0.396088731238016
2.75805496536761	0.766752929661107
3.26630303248094	1.12023058934939
-1.79763019308962	0.379603777700996
0.168774858509076	0.0425819447497206
1.57485259290007	0.781252339630502
0.533279274552294	0.190972193500466
1.06876592067837	0.516703461090241
0.955450516302873	0.253599562429476
0.173940988172143	0.0437550114519682
1.82658331770683	0.713161725221294
1.82719449155949	0.713494970764503
1.95879552552655	0.437985228139192
-0.528810566940987	0.199985225765841
0.172385921068679	0.0433875285709768
0.168354166613062	0.0424807140134561
1.0455067302297	0.395217247583679
0.959294652844364	0.254663957360155
0.16934280349587	0.0427080042196444
3.64204563210395	1.43174087144813
1.95879552552655	0.437985228139192
3.26938718630885	1.12163262119223
2.11842867036876	0.945672460079198
-1.12781381973937	0.339579374120096
-0.621333103088639	0.151104040920032
-1.80127875869	0.380587746892248
2.75805496536761	0.766752929661107
1.46010735547628	0.483457516052687
0.956455214607419	0.253949648163622
2.7590679263751	0.76692961097815
3.26835783601252	1.12163011968705
3.26732978575294	1.1211772426211
1.33148644921435	0.580580180008122
1.95793128711136	0.437766051086387
0.157971563808893	0.0296806747786729
0.959294652844364	0.254663957360155
0.957025852492456	0.254006696314478
2.11931178949686	0.946188348024025
3.26732978575294	1.1211772426211
0.679297187320958	0.21511425797511
0.176818183184722	0.0443715906559113
0.959865181244613	0.254814612498812
0.171653101789031	0.0431973221484952
1.95879552552655	0.437985228139192
0.959865181244613	0.254814612498812
1.45652080007828	0.482281887456809
0.957461191854986	0.254126256439643
-0.226013966669181	0.0727462696607693
4.5705463978904	2.57136877743778
1.04360842637382	0.394608583742794
2.12045473466834	0.946331293840641
1.83126911611682	0.715624907230154
3.26835783601252	1.12163011968705
0.173378039987466	0.0436162262322836
0.534117853643867	0.191343177429969
0.150152135996396	0.0575673673890983
0.959294652844364	0.254663957360155
0.173940988172143	0.0437550114519682
0.536145192793524	0.192183675780863
0.956021254579335	0.253830462538477
0.527404119121822	0.188820766466342
0.956455214607419	0.253949648163622
1.03945896002248	0.392566838580962
-1.02075919593971	0.402758433461041
0.822832332666427	0.345345001072504
1.95879552552655	0.437985228139192
1.03703963555181	0.391624153547078
0.539860130057183	0.19347257336536
1.83065515075678	0.71528955791634
1.82851727583204	0.714435845516616
0.675232747867266	0.213789953820415
1.46166504880046	0.484245680586438
2.76197196120423	0.768541369225187
1.95793128711136	0.437766051086387
0.162171049505848	0.0303007576998756
1.83223894779093	0.716336716062103
1.83320872066104	0.716809839835328
1.04422575936648	0.394740889448914
0.15823182603157	0.0297179405544109
0.955450516302873	0.253599562429476
1.4604038372023	0.483769829709272
1.0433448222306	0.394400438672122
0.15823182603157	0.0297179405544109
0.17351044503084	0.0436385160120603
-0.729206528732148	0.249387911798509
0.960305402281055	0.254935680101795
-1.7975657981284	0.379599665892429
2.7590679263751	0.76692961097815
3.26835783601252	1.12163011968705
2.3672755029216	1.18220142484299
0.817616522741687	0.34285529214041
0.668504270521836	0.211524693005927
0.167786821496111	0.0423548811213711
0.536981267153455	0.192450260059129
3.26732978575294	1.1211772426211
3.26732978575294	1.1211772426211
0.529323457472478	0.189545567502798
-1.7975657981284	0.379599665892429
0.960305402281055	0.254935680101795
0.668954723733744	0.211640160593954
2.1210742594203	0.946754794383907
1.0433448222306	0.394400438672122
1.95879552552655	0.437985228139192
0.958855818540361	0.254543321351908
2.75704467106166	0.766025498669684
1.33184695246066	0.580735815343295
0.158989511121608	0.0298299152293259
0.152967816569802	0.0456747746330642
3.64405193165419	1.43312407887711
1.46109938210879	0.484014060767982
0.957461191854986	0.254126256439643
3.93397258257213	1.72120776019779
2.76489171529978	0.769665555456845
0.157971563808893	0.0296806747786729
2.7590679263751	0.76692961097815
1.95793128711136	0.437766051086387
0.158989511121608	0.0298299152293259
0.955450516302873	0.253599562429476
-0.621784192774111	0.151338791569665
0.678685727410979	0.214982042405379
0.15823182603157	0.0297179405544109
0.956021254579335	0.253830462538477
1.46010735547628	0.483457516052687
-1.79763019308962	0.379603777700996
1.46166504880046	0.484245680586438
1.95879552552655	0.437985228139192
1.95879552552655	0.437985228139192
2.75805496536761	0.766752929661107
3.26938718630885	1.12163262119223
3.26732978575294	1.1211772426211
1.78625806368012	0.9973505402853
0.678685727410979	0.214982042405379
1.04360842637382	0.394608583742794
1.46265753359042	0.48460907431551
-1.79763019308962	0.379603777700996
1.95879552552655	0.437985228139192
0.959865181244613	0.254814612498812
0.173940988172143	0.0437550114519682
0.158989511121608	0.0298299152293259
-2.57847696185857	0.659529736545688
0.951724523631597	0.252769110062367
3.93198447308087	1.71970480916132
3.27424476347588	1.12391188707828
0.172385921068679	0.0433875285709768
-1.13338534815793	0.341498686250824
-2.57821111666453	0.659475059970799
0.957025852492456	0.254006696314478
-0.625191995446008	0.152059991852936
0.957461191854986	0.254126256439643
1.82948417010899	0.714838990299682
2.75704467106166	0.766025498669684
1.95879552552655	0.437985228139192
1.46455689811314	0.485225385720349
1.82948417010899	0.714838990299682
1.96141436018454	0.438711417164155
0.956455214607419	0.253949648163622
2.75805496536761	0.766752929661107
2.75805496536761	0.766752929661107
1.78621262306689	0.997522733470113
1.95879552552655	0.437985228139192
0.676558588301015	0.214207370803977
0.87092243600964	0.801429637920493
0.898162767137673	0.484248270463063
0.705901241050324	0.621286369887192
0.449328663372175	0.180265911475519
0.956455214607419	0.253949648163622
-1.7975657981284	0.379599665892429
-2.57847696185857	0.659529736545688
-1.79763019308962	0.379603777700996
-3.45228414088993	1.22181665198441
0.673656731319726	0.21327169490293
-1.7975657981284	0.379599665892429
0.158989511121608	0.0298299152293259
0.157971563808893	0.0296806747786729
1.95879552552655	0.437985228139192
1.95793128711136	0.437766051086387
0.956021254579335	0.253830462538477
1.95793128711136	0.437766051086387
1.95793128711136	0.437766051086387
3.26732978575294	1.1211772426211
0.955017933589342	0.253480850166851
0.826569690816718	0.347031576525904
0.620874430796743	0.47319184451905
3.93397258257213	1.72120776019779
0.538672909842541	0.193078624853722
0.151350026308301	0.0512415084792654
1.46265753359042	0.48460907431551
0.679655237519559	0.215244174521264
0.157971563808893	0.0296806747786729
0.159251072645633	0.0298673857617753
-0.620326325745573	0.150885642821786
0.955450516302873	0.253599562429476
-0.626100288806693	0.1523229776774
-0.619895187822925	0.150839789138775
0.174933567082256	0.0439573605408891
-1.79763019308962	0.379603777700996
0.157971563808893	0.0296806747786729
0.17351044503084	0.0436385160120603
3.26732978575294	1.1211772426211
1.33124526814043	0.580684485642859
1.95793128711136	0.437766051086387
0.956455214607419	0.253949648163622
-0.61946410648704	0.150698865008898
0.174933567082256	0.0439573605408891
-0.625191995446008	0.152059991852936
0.956455214607419	0.253949648163622
1.46109938210879	0.484014060767982
3.6430217955396	1.43205157105291
3.26732978575294	1.1211772426211
2.75704467106166	0.766025498669684
1.46067242606004	0.483688692701864
1.95793128711136	0.437766051086387
1.04638771946291	0.395714063580135
2.75704467106166	0.766025498669684
1.82806846311762	0.714181490452948
1.33351744615377	0.581727707383388
0.677105074382106	0.214332831776124
1.46010735547628	0.483457516052687
2.75805496536761	0.766752929661107
0.957025852492456	0.254006696314478
3.26732978575294	1.1211772426211
2.76197196120423	0.768541369225187
2.75805496536761	0.766752929661107
0.967209913732998	0.660975274876652
1.83223894779093	0.716336716062103
1.57778417402392	0.783272898824577
0.15823182603157	0.0297179405544109
-1.02220030668553	0.403399409057447
1.06706691977393	0.515744915136545
0.955017933589342	0.253480850166851
-0.620903335937371	0.151058535991718
0.527404119121822	0.188820766466342
0.167164301060576	0.0496616909525181
1.04246313957759	0.393996072509476
0.446913247781489	0.179197436924564
1.04272737841263	0.394268038065867
1.46109938210879	0.484014060767982
0.152684671650055	0.0584811977102453
-0.142747701481568	0.0510783991590262
-1.51851441465735	0.539192370342509
3.26835783601252	1.12163011968705
0.15357905718361	0.0520023014569825
-0.718972834438042	0.245626954230634
-1.27350244078428	0.571651779328361
-0.76402371622396	0.331549885284557
0.146375004827764	0.0561236835186149
1.4613936654743	0.484011457273747
1.46109938210879	0.484014060767982
0.525737293615157	0.188118349247929
2.35867500117237	1.17688948319321
1.33710585560825	0.583558054446079
2.12019415973984	0.946583637874322
0.827062362966711	0.347535018691045
1.83162438273742	0.716000775412828
0.669467631715225	0.211908752948447
0.955017933589342	0.253480850166851
0.795492167551845	0.478233030658839
0.164122988767051	0.0488286730136595
3.64204563210395	1.43174087144813
-1.79763019308962	0.379603777700996
1.46166504880046	0.484245680586438
2.76197196120423	0.768541369225187
0.157971563808893	0.0296806747786729
0.957461191854986	0.254126256439643
2.75805496536761	0.766752929661107
-1.02815379565769	0.406346884447955
1.28016355591198	0.706207937902467
2.7590679263751	0.76692961097815
1.04422575936648	0.394740889448914
0.679297187320958	0.21511425797511
0.950720958067184	0.252420162622268
1.96141436018454	0.438711417164155
-0.619895187822925	0.150839789138775
2.7590679263751	0.76692961097815
2.36037500052639	1.17841315078791
0.16934280349587	0.0427080042196444
-1.12435877083653	0.338493350823416
-1.81323178459194	0.734779878382509
-0.514641699367006	0.194166196064157
-1.02528166510659	0.404871817618433
-1.81827955350507	0.737738285564138
-2.57472877667238	0.65760345889815
1.95793128711136	0.437766051086387
0.16323818852145	0.0485873708307168
0.67498185747701	0.213690207850534
-3.45116795416625	1.22074097588692
-0.518083231189381	0.195483647696607
0.696947392942228	0.326440852008827
0.17294827606403	0.0435260072159332
0.956455214607419	0.253949648163622
-0.215567228616167	0.0694084736962232
-0.718081625995024	0.245384533690959
-0.208734961364574	0.0673140088709551
-0.384623905051205	0.15982877144982
-0.335438661955823	0.0961186879895653
-0.0945249664802705	0.0375402139696422
1.09172014704533	0.672278269764639
0.392851372688938	0.177366315467011
0.670430931165646	0.212216518896251
-3.75288411079685	1.47718399320021
1.83223894779093	0.716336716062103
0.691128576986672	0.323370207801226
0.955017933589342	0.253480850166851
1.33268267273416	0.581267457492734
0.82625387160176	0.347107129604409
1.33124867503934	0.580623928642544
0.161460812920862	0.048044569646078
0.673048421642057	0.212994504688281
0.959865181244613	0.254814612498812
3.26835783601252	1.12163011968705
-1.79763019308962	0.379603777700996
1.46209127003869	0.484377128190959
0.176818183184722	0.0443715906559113
3.26938718630885	1.12163262119223
1.95793128711136	0.437766051086387
0.957025852492456	0.254006696314478
1.83009713438939	0.715173729277155
1.78090512537986	0.992363730439769
2.75805496536761	0.766752929661107
0.958855818540361	0.254543321351908
1.46166504880046	0.484245680586438
2.76095211479574	0.768066673537379
0.675232747867266	0.213789953820415
-0.719307886400812	0.245829792820617
-1.12825544522804	0.339732258677114
3.64508196443781	1.43367348655271
-1.02646555146412	0.405564715628588
-0.629952122229771	0.153143156080765
-1.51042707521765	0.53568486067596
0.536145192793524	0.192183675780863
1.57162700882952	0.779006210019572
1.07223246054501	0.518522084705241
-3.07836047129561	0.956774727997911
-1.02312783931858	0.403977027889059
2.75805496536761	0.766752929661107
0.674624067917918	0.213658555919133
-0.336952847519868	0.096512855057735
0.679297187320958	0.21511425797511
0.403756519914057	0.182777059507456
0.171094196191277	0.0507164425340757
2.12482393991542	0.949177318529429
-1.12669343566207	0.339109154533815
-1.48308258258556	0.747637884722662
0.957461191854986	0.254126256439643
1.46888833949966	0.486728891803906
-2.62977176430267	1.60731031665621
0.168354166613062	0.0424807140134561
-1.02730920175823	0.406112820022134
0.818985271608812	0.343479725639711
0.532438411561851	0.190754397880712
0.530165701430798	0.189830529659283
1.04210966752671	0.393840140799123
1.09373602668354	0.674781823120295
0.16323818852145	0.0485873708307168
0.674624067917918	0.213658555919133
1.96141436018454	0.438711417164155
2.11692464856437	0.944608977413808
2.11696526038276	0.944641047228561
0.176253051776925	0.0442319878724308
-0.144419938894036	0.0516441997824019
1.82816209415628	0.714241631039221
1.82613678624155	0.713003331156764
1.56517347432381	0.774528655675134
1.46067242606004	0.483688692701864
-0.338896474896558	0.0970421752101679
1.77521483290862	1.39108238046017
-1.50922180218546	0.535188573690381
-0.219770163804213	0.0707569013941891
-1.8089357158134	0.732560649928647
0.162622561049093	0.0484009930995383
0.52764029394331	0.188938300410242
-0.620903335937371	0.151058535991718
-1.7975657981284	0.379599665892429
-0.620903335937371	0.151058535991718
1.46166504880046	0.484245680586438
-0.387921450068097	0.161329379903918
-0.620473624670499	0.150917804175241
-0.711087963718442	0.24267095162066
0.956455214607419	0.253949648163622
0.693657598045462	0.324440596501374
1.33064823417075	0.58035171256435
0.449051374752847	0.180146054252177
-1.51042707521765	0.53568486067596
0.174503749901052	0.0438676710334476
-0.339979595307007	0.0973896500376519
-1.81799459045243	0.737492070536281
1.46364987732708	0.48479584486453
1.0949587074066	0.675759095138577
0.158782093933135	0.0608231232150939
-0.140607226248752	0.0503348682136809
0.143447846985197	0.0486770124943714
0.15823182603157	0.0297179405544109
1.96141436018454	0.438711417164155
1.46597699067366	0.485748477491111
2.76095211479574	0.768066673537379
0.159251072645633	0.0298673857617753
0.162622561049093	0.0484009930995383
1.46597699067366	0.485748477491111
0.82188945961011	0.344975872577652
1.0433448222306	0.394400438672122
1.46209127003869	0.484377128190959
0.677716162542668	0.214611870267994
2.76095211479574	0.768066673537379
1.33460347604402	0.582347430988149
0.174933567082256	0.0439573605408891
0.167164301060576	0.0496616909525181
0.173378039987466	0.0436162262322836
2.75805496536761	0.766752929661107
0.157971563808893	0.0296806747786729
1.46498308680977	0.485505347800691
-0.517264023236703	0.195228260106643
1.06876135276061	0.51624537330636
1.09337511332897	0.675328076417679
1.33520072787008	0.582923907307515
0.608789235372065	0.319496897513599
0.673048421642057	0.212994504688281
0.697435449537931	0.326741539527995
1.07116116689747	0.51803508033569
0.173378039987466	0.0436162262322836
0.44246969756749	0.177341431396767
1.46067242606004	0.483688692701864
0.674143348272808	0.213431626689393
-1.13238809108681	0.341172314702962
0.158989511121608	0.0298299152293259
-1.13295352450292	0.341266245931736
0.681797110069949	0.21588345629796
1.83572003024131	0.717758246473073
0.956455214607419	0.253949648163622
1.83126911611682	0.715624907230154
1.46498308680977	0.485505347800691
0.159251072645633	0.0298673857617753
0.452569065982633	0.181732592483672
-0.620903335937371	0.151058535991718
1.82658331770683	0.713161725221294
-0.719030595483876	0.245557497516708
1.96141436018454	0.438711417164155
1.83536533888649	0.717440027680737
0.822450638269115	0.345345024290892
0.447719113317435	0.179573027507233
0.177247192199527	0.0444492499698682
0.16350747165244	0.0486421723506342
1.46265753359042	0.48460907431551
0.674015164989584	0.213380808783075
0.158989511121608	0.0298299152293259
2.11692464856437	0.944608977413808
1.83536533888649	0.717440027680737
-0.342107054910445	0.0979510037894855
0.674624067917918	0.213658555919133
-0.218086982244107	0.0702671839866222
1.83633740824933	0.718096082890721
1.0418455851348	0.393863567086238
-0.215815148052618	0.0695090074287807
1.46789226342383	0.486336319771629
0.678327026073525	0.214743904761834
1.82719449155949	0.713494970764503
0.955450516302873	0.253599562429476
1.95879552552655	0.437985228139192
0.956455214607419	0.253949648163622
1.46308301616168	0.484563679444736
2.7590679263751	0.76692961097815
-0.518386429636852	0.195700313035901
0.956021254579335	0.253830462538477
0.17351044503084	0.0436385160120603
0.955450516302873	0.253599562429476
1.83223894779093	0.716336716062103
0.67498185747701	0.213690207850534
0.960305402281055	0.254935680101795
0.17351044503084	0.0436385160120603
1.06579457323925	0.514454684207409
1.04399882604875	0.394410469117869
-3.07707720857862	0.956361112132394
0.675232747867266	0.213789953820415
3.64204563210395	1.43174087144813
0.158426007238141	0.0472279903538101
-0.625630686390319	0.152156798395567
1.95793128711136	0.437766051086387
1.83162438273742	0.716000775412828
1.83223894779093	0.716336716062103
3.26938718630885	1.12163262119223
1.04272737841263	0.394268038065867
1.46166504880046	0.484245680586438
0.158989511121608	0.0298299152293259
0.454350851177632	0.18250086521035
-0.593426704726422	0.283618529259583
0.159883078324846	0.0540274622304558
1.06928903307608	0.516876096390373
1.82710265989491	0.713711178135864
0.155071704033499	0.0672485517972294
0.827624029735347	0.347817645508971
0.173940988172143	0.0437550114519682
1.46166504880046	0.484245680586438
3.6399901361893	1.43067029650081
0.673656731319726	0.21327169490293
0.956021254579335	0.253830462538477
1.04033415471618	0.393059276990575
0.536145192793524	0.192183675780863
1.0433448222306	0.394400438672122
1.46789226342383	0.486336319771629
-1.12937501458112	0.339964434622374
0.168774858509076	0.0425819447497206
-2.57472877667238	0.65760345889815
-2.57447078703937	0.657780381714024
2.75805496536761	0.766752929661107
1.95793128711136	0.437766051086387
3.26732978575294	1.1211772426211
1.96141436018454	0.438711417164155
-4.00243287233861	1.72656513084757
0.165622192143609	0.0492275837346074
-1.12881513859764	0.339906487322227
-0.620326325745573	0.150885642821786
-1.7975657981284	0.379599665892429
0.525378140173977	0.188039309051153
0.44877431656192	0.179961890266177
0.453093480981549	0.181948913825526
-2.57821111666453	0.659475059970799
4.17847139446736	2.00361183825127
0.674624067917918	0.213658555919133
0.950720958067184	0.252420162622268
2.35472473667329	1.17325911838892
1.45553280775885	0.48172823735576
-3.75779539313074	1.48038803127513
-0.336952847519868	0.096512855057735
0.956455214607419	0.253949648163622
1.46209127003869	0.484377128190959
2.12087192734391	0.947138368475404
1.45553280775885	0.48172823735576
1.53517478731255	1.32044040263021
0.156194652005494	0.0528469788655222
0.175496922320134	0.0440701137079318
2.90760477625905	1.96233864198817
0.164738242561747	0.0490009495728858
-1.27459520685323	0.572338440342121
0.17738312662749	0.0444846964186047
0.160747275176117	0.0543190407499541
0.165007048838445	0.0490553112296366
0.158426007238141	0.0472279903538101
1.04122776355439	0.393435934346114
-1.02418643534812	0.404584238258454
-0.0562353509326463	0.0244719458742938
0.152453062620175	0.0516328700929256
-0.053415609434012	0.0232706385403053
0.157007711765635	0.053125881526133
-0.208734961364574	0.0673140088709551
-1.16353801085627	0.651564417439985
0.405511143385924	0.183658000658056
1.27527444013123	0.701986201756967
0.158630874356642	0.053642970835874
0.675591354383564	0.213968352567141
-1.12892473218138	0.339990619204617
0.531358567637365	0.190353154457246
0.676200627845659	0.214099921395796
0.157971563808893	0.0296806747786729
-1.02279263404674	0.40371590748429
0.669117736352227	0.211726956826849
0.162171049505848	0.0303007576998756
-1.79763019308962	0.379603777700996
1.95793128711136	0.437766051086387
3.27025913837768	1.12233669524588
1.95793128711136	0.437766051086387
1.46209127003869	0.484377128190959
0.15823182603157	0.0297179405544109
-2.57421277656498	0.657506382974291
-0.216409245079586	0.0696890647462961
-0.517264023236703	0.195228260106643
-0.337924641037297	0.0968088152153293
1.83572003024131	0.717758246473073
1.33232181501832	0.581040506436256
-0.719585944508868	0.245867637672296
3.26835783601252	1.12163011968705
0.613267421610801	0.322120031481796
1.57404767215904	0.780807377405224
0.447719113317435	0.179573027507233
0.442746084081858	0.177485883285209
-0.213543270792488	0.0687986075063655
-1.12781381973937	0.339579374120096
0.157568112712888	0.0533067915180714
2.56175148535099	1.41796411150441
0.153801108434438	0.0666852820754741
0.396764932233195	0.179181697157771
1.06487707450391	0.514247497698855
-0.149633082955929	0.0534956551943828
-1.50634046210702	0.533909618105069
0.158426007238141	0.0472279903538101
1.03791471976137	0.392024637204806
1.3366322141597	0.58354097730275
0.159251072645633	0.0298673857617753
0.174370024960364	0.0438183729016174
0.824451710034132	0.346189076295124
-0.521658376564381	0.197103710433116
0.405560920316871	0.183759440644604
-0.520409690032529	0.196570138845147
0.532438411561851	0.190754397880712
1.83009713438939	0.715173729277155
-0.391710846289378	0.162959857875505
2.76095211479574	0.768066673537379
-0.51848078257601	0.195849342036414
-0.766733199789823	0.33273995230155
-0.514942080348705	0.194323588932325
-1.50982433145335	0.535480148233091
1.46498308680977	0.485505347800691
-1.12881513859764	0.339906487322227
0.530513916151344	0.190000096866768
0.699914980996319	0.328077836741601
0.159304296973707	0.0474668185471716
0.825015074546066	0.346341809907615
1.83259355517544	0.716473450995655
1.83126911611682	0.715624907230154
0.675591354383564	0.213968352567141
0.677105074382106	0.214332831776124
0.159304296973707	0.0474668185471716
-0.336952847519868	0.096512855057735
3.93099037724845	1.71835261446828
0.162171049505848	0.0303007576998756
3.26732978575294	1.1211772426211
1.46265753359042	0.48460907431551
-1.12725353624624	0.339405023147411
2.76197196120423	0.768541369225187
0.956021254579335	0.253830462538477
3.27025913837768	1.12233669524588
1.95793128711136	0.437766051086387
1.32670292523954	0.578086333025382
2.75805496536761	0.766752929661107
0.677105074382106	0.214332831776124
-0.336952847519868	0.096512855057735
0.960305402281055	0.254935680101795
0.904180774341738	0.488194148813685
1.33065013736382	0.580048564914345
0.158457848970258	0.0606955756494984
0.16190498991222	0.0302625824147867
0.955017933589342	0.253480850166851
0.169762747888229	0.0427831084845497
1.04272737841263	0.394268038065867
0.14975829663456	0.0573602319285313
1.82816209415628	0.714241631039221
-0.718081625995024	0.245384533690959
-0.9781196387184	0.482965222562379
0.956021254579335	0.253830462538477
-0.142507623970632	0.0509830514288717
-0.720796252257125	0.246324871355909
0.677105074382106	0.214332831776124
0.674624067917918	0.213658555919133
0.670430931165646	0.212216518896251
-0.142747701481568	0.0510783991590262
-0.216657809109618	0.0697687117469907
1.95879552552655	0.437985228139192
0.678685727410979	0.214982042405379
0.529323457472478	0.189545567502798
0.826816090554278	0.347389878556976
0.820788708717359	0.34438504769634
-1.48151765035165	0.746422651543402
0.154259314455831	0.0291924198815566
0.831620070236954	0.349690062054934
0.534955479672592	0.191660301050033
0.392308962365972	0.177082880181476
-1.51396898226758	0.537314617740072
1.46209127003869	0.484377128190959
1.57746265819892	0.78295039641865
-0.215815148052618	0.0695090074287807
0.172643132163515	0.0434132410698589
-0.156499670275822	0.0558896883385912
0.817616522741687	0.34285529214041
2.12149136184524	0.947562188308172
3.64405193165419	1.43312407887711
-0.334465167213362	0.0958562903993202
0.528236092469745	0.189119596677675
2.12413280944412	0.948811543038798
2.11754480680452	0.94503257477152
1.04691208503382	0.395789758105508
0.90831632813809	0.491403314731268
-0.141458683087843	0.0506000765513335
0.155205580878186	0.0525315583518307
1.0433448222306	0.394400438672122
1.04122776355439	0.393435934346114
1.0444887245408	0.394848386181826
-0.213293977179729	0.0687362131681472
0.173378039987466	0.0436162262322836
-2.57447078703937	0.657780381714024
0.159251072645633	0.0298673857617753
1.96141436018454	0.438711417164155
1.95879552552655	0.437985228139192
0.956021254579335	0.253830462538477
0.956455214607419	0.253949648163622
-3.07750490916701	0.956880231933195
-0.620326325745573	0.150885642821786
0.158989511121608	0.0298299152293259
0.16323818852145	0.0485873708307168
0.452847485692409	0.1817965084268
0.53471313464826	0.191636123836102
-3.75718934185265	1.48017499214909
3.26835783601252	1.12163011968705
1.82948417010899	0.714838990299682
0.15346109818982	0.0519469378074066
0.530519377174053	0.189974136950743
0.53471313464826	0.191636123836102
0.822267625819136	0.345061712364334
-0.0936973003438628	0.0372243353271805
0.154356688151962	0.059132000415533
0.149180842462169	0.0571985256612232
-3.45116795416625	1.22074097588692
-0.763186677226542	0.331039800418733
0.532196819047093	0.190683131950839
0.675948496687313	0.213928974911644
0.165622192143609	0.0492275837346074
1.33124867503934	0.580623928642544
0.678685727410979	0.214982042405379
1.33773091839775	0.583742154252646
0.531004542224133	0.190160354232034
0.145886829054601	0.0559355092988888
-0.976881419640825	0.483030325152663
1.45652080007828	0.482281887456809
0.443798008150689	0.177893834432714
-2.28165009862854	1.14988228014202
-0.391794354863502	0.163187601027247
-1.02418643534812	0.404584238258454
1.83223894779093	0.716336716062103
-1.12881513859764	0.339906487322227
-1.12837428626612	0.339637586745731
0.165353233252732	0.0491580922731075
0.166279076961167	0.0494077549790747
1.4604038372023	0.483769829709272
1.07248484375352	0.518617409977682
-0.661812782615245	0.461745772113794
-0.342463785834028	0.0980578484034576
-0.617055950695462	0.150241664375452
1.0418455851348	0.393863567086238
0.157568112712888	0.0533067915180714
2.75704467106166	0.766025498669684
0.152060146321035	0.0514888060008141
-1.12825544522804	0.339732258677114
0.162171049505848	0.0303007576998756
-0.33816613121491	0.0968120886418528
0.173940988172143	0.0437550114519682
0.527404119121822	0.188820766466342
0.677716162542668	0.214611870267994
0.170331293505475	0.0429093144237285
2.7590679263751	0.76692961097815
2.76095211479574	0.768066673537379
-1.13238809108681	0.341172314702962
1.46265753359042	0.48460907431551
0.957025852492456	0.254006696314478
0.52514060296115	0.187936804496971
0.960305402281055	0.254935680101795
0.959865181244613	0.254814612498812
0.151889703183871	0.0514338266751557
3.27025913837768	1.12233669524588
0.521993434713534	0.186738203755917
1.04752875622395	0.396218430849903
-1.97468491395359	1.37266362496314
1.46067242606004	0.483688692701864
0.67498185747701	0.213690207850534
-1.51042707521765	0.53568486067596
1.04603323538674	0.395528149844171
1.33208469099746	0.58115584608196
1.33603551913475	0.58343053611899
0.790387571795551	0.474480094240947
1.57267628537105	0.779552578066682
4.17340595642908	1.99906710787781
0.527404119121822	0.188820766466342
0.531600808944957	0.190452833446827
0.675591354383564	0.213968352567141
0.164122988767051	0.0488286730136595
1.46166504880046	0.484245680586438
3.26835783601252	1.12163011968705
1.06214611876241	0.512522872891445
0.17294827606403	0.0435260072159332
0.531600808944957	0.190452833446827
1.45957005745618	0.911601534425256
0.165007048838445	0.0490553112296366
-0.510638022815261	0.192534807207919
0.674624067917918	0.213658555919133
-1.12837428626612	0.339637586745731
-0.337559379634888	0.0966770330278957
1.27936142180978	0.705568429759058
0.956021254579335	0.253830462538477
-1.81139863683783	0.733838743939283
0.173940988172143	0.0437550114519682
-1.12825544522804	0.339732258677114
0.149173995582458	0.0505642485186703
-0.765393886375822	0.332069371790106
-1.12548386699252	0.338727340170484
0.164738242561747	0.0490009495728858
1.04969895669497	0.397129939971893
0.827062362966711	0.347535018691045
0.535550464072287	0.191953357336806
0.174933567082256	0.0439573605408891
0.161557524205252	0.0545946857697164
1.04272737841263	0.394268038065867
-0.212700860727539	0.0685566980358174
-0.767548516176215	0.333001950403129
-0.711087963718442	0.24267095162066
-3.07793266340176	0.957013587093989
1.46166504880046	0.484245680586438
0.955450516302873	0.253599562429476
0.174933567082256	0.0439573605408891
2.7590679263751	0.76692961097815
-0.221443869104186	0.0712956025102242
1.82816209415628	0.714241631039221
0.959865181244613	0.254814612498812
0.959294652844364	0.254663957360155
1.96141436018454	0.438711417164155
2.12413280944412	0.948811543038798
0.956021254579335	0.253830462538477
-1.79763019308962	0.379603777700996
-2.57847696185857	0.659529736545688
0.15823182603157	0.0297179405544109
-1.81889213386485	0.738000902901671
0.168047617405793	0.0498928161895134
-0.337924641037297	0.0968088152153293
0.676200627845659	0.214099921395796
-0.724381910046542	0.247676943012395
-1.12937501458112	0.339964434622374
-0.619895187822925	0.150839789138775
1.82816209415628	0.714241631039221
0.165622192143609	0.0492275837346074
0.678685727410979	0.214982042405379
2.35891051657504	1.17683670292217
0.159251072645633	0.0298673857617753
0.452569065982633	0.181732592483672
0.527404119121822	0.188820766466342
1.06161900566902	0.512051648172656
1.0703619717886	0.517515132381691
-2.07121964727456	0.940607959344417
0.533034126671957	0.190984669183042
-1.50452462334422	0.532972119637479
0.530762262945688	0.190122868111177
0.163853552605343	0.0487595972376143
-0.216409245079586	0.0696890647462961
0.670081697347895	0.212111377241056
1.06374056183187	0.513458343398046
2.75805496536761	0.766752929661107
-0.716259781908703	0.244657557065158
-0.517825107309169	0.195474359908123
1.07334973872896	0.519110875769603
0.398414725600481	0.180059746605272
1.07722066575495	0.521528327496523
0.679297187320958	0.21511425797511
0.162601039894696	0.048342621442819
-0.398021917591555	0.165793558859363
-0.206190875376174	0.0664987439694928
0.448801914188458	0.180022361022821
0.151551849507361	0.0580445602818356
0.678685727410979	0.214982042405379
1.57786486402325	0.782837253133649
3.26732978575294	1.1211772426211
-0.620903335937371	0.151058535991718
2.12149136184524	0.947562188308172
0.526808022811829	0.188639363777938
2.75704467106166	0.766025498669684
-0.33507409718716	0.0959919997809414
0.152060146321035	0.0514888060008141
1.95793128711136	0.437766051086387
1.83162438273742	0.716000775412828
2.75805496536761	0.766752929661107
0.173940988172143	0.0437550114519682
3.27129205644114	1.12317050813274
0.168774858509076	0.0425819447497206
-0.715646834778114	0.244453295526364
0.15823182603157	0.0297179405544109
3.27129205644114	1.12317050813274
0.675591354383564	0.213968352567141
0.166549099291362	0.0494747307612768
1.0671250794186	0.51532777476737
1.04510594650726	0.394980612745183
1.03878889357161	0.392361575468581
1.83162438273742	0.716000775412828
2.11692464856437	0.944608977413808
1.08757225508421	0.670052387651328
2.74299308358641	1.67500466204464
0.172643132163515	0.0434132410698589
-2.07121964727456	0.940607959344417
0.169276668042905	0.0502222390274525
0.176818183184722	0.0443715906559113
-1.12669343566207	0.339109154533815
0.175496922320134	0.0440701137079318
0.158630874356642	0.053642970835874
1.04638771946291	0.395714063580135
-0.336952847519868	0.096512855057735
1.82912964257087	0.714770179842855
-0.60491192937513	0.290190935381882
0.539508988949491	0.193360729428661
0.150740222782873	0.0577273386353291
0.446509788849754	0.179154127101327
-1.51336055363438	0.537061579976289
2.7590679263751	0.76692961097815
-0.334830546749113	0.0959542136262779
0.52764029394331	0.188938300410242
-0.305236427335287	0.140232050181682
-1.51396898226758	0.537314617740072
-0.717804035722151	0.245206559878684
0.168774858509076	0.0425819447497206
1.27936142180978	0.705568429759058
1.33065013736382	0.580048564914345
-1.51042707521765	0.53568486067596
-1.51494510157249	0.537750180976637
0.174933567082256	0.0439573605408891
-1.81200943037821	0.734241478143734
0.162076211336348	0.0482055172019256
2.7590679263751	0.76692961097815
0.674624067917918	0.213658555919133
0.15823182603157	0.0297179405544109
2.75805496536761	0.766752929661107
2.75704467106166	0.766025498669684
0.959865181244613	0.254814612498812
-1.12669343566207	0.339109154533815
-1.51042707521765	0.53568486067596
0.159251072645633	0.0298673857617753
3.64405193165419	1.43312407887711
1.46789226342383	0.486336319771629
-0.619895187822925	0.150839789138775
-1.51085846681806	0.535971215302245
-0.145472337378192	0.0520149972990822
-0.620473624670499	0.150917804175241
0.162171049505848	0.0303007576998756
-0.388408062610022	0.161550493058169
2.11842867036876	0.945672460079198
1.11888565509502	0.857148286089742
0.160797462943699	0.0478523577190902
2.11603993430788	0.943725070554481
0.675948496687313	0.213928974911644
0.675232747867266	0.213789953820415
3.0553149089662	2.27902000949652
0.143447846985197	0.0486770124943714
0.151873414100974	0.0581755081573951
-0.337924641037297	0.0968088152153293
2.12237275162321	0.948156957082224
0.153267904345544	0.0519012670754554
0.828676365455995	0.348216635594115
-1.4866453190493	0.749741297142212
1.95879552552655	0.437985228139192
1.46166504880046	0.484245680586438
2.12149136184524	0.947562188308172
-0.335438661955823	0.0961186879895653
2.11915799960821	0.945281237652302
0.531115719234218	0.190139072437444
-0.719307886400812	0.245829792820617
-0.476674633705008	0.249613653620808
-0.334465167213362	0.0958562903993202
0.535308159768992	0.19186644934071
-0.617055950695462	0.150241664375452
0.67498185747701	0.213690207850534
0.17294827606403	0.0435260072159332
0.159042375477486	0.0473891494040675
-0.388235771047624	0.161378932704354
1.46498308680977	0.485505347800691
-1.7975657981284	0.379599665892429
0.956455214607419	0.253949648163622
-2.07062872074145	0.940243383198465
0.173940988172143	0.0437550114519682
-1.79763019308962	0.379603777700996
2.75805496536761	0.766752929661107
0.176818183184722	0.0443715906559113
0.670430931165646	0.212216518896251
2.75805496536761	0.766752929661107
1.95879552552655	0.437985228139192
-1.7975657981284	0.379599665892429
-2.57421277656498	0.657506382974291
0.956021254579335	0.253830462538477
-0.620903335937371	0.151058535991718
1.95793128711136	0.437766051086387
1.33603551913475	0.58343053611899
1.83162438273742	0.716000775412828
0.158630874356642	0.053642970835874
0.16323818852145	0.0485873708307168
0.828185454384309	0.347969212421182
4.17525305412324	2.00082473978421
1.57561119411556	0.781990254778656
2.11869185323705	0.945764565994132
-1.13295352450292	0.341266245931736
0.826816090554278	0.347389878556976
1.46166504880046	0.484245680586438
2.36121094029696	1.17903949937985
1.04665020030324	0.395956904990197
-0.620473624670499	0.150917804175241
2.90680904000309	1.96110301856221
0.440335157323605	0.176413387249312
1.34059061290131	0.585523081425484
-0.596833166851532	0.285620487906472
-0.0996465615816477	0.0395105472774225
-0.0458812917153289	0.0200961882608605
-1.21491305910401	0.916526501389234
0.954564259091026	0.253482299647149
-0.147337064662608	0.0526377645979623
0.816809459654462	0.342338612302413
-0.606370845550251	0.291174635770702
-0.716259781908703	0.244657557065158
-0.388894864966052	0.161759502133941
-0.767548516176215	0.333001950403129
0.956455214607419	0.253949648163622
0.168774858509076	0.0425819447497206
-1.51042707521765	0.53568486067596
-0.336952847519868	0.096512855057735
0.164122988767051	0.0488286730136595
2.11842867036876	0.945672460079198
1.46109938210879	0.484014060767982
0.956455214607419	0.253949648163622
0.674624067917918	0.213658555919133
0.951724523631597	0.252769110062367
-1.13238809108681	0.341172314702962
0.670081697347895	0.212111377241056
0.157971563808893	0.0296806747786729
0.154259314455831	0.0291924198815566
1.95879552552655	0.437985228139192
0.158989511121608	0.0298299152293259
0.157971563808893	0.0296806747786729
-0.624183598429151	0.151840837481169
1.95793128711136	0.437766051086387
3.64101793434512	1.43134239135362
0.675232747867266	0.213789953820415
1.95879552552655	0.437985228139192
1.95879552552655	0.437985228139192
1.83259355517544	0.716473450995655
3.26835783601252	1.12163011968705
0.955017933589342	0.253480850166851
-1.79763019308962	0.379603777700996
-0.62133920787282	0.151240698635141
0.173940988172143	0.0437550114519682
1.33124867503934	0.580623928642544
-1.12881513859764	0.339906487322227
-0.333856458330646	0.0956917261764247
-1.12492122665638	0.338668219085241
-0.339136742629042	0.0971078731889835
1.46498308680977	0.485505347800691
1.04360842637382	0.394608583742794
0.151061641523147	0.0578640062767647
0.159042375477486	0.0473891494040675
-0.337924641037297	0.0968088152153293
0.955450516302873	0.253599562429476
-0.723225679429377	0.247243051260999
1.04272737841263	0.394268038065867
0.16323818852145	0.0485873708307168
-1.0213509823134	0.403162852904808
1.3366322141597	0.58354097730275
0.150249356563049	0.0575466478816129
1.28504161160048	0.70979794015282
0.169762747888229	0.0427831084845497
-0.517825107309169	0.195474359908123
0.163853552605343	0.0487595972376143
-0.528810566940987	0.199985225765841
1.33124867503934	0.580623928642544
-0.71869462645605	0.245625159522256
-0.340107395831878	0.0973408882698726
-0.393017455051046	0.163508285723509
-1.50982433145335	0.535480148233091
2.12087192734391	0.947138368475404
-0.720199314130701	0.246072307343885
0.677716162542668	0.214611870267994
-0.977364241307212	0.483389097350559
-1.81262047956212	0.734554727038592
-1.50861948725752	0.534748868530857
1.95879552552655	0.437985228139192
1.46166504880046	0.484245680586438
1.57722144544452	0.783207973163534
-3.75288411079685	1.47718399320021
-1.7975657981284	0.379599665892429
-1.12781381973937	0.339579374120096
0.173378039987466	0.0436162262322836
-0.619895187822925	0.150839789138775
1.46430844541459	0.484991797651643
0.956455214607419	0.253949648163622
1.95879552552655	0.437985228139192
2.76095211479574	0.768066673537379
0.955017933589342	0.253480850166851
0.678685727410979	0.214982042405379
-1.13238809108681	0.341172314702962
-2.57421277656498	0.657506382974291
2.75805496536761	0.766752929661107
-1.7975657981284	0.379599665892429
1.95879552552655	0.437985228139192
-2.57447078703937	0.657780381714024
-0.338530582329419	0.0969729638077002
0.951724523631597	0.252769110062367
0.674624067917918	0.213658555919133
1.0444887245408	0.394848386181826
2.11931178949686	0.946188348024025
-0.339136742629042	0.0971078731889835
1.82719449155949	0.713494970764503
1.46455689811314	0.485225385720349
2.35723904585872	1.17582872753309
1.78794929656227	0.999088707441885
0.448524252970948	0.179929065158735
0.529922778294509	0.18974393081766
1.82948417010899	0.714838990299682
0.176818183184722	0.0443715906559113
0.90831632813809	0.491403314731268
-1.50056877080637	0.760201348106475
-1.02418643534812	0.404584238258454
-0.343432234206214	0.0982903961052269
0.173378039987466	0.0436162262322836
3.27129205644114	1.12317050813274
0.158426007238141	0.0472279903538101
-1.5094475769206	0.535248673690833
-0.334222652007209	0.0957594598898438
-1.12949217626836	0.340258306499887
0.679655237519559	0.215244174521264
0.157971563808893	0.0296806747786729
0.674624067917918	0.213658555919133
0.533034126671957	0.190984669183042
0.155205580878186	0.0525315583518307
1.46209127003869	0.484377128190959
-1.50884424560785	0.535043767502043
0.162171049505848	0.0303007576998756
1.04488949167403	0.395085051250541
-0.21413668209253	0.0689782373236906
1.4655515469736	0.485738470948645
1.46597699067366	0.485748477491111
0.951724523631597	0.252769110062367
-1.79763019308962	0.379603777700996
0.678685727410979	0.214982042405379
2.76197196120423	0.768541369225187
-0.336952847519868	0.096512855057735
1.46265753359042	0.48460907431551
1.96141436018454	0.438711417164155
2.76197196120423	0.768541369225187
0.154259314455831	0.0291924198815566
1.83259355517544	0.716473450995655
1.95793128711136	0.437766051086387
1.07195961454264	0.518497681350102
3.26732978575294	1.1211772426211
0.956455214607419	0.253949648163622
0.397820961913808	0.179978549115779
1.03791471976137	0.392024637204806
1.95879552552655	0.437985228139192
-2.57447078703937	0.657780381714024
0.956021254579335	0.253830462538477
0.149982636103429	0.0508231515257977
-0.337924641037297	0.0968088152153293
-3.08203891306948	0.959069086853276
1.46109938210879	0.484014060767982
-0.620326325745573	0.150885642821786
0.16190498991222	0.0302625824147867
-3.45228414088993	1.22181665198441
1.46209127003869	0.484377128190959
0.525378140173977	0.188039309051153
0.166894126545373	0.0495801423286346
0.440611776923807	0.176426234294345
1.46888833949966	0.486728891803906
0.678685727410979	0.214982042405379
-0.338291342092883	0.0968475173314605
1.33376743097129	0.581693904895938
0.67498185747701	0.213690207850534
0.675232747867266	0.213789953820415
1.04577073722875	0.395582052714565
1.3374657462467	0.583961413896269
2.56550634810569	1.42179042251005
-0.00833192516627287	0.00408395989112469
0.693166920969631	0.324053171578751
-0.212700860727539	0.0685566980358174
0.15471304630173	0.0461341522907093
0.672009433869294	0.212657302786874
2.12394240921657	0.94837113679342
-1.50573496603534	0.533703959061235
-0.337924641037297	0.0968088152153293
0.15823182603157	0.0297179405544109
0.159251072645633	0.0298673857617753
-0.140651233873569	0.0503664645110337
0.44327215414316	0.17771447008811
3.26835783601252	1.12163011968705
-2.07571204510767	0.943327158757816
0.956021254579335	0.253830462538477
0.166260955203852	0.0493457353508282
0.676200627845659	0.214099921395796
-0.767258704524236	0.332989408243179
1.06956203261337	0.516936934630967
0.3708218679484	0.188025140478336
0.829236925917971	0.348498849117085
3.27528390840561	1.12443907352294
0.148364367533412	0.0502983007600852
-1.12781381973937	0.339579374120096
0.162338925211519	0.0482955049730846
2.12720182156894	0.950385851519101
-0.342718944466085	0.0980961923569006
1.95793128711136	0.437766051086387
1.95793128711136	0.437766051086387
1.95793128711136	0.437766051086387
1.46109938210879	0.484014060767982
-2.58224585205989	0.661106815487816
0.675591354383564	0.213968352567141
-0.724724871482414	0.247820170566985
-1.50982433145335	0.535480148233091
-1.79763019308962	0.379603777700996
-3.07793266340176	0.957013587093989
0.167786821496111	0.0423548811213711
-1.12881513859764	0.339906487322227
0.959865181244613	0.254814612498812
-1.13698868821346	0.342607629634493
0.162171049505848	0.0303007576998756
0.822450638269115	0.345345024290892
0.531358567637365	0.190353154457246
0.168354166613062	0.0424807140134561
0.534470172870219	0.191495164180491
-0.717804035722151	0.245206559878684
0.17351044503084	0.0436385160120603
0.693166920969631	0.324053171578751
0.674624067917918	0.213658555919133
0.673526469252074	0.213227712607827
0.165353233252732	0.0491580922731075
0.830240426965074	0.348995445837094
0.530762262945688	0.190122868111177
1.57561119411556	0.781990254778656
0.158989511121608	0.0298299152293259
0.527404119121822	0.188820766466342
0.161736914950373	0.0481441679802126
-0.527132195003942	0.199301834615359
-0.335438661955823	0.0961186879895653
1.32591630688005	0.577556122882159
-0.312326857074806	0.186227271453549
1.0418455851348	0.393863567086238
-0.393091467495034	0.163750598389289
0.956021254579335	0.253830462538477
0.536739666042799	0.192347830350542
-0.343686146411719	0.0983921171207581
-1.27376859523398	0.572115256020773
0.176818183184722	0.0443715906559113
-1.12725353624624	0.339405023147411
0.673656731319726	0.21327169490293
0.956021254579335	0.253830462538477
1.05057733179946	0.397426127671897
0.529323457472478	0.189545567502798
1.82719449155949	0.713494970764503
0.822450638269115	0.345345024290892
-0.722611557468775	0.247018823049159
-0.100925988091692	0.0400195774244027
1.46265753359042	0.48460907431551
0.827869862391494	0.347914518409003
0.53471313464826	0.191636123836102
2.12237275162321	0.948156957082224
1.95793128711136	0.437766051086387
-1.12492122665638	0.338668219085241
0.176253051776925	0.0442319878724308
0.674143348272808	0.213431626689393
3.26835783601252	1.12163011968705
3.64405193165419	1.43312407887711
0.17294827606403	0.0435260072159332
0.956021254579335	0.253830462538477
0.959865181244613	0.254814612498812
0.154643798015002	0.0523504544120162
3.64611189084925	1.43374127140597
1.95879552552655	0.437985228139192
2.76095211479574	0.768066673537379
1.45750864016971	0.482642955020513
3.64101793434512	1.43134239135362
-1.7975657981284	0.379599665892429
1.82591904147454	0.712754914462155
0.159251072645633	0.0298673857617753
0.162171049505848	0.0303007576998756
1.95879552552655	0.437985228139192
0.157971563808893	0.0296806747786729
3.64204563210395	1.43174087144813
-0.526288183222254	0.198961762933999
0.164122988767051	0.0488286730136595
-0.620903335937371	0.151058535991718
0.17294827606403	0.0435260072159332
0.821612971150663	0.344902213197152
1.9603236932673	1.22199994640037
1.57485259290007	0.781252339630502
0.17294827606403	0.0435260072159332
0.162352652580513	0.0483303505238246
-0.148585144209234	0.0531300006524212
-2.07036415878263	0.940048810523718
-2.47127579562868	1.37412610584272
-0.214973425440132	0.0692286309045475
-0.982457998795794	0.486283958666987
-0.397206118004299	0.165500382515154
0.818179749289425	0.34304118495458
1.04577073722875	0.395582052714565
0.147302354674463	0.0499394029670841
0.956021254579335	0.253830462538477
0.176253051776925	0.0442319878724308
-0.141414888169625	0.0506240183742795
-0.334465167213362	0.0958562903993202
0.531600808944957	0.190452833446827
0.533279274552294	0.190972193500466
0.143447846985197	0.0486770124943714
-1.02790181469622	0.406358338825706
0.529085877935862	0.189451159381061
3.6399901361893	1.43067029650081
1.97007579538527	1.23312102750915
-1.02705786938286	0.40580993889249
0.529323457472478	0.189545567502798
3.26732978575294	1.1211772426211
0.827624029735347	0.347817645508971
1.3329197605053	0.581616348611346
0.176253051776925	0.0442319878724308
0.827624029735347	0.347817645508971
0.16323818852145	0.0485873708307168
0.824451710034132	0.346189076295124
1.06792550004102	0.515823496339435
-1.50694617487396	0.533975869850246
-0.625191995446008	0.152059991852936
1.46455689811314	0.485225385720349
0.963167670198133	0.255599708567411
0.956455214607419	0.253949648163622
0.177812920485068	0.0445891130396879
0.174503749901052	0.0438676710334476
1.95793128711136	0.437766051086387
1.95879552552655	0.437985228139192
0.959294652844364	0.254663957360155
0.956455214607419	0.253949648163622
0.158202431453599	0.0297753629586498
0.676200627845659	0.214099921395796
1.04272737841263	0.394268038065867
-1.51336055363438	0.537061579976289
1.84045765309502	0.719604717077623
0.533870485766569	0.191241233041242
1.95879552552655	0.437985228139192
2.7590679263751	0.76692961097815
1.46109938210879	0.484014060767982
0.159251072645633	0.0298673857617753
-0.621784192774111	0.151338791569665
1.46308301616168	0.484563679444736
0.154259314455831	0.0291924198815566
0.675232747867266	0.213789953820415
0.526211669677007	0.188366258201689
-2.57421277656498	0.657506382974291
0.16190498991222	0.0302625824147867
1.82851727583204	0.714435845516616
0.168662278675518	0.0500652630774407
-0.344042706429557	0.0984794926451442
0.533034126671957	0.190984669183042
0.158163268458023	0.0471349639719474
-0.720182828019212	0.246166050990353
1.83320872066104	0.716809839835328
0.530750780741859	0.19013343293214
1.77983958461778	0.991921136034635
-1.02220030668553	0.403399409057447
-0.621333103088639	0.151104040920032
0.532792572738207	0.190847845049574
-1.79763019308962	0.379603777700996
0.817859684062547	0.34292547743413
-0.768600903140109	0.333471229701577
2.35165254531939	1.1716944709268
-0.621333103088639	0.151104040920032
0.824451710034132	0.346189076295124
0.823888102049168	0.345906037374267
-1.03689826097007	0.41042984913235
0.171653101789031	0.0431973221484952
0.173940988172143	0.0437550114519682
1.45750864016971	0.482642955020513
0.159920372276999	0.0476279199969756
1.4655515469736	0.485738470948645
-0.978478000582102	0.483738603856561
1.32647053157539	0.57789155337535
0.160999613544311	0.0544142414691104
0.673526469252074	0.213227712607827
1.46166504880046	0.484245680586438
0.531004542224133	0.190160354232034
1.07195961454264	0.518497681350102
0.169762747888229	0.0427831084845497
0.956455214607419	0.253949648163622
0.532438411561851	0.190754397880712
0.176818183184722	0.0443715906559113
-0.718081625995024	0.245384533690959
-2.07121964727456	0.940607959344417
2.75704467106166	0.766025498669684
2.75805496536761	0.766752929661107
-1.02109432881299	0.402930914701451
1.95793128711136	0.437766051086387
-1.79763019308962	0.379603777700996
2.7590679263751	0.76692961097815
1.95879552552655	0.437985228139192
1.95793128711136	0.437766051086387
0.960305402281055	0.254935680101795
-1.79763019308962	0.379603777700996
0.171653101789031	0.0431973221484952
0.174933567082256	0.0439573605408891
1.46498308680977	0.485505347800691
0.16190498991222	0.0302625824147867
0.174933567082256	0.0439573605408891
-3.07793266340176	0.957013587093989
-1.12881513859764	0.339906487322227
0.956455214607419	0.253949648163622
-2.57447078703937	0.657780381714024
0.174503749901052	0.0438676710334476
1.95793128711136	0.437766051086387
-0.619895187822925	0.150839789138775
-1.50982433145335	0.535480148233091
-0.620903335937371	0.151058535991718
0.159251072645633	0.0298673857617753
3.93297854230234	1.72057752612902
1.06686894193237	0.514959325608844
-0.728941542325998	0.249426183402838
0.148861327445666	0.0504443931621673
0.534955479672592	0.191660301050033
-2.57421277656498	0.657506382974291
0.69383145169967	0.324529246573498
0.529922778294509	0.18974393081766
1.57300066070252	0.779753450272878
0.675591354383564	0.213968352567141
-1.12881513859764	0.339906487322227
-0.978665172643732	0.484005339376172
0.955017933589342	0.253480850166851
2.12482393991542	0.949177318529429
0.157972940065562	0.0605102309192581
-0.212452220411149	0.0684629276040467
1.2834646149247	0.709293220540479
1.77983958461778	0.991921136034635
1.78742359323788	0.99819212790008
1.09416409619837	0.675214271535251
1.06903480350602	0.516605281541135
0.16190498991222	0.0302625824147867
0.536386835238158	0.192220018139766
-0.216409245079586	0.0696890647462961
0.154392805413983	0.0522705690038812
0.154248662356709	0.0668357700615649
0.177812920485068	0.0445891130396879
2.35700222344558	1.17564373523042
0.453093480981549	0.181948913825526
2.11957433477146	0.946159869437877
1.06925254272032	0.516389780877567
1.46265753359042	0.48460907431551
2.36037500052639	1.17841315078791
0.530762262945688	0.190122868111177
-0.716578513626022	0.244664612220419
1.96291195157137	1.22495614181074
-0.338896474896558	0.0970421752101679
-1.79763019308962	0.379603777700996
-3.07750490916701	0.956880231933195
0.960305402281055	0.254935680101795
3.64710400400511	1.43385490736823
-0.723495739913315	0.247436366504984
0.17738312662749	0.0444846964186047
-3.08247559880565	0.958940682858076
0.955017933589342	0.253480850166851
0.950720958067184	0.252420162622268
-1.79763019308962	0.379603777700996
-1.7975657981284	0.379599665892429
-0.405744944993963	0.169396300214511
0.164122988767051	0.0488286730136595
-3.75718934185265	1.48017499214909
0.174503749901052	0.0438676710334476
-1.81799459045243	0.737492070536281
-1.7975657981284	0.379599665892429
1.04272737841263	0.394268038065867
0.173378039987466	0.0436162262322836
0.164738242561747	0.0490009495728858
-0.620326325745573	0.150885642821786
1.4604038372023	0.483769829709272
-1.13338534815793	0.341498686250824
-1.50824112923963	0.534752090600511
0.69824111539747	0.327181998415599
-1.02790181469622	0.406358338825706
4.18170057785173	2.00511479061407
-1.16475997280583	0.652055038681966
1.77950391586502	0.992441144266195
0.673048421642057	0.212994504688281
0.445461704797544	0.178650083700245
0.827624029735347	0.347817645508971
-0.34307485466429	0.0982470421897248
0.396306489651409	0.178953566977426
1.06552204179651	0.514193876521475
0.174503749901052	0.0438676710334476
0.674624067917918	0.213658555919133
-1.13238809108681	0.341172314702962
4.37895901560534	2.26938786840743
-0.340593087152544	0.0975352685660813
0.173378039987466	0.0436162262322836
0.15796546595019	0.0685584613876696
0.605149908539051	0.31727407231835
1.46209127003869	0.484377128190959
1.46209127003869	0.484377128190959
0.159251072645633	0.0298673857617753
0.173378039987466	0.0436162262322836
-1.8236756211136	0.740434568026192
1.33208469099746	0.58115584608196
-0.338530582329419	0.0969729638077002
-0.343432234206214	0.0982903961052269
0.155072032029604	0.0524599648740317
-0.21413668209253	0.0689782373236906
1.46166504880046	0.484245680586438
-0.21437062165384	0.0690921017805448
0.168774858509076	0.0425819447497206
0.157971563808893	0.0296806747786729
2.75805496536761	0.766752929661107
0.535550464072287	0.191953357336806
1.04272737841263	0.394268038065867
0.957025852492456	0.254006696314478
-0.339136742629042	0.0971078731889835
0.960305402281055	0.254935680101795
1.83009713438939	0.715173729277155
0.16934280349587	0.0427080042196444
0.158202431453599	0.0297753629586498
-0.143853906865524	0.0514402627084585
2.76197196120423	0.768541369225187
-1.50982433145335	0.535480148233091
1.95793128711136	0.437766051086387
-0.624623675797245	0.151937920429117
-0.620326325745573	0.150885642821786
0.15823182603157	0.0297179405544109
3.64204563210395	1.43174087144813
1.33999521271986	0.585413722027566
-0.336952847519868	0.096512855057735
1.57348274545762	0.780077891490519
-3.08203891306948	0.959069086853276
0.955450516302873	0.253599562429476
0.158426007238141	0.0472279903538101
1.82948417010899	0.714838990299682
3.26835783601252	1.12163011968705
0.158989511121608	0.0298299152293259
1.46265753359042	0.48460907431551
1.46209127003869	0.484377128190959
-1.12825544522804	0.339732258677114
-0.338530582329419	0.0969729638077002
3.27528390840561	1.12443907352294
-1.51396898226758	0.537314617740072
-0.517825107309169	0.195474359908123
3.26732978575294	1.1211772426211
1.95793128711136	0.437766051086387
-0.0516887475647681	0.0225437629251332
0.446663041595485	0.179042654148501
3.64508196443781	1.43367348655271
-0.334830546749113	0.0959542136262779
0.955450516302873	0.253599562429476
-0.21725219958623	0.0699489287533772
0.91117130925796	0.493466773194757
1.96141436018454	0.438711417164155
-1.12725353624624	0.339405023147411
-1.51494510157249	0.537750180976637
1.06983533628829	0.517183639033184
-0.718972834438042	0.245626954230634
1.28232747155402	0.707713466057249
0.157819787360587	0.0533909827533473
0.529067099824167	0.189373935970576
-0.222038342595648	0.0714812050319378
0.956455214607419	0.253949648163622
1.06526500110903	0.513922495202344
-3.08160228540496	0.95864568534502
0.823287580279974	0.345739910808307
1.33460347604402	0.582347430988149
-1.51042707521765	0.53568486067596
0.165353233252732	0.0491580922731075
0.172385921068679	0.0433875285709768
1.95879552552655	0.437985228139192
0.175496922320134	0.0440701137079318
-0.212700860727539	0.0685566980358174
4.17525305412324	2.00082473978421
1.83223894779093	0.716336716062103
-3.45172595803352	1.22146685013561
-1.50824112923963	0.534752090600511
1.0433448222306	0.394400438672122
3.64508196443781	1.43367348655271
-0.21151538456638	0.0681647526987886
0.82188945961011	0.344975872577652
0.157971563808893	0.0296806747786729
1.95793128711136	0.437766051086387
0.15823182603157	0.0297179405544109
1.04488949167403	0.395085051250541
1.95793128711136	0.437766051086387
0.159251072645633	0.0298673857617753
0.157971563808893	0.0296806747786729
0.159251072645633	0.0298673857617753
0.162171049505848	0.0303007576998756
0.158989511121608	0.0298299152293259
-2.57421277656498	0.657506382974291
-1.12781381973937	0.339579374120096
-0.765682827261857	0.332157438971102
-2.07036415878263	0.940048810523718
0.823642509432085	0.345787097083453
2.7590679263751	0.76692961097815
-1.13238809108681	0.341172314702962
-0.620903335937371	0.151058535991718
0.679042954927262	0.214964314584285
-0.71869462645605	0.245625159522256
0.171439356572218	0.0508022088393954
-0.719307886400812	0.245829792820617
0.174503749901052	0.0438676710334476
0.15823182603157	0.0297179405544109
1.46109938210879	0.484014060767982
-2.57472877667238	0.65760345889815
0.678685727410979	0.214982042405379
-0.337318918589577	0.0966140796949229
1.27496288218597	0.701642667176307
0.172385921068679	0.0433875285709768
2.75805496536761	0.766752929661107
0.952729371406254	0.252945498225285
-0.342107054910445	0.0979510037894855
0.963167670198133	0.255599708567411
0.675591354383564	0.213968352567141
0.674015164989584	0.213380808783075
0.674624067917918	0.213658555919133
-0.624183598429151	0.151840837481169
-1.12825544522804	0.339732258677114
-2.57447078703937	0.657780381714024
1.04752875622395	0.396218430849903
-0.61946410648704	0.150698865008898
1.83259355517544	0.716473450995655
-0.617055950695462	0.150241664375452
1.04908296441077	0.396700954123175
1.95793128711136	0.437766051086387
1.95879552552655	0.437985228139192
0.15823182603157	0.0297179405544109
0.960305402281055	0.254935680101795
3.26835783601252	1.12163011968705
3.27129205644114	1.12317050813274
-2.57421277656498	0.657506382974291
-2.57447078703937	0.657780381714024
2.75704467106166	0.766025498669684
2.75805496536761	0.766752929661107
0.162171049505848	0.0303007576998756
1.46166504880046	0.484245680586438
0.955017933589342	0.253480850166851
-0.620903335937371	0.151058535991718
-1.79763019308962	0.379603777700996
0.173378039987466	0.0436162262322836
0.675591354383564	0.213968352567141
-3.07793266340176	0.957013587093989
0.154259314455831	0.0291924198815566
1.95793128711136	0.437766051086387
0.679655237519559	0.215244174521264
0.950720958067184	0.252420162622268
0.604638650078547	0.316643151824013
0.515806703070333	0.184305623945393
0.173940988172143	0.0437550114519682
0.956021254579335	0.253830462538477
0.158426007238141	0.0472279903538101
1.95793128711136	0.437766051086387
3.27129205644114	1.12317050813274
-1.50922180218546	0.535188573690381
0.466356236381488	0.33988134220399
0.477174379007847	0.349598804236948
-0.212950112008515	0.0686100611095293
-0.620903335937371	0.151058535991718
-0.343432234206214	0.0982903961052269
-0.302333923982234	0.138875128958208
-0.63882403623092	0.377122798828904
1.09621862234487	0.676929675845545
-0.339136742629042	0.0971078731889835
-0.0873598696867603	0.0347499385199439
0.157546606671046	0.0469737944802553
2.11780862301852	0.945248734413775
-0.514942080348705	0.194323588932325
1.96141436018454	0.438711417164155
-0.625630686390319	0.152156798395567
1.46308301616168	0.484563679444736
3.27025913837768	1.12233669524588
0.957025852492456	0.254006696314478
1.95879552552655	0.437985228139192
-1.80127875869	0.380587746892248
1.33065013736382	0.580048564914345
-0.620903335937371	0.151058535991718
2.75805496536761	0.766752929661107
2.75805496536761	0.766752929661107
0.169762747888229	0.0427831084845497
2.75805496536761	0.766752929661107
0.158989511121608	0.0298299152293259
0.174503749901052	0.0438676710334476
0.679655237519559	0.215244174521264
3.63896224062815	1.42951913528691
1.95793128711136	0.437766051086387
0.15823182603157	0.0297179405544109
3.27129205644114	1.12317050813274
1.95793128711136	0.437766051086387
3.26732978575294	1.1211772426211
0.158989511121608	0.0298299152293259
0.674624067917918	0.213658555919133
0.158989511121608	0.0298299152293259
0.157971563808893	0.0296806747786729
-1.12949217626836	0.340258306499887
1.96141436018454	0.438711417164155
0.957025852492456	0.254006696314478
1.46654605141329	0.485981855384374
0.15823182603157	0.0297179405544109
-2.57447078703937	0.657780381714024
3.64508196443781	1.43367348655271
1.46265753359042	0.48460907431551
0.158989511121608	0.0298299152293259
1.83009713438939	0.715173729277155
1.95879552552655	0.437985228139192
0.958855818540361	0.254543321351908
-0.0948604807732728	0.0376299243744259
0.16934280349587	0.0427080042196444
0.163583337686415	0.0486596187400795
0.167217695902058	0.0894808522586856
1.26217777600142	1.07437057817632
-3.45172595803352	1.22146685013561
3.9371926868257	1.72364294570268
1.95879552552655	0.437985228139192
0.152705092212536	0.0517022070713414
-0.392607099730254	0.163535650618449
-0.225082362555623	0.112188765163057
-1.26807604637071	0.568749667754404
1.82755032422624	0.713907775987463
0.147185309904108	0.0564336485542795
0.956455214607419	0.253949648163622
0.167786821496111	0.0423548811213711
-0.339009514545445	0.0971276143948088
0.154259314455831	0.0291924198815566
1.95793128711136	0.437766051086387
1.95793128711136	0.437766051086387
-3.75718934185265	1.48017499214909
-1.79763019308962	0.379603777700996
-0.624623675797245	0.151937920429117
1.96141436018454	0.438711417164155
0.174933567082256	0.0439573605408891
1.82755032422624	0.713907775987463
-0.621333103088639	0.151104040920032
1.95793128711136	0.437766051086387
-3.07707720857862	0.956361112132394
1.96141436018454	0.438711417164155
-0.343432234206214	0.0982903961052269
0.159251072645633	0.0298673857617753
0.159251072645633	0.0298673857617753
2.75805496536761	0.766752929661107
2.12149136184524	0.947562188308172
-1.02194301820446	0.403479228390162
3.64101793434512	1.43134239135362
1.33603551913475	0.58343053611899
1.46067242606004	0.483688692701864
0.173940988172143	0.0437550114519682
0.956021254579335	0.253830462538477
1.33543856501865	0.58285380410182
0.533874851755615	0.191264906036687
0.170331293505475	0.0429093144237285
0.17294827606403	0.0435260072159332
0.956021254579335	0.253830462538477
1.95793128711136	0.437766051086387
-0.620326325745573	0.150885642821786
3.26732978575294	1.1211772426211
0.173940988172143	0.0437550114519682
0.157971563808893	0.0296806747786729
0.157971563808893	0.0296806747786729
2.7590679263751	0.76692961097815
1.95793128711136	0.437766051086387
-0.218330843122104	0.0703229401018074
-0.212452220411149	0.0684629276040467
0.158989511121608	0.0298299152293259
-0.212107996589827	0.0683682958385105
0.168662278675518	0.0500652630774407
-1.50824112923963	0.534752090600511
0.674624067917918	0.213658555919133
-1.12825544522804	0.339732258677114
0.157971563808893	0.0296806747786729
-0.717191145070403	0.244966202456728
0.674264818482823	0.213402910671394
-1.81352302981117	0.735065306555984
0.158989511121608	0.0298299152293259
0.173378039987466	0.0436162262322836
1.82948417010899	0.714838990299682
0.153016180557848	0.051821004050093
-3.08247559880565	0.958940682858076
0.674624067917918	0.213658555919133
0.449630843335617	0.18036536102035
3.27232628525746	1.12331698634376
1.95793128711136	0.437766051086387
0.173940988172143	0.0437550114519682
0.682410767649726	0.216016306234615
2.12263439025233	0.948179078254044
0.174503749901052	0.0438676710334476
1.07011932889382	0.517453729870591
0.154192255174172	0.0590704178770629
0.16190498991222	0.0302625824147867
-1.02279263404674	0.40371590748429
0.159251072645633	0.0298673857617753
1.95879552552655	0.437985228139192
1.04726688944174	0.396088731238016
0.955450516302873	0.253599562429476
-0.339136742629042	0.0971078731889835
1.82851727583204	0.714435845516616
0.679297187320958	0.21511425797511
1.46166504880046	0.484245680586438
1.0418455851348	0.393863567086238
0.531600808944957	0.190452833446827
0.521993434713534	0.186738203755917
0.1568747277724	0.0467368905798788
-3.07707720857862	0.956361112132394
0.144848047757523	0.0491370939506188
0.959294652844364	0.254663957360155
1.95793128711136	0.437766051086387
0.166279076961167	0.0494077549790747
-1.82278415867688	0.739928845893393
-0.144946030904406	0.0518319984756812
-0.721997705010856	0.24672678000295
0.160441464978412	0.0542265991412075
0.957025852492456	0.254006696314478
1.04272737841263	0.394268038065867
-0.342463785834028	0.0980578484034576
0.958855818540361	0.254543321351908
0.159304296973707	0.0474668185471716
-0.620903335937371	0.151058535991718
-0.223733751445273	0.072028552436995
3.6399901361893	1.43067029650081
0.162968126753743	0.0485024678975847
0.816245435494196	0.341970206553245
0.178378460373537	0.04470234426639
3.93496659153827	1.72160273292352
3.64405193165419	1.43312407887711
1.83065515075678	0.71528955791634
3.26835783601252	1.12163011968705
-3.07793266340176	0.957013587093989
1.46166504880046	0.484245680586438
0.176253051776925	0.0442319878724308
2.75805496536761	0.766752929661107
2.76197196120423	0.768541369225187
-1.81553520956245	0.735895954481222
0.536981267153455	0.192450260059129
-1.50884424560785	0.535043767502043
2.11754480680452	0.94503257477152
2.75805496536761	0.766752929661107
1.95793128711136	0.437766051086387
-1.7975657981284	0.379599665892429
1.77867576493148	0.991659149413508
-0.61946410648704	0.150698865008898
-1.5094475769206	0.535248673690833
1.46109938210879	0.484014060767982
2.12999593301876	1.49013333415235
0.442746084081858	0.177485883285209
-1.81827955350507	0.737738285564138
3.63896224062815	1.42951913528691
0.675109449967238	0.21369241449263
0.538915294968333	0.193067324585787
-1.50573496603534	0.533703959061235
1.45849632487227	0.482828278090187
2.75805496536761	0.766752929661107
1.03158619018664	0.389044050185433
0.173940988172143	0.0437550114519682
-1.507638227659	0.53431243522829
-0.513265508496353	0.193649815889796
0.956021254579335	0.253830462538477
0.148364367533412	0.0502983007600852
0.697923312786667	0.326988260319965
0.154627783040726	0.0670481096414267
1.83417843227406	0.717062027537897
1.09747770803911	0.677799710816203
0.674264818482823	0.213402910671394
1.06872518405915	0.516268264543966
-0.518689367219814	0.195747002748462
1.04272737841263	0.394268038065867
1.33065013736382	0.580048564914345
1.45750864016971	0.482642955020513
1.83259355517544	0.716473450995655
0.452569065982633	0.181732592483672
0.446786935248547	0.179292535994645
1.0418455851348	0.393863567086238
-0.516748730928915	0.194980159188936
1.04360842637382	0.394608583742794
-1.48530122260287	0.749151188373939
2.11127489590751	0.940656109084481
0.158989511121608	0.0298299152293259
-0.222633069722699	0.0716499874142472
0.823078351695812	0.34550391355806
0.174933567082256	0.0439573605408891
-0.222038342595648	0.0714812050319378
2.75704467106166	0.766025498669684
1.4604038372023	0.483769829709272
1.95793128711136	0.437766051086387
3.64101793434512	1.43134239135362
1.46735888712934	0.919177392009924
1.46888833949966	0.486728891803906
1.82912964257087	0.714770179842855
1.46364987732708	0.48479584486453
-0.619895187822925	0.150839789138775
-0.212107996589827	0.0683682958385105
0.16323818852145	0.0485873708307168
1.78360454245044	0.995014608352168
2.12544210384278	0.949600697707754
1.33351744615377	0.581727707383388
-0.21750140385887	0.0700056929839968
-4.00689064630181	1.73027814606556
3.9371926868257	1.72364294570268
3.26732978575294	1.1211772426211
1.78546379556483	0.996996213867252
0.678685727410979	0.214982042405379
0.173378039987466	0.0436162262322836
0.16934280349587	0.0427080042196444
-0.337924641037297	0.0968088152153293
-3.75168277240236	1.47633842923476
-1.02109432881299	0.402930914701451
-1.13282069800183	0.341231258763963
-2.57847696185857	0.659529736545688
-1.7975657981284	0.379599665892429
0.166237072413587	0.0493846591201304
-0.625191995446008	0.152059991852936
0.159251072645633	0.0298673857617753
0.693515432677865	0.32419928238537
1.57324176500159	0.780282055570826
-0.720199314130701	0.246072307343885
0.530519377174053	0.189974136950743
0.951724523631597	0.252769110062367
1.33065013736382	0.580048564914345
-0.337924641037297	0.0968088152153293
1.46265753359042	0.48460907431551
0.532792572738207	0.190847845049574
0.532438411561851	0.190754397880712
0.14379168212386	0.055162225856084
0.448246823419833	0.17979017346935
1.04422575936648	0.394740889448914
-0.484182401307779	0.254012065877731
0.721677004899186	0.477585894519753
0.165007048838445	0.0490553112296366
1.0455067302297	0.395217247583679
1.83065515075678	0.71528955791634
0.676200627845659	0.214099921395796
-0.144137039360479	0.0515503896111279
4.18354239000766	2.00645925415005
0.673656731319726	0.21327169490293
0.164122988767051	0.0488286730136595
-0.391383144839931	0.162807020962866
3.26835783601252	1.12163011968705
1.46067242606004	0.483688692701864
1.56641713746733	0.775455479488456
0.172385921068679	0.0433875285709768
0.174933567082256	0.0439573605408891
3.64204563210395	1.43174087144813
3.64405193165419	1.43312407887711
1.33351744615377	0.581727707383388
1.95879552552655	0.437985228139192
1.46654605141329	0.485981855384374
0.956455214607419	0.253949648163622
1.95879552552655	0.437985228139192
1.46109938210879	0.484014060767982
-3.45284250285449	1.22194559695964
-0.620326325745573	0.150885642821786
-1.50884424560785	0.535043767502043
-0.337924641037297	0.0968088152153293
1.04272737841263	0.394268038065867
0.823287580279974	0.345739910808307
3.26630303248094	1.12023058934939
0.164468653517054	0.0489167663284228
-0.724110175343364	0.247660897147714
0.825015074546066	0.346341809907615
-1.51042707521765	0.53568486067596
0.956455214607419	0.253949648163622
-0.620903335937371	0.151058535991718
1.08469780338091	0.667191222375863
0.164122988767051	0.0488286730136595
1.46308301616168	0.484563679444736
-0.221200715743042	0.0712222587266738
0.172385921068679	0.0433875285709768
3.93496659153827	1.72160273292352
-0.715646834778114	0.244453295526364
0.67498185747701	0.213690207850534
0.957461191854986	0.254126256439643
1.0703619717886	0.517515132381691
0.826500453888607	0.347127630775895
1.03554466552427	0.390840340446361
1.82912964257087	0.714770179842855
0.53471313464826	0.191636123836102
2.7590679263751	0.76692961097815
0.673656731319726	0.21327169490293
1.33268267273416	0.581267457492734
0.17294827606403	0.0435260072159332
-0.337559379634888	0.0966770330278957
1.0418455851348	0.393863567086238
0.827624029735347	0.347817645508971
3.26732978575294	1.1211772426211
1.46109938210879	0.484014060767982
0.170331293505475	0.0429093144237285
2.75805496536761	0.766752929661107
-0.221200715743042	0.0712222587266738
1.32813102430531	0.578875818998384
0.674143348272808	0.213431626689393
-1.50512968650064	0.533411802331246
1.83259355517544	0.716473450995655
-1.50982433145335	0.535480148233091
0.158989511121608	0.0298299152293259
-0.620326325745573	0.150885642821786
0.957025852492456	0.254006696314478
0.157971563808893	0.0296806747786729
3.27129205644114	1.12317050813274
0.15991897901503	0.0475435863711037
0.171094196191277	0.0507164425340757
-1.7975657981284	0.379599665892429
-0.336952847519868	0.096512855057735
2.11754480680452	0.94503257477152
1.95793128711136	0.437766051086387
0.174503749901052	0.0438676710334476
4.38746849389155	2.27725494781689
1.0433448222306	0.394400438672122
0.955450516302873	0.253599562429476
-0.620903335937371	0.151058535991718
0.157971563808893	0.0296806747786729
0.955450516302873	0.253599562429476
-0.619895187822925	0.150839789138775
-2.57447078703937	0.657780381714024
2.7590679263751	0.76692961097815
1.83009713438939	0.715173729277155
0.175496922320134	0.0440701137079318
-1.5094475769206	0.535248673690833
-1.12837428626612	0.339637586745731
0.15632734084749	0.0678027432546929
1.04726688944174	0.396088731238016
0.152705092212536	0.0517022070713414
-2.57447078703937	0.657780381714024
-0.142223285419907	0.0509011547645968
1.06792550004102	0.515823496339435
1.46498308680977	0.485505347800691
-1.81291187157146	0.734751884578751
3.26835783601252	1.12163011968705
0.157568112712888	0.0533067915180714
-1.27264921265823	0.571489965817473
-1.79763019308962	0.379603777700996
0.15163725378301	0.0513522427960234
-0.334222652007209	0.0957594598898438
1.04422575936648	0.394740889448914
1.58183603092417	0.785808451648072
0.823396795288853	0.345498381775943
1.06706691977393	0.515744915136545
0.173940988172143	0.0437550114519682
-0.338530582329419	0.0969729638077002
1.45553280775885	0.48172823735576
0.162076211336348	0.0482055172019256
1.78659432171653	0.997449726555896
1.83106456718648	0.715380743752126
0.142175839614641	0.0545513603182291
-0.718081625995024	0.245384533690959
1.0418455851348	0.393863567086238
0.157971563808893	0.0296806747786729
0.532196819047093	0.190683131950839
1.46166504880046	0.484245680586438
0.163161259039589	0.0412993244326861
2.75805496536761	0.766752929661107
-1.12881513859764	0.339906487322227
0.959294652844364	0.254663957360155
0.157971563808893	0.0296806747786729
-2.57447078703937	0.657780381714024
-0.216409245079586	0.0696890647462961
2.7590679263751	0.76692961097815
3.93297854230234	1.72057752612902
0.154259314455831	0.0291924198815566
1.83126911611682	0.715624907230154
1.03945896002248	0.392566838580962
1.96778099348909	1.23068012236665
1.28671689623154	0.711151825681988
-1.27891712596236	0.575261513918185
1.95793128711136	0.437766051086387
0.152195589623538	0.0582951480180515
0.173940988172143	0.0437550114519682
0.531115719234218	0.190139072437444
1.32730125980366	0.578419193427769
-1.0225353038078	0.403750407139113
0.695505124799318	0.325423465504154
1.27985068592507	0.705946064078286
0.674143348272808	0.213431626689393
-0.220606538471739	0.071036835690658
0.958855818540361	0.254543321351908
0.951724523631597	0.252769110062367
1.95793128711136	0.437766051086387
-1.7975657981284	0.379599665892429
0.955017933589342	0.253480850166851
-1.7975657981284	0.379599665892429
-1.7975657981284	0.379599665892429
2.7590679263751	0.76692961097815
0.153016180557848	0.051821004050093
1.33435126799908	0.58211833296484
1.46498308680977	0.485505347800691
0.15823182603157	0.0297179405544109
-0.617055950695462	0.150241664375452
0.536739666042799	0.192347830350542
2.76197196120423	0.768541369225187
0.956455214607419	0.253949648163622
1.46498308680977	0.485505347800691
0.674624067917918	0.213658555919133
0.957025852492456	0.254006696314478
0.679655237519559	0.215244174521264
-1.81291187157146	0.734751884578751
1.06401134091619	0.513327167938161
2.11608899731542	0.944050734800592
3.93198447308087	1.71970480916132
2.75704467106166	0.766025498669684
-1.50982433145335	0.535480148233091
-0.215017875526075	0.0692740884848278
-0.337924641037297	0.0968088152153293
0.173940988172143	0.0437550114519682
0.174933567082256	0.0439573605408891
1.82851727583204	0.714435845516616
0.154954894721934	0.0524399678344355
1.46166504880046	0.484245680586438
-0.338530582329419	0.0969729638077002
3.26732978575294	1.1211772426211
-1.79763019308962	0.379603777700996
0.157546606671046	0.0469737944802553
1.04272737841263	0.394268038065867
0.674624067917918	0.213658555919133
1.83223894779093	0.716336716062103
1.95879552552655	0.437985228139192
1.83633740824933	0.718096082890721
1.95793128711136	0.437766051086387
1.82816209415628	0.714241631039221
1.95793128711136	0.437766051086387
1.46010735547628	0.483457516052687
0.959865181244613	0.254814612498812
-1.81860731780454	0.737578883081637
0.955017933589342	0.253480850166851
0.531600808944957	0.190452833446827
0.673048421642057	0.212994504688281
-2.57447078703937	0.657780381714024
0.398782740996698	0.180248213061381
1.82806846311762	0.714181490452948
-0.233070748873136	0.116264213640143
1.3329197605053	0.581616348611346
1.82755032422624	0.713907775987463
0.956021254579335	0.253830462538477
1.45652080007828	0.482281887456809
-0.620903335937371	0.151058535991718
0.149982636103429	0.0508231515257977
-0.620473624670499	0.150917804175241
1.82912964257087	0.714770179842855
0.956455214607419	0.253949648163622
1.04577073722875	0.395582052714565
-0.619895187822925	0.150839789138775
1.3329197605053	0.581616348611346
1.95793128711136	0.437766051086387
1.3329197605053	0.581616348611346
1.33375387884323	0.582007204647003
1.82912964257087	0.714770179842855
0.539266647317431	0.19330887981843
1.04726688944174	0.396088731238016
0.525974790890797	0.188312313683146
0.679655237519559	0.215244174521264
1.57778417402392	0.783272898824577
2.76489171529978	0.769665555456845
0.174933567082256	0.0439573605408891
1.46654605141329	0.485981855384374
0.17294827606403	0.0435260072159332
0.674624067917918	0.213658555919133
-1.66708646760664	0.939536320335372
-0.388408062610022	0.161550493058169
0.527404119121822	0.188820766466342
1.46498308680977	0.485505347800691
1.95879552552655	0.437985228139192
-3.45116795416625	1.22074097588692
0.674624067917918	0.213658555919133
0.159251072645633	0.0298673857617753
0.536386835238158	0.192220018139766
0.959865181244613	0.254814612498812
3.26835783601252	1.12163011968705
1.33520072787008	0.582923907307515
0.676558588301015	0.214207370803977
0.176253051776925	0.0442319878724308
-3.07836047129561	0.956774727997911
2.75805496536761	0.766752929661107
0.164738242561747	0.0490009495728858
-2.57421277656498	0.657506382974291
-0.216657809109618	0.0697687117469907
-0.338291342092883	0.0968475173314605
0.174503749901052	0.0438676710334476
-0.625630686390319	0.152156798395567
0.456332736512093	0.183336741097112
1.33543856501865	0.58285380410182
1.33686934913081	0.583851214307558
-2.57421277656498	0.657506382974291
2.11754480680452	0.94503257477152
1.96141436018454	0.438711417164155
0.674264818482823	0.213402910671394
1.04096305100241	0.393348131713795
0.16190498991222	0.0302625824147867
0.167786821496111	0.0423548811213711
3.27232628525746	1.12331698634376
1.46067242606004	0.483688692701864
1.46265753359042	0.48460907431551
1.04210966752671	0.393840140799123
0.158426007238141	0.0472279903538101
-2.57421277656498	0.657506382974291
-1.81078809873904	0.73326164335473
0.442219797808921	0.177210101023049
1.04665020030324	0.395956904990197
0.959865181244613	0.254814612498812
0.15823182603157	0.0297179405544109
3.27025913837768	1.12233669524588
0.159251072645633	0.0298673857617753
1.04752875622395	0.396218430849903
0.148051580974635	0.0501853650280616
0.178378460373537	0.04470234426639
0.531600808944957	0.190452833446827
-4.40587647359611	2.23424118941147
0.17294827606403	0.0435260072159332
-0.336346534706249	0.0963182114993482
0.177247192199527	0.0444492499698682
1.95879552552655	0.437985228139192
1.83009713438939	0.715173729277155
1.95793128711136	0.437766051086387
0.15823182603157	0.0297179405544109
0.672009433869294	0.212657302786874
0.958855818540361	0.254543321351908
1.04272737841263	0.394268038065867
1.27873655264189	0.704538881402352
1.82851727583204	0.714435845516616
1.8373094140835	0.71841767362829
1.06054869994008	0.511395018263471
1.46067242606004	0.483688692701864
-0.34307485466429	0.0982470421897248
0.96272254042429	0.255477208819605
0.534470172870219	0.191495164180491
-3.08203891306948	0.959069086853276
0.173378039987466	0.0436162262322836
0.907405238842073	0.490765880723695
0.164122988767051	0.0488286730136595
0.1677792397568	0.0498341730879395
2.75805496536761	0.766752929661107
3.63896224062815	1.42951913528691
-2.57447078703937	0.657780381714024
2.35700222344558	1.17564373523042
1.83223894779093	0.716336716062103
0.175496922320134	0.0440701137079318
0.15823182603157	0.0297179405544109
2.12325323580269	0.948602765952738
3.64101793434512	1.43134239135362
0.157971563808893	0.0296806747786729
0.958855818540361	0.254543321351908
0.960305402281055	0.254935680101795
2.75704467106166	0.766025498669684
1.04512960060759	0.394894574824106
-2.57447078703937	0.657780381714024
0.956455214607419	0.253949648163622
-0.619895187822925	0.150839789138775
1.46109938210879	0.484014060767982
-1.01881976284329	0.401954931656393
1.95879552552655	0.437985228139192
0.956021254579335	0.253830462538477
-0.620473624670499	0.150917804175241
1.83045100463037	0.715045718111181
-2.57847696185857	0.659529736545688
-1.50884424560785	0.535043767502043
-3.4565767152091	1.22430361707387
-0.145866306322633	0.052205308942621
1.82851727583204	0.714435845516616
2.76095211479574	0.768066673537379
0.444073873433415	0.178068157695179
3.27129205644114	1.12317050813274
1.04515347900522	0.395153426226023
0.162352652580513	0.0483303505238246
0.176818183184722	0.0443715906559113
0.726436282032843	0.482549234736184
0.691933817668349	0.3238787341333
3.26835783601252	1.12163011968705
1.83162438273742	0.716000775412828
0.158202431453599	0.0297753629586498
1.04665020030324	0.395956904990197
2.12720182156894	0.950385851519101
0.531004542224133	0.190160354232034
0.956455214607419	0.253949648163622
-3.07793266340176	0.957013587093989
0.612857515220163	0.321860452160467
0.53158177076108	0.190397794536914
0.448524252970948	0.179929065158735
0.155205580878186	0.0525315583518307
-1.12435877083653	0.338493350823416
1.04246313957759	0.393996072509476
0.17294827606403	0.0435260072159332
1.06654246905244	0.515273054718977
0.957461191854986	0.254126256439643
0.532792572738207	0.190847845049574
1.46265753359042	0.48460907431551
0.952729371406254	0.252945498225285
2.11478246647681	0.943069771338769
0.168393915595915	0.0499912542478598
-2.57447078703937	0.657780381714024
-1.50982433145335	0.535480148233091
1.46455689811314	0.485225385720349
0.676200627845659	0.214099921395796
-1.81139863683783	0.733838743939283
-0.334830546749113	0.0959542136262779
2.35891051657504	1.17683670292217
1.45750864016971	0.482642955020513
2.7590679263751	0.76692961097815
0.679655237519559	0.215244174521264
-0.625191995446008	0.152059991852936
3.27232628525746	1.12331698634376
-1.13295352450292	0.341266245931736
-3.45228414088993	1.22181665198441
2.76197196120423	0.768541369225187
0.675591354383564	0.213968352567141
1.95793128711136	0.437766051086387
1.46067242606004	0.483688692701864
2.7590679263751	0.76692961097815
1.04272737841263	0.394268038065867
1.04360842637382	0.394608583742794
-3.08203891306948	0.959069086853276
1.82851727583204	0.714435845516616
1.46109938210879	0.484014060767982
0.17294827606403	0.0435260072159332
0.832458092735039	0.35002618793994
1.46166504880046	0.484245680586438
2.76197196120423	0.768541369225187
1.95793128711136	0.437766051086387
2.76197196120423	0.768541369225187
0.159251072645633	0.0298673857617753
-2.57472877667238	0.65760345889815
0.173378039987466	0.0436162262322836
0.158379638686509	0.0535717951029833
1.04638771946291	0.395714063580135
1.46455689811314	0.485225385720349
0.180709566490231	0.0452024551059557
-0.620903335937371	0.151058535991718
0.180141640611436	0.0450617988321041
0.951724523631597	0.252769110062367
0.533034126671957	0.190984669183042
1.83009713438939	0.715173729277155
0.17294827606403	0.0435260072159332
0.526808022811829	0.188639363777938
1.46364987732708	0.48479584486453
1.83259355517544	0.716473450995655
3.27129205644114	1.12317050813274
0.956021254579335	0.253830462538477
0.82625387160176	0.347107129604409
0.173378039987466	0.0436162262322836
0.160441464978412	0.0542265991412075
0.162338925211519	0.0482955049730846
-1.7975657981284	0.379599665892429
1.82948417010899	0.714838990299682
0.674624067917918	0.213658555919133
-0.621333103088639	0.151104040920032
3.27129205644114	1.12317050813274
0.174933567082256	0.0439573605408891
-0.518386429636852	0.195700313035901
-0.216900861291041	0.0698804747706956
0.674015164989584	0.213380808783075
0.674624067917918	0.213658555919133
0.15823182603157	0.0297179405544109
-2.57447078703937	0.657780381714024
-1.50573496603534	0.533703959061235
0.957025852492456	0.254006696314478
-0.620473624670499	0.150917804175241
-1.5094475769206	0.535248673690833
0.176818183184722	0.0443715906559113
0.177247192199527	0.0444492499698682
-3.07707720857862	0.956361112132394
0.674624067917918	0.213658555919133
1.46398903776532	0.484992681122713
3.26835783601252	1.12163011968705
1.95793128711136	0.437766051086387
-0.344042706429557	0.0984794926451442
-0.619895187822925	0.150839789138775
2.76197196120423	0.768541369225187
1.95879552552655	0.437985228139192
1.46209127003869	0.484377128190959
1.95879552552655	0.437985228139192
1.042990826383	0.394180541091972
0.162954029252909	0.0484564307378685
1.04814515184759	0.396350090350494
-0.337318918589577	0.0966140796949229
1.78414166981829	0.995538185702243
0.15823182603157	0.0297179405544109
0.173940988172143	0.0437550114519682
1.06983533628829	0.517183639033184
3.26732978575294	1.1211772426211
0.157819787360587	0.0533909827533473
1.46308301616168	0.484563679444736
0.675591354383564	0.213968352567141
0.958855818540361	0.254543321351908
2.75316821433091	1.68616142067295
0.44327215414316	0.17771447008811
0.159251072645633	0.0298673857617753
-0.150722043675349	0.0538721596429618
0.157819787360587	0.0533909827533473
-0.771167851788504	0.335180013603335
-2.63490695742267	1.61394250501311
0.955450516302873	0.253599562429476
1.0444887245408	0.394848386181826
0.162352652580513	0.0483303505238246
-0.21725219958623	0.0699489287533772
-0.621333103088639	0.151104040920032
-0.719585944508868	0.245867637672296
-2.07062872074145	0.940243383198465
0.174370024960364	0.0438183729016174
-0.395904040590257	0.164946089819945
1.46209127003869	0.484377128190959
0.959865181244613	0.254814612498812
-0.519293636480079	0.196119529083062
-1.12669343566207	0.339109154533815
0.177812920485068	0.0445891130396879
1.95879552552655	0.437985228139192
-0.765918596168096	0.332344936277861
1.33460347604402	0.582347430988149
0.956455214607419	0.253949648163622
2.11869185323705	0.945764565994132
1.04726688944174	0.396088731238016
1.04752875622395	0.396218430849903
0.532196819047093	0.190683131950839
1.46010735547628	0.483457516052687
0.956455214607419	0.253949648163622
3.27129205644114	1.12317050813274
-1.12781381973937	0.339579374120096
3.9351997649523	1.72156487670113
3.27129205644114	1.12317050813274
1.46398903776532	0.484992681122713
0.159251072645633	0.0298673857617753
-0.333856458330646	0.0956917261764247
0.173378039987466	0.0436162262322836
-0.770931894639301	0.33477834194451
0.53471313464826	0.191636123836102
0.173940988172143	0.0437550114519682
0.955450516302873	0.253599562429476
0.956021254579335	0.253830462538477
0.168047617405793	0.0498928161895134
1.46498308680977	0.485505347800691
1.33603551913475	0.58343053611899
1.57665847201362	0.782477729891176
1.26977631313344	0.698074328036071
0.956021254579335	0.253830462538477
1.042990826383	0.394180541091972
0.164391642281999	0.0488687543181863
1.33436498010043	0.582269865257075
-0.778686719779655	0.423323038790168
-0.528250870128209	0.199803042210157
0.150893737042406	0.057797466335679
0.158989511121608	0.0298299152293259
0.67498185747701	0.213690207850534
-0.977847249321332	0.483702312796229
-0.725635056863387	0.248108846658688
2.36037500052639	1.17841315078791
-1.28360592091245	0.577973343301217
0.956455214607419	0.253949648163622
0.450436111391181	0.180774850838104
0.90749734357105	0.490771141886538
-1.79763019308962	0.379603777700996
0.149982636103429	0.0508231515257977
-0.767022641863621	0.33272570428858
-0.985342244360658	0.488308566828318
-0.0986841463384019	0.039133725253121
-0.725021497189463	0.247930876565647
1.82816209415628	0.714241631039221
0.955017933589342	0.253480850166851
0.175496922320134	0.0440701137079318
3.26630303248094	1.12023058934939
3.27528390840561	1.12443907352294
-0.625630686390319	0.152156798395567
2.36121094029696	1.17903949937985
1.82912964257087	0.714770179842855
0.1674326840069	0.0497058243208494
-1.0225353038078	0.403750407139113
0.154259314455831	0.0291924198815566
3.26835783601252	1.12163011968705
0.158687948318654	0.0472850694532285
1.95879552552655	0.437985228139192
0.173378039987466	0.0436162262322836
0.157971563808893	0.0296806747786729
0.167164301060576	0.0496616909525181
3.26630303248094	1.12023058934939
1.04422575936648	0.394740889448914
1.95879552552655	0.437985228139192
-0.150469769173633	0.0538080579146603
0.157971563808893	0.0296806747786729
0.16323818852145	0.0485873708307168
2.75704467106166	0.766025498669684
3.64405193165419	1.43312407887711
0.159251072645633	0.0298673857617753
1.46364987732708	0.48479584486453
0.958855818540361	0.254543321351908
1.79100361603363	1.00075362176775
1.46364987732708	0.48479584486453
1.83009713438939	0.715173729277155
-0.716259781908703	0.244657557065158
-0.778685596548827	0.423343746828921
-0.767493998137287	0.332970059332445
0.526808022811829	0.188639363777938
-1.81200943037821	0.734241478143734
0.956455214607419	0.253949648163622
1.46124888452658	0.913343086893615
1.27775554790304	0.704092651126896
0.164738242561747	0.0490009495728858
0.366658257339584	0.185537745553289
0.15163725378301	0.0513522427960234
-1.66742703247986	0.939804294416528
-0.21725219958623	0.0699489287533772
-0.217846843502484	0.0701143757601707
0.530519377174053	0.189974136950743
-4.40149408257071	2.22864875708531
0.674624067917918	0.213658555919133
-0.511194950249505	0.192758058947305
-1.81078809873904	0.73326164335473
1.95793128711136	0.437766051086387
-2.57447078703937	0.657780381714024
0.173940988172143	0.0437550114519682
1.06930848273844	0.516650768430238
1.46379398646873	0.91564932070378
1.83536533888649	0.717440027680737
-1.12881513859764	0.339906487322227
-1.12949217626836	0.340258306499887
0.956021254579335	0.253830462538477
2.76197196120423	0.768541369225187
0.174503749901052	0.0438676710334476
0.447996914446478	0.17968538770428
0.956021254579335	0.253830462538477
-0.215221304062718	0.0693199317381142
-1.80127875869	0.380587746892248
-1.12781381973937	0.339579374120096
-0.619895187822925	0.150839789138775
0.17294827606403	0.0435260072159332
0.165007048838445	0.0490553112296366
3.27129205644114	1.12317050813274
2.75399219352535	1.68713384941299
0.676200627845659	0.214099921395796
-0.60157346701512	0.288453408888993
-0.620903335937371	0.151058535991718
-3.45228414088993	1.22181665198441
0.447719113317435	0.179573027507233
1.042990826383	0.394180541091972
-0.213778682141952	0.0688911851957332
-1.7975657981284	0.379599665892429
-1.50861948725752	0.534748868530857
-1.7975657981284	0.379599665892429
4.17340595642908	1.99906710787781
0.957461191854986	0.254126256439643
-0.336952847519868	0.096512855057735
-0.338530582329419	0.0969729638077002
-0.213543270792488	0.0687986075063655
-1.27459520685323	0.572338440342121
-1.13295352450292	0.341266245931736
3.27025913837768	1.12233669524588
0.153006990139565	0.0585900433848213
-2.57821111666453	0.659475059970799
0.402649573875969	0.182175804543789
2.75805496536761	0.766752929661107
-0.343686146411719	0.0983921171207581
1.46109938210879	0.484014060767982
2.36495485023909	1.18150532804969
1.83320872066104	0.716809839835328
1.04272737841263	0.394268038065867
0.951724523631597	0.252769110062367
-1.02338521131779	0.403987205196149
-3.45284250285449	1.22194559695964
3.26732978575294	1.1211772426211
0.168047617405793	0.0498928161895134
0.159251072645633	0.0298673857617753
0.950720958067184	0.252420162622268
0.956455214607419	0.253949648163622
-0.620473624670499	0.150917804175241
0.959294652844364	0.254663957360155
-0.716872988489582	0.244804032031292
0.173940988172143	0.0437550114519682
1.46067242606004	0.483688692701864
0.52764029394331	0.188938300410242
2.75805496536761	0.766752929661107
1.46364987732708	0.48479584486453
1.27187152931469	0.700045876146615
0.453093480981549	0.181948913825526
-0.334830546749113	0.0959542136262779
0.151061641523147	0.0578640062767647
-3.07750490916701	0.956880231933195
0.164738242561747	0.0490009495728858
-0.33507409718716	0.0959919997809414
1.33375387884323	0.582007204647003
1.57641681681789	0.782645066717777
0.158989511121608	0.0298299152293259
0.532438411561851	0.190754397880712
0.530155722781082	0.189859919098161
0.536981267153455	0.192450260059129
0.174933567082256	0.0439573605408891
1.46364987732708	0.48479584486453
0.177812920485068	0.0445891130396879
0.527404119121822	0.188820766466342
0.827062362966711	0.347535018691045
1.46398903776532	0.484992681122713
-1.50824112923963	0.534752090600511
-0.718081625995024	0.245384533690959
0.536386835238158	0.192220018139766
0.157007711765635	0.053125881526133
0.958855818540361	0.254543321351908
2.11842867036876	0.945672460079198
-1.51042707521765	0.53568486067596
-3.08247559880565	0.958940682858076
0.670081697347895	0.212111377241056
1.96141436018454	0.438711417164155
-0.343432234206214	0.0982903961052269
0.163853552605343	0.0487595972376143
1.95879552552655	0.437985228139192
1.46498308680977	0.485505347800691
-0.517923661607974	0.195570709412141
0.157971563808893	0.0296806747786729
-0.716259781908703	0.244657557065158
-1.5094475769206	0.535248673690833
-0.145472337378192	0.0520149972990822
0.827973150539913	0.347803662268494
2.75805496536761	0.766752929661107
0.675591354383564	0.213968352567141
-1.491295051315	0.753754014189643
-1.02359505626631	0.404284816719155
0.671045597340039	0.212419421287662
0.955573890382782	0.253753322308027
0.163853552605343	0.0487595972376143
2.91087621340776	1.96670972462566
0.154081774580399	0.0521624398881256
-0.3395018260887	0.0972061822975938
2.56312502021138	1.4192552129809
0.447191186095611	0.179329255309907
-0.138687649632978	0.0496725258826995
0.162622561049093	0.0484009930995383
0.157546606671046	0.0469737944802553
-0.342463785834028	0.0980578484034576
2.91166992193546	1.96787889166106
1.95879552552655	0.437985228139192
0.670430931165646	0.212216518896251
-1.51396898226758	0.537314617740072
0.448801914188458	0.180022361022821
2.76095211479574	0.768066673537379
0.827624029735347	0.347817645508971
-1.82306257570302	0.740114932049179
1.27744308109646	0.703546895125155
0.168774858509076	0.0425819447497206
0.173378039987466	0.0436162262322836
0.675591354383564	0.213968352567141
-0.625191995446008	0.152059991852936
0.536145192793524	0.192183675780863
0.956455214607419	0.253949648163622
0.15823182603157	0.0297179405544109
2.7590679263751	0.76692961097815
0.956021254579335	0.253830462538477
0.158989511121608	0.0298299152293259
0.532196819047093	0.190683131950839
-1.80127875869	0.380587746892248
0.824451710034132	0.346189076295124
0.956021254579335	0.253830462538477
0.443548397616714	0.177839700183466
-0.215815148052618	0.0695090074287807
0.671045597340039	0.212419421287662
1.04691208503382	0.395789758105508
1.33770221308054	0.584134752462779
0.675948496687313	0.213928974911644
3.64508196443781	1.43367348655271
1.46166504880046	0.484245680586438
2.11957433477146	0.946159869437877
2.36121094029696	1.17903949937985
0.15823182603157	0.0297179405544109
0.675591354383564	0.213968352567141
3.64204563210395	1.43174087144813
1.27546208774506	0.703003690391672
0.168354166613062	0.0424807140134561
0.16190498991222	0.0302625824147867
0.158989511121608	0.0298299152293259
-1.50884424560785	0.535043767502043
-3.75228333635026	1.47685987725686
-0.33604699779225	0.0962542202740646
0.668504270521836	0.211524693005927
0.674143348272808	0.213431626689393
1.95793128711136	0.437766051086387
-0.620903335937371	0.151058535991718
0.531004542224133	0.190160354232034
-0.224327551915927	0.0722020453263397
-0.61946410648704	0.150698865008898
0.158989511121608	0.0298299152293259
0.158989511121608	0.0298299152293259
0.172385921068679	0.0433875285709768
0.147802728209744	0.0501147268752412
1.82851727583204	0.714435845516616
0.157971563808893	0.0296806747786729
0.679655237519559	0.215244174521264
0.956021254579335	0.253830462538477
0.158989511121608	0.0298299152293259
0.174933567082256	0.0439573605408891
2.7590679263751	0.76692961097815
1.95879552552655	0.437985228139192
0.174503749901052	0.0438676710334476
3.93397258257213	1.72120776019779
0.158989511121608	0.0298299152293259
0.172385921068679	0.0433875285709768
1.95879552552655	0.437985228139192
0.959865181244613	0.254814612498812
1.46109938210879	0.484014060767982
1.95879552552655	0.437985228139192
0.956455214607419	0.253949648163622
1.95793128711136	0.437766051086387
0.956455214607419	0.253949648163622
0.951724523631597	0.252769110062367
0.168354166613062	0.0424807140134561
3.26835783601252	1.12163011968705
0.531004542224133	0.190160354232034
1.96141436018454	0.438711417164155
0.827624029735347	0.347817645508971
2.12325323580269	0.948602765952738
0.950720958067184	0.252420162622268
-3.45172595803352	1.22146685013561
2.36264436384859	1.18001786124964
1.34142286977695	0.585835841016733
1.46308301616168	0.484563679444736
1.26544227432638	0.884527498829771
-1.12937501458112	0.339964434622374
-0.338896474896558	0.0970421752101679
0.951724523631597	0.252769110062367
-1.7975657981284	0.379599665892429
1.57665847201362	0.782477729891176
1.46209127003869	0.484377128190959
-3.75228333635026	1.47685987725686
3.64101793434512	1.43134239135362
0.951724523631597	0.252769110062367
0.675591354383564	0.213968352567141
0.159251072645633	0.0298673857617753
0.157971563808893	0.0296806747786729
-1.12881513859764	0.339906487322227
2.11869185323705	0.945764565994132
0.959865181244613	0.254814612498812
-1.51555315465799	0.537846515026164
4.38572865870634	2.27686865818088
0.956021254579335	0.253830462538477
0.955017933589342	0.253480850166851
3.27232628525746	1.12331698634376
-0.625630686390319	0.152156798395567
3.26835783601252	1.12163011968705
0.675591354383564	0.213968352567141
-0.621333103088639	0.151104040920032
-1.79763019308962	0.379603777700996
-0.617491939447093	0.150288713008559
0.679297187320958	0.21511425797511
3.64101793434512	1.43134239135362
1.96141436018454	0.438711417164155
1.04603323538674	0.395528149844171
0.158989511121608	0.0298299152293259
3.64405193165419	1.43312407887711
2.35867500117237	1.17688948319321
0.535550464072287	0.191953357336806
1.33686934913081	0.583851214307558
-0.220364044448608	0.0709420855610054
2.11780862301852	0.945248734413775
1.46067242606004	0.483688692701864
0.60911208143512	0.319273655108227
-1.80127875869	0.380587746892248
0.173940988172143	0.0437550114519682
0.145886829054601	0.0559355092988888
1.46498308680977	0.485505347800691
-3.75779539313074	1.48038803127513
-0.144137039360479	0.0515503896111279
-2.57472877667238	0.65760345889815
0.957461191854986	0.254126256439643
2.75805496536761	0.766752929661107
0.959865181244613	0.254814612498812
2.75805496536761	0.766752929661107
0.956455214607419	0.253949648163622
0.158989511121608	0.0298299152293259
0.178378460373537	0.04470234426639
1.95793128711136	0.437766051086387
-2.57472877667238	0.65760345889815
-1.50982433145335	0.535480148233091
-0.71869462645605	0.245625159522256
0.169276668042905	0.0502222390274525
0.147074532250136	0.056425481810697
-2.57447078703937	0.657780381714024
-0.620903335937371	0.151058535991718
0.16934280349587	0.0427080042196444
0.158989511121608	0.0298299152293259
0.674491966739474	0.213488272769245
0.957461191854986	0.254126256439643
0.952729371406254	0.252945498225285
1.95793128711136	0.437766051086387
-1.7975657981284	0.379599665892429
0.173940988172143	0.0437550114519682
1.27855875158651	0.704866524537988
1.69043295202054	1.96751849951759
0.957461191854986	0.254126256439643
-3.45228414088993	1.22181665198441
2.11780862301852	0.945248734413775
-1.5094475769206	0.535248673690833
1.46597699067366	0.485748477491111
0.679042954927262	0.214964314584285
-0.343432234206214	0.0982903961052269
2.11931178949686	0.946188348024025
1.46654605141329	0.485981855384374
0.159251072645633	0.0298673857617753
1.95879552552655	0.437985228139192
1.82948417010899	0.714838990299682
-0.337924641037297	0.0968088152153293
1.82912964257087	0.714770179842855
2.12060907139227	0.946711025116316
-1.02194301820446	0.403479228390162
0.446384732504796	0.1789536030377
0.161460812920862	0.048044569646078
-1.02216112938711	0.403514019139426
-0.719307886400812	0.245829792820617
-1.51024784902404	0.535717552327617
-0.621333103088639	0.151104040920032
1.46209127003869	0.484377128190959
3.64813638806334	1.43480372807629
-0.621333103088639	0.151104040920032
0.166260955203852	0.0493457353508282
1.46265753359042	0.48460907431551
0.450086663756897	0.180675023688625
1.82912964257087	0.714770179842855
0.82625387160176	0.347107129604409
3.27232628525746	1.12331698634376
1.46265753359042	0.48460907431551
1.04210966752671	0.393840140799123
0.956021254579335	0.253830462538477
3.27129205644114	1.12317050813274
0.956455214607419	0.253949648163622
0.531600808944957	0.190452833446827
1.82851727583204	0.714435845516616
-0.221443869104186	0.0712956025102242
1.96141436018454	0.438711417164155
-0.342463785834028	0.0980578484034576
0.149982636103429	0.0508231515257977
0.17351044503084	0.0436385160120603
0.17294827606403	0.0435260072159332
1.04603323538674	0.395528149844171
1.82816209415628	0.714241631039221
1.33770221308054	0.584134752462779
1.0433448222306	0.394400438672122
-0.620903335937371	0.151058535991718
0.675591354383564	0.213968352567141
-1.51336055363438	0.537061579976289
2.11692464856437	0.944608977413808
-0.619895187822925	0.150839789138775
-0.620473624670499	0.150917804175241
-2.28569563487766	1.1528508847122
0.168774858509076	0.0425819447497206
-0.59259707358042	0.283256487926836
-0.337559379634888	0.0966770330278957
1.46109938210879	0.484014060767982
1.33520072787008	0.582923907307515
0.526211669677007	0.188366258201689
0.158989511121608	0.0298299152293259
0.676558588301015	0.214207370803977
2.75805496536761	0.766752929661107
0.675591354383564	0.213968352567141
-1.51336055363438	0.537061579976289
-0.621333103088639	0.151104040920032
2.76095211479574	0.768066673537379
0.678074042401891	0.214702481365457
1.042990826383	0.394180541091972
1.83009713438939	0.715173729277155
1.83259355517544	0.716473450995655
0.952729371406254	0.252945498225285
-1.7975657981284	0.379599665892429
1.06766981105788	0.515404426662146
2.35723904585872	1.17582872753309
-0.221443869104186	0.0712956025102242
-3.07836047129561	0.956774727997911
1.78368583507684	0.995854344594288
2.75704467106166	0.766025498669684
2.11784059999101	0.945083067174483
2.12482393991542	0.949177318529429
1.09421168962665	0.676002200522788
0.173378039987466	0.0436162262322836
0.16934280349587	0.0427080042196444
1.28016355591198	0.706207937902467
-0.215221304062718	0.0693199317381142
0.167164301060576	0.0496616909525181
0.15389644192443	0.0668124964776719
-2.2810953281991	1.14943078672657
-1.66894906292795	0.940634499408687
0.164122988767051	0.0488286730136595
3.64405193165419	1.43312407887711
0.448524252970948	0.179929065158735
0.159304296973707	0.0474668185471716
0.957025852492456	0.254006696314478
1.32670292523954	0.578086333025382
-1.49491290149162	0.756099893656748
0.676558588301015	0.214207370803977
0.539508988949491	0.193360729428661
-1.12937501458112	0.339964434622374
0.158989511121608	0.0298299152293259
1.83009713438939	0.715173729277155
0.172643132163515	0.0434132410698589
-0.154046525879766	0.055056913430986
0.158989511121608	0.0298299152293259
-3.45284250285449	1.22194559695964
1.95879552552655	0.437985228139192
1.46209127003869	0.484377128190959
1.95793128711136	0.437766051086387
0.155282002123357	0.02934225636165
0.956455214607419	0.253949648163622
2.7590679263751	0.76692961097815
2.75805496536761	0.766752929661107
1.95879552552655	0.437985228139192
2.11696526038276	0.944641047228561
-1.79763019308962	0.379603777700996
-2.57447078703937	0.657780381714024
1.46364987732708	0.48479584486453
-2.57447078703937	0.657780381714024
-1.79763019308962	0.379603777700996
1.82495557630994	0.712549465993881
0.158989511121608	0.0298299152293259
0.608704209969049	0.319006736309006
-0.0926618573180851	0.036786603271242
1.33856572193498	0.584370161748649
-0.61946410648704	0.150698865008898
0.671045597340039	0.212419421287662
2.11998934304499	0.946287331085183
1.27403500341249	0.701628101763893
0.674624067917918	0.213658555919133
0.173378039987466	0.0436162262322836
-1.27208987432739	0.571097274965283
0.177812920485068	0.0445891130396879
0.956021254579335	0.253830462538477
-2.57472877667238	0.65760345889815
0.676558588301015	0.214207370803977
1.46498308680977	0.485505347800691
1.46308301616168	0.484563679444736
0.679297187320958	0.21511425797511
1.46209127003869	0.484377128190959
2.11998934304499	0.946287331085183
0.163216121532018	0.0485245766457704
3.27232628525746	1.12331698634376
0.165007048838445	0.0490553112296366
3.27528390840561	1.12443907352294
0.158989511121608	0.0298299152293259
2.75805496536761	0.766752929661107
1.46308301616168	0.484563679444736
0.959294652844364	0.254663957360155
3.27129205644114	1.12317050813274
0.16934280349587	0.0427080042196444
-3.45284250285449	1.22194559695964
1.82851727583204	0.714435845516616
3.64405193165419	1.43312407887711
0.173940988172143	0.0437550114519682
-2.57472877667238	0.65760345889815
-1.6628026289326	0.936050519002279
0.331756182974074	0.201835295543658
0.536386835238158	0.192220018139766
-2.57447078703937	0.657780381714024
1.46209127003869	0.484377128190959
1.0418455851348	0.393863567086238
0.677105074382106	0.214332831776124
1.0418455851348	0.393863567086238
1.96241902011715	1.22504630052969
0.158989511121608	0.0298299152293259
0.956021254579335	0.253830462538477
1.04360842637382	0.394608583742794
1.82948417010899	0.714838990299682
1.4655515469736	0.485738470948645
2.7590679263751	0.76692961097815
0.15823182603157	0.0297179405544109
-0.620903335937371	0.151058535991718
0.1677792397568	0.0498341730879395
0.159251072645633	0.0298673857617753
-1.02705786938286	0.40580993889249
-3.07750490916701	0.956880231933195
0.174370024960364	0.0438183729016174
-0.621333103088639	0.151104040920032
1.33232181501832	0.581040506436256
2.75805496536761	0.766752929661107
3.9351997649523	1.72156487670113
-2.57421277656498	0.657506382974291
-0.620326325745573	0.150885642821786
-1.12937501458112	0.339964434622374
0.174933567082256	0.0439573605408891
1.46308301616168	0.484563679444736
0.364544719258204	0.184471613694969
-0.0496464419047594	0.021686134811476
-0.337924641037297	0.0968088152153293
3.27129205644114	1.12317050813274
-0.146388253508021	0.0523841154261225
0.694148080198457	0.324741670139151
0.822450638269115	0.345345024290892
1.46209127003869	0.484377128190959
0.955450516302873	0.253599562429476
-1.51396898226758	0.537314617740072
0.678074042401891	0.214702481365457
0.158989511121608	0.0298299152293259
0.909045085649756	0.491897639559829
2.75805496536761	0.766752929661107
0.16323818852145	0.0485873708307168
4.18262191893244	2.0059441468171
-1.51851441465735	0.539192370342509
-0.342718944466085	0.0980961923569006
-0.337559379634888	0.0966770330278957
1.46265753359042	0.48460907431551
1.95793128711136	0.437766051086387
0.159251072645633	0.0298673857617753
1.46265753359042	0.48460907431551
1.83223894779093	0.716336716062103
0.954564259091026	0.253482299647149
0.175496922320134	0.0440701137079318
2.11931178949686	0.946188348024025
0.16323818852145	0.0485873708307168
-0.620473624670499	0.150917804175241
-0.768074603217935	0.333251677673885
-1.5094475769206	0.535248673690833
0.907041268970919	0.490496978709264
0.158457848970258	0.0606955756494984
0.171439356572218	0.0508022088393954
1.96141436018454	0.438711417164155
0.177812920485068	0.0445891130396879
0.825744745872983	0.346865970221037
1.54712867562025	1.33742653227867
1.07774302540821	0.521858358762654
0.956455214607419	0.253949648163622
0.825691409963229	0.346699820369323
1.95879552552655	0.437985228139192
-0.339136742629042	0.0971078731889835
0.956021254579335	0.253830462538477
1.95793128711136	0.437766051086387
1.95879552552655	0.437985228139192
-0.621333103088639	0.151104040920032
0.959294652844364	0.254663957360155
3.27025913837768	1.12233669524588
0.680267294542255	0.215376555237081
-0.714755800696332	0.244129665196273
1.95879552552655	0.437985228139192
1.82719449155949	0.713494970764503
3.26835783601252	1.12163011968705
-1.12725353624624	0.339405023147411
2.75704467106166	0.766025498669684
2.56287734336406	1.41877855667327
0.826816090554278	0.347389878556976
1.46265753359042	0.48460907431551
-0.337318918589577	0.0966140796949229
0.52764029394331	0.188938300410242
0.957461191854986	0.254126256439643
-3.75348509589231	1.47731393970503
1.46498308680977	0.485505347800691
0.679655237519559	0.215244174521264
-0.0857902527542859	0.0341627424270535
0.672560905238846	0.212860180111741
-0.624623675797245	0.151937920429117
-0.619895187822925	0.150839789138775
0.955017933589342	0.253480850166851
0.956455214607419	0.253949648163622
0.956455214607419	0.253949648163622
1.95879552552655	0.437985228139192
-1.81200943037821	0.734241478143734
2.7590679263751	0.76692961097815
1.042990826383	0.394180541091972
2.75704467106166	0.766025498669684
1.46109938210879	0.484014060767982
0.154259314455831	0.0291924198815566
0.535308159768992	0.19186644934071
0.951724523631597	0.252769110062367
0.15823182603157	0.0297179405544109
1.46265753359042	0.48460907431551
2.75704467106166	0.766025498669684
2.75805496536761	0.766752929661107
1.96141436018454	0.438711417164155
2.75704467106166	0.766025498669684
0.16190498991222	0.0302625824147867
0.824451710034132	0.346189076295124
-0.213786577394848	0.0688357070656427
-1.81799459045243	0.737492070536281
1.32912287010968	0.579118696168271
0.154259314455831	0.0291924198815566
0.153267904345544	0.0519012670754554
0.150571240221929	0.0576776917123369
-0.342463785834028	0.0980578484034576
2.75805496536761	0.766752929661107
1.83126911611682	0.715624907230154
0.168354166613062	0.0424807140134561
-1.7975657981284	0.379599665892429
0.15823182603157	0.0297179405544109
1.04272737841263	0.394268038065867
1.46265753359042	0.48460907431551
0.158128274235763	0.0534756396939054
-0.349223570170638	0.0998902155798753
-1.7975657981284	0.379599665892429
0.173940988172143	0.0437550114519682
2.12060907139227	0.946711025116316
-2.57472877667238	0.65760345889815
0.683383169319648	0.216338964908015
3.26938718630885	1.12163262119223
1.57404767215904	0.780807377405224
-0.338530582329419	0.0969729638077002
2.75805496536761	0.766752929661107
1.95793128711136	0.437766051086387
0.164122988767051	0.0488286730136595
0.154259314455831	0.0291924198815566
0.158989511121608	0.0298299152293259
1.04246313957759	0.393996072509476
2.75805496536761	0.766752929661107
1.95879552552655	0.437985228139192
1.45849632487227	0.482828278090187
0.173378039987466	0.0436162262322836
1.46265753359042	0.48460907431551
-3.75408629178645	1.47707900873706
1.96141436018454	0.438711417164155
2.75704467106166	0.766025498669684
2.75805496536761	0.766752929661107
1.96141436018454	0.438711417164155
1.83106456718648	0.715380743752126
0.957025852492456	0.254006696314478
1.46166504880046	0.484245680586438
1.04122776355439	0.393435934346114
1.46654605141329	0.485981855384374
1.57665847201362	0.782477729891176
1.04515347900522	0.395153426226023
1.46209127003869	0.484377128190959
-0.723767624574779	0.247384332637155
-3.08160228540496	0.95864568534502
1.95879552552655	0.437985228139192
2.11692464856437	0.944608977413808
3.26835783601252	1.12163011968705
0.177812920485068	0.0445891130396879
1.95879552552655	0.437985228139192
1.95793128711136	0.437766051086387
0.1732138890056	0.0435401196761172
0.153267904345544	0.0519012670754554
1.95879552552655	0.437985228139192
2.12003407699892	0.946082017174371
1.95793128711136	0.437766051086387
-0.227441017787439	0.0731781771853789
1.04515347900522	0.395153426226023
-0.338530582329419	0.0969729638077002
-0.338291342092883	0.0968475173314605
-0.212357205540156	0.0684063232030831
0.823888102049168	0.345906037374267
1.95879552552655	0.437985228139192
3.27424476347588	1.12391188707828
0.957025852492456	0.254006696314478
0.532438411561851	0.190754397880712
1.56858772607625	0.777105657890968
0.678685727410979	0.214982042405379
0.825259930104852	0.346551823974158
-0.719307886400812	0.245829792820617
-3.08247559880565	0.958940682858076
0.956021254579335	0.253830462538477
-0.969953586135649	0.478561885458798
0.679042954927262	0.214964314584285
0.157971563808893	0.0296806747786729
0.611648713858099	0.320942207737644
0.164738242561747	0.0490009495728858
1.82912964257087	0.714770179842855
1.95879552552655	0.437985228139192
3.64405193165419	1.43312407887711
0.52514060296115	0.187936804496971
1.46265753359042	0.48460907431551
0.177812920485068	0.0445891130396879
1.82851727583204	0.714435845516616
0.157971563808893	0.0296806747786729
0.158989511121608	0.0298299152293259
0.174933567082256	0.0439573605408891
2.12325323580269	0.948602765952738
-1.12825544522804	0.339732258677114
1.83009713438939	0.715173729277155
3.26732978575294	1.1211772426211
0.16934280349587	0.0427080042196444
2.75704467106166	0.766025498669684
2.7590679263751	0.76692961097815
3.26938718630885	1.12163262119223
0.159251072645633	0.0298673857617753
1.0896221211529	0.670765961325219
0.400830084073374	0.181327196807139
-1.81200943037821	0.734241478143734
1.57665847201362	0.782477729891176
-0.61946410648704	0.150698865008898
-0.22409854686417	0.111670475661556
0.173940988172143	0.0437550114519682
2.75704467106166	0.766025498669684
0.174370024960364	0.0438183729016174
1.05057733179946	0.397426127671897
-3.08160228540496	0.95864568534502
-0.51356584815166	0.19374765811596
0.171653101789031	0.0431973221484952
0.533034126671957	0.190984669183042
0.173940988172143	0.0437550114519682
0.164122988767051	0.0488286730136595
0.159251072645633	0.0298673857617753
0.17294827606403	0.0435260072159332
1.82851727583204	0.714435845516616
0.674624067917918	0.213658555919133
0.675232747867266	0.213789953820415
0.17738312662749	0.0444846964186047
-3.07750490916701	0.956880231933195
0.171094196191277	0.0507164425340757
0.162171049505848	0.0303007576998756
1.83223894779093	0.716336716062103
0.158989511121608	0.0298299152293259
0.158989511121608	0.0298299152293259
0.16190498991222	0.0302625824147867
-0.620326325745573	0.150885642821786
0.956021254579335	0.253830462538477
1.46067242606004	0.483688692701864
0.162171049505848	0.0303007576998756
-1.02000263547267	0.402451186762966
-0.624623675797245	0.151937920429117
3.26938718630885	1.12163262119223
0.162352652580513	0.0483303505238246
-3.45770349111026	1.22440023898504
1.04272737841263	0.394268038065867
0.676558588301015	0.214207370803977
3.26835783601252	1.12163011968705
-3.07707720857862	0.956361112132394
-1.12881513859764	0.339906487322227
-1.27376859523398	0.572115256020773
2.12456086885217	0.948794418566506
0.161736914950373	0.0481441679802126
0.157971563808893	0.0296806747786729
1.46010735547628	0.483457516052687
1.33686934913081	0.583851214307558
1.57746265819892	0.78295039641865
0.959294652844364	0.254663957360155
0.16566376423511	0.049220972992664
0.533034126671957	0.190984669183042
2.7590679263751	0.76692961097815
1.83009713438939	0.715173729277155
1.46209127003869	0.484377128190959
-1.79763019308962	0.379603777700996
0.180709566490231	0.0452024551059557
-1.12881513859764	0.339906487322227
0.539860130057183	0.19347257336536
-3.08247559880565	0.958940682858076
1.95879552552655	0.437985228139192
1.95793128711136	0.437766051086387
1.95793128711136	0.437766051086387
2.75805496536761	0.766752929661107
0.532196819047093	0.190683131950839
0.958855818540361	0.254543321351908
0.168774858509076	0.0425819447497206
0.39420825444605	0.178220931332244
0.826500453888607	0.347127630775895
-1.0225353038078	0.403750407139113
1.0418455851348	0.393863567086238
0.956021254579335	0.253830462538477
2.75704467106166	0.766025498669684
1.042990826383	0.394180541091972
1.04422575936648	0.394740889448914
-0.339136742629042	0.0971078731889835
0.153738391983287	0.0520386273806585
1.07063512565456	0.517703792604127
0.453093480981549	0.181948913825526
1.82912964257087	0.714770179842855
0.174933567082256	0.0439573605408891
1.04577073722875	0.395582052714565
1.95793128711136	0.437766051086387
2.76095211479574	0.768066673537379
-2.57421277656498	0.657506382974291
2.12175361138722	0.947733160087778
0.162954029252909	0.0484564307378685
0.957461191854986	0.254126256439643
0.531358567637365	0.190353154457246
0.676200627845659	0.214099921395796
-0.61946410648704	0.150698865008898
0.956455214607419	0.253949648163622
0.693861867674795	0.324797824634842
-0.3395018260887	0.0972061822975938
1.95793128711136	0.437766051086387
1.0418455851348	0.393863567086238
1.95793128711136	0.437766051086387
1.96141436018454	0.438711417164155
0.159042375477486	0.0473891494040675
0.1677792397568	0.0498341730879395
4.17525305412324	2.00082473978421
-3.75779539313074	1.48038803127513
0.148612908401246	0.0503807422085685
-3.08247559880565	0.958940682858076
2.11842867036876	0.945672460079198
1.33208469099746	0.58115584608196
0.829236925917971	0.348498849117085
0.156017379184159	0.052780976044765
0.52968127803567	0.189632310501113
0.906585024210563	0.490133279396643
-0.089783731268869	0.0356915480451247
-0.771167851788504	0.335180013603335
1.4604038372023	0.483769829709272
0.174503749901052	0.0438676710334476
3.93619624132367	1.72285510420218
0.677168456003689	0.214339100225988
0.174933567082256	0.0439573605408891
2.76489171529978	0.769665555456845
1.06405726468699	0.513657736609251
0.532438411561851	0.190754397880712
0.401654656745815	0.181752172791282
1.04272737841263	0.394268038065867
-0.518386429636852	0.195700313035901
0.446913247781489	0.179197436924564
2.76095211479574	0.768066673537379
2.56151137110231	1.41766184479802
0.956455214607419	0.253949648163622
1.82912964257087	0.714770179842855
1.3329197605053	0.581616348611346
0.157971563808893	0.0296806747786729
1.04360842637382	0.394608583742794
0.670081697347895	0.212111377241056
-0.215221304062718	0.0693199317381142
0.957025852492456	0.254006696314478
0.530165701430798	0.189830529659283
0.958855818540361	0.254543321351908
2.75805496536761	0.766752929661107
0.955450516302873	0.253599562429476
1.96141436018454	0.438711417164155
1.08469780338091	0.667191222375863
1.33436498010043	0.582269865257075
0.675232747867266	0.213789953820415
-1.50982433145335	0.535480148233091
2.11780862301852	0.945248734413775
1.04360842637382	0.394608583742794
-0.146809742742999	0.052468533546798
-0.218096087384631	0.0701860099861319
-2.57447078703937	0.657780381714024
1.04488949167403	0.395085051250541
-1.50982433145335	0.535480148233091
1.04272737841263	0.394268038065867
0.153267904345544	0.0519012670754554
-0.399771805571474	0.166731259005274
0.154840124243646	0.0672921998451361
1.0418455851348	0.393863567086238
0.173940988172143	0.0437550114519682
0.678685727410979	0.214982042405379
1.04665020030324	0.395956904990197
3.93818909907967	1.72414013073745
0.955017933589342	0.253480850166851
-0.620326325745573	0.150885642821786
0.166237072413587	0.0493846591201304
1.46166504880046	0.484245680586438
0.157551794623713	0.0683609752419864
-0.337559379634888	0.0966770330278957
-1.12825544522804	0.339732258677114
1.95793128711136	0.437766051086387
0.674624067917918	0.213658555919133
-0.512449464753816	0.193279455944103
-3.75288411079685	1.47718399320021
-1.7975657981284	0.379599665892429
-1.81738212013859	0.737229580571004
0.174503749901052	0.0438676710334476
0.162171049505848	0.0303007576998756
0.532196819047093	0.190683131950839
1.57210990848961	0.779722751474671
0.173378039987466	0.0436162262322836
1.3366322141597	0.58354097730275
-1.50982433145335	0.535480148233091
0.956021254579335	0.253830462538477
-3.07750490916701	0.956880231933195
-3.08247559880565	0.958940682858076
-0.625191995446008	0.152059991852936
1.04210966752671	0.393840140799123
-0.388894864966052	0.161759502133941
-0.212700860727539	0.0685566980358174
0.166894126545373	0.0495801423286346
2.11692464856437	0.944608977413808
-0.717804035722151	0.245206559878684
1.46398903776532	0.484992681122713
1.06579457323925	0.514454684207409
3.93297854230234	1.72057752612902
0.443022705967708	0.177563935472151
1.32587189831581	0.577558696272949
-0.396877809741666	0.165363075656421
0.803385816271494	0.484877944855842
-1.79763019308962	0.379603777700996
0.448524252970948	0.179929065158735
0.675591354383564	0.213968352567141
0.161460812920862	0.048044569646078
0.15823182603157	0.0297179405544109
1.32813102430531	0.578875818998384
-0.617491939447093	0.150288713008559
-0.214627712908801	0.0691154905123542
2.35640188519378	1.17514982426169
1.46265753359042	0.48460907431551
0.697753725304219	0.326881508385596
1.03703963555181	0.391624153547078
3.26835783601252	1.12163011968705
0.956021254579335	0.253830462538477
0.15823182603157	0.0297179405544109
1.46209127003869	0.484377128190959
0.172643132163515	0.0434132410698589
1.04422575936648	0.394740889448914
0.155282002123357	0.02934225636165
3.26732978575294	1.1211772426211
3.26732978575294	1.1211772426211
0.15823182603157	0.0297179405544109
1.46166504880046	0.484245680586438
0.678685727410979	0.214982042405379
0.395613869471232	0.17869394202919
-0.513824129140511	0.193894300368019
1.4655515469736	0.485738470948645
-1.51433726696095	0.537497293520418
-0.220958178322115	0.071110594346136
-0.620903335937371	0.151058535991718
-1.12837428626612	0.339637586745731
-0.513824129140511	0.193894300368019
0.528236092469745	0.189119596677675
-0.513824129140511	0.193894300368019
0.611648713858099	0.320942207737644
-1.13338534815793	0.341498686250824
-1.79763019308962	0.379603777700996
0.525378140173977	0.188039309051153
1.46597699067366	0.485748477491111
1.95793128711136	0.437766051086387
1.95879552552655	0.437985228139192
1.04996163468299	0.396997160832771
0.956455214607419	0.253949648163622
3.63896224062815	1.42951913528691
0.17738312662749	0.0444846964186047
-0.982123877660898	0.486048635639571
1.32753298884589	0.578543003685696
0.157971563808893	0.0296806747786729
0.162968126753743	0.0485024678975847
0.173378039987466	0.0436162262322836
-0.724110175343364	0.247660897147714
0.162352652580513	0.0483303505238246
0.956021254579335	0.253830462538477
0.158989511121608	0.0298299152293259
0.15823182603157	0.0297179405544109
3.27025913837768	1.12233669524588
-3.07750490916701	0.956880231933195
-2.06780514452654	0.938309132013353
1.27657020644103	0.703033270984241
-3.45284250285449	1.22194559695964
2.12087192734391	0.947138368475404
-0.948685413778171	0.582943166194018
0.959865181244613	0.254814612498812
0.529918814853225	0.189819007683608
0.675591354383564	0.213968352567141
-0.340593087152544	0.0975352685660813
0.159042375477486	0.0473891494040675
1.04182554907797	0.393703969965548
0.691933817668349	0.3238787341333
-0.338896474896558	0.0970421752101679
-0.625630686390319	0.152156798395567
-0.14575574418188	0.0521067853554539
-1.50982433145335	0.535480148233091
0.701205183631668	0.328821806891723
0.158989511121608	0.0298299152293259
-0.765393886375822	0.332069371790106
0.165353233252732	0.0491580922731075
-0.714755800696332	0.244129665196273
-0.620326325745573	0.150885642821786
0.527044238798593	0.188665151211694
-0.216657809109618	0.0697687117469907
-1.7975657981284	0.379599665892429
-0.338896474896558	0.0970421752101679
1.95879552552655	0.437985228139192
2.35807525788525	1.1763957204921
1.33543856501865	0.58285380410182
0.67498185747701	0.213690207850534
2.75805496536761	0.766752929661107
3.26938718630885	1.12163262119223
1.46498308680977	0.485505347800691
1.95879552552655	0.437985228139192
-0.617055950695462	0.150241664375452
0.680267294542255	0.215376555237081
2.12263439025233	0.948179078254044
0.671045597340039	0.212419421287662
-0.619895187822925	0.150839789138775
0.955017933589342	0.253480850166851
-0.485523813446123	0.254818668174171
1.5801664414506	0.784629830352722
1.06426626131192	0.513632757961589
-0.337924641037297	0.0968088152153293
-0.517825107309169	0.195474359908123
0.951724523631597	0.252769110062367
-0.521403994764915	0.196949544068639
1.07063512565456	0.517703792604127
0.168393915595915	0.0499912542478598
-0.0924190344286799	0.0367263417359668
-0.518386429636852	0.195700313035901
0.525378140173977	0.188039309051153
0.173940988172143	0.0437550114519682
-0.33604699779225	0.0962542202740646
1.0433448222306	0.394400438672122
0.957025852492456	0.254006696314478
0.532196819047093	0.190683131950839
3.27025913837768	1.12233669524588
1.82806846311762	0.714181490452948
2.75704467106166	0.766025498669684
0.15823182603157	0.0297179405544109
0.16190498991222	0.0302625824147867
1.46498308680977	0.485505347800691
2.36204591666307	1.17952427739241
0.820031775910475	0.344053152724765
1.83162438273742	0.716000775412828
2.36037500052639	1.17841315078791
1.83009713438939	0.715173729277155
0.450436111391181	0.180774850838104
1.2864020668186	0.710803485985633
0.164122988767051	0.0488286730136595
-3.07793266340176	0.957013587093989
2.76197196120423	0.768541369225187
1.04096305100241	0.393348131713795
-2.57472877667238	0.65760345889815
-1.13395018438652	0.341592389781504
2.7590679263751	0.76692961097815
0.175496922320134	0.0440701137079318
-3.45228414088993	1.22181665198441
-0.718081625995024	0.245384533690959
1.46398903776532	0.484992681122713
1.95793128711136	0.437766051086387
-1.50824112923963	0.534752090600511
0.531600808944957	0.190452833446827
0.674015164989584	0.213380808783075
2.75805496536761	0.766752929661107
-0.336952847519868	0.096512855057735
0.530762262945688	0.190122868111177
-0.528810566940987	0.199985225765841
4.56134718384622	2.56101527851967
-0.0983094882699554	0.0389944655091387
1.33579772039654	0.583034617768404
0.447719113317435	0.179573027507233
0.142984025751439	0.0548595344448823
-1.02312783931858	0.403977027889059
1.33856572193498	0.584370161748649
0.955017933589342	0.253480850166851
0.447191186095611	0.179329255309907
1.27496288218597	0.701642667176307
0.529918814853225	0.189819007683608
1.33543856501865	0.58285380410182
-0.388408062610022	0.161550493058169
0.459339193301182	0.184484990975319
2.12542610781103	1.48288873094345
0.156447071209317	0.052937950851718
0.536145192793524	0.192183675780863
3.93619624132367	1.72285510420218
-0.51356584815166	0.19374765811596
-1.48687302529759	0.75019393142496
0.17294827606403	0.0435260072159332
2.11957433477146	0.946159869437877
0.681183225722083	0.215602714602321
0.167508913203689	0.0497372165616833
0.960305402281055	0.254935680101795
0.1677792397568	0.0498341730879395
1.96141436018454	0.438711417164155
0.957025852492456	0.254006696314478
1.95879552552655	0.437985228139192
2.75704467106166	0.766025498669684
0.952729371406254	0.252945498225285
1.95793128711136	0.437766051086387
-4.00060249775695	1.7251002979005
-3.07793266340176	0.957013587093989
0.955017933589342	0.253480850166851
0.957025852492456	0.254006696314478
1.04360842637382	0.394608583742794
-0.338896474896558	0.0970421752101679
-0.231528212405122	0.115526672922655
-0.601700581743725	0.28850348523036
0.163378754234194	0.0709475834326165
4.18262191893244	2.0059441468171
0.678074042401891	0.214702481365457
-1.12781381973937	0.339579374120096
0.173940988172143	0.0437550114519682
0.178378460373537	0.04470234426639
-1.12825544522804	0.339732258677114
-0.0971039501128838	0.0385233851685582
0.15823182603157	0.0297179405544109
0.956455214607419	0.253949648163622
-0.338530582329419	0.0969729638077002
0.158989511121608	0.0298299152293259
0.173378039987466	0.0436162262322836
0.957025852492456	0.254006696314478
0.957025852492456	0.254006696314478
0.158989511121608	0.0298299152293259
-1.13338534815793	0.341498686250824
-1.7975657981284	0.379599665892429
2.75805496536761	0.766752929661107
0.157971563808893	0.0296806747786729
-0.620473624670499	0.150917804175241
1.04272737841263	0.394268038065867
-0.620326325745573	0.150885642821786
0.454666250486764	0.182568199249663
0.530987012632398	0.190124308619808
0.67498185747701	0.213690207850534
1.46209127003869	0.484377128190959
-0.620903335937371	0.151058535991718
1.95793128711136	0.437766051086387
1.95793128711136	0.437766051086387
0.676558588301015	0.214207370803977
-0.343686146411719	0.0983921171207581
1.95793128711136	0.437766051086387
0.16190498991222	0.0302625824147867
-2.57821111666453	0.659475059970799
0.159251072645633	0.0298673857617753
0.157971563808893	0.0296806747786729
-1.02312783931858	0.403977027889059
2.75805496536761	0.766752929661107
-3.4565767152091	1.22430361707387
0.173378039987466	0.0436162262322836
0.959865181244613	0.254814612498812
0.61200053891394	0.32116252891565
0.165007048838445	0.0490553112296366
0.174933567082256	0.0439573605408891
0.155633462099864	0.0526590412092563
0.397500106551501	0.179583921147379
1.46888833949966	0.486728891803906
0.398695286221013	0.180114822046789
-0.620326325745573	0.150885642821786
0.696629251122635	0.326266216208756
1.82755032422624	0.713907775987463
1.04577073722875	0.395582052714565
1.57585328800947	0.781914893440029
1.57428821977256	0.780522983080544
0.455287948259215	0.182878051821182
1.45610475462186	0.908923404304757
2.12237275162321	0.948156957082224
1.06850735596624	0.516072578027481
0.956021254579335	0.253830462538477
0.157819787360587	0.0533909827533473
-0.22791667628394	0.11367905436001
1.95793128711136	0.437766051086387
-2.57447078703937	0.657780381714024
0.829236925917971	0.348498849117085
-2.57472877667238	0.65760345889815
-0.715646834778114	0.244453295526364
-1.02874670321027	0.406592521454169
0.176818183184722	0.0443715906559113
-2.57447078703937	0.657780381714024
0.173940988172143	0.0437550114519682
-0.215815148052618	0.0695090074287807
0.678074042401891	0.214702481365457
2.75704467106166	0.766025498669684
0.678685727410979	0.214982042405379
3.26732978575294	1.1211772426211
0.530762262945688	0.190122868111177
2.76489171529978	0.769665555456845
1.82658331770683	0.713161725221294
-0.620326325745573	0.150885642821786
0.159251072645633	0.0298673857617753
0.531358567637365	0.190353154457246
0.673526469252074	0.213227712607827
2.75805496536761	0.766752929661107
0.907041268970919	0.490496978709264
-1.48552863550196	0.749052834460781
0.822450638269115	0.345345024290892
1.04665020030324	0.395956904990197
0.403017689363334	0.182433699553409
-0.0956056152032114	0.0379043795807342
0.525974790890797	0.188312313683146
0.16566376423511	0.049220972992664
-2.57472877667238	0.65760345889815
-1.50982433145335	0.535480148233091
-0.527691412876658	0.199575669063013
0.677716162542668	0.214611870267994
-0.51812811293967	0.195578845806807
2.12263439025233	0.948179078254044
2.11957433477146	0.946159869437877
2.11842867036876	0.945672460079198
-0.617055950695462	0.150241664375452
3.93943155056959	1.72383033377118
0.956021254579335	0.253830462538477
0.955017933589342	0.253480850166851
0.396915452026465	0.179527619920334
0.956455214607419	0.253949648163622
0.158989511121608	0.0298299152293259
2.75805496536761	0.766752929661107
0.158989511121608	0.0298299152293259
-1.80127875869	0.380587746892248
2.7590679263751	0.76692961097815
1.95879552552655	0.437985228139192
1.04269860178891	0.393963010259592
0.177812920485068	0.0445891130396879
0.164738242561747	0.0490009495728858
0.169597395212402	0.050285883683415
0.692040596487325	0.32349253346551
0.153380510069301	0.0587543815109685
1.08876045639392	0.670034129434092
1.82816209415628	0.714241631039221
0.155205580878186	0.0525315583518307
-0.215221304062718	0.0693199317381142
0.173940988172143	0.0437550114519682
0.173378039987466	0.0436162262322836
0.157971563808893	0.0296806747786729
-1.12769593434811	0.339436368028373
0.159251072645633	0.0298673857617753
1.96141436018454	0.438711417164155
0.158989511121608	0.0298299152293259
0.157971563808893	0.0296806747786729
0.673656731319726	0.21327169490293
0.174503749901052	0.0438676710334476
-0.337924641037297	0.0968088152153293
0.664895970967757	0.210324583821259
1.46109938210879	0.484014060767982
-3.75779539313074	1.48038803127513
0.159565625906121	0.0475096222585406
0.447996914446478	0.17968538770428
1.04638771946291	0.395714063580135
-1.12825544522804	0.339732258677114
1.46265753359042	0.48460907431551
0.606828046375715	0.318549819537036
3.93818909907967	1.72414013073745
-0.338896474896558	0.0970421752101679
-0.722611557468775	0.247018823049159
-0.0935738936420421	0.0371388620065688
1.33208469099746	0.58115584608196
-0.299790583611754	0.137622751195604
0.818179749289425	0.34304118495458
0.824451710034132	0.346189076295124
0.162338925211519	0.0482955049730846
1.83045100463037	0.715045718111181
1.06054869994008	0.511395018263471
-0.396877809741666	0.165363075656421
-2.06503800706302	0.936339193932813
0.451240643407656	0.181143919700285
0.673048421642057	0.212994504688281
1.46209127003869	0.484377128190959
0.160845141692418	0.0478627209943367
0.173378039987466	0.0436162262322836
0.16323818852145	0.0485873708307168
0.448524252970948	0.179929065158735
3.27129205644114	1.12317050813274
-1.12825544522804	0.339732258677114
1.95793128711136	0.437766051086387
0.688331321462894	0.321686308305393
-0.523032334451301	0.197668387893991
1.95793128711136	0.437766051086387
1.95793128711136	0.437766051086387
0.682768911730453	0.216205939655595
0.449051374752847	0.180146054252177
1.57380699802241	0.780349499816827
1.83320872066104	0.716809839835328
1.04665020030324	0.395956904990197
1.32958538534665	0.579533015146896
1.09002588945441	0.671211219366245
0.165007048838445	0.0490553112296366
0.908680273620928	0.491719338853174
0.367883385889872	0.186216949652903
1.27726475097444	0.703417390813893
3.64204563210395	1.43174087144813
1.33627269313236	0.583274378319538
2.13818448656044	1.50000498489774
-3.07836047129561	0.956774727997911
0.156929680383718	0.0467922138042666
1.57162700882952	0.779006210019572
0.952729371406254	0.252945498225285
-1.27758034119831	0.574328219964811
-0.052552523759718	0.0229083052751093
0.827138700210963	0.347469678439672
1.07280113240065	0.518740866120925
1.46109938210879	0.484014060767982
-0.390894601125623	0.162597023688012
0.679297187320958	0.21511425797511
-0.723225679429377	0.247243051260999
0.176818183184722	0.0443715906559113
-0.717804035722151	0.245206559878684
2.75805496536761	0.766752929661107
0.956455214607419	0.253949648163622
0.950720958067184	0.252420162622268
0.157971563808893	0.0296806747786729
1.83126911611682	0.715624907230154
0.956455214607419	0.253949648163622
1.95879552552655	0.437985228139192
1.95793128711136	0.437766051086387
-0.338530582329419	0.0969729638077002
3.93397258257213	1.72120776019779
0.155490335273875	0.0595707244029917
0.151061641523147	0.0578640062767647
2.12175361138722	0.947733160087778
0.164738242561747	0.0490009495728858
-2.57447078703937	0.657780381714024
-0.347295985392695	0.0993628531922885
3.26732978575294	1.1211772426211
1.04577073722875	0.395582052714565
1.04577073722875	0.395582052714565
0.957025852492456	0.254006696314478
0.157971563808893	0.0296806747786729
0.536145192793524	0.192183675780863
1.83106456718648	0.715380743752126
-1.80127875869	0.380587746892248
0.688551342744094	0.322152635197908
1.08393189098532	0.667302061294474
0.831620070236954	0.349690062054934
-4.00182249544158	1.72625328461739
1.96141436018454	0.438711417164155
1.57858724853769	0.783744990828232
3.93297854230234	1.72057752612902
0.955017933589342	0.253480850166851
0.154392805413983	0.0522705690038812
-1.49602058833848	0.756782609894967
-1.67059954075864	0.941785806067305
1.07010886674495	0.517170860438559
0.532196819047093	0.190683131950839
0.370967040989239	0.18795075771904
1.042990826383	0.394180541091972
0.446635544541179	0.179001024679317
-0.398585456762694	0.166186996219251
1.62422145462892	1.1396922429355
0.158364306145836	0.0769893520085495
1.27576680597832	0.702365019041069
1.06632392555289	0.514786948757726
1.27558660920675	0.70197999598265
1.06458282875738	0.514129127888053
1.04425646373355	0.394601045991464
0.1568747277724	0.0467368905798788
-0.514641699367006	0.194166196064157
0.446384732504796	0.1789536030377
0.674624067917918	0.213658555919133
-0.141414888169625	0.0506240183742795
1.46166504880046	0.484245680586438
0.154213873214451	0.0668719322751229
0.169276668042905	0.0502222390274525
1.3346506909739	0.582358679746953
1.95879552552655	0.437985228139192
3.64405193165419	1.43312407887711
-0.716259781908703	0.244657557065158
1.04360842637382	0.394608583742794
1.95793128711136	0.437766051086387
0.951724523631597	0.252769110062367
0.158989511121608	0.0298299152293259
1.96141436018454	0.438711417164155
0.164122988767051	0.0488286730136595
0.535902929212832	0.192030732305526
0.679297187320958	0.21511425797511
2.75033847024155	1.68367117623632
1.57786486402325	0.782837253133649
-0.612856228911912	0.294879135149658
-3.4565767152091	1.22430361707387
-1.50922180218546	0.535188573690381
-0.0933207684075852	0.0370783910848582
0.527044238798593	0.188665151211694
4.17939269952942	2.00427610225247
-1.01915358936262	0.402069935250146
1.82495557630994	0.712549465993881
-0.399288136656213	0.166505690554879
0.673656731319726	0.21327169490293
-0.386293460540267	0.160589854213055
0.173378039987466	0.0436162262322836
0.955450516302873	0.253599562429476
-0.516445778893015	0.194901695063007
0.956455214607419	0.253949648163622
1.04752875622395	0.396218430849903
3.64405193165419	1.43312407887711
-0.617491939447093	0.150288713008559
1.46654605141329	0.485981855384374
2.11842867036876	0.945672460079198
0.674015164989584	0.213380808783075
1.9603236932673	1.22199994640037
-1.82347380737674	1.14415413818676
1.82912964257087	0.714770179842855
-2.06385762430133	0.935433907837447
1.82806846311762	0.714181490452948
1.82816209415628	0.714241631039221
-0.342463785834028	0.0980578484034576
0.17294827606403	0.0435260072159332
1.33520072787008	0.582923907307515
0.159920372276999	0.0476279199969756
2.56255837512531	1.41870343382469
-0.516445778893015	0.194901695063007
-0.517825107309169	0.195474359908123
1.82806846311762	0.714181490452948
0.163853552605343	0.0487595972376143
1.77727565882911	0.989986989569331
0.153762604699601	0.0589435881914417
0.676200627845659	0.214099921395796
-1.51540051100815	0.53784570711347
1.78599007914645	0.996994253232233
-1.67492564189792	0.946715352406741
2.35783908683091	1.17632259504716
1.96520528341014	1.22799387559306
-1.02275196325719	0.403905696700775
0.673656731319726	0.21327169490293
-1.02168632234953	0.403201742865738
2.35783908683091	1.17632259504716
0.153267904345544	0.0519012670754554
1.7822791940456	0.994155868981732
0.527404119121822	0.188820766466342
0.163853552605343	0.0487595972376143
0.156194652005494	0.0528469788655222
0.814120105613661	0.341106496712837
-1.81766723004699	0.737367259253776
-0.222633069722699	0.0716499874142472
0.17294827606403	0.0435260072159332
1.33147701080788	0.580768770695237
1.82851727583204	0.714435845516616
-0.338896474896558	0.0970421752101679
1.46010735547628	0.483457516052687
1.95793128711136	0.437766051086387
0.450961924488652	0.181018370719246
1.03791471976137	0.392024637204806
0.159251072645633	0.0298673857617753
0.67498185747701	0.213690207850534
2.75704467106166	0.766025498669684
2.75704467106166	0.766025498669684
-1.79763019308962	0.379603777700996
0.817859684062547	0.34292547743413
2.7590679263751	0.76692961097815
1.83009713438939	0.715173729277155
-2.63025790803151	1.60767176512738
1.77771024060545	0.989359986576013
-0.767022641863621	0.33272570428858
0.971063332342774	0.664401642627891
-0.71869462645605	0.245625159522256
-1.16218228450367	0.650423445856817
1.27706170958179	0.70310260830755
-1.81200943037821	0.734241478143734
1.77983958461778	0.991921136034635
-0.217493795516912	0.0700823766807278
1.46109938210879	0.484014060767982
-1.12881513859764	0.339906487322227
-0.52415274028227	0.198056534648652
0.958855818540361	0.254543321351908
-0.71869462645605	0.245625159522256
1.33208469099746	0.58115584608196
-1.81291187157146	0.734751884578751
1.46498308680977	0.485505347800691
2.36180968699894	1.17953323514936
0.173940988172143	0.0437550114519682
-3.07750490916701	0.956880231933195
-3.75348509589231	1.47731393970503
0.956021254579335	0.253830462538477
1.04122776355439	0.393435934346114
-0.61946410648704	0.150698865008898
1.46654605141329	0.485981855384374
0.53304001957238	0.19090050147971
1.28281476542302	0.707778269521719
1.06214611876241	0.512522872891445
3.26630303248094	1.12023058934939
1.95879552552655	0.437985228139192
1.95793128711136	0.437766051086387
1.95793128711136	0.437766051086387
1.46067242606004	0.483688692701864
-0.334465167213362	0.0958562903993202
0.447996914446478	0.17968538770428
1.33351744615377	0.581727707383388
1.46265753359042	0.48460907431551
-2.47231877614945	1.37488666696301
0.693057572147643	0.324423911743831
-1.81262047956212	0.734554727038592
0.146991565554296	0.0498368434412969
-0.222038342595648	0.0714812050319378
1.58183603092417	0.785808451648072
-1.81291187157146	0.734751884578751
-1.32046512768811	0.82560228093035
-1.02815379565769	0.406346884447955
0.823287580279974	0.345739910808307
-0.0969466131754274	0.0384519535755068
0.453895346031807	0.182255758735635
0.444874852039873	0.178402850014281
0.675948496687313	0.213928974911644
0.15823182603157	0.0297179405544109
1.27657020644103	0.703033270984241
0.531954615713782	0.190517989079214
0.678074042401891	0.214702481365457
-0.149109006987793	0.0533158375998453
1.46455689811314	0.485225385720349
0.158989511121608	0.0298299152293259
-0.214627712908801	0.0691154905123542
0.531358567637365	0.190353154457246
-0.142747701481568	0.0510783991590262
0.675591354383564	0.213968352567141
-0.214973425440132	0.0692286309045475
0.173378039987466	0.0436162262322836
-0.621333103088639	0.151104040920032
1.33208469099746	0.58115584608196
-0.620473624670499	0.150917804175241
0.823324250399777	0.345498976757898
-0.334465167213362	0.0958562903993202
1.46498308680977	0.485505347800691
-0.724110175343364	0.247660897147714
0.159251072645633	0.0298673857617753
1.46067242606004	0.483688692701864
1.83162438273742	0.716000775412828
2.1370213784233	1.49791595936293
-0.334465167213362	0.0958562903993202
2.35891051657504	1.17683670292217
-0.517825107309169	0.195474359908123
-1.16704004528085	0.654156355296391
1.2803397545652	0.706012673546556
1.27446985125031	0.701263588293606
3.64101793434512	1.43134239135362
2.12149136184524	0.947562188308172
0.152959680335823	0.0663022352705164
0.959865181244613	0.254814612498812
2.12940216144865	0.951406371567197
-1.26919005446438	0.56947477022477
2.12325323580269	0.948602765952738
1.82816209415628	0.714241631039221
-0.3395018260887	0.0972061822975938
-0.14575574418188	0.0521067853554539
1.04665020030324	0.395956904990197
0.155282002123357	0.02934225636165
3.27129205644114	1.12317050813274
-0.620903335937371	0.151058535991718
0.164738242561747	0.0490009495728858
0.166894126545373	0.0495801423286346
0.680267294542255	0.215376555237081
3.93297854230234	1.72057752612902
1.46067242606004	0.483688692701864
0.453617681132945	0.182119165755565
0.164738242561747	0.0490009495728858
1.04577073722875	0.395582052714565
0.675232747867266	0.213789953820415
0.823888102049168	0.345906037374267
0.165622192143609	0.0492275837346074
0.172385921068679	0.0433875285709768
-0.0930339817058886	0.036924111285618
0.1677792397568	0.0498341730879395
0.675948496687313	0.213928974911644
-0.619895187822925	0.150839789138775
2.90353291785958	1.95570780938513
0.957461191854986	0.254126256439643
4.17847139446736	2.00361183825127
2.28247704101899	1.77429203934619
1.3329197605053	0.581616348611346
1.47281802212326	0.924153563779018
0.671045597340039	0.212419421287662
0.955450516302873	0.253599562429476
0.955450516302873	0.253599562429476
2.11780862301852	0.945248734413775
-0.972683812436132	0.480079206151412
0.530762262945688	0.190122868111177
1.04272737841263	0.394268038065867
2.73643827452641	1.66855864725559
0.167164301060576	0.0496616909525181
1.46455689811314	0.485225385720349
1.04691208503382	0.395789758105508
0.162171049505848	0.0303007576998756
-1.7975657981284	0.379599665892429
1.95793128711136	0.437766051086387
-0.625191995446008	0.152059991852936
2.76489171529978	0.769665555456845
2.75234369291341	1.68498776863705
0.455810449207081	0.183121015357883
0.448524252970948	0.179929065158735
1.46124888452658	0.913343086893615
-1.12781381973937	0.339579374120096
0.956455214607419	0.253949648163622
-0.715034146888943	0.244213254744201
-0.396718666437249	0.165283623451939
1.07116116689747	0.51803508033569
-0.780110599221874	0.339795729057378
0.676200627845659	0.214099921395796
-1.51457762983225	0.537411268536323
1.25551798575805	0.874943100047964
0.152362963176244	0.0583559062318995
0.149422101710692	0.0506397395463473
2.75704467106166	0.766025498669684
0.823888102049168	0.345906037374267
-0.620903335937371	0.151058535991718
2.76197196120423	0.768541369225187
1.04246313957759	0.393996072509476
0.664895970967757	0.210324583821259
-1.12379649940684	0.33819735561451
0.180141640611436	0.0450617988321041
-3.46146192307772	1.22662947407805
0.447191186095611	0.179329255309907
0.162622561049093	0.0484009930995383
0.685899750435265	0.217091987488059
0.155282002123357	0.02934225636165
0.155633462099864	0.0526590412092563
0.956021254579335	0.253830462538477
0.168354166613062	0.0424807140134561
1.95879552552655	0.437985228139192
0.449630843335617	0.18036536102035
0.82105118508176	0.34453306763659
0.956455214607419	0.253949648163622
1.45941385003452	0.483259882361236
2.36519179042752	1.18155565800586
1.46498308680977	0.485505347800691
2.12087192734391	0.947138368475404
0.532196819047093	0.190683131950839
-1.02109432881299	0.402930914701451
1.28016355591198	0.706207937902467
0.827624029735347	0.347817645508971
-1.12781381973937	0.339579374120096
0.534955479672592	0.191660301050033
0.960305402281055	0.254935680101795
0.694638367563192	0.324989217155504
0.672560905238846	0.212860180111741
2.12263439025233	0.948179078254044
2.76095211479574	0.768066673537379
1.0418455851348	0.393863567086238
1.32753298884589	0.578543003685696
0.823078351695812	0.34550391355806
-1.12825544522804	0.339732258677114
1.46209127003869	0.484377128190959
0.956455214607419	0.253949648163622
0.147234994959691	0.0440392657453815
-3.07793266340176	0.957013587093989
2.12175361138722	0.947733160087778
1.06792550004102	0.515823496339435
3.93297854230234	1.72057752612902
0.678685727410979	0.214982042405379
1.95879552552655	0.437985228139192
0.168354166613062	0.0424807140134561
0.672009433869294	0.212657302786874
1.82755032422624	0.713907775987463
3.94043041797008	1.72503455887346
0.177247192199527	0.0444492499698682
0.173378039987466	0.0436162262322836
1.95793128711136	0.437766051086387
0.15823182603157	0.0297179405544109
-2.57447078703937	0.657780381714024
0.159251072645633	0.0298673857617753
1.83126911611682	0.715624907230154
1.06819760689239	0.515936667651363
0.154894668934731	0.0524121259747782
-0.976965501384897	0.482541778931257
2.74405380188869	1.67601205000483
0.675232747867266	0.213789953820415
0.370065221932034	0.187883402083045
0.535550464072287	0.191953357336806
-0.222876920203916	0.0717168348737093
-0.291558607034407	0.133496980691731
-0.221200715743042	0.0712222587266738
0.831620070236954	0.349690062054934
0.531842440037686	0.190461843261247
0.53471313464826	0.191636123836102
-0.215815148052618	0.0695090074287807
-0.720796252257125	0.246324871355909
-2.57472877667238	0.65760345889815
0.161270223243421	0.0700164738141702
3.27025913837768	1.12233669524588
-0.393091467495034	0.163750598389289
0.394500849991929	0.178242097072821
0.904304231779824	0.489060306148832
0.155977003538966	0.0597564056633356
-1.12837428626612	0.339637586745731
0.162352652580513	0.0483303505238246
-3.75658350496235	1.47972368837861
4.17939269952942	2.00427610225247
0.174933567082256	0.0439573605408891
1.95879552552655	0.437985228139192
1.95879552552655	0.437985228139192
1.04422575936648	0.394740889448914
1.04120842920151	0.393430906801103
0.814120105613661	0.341106496712837
3.27232628525746	1.12331698634376
0.15163725378301	0.0513522427960234
1.83417843227406	0.717062027537897
0.963167670198133	0.255599708567411
1.83162438273742	0.716000775412828
0.956021254579335	0.253830462538477
0.697117779795317	0.326513192615626
0.834359687397694	0.350880373036185
0.371226837848128	0.188227826864916
0.82469687251252	0.346268968053852
1.27967476581191	0.70553219604957
0.797182120206553	0.480378957749263
0.670081697347895	0.212111377241056
0.697923312786667	0.326988260319965
0.174370024960364	0.0438183729016174
0.446786935248547	0.179292535994645
0.531345582827114	0.190314424621574
2.75704467106166	0.766025498669684
1.95793128711136	0.437766051086387
-0.148585144209234	0.0531300006524212
0.697753725304219	0.326881508385596
-0.216657809109618	0.0697687117469907
1.96141436018454	0.438711417164155
1.57377569604676	0.780543610373562
0.675591354383564	0.213968352567141
-0.342463785834028	0.0980578484034576
1.83259355517544	0.716473450995655
1.03642094901871	0.391350967824649
1.042990826383	0.394180541091972
0.167786821496111	0.0423548811213711
-1.81200943037821	0.734241478143734
0.957025852492456	0.254006696314478
1.82948417010899	0.714838990299682
2.75805496536761	0.766752929661107
0.956021254579335	0.253830462538477
1.07521217165784	0.520472451854942
0.159233465858126	0.0691205424834073
-0.393091467495034	0.163750598389289
-1.48716983279988	0.75008912622263
-0.716259781908703	0.244657557065158
-2.46844674019623	1.37009055802319
-1.27978240891892	0.575496226977634
0.173940988172143	0.0437550114519682
2.02667567679841	1.92114781838012
-0.0463432822269442	0.0202855227438391
-0.1446627598823	0.051733083076893
0.534470172870219	0.191495164180491
1.06592849449521	0.514893865899559
-0.600553533923325	0.287542799273189
-0.216657809109618	0.0697687117469907
0.37952502390029	0.193002790640698
-1.81799459045243	0.737492070536281
0.819227685269736	0.343693096468269
-0.522777207619905	0.197556097300605
0.147302354674463	0.0499394029670841
-1.50884424560785	0.535043767502043
0.52764029394331	0.188938300410242
1.77930915240147	0.991027011590058
-0.215567228616167	0.0694084736962232
0.177812920485068	0.0445891130396879
0.15823182603157	0.0297179405544109
0.159251072645633	0.0298673857617753
2.36121094029696	1.17903949937985
0.678327026073525	0.214743904761834
1.82658331770683	0.713161725221294
0.692040596487325	0.32349253346551
0.675232747867266	0.213789953820415
0.165353233252732	0.0491580922731075
0.158989511121608	0.0298299152293259
1.46364987732708	0.48479584486453
1.27768506036499	0.703818812494367
-1.67780163746903	0.949050095404408
1.32981847919987	0.579849240847793
1.28504161160048	0.70979794015282
0.601414385450932	0.314856565330539
0.701039036075105	0.328731383661252
1.04665020030324	0.395956904990197
0.146375004827764	0.0561236835186149
0.677168456003689	0.214339100225988
0.159251072645633	0.0298673857617753
0.612429100181466	0.321549368250389
3.05222977381949	2.27635564393087
0.158989511121608	0.0298299152293259
-2.07121964727456	0.940607959344417
0.152195589623538	0.0582951480180515
0.823078351695812	0.34550391355806
0.828676365455995	0.348216635594115
-0.620473624670499	0.150917804175241
1.82710265989491	0.713711178135864
0.955573890382782	0.253753322308027
3.26835783601252	1.12163011968705
0.674491966739474	0.213488272769245
-0.337559379634888	0.0966770330278957
0.154457393639357	0.04608180800409
4.55967797951783	2.5587436242502
0.916923598826764	0.497381849853235
0.164468653517054	0.0489167663284228
0.17294827606403	0.0435260072159332
-1.7975657981284	0.379599665892429
-0.336952847519868	0.096512855057735
0.957025852492456	0.254006696314478
-2.57421277656498	0.657506382974291
0.525737293615157	0.188118349247929
1.46010735547628	0.483457516052687
1.3329197605053	0.581616348611346
3.94142925014609	1.72568889876336
-0.145998858470167	0.0521932143692289
0.90749734357105	0.490771141886538
0.535308159768992	0.19186644934071
-1.50922180218546	0.535188573690381
2.36264436384859	1.18001786124964
-0.396390830144092	0.165162480209876
0.822267625819136	0.345061712364334
1.57698010039245	0.782710522844369
0.694148080198457	0.324741670139151
0.673048421642057	0.212994504688281
3.26835783601252	1.12163011968705
0.150978564197462	0.0511367124353463
1.09086072908089	0.671908131250861
1.33520072787008	0.582923907307515
0.154356688151962	0.059132000415533
0.690322802043779	0.322793372224804
0.531345582827114	0.190314424621574
-0.721997705010856	0.24672678000295
2.36347807212762	1.18023781909014
1.46308301616168	0.484563679444736
2.35700222344558	1.17564373523042
0.538429897530365	0.192950352896287
1.95793128711136	0.437766051086387
2.7590679263751	0.76692961097815
0.673177180799231	0.213063750844139
1.33148644921435	0.580580180008122
-0.619895187822925	0.150839789138775
-0.517567096912483	0.195373080592303
0.159251072645633	0.0298673857617753
1.33603551913475	0.58343053611899
1.95793128711136	0.437766051086387
2.56711548567586	1.42327373895936
3.93397258257213	1.72120776019779
-0.0926618573180851	0.036786603271242
-1.12781381973937	0.339579374120096
0.159233465858126	0.0691205424834073
1.08883597221834	0.671237320280942
1.82755032422624	0.713907775987463
0.824908208115727	0.346355216780035
0.16934280349587	0.0427080042196444
0.675591354383564	0.213968352567141
1.83259355517544	0.716473450995655
-2.57447078703937	0.657780381714024
-0.625630686390319	0.152156798395567
-0.146282635967707	0.0522900631456069
-2.57447078703937	0.657780381714024
0.674624067917918	0.213658555919133
0.817616522741687	0.34285529214041
0.669467631715225	0.211908752948447
-1.12825544522804	0.339732258677114
0.675591354383564	0.213968352567141
1.33124867503934	0.580623928642544
3.63896224062815	1.42951913528691
1.82948417010899	0.714838990299682
0.531004542224133	0.190160354232034
-1.12725353624624	0.339405023147411
-0.146282635967707	0.0522900631456069
0.955450516302873	0.253599562429476
-0.716872988489582	0.244804032031292
2.35807525788525	1.1763957204921
0.674264818482823	0.213402910671394
0.175496922320134	0.0440701137079318
0.956021254579335	0.253830462538477
2.75805496536761	0.766752929661107
2.76197196120423	0.768541369225187
-3.4565767152091	1.22430361707387
1.46364987732708	0.48479584486453
0.820700968499144	0.344305264671876
0.957025852492456	0.254006696314478
1.83126911611682	0.715624907230154
0.823642509432085	0.345787097083453
-1.82194779917651	1.65667929403135
-0.388894864966052	0.161759502133941
0.153784739713925	0.0666752947243333
-0.517006318957255	0.195147442742932
3.93297854230234	1.72057752612902
1.33603551913475	0.58343053611899
0.907953248120581	0.490893279359396
0.407153738489131	0.184509458221359
0.397589917162397	0.17962908279386
0.168047617405793	0.0498928161895134
0.146592624886398	0.0562428764354406
0.556688934937848	0.324482726456165
0.447996914446478	0.17968538770428
2.12351425900057	0.948388101966043
2.35556378057502	1.17434088403307
-1.83542307908063	1.15640506299273
-1.81474611422927	0.735349939090998
1.3329197605053	0.581616348611346
0.448246823419833	0.17979017346935
1.04210966752671	0.393840140799123
0.956021254579335	0.253830462538477
3.93943155056959	1.72383033377118
0.675591354383564	0.213968352567141
1.82816209415628	0.714241631039221
0.956455214607419	0.253949648163622
1.82719449155949	0.713494970764503
0.955450516302873	0.253599562429476
-0.337924641037297	0.0968088152153293
1.95793128711136	0.437766051086387
-1.7975657981284	0.379599665892429
0.176253051776925	0.0442319878724308
0.679655237519559	0.215244174521264
-1.12837428626612	0.339637586745731
1.33375387884323	0.582007204647003
0.673048421642057	0.212994504688281
1.46166504880046	0.484245680586438
0.693224115693549	0.324622999234869
0.447719113317435	0.179573027507233
1.06739733051201	0.515491638140863
-0.215221304062718	0.0693199317381142
0.531358567637365	0.190353154457246
0.676558588301015	0.214207370803977
0.693657598045462	0.324440596501374
1.45750864016971	0.482642955020513
3.26732978575294	1.1211772426211
0.152346609586538	0.0515961830574703
1.03729632748488	0.391751460326444
0.68913729513982	0.322171680898193
0.956455214607419	0.253949648163622
1.95879552552655	0.437985228139192
0.164738242561747	0.0490009495728858
0.176253051776925	0.0442319878724308
0.825691409963229	0.346699820369323
0.952729371406254	0.252945498225285
0.67498185747701	0.213690207850534
0.676558588301015	0.214207370803977
0.678327026073525	0.214743904761834
1.04360842637382	0.394608583742794
0.532196819047093	0.190683131950839
0.679655237519559	0.215244174521264
0.158989511121608	0.0298299152293259
0.668504270521836	0.211524693005927
1.45750864016971	0.482642955020513
1.0418455851348	0.393863567086238
0.957025852492456	0.254006696314478
-0.215815148052618	0.0695090074287807
-0.766496980129333	0.332418881776531
1.33232181501832	0.581040506436256
-0.514942080348705	0.194323588932325
0.878493765376673	0.654542919140404
0.402405301815634	0.182229392818789
0.958855818540361	0.254543321351908
-0.149915159045215	0.0535975402652961
-0.51356584815166	0.19374765811596
0.605889734902178	0.317583573524645
0.614960791218191	0.323245454163855
0.451519590815481	0.181202486500645
-0.516748730928915	0.194980159188936
0.826007163197103	0.346879351565415
-0.310412598274663	0.142890331276374
0.563482167358734	0.329539717839362
0.682768911730453	0.216205939655595
0.153016180557848	0.051821004050093
0.168662278675518	0.0500652630774407
1.27446985125031	0.701263588293606
2.11780862301852	0.945248734413775
1.46265753359042	0.48460907431551
0.674015164989584	0.213380808783075
1.57938931952907	0.784048229611712
4.38485735302447	2.27617106410229
2.75805496536761	0.766752929661107
0.957025852492456	0.254006696314478
1.95793128711136	0.437766051086387
1.0444887245408	0.394848386181826
0.826067165265457	0.346841756945252
1.83009713438939	0.715173729277155
1.06606733749636	0.514463403746672
-1.7975657981284	0.379599665892429
1.82851727583204	0.714435845516616
-0.144419938894036	0.0516441997824019
-1.12781381973937	0.339579374120096
1.82851727583204	0.714435845516616
-0.624183598429151	0.151840837481169
-0.620326325745573	0.150885642821786
0.674015164989584	0.213380808783075
0.911624477883254	0.493739471418765
1.57183864477896	0.779521632894244
0.822586194812084	0.344978130670235
0.823642509432085	0.345787097083453
0.697435449537931	0.326741539527995
2.11931178949686	0.946188348024025
0.956021254579335	0.253830462538477
-2.57447078703937	0.657780381714024
-2.57821111666453	0.659475059970799
3.6399901361893	1.43067029650081
1.46265753359042	0.48460907431551
1.83065515075678	0.71528955791634
-1.12435877083653	0.338493350823416
2.12325323580269	0.948602765952738
0.956021254579335	0.253830462538477
0.818665325298562	0.343324495373721
1.0418455851348	0.393863567086238
1.46010735547628	0.483457516052687
2.75704467106166	0.766025498669684
1.07195961454264	0.518497681350102
0.16350747165244	0.0486421723506342
0.155919170661288	0.0527477169526474
0.164376602259593	0.0798600593557108
0.397500106551501	0.179583921147379
0.366251097387433	0.185315834522321
-1.02194301820446	0.403479228390162
-0.601642616826201	0.288463325677996
0.536145192793524	0.192183675780863
-0.771691513742003	0.335443022402567
1.46498308680977	0.485505347800691
-1.49181756580047	0.753997056871021
-0.777883862168253	0.512660515716107
-1.51103003363439	0.535749564246176
0.163853552605343	0.0487595972376143
0.670081697347895	0.212111377241056
-1.81139863683783	0.733838743939283
-0.771691513742003	0.335443022402567
1.46166504880046	0.484245680586438
0.957461191854986	0.254126256439643
-0.624623675797245	0.151937920429117
0.821258108188996	0.344575549018677
0.796668737542148	0.479761052308361
0.548738465222706	0.319039679611068
-0.974960856104359	0.481265063090149
1.07468801705292	0.520141618255016
1.83162438273742	0.716000775412828
1.95879552552655	0.437985228139192
1.95879552552655	0.437985228139192
0.676200627845659	0.214099921395796
1.45849632487227	0.482828278090187
-1.79763019308962	0.379603777700996
1.95793128711136	0.437766051086387
0.451487521828411	0.181235009163182
-1.7975657981284	0.379599665892429
1.04360842637382	0.394608583742794
-1.12492122665638	0.338668219085241
1.4655515469736	0.485738470948645
1.06241719855304	0.512544776854604
1.33148644921435	0.580580180008122
1.33148644921435	0.580580180008122
1.07143416820841	0.51816664421618
0.529922778294509	0.18974393081766
-0.221795146446767	0.0713909265902863
-1.50982433145335	0.535480148233091
0.159251072645633	0.0298673857617753
-0.3395018260887	0.0972061822975938
0.955450516302873	0.253599562429476
2.75704467106166	0.766025498669684
0.17351044503084	0.0436385160120603
0.960305402281055	0.254935680101795
0.957461191854986	0.254126256439643
0.159304296973707	0.0474668185471716
0.956455214607419	0.253949648163622
1.06739733051201	0.515491638140863
1.57423994409973	0.780427059865844
1.28016355591198	0.706207937902467
0.164122988767051	0.0488286730136595
0.825259930104852	0.346551823974158
0.15303718606185	0.0664291767991449
-0.620903335937371	0.151058535991718
-0.782331917299454	0.426196800110543
0.823888102049168	0.345906037374267
-0.178325463535738	0.0952864058322594
0.38849213734451	0.17528079140209
-0.089783731268869	0.0356915480451247
-1.12725353624624	0.339405023147411
-1.27264921265823	0.571489965817473
0.150571240221929	0.0576776917123369
2.56956620506366	1.42515676844147
1.7790410882222	0.991135647181007
0.152619802685851	0.0516844934618455
2.35640188519378	1.17514982426169
-0.976144621233558	0.48188110802023
-0.770644401156689	0.334882706894186
1.04515347900522	0.395153426226023
0.905123879478952	0.489601392516669
1.2831280307238	0.708466124862391
-0.213293977179729	0.0687362131681472
2.12570455528211	0.949702563350638
1.46166504880046	0.484245680586438
1.95879552552655	0.437985228139192
-0.617491939447093	0.150288713008559
0.16323818852145	0.0485873708307168
-0.719307886400812	0.245829792820617
0.676200627845659	0.214099921395796
0.533874851755615	0.191264906036687
1.57746265819892	0.78295039641865
2.55632096824907	1.41333163825488
1.27936142180978	0.705568429759058
0.154081774580399	0.0521624398881256
0.535550464072287	0.191953357336806
1.82948417010899	0.714838990299682
0.154081774580399	0.0521624398881256
1.95793128711136	0.437766051086387
1.95879552552655	0.437985228139192
1.46398903776532	0.484992681122713
2.75805496536761	0.766752929661107
0.164738242561747	0.0490009495728858
2.75805496536761	0.766752929661107
1.45652080007828	0.482281887456809
-1.79763019308962	0.379603777700996
0.956455214607419	0.253949648163622
0.957025852492456	0.254006696314478
0.149173995582458	0.0505642485186703
0.157007711765635	0.053125881526133
0.16323818852145	0.0485873708307168
0.67498185747701	0.213690207850534
-1.12781381973937	0.339579374120096
0.538429897530365	0.192950352896287
-1.02874670321027	0.406592521454169
0.158989511121608	0.0298299152293259
0.398936922947606	0.180450548016885
2.56370942168911	1.42004862291623
-0.146282635967707	0.0522900631456069
0.801767153923918	0.483452796596485
1.27855875158651	0.704866524537988
-1.67944493155032	0.950198491020748
-0.391871879508725	0.163003117000622
0.822513949918738	0.345096883744715
-1.81323178459194	0.734779878382509
0.158989511121608	0.0298299152293259
-0.212452220411149	0.0684629276040467
0.394500849991929	0.178242097072821
-0.151247302673267	0.0540525343616811
0.676558588301015	0.214207370803977
0.960305402281055	0.254935680101795
2.76197196120423	0.768541369225187
1.46209127003869	0.484377128190959
1.27478187680395	0.70131154623993
-0.715646834778114	0.244453295526364
1.46654605141329	0.485981855384374
0.174370024960364	0.0438183729016174
0.154081774580399	0.0521624398881256
2.36097404633539	1.17890696118846
-1.5094475769206	0.535248673690833
0.448524252970948	0.179929065158735
0.818422599411602	0.343294101023506
-0.0571458493574371	0.0248632367553907
1.45750864016971	0.482642955020513
0.674015164989584	0.213380808783075
0.674015164989584	0.213380808783075
1.83223894779093	0.716336716062103
1.83417843227406	0.717062027537897
-0.097933945147825	0.0388472358046986
1.04033415471618	0.393059276990575
0.162338925211519	0.0482955049730846
1.54082830279465	1.32748379592023
0.166237072413587	0.0493846591201304
-0.0966505506840263	0.038351119602372
0.146940324748375	0.0637851686170186
2.75063673724164	1.6839597673278
-0.145472337378192	0.0520149972990822
1.33232181501832	0.581040506436256
0.159565625906121	0.0475096222585406
-0.782450985410613	0.42565310658751
0.158687948318654	0.0472850694532285
1.57665847201362	0.782477729891176
0.17294827606403	0.0435260072159332
-0.764000715773547	0.331333477097821
1.06903480350602	0.516605281541135
-0.225787970998876	0.112550323980133
-0.140084201041551	0.0501535768345241
-0.61946410648704	0.150698865008898
-0.339009514545445	0.0971276143948088
0.823011572866799	0.345529818511679
1.33124867503934	0.580623928642544
1.46209127003869	0.484377128190959
-0.621333103088639	0.151104040920032
1.95793128711136	0.437766051086387
0.951724523631597	0.252769110062367
1.33124867503934	0.580623928642544
0.956021254579335	0.253830462538477
-1.79763019308962	0.379603777700996
1.83417843227406	0.717062027537897
-0.145998858470167	0.0521932143692289
-0.719569672768412	0.245942451655049
1.33315623005691	0.581431309409006
-0.516445778893015	0.194901695063007
1.57641681681789	0.782645066717777
0.675109449967238	0.21369241449263
0.531842440037686	0.190461843261247
0.674624067917918	0.213658555919133
0.955450516302873	0.253599562429476
2.7590679263751	0.76692961097815
0.955017933589342	0.253480850166851
1.96141436018454	0.438711417164155
1.28552641043068	0.710173296407281
0.674624067917918	0.213658555919133
1.45976857860146	0.913275464862336
-0.393576023898057	0.163949887313459
-0.764869388431953	0.331763274066207
0.158426007238141	0.0472279903538101
0.159304296973707	0.0474668185471716
0.521993434713534	0.186738203755917
0.152060146321035	0.0514888060008141
-0.0596238318346721	0.0259152875586904
1.40654659010244	1.09602241154181
1.79183019036247	1.0015681362093
1.2739766224303	0.700589128649891
0.153016180557848	0.051821004050093
-1.16057740560159	0.649373699455953
0.157953470706028	0.0685477302203019
1.46002910034019	0.912027954178089
2.56550634810569	1.42179042251005
0.536145192793524	0.192183675780863
-1.79763019308962	0.379603777700996
0.822174512740792	0.345087307705946
0.82625387160176	0.347107129604409
0.824206423319396	0.345940153507605
0.955017933589342	0.253480850166851
0.155282002123357	0.02934225636165
-1.12379649940684	0.33819735561451
0.668504270521836	0.211524693005927
2.7590679263751	0.76692961097815
1.46654605141329	0.485981855384374
-1.13295352450292	0.341266245931736
-0.0927443556500395	0.0368165109374917
0.963887939480606	0.658078243996399
1.06845345068197	0.515945462407473
-1.4589969838652	1.01488361534054
-0.722611557468775	0.247018823049159
-0.221795146446767	0.0713909265902863
0.7266232460144	0.482117864316475
0.677716162542668	0.214611870267994
1.57561119411556	0.781990254778656
2.56255837512531	1.41870343382469
1.46166504880046	0.484245680586438
0.828185454384309	0.347969212421182
0.674624067917918	0.213658555919133
3.26630303248094	1.12023058934939
0.15823182603157	0.0297179405544109
0.157809365437772	0.0470462908960921
-2.57821111666453	0.659475059970799
0.957025852492456	0.254006696314478
1.04272737841263	0.394268038065867
2.75805496536761	0.766752929661107
1.95879552552655	0.437985228139192
0.956021254579335	0.253830462538477
1.95879552552655	0.437985228139192
1.03878889357161	0.392361575468581
2.11780862301852	0.945248734413775
0.957461191854986	0.254126256439643
0.799645054558684	0.481827358077666
-1.67206337641839	0.942826338868528
-0.217003595344889	0.0698544104353752
0.154141692684137	0.0521718492986209
0.152705092212536	0.0517022070713414
0.447191186095611	0.179329255309907
0.155484938800684	0.0674355455433166
0.158814030193091	0.0771133194798548
0.679297187320958	0.21511425797511
-0.393383367668411	0.222510860361685
0.365769411184535	0.18530818328789
2.27636798276377	1.76639883625266
0.366230686381949	0.185588543685361
1.0908032396738	0.671822701403392
-0.719585944508868	0.245867637672296
2.11998934304499	0.946287331085183
2.36013744660075	1.17813630566845
-0.640561913930298	0.378908553004042
1.96489721206278	1.22808010477497
0.397589917162397	0.17962908279386
0.447719113317435	0.179573027507233
1.34023241098916	0.585149509069526
0.395779498759664	0.178829702208576
1.46455689811314	0.485225385720349
0.957025852492456	0.254006696314478
0.834917513024657	0.351161989510003
0.173940988172143	0.0437550114519682
1.46109938210879	0.484014060767982
0.828676365455995	0.348216635594115
1.95793128711136	0.437766051086387
0.676200627845659	0.214099921395796
-0.216657809109618	0.0697687117469907
0.67498185747701	0.213690207850534
1.40792442662349	1.09712467407085
0.822513949918738	0.345096883744715
0.373352967107064	0.189397035349668
1.28215420266545	0.707413708042413
1.46597699067366	0.485748477491111
0.922852430551625	0.80494192441277
0.820593337460022	0.34423821440952
0.156696670796637	0.0679846166585309
0.532196819047093	0.190683131950839
0.827062362966711	0.347535018691045
0.401654656745815	0.181752172791282
0.692420083962482	0.32414977594069
0.172385921068679	0.0433875285709768
0.826007163197103	0.346879351565415
1.95793128711136	0.437766051086387
1.06552204179651	0.514193876521475
0.451487521828411	0.181235009163182
0.677168456003689	0.214339100225988
1.05031467395732	0.39726116208472
0.676200627845659	0.214099921395796
0.865945956978398	0.6416138063705
1.04095157071845	0.393332373967802
0.610790277470639	0.320360340137173
-1.83710513368441	1.15777778400716
-0.604078733044259	0.289726324219365
-0.143894061192775	0.0514470147020874
-0.377381056892103	0.258730060323648
2.12263439025233	0.948179078254044
4.38727507732949	2.27739403926713
-1.81799459045243	0.737492070536281
1.40262339427134	1.08972062925203
0.356084112269097	0.200123165659055
-2.47127579562868	1.37412610584272
0.154392805413983	0.0522705690038812
1.25849073054236	0.877055549555606
0.616574803296911	0.324247230443074
1.09093485760373	0.672837086818119
-0.00585584462825464	0.0029700286311976
-3.75658350496235	1.47972368837861
1.46618406878612	0.918362595976008
-0.942013482655716	0.57762230542648
0.171653101789031	0.0431973221484952
1.46166504880046	0.484245680586438
1.33543856501865	0.58285380410182
1.33351744615377	0.581727707383388
1.32730125980366	0.578419193427769
0.157809365437772	0.0470462908960921
0.400519642311121	0.181082719328699
-1.81139863683783	0.733838743939283
0.158989511121608	0.0298299152293259
2.11754480680452	0.94503257477152
1.82755032422624	0.713907775987463
-0.509266546855754	0.191976160168774
1.83162438273742	0.716000775412828
-3.75288411079685	1.47718399320021
-0.718972834438042	0.245626954230634
0.610380796575077	0.320139504876056
1.06659631817428	0.51499569547802
0.528471599490047	0.189192775823016
0.38841041504207	0.175234332775797
0.797116958739346	0.479595226762034
2.35807525788525	1.1763957204921
0.797614866305358	0.479889497022875
0.393220623172696	0.177598536190824
0.159251072645633	0.0298673857617753
0.68524884952876	0.320152255758961
0.397368290556638	0.179765383634484
2.35556378057502	1.17434088403307
0.176818183184722	0.0443715906559113
0.455008490908681	0.182763030530963
-0.0984299111544157	0.0390605380076084
1.04272737841263	0.394268038065867
-1.5094475769206	0.535248673690833
0.176253051776925	0.0442319878724308
1.33208469099746	0.58115584608196
0.158989511121608	0.0298299152293259
-2.06918313852006	0.939212074196618
0.438851385185993	0.175790231008146
2.12087192734391	0.947138368475404
3.27528390840561	1.12443907352294
0.673656731319726	0.21327169490293
0.158989511121608	0.0298299152293259
1.46109938210879	0.484014060767982
1.04577073722875	0.395582052714565
2.13737705394113	1.49915830369663
0.79634968574377	0.47895182784066
-0.088956061212454	0.0353722813966378
-1.12881513859764	0.339906487322227
-1.51433726696095	0.537497293520418
-0.515760744495211	0.19459595864315
1.46364987732708	0.48479584486453
-0.517264023236703	0.195228260106643
0.17294827606403	0.0435260072159332
-0.144137039360479	0.0515503896111279
-1.81262047956212	0.734554727038592
-0.385436644621478	0.217218403973575
-0.34307485466429	0.0982470421897248
-0.516188497981474	0.194754919907515
0.162622561049093	0.0484009930995383
0.451765865281851	0.181387363507285
-1.81413444396294	0.735290551794613
0.174503749901052	0.0438676710334476
1.83223894779093	0.716336716062103
0.175496922320134	0.0440701137079318
-0.981971733617563	0.486008124035347
-0.336952847519868	0.096512855057735
0.1677792397568	0.0498341730879395
1.46398903776532	0.484992681122713
2.75704467106166	0.766025498669684
1.04665020030324	0.395956904990197
-0.216657809109618	0.0697687117469907
-0.089783731268869	0.0356915480451247
0.164122988767051	0.0488286730136595
0.955450516302873	0.253599562429476
1.62877588381598	1.14559051633849
0.956455214607419	0.253949648163622
0.970199441640997	0.663595173699888
0.351989982014803	0.197718816332484
0.162954029252909	0.0484564307378685
0.396997611551252	0.179536136729114
2.56094361668299	1.41710945477784
1.46109938210879	0.484014060767982
1.06605176449858	0.514317274404287
0.691723790090258	0.323274815281663
0.149267042865243	0.0571682270212861
0.535308159768992	0.19186644934071
0.165622192143609	0.0492275837346074
-0.297420105658476	0.136379909960927
3.06392231513551	2.29209360634908
1.95793128711136	0.437766051086387
0.176818183184722	0.0443715906559113
0.164122988767051	0.0488286730136595
0.173940988172143	0.0437550114519682
0.177812920485068	0.0445891130396879
2.76095211479574	0.768066673537379
2.75805496536761	0.766752929661107
1.95879552552655	0.437985228139192
0.442746084081858	0.177485883285209
1.46498308680977	0.485505347800691
1.83320872066104	0.716809839835328
1.46109938210879	0.484014060767982
0.153267904345544	0.0519012670754554
0.82625387160176	0.347107129604409
0.676200627845659	0.214099921395796
1.57461235263291	0.780874311787954
-0.616620021012413	0.150099962492625
-3.07793266340176	0.957013587093989
-3.07836047129561	0.956774727997911
0.15632734084749	0.0678027432546929
-0.346678897629289	0.0991926518828899
1.95879552552655	0.437985228139192
-0.1446627598823	0.051733083076893
0.168774858509076	0.0425819447497206
3.64405193165419	1.43312407887711
-1.12669343566207	0.339109154533815
0.176253051776925	0.0442319878724308
2.11842867036876	0.945672460079198
-3.45284250285449	1.22194559695964
0.174370024960364	0.0438183729016174
0.823642509432085	0.345787097083453
0.148364367533412	0.0502983007600852
1.04272737841263	0.394268038065867
1.83223894779093	0.716336716062103
0.683383169319648	0.216338964908015
2.11869185323705	0.945764565994132
-1.51024784902404	0.535717552327617
-3.07707720857862	0.956361112132394
-0.344042706429557	0.0984794926451442
-0.770879742225566	0.335048419348226
0.158426007238141	0.0472279903538101
2.7590679263751	0.76692961097815
-0.518947990401155	0.195906357411418
0.679655237519559	0.215244174521264
0.960305402281055	0.254935680101795
0.681183225722083	0.215602714602321
1.04210966752671	0.393840140799123
-0.333856458330646	0.0956917261764247
1.33603551913475	0.58343053611899
2.76095211479574	0.768066673537379
0.822832332666427	0.345345001072504
0.153738391983287	0.0520386273806585
0.164738242561747	0.0490009495728858
1.0433448222306	0.394400438672122
2.75805496536761	0.766752929661107
0.674624067917918	0.213658555919133
1.04425646373355	0.394601045991464
3.26835783601252	1.12163011968705
3.26835783601252	1.12163011968705
0.679297187320958	0.21511425797511
3.26732978575294	1.1211772426211
2.7590679263751	0.76692961097815
3.9371926868257	1.72364294570268
1.33916167979563	0.584947246381148
2.12175361138722	0.947733160087778
0.67498185747701	0.213690207850534
0.162338925211519	0.0482955049730846
1.57641681681789	0.782645066717777
1.32981288417155	0.579376992880392
3.64405193165419	1.43312407887711
0.531600808944957	0.190452833446827
0.156447071209317	0.052937950851718
0.157809365437772	0.0470462908960921
-3.07793266340176	0.957013587093989
1.27607850636201	0.702654752109904
-0.387264237453958	0.161018318637387
-1.81827955350507	0.737738285564138
-0.515201103368893	0.194390956127506
0.69284935645393	0.323980193410431
0.675591354383564	0.213968352567141
-1.27976639763153	0.575722216320703
-1.0875519804224	0.743028016763921
0.450961924488652	0.181018370719246
2.56900282952845	1.42460650757252
0.165353233252732	0.0491580922731075
-1.02312783931858	0.403977027889059
0.956455214607419	0.253949648163622
1.04096305100241	0.393348131713795
0.821612971150663	0.344902213197152
0.452044435979438	0.181489264363155
0.823888102049168	0.345906037374267
0.164391642281999	0.0488687543181863
0.955450516302873	0.253599562429476
0.153016180557848	0.051821004050093
0.152346609586538	0.0515961830574703
0.69824111539747	0.327181998415599
-3.07750490916701	0.956880231933195
0.699373490642475	0.327979848172452
2.76197196120423	0.768541369225187
-1.12825544522804	0.339732258677114
0.956021254579335	0.253830462538477
-1.48687302529759	0.75019393142496
-0.396877809741666	0.165363075656421
-0.720182828019212	0.246166050990353
-1.01797130384778	0.401574087179109
-0.142747701481568	0.0510783991590262
0.539266647317431	0.19330887981843
3.93397258257213	1.72120776019779
3.93397258257213	1.72120776019779
-0.613140806804001	0.294901547371739
1.78196338943098	0.993259565236693
1.26328307384935	0.881480881416292
1.03703963555181	0.391624153547078
2.13374080225114	1.49407663008764
0.674015164989584	0.213380808783075
0.621557396226325	0.327459541990703
-0.342718944466085	0.0980961923569006
0.151118418843693	0.0733566125693368
1.57778417402392	0.783272898824577
0.674491966739474	0.213488272769245
0.167786821496111	0.0423548811213711
0.824133571632166	0.345861953066953
1.95879552552655	0.437985228139192
2.75704467106166	0.766025498669684
0.960305402281055	0.254935680101795
2.12237275162321	0.948156957082224
1.46265753359042	0.48460907431551
1.63080232241006	1.1480056041583
1.33916167979563	0.584947246381148
0.151787472514646	0.0514129164609266
0.446384732504796	0.1789536030377
0.173940988172143	0.0437550114519682
0.802527111390543	0.484146305872589
-0.140367872285649	0.0502560951722468
0.166894126545373	0.0495801423286346
2.56900282952845	1.42460650757252
-0.145229067230335	0.0519186816977856
0.450436111391181	0.180774850838104
-0.786518363672531	0.428771572231935
-0.391059178972734	0.16257101081712
1.06983533628829	0.517183639033184
0.675591354383564	0.213968352567141
0.452290871775091	0.181603858248631
4.56548389348503	2.56661483204532
0.827624029735347	0.347817645508971
1.82816209415628	0.714241631039221
1.25933905329885	1.07110415777392
0.159251072645633	0.0298673857617753
-0.719840487055064	0.245972653044846
2.11957433477146	0.946159869437877
-0.337924641037297	0.0968088152153293
0.168047617405793	0.0498928161895134
0.956021254579335	0.253830462538477
0.675591354383564	0.213968352567141
-1.12781381973937	0.339579374120096
0.173940988172143	0.0437550114519682
0.451240643407656	0.181143919700285
2.12325323580269	0.948602765952738
2.7590679263751	0.76692961097815
2.12149136184524	0.947562188308172
0.697923312786667	0.326988260319965
0.144568804234337	0.0490416879846881
0.533283012472097	0.190984310240227
0.956455214607419	0.253949648163622
1.82912964257087	0.714770179842855
1.46846293168858	0.486570444742071
0.957025852492456	0.254006696314478
0.674015164989584	0.213380808783075
0.535550464072287	0.191953357336806
0.174933567082256	0.0439573605408891
1.33232181501832	0.581040506436256
0.697117779795317	0.326513192615626
1.78275907436894	0.993793916728394
2.12237275162321	0.948156957082224
0.696459142866492	0.326053092249681
1.40426054995575	1.09177956645068
0.673656731319726	0.21327169490293
4.1724813655199	1.99757429752919
1.33065013736382	0.580048564914345
0.165353233252732	0.0491580922731075
0.162076211336348	0.0482055172019256
2.75704467106166	0.766025498669684
0.171094196191277	0.0507164425340757
0.169762747888229	0.0427831084845497
1.33184695246066	0.580735815343295
3.9371926868257	1.72364294570268
-0.340593087152544	0.0975352685660813
-1.12725353624624	0.339405023147411
0.822267625819136	0.345061712364334
0.159251072645633	0.0298673857617753
1.0418455851348	0.393863567086238
0.167164301060576	0.0496616909525181
0.673048421642057	0.212994504688281
3.27025913837768	1.12233669524588
2.7590679263751	0.76692961097815
1.46166504880046	0.484245680586438
1.0444887245408	0.394848386181826
0.159042375477486	0.0473891494040675
0.677716162542668	0.214611870267994
0.678074042401891	0.214702481365457
0.679655237519559	0.215244174521264
0.67498185747701	0.213690207850534
3.27129205644114	1.12317050813274
1.46846293168858	0.486570444742071
1.77380085053016	0.986868546876595
1.56858772607625	0.777105657890968
-1.15880206221804	0.647196384687243
1.62216374572111	1.13691633790569
1.06983533628829	0.517183639033184
-0.265841637867568	0.166073111858995
1.33603551913475	0.58343053611899
-0.600291226463912	0.287758668770124
-0.305236427335287	0.140232050181682
-0.0182188330289631	0.00855636754080677
0.679297187320958	0.21511425797511
2.91578713974999	1.97303941060345
-0.0550033730412448	0.0239541220664721
-0.384294569533419	0.159737126640957
0.673048421642057	0.212994504688281
1.3329197605053	0.581616348611346
-1.26919005446438	0.56947477022477
2.35165254531939	1.1716944709268
-0.098229243253211	0.0389536242061114
0.526808022811829	0.188639363777938
-0.718956786284381	0.245651364245131
-3.07750490916701	0.956880231933195
1.46265753359042	0.48460907431551
0.164122988767051	0.0488286730136595
-2.57447078703937	0.657780381714024
0.173378039987466	0.0436162262322836
3.93619624132367	1.72285510420218
1.46109938210879	0.484014060767982
0.955017933589342	0.253480850166851
1.46166504880046	0.484245680586438
-1.8195049713298	0.738087686678667
-1.81352302981117	0.735065306555984
-2.57447078703937	0.657780381714024
0.956021254579335	0.253830462538477
0.157971563808893	0.0296806747786729
1.27415843768354	0.700853441540688
-1.50573496603534	0.533703959061235
-0.338530582329419	0.0969729638077002
-0.624183598429151	0.151840837481169
0.164769554837512	0.0489225014302921
2.74543859944234	1.6782276296683
-3.07750490916701	0.956880231933195
0.451487521828411	0.181235009163182
1.33916167979563	0.584947246381148
0.543234047715424	0.19469692994889
1.46067242606004	0.483688692701864
2.35867500117237	1.17688948319321
0.675232747867266	0.213789953820415
0.695015267320588	0.325176087189079
0.4087407230988	0.185283161855076
1.04269860178891	0.393963010259592
-0.478023295204621	0.250187734780872
0.37300354735278	0.18928949292634
-0.221443869104186	0.0712956025102242
1.27576680597832	0.702365019041069
2.12149136184524	0.947562188308172
0.677105074382106	0.214332831776124
0.956021254579335	0.253830462538477
0.674624067917918	0.213658555919133
0.164738242561747	0.0490009495728858
-1.49025064931165	0.753058170718835
-1.12725353624624	0.339405023147411
1.96649418078604	1.22997614348551
0.699914980996319	0.328077836741601
0.697117779795317	0.326513192615626
0.1677792397568	0.0498341730879395
0.536145192793524	0.192183675780863
-0.621333103088639	0.151104040920032
0.955450516302873	0.253599562429476
0.173940988172143	0.0437550114519682
1.33543856501865	0.58285380410182
0.164738242561747	0.0490009495728858
0.676200627845659	0.214099921395796
1.4604038372023	0.483769829709272
1.04638771946291	0.395714063580135
2.75805496536761	0.766752929661107
1.95793128711136	0.437766051086387
1.32813102430531	0.578875818998384
1.5810016022159	0.785274495012863
-1.0213509823134	0.403162852904808
-2.57821111666453	0.659475059970799
0.957025852492456	0.254006696314478
0.152764340567892	0.0517217106607349
0.692319001116343	0.324193008213538
1.06983533628829	0.517183639033184
1.04246313957759	0.393996072509476
1.46455689811314	0.485225385720349
0.827624029735347	0.347817645508971
1.57186884386259	0.778956117918399
0.530750780741859	0.19013343293214
0.157971563808893	0.0296806747786729
-0.603245706389717	0.289181550353483
0.152265454600024	0.0660778386029413
-0.304690026087996	0.140078082672608
0.446384732504796	0.1789536030377
-1.27383344507062	0.572359048200157
1.34142286977695	0.585835841016733
-0.620473624670499	0.150917804175241
-0.0946005956049181	0.0375705380864667
0.154732829361688	0.0672049916642553
-0.478829626655498	0.250698129625062
-1.03067433747888	0.407408894355057
0.537241571796169	0.19242697203724
-0.212107996589827	0.0683682958385105
0.150637496826969	0.0577366339636488
-0.516445778893015	0.194901695063007
0.157259696796029	0.0532031124835433
-0.140607226248752	0.0503348682136809
1.07307532440518	0.519086756191094
-0.336952847519868	0.096512855057735
1.04387123564615	0.394420385845529
-1.81015744911258	0.733098247108476
0.16566376423511	0.049220972992664
0.15163725378301	0.0513522427960234
0.172385921068679	0.0433875285709768
2.12351425900057	0.948388101966043
0.959294652844364	0.254663957360155
0.675591354383564	0.213968352567141
3.93943155056959	1.72383033377118
1.82816209415628	0.714241631039221
1.77950391586502	0.992441144266195
1.57210990848961	0.779722751474671
0.614123131486681	0.322701852906607
0.399695801766387	0.180683214308556
1.57722144544452	0.783207973163534
0.158379638686509	0.0535717951029833
0.148635173562324	0.0645259787778091
-0.386778754475146	0.160810107271277
0.903819094253918	0.487673320002692
-0.725611262900054	0.248060804815242
1.3366322141597	0.58354097730275
0.678074042401891	0.214702481365457
1.46288065557654	0.915235553071591
0.173940988172143	0.0437550114519682
-0.337559379634888	0.0966770330278957
1.46166504880046	0.484245680586438
0.673048421642057	0.212994504688281
-0.145866306322633	0.052205308942621
0.673526469252074	0.213227712607827
0.825259930104852	0.346551823974158
-1.12881513859764	0.339906487322227
0.679297187320958	0.21511425797511
3.26630303248094	1.12023058934939
0.177812920485068	0.0445891130396879
3.9351997649523	1.72156487670113
0.16323818852145	0.0485873708307168
-0.338530582329419	0.0969729638077002
-1.13395018438652	0.341592389781504
1.46498308680977	0.485505347800691
0.956455214607419	0.253949648163622
1.3374657462467	0.583961413896269
-0.101377539089219	0.0401975292603065
2.75704467106166	0.766025498669684
-0.338530582329419	0.0969729638077002
0.176818183184722	0.0443715906559113
0.536386835238158	0.192220018139766
0.674624067917918	0.213658555919133
0.956021254579335	0.253830462538477
0.611239910265206	0.320641063066744
1.96131242878872	1.22299310137076
0.16323818852145	0.0485873708307168
-0.718081625995024	0.245384533690959
1.33232181501832	0.581040506436256
0.157971563808893	0.0296806747786729
0.333206290045986	0.20287285206616
-1.50573496603534	0.533703959061235
-0.480351773162757	0.25138863106335
-0.599841089914858	0.28747375202018
0.447310273049599	0.179520616473123
0.152362963176244	0.0583559062318995
2.36352144607159	1.18029445827345
-0.2161612848291	0.0695736762343304
0.154392805413983	0.0522705690038812
-0.619895187822925	0.150839789138775
0.404605954918234	0.183225159701616
0.696947392942228	0.326440852008827
0.449855196190117	0.180482719429868
-0.792721895198129	0.525233550506273
2.11842867036876	0.945672460079198
0.681183225722083	0.215602714602321
0.154643798015002	0.0523504544120162
0.533034126671957	0.190984669183042
3.93198447308087	1.71970480916132
2.12237275162321	0.948156957082224
-1.02109432881299	0.402930914701451
0.174933567082256	0.0439573605408891
3.93496659153827	1.72160273292352
1.46265753359042	0.48460907431551
3.27129205644114	1.12317050813274
0.15823182603157	0.0297179405544109
1.04208177846358	0.393690072047038
-1.7975657981284	0.379599665892429
-0.3395018260887	0.0972061822975938
0.157971563808893	0.0296806747786729
0.676200627845659	0.214099921395796
1.46308301616168	0.484563679444736
1.27657020644103	0.703033270984241
1.57324176500159	0.780282055570826
0.151551849507361	0.0580445602818356
0.71902491992783	0.475148543443276
0.875211563577938	0.651766940721991
0.699046246018521	0.327556893295367
1.0703619717886	0.517515132381691
1.04272737841263	0.394268038065867
1.96338066199684	1.22749934153551
1.06983533628829	0.517183639033184
0.162622561049093	0.0484009930995383
0.153267904345544	0.0519012670754554
0.531004542224133	0.190160354232034
-2.06621937555122	0.93688402425633
-1.12435877083653	0.338493350823416
-0.33604699779225	0.0962542202740646
0.156141196361255	0.0597960230630664
1.03554466552427	0.390840340446361
1.46166504880046	0.484245680586438
-2.57447078703937	0.657780381714024
1.95793128711136	0.437766051086387
0.955017933589342	0.253480850166851
-0.337924641037297	0.0968088152153293
0.535550464072287	0.191953357336806
0.175496922320134	0.0440701137079318
0.676558588301015	0.214207370803977
-1.81431164447288	0.735547468758957
-0.719585944508868	0.245867637672296
-0.212700860727539	0.0685566980358174
-0.222876920203916	0.0717168348737093
-0.719585944508868	0.245867637672296
-1.79763019308962	0.379603777700996
1.82912964257087	0.714770179842855
0.16190498991222	0.0302625824147867
0.159251072645633	0.0298673857617753
-1.50824112923963	0.534752090600511
0.446913247781489	0.179197436924564
-0.620473624670499	0.150917804175241
0.155282002123357	0.02934225636165
0.17351044503084	0.0436385160120603
1.27563522489267	0.703097375299879
0.67498185747701	0.213690207850534
0.167508913203689	0.0497372165616833
0.174933567082256	0.0439573605408891
0.696629251122635	0.326266216208756
0.157546606671046	0.0469737944802553
1.28232747155402	0.707713466057249
-0.3395018260887	0.0972061822975938
-0.216657809109618	0.0697687117469907
-0.342107054910445	0.0979510037894855
0.555150866092204	0.323795628786433
-1.83016723856089	1.15006227036442
0.15467977779599	0.0592620304168656
-1.12435877083653	0.338493350823416
0.157568112712888	0.0533067915180714
-0.767627978905889	0.333493259572062
0.150893737042406	0.057797466335679
0.162352652580513	0.0483303505238246
-0.149390704801257	0.0534113782231424
0.158806945005498	0.068935109447778
-4.39926311256264	2.22603105423642
0.345319157007568	0.193529241008407
-0.620326325745573	0.150885642821786
-1.51042707521765	0.53568486067596
-0.391383144839931	0.162807020962866
1.57428821977256	0.780522983080544
0.670081697347895	0.212111377241056
-0.343686146411719	0.0983921171207581
1.57622009630778	0.781600711798653
-0.61946410648704	0.150698865008898
-1.50982433145335	0.535480148233091
0.955573890382782	0.253753322308027
1.95879552552655	0.437985228139192
0.17738312662749	0.0444846964186047
1.95879552552655	0.437985228139192
-0.621784192774111	0.151338791569665
-1.7975657981284	0.379599665892429
-0.620903335937371	0.151058535991718
2.11692464856437	0.944608977413808
0.164122988767051	0.0488286730136595
0.676639067838878	0.214128030995098
1.57585328800947	0.781914893440029
0.447310273049599	0.179520616473123
0.822832332666427	0.345345001072504
-0.222633069722699	0.0716499874142472
1.07063512565456	0.517703792604127
0.677716162542668	0.214611870267994
1.2563149571661	1.06715824312795
0.452290871775091	0.181603858248631
0.164769554837512	0.0489225014302921
0.529325922387399	0.189451846093382
0.160999613544311	0.0544142414691104
0.158989511121608	0.0298299152293259
0.525737293615157	0.188118349247929
0.677105074382106	0.214332831776124
0.956021254579335	0.253830462538477
-3.45714001185249	1.22455064732533
0.159251072645633	0.0298673857617753
1.27842205363571	0.705468048492583
-0.620903335937371	0.151058535991718
-1.7975657981284	0.379599665892429
0.963167670198133	0.255599708567411
0.163853552605343	0.0487595972376143
-0.339136742629042	0.0971078731889835
0.535308159768992	0.19186644934071
0.675591354383564	0.213968352567141
-1.81676990665961	0.736858778572184
1.04577073722875	0.395582052714565
0.675591354383564	0.213968352567141
0.158989511121608	0.0298299152293259
-0.621333103088639	0.151104040920032
-2.57472877667238	0.65760345889815
0.163853552605343	0.0487595972376143
2.7590679263751	0.76692961097815
-1.12825544522804	0.339732258677114
1.46209127003869	0.484377128190959
2.12325323580269	0.948602765952738
0.158202431453599	0.0297753629586498
0.164122988767051	0.0488286730136595
0.162352652580513	0.0483303505238246
0.17351044503084	0.0436385160120603
1.95793128711136	0.437766051086387
0.676200627845659	0.214099921395796
0.45553137225796	0.182978916553521
0.674015164989584	0.213380808783075
-0.144946030904406	0.0518319984756812
1.95793128711136	0.437766051086387
0.535902929212832	0.192030732305526
0.957025852492456	0.254006696314478
0.158379638686509	0.0535717951029833
1.57186884386259	0.778956117918399
4.176174739854	2.00138224703287
-1.33427049412942	1.09931155920655
-0.391871879508725	0.163003117000622
-0.177080787822032	0.094592793269146
-0.144946030904406	0.0518319984756812
1.04285641188879	0.992143707918419
0.608362149988659	0.319252573603069
0.0523680583794157	0.0307408867666331
0.795492167551845	0.478233030658839
-0.0983094882699554	0.0389944655091387
0.175626708966672	0.0855630247668579
-0.39019860760114	0.162255769488233
-0.219770163804213	0.0707569013941891
-0.770356668689897	0.334785804148308
0.675232747867266	0.213789953820415
0.163216121532018	0.0485245766457704
-0.214379875099978	0.069039813976162
0.451765865281851	0.181387363507285
-0.343686146411719	0.0983921171207581
1.33999521271986	0.585413722027566
-1.12781381973937	0.339579374120096
2.11784059999101	0.945083067174483
-1.12881513859764	0.339906487322227
1.95793128711136	0.437766051086387
0.159251072645633	0.0298673857617753
0.955450516302873	0.253599562429476
0.955450516302873	0.253599562429476
-2.28026322655765	1.14819190684206
-0.619895187822925	0.150839789138775
0.157971563808893	0.0296806747786729
-0.766733199789823	0.33273995230155
-0.723495739913315	0.247436366504984
0.397589917162397	0.17962908279386
1.1095621256469	0.846853633170223
2.11780862301852	0.945248734413775
0.53471313464826	0.191636123836102
0.69334050166972	0.324281436252243
2.41622996715228	2.07301570072289
0.688820508958976	0.321859304874548
0.448524252970948	0.179929065158735
1.78794929656227	0.999088707441885
-2.06471752579984	0.9359945270827
0.907405238842073	0.490765880723695
0.190242531782666	0.110904423452545
0.15467977779599	0.0592620304168656
1.63247849857523	1.15077702818493
1.08876045639392	0.670034129434092
0.795942148597965	0.478635044407131
0.161460812920862	0.048044569646078
0.530513916151344	0.190000096866768
0.158687948318654	0.0472850694532285
0.675948496687313	0.213928974911644
-0.620903335937371	0.151058535991718
0.174503749901052	0.0438676710334476
3.64204563210395	1.43174087144813
1.95793128711136	0.437766051086387
-0.619895187822925	0.150839789138775
-1.12881513859764	0.339906487322227
2.11692464856437	0.944608977413808
0.531358567637365	0.190353154457246
1.0703619717886	0.517515132381691
0.153830475350601	0.0520893555087474
-0.724996456084797	0.247901521017459
0.149267042865243	0.0571682270212861
0.1732138890056	0.0435401196761172
2.11303049784645	0.942168146660762
-1.13338534815793	0.341498686250824
-0.338896474896558	0.0970421752101679
3.6399901361893	1.43067029650081
1.95879552552655	0.437985228139192
-0.143328772936503	0.0512579162321514
0.675591354383564	0.213968352567141
-2.06503800706302	0.936339193932813
0.344214382518631	0.19261754446723
0.951724523631597	0.252769110062367
0.537835862236506	0.192720145890651
0.535308159768992	0.19186644934071
-1.50884424560785	0.535043767502043
1.82302843670005	0.711622876194053
4.17939269952942	2.00427610225247
-1.12881513859764	0.339906487322227
0.532196819047093	0.190683131950839
1.83223894779093	0.716336716062103
0.355783938579909	0.179720505921407
0.159750391071688	0.061187461259232
1.58127511163447	0.785745335574497
0.531004542224133	0.190160354232034
-1.02338521131779	0.403987205196149
-1.67910550569438	0.950492953562996
0.906221476980774	0.4898154096859
-0.336952847519868	0.096512855057735
1.33207374382379	0.581101470070055
1.03817079597271	0.392088459196863
-0.141414888169625	0.0506240183742795
0.156447071209317	0.052937950851718
-0.142529549545823	0.0510406133566462
2.28211504561449	1.77500115272263
0.675591354383564	0.213968352567141
3.27129205644114	1.12317050813274
-1.12881513859764	0.339906487322227
0.441416153664935	0.176836987172644
-0.621333103088639	0.151104040920032
-0.334465167213362	0.0958562903993202
-3.75348509589231	1.47731393970503
0.828991848525543	0.348348218305776
0.164122988767051	0.0488286730136595
0.158202431453599	0.0297753629586498
2.11842867036876	0.945672460079198
-2.57447078703937	0.657780381714024
-0.723225679429377	0.247243051260999
0.17351044503084	0.0436385160120603
1.33268267273416	0.581267457492734
0.673526469252074	0.213227712607827
-0.717191145070403	0.244966202456728
1.27218416434579	0.700073140041081
1.32836208436611	0.578930457014918
1.04422575936648	0.394740889448914
1.66494755536025	1.57294482209065
0.825015074546066	0.346341809907615
0.697753725304219	0.326881508385596
0.683640318298225	0.319212877762994
1.57722144544452	0.783207973163534
1.27434791554924	0.702252899229498
-0.728062611221892	0.249009139075467
-1.81766723004699	0.737367259253776
-1.32453605863609	0.830692861463189
-0.714143223212392	0.243889779741797
-0.336346534706249	0.0963182114993482
0.525974790890797	0.188312313683146
1.04387123564615	0.394420385845529
0.956021254579335	0.253830462538477
-1.81766723004699	0.737367259253776
0.531600808944957	0.190452833446827
0.17351044503084	0.0436385160120603
-0.0962585699929872	0.0381954518725855
0.955450516302873	0.253599562429476
0.674264818482823	0.213402910671394
0.529323457472478	0.189545567502798
-0.145866306322633	0.052205308942621
0.441666507096307	0.176930614044037
2.75704467106166	0.766025498669684
-1.2803417612599	0.575631002775437
1.83009713438939	0.715173729277155
0.673656731319726	0.21327169490293
-3.07707720857862	0.956361112132394
-1.12769593434811	0.339436368028373
-0.1446627598823	0.051733083076893
-0.141130463990833	0.0505115401593555
1.46109938210879	0.484014060767982
3.26835783601252	1.12163011968705
-0.337924641037297	0.0968088152153293
1.83162438273742	0.716000775412828
-0.215815148052618	0.0695090074287807
-1.02338521131779	0.403987205196149
-1.12881513859764	0.339906487322227
1.82302843670005	0.711622876194053
0.157971563808893	0.0296806747786729
1.82755032422624	0.713907775987463
0.157971563808893	0.0296806747786729
0.536145192793524	0.192183675780863
-0.335438661955823	0.0961186879895653
0.153868695124602	0.0589460710470917
0.531004542224133	0.190160354232034
-0.625191995446008	0.152059991852936
0.450961924488652	0.181018370719246
-1.49025064931165	0.753058170718835
1.45941385003452	0.483259882361236
-0.0559057909545661	0.0243407361380189
0.164468653517054	0.0489167663284228
2.76197196120423	0.768541369225187
0.530155722781082	0.189859919098161
0.679655237519559	0.215244174521264
-1.7975657981284	0.379599665892429
1.95793128711136	0.437766051086387
0.44327215414316	0.17771447008811
0.724850161102599	0.480610416494745
0.823287580279974	0.345739910808307
-0.215815148052618	0.0695090074287807
0.447833396545375	0.179698879637598
1.042990826383	0.394180541091972
1.56965307019175	0.777705676027374
0.1677792397568	0.0498341730879395
-0.339979595307007	0.0973896500376519
-0.334465167213362	0.0958562903993202
1.77824185980762	0.990253419354474
0.166894126545373	0.0495801423286346
0.669467631715225	0.211908752948447
-0.33604699779225	0.0962542202740646
1.83320872066104	0.716809839835328
0.675591354383564	0.213968352567141
-0.335438661955823	0.0961186879895653
1.95879552552655	0.437985228139192
0.675591354383564	0.213968352567141
1.95793128711136	0.437766051086387
1.96141436018454	0.438711417164155
1.96141436018454	0.438711417164155
2.75805496536761	0.766752929661107
0.674624067917918	0.213658555919133
1.82851727583204	0.714435845516616
1.46654605141329	0.485981855384374
1.45849632487227	0.482828278090187
3.27232628525746	1.12331698634376
-1.50884424560785	0.535043767502043
0.164145173866849	0.0415246332756727
1.82302843670005	0.711622876194053
1.57461235263291	0.780874311787954
0.673656731319726	0.21327169490293
2.74166459703336	1.67341702523007
-0.145714843820916	0.0520798229776484
1.06930848273844	0.516650768430238
1.042990826383	0.394180541091972
0.153016180557848	0.051821004050093
1.08924527349959	0.671647091117224
1.82851727583204	0.714435845516616
0.825259930104852	0.346551823974158
-0.337559379634888	0.0966770330278957
-0.604458749673287	0.289930015833069
0.149734842703587	0.0507352562067422
0.674143348272808	0.213431626689393
-3.07707720857862	0.956361112132394
1.62668664687551	1.14308894519384
0.679655237519559	0.215244174521264
1.82816209415628	0.714241631039221
0.156447071209317	0.052937950851718
-0.619895187822925	0.150839789138775
1.77784709319461	0.990773792227941
-0.527691412876658	0.199575669063013
0.155071704033499	0.0672485517972294
0.164738242561747	0.0490009495728858
0.792563594571261	0.476477922655105
-3.75288411079685	1.47718399320021
-0.227679436423927	0.0732382795572757
3.26938718630885	1.12163262119223
2.75704467106166	0.766025498669684
-0.718081625995024	0.245384533690959
-0.343686146411719	0.0983921171207581
-3.07836047129561	0.956774727997911
-1.81291187157146	0.734751884578751
0.956021254579335	0.253830462538477
0.958855818540361	0.254543321351908
3.93397258257213	1.72120776019779
-0.232224307153116	0.0746902142847007
-3.07707720857862	0.956361112132394
0.82469687251252	0.346268968053852
0.156447071209317	0.052937950851718
0.162968126753743	0.0485024678975847
0.69235801591731	0.323592754044128
-1.48448213695818	0.74830387585009
0.955450516302873	0.253599562429476
-1.02705786938286	0.40580993889249
-0.729821384507876	0.249664211260654
1.04488949167403	0.395085051250541
-0.216063671871124	0.0695794401283131
-0.392527598762743	0.163297548242261
1.33208469099746	0.58115584608196
0.159251072645633	0.0298673857617753
1.83572003024131	0.717758246473073
2.75704467106166	0.766025498669684
0.958855818540361	0.254543321351908
3.64101793434512	1.43134239135362
1.33579772039654	0.583034617768404
0.818422599411602	0.343294101023506
-0.212107996589827	0.0683682958385105
-4.40093599520866	2.22824504597029
-0.640960370558726	0.378658565277232
0.675232747867266	0.213789953820415
1.33520072787008	0.582923907307515
1.47110534340585	0.923027054252605
-0.33816613121491	0.0968120886418528
0.669467631715225	0.211908752948447
1.57380699802241	0.780349499816827
2.36037500052639	1.17841315078791
-0.71869462645605	0.245625159522256
0.16190498991222	0.0302625824147867
-0.619895187822925	0.150839789138775
0.16323818852145	0.0485873708307168
0.675591354383564	0.213968352567141
-0.619895187822925	0.150839789138775
0.535308159768992	0.19186644934071
0.673656731319726	0.21327169490293
3.64204563210395	1.43174087144813
0.958855818540361	0.254543321351908
-1.13238809108681	0.341172314702962
0.955450516302873	0.253599562429476
0.158989511121608	0.0298299152293259
0.174503749901052	0.0438676710334476
-0.619895187822925	0.150839789138775
-1.81262047956212	0.734554727038592
0.16323818852145	0.0485873708307168
-0.714755800696332	0.244129665196273
1.46166504880046	0.484245680586438
0.449328663372175	0.180265911475519
1.46654605141329	0.485981855384374
0.910717972067089	0.493103833245526
1.07063512565456	0.517703792604127
0.684127232721146	0.319410172437811
0.674624067917918	0.213658555919133
-2.06503800706302	0.936339193932813
0.159251072645633	0.0298673857617753
-1.03073010792745	0.821395876945793
-0.519038139240771	0.196086617266171
-0.719307886400812	0.245829792820617
0.151787472514646	0.0514129164609266
0.406702457418208	0.1843038860664
0.1677792397568	0.0498341730879395
0.152453062620175	0.0516328700929256
1.82816209415628	0.714241631039221
-1.83275402394461	1.15246690229236
0.670430931165646	0.212216518896251
0.159920372276999	0.0476279199969756
-0.144137039360479	0.0515503896111279
-0.221200715743042	0.0712222587266738
0.821702674554677	0.344654791656887
-0.337318918589577	0.0966140796949229
-1.51494510157249	0.537750180976637
-2.28542134277916	1.15258073395903
-0.215815148052618	0.0695090074287807
-0.220012614431353	0.0708340703939625
-1.12769593434811	0.339436368028373
0.963167670198133	0.255599708567411
1.95793128711136	0.437766051086387
2.75805496536761	0.766752929661107
-1.02815379565769	0.406346884447955
0.53471313464826	0.191636123836102
-3.75228333635026	1.47685987725686
0.16350747165244	0.0486421723506342
0.158128274235763	0.0534756396939054
-1.50884424560785	0.535043767502043
3.9351997649523	1.72156487670113
0.177812920485068	0.0445891130396879
-0.220364044448608	0.0709420855610054
2.55712425069239	1.41418106174022
-1.02397803869404	0.404213941370604
-3.08160228540496	0.95864568534502
0.675232747867266	0.213789953820415
0.151873414100974	0.0581755081573951
0.674015164989584	0.213380808783075
0.166894126545373	0.0495801423286346
-1.02194301820446	0.403479228390162
0.168774858509076	0.0425819447497206
-0.341495388738576	0.0977618699341296
1.96161885370972	1.22410848893371
2.76197196120423	0.768541369225187
1.46498308680977	0.485505347800691
-0.337924641037297	0.0968088152153293
1.57404767215904	0.780807377405224
0.696183317289618	0.326125469225922
1.07195961454264	0.518497681350102
0.153830475350601	0.0520893555087474
0.90463895561653	0.48831841381123
-1.27840133122234	0.575024543685974
0.173940988172143	0.0437550114519682
0.437491245044687	0.175211744121952
0.153830475350601	0.0520893555087474
-1.51851441465735	0.539192370342509
1.46498308680977	0.485505347800691
-0.215221304062718	0.0693199317381142
0.537835862236506	0.192720145890651
1.57778417402392	0.783272898824577
-0.620903335937371	0.151058535991718
-0.14603891456146	0.0521809430011982
-0.61946410648704	0.150698865008898
-1.13182284417153	0.340904867919198
0.177812920485068	0.0445891130396879
1.96141436018454	0.438711417164155
0.676200627845659	0.214099921395796
3.94043041797008	1.72503455887346
1.04272737841263	0.394268038065867
2.7590679263751	0.76692961097815
1.03791471976137	0.392024637204806
-1.12725353624624	0.339405023147411
0.172385921068679	0.0433875285709768
0.827624029735347	0.347817645508971
0.829236925917971	0.348498849117085
0.531600808944957	0.190452833446827
-0.297741840658049	0.136653699609949
0.823642509432085	0.345787097083453
0.906949439359883	0.4902573109951
0.824206423319396	0.345940153507605
-0.222633069722699	0.0716499874142472
0.692532404089303	0.323793911411476
1.04752875622395	0.396218430849903
-0.51848078257601	0.195849342036414
-2.28486442166706	1.1522293055844
0.907610028553921	0.491416676527645
0.154392805413983	0.0522705690038812
0.162352652580513	0.0483303505238246
-0.301062574098725	0.138268861167847
0.668504270521836	0.211524693005927
1.46945961132821	0.486963363732961
1.82912964257087	0.714770179842855
-4.00243287233861	1.72656513084757
-0.719307886400812	0.245829792820617
0.175496922320134	0.0440701137079318
-0.78500829149723	0.518462532727358
0.16350747165244	0.0486421723506342
0.173378039987466	0.0436162262322836
0.149982636103429	0.0508231515257977
-0.717191145070403	0.244966202456728
0.0129227976661758	0.00657848452347447
0.397820961913808	0.179978549115779
-0.600930596321389	0.287685874026161
1.46109938210879	0.484014060767982
-0.619895187822925	0.150839789138775
-0.71869462645605	0.245625159522256
-3.08247559880565	0.958940682858076
-1.7975657981284	0.379599665892429
-0.620903335937371	0.151058535991718
-0.222282150898245	0.0715311175279888
0.154392805413983	0.0522705690038812
-1.27291486245835	0.571319673568139
-0.624183598429151	0.151840837481169
2.11869185323705	0.945764565994132
-1.12937501458112	0.339964434622374
0.162622561049093	0.0484009930995383
0.682768911730453	0.216205939655595
0.164738242561747	0.0490009495728858
1.04638771946291	0.395714063580135
1.27985068592507	0.705946064078286
-0.342463785834028	0.0980578484034576
2.56574673085875	1.42204746472308
1.56882554792314	0.77724413358726
1.83126911611682	0.715624907230154
2.35700222344558	1.17564373523042
1.95793128711136	0.437766051086387
0.176253051776925	0.0442319878724308
1.46109938210879	0.484014060767982
0.822832332666427	0.345345001072504
1.46010735547628	0.483457516052687
0.952729371406254	0.252945498225285
0.164468653517054	0.0489167663284228
0.164738242561747	0.0490009495728858
1.95879552552655	0.437985228139192
2.7590679263751	0.76692961097815
-1.12881513859764	0.339906487322227
-0.767107021042827	0.333232077374457
-0.716259781908703	0.244657557065158
0.670081697347895	0.212111377241056
0.159251072645633	0.0298673857617753
1.46067242606004	0.483688692701864
-1.7975657981284	0.379599665892429
1.46109938210879	0.484014060767982
1.95793128711136	0.437766051086387
1.45750864016971	0.482642955020513
0.173940988172143	0.0437550114519682
0.683383169319648	0.216338964908015
0.162171049505848	0.0303007576998756
0.960305402281055	0.254935680101795
2.76197196120423	0.768541369225187
3.26630303248094	1.12023058934939
1.95793128711136	0.437766051086387
-2.57472877667238	0.65760345889815
0.957461191854986	0.254126256439643
1.95879552552655	0.437985228139192
2.7590679263751	0.76692961097815
0.168774858509076	0.0425819447497206
1.96141436018454	0.438711417164155
0.951724523631597	0.252769110062367
2.75805496536761	0.766752929661107
0.956021254579335	0.253830462538477
1.46109938210879	0.484014060767982
2.35700222344558	1.17564373523042
3.27025913837768	1.12233669524588
0.1677792397568	0.0498341730879395
0.173940988172143	0.0437550114519682
-0.334830546749113	0.0959542136262779
0.174933567082256	0.0439573605408891
0.957025852492456	0.254006696314478
-2.57472877667238	0.65760345889815
-2.57847696185857	0.659529736545688
1.95879552552655	0.437985228139192
0.159251072645633	0.0298673857617753
0.157971563808893	0.0296806747786729
-0.215815148052618	0.0695090074287807
0.166279076961167	0.0494077549790747
0.174933567082256	0.0439573605408891
0.17294827606403	0.0435260072159332
1.78116696180328	0.992630655099654
-0.619895187822925	0.150839789138775
-0.625630686390319	0.152156798395567
-0.619895187822925	0.150839789138775
-0.620326325745573	0.150885642821786
0.159251072645633	0.0298673857617753
0.158989511121608	0.0298299152293259
2.76197196120423	0.768541369225187
-1.7975657981284	0.379599665892429
2.75805496536761	0.766752929661107
0.158989511121608	0.0298299152293259
1.83162438273742	0.716000775412828
0.169276668042905	0.0502222390274525
0.673656731319726	0.21327169490293
1.95879552552655	0.437985228139192
-1.80127875869	0.380587746892248
-0.619895187822925	0.150839789138775
-1.12881513859764	0.339906487322227
0.172385921068679	0.0433875285709768
-2.57821111666453	0.659475059970799
0.15823182603157	0.0297179405544109
0.159251072645633	0.0298673857617753
3.26835783601252	1.12163011968705
1.95879552552655	0.437985228139192
1.46109938210879	0.484014060767982
1.46398903776532	0.484992681122713
1.46364987732708	0.48479584486453
0.673656731319726	0.21327169490293
3.26835783601252	1.12163011968705
3.26732978575294	1.1211772426211
2.75805496536761	0.766752929661107
1.46209127003869	0.484377128190959
1.95879552552655	0.437985228139192
1.95879552552655	0.437985228139192
1.95879552552655	0.437985228139192
0.957025852492456	0.254006696314478
3.26938718630885	1.12163262119223
0.409561754157867	0.185710382028173
0.824451710034132	0.346189076295124
0.912441899785217	0.49435214093532
0.82188945961011	0.344975872577652
1.25430941875699	0.872077628477946
0.678685727410979	0.214982042405379
1.83223894779093	0.716336716062103
0.16323818852145	0.0485873708307168
0.675591354383564	0.213968352567141
1.32813102430531	0.578875818998384
-0.621333103088639	0.151104040920032
0.158361881586878	0.0471344431935267
2.11869185323705	0.945764565994132
1.46109938210879	0.484014060767982
0.164738242561747	0.0490009495728858
2.76197196120423	0.768541369225187
0.157971563808893	0.0296806747786729
0.157971563808893	0.0296806747786729
0.532438411561851	0.190754397880712
0.676558588301015	0.214207370803977
1.06686894193237	0.514959325608844
0.830240426965074	0.348995445837094
1.04515347900522	0.395153426226023
1.03642094901871	0.391350967824649
0.155490335273875	0.0595707244029917
0.674624067917918	0.213658555919133
1.82816209415628	0.714241631039221
-2.57447078703937	0.657780381714024
-1.02109432881299	0.402930914701451
0.531600808944957	0.190452833446827
1.27496288218597	0.701642667176307
0.713186036373266	0.47084250105585
0.825015074546066	0.346341809907615
-0.056741056109785	0.0246921392211106
0.348655820897817	0.195549860813556
0.152764340567892	0.0517217106607349
0.956021254579335	0.253830462538477
-0.316567869202574	0.189052580018625
-0.0537707278649188	0.0234237385324447
-0.391221837165235	0.162737262551864
0.692532404089303	0.323793911411476
-0.620473624670499	0.150917804175241
0.16934280349587	0.0427080042196444
-0.143853906865524	0.0514402627084585
-0.770879742225566	0.335048419348226
-0.596963280437047	0.285905141190798
-0.654692192917209	0.454721514385061
-0.1446627598823	0.051733083076893
0.675948496687313	0.213928974911644
1.46109938210879	0.484014060767982
-1.81352302981117	0.735065306555984
-2.46395986334853	1.36584585656094
1.33916167979563	0.584947246381148
0.668914615208108	0.479129200470622
-1.12937501458112	0.339964434622374
0.533034126671957	0.190984669183042
-0.142747701481568	0.0510783991590262
1.06632392555289	0.514786948757726
1.33439543234949	0.582213962448826
-1.01797130384778	0.401574087179109
1.4655515469736	0.485738470948645
1.95793128711136	0.437766051086387
-0.222282150898245	0.0715311175279888
0.701205183631668	0.328821806891723
0.159251072645633	0.0298673857617753
0.530762262945688	0.190122868111177
0.539023677883605	0.193114159765337
1.57300066070252	0.779753450272878
-0.0216451027087354	0.0101206928299997
-3.08247559880565	0.958940682858076
0.539266647317431	0.19330887981843
1.82816209415628	0.714241631039221
0.958855818540361	0.254543321351908
1.82755032422624	0.713907775987463
1.33686934913081	0.583851214307558
0.670430931165646	0.212216518896251
1.32813102430531	0.578875818998384
1.04210966752671	0.393840140799123
1.33520072787008	0.582923907307515
1.96141436018454	0.438711417164155
4.176174739854	2.00138224703287
1.57294316983974	0.780217141436011
-0.522472487971899	0.197429550059794
1.46166504880046	0.484245680586438
1.46166504880046	0.484245680586438
0.605461129016838	0.317290337453627
0.677105074382106	0.214332831776124
-0.765918596168096	0.332344936277861
0.156463480688109	0.0599361206234149
-0.715646834778114	0.244453295526364
1.05057733179946	0.397426127671897
-3.07707720857862	0.956361112132394
1.46265753359042	0.48460907431551
2.12482393991542	0.949177318529429
0.170331293505475	0.0429093144237285
-0.222038342595648	0.0714812050319378
1.07116116689747	0.51803508033569
-0.388079291138713	0.16141108863951
-0.334465167213362	0.0958562903993202
-0.343432234206214	0.0982903961052269
-0.59728590203984	0.285848460014648
0.164122988767051	0.0488286730136595
1.95793128711136	0.437766051086387
0.693657598045462	0.324440596501374
1.33543856501865	0.58285380410182
0.669467631715225	0.211908752948447
-0.724110175343364	0.247660897147714
-0.601842481179404	0.288205637215096
-0.394276336796569	0.164179509947552
1.57485259290007	0.781252339630502
-0.766968651898497	0.33281296786619
1.33124867503934	0.580623928642544
0.17294827606403	0.0435260072159332
0.153016180557848	0.051821004050093
-0.33604699779225	0.0962542202740646
-1.01856232210606	0.401844162864408
0.68740549581721	0.321357101047622
0.174503749901052	0.0438676710334476
0.173940988172143	0.0437550114519682
1.33268267273416	0.581267457492734
0.154081774580399	0.0521624398881256
0.158819332515352	0.0689233785889917
0.952729371406254	0.252945498225285
2.75805496536761	0.766752929661107
1.95793128711136	0.437766051086387
-1.16218228450367	0.650423445856817
0.672009433869294	0.212657302786874
0.671394166412374	0.212454198010421
-2.57847696185857	0.659529736545688
-0.518386429636852	0.195700313035901
0.16190498991222	0.0302625824147867
1.04182554907797	0.393703969965548
0.16323818852145	0.0485873708307168
2.12632242307751	0.950125877513062
-0.620326325745573	0.150885642821786
-3.75228333635026	1.47685987725686
-1.81139863683783	0.733838743939283
0.673656731319726	0.21327169490293
0.153179217844522	0.0518679803975777
-0.485927392261295	0.255059954234754
1.77539180633825	0.988527601102566
0.955017933589342	0.253480850166851
1.96141436018454	0.438711417164155
1.04510594650726	0.394980612745183
1.46109938210879	0.484014060767982
1.26050908913449	0.878863508757122
1.46166504880046	0.484245680586438
0.165007048838445	0.0490553112296366
1.3304117173365	0.579951806427702
4.38814719803225	2.27849012511676
0.531842440037686	0.190461843261247
0.823642509432085	0.345787097083453
-0.338530582329419	0.0969729638077002
-0.338530582329419	0.0969729638077002
-0.625191995446008	0.152059991852936
0.173940988172143	0.0437550114519682
0.158687948318654	0.0472850694532285
1.57513025628534	0.781518976632822
0.676558588301015	0.214207370803977
0.959294652844364	0.254663957360155
1.3366322141597	0.58354097730275
0.824451710034132	0.346189076295124
0.443548397616714	0.177839700183466
-0.146809742742999	0.052468533546798
-0.510638022815261	0.192534807207919
1.46265753359042	0.48460907431551
0.162968126753743	0.0485024678975847
0.901258626878116	0.485790470444095
0.908225259870637	0.491355951414611
1.08752325013894	0.668841623487822
0.450132341142773	0.180566999601374
0.82469687251252	0.346268968053852
0.956455214607419	0.253949648163622
-0.340107395831878	0.0973408882698726
1.04425646373355	0.394601045991464
-3.75228333635026	1.47685987725686
-0.2161612848291	0.0695736762343304
0.675232747867266	0.213789953820415
-0.620903335937371	0.151058535991718
-0.516445778893015	0.194901695063007
3.27025913837768	1.12233669524588
0.675591354383564	0.213968352567141
-0.342463785834028	0.0980578484034576
0.447996914446478	0.17968538770428
-3.45172595803352	1.22146685013561
-0.337559379634888	0.0966770330278957
-0.521658376564381	0.197103710433116
1.46109938210879	0.484014060767982
0.678074042401891	0.214702481365457
-1.01856232210606	0.401844162864408
-1.7975657981284	0.379599665892429
0.162352652580513	0.0483303505238246
-0.101117345892703	0.0401132214792523
1.83259355517544	0.716473450995655
-1.7975657981284	0.379599665892429
0.150740222782873	0.0577273386353291
1.06845345068197	0.515945462407473
-1.12725353624624	0.339405023147411
-3.07750490916701	0.956880231933195
3.27025913837768	1.12233669524588
0.174370024960364	0.0438183729016174
1.46265753359042	0.48460907431551
0.670081697347895	0.212111377241056
0.17294827606403	0.0435260072159332
0.674624067917918	0.213658555919133
0.674143348272808	0.213431626689393
3.93297854230234	1.72057752612902
2.55957755228341	1.41656483249579
0.539266647317431	0.19330887981843
1.33520072787008	0.582923907307515
0.674015164989584	0.213380808783075
1.95879552552655	0.437985228139192
0.53471313464826	0.191636123836102
0.168354166613062	0.0424807140134561
0.959865181244613	0.254814612498812
0.158989511121608	0.0298299152293259
0.177812920485068	0.0445891130396879
1.95879552552655	0.437985228139192
2.76197196120423	0.768541369225187
1.04210966752671	0.393840140799123
0.957025852492456	0.254006696314478
3.27129205644114	1.12317050813274
2.12570455528211	0.949702563350638
0.826629429101699	0.346993851824063
1.04665020030324	0.395956904990197
-1.50884424560785	0.535043767502043
0.442219797808921	0.177210101023049
-0.294093442695351	0.134766629352408
0.181054559649883	0.105197557901802
0.799692258597912	0.481834794941022
-0.527405649697176	0.199462190898153
0.674015164989584	0.213380808783075
-0.218096087384631	0.0701860099861319
1.04881966420667	0.396662545686339
0.955017933589342	0.253480850166851
1.95793128711136	0.437766051086387
3.27129205644114	1.12317050813274
0.171707889808857	0.050888867940594
-0.619895187822925	0.150839789138775
0.15823182603157	0.0297179405544109
3.94896674899986	1.72791368237058
1.46109938210879	0.484014060767982
1.95793128711136	0.437766051086387
-3.45284250285449	1.22194559695964
-1.12881513859764	0.339906487322227
1.03904434951612	0.392325411809604
-0.61946410648704	0.150698865008898
-3.45714001185249	1.22455064732533
-0.71869462645605	0.245625159522256
1.4655515469736	0.485738470948645
1.46498308680977	0.485505347800691
1.46109938210879	0.484014060767982
0.157971563808893	0.0296806747786729
0.959865181244613	0.254814612498812
0.178378460373537	0.04470234426639
-0.338530582329419	0.0969729638077002
-0.3395018260887	0.0972061822975938
0.532196819047093	0.190683131950839
0.159251072645633	0.0298673857617753
0.157971563808893	0.0296806747786729
-2.57472877667238	0.65760345889815
-1.7975657981284	0.379599665892429
-1.7975657981284	0.379599665892429
0.673656731319726	0.21327169490293
0.795084205836182	0.477916152341859
0.673656731319726	0.21327169490293
-1.67444073591687	0.946337404081761
-0.620326325745573	0.150885642821786
-3.07793266340176	0.957013587093989
1.46109938210879	0.484014060767982
0.15823182603157	0.0297179405544109
2.75805496536761	0.766752929661107
0.171653101789031	0.0431973221484952
-1.50634046210702	0.533909618105069
3.27129205644114	1.12317050813274
0.174933567082256	0.0439573605408891
0.15823182603157	0.0297179405544109
0.157971563808893	0.0296806747786729
1.04577073722875	0.395582052714565
1.95879552552655	0.437985228139192
3.6399901361893	1.43067029650081
2.75805496536761	0.766752929661107
1.5810016022159	0.785274495012863
3.26835783601252	1.12163011968705
-1.12881513859764	0.339906487322227
0.164738242561747	0.0490009495728858
1.33101029003967	0.580064013154058
0.173940988172143	0.0437550114519682
0.152200918016515	0.0515403734692646
0.955017933589342	0.253480850166851
1.95879552552655	0.437985228139192
1.46654605141329	0.485981855384374
3.26835783601252	1.12163011968705
1.95879552552655	0.437985228139192
-1.79763019308962	0.379603777700996
0.1732138890056	0.0435401196761172
0.955450516302873	0.253599562429476
-0.620903335937371	0.151058535991718
-0.61946410648704	0.150698865008898
-1.7975657981284	0.379599665892429
1.95879552552655	0.437985228139192
-1.7975657981284	0.379599665892429
0.159251072645633	0.0298673857617753
-0.226251670734863	0.0728046955115856
0.16190498991222	0.0302625824147867
-0.620903335937371	0.151058535991718
-1.12725353624624	0.339405023147411
0.174503749901052	0.0438676710334476
0.957025852492456	0.254006696314478
-1.7975657981284	0.379599665892429
-1.7975657981284	0.379599665892429
0.168774858509076	0.0425819447497206
0.173940988172143	0.0437550114519682
4.17432985406838	2.00006384756967
1.46209127003869	0.484377128190959
3.27025913837768	1.12233669524588
0.158989511121608	0.0298299152293259
0.955450516302873	0.253599562429476
0.15823182603157	0.0297179405544109
1.95879552552655	0.437985228139192
-1.7975657981284	0.379599665892429
0.679297187320958	0.21511425797511
0.675232747867266	0.213789953820415
1.46166504880046	0.484245680586438
0.159251072645633	0.0298673857617753
0.17294827606403	0.0435260072159332
0.956455214607419	0.253949648163622
0.15823182603157	0.0297179405544109
0.957461191854986	0.254126256439643
1.46166504880046	0.484245680586438
3.64405193165419	1.43312407887711
1.46010735547628	0.483457516052687
0.959294652844364	0.254663957360155
1.95879552552655	0.437985228139192
0.955450516302873	0.253599562429476
1.82302843670005	0.711622876194053
1.95879552552655	0.437985228139192
0.531600808944957	0.190452833446827
1.83065515075678	0.71528955791634
3.26835783601252	1.12163011968705
-0.08555390255533	0.0340557082738426
0.156860096039346	0.0761025545684458
1.78440047264883	0.995768503418283
0.702008745791951	0.329276766270616
4.38398512814509	2.27525247793181
0.15823182603157	0.0297179405544109
0.15823182603157	0.0297179405544109
1.95879552552655	0.437985228139192
-0.71869462645605	0.245625159522256
2.75805496536761	0.766752929661107
-0.624183598429151	0.151840837481169
-0.619895187822925	0.150839789138775
0.15823182603157	0.0297179405544109
0.955017933589342	0.253480850166851
-2.57472877667238	0.65760345889815
-1.7975657981284	0.379599665892429
1.95793128711136	0.437766051086387
0.159251072645633	0.0298673857617753
-1.0275611383961	0.406046323242829
0.521993434713534	0.186738203755917
1.04122776355439	0.393435934346114
0.69824111539747	0.327181998415599
0.955017933589342	0.253480850166851
0.958855818540361	0.254543321351908
-1.79763019308962	0.379603777700996
-1.7975657981284	0.379599665892429
0.159251072645633	0.0298673857617753
0.157971563808893	0.0296806747786729
0.154259314455831	0.0291924198815566
-0.0558113880427339	0.0242932898902475
1.12579006680732	1.01469441268795
-0.211266830124093	0.0680954468365414
1.95879552552655	0.437985228139192
-0.3395018260887	0.0972061822975938
0.53158177076108	0.190397794536914
3.93818909907967	1.72414013073745
-3.45340104404634	1.22171831505731
3.27424476347588	1.12391188707828
1.46498308680977	0.485505347800691
0.956021254579335	0.253830462538477
2.75704467106166	0.766025498669684
-0.625630686390319	0.152156798395567
0.158426007238141	0.0472279903538101
-2.57472877667238	0.65760345889815
1.46166504880046	0.484245680586438
1.95879552552655	0.437985228139192
1.95879552552655	0.437985228139192
0.174503749901052	0.0438676710334476
0.826816090554278	0.347389878556976
0.167164301060576	0.0496616909525181
0.688331321462894	0.321686308305393
0.673656731319726	0.21327169490293
1.95879552552655	0.437985228139192
0.532196819047093	0.190683131950839
-0.344197358661899	0.0985376167395167
0.486229513399567	0.333862868825251
1.58044007528964	0.785210824870142
0.390384053749933	0.17637487004422
0.959294652844364	0.254663957360155
1.04272737841263	0.394268038065867
1.26589555942252	0.884924865201093
2.7590679263751	0.76692961097815
0.955450516302873	0.253599562429476
-2.58224585205989	0.661106815487816
2.75704467106166	0.766025498669684
0.957461191854986	0.254126256439643
0.90311829915453	0.488154676737711
2.76095211479574	0.768066673537379
1.32981847919987	0.579849240847793
-1.49025064931165	0.753058170718835
1.57162700882952	0.779006210019572
-0.100925988091692	0.0400195774244027
0.159251072645633	0.0298673857617753
0.175496922320134	0.0440701137079318
1.95793128711136	0.437766051086387
-1.79763019308962	0.379603777700996
-3.45770349111026	1.22440023898504
2.75704467106166	0.766025498669684
-1.80127875869	0.380587746892248
0.675232747867266	0.213789953820415
0.6989422115653	0.327389912674871
0.358705376096299	0.181309260373196
-2.57847696185857	0.659529736545688
0.155282002123357	0.02934225636165
0.157971563808893	0.0296806747786729
0.150475505340959	0.0577005678908003
1.95793128711136	0.437766051086387
0.157971563808893	0.0296806747786729
1.95879552552655	0.437985228139192
2.76095211479574	0.768066673537379
-1.7975657981284	0.379599665892429
0.15823182603157	0.0297179405544109
1.4655515469736	0.485738470948645
1.46067242606004	0.483688692701864
-0.625630686390319	0.152156798395567
1.96141436018454	0.438711417164155
0.162171049505848	0.0303007576998756
0.532445662876331	0.190626937200275
1.39705548666642	1.08478446752575
0.956455214607419	0.253949648163622
0.459652936753881	0.18472455597885
0.69334050166972	0.324281436252243
1.46109938210879	0.484014060767982
3.6399901361893	1.43067029650081
1.82912964257087	0.714770179842855
-0.97763070274497	0.482634692972241
0.393676200392675	0.177812483559907
0.366658257339584	0.185537745553289
-0.527405649697176	0.199462190898153
1.25601811411104	0.873893743373839
-0.62133920787282	0.151240698635141
-0.620473624670499	0.150917804175241
1.04488949167403	0.395085051250541
-1.12881513859764	0.339906487322227
-0.626100288806693	0.1523229776774
0.173940988172143	0.0437550114519682
0.15823182603157	0.0297179405544109
0.17738312662749	0.0444846964186047
2.35331541025446	1.17293087170239
1.33439543234949	0.582213962448826
-0.222633069722699	0.0716499874142472
1.46209127003869	0.484377128190959
0.168662278675518	0.0500652630774407
-0.718972834438042	0.245626954230634
0.155282002123357	0.02934225636165
-0.338530582329419	0.0969729638077002
-0.625191995446008	0.152059991852936
0.15823182603157	0.0297179405544109
1.83126911611682	0.715624907230154
-0.61946410648704	0.150698865008898
1.83320872066104	0.716809839835328
0.694638367563192	0.324989217155504
-0.977141956414785	0.482261809603493
-0.3395018260887	0.0972061822975938
-1.7975657981284	0.379599665892429
-1.8195049713298	0.738087686678667
-0.390078865929778	0.162194336703361
0.15823182603157	0.0297179405544109
0.955017933589342	0.253480850166851
0.157971563808893	0.0296806747786729
1.95879552552655	0.437985228139192
0.670081697347895	0.212111377241056
0.678074042401891	0.214702481365457
1.46109938210879	0.484014060767982
0.16934280349587	0.0427080042196444
1.95879552552655	0.437985228139192
0.674264818482823	0.213402910671394
0.155456144160003	0.0526000219263186
0.679042954927262	0.214964314584285
1.46166504880046	0.484245680586438
0.674143348272808	0.213431626689393
1.04881966420667	0.396662545686339
1.07439776107311	0.519974414552366
-1.28386613148399	0.577913662457171
0.675948496687313	0.213928974911644
3.64508196443781	1.43367348655271
0.956455214607419	0.253949648163622
1.4655515469736	0.485738470948645
0.162622561049093	0.0484009930995383
1.46109938210879	0.484014060767982
2.35950996177084	1.1773302918568
0.525974790890797	0.188312313683146
-0.974140115343373	0.480959896771658
-1.46192034622286	1.01779215864155
1.1162501305396	0.854618027361347
0.153267904345544	0.0519012670754554
1.04360842637382	0.394608583742794
0.680267294542255	0.215376555237081
1.46398903776532	0.484992681122713
2.76095211479574	0.768066673537379
1.95793128711136	0.437766051086387
0.15823182603157	0.0297179405544109
-0.724110175343364	0.247660897147714
0.17294827606403	0.0435260072159332
2.75805496536761	0.766752929661107
-0.341495388738576	0.0977618699341296
1.95793128711136	0.437766051086387
1.95879552552655	0.437985228139192
-1.12881513859764	0.339906487322227
-0.620903335937371	0.151058535991718
0.818985271608812	0.343479725639711
-0.3395018260887	0.0972061822975938
0.675591354383564	0.213968352567141
3.64508196443781	1.43367348655271
-0.620326325745573	0.150885642821786
0.174933567082256	0.0439573605408891
1.95879552552655	0.437985228139192
0.158989511121608	0.0298299152293259
0.164541324789641	0.0555400930525942
0.955573890382782	0.253753322308027
0.675591354383564	0.213968352567141
0.959865181244613	0.254814612498812
0.674015164989584	0.213380808783075
0.678685727410979	0.214982042405379
0.15823182603157	0.0297179405544109
-0.337924641037297	0.0968088152153293
-1.81352302981117	0.735065306555984
1.46308301616168	0.484563679444736
-0.34307485466429	0.0982470421897248
0.955017933589342	0.253480850166851
-1.79763019308962	0.379603777700996
0.173940988172143	0.0437550114519682
3.26835783601252	1.12163011968705
1.96141436018454	0.438711417164155
1.46109938210879	0.484014060767982
3.26835783601252	1.12163011968705
0.956021254579335	0.253830462538477
0.956021254579335	0.253830462538477
0.957461191854986	0.254126256439643
1.83126911611682	0.715624907230154
0.956021254579335	0.253830462538477
0.15823182603157	0.0297179405544109
0.159251072645633	0.0298673857617753
0.157971563808893	0.0296806747786729
1.0444887245408	0.394848386181826
1.82948417010899	0.714838990299682
-0.213293977179729	0.0687362131681472
0.67498185747701	0.213690207850534
0.16323818852145	0.0485873708307168
1.82912964257087	0.714770179842855
-2.57821111666453	0.659475059970799
-1.01941107455962	0.402225234221499
0.956021254579335	0.253830462538477
0.8248813791516	0.346189491357903
0.676558588301015	0.214207370803977
0.163583337686415	0.0486596187400795
3.26835783601252	1.12163011968705
2.35640188519378	1.17514982426169
-1.5094475769206	0.535248673690833
0.533870485766569	0.191241233041242
0.825822744600111	0.346704236374962
0.91574125480745	0.496599611863167
-0.230144844202686	0.114934671371571
0.682768911730453	0.216205939655595
0.172385921068679	0.0433875285709768
0.557876793216278	0.325494043184646
0.677716162542668	0.214611870267994
1.0418455851348	0.393863567086238
0.159251072645633	0.0298673857617753
0.159251072645633	0.0298673857617753
1.96141436018454	0.438711417164155
0.15823182603157	0.0297179405544109
0.155282002123357	0.02934225636165
0.158989511121608	0.0298299152293259
0.955017933589342	0.253480850166851
1.46498308680977	0.485505347800691
1.04638771946291	0.395714063580135
0.17351044503084	0.0436385160120603
1.95793128711136	0.437766051086387
-0.220606538471739	0.071036835690658
0.157971563808893	0.0296806747786729
2.12351425900057	0.948388101966043
1.46654605141329	0.485981855384374
0.159251072645633	0.0298673857617753
-0.336952847519868	0.096512855057735
2.7590679263751	0.76692961097815
1.45849632487227	0.482828278090187
-1.12725353624624	0.339405023147411
-1.507638227659	0.53431243522829
0.159251072645633	0.0298673857617753
0.530762262945688	0.190122868111177
-0.335438661955823	0.0961186879895653
0.17351044503084	0.0436385160120603
2.75704467106166	0.766025498669684
1.95879552552655	0.437985228139192
2.75805496536761	0.766752929661107
1.95879552552655	0.437985228139192
1.46109938210879	0.484014060767982
0.15823182603157	0.0297179405544109
-1.79763019308962	0.379603777700996
0.955017933589342	0.253480850166851
0.159251072645633	0.0298673857617753
0.15823182603157	0.0297179405544109
0.959294652844364	0.254663957360155
0.956455214607419	0.253949648163622
-0.338291342092883	0.0968475173314605
0.15823182603157	0.0297179405544109
0.17738312662749	0.0444846964186047
-3.08203891306948	0.959069086853276
-0.513523602017257	0.19363774647324
0.162968126753743	0.0485024678975847
0.616574803296911	0.324247230443074
2.11784059999101	0.945083067174483
0.449855196190117	0.180482719429868
1.33184695246066	0.580735815343295
3.64508196443781	1.43367348655271
3.26938718630885	1.12163262119223
2.76095211479574	0.768066673537379
-1.27728489514151	0.574335372221734
1.56778547869697	0.776513427014314
1.1180248553009	0.856680173738557
-1.21848477396304	0.919952325635283
1.82399204056179	0.712148377760895
2.75805496536761	0.766752929661107
1.46498308680977	0.485505347800691
0.796722555830228	0.480060401024174
0.397957500852408	0.179831860627171
1.4655515469736	0.485738470948645
1.96141436018454	0.438711417164155
1.95879552552655	0.437985228139192
3.26835783601252	1.12163011968705
2.75704467106166	0.766025498669684
0.168354166613062	0.0424807140134561
-0.140607226248752	0.0503348682136809
-0.338896474896558	0.0970421752101679
2.11931178949686	0.946188348024025
-1.79763019308962	0.379603777700996
-1.79763019308962	0.379603777700996
-1.79763019308962	0.379603777700996
1.95793128711136	0.437766051086387
0.959294652844364	0.254663957360155
0.159251072645633	0.0298673857617753
0.628188430835644	0.480338094329234
1.00597941595286	0.826437674707622
-0.718417185790278	0.245411018109158
0.15823182603157	0.0297179405544109
0.673656731319726	0.21327169490293
-0.338896474896558	0.0970421752101679
1.95879552552655	0.437985228139192
1.95793128711136	0.437766051086387
1.33496226972162	0.582380892606042
1.95793128711136	0.437766051086387
1.95793128711136	0.437766051086387
1.95879552552655	0.437985228139192
1.95793128711136	0.437766051086387
2.75704467106166	0.766025498669684
0.158202431453599	0.0297753629586498
1.96141436018454	0.438711417164155
-0.620903335937371	0.151058535991718
-0.620903335937371	0.151058535991718
-1.7975657981284	0.379599665892429
0.678074042401891	0.214702481365457
-2.64406639286366	1.62436046046323
-0.485952570449902	0.255283899220319
0.692040596487325	0.32349253346551
-0.343432234206214	0.0982903961052269
0.955573890382782	0.253753322308027
0.957025852492456	0.254006696314478
2.75805496536761	0.766752929661107
1.83536533888649	0.717440027680737
0.157971563808893	0.0296806747786729
-0.0944036040363931	0.0374576755555379
-1.01740662543105	1.13891726522364
-2.57447078703937	0.657780381714024
1.95793128711136	0.437766051086387
-2.57421277656498	0.657506382974291
2.36264436384859	1.18001786124964
0.174933567082256	0.0439573605408891
0.155282002123357	0.02934225636165
0.15823182603157	0.0297179405544109
1.95879552552655	0.437985228139192
1.95793128711136	0.437766051086387
1.46209127003869	0.484377128190959
3.64611189084925	1.43374127140597
1.95793128711136	0.437766051086387
0.15823182603157	0.0297179405544109
0.158989511121608	0.0298299152293259
-1.02839204705132	0.406425713646344
0.157568112712888	0.0533067915180714
-0.61946410648704	0.150698865008898
-3.07793266340176	0.957013587093989
0.159251072645633	0.0298673857617753
0.16190498991222	0.0302625824147867
1.96141436018454	0.438711417164155
1.95793128711136	0.437766051086387
0.158989511121608	0.0298299152293259
0.530762262945688	0.190122868111177
-0.393091467495034	0.163750598389289
1.83065515075678	0.71528955791634
1.95793128711136	0.437766051086387
1.95879552552655	0.437985228139192
2.75805496536761	0.766752929661107
1.95879552552655	0.437985228139192
0.955017933589342	0.253480850166851
1.82912964257087	0.714770179842855
1.95879552552655	0.437985228139192
1.95879552552655	0.437985228139192
2.75805496536761	0.766752929661107
0.822450638269115	0.345345024290892
0.675591354383564	0.213968352567141
2.75805496536761	0.766752929661107
-0.728062611221892	0.249009139075467
1.96141436018454	0.438711417164155
0.959294652844364	0.254663957360155
1.06956203261337	0.516936934630967
-0.978181502954613	0.483691732047367
1.07521217165784	0.520472451854942
0.14120421760554	0.0541731131153191
-0.485120361185727	0.254559466818063
1.95793128711136	0.437766051086387
-0.333856458330646	0.0956917261764247
0.535550464072287	0.191953357336806
0.159251072645633	0.0298673857617753
0.156341514215368	0.0678008790804427
-0.383926445380703	0.216406205997213
0.52968127803567	0.189632310501113
0.532792572738207	0.190847845049574
1.07008904345015	0.517058088330923
0.732575993325315	0.487782595694523
1.95793128711136	0.437766051086387
3.27129205644114	1.12317050813274
0.960305402281055	0.254935680101795
0.956455214607419	0.253949648163622
2.7590679263751	0.76692961097815
1.95793128711136	0.437766051086387
1.95793128711136	0.437766051086387
0.673656731319726	0.21327169490293
0.674264818482823	0.213402910671394
-2.2908626416343	1.15670010225606
0.159251072645633	0.0298673857617753
3.63896224062815	1.42951913528691
-1.7975657981284	0.379599665892429
1.95879552552655	0.437985228139192
-1.7975657981284	0.379599665892429
0.159251072645633	0.0298673857617753
2.12263439025233	0.948179078254044
-0.778261798228775	0.423083885583591
0.173940988172143	0.0437550114519682
1.95793128711136	0.437766051086387
1.95879552552655	0.437985228139192
1.95793128711136	0.437766051086387
2.75704467106166	0.766025498669684
1.95879552552655	0.437985228139192
1.95879552552655	0.437985228139192
0.159251072645633	0.0298673857617753
0.957025852492456	0.254006696314478
0.177812920485068	0.0445891130396879
0.158989511121608	0.0298299152293259
0.817859684062547	0.34292547743413
0.602257203302167	0.315435115154997
1.09252109889308	0.673274661294658
2.36135779708053	1.17843462581702
2.11754480680452	0.94503257477152
0.162968126753743	0.0485024678975847
0.16323818852145	0.0485873708307168
0.158989511121608	0.0298299152293259
-0.620903335937371	0.151058535991718
0.159251072645633	0.0298673857617753
-0.232777653165679	0.116306135742438
0.15388857651959	0.0668281633089699
-0.3395018260887	0.0972061822975938
-3.07750490916701	0.956880231933195
0.150978564197462	0.0511367124353463
-0.910220553342344	0.663339253190831
1.11533270347357	0.854314035169014
0.799645054558684	0.481827358077666
0.401505969088906	0.181847082822463
0.956021254579335	0.253830462538477
0.174933567082256	0.0439573605408891
0.680267294542255	0.215376555237081
-0.61946410648704	0.150698865008898
1.95793128711136	0.437766051086387
-0.620473624670499	0.150917804175241
0.686516219941277	0.217225649716934
1.46166504880046	0.484245680586438
0.16190498991222	0.0302625824147867
1.95793128711136	0.437766051086387
2.75805496536761	0.766752929661107
2.75805496536761	0.766752929661107
3.26630303248094	1.12023058934939
-1.7975657981284	0.379599665892429
1.95793128711136	0.437766051086387
2.75704467106166	0.766025498669684
2.35700222344558	1.17564373523042
0.166279076961167	0.0494077549790747
-0.395089929817484	0.164583031256368
2.7590679263751	0.76692961097815
-0.619895187822925	0.150839789138775
0.15823182603157	0.0297179405544109
-1.79763019308962	0.379603777700996
1.95879552552655	0.437985228139192
1.95879552552655	0.437985228139192
1.95793128711136	0.437766051086387
1.46265753359042	0.48460907431551
0.155282002123357	0.02934225636165
1.4633374068608	0.915661012677735
-0.228300401261633	0.113883409091007
3.26732978575294	1.1211772426211
1.95879552552655	0.437985228139192
1.04122776355439	0.393435934346114
0.825744745872983	0.346865970221037
0.90749734357105	0.490771141886538
0.453093480981549	0.181948913825526
-2.28975093375734	1.1557618415623
1.04665020030324	0.395956904990197
0.676558588301015	0.214207370803977
0.820788708717359	0.34438504769634
0.962745253864598	0.656571893533232
-0.29989811868895	0.137523625954254
1.62954472576189	1.14585023534174
-0.621333103088639	0.151104040920032
-2.46120561689125	1.36423078812681
1.06632392555289	0.514786948757726
1.06903480350602	0.516605281541135
0.158323408359409	0.0768774717564359
0.531358567637365	0.190353154457246
0.532792572738207	0.190847845049574
-0.723495739913315	0.247436366504984
-0.212700860727539	0.0685566980358174
0.16190498991222	0.0302625824147867
0.163853552605343	0.0487595972376143
1.95879552552655	0.437985228139192
0.15823182603157	0.0297179405544109
-0.212950112008515	0.0686100611095293
2.35867500117237	1.17688948319321
0.157971563808893	0.0296806747786729
-0.620903335937371	0.151058535991718
-1.7975657981284	0.379599665892429
-2.57472877667238	0.65760345889815
1.0433448222306	0.394400438672122
0.958855818540361	0.254543321351908
1.95793128711136	0.437766051086387
1.46308301616168	0.484563679444736
3.27129205644114	1.12317050813274
2.75805496536761	0.766752929661107
1.95793128711136	0.437766051086387
0.158989511121608	0.0298299152293259
-0.344042706429557	0.0984794926451442
0.157971563808893	0.0296806747786729
1.95879552552655	0.437985228139192
0.159251072645633	0.0298673857617753
0.174370024960364	0.0438183729016174
0.676200627845659	0.214099921395796
1.32647053157539	0.57789155337535
1.46067242606004	0.483688692701864
1.33999521271986	0.585413722027566
0.951724523631597	0.252769110062367
1.46010735547628	0.483457516052687
1.95793128711136	0.437766051086387
0.525378140173977	0.188039309051153
3.26938718630885	1.12163262119223
0.16190498991222	0.0302625824147867
0.15823182603157	0.0297179405544109
-2.57472877667238	0.65760345889815
-2.57447078703937	0.657780381714024
-0.621333103088639	0.151104040920032
1.57081816848357	0.778153870692377
0.617412765496428	0.324806645188428
1.46209127003869	0.484377128190959
0.956455214607419	0.253949648163622
1.82912964257087	0.714770179842855
3.27025913837768	1.12233669524588
-3.45228414088993	1.22181665198441
-0.222038342595648	0.0714812050319378
1.82851727583204	0.714435845516616
1.83106456718648	0.715380743752126
0.175496922320134	0.0440701137079318
-0.14575574418188	0.0521067853554539
-0.978764399023538	0.483488205596225
0.154213873214451	0.0668719322751229
1.83162438273742	0.716000775412828
0.151383672100152	0.0579893158462332
-0.620473624670499	0.150917804175241
-0.719585944508868	0.245867637672296
0.696629251122635	0.326266216208756
0.528236092469745	0.189119596677675
1.07063512565456	0.517703792604127
-0.719585944508868	0.245867637672296
-0.71869462645605	0.245625159522256
-0.516445778893015	0.194901695063007
-0.714755800696332	0.244129665196273
-0.991312468556484	0.492019254131511
1.04422575936648	0.394740889448914
-2.06589848871781	0.936900543147092
2.12045473466834	0.946331293840641
-0.616620021012413	0.150099962492625
0.536739666042799	0.192347830350542
0.670430931165646	0.212216518896251
-0.216657809109618	0.0697687117469907
1.83474856422576	0.717102751489695
-0.344042706429557	0.0984794926451442
0.156578374192559	0.0529500023158002
0.678685727410979	0.214982042405379
0.152619802685851	0.0516844934618455
0.822832332666427	0.345345001072504
0.676200627845659	0.214099921395796
2.11608899731542	0.944050734800592
3.64204563210395	1.43174087144813
0.157971563808893	0.0296806747786729
1.95793128711136	0.437766051086387
0.957461191854986	0.254126256439643
2.76095211479574	0.768066673537379
-1.12825544522804	0.339732258677114
0.955450516302873	0.253599562429476
-0.335438661955823	0.0961186879895653
2.75805496536761	0.766752929661107
0.155282002123357	0.02934225636165
0.168354166613062	0.0424807140134561
0.164122988767051	0.0488286730136595
1.95793128711136	0.437766051086387
0.176818183184722	0.0443715906559113
-1.79763019308962	0.379603777700996
0.174503749901052	0.0438676710334476
-1.7975657981284	0.379599665892429
1.95879552552655	0.437985228139192
1.95879552552655	0.437985228139192
0.675232747867266	0.213789953820415
0.675232747867266	0.213789953820415
0.675591354383564	0.213968352567141
0.153584612791313	0.0458452254142868
0.175496922320134	0.0440701137079318
1.0418455851348	0.393863567086238
0.96272254042429	0.255477208819605
1.95793128711136	0.437766051086387
1.82816209415628	0.714241631039221
1.95793128711136	0.437766051086387
0.561081980584135	0.327827405350505
-0.0186140848145957	0.0087407585855106
1.28264121376889	0.708089647408427
1.28016355591198	0.706207937902467
-0.149915159045215	0.0535975402652961
0.526571184576376	0.188493803820027
0.173940988172143	0.0437550114519682
0.827062362966711	0.347535018691045
-0.21725219958623	0.0699489287533772
-0.0926618573180851	0.036786603271242
0.706734032422646	0.622244152976137
1.33184695246066	0.580735815343295
-2.57447078703937	0.657780381714024
0.695128460274153	0.325145696704504
0.153801108434438	0.0666852820754741
-0.0562769346608869	0.0244949372842683
0.568621658867305	0.333185821559755
-0.174204350296086	0.0930327346159763
0.692532404089303	0.323793911411476
0.153267904345544	0.0519012670754554
-2.57447078703937	0.657780381714024
0.15823182603157	0.0297179405544109
-0.337559379634888	0.0966770330278957
-0.21413668209253	0.0689782373236906
-0.335438661955823	0.0961186879895653
1.95793128711136	0.437766051086387
0.173940988172143	0.0437550114519682
3.6430217955396	1.43205157105291
0.15823182603157	0.0297179405544109
0.159251072645633	0.0298673857617753
3.26835783601252	1.12163011968705
1.83162438273742	0.716000775412828
0.951724523631597	0.252769110062367
1.82948417010899	0.714838990299682
0.665855845614413	0.210630560292204
1.04425646373355	0.394601045991464
1.46265753359042	0.48460907431551
1.95879552552655	0.437985228139192
2.75805496536761	0.766752929661107
1.06134777962938	0.511984928791981
0.956021254579335	0.253830462538477
0.96272254042429	0.255477208819605
1.83126911611682	0.715624907230154
0.38956047719581	0.175953539914918
-0.142223285419907	0.0509011547645968
1.56722093465069	0.776130157746153
3.26630303248094	1.12023058934939
3.26732978575294	1.1211772426211
1.96141436018454	0.438711417164155
0.956455214607419	0.253949648163622
3.26835783601252	1.12163011968705
0.957025852492456	0.254006696314478
0.956021254579335	0.253830462538477
-3.45228414088993	1.22181665198441
-4.01075760225524	1.7326053210152
1.25793464575623	1.06906684896499
0.728900816123118	0.484216300293628
1.96141436018454	0.438711417164155
0.674624067917918	0.213658555919133
1.09579158574998	0.676632613772743
0.677105074382106	0.214332831776124
3.26630303248094	1.12023058934939
0.960305402281055	0.254935680101795
1.95793128711136	0.437766051086387
3.26630303248094	1.12023058934939
1.95879552552655	0.437985228139192
0.442219797808921	0.177210101023049
0.141367126396849	0.0542376669175521
0.614550767680098	0.322931646731297
-0.527132195003942	0.199301834615359
-0.625630686390319	0.152156798395567
0.957025852492456	0.254006696314478
-1.7975657981284	0.379599665892429
1.82851727583204	0.714435845516616
-0.148585144209234	0.0531300006524212
-0.0937718828955942	0.0372495291931953
0.587965590940822	0.4727738818424
0.694148080198457	0.324741670139151
1.46067242606004	0.483688692701864
-0.625191995446008	0.152059991852936
0.526211669677007	0.188366258201689
0.156447071209317	0.052937950851718
-0.234705745041992	0.117371316515034
-0.0947761703984603	0.037597259115577
-0.216063671871124	0.0695794401283131
-0.21413668209253	0.0689782373236906
-1.4910676126572	0.753241782317099
0.959294652844364	0.254663957360155
-3.07750490916701	0.956880231933195
1.96141436018454	0.438711417164155
0.157971563808893	0.0296806747786729
1.95793128711136	0.437766051086387
0.956455214607419	0.253949648163622
1.95879552552655	0.437985228139192
0.159251072645633	0.0298673857617753
1.46109938210879	0.484014060767982
0.677716162542668	0.214611870267994
1.95879552552655	0.437985228139192
0.956455214607419	0.253949648163622
2.75704467106166	0.766025498669684
0.155282002123357	0.02934225636165
0.174503749901052	0.0438676710334476
1.95879552552655	0.437985228139192
0.158989511121608	0.0298299152293259
3.26732978575294	1.1211772426211
1.95879552552655	0.437985228139192
-1.12725353624624	0.339405023147411
-0.0475158592511366	0.0207883540624891
0.617838345522771	0.325117539779767
0.146052828713658	0.0559896260587139
-0.620903335937371	0.151058535991718
0.158989511121608	0.0298299152293259
0.159251072645633	0.0298673857617753
0.158989511121608	0.0298299152293259
1.46109938210879	0.484014060767982
2.75805496536761	0.766752929661107
0.451240643407656	0.181143919700285
-0.3395018260887	0.0972061822975938
0.613760378835239	0.322817238435426
0.16514583313252	0.0802640143069551
0.149666584584426	0.057386385337034
1.95793128711136	0.437766051086387
1.46209127003869	0.484377128190959
-1.66747537240818	0.940695629380774
-1.79763019308962	0.379603777700996
1.95879552552655	0.437985228139192
-1.7975657981284	0.379599665892429
1.95793128711136	0.437766051086387
1.95793128711136	0.437766051086387
0.535111783342214	0.3439011749391
0.698960911679982	0.613424937859118
0.183015068003879	0.0983263495046015
-0.0492553063669846	0.0215229817396632
-0.227043052337122	0.113306028141222
-0.154363554761836	0.0551692242474553
-1.13338534815793	0.341498686250824
-1.7975657981284	0.379599665892429
0.176818183184722	0.0443715906559113
0.611239910265206	0.320641063066744
-0.767258704524236	0.332989408243179
0.97572270069675	0.971430717075315
-0.381092425115682	0.261333925341254
-1.07906842954324	0.73473258668906
0.955450516302873	0.253599562429476
-0.773028470470433	0.335932514002435
0.732056090980881	0.486963065793144
-0.942013482655716	0.57762230542648
-2.01616219707012	2.10786160000111
0.725218940119496	0.480902068500213
-1.17214622774763	0.658277893625905
-0.0944036040363931	0.0374576755555379
2.12237275162321	0.948156957082224
-1.12781381973937	0.339579374120096
-1.12781381973937	0.339579374120096
1.03878889357161	0.392361575468581
-1.12881513859764	0.339906487322227
2.75704467106166	0.766025498669684
0.158989511121608	0.0298299152293259
0.155282002123357	0.02934225636165
0.157971563808893	0.0296806747786729
1.82755032422624	0.713907775987463
0.956021254579335	0.253830462538477
1.33460347604402	0.582347430988149
3.27232628525746	1.12331698634376
1.46067242606004	0.483688692701864
1.95793128711136	0.437766051086387
2.75805496536761	0.766752929661107
1.95793128711136	0.437766051086387
0.157971563808893	0.0296806747786729
2.75805496536761	0.766752929661107
1.04360842637382	0.394608583742794
1.96141436018454	0.438711417164155
-0.625191995446008	0.152059991852936
0.157971563808893	0.0296806747786729
-0.335438661955823	0.0961186879895653
-1.81676990665961	0.736858778572184
0.389112331159811	0.175764780713418
-0.518644858635781	0.195729988241304
0.158426007238141	0.0472279903538101
3.6399901361893	1.43067029650081
-0.61946410648704	0.150698865008898
-0.624623675797245	0.151937920429117
0.956021254579335	0.253830462538477
1.82948417010899	0.714838990299682
-1.79763019308962	0.379603777700996
-0.61946410648704	0.150698865008898
-1.02000263547267	0.402451186762966
0.521993434713534	0.186738203755917
0.159251072645633	0.0298673857617753
-0.44691624998541	0.295634000831721
0.670179000513829	0.481001324719519
-4.41408379220852	2.24142336176902
-2.57472877667238	0.65760345889815
-1.02393437812981	0.404449416816886
-1.31754332488616	0.824000890191029
0.158989511121608	0.0298299152293259
-3.07793266340176	0.957013587093989
2.75805496536761	0.766752929661107
0.159251072645633	0.0298673857617753
-1.12769593434811	0.339436368028373
1.46166504880046	0.484245680586438
0.957025852492456	0.254006696314478
1.95879552552655	0.437985228139192
1.04360842637382	0.394608583742794
0.168354166613062	0.0424807140134561
1.4655515469736	0.485738470948645
1.95879552552655	0.437985228139192
0.172643132163515	0.0434132410698589
-0.387593148133725	0.161202448597226
-1.02194301820446	0.403479228390162
-0.338896474896558	0.0970421752101679
-0.982523524496957	0.486761594884181
0.166894126545373	0.0495801423286346
0.402479040908344	0.182158557927582
0.151421573090131	0.0657050316580239
0.675232747867266	0.213789953820415
-0.343686146411719	0.0983921171207581
-0.215469787669442	0.0693747409894077
0.146052828713658	0.0559896260587139
1.04182554907797	0.393703969965548
0.536386835238158	0.192220018139766
0.171653101789031	0.0431973221484952
1.83009713438939	0.715173729277155
2.35783908683091	1.17632259504716
1.46846293168858	0.486570444742071
1.57802507560287	0.783680554981409
-0.724110175343364	0.247660897147714
-0.717804035722151	0.245206559878684
-0.938239302894953	0.574026718228379
-0.145472337378192	0.0520149972990822
3.27129205644114	1.12317050813274
2.57123246181057	1.42654037542079
0.676200627845659	0.214099921395796
1.78196338943098	0.993259565236693
0.163853552605343	0.0487595972376143
-1.0213509823134	0.403162852904808
0.151061641523147	0.0578640062767647
-2.57472877667238	0.65760345889815
0.158989511121608	0.0298299152293259
0.674264818482823	0.213402910671394
1.0703619717886	0.517515132381691
0.526808022811829	0.188639363777938
0.533629585575437	0.191149248838921
1.96141436018454	0.438711417164155
2.12878527633644	0.950983577147948
0.158426007238141	0.0472279903538101
0.959294652844364	0.254663957360155
0.531358567637365	0.190353154457246
1.46067242606004	0.483688692701864
0.15823182603157	0.0297179405544109
2.75805496536761	0.766752929661107
2.75805496536761	0.766752929661107
1.95793128711136	0.437766051086387
1.95793128711136	0.437766051086387
0.955017933589342	0.253480850166851
0.159251072645633	0.0298673857617753
-2.27914714045139	1.14730052208532
0.529922778294509	0.18974393081766
-0.388408062610022	0.161550493058169
2.75704467106166	0.766025498669684
-1.12725353624624	0.339405023147411
-0.620903335937371	0.151058535991718
-0.718972834438042	0.245626954230634
0.539266647317431	0.19330887981843
0.956455214607419	0.253949648163622
2.13328648714719	1.49430326581672
0.157971563808893	0.0296806747786729
-3.07750490916701	0.956880231933195
0.957025852492456	0.254006696314478
0.956455214607419	0.253949648163622
0.677105074382106	0.214332831776124
-0.71869462645605	0.245625159522256
-1.51494510157249	0.537750180976637
0.956021254579335	0.253830462538477
0.174503749901052	0.0438676710334476
-1.02168632234953	0.403201742865738
-1.02790181469622	0.406358338825706
-1.81139863683783	0.733838743939283
0.678327026073525	0.214743904761834
0.17351044503084	0.0436385160120603
0.956455214607419	0.253949648163622
1.46209127003869	0.484377128190959
0.17294827606403	0.0435260072159332
-1.12781381973937	0.339579374120096
2.75704467106166	0.766025498669684
2.75704467106166	0.766025498669684
0.173940988172143	0.0437550114519682
0.673048421642057	0.212994504688281
0.158989511121608	0.0298299152293259
1.95793128711136	0.437766051086387
-0.3395018260887	0.0972061822975938
-0.148866463966334	0.0532149807379995
0.442746084081858	0.177485883285209
-1.48151765035165	0.746422651543402
2.11998934304499	0.946287331085183
1.82851727583204	0.714435845516616
1.77814860605863	0.991230166487023
-0.722881564981813	0.247143842823858
0.172385921068679	0.0433875285709768
-1.79763019308962	0.379603777700996
-0.148061494466894	0.0529339857858611
0.692040596487325	0.32349253346551
0.676200627845659	0.214099921395796
-1.12937501458112	0.339964434622374
1.04272737841263	0.394268038065867
1.57802507560287	0.783680554981409
2.35807525788525	1.1763957204921
0.531004542224133	0.190160354232034
0.345485325287686	0.193638667180674
1.0444887245408	0.394848386181826
1.46498308680977	0.485505347800691
1.3329197605053	0.581616348611346
-0.148585144209234	0.0531300006524212
1.45652080007828	0.482281887456809
-0.518083231189381	0.195483647696607
4.17340595642908	1.99906710787781
0.168774858509076	0.0425819447497206
1.46209127003869	0.484377128190959
2.75805496536761	0.766752929661107
2.12482393991542	0.949177318529429
-1.79763019308962	0.379603777700996
1.46265753359042	0.48460907431551
0.530762262945688	0.190122868111177
1.06446193612115	0.513329476941823
0.956021254579335	0.253830462538477
-0.51812811293967	0.195578845806807
-0.620903335937371	0.151058535991718
1.83162438273742	0.716000775412828
0.956021254579335	0.253830462538477
0.167164301060576	0.0496616909525181
-1.79763019308962	0.379603777700996
-2.57421277656498	0.657506382974291
1.95793128711136	0.437766051086387
0.173940988172143	0.0437550114519682
1.04210966752671	0.393840140799123
1.57617503203693	0.782056282529512
0.671045597340039	0.212419421287662
-0.625630686390319	0.152156798395567
2.75805496536761	0.766752929661107
0.161460812920862	0.048044569646078
-3.45770349111026	1.22440023898504
-0.215815148052618	0.0695090074287807
0.159251072645633	0.0298673857617753
-1.50922180218546	0.535188573690381
-1.81291187157146	0.734751884578751
1.46498308680977	0.485505347800691
1.46109938210879	0.484014060767982
1.33208469099746	0.58115584608196
3.26732978575294	1.1211772426211
0.177247192199527	0.0444492499698682
0.958855818540361	0.254543321351908
2.75704467106166	0.766025498669684
0.173940988172143	0.0437550114519682
0.149982636103429	0.0508231515257977
0.534955479672592	0.191660301050033
-1.81738212013859	0.737229580571004
-3.45714001185249	1.22455064732533
0.447164211644563	0.179173220767609
-0.620473624670499	0.150917804175241
-3.45340104404634	1.22171831505731
0.17294827606403	0.0435260072159332
0.535550464072287	0.191953357336806
0.16190498991222	0.0302625824147867
0.172385921068679	0.0433875285709768
0.678074042401891	0.214702481365457
1.0361636458939	0.391113445211294
0.671394166412374	0.212454198010421
-2.57421277656498	0.657506382974291
-0.221200715743042	0.0712222587266738
0.173940988172143	0.0437550114519682
1.27657020644103	0.703033270984241
1.82948417010899	0.714838990299682
-0.305662986710583	0.140445653088562
-2.06306819699639	0.93489075784751
0.150080645471922	0.0574857532514497
0.011067009906452	0.0056345524630598
-0.149109006987793	0.0533158375998453
0.82943322207102	0.348499314234927
0.530762262945688	0.190122868111177
-0.150439826851979	0.0537776490722372
0.822450638269115	0.345345024290892
0.675591354383564	0.213968352567141
0.613285784116661	0.322131299994541
0.516841944074663	0.330024458705885
0.697923312786667	0.326988260319965
1.82755032422624	0.713907775987463
0.700234135741851	0.32827596633836
1.82948417010899	0.714838990299682
-0.302874017283265	0.138940365582972
-0.336952847519868	0.096512855057735
1.3374657462467	0.583961413896269
-0.717191145070403	0.244966202456728
2.75805496536761	0.766752929661107
-2.57447078703937	0.657780381714024
-0.220849649046566	0.0710925897619741
0.174503749901052	0.0438676710334476
0.170211653850527	0.0504730190931177
1.06983533628829	0.517183639033184
0.158942567785463	0.0608748549822144
1.07094909345055	0.51796134576809
0.152453062620175	0.0516328700929256
-1.02646555146412	0.405564715628588
0.158687948318654	0.0472850694532285
0.168774858509076	0.0425819447497206
-1.81352302981117	0.735065306555984
0.154643798015002	0.0523504544120162
1.95793128711136	0.437766051086387
0.674264818482823	0.213402910671394
1.33603551913475	0.58343053611899
1.04577073722875	0.395582052714565
0.164122988767051	0.0488286730136595
0.674624067917918	0.213658555919133
0.176253051776925	0.0442319878724308
2.12175361138722	0.947733160087778
-0.14575574418188	0.0521067853554539
0.529325922387399	0.189451846093382
0.16566376423511	0.049220972992664
0.674624067917918	0.213658555919133
-2.57447078703937	0.657780381714024
-0.218096087384631	0.0701860099861319
4.56218037513586	2.56187090700542
0.674624067917918	0.213658555919133
1.0455067302297	0.395217247583679
-0.343432234206214	0.0982903961052269
-2.57821111666453	0.659475059970799
-1.81738212013859	0.737229580571004
-0.765918596168096	0.332344936277861
-0.215815148052618	0.0695090074287807
0.670430931165646	0.212216518896251
3.64101793434512	1.43134239135362
0.159304296973707	0.0474668185471716
0.535308159768992	0.19186644934071
-0.339979595307007	0.0973896500376519
1.95879552552655	0.437985228139192
-0.222887527280495	0.0717843536663536
0.172223255009213	0.0433240097489323
1.95879552552655	0.437985228139192
0.177812920485068	0.0445891130396879
0.956021254579335	0.253830462538477
0.393961774990398	0.177928380262754
0.956455214607419	0.253949648163622
1.78036979483509	0.991924119446332
2.35867500117237	1.17688948319321
-0.338530582329419	0.0969729638077002
-0.146282635967707	0.0522900631456069
1.07195961454264	0.518497681350102
0.157546606671046	0.0469737944802553
-0.338896474896558	0.0970421752101679
2.90433008366302	1.95687123998847
1.33232181501832	0.581040506436256
-0.3395018260887	0.0972061822975938
0.911989349176909	0.494079753156755
0.530750780741859	0.19013343293214
-0.390057624792886	0.220322887867071
0.158219233943485	0.0768195041245948
0.912441899785217	0.49435214093532
1.27403500341249	0.701628101763893
2.56494110671333	1.4212392328305
0.446663041595485	0.179042654148501
0.163853552605343	0.0487595972376143
-1.98002319138994	1.38007827823445
0.164122988767051	0.0488286730136595
1.46308301616168	0.484563679444736
1.04272737841263	0.394268038065867
0.905364041230683	0.489100693534086
-1.50573496603534	0.533703959061235
2.12570455528211	0.949702563350638
-0.720199314130701	0.246072307343885
-0.0922060904674837	0.0366063341437637
-0.948985815898693	0.583557217292048
0.153179217844522	0.0518679803975777
0.144008446605218	0.0488679023591925
-0.388408062610022	0.161550493058169
0.153519510388545	0.0519633960584783
0.177812920485068	0.0445891130396879
1.82912964257087	0.714770179842855
0.17294827606403	0.0435260072159332
0.174370024960364	0.0438183729016174
-0.3395018260887	0.0972061822975938
0.156447071209317	0.052937950851718
0.447996914446478	0.17968538770428
0.150475505340959	0.0577005678908003
0.158687948318654	0.0472850694532285
0.678685727410979	0.214982042405379
3.26835783601252	1.12163011968705
2.76197196120423	0.768541369225187
0.824451710034132	0.346189076295124
0.604209212862444	0.31639810891361
1.46109938210879	0.484014060767982
1.57698010039245	0.782710522844369
-0.214627712908801	0.0691154905123542
-0.335438661955823	0.0961186879895653
-0.3395018260887	0.0972061822975938
1.33232181501832	0.581040506436256
1.04033415471618	0.393059276990575
-0.775325937496498	0.337373229164995
1.46265753359042	0.48460907431551
3.26835783601252	1.12163011968705
-2.57447078703937	0.657780381714024
0.955450516302873	0.253599562429476
0.700401077190125	0.328323832749525
-0.221443869104186	0.0712956025102242
-0.337924641037297	0.0968088152153293
-0.711699744842696	0.242910015965495
1.46308301616168	0.484563679444736
0.531600808944957	0.190452833446827
-0.61946410648704	0.150698865008898
0.798381159579485	0.480767183381933
0.676558588301015	0.214207370803977
0.538915294968333	0.193067324585787
1.33856572193498	0.584370161748649
0.163853552605343	0.0487595972376143
-1.7975657981284	0.379599665892429
0.158426007238141	0.0472279903538101
-3.08203891306948	0.959069086853276
-0.718417185790278	0.245411018109158
1.04360842637382	0.394608583742794
0.367518640081065	0.18605117605044
-0.771167851788504	0.335180013603335
0.822513949918738	0.345096883744715
1.26257882923483	0.881452258045607
-2.28109906238932	1.14881626005237
0.172385921068679	0.0433875285709768
0.401654656745815	0.181752172791282
0.155157819393839	0.0673918532276395
-0.234141049257639	0.116951122845679
2.11869185323705	0.945764565994132
-3.07836047129561	0.956774727997911
1.39991040740168	1.08862590896114
0.955450516302873	0.253599562429476
0.534470172870219	0.191495164180491
0.394870973019122	0.178443807229182
2.11931178949686	0.946188348024025
0.536739666042799	0.192347830350542
-2.06530788404037	0.936496100496138
0.152705092212536	0.0517022070713414
1.06659631817428	0.51499569547802
0.827624029735347	0.347817645508971
4.17847139446736	2.00361183825127
0.527404119121822	0.188820766466342
1.46781226351853	0.920024131180723
0.960305402281055	0.254935680101795
0.441943033911723	0.177112743935041
-0.60267617078661	0.288531832630996
-0.342107054910445	0.0979510037894855
0.402649573875969	0.182175804543789
0.16350747165244	0.0486421723506342
1.04096305100241	0.393348131713795
-0.717804035722151	0.245206559878684
-0.518225727777109	0.195715971680491
1.57778417402392	0.783272898824577
0.674264818482823	0.213402910671394
2.35867500117237	1.17688948319321
0.951724523631597	0.252769110062367
0.444073873433415	0.178068157695179
-0.3395018260887	0.0972061822975938
0.902999050674467	0.48698273143375
1.83259355517544	0.716473450995655
-1.79763019308962	0.379603777700996
0.69334050166972	0.324281436252243
-0.338530582329419	0.0969729638077002
-0.519851545134888	0.196357066685966
1.82912964257087	0.714770179842855
1.04122776355439	0.393435934346114
3.64204563210395	1.43174087144813
1.46265753359042	0.48460907431551
0.678685727410979	0.214982042405379
0.678074042401891	0.214702481365457
4.176174739854	2.00138224703287
0.164738242561747	0.0490009495728858
1.57778417402392	0.783272898824577
-0.620473624670499	0.150917804175241
0.157971563808893	0.0296806747786729
0.675591354383564	0.213968352567141
-0.144419938894036	0.0516441997824019
0.529922778294509	0.18974393081766
-0.6413253476407	0.379452910579006
-1.02227856559557	0.403428109617556
0.159251072645633	0.0298673857617753
-0.213293977179729	0.0687362131681472
0.674624067917918	0.213658555919133
1.83356266561645	0.716725323466989
0.823642509432085	0.345787097083453
1.0418455851348	0.393863567086238
2.36519179042752	1.18155565800586
3.64204563210395	1.43174087144813
1.46166504880046	0.484245680586438
0.158989511121608	0.0298299152293259
0.912355083175536	0.494275693970257
-0.341495388738576	0.0977618699341296
1.83320872066104	0.716809839835328
1.08426807016626	0.666829226700969
1.27478187680395	0.70131154623993
-0.0961973175087169	0.0381754760162591
0.172385921068679	0.0433875285709768
1.82912964257087	0.714770179842855
0.532679390127669	0.190718524092007
0.827869862391494	0.347914518409003
0.449606181944122	0.180323635623659
0.697753725304219	0.326881508385596
0.823642509432085	0.345787097083453
-0.395089929817484	0.164583031256368
-0.605855900455901	0.290772076031872
0.959865181244613	0.254814612498812
-0.772215387166699	0.335672015423012
0.153267904345544	0.0519012670754554
0.538672909842541	0.193078624853722
0.443798008150689	0.177893834432714
0.451240643407656	0.181143919700285
0.668504270521836	0.211524693005927
1.7822791940456	0.994155868981732
0.447441545561864	0.179414714836187
-0.0541584344860423	0.0235961239919864
-0.98452562469244	0.487645441669024
1.4655515469736	0.485738470948645
0.520426454950267	0.332888648100193
1.33520072787008	0.582923907307515
1.27768506036499	0.703818812494367
1.27855875158651	0.704866524537988
1.03554466552427	0.390840340446361
1.04969895669497	0.397129939971893
0.168393915595915	0.0499912542478598
0.149711936099142	0.0649385211877372
-0.620903335937371	0.151058535991718
0.152684671650055	0.0584811977102453
1.57300066070252	0.779753450272878
0.825691409963229	0.346699820369323
0.803403725669876	0.485000437544071
-1.27403485633299	0.572049719008217
-1.0213509823134	0.403162852904808
-2.07036415878263	0.940048810523718
-2.57821111666453	0.659475059970799
0.159304296973707	0.0474668185471716
0.827624029735347	0.347817645508971
-0.334465167213362	0.0958562903993202
-0.517264023236703	0.195228260106643
2.11754480680452	0.94503257477152
0.957461191854986	0.254126256439643
-0.616620021012413	0.150099962492625
-1.50884424560785	0.535043767502043
1.83223894779093	0.716336716062103
0.168354166613062	0.0424807140134561
-1.491295051315	0.753754014189643
3.64307322645936	1.43171095761068
0.153327521624243	0.0518913714507388
0.673048421642057	0.212994504688281
-0.980667059935446	0.485228161537934
0.44327215414316	0.17771447008811
0.157971563808893	0.0296806747786729
0.173378039987466	0.0436162262322836
1.83126911611682	0.715624907230154
1.82948417010899	0.714838990299682
-3.75228333635026	1.47685987725686
-0.142223285419907	0.0509011547645968
-1.02477806380377	0.404828995968834
1.46166151923362	0.913551702820435
-0.34307485466429	0.0982470421897248
1.04272737841263	0.394268038065867
0.153267904345544	0.0519012670754554
3.64405193165419	1.43312407887711
0.817616522741687	0.34285529214041
1.95879552552655	0.437985228139192
0.145302951812558	0.055742530172401
1.46109938210879	0.484014060767982
0.174503749901052	0.0438676710334476
0.67498185747701	0.213690207850534
-1.7975657981284	0.379599665892429
-1.12669343566207	0.339109154533815
0.164812325483375	0.0556294193808756
1.32647053157539	0.57789155337535
-0.391310840677549	0.162957321542088
1.57722144544452	0.783207973163534
0.691615514595266	0.323641424026334
-0.608423864277825	0.292229479017511
-0.211859399211248	0.068283609988555
0.164738242561747	0.0490009495728858
-0.481332374340611	0.252453037367173
0.827624029735347	0.347817645508971
0.447719113317435	0.179573027507233
2.11692464856437	0.944608977413808
0.158687948318654	0.0472850694532285
1.28751552307161	0.711777738894151
0.621427026106416	0.473706562117562
0.680267294542255	0.215376555237081
-0.232283236390686	0.116055656485938
-0.155451938364917	0.0555104147794432
0.51906771829323	0.331451116178858
1.27155951070337	0.699527674546306
1.04272737841263	0.394268038065867
0.679297187320958	0.21511425797511
0.149666584584426	0.057386385337034
1.04033415471618	0.393059276990575
-0.0926618573180851	0.036786603271242
0.679297187320958	0.21511425797511
-2.2797050672784	1.14779045828185
1.46509119793824	0.917738050821352
1.33232181501832	0.581040506436256
1.04422575936648	0.394740889448914
0.691615514595266	0.323641424026334
1.77697977578032	0.989856942726146
0.674264818482823	0.213402910671394
3.64101793434512	1.43134239135362
3.0549667875766	2.27851146527595
2.36037500052639	1.17841315078791
0.152764340567892	0.0517217106607349
1.06686894193237	0.514959325608844
0.532196819047093	0.190683131950839
1.46597699067366	0.485748477491111
-1.28249202459035	0.577344948417071
0.674264818482823	0.213402910671394
0.956455214607419	0.253949648163622
0.817053052663283	0.342486712511636
2.74623391003023	1.67929174095854
-0.334830546749113	0.0959542136262779
0.177812920485068	0.0445891130396879
-1.81291187157146	0.734751884578751
1.46166504880046	0.484245680586438
-0.146566175815136	0.0523693021892352
-1.50922180218546	0.535188573690381
-0.786092779497925	0.428520464559124
-0.61946410648704	0.150698865008898
-0.619895187822925	0.150839789138775
0.536145192793524	0.192183675780863
-0.212700860727539	0.0685566980358174
0.153016180557848	0.051821004050093
0.14975829663456	0.0573602319285313
-1.02359505626631	0.404284816719155
0.177812920485068	0.0445891130396879
1.78387299384415	0.995769110055271
-0.59259707358042	0.283256487926836
-1.50884424560785	0.535043767502043
-0.767022641863621	0.33272570428858
0.447441545561864	0.179414714836187
-0.0939468953498199	0.037282483387852
1.05302164728933	0.398120368812969
0.147672628136561	0.0566149649661127
0.177247192199527	0.0444492499698682
-1.03210474073006	0.408333117568325
0.153016180557848	0.051821004050093
-1.12725353624624	0.339405023147411
0.167164301060576	0.0496616909525181
0.674264818482823	0.213402910671394
-1.28386613148399	0.577913662457171
0.956455214607419	0.253949648163622
0.956021254579335	0.253830462538477
0.173378039987466	0.0436162262322836
-0.216657809109618	0.0697687117469907
0.393590756905569	0.177790247105624
0.664895970967757	0.210324583821259
0.157971563808893	0.0296806747786729
-0.61946410648704	0.150698865008898
-2.57447078703937	0.657780381714024
1.82399204056179	0.712148377760895
0.955450516302873	0.253599562429476
0.678685727410979	0.214982042405379
0.610030867142902	0.320304596097298
-1.5094475769206	0.535248673690833
0.526211669677007	0.188366258201689
-0.0130955633245231	0.00624561726341397
0.826816090554278	0.347389878556976
4.17939269952942	2.00427610225247
0.173940988172143	0.0437550114519682
0.897931996876923	0.484654265106331
-0.71869462645605	0.245625159522256
0.674143348272808	0.213431626689393
0.823078351695812	0.34550391355806
0.152619802685851	0.0516844934618455
0.695015267320588	0.325176087189079
1.33603551913475	0.58343053611899
0.956021254579335	0.253830462538477
-0.720199314130701	0.246072307343885
0.1677792397568	0.0498341730879395
0.149666584584426	0.057386385337034
0.159304296973707	0.0474668185471716
1.04515347900522	0.395153426226023
-0.21725219958623	0.0699489287533772
0.826007163197103	0.346879351565415
0.533629585575437	0.191149248838921
1.27466144111769	0.702366463128133
0.905001063865097	0.488803007038993
1.46455689811314	0.485225385720349
0.176253051776925	0.0442319878724308
1.33268267273416	0.581267457492734
0.443548397616714	0.177839700183466
1.28392804206414	0.709138384662028
1.06446193612115	0.513329476941823
-0.620326325745573	0.150885642821786
0.536145192793524	0.192183675780863
0.821612971150663	0.344902213197152
-0.719840487055064	0.245972653044846
-0.620903335937371	0.151058535991718
3.64204563210395	1.43174087144813
-1.79763019308962	0.379603777700996
0.531358567637365	0.190353154457246
-1.12881513859764	0.339906487322227
0.534471951018738	0.19143913325364
0.955450516302873	0.253599562429476
0.957461191854986	0.254126256439643
0.172385921068679	0.0433875285709768
0.674624067917918	0.213658555919133
0.526808022811829	0.188639363777938
1.95879552552655	0.437985228139192
2.75805496536761	0.766752929661107
0.176253051776925	0.0442319878724308
0.530519377174053	0.189974136950743
-1.79763019308962	0.379603777700996
0.526808022811829	0.188639363777938
0.141690124079428	0.0543680848243515
0.82943322207102	0.348499314234927
-0.718081625995024	0.245384533690959
0.172385921068679	0.0433875285709768
-1.03269742121009	0.408607765317193
-0.519206724701637	0.195956166156021
-1.12781381973937	0.339579374120096
0.174503749901052	0.0438676710334476
3.26835783601252	1.12163011968705
0.532438411561851	0.190754397880712
-2.57447078703937	0.657780381714024
0.531954615713782	0.190517989079214
-0.333856458330646	0.0956917261764247
1.27563522489267	0.703097375299879
0.164122988767051	0.0488286730136595
0.163853552605343	0.0487595972376143
0.157315988973038	0.0531969431290051
0.675109449967238	0.21369241449263
1.4674520995516	0.919659389151331
2.27679877682307	1.76602876623915
0.174503749901052	0.0438676710334476
0.723595628428736	0.479465101181368
-1.48995591501932	0.752588622442683
2.35807525788525	1.1763957204921
-0.526462938015266	0.331305875042313
-0.393576023898057	0.163949887313459
0.699046246018521	0.327556893295367
0.727878728227662	0.483100915259625
-0.385802694145781	0.217450449634119
-1.66645737405356	0.939052606371808
0.675232747867266	0.213789953820415
-0.767627978905889	0.333493259572062
2.40454210597054	2.05692502074941
0.402932939787974	0.182406080354513
0.17294827606403	0.0435260072159332
-0.719569672768412	0.245942451655049
0.158426007238141	0.0472279903538101
0.960305402281055	0.254935680101795
1.83223894779093	0.716336716062103
0.955450516302873	0.253599562429476
0.674624067917918	0.213658555919133
1.04096305100241	0.393348131713795
0.530750780741859	0.19013343293214
-0.624623675797245	0.151937920429117
2.27515027784105	1.76308728951451
0.16323818852145	0.0485873708307168
-0.222038342595648	0.0714812050319378
0.163853552605343	0.0487595972376143
-0.150151961275825	0.0537113877198895
0.157971563808893	0.0296806747786729
1.83259355517544	0.716473450995655
0.516674580197923	0.329841621107184
-0.149633082955929	0.0534956551943828
0.15823182603157	0.0297179405544109
-0.146105033685493	0.0522633715612893
-3.07750490916701	0.956880231933195
1.04210966752671	0.393840140799123
1.82912964257087	0.714770179842855
-3.75658350496235	1.47972368837861
-1.12881513859764	0.339906487322227
-0.767784421773333	0.333208693201324
-0.514124394353198	0.193952110200603
0.673656731319726	0.21327169490293
-0.342463785834028	0.0980578484034576
3.27129205644114	1.12317050813274
0.53471313464826	0.191636123836102
0.168047617405793	0.0498928161895134
-0.767258704524236	0.332989408243179
0.532196819047093	0.190683131950839
0.158989511121608	0.0298299152293259
0.826816090554278	0.347389878556976
0.159304296973707	0.0474668185471716
-1.02790181469622	0.406358338825706
0.15823182603157	0.0297179405544109
1.95879552552655	0.437985228139192
0.157971563808893	0.0296806747786729
0.89889213537418	0.484792042402878
1.46498308680977	0.485505347800691
0.169762747888229	0.0427831084845497
0.0125841334599068	0.0064113836254686
0.39963672816718	0.180650732981406
-0.517521842180885	0.195198028684367
0.175496922320134	0.0440701137079318
-1.79763019308962	0.379603777700996
-0.621333103088639	0.151104040920032
1.04096305100241	0.393348131713795
-0.149390704801257	0.0534113782231424
-0.132357860216027	0.0925947994622519
-0.463327928030948	0.431739533564944
0.877570736842032	0.653348659042388
0.903937717993954	0.488786092987027
2.90491255060047	1.95679007818212
0.15823182603157	0.0297179405544109
0.957461191854986	0.254126256439643
2.11521181576845	0.943205228800713
2.75805496536761	0.766752929661107
1.95793128711136	0.437766051086387
1.95793128711136	0.437766051086387
1.46455689811314	0.485225385720349
1.95793128711136	0.437766051086387
1.95793128711136	0.437766051086387
1.45652080007828	0.482281887456809
1.95793128711136	0.437766051086387
-1.79763019308962	0.379603777700996
-1.7975657981284	0.379599665892429
-1.79763019308962	0.379603777700996
-1.7975657981284	0.379599665892429
0.158989511121608	0.0298299152293259
2.27513616530198	1.76714513834006
0.328053145841664	0.22826503309901
-0.210168284271683	0.0677482558829903
-0.385964801770031	0.217534946227677
0.15823182603157	0.0297179405544109
-0.620903335937371	0.151058535991718
0.955450516302873	0.253599562429476
0.15823182603157	0.0297179405544109
1.95793128711136	0.437766051086387
0.15823182603157	0.0297179405544109
0.17738312662749	0.0444846964186047
3.93619624132367	1.72285510420218
3.26835783601252	1.12163011968705
1.95793128711136	0.437766051086387
1.03158619018664	0.389044050185433
1.13905762700785	1.03221733776422
0.176253051776925	0.0442319878724308
-2.57447078703937	0.657780381714024
-0.344042706429557	0.0984794926451442
-1.7975657981284	0.379599665892429
0.158989511121608	0.0298299152293259
-2.57447078703937	0.657780381714024
-2.57472877667238	0.65760345889815
1.95879552552655	0.437985228139192
-0.142507623970632	0.0509830514288717
0.176818183184722	0.0443715906559113
0.618263780847745	0.325387680066842
0.394045887655009	0.178028324192935
1.46109938210879	0.484014060767982
1.04577073722875	0.395582052714565
-0.145998858470167	0.0521932143692289
1.82710265989491	0.713711178135864
0.143729092507781	0.048765928371412
0.15675521805329	0.0679883048622611
0.369468735577064	0.187379063426295
2.57286805192511	1.4273672307174
0.831060082574284	0.349407717674873
1.27434791554924	0.702252899229498
0.956021254579335	0.253830462538477
0.679297187320958	0.21511425797511
1.95879552552655	0.437985228139192
1.46010735547628	0.483457516052687
1.95793128711136	0.437766051086387
0.159251072645633	0.0298673857617753
0.956021254579335	0.253830462538477
1.46166504880046	0.484245680586438
-0.221443869104186	0.0712956025102242
1.95793128711136	0.437766051086387
2.76095211479574	0.768066673537379
1.95793128711136	0.437766051086387
-0.337318918589577	0.0966140796949229
-0.144137039360479	0.0515503896111279
0.157007711765635	0.053125881526133
3.9371926868257	1.72364294570268
-0.972350143216734	0.479808657128879
-2.57472877667238	0.65760345889815
1.46109938210879	0.484014060767982
0.16323818852145	0.0485873708307168
0.676200627845659	0.214099921395796
0.177812920485068	0.0445891130396879
1.95879552552655	0.437985228139192
0.158989511121608	0.0298299152293259
0.959865181244613	0.254814612498812
1.95879552552655	0.437985228139192
1.83417843227406	0.717062027537897
0.956021254579335	0.253830462538477
1.33439543234949	0.582213962448826
0.171707889808857	0.050888867940594
0.531600808944957	0.190452833446827
0.533279274552294	0.190972193500466
1.96161885370972	1.22410848893371
1.13202267179364	1.02424149827481
0.722196851143836	0.478088592145573
1.25390078847077	0.87175698290806
0.674624067917918	0.213658555919133
1.46109938210879	0.484014060767982
-4.22117260218346	1.97551244803549
-0.216657809109618	0.0697687117469907
-0.392527598762743	0.163297548242261
-0.252429925398173	0.156880652461034
1.50471838376851	1.52940696076799
1.82816209415628	0.714241631039221
0.159251072645633	0.0298673857617753
1.04943567600199	0.39679396861389
0.955017933589342	0.253480850166851
2.75704467106166	0.766025498669684
-1.7975657981284	0.379599665892429
-1.7975657981284	0.379599665892429
2.76095211479574	0.768066673537379
0.956455214607419	0.253949648163622
1.82495557630994	0.712549465993881
0.16190498991222	0.0302625824147867
1.95793128711136	0.437766051086387
-2.07003804100853	0.939770540845245
0.366981710342532	0.185911980530547
-0.0991392165791822	0.0393103762506958
0.161055121947285	0.078159792666116
1.82613678624155	0.713003331156764
1.95793128711136	0.437766051086387
1.95879552552655	0.437985228139192
-0.624623675797245	0.151937920429117
1.95793128711136	0.437766051086387
0.15823182603157	0.0297179405544109
1.95879552552655	0.437985228139192
1.04122776355439	0.393435934346114
0.674491966739474	0.213488272769245
0.158782093933135	0.0608231232150939
0.365004472604048	0.184805321594196
0.537944092424688	0.192686438846857
2.11692464856437	0.944608977413808
0.79634968574377	0.47895182784066
0.167164301060576	0.0496616909525181
0.959865181244613	0.254814612498812
0.152684671650055	0.0584811977102453
1.78254817098685	0.994119192463289
0.402563513066687	0.182227111506577
0.0326365452975891	0.0179315173064008
0.174503749901052	0.0438676710334476
0.96272254042429	0.255477208819605
0.674264818482823	0.213402910671394
1.95879552552655	0.437985228139192
0.174503749901052	0.0438676710334476
0.675591354383564	0.213968352567141
1.46166504880046	0.484245680586438
-1.7975657981284	0.379599665892429
2.75805496536761	0.766752929661107
1.95879552552655	0.437985228139192
-0.61946410648704	0.150698865008898
0.158989511121608	0.0298299152293259
3.27528390840561	1.12443907352294
1.37849066154959	1.28215467937607
0.157259696796029	0.0532031124835433
1.95879552552655	0.437985228139192
1.95879552552655	0.437985228139192
1.95879552552655	0.437985228139192
1.95879552552655	0.437985228139192
0.158989511121608	0.0298299152293259
-0.619895187822925	0.150839789138775
-1.79763019308962	0.379603777700996
3.27129205644114	1.12317050813274
1.46364987732708	0.48479584486453
0.685899750435265	0.217091987488059
-0.620903335937371	0.151058535991718
0.956021254579335	0.253830462538477
0.157971563808893	0.0296806747786729
0.441171312377765	0.176834244233725
3.27232628525746	1.12331698634376
0.525974790890797	0.188312313683146
-0.1446627598823	0.051733083076893
1.33208469099746	0.58115584608196
-3.07793266340176	0.957013587093989
0.697117779795317	0.326513192615626
1.57596248494267	0.782160521053719
0.155490335273875	0.0595707244029917
1.77851006218915	0.99024178674276
1.58044007528964	0.785210824870142
0.675591354383564	0.213968352567141
1.57858724853769	0.783744990828232
0.678685727410979	0.214982042405379
1.95879552552655	0.437985228139192
-0.716578513626022	0.244664612220419
0.52764029394331	0.188938300410242
-3.75228333635026	1.47685987725686
0.678327026073525	0.214743904761834
-2.57421277656498	0.657506382974291
1.95879552552655	0.437985228139192
2.76095211479574	0.768066673537379
1.46654605141329	0.485981855384374
-0.620903335937371	0.151058535991718
-0.338896474896558	0.0970421752101679
1.33351744615377	0.581727707383388
0.951724523631597	0.252769110062367
0.174933567082256	0.0439573605408891
1.0433448222306	0.394400438672122
-1.12669343566207	0.339109154533815
0.955017933589342	0.253480850166851
-0.619895187822925	0.150839789138775
-1.12949217626836	0.340258306499887
1.46010735547628	0.483457516052687
1.95793128711136	0.437766051086387
0.683958418395692	0.319358952165868
-0.338896474896558	0.0970421752101679
1.96450935623161	1.22657421019123
0.450961924488652	0.181018370719246
0.172385921068679	0.0433875285709768
3.06106244356197	2.28792125738962
-1.81078809873904	0.73326164335473
0.681183225722083	0.215602714602321
-0.21353484243456	0.0688377478794001
0.399860932485817	0.18093521728597
0.173940988172143	0.0437550114519682
-0.522777207619905	0.197556097300605
0.154954894721934	0.0524399678344355
0.147802728209744	0.0501147268752412
1.54060744944963	1.32926096174493
-1.08858323148638	0.744046971589331
1.01389952560728	0.836647854367285
0.531954615713782	0.190517989079214
0.955450516302873	0.253599562429476
1.46209127003869	0.484377128190959
0.158687948318654	0.0472850694532285
0.681183225722083	0.215602714602321
0.173940988172143	0.0437550114519682
0.174933567082256	0.0439573605408891
-1.79763019308962	0.379603777700996
0.176253051776925	0.0442319878724308
0.17294827606403	0.0435260072159332
0.173940988172143	0.0437550114519682
1.82495557630994	0.712549465993881
3.26732978575294	1.1211772426211
2.27636798276377	1.76639883625266
-0.335438661955823	0.0961186879895653
0.152619802685851	0.0516844934618455
0.439998242767289	0.176317436482791
0.167164301060576	0.0496616909525181
3.64204563210395	1.43174087144813
0.157971563808893	0.0296806747786729
0.17351044503084	0.0436385160120603
1.95879552552655	0.437985228139192
3.6399901361893	1.43067029650081
1.83223894779093	0.716336716062103
0.78967396127861	0.474444607607273
0.174933567082256	0.0439573605408891
0.958855818540361	0.254543321351908
0.530762262945688	0.190122868111177
0.0178249143471814	0.00898028720074876
-0.130576350091326	0.0734369965440612
-0.151247302673267	0.0540525343616811
0.617426797838193	0.324828411609057
-0.334222652007209	0.0957594598898438
-1.12781381973937	0.339579374120096
3.26835783601252	1.12163011968705
-0.620903335937371	0.151058535991718
0.159251072645633	0.0298673857617753
-0.517825107309169	0.195474359908123
0.537703504086374	0.469962436040726
-0.274199545725238	0.197833215091574
0.157971563808893	0.0296806747786729
1.95879552552655	0.437985228139192
1.95793128711136	0.437766051086387
1.83126911611682	0.715624907230154
-1.7975657981284	0.379599665892429
1.95879552552655	0.437985228139192
1.83572003024131	0.717758246473073
0.17294827606403	0.0435260072159332
0.678327026073525	0.214743904761834
0.392764877199563	0.177360356963154
-0.221443869104186	0.0712956025102242
-0.977424564605429	0.483498473635514
-0.393017455051046	0.163508285723509
-2.57421277656498	0.657506382974291
0.157971563808893	0.0296806747786729
0.956455214607419	0.253949648163622
3.27025913837768	1.12233669524588
0.958855818540361	0.254543321351908
0.178378460373537	0.04470234426639
0.956021254579335	0.253830462538477
0.959294652844364	0.254663957360155
1.95879552552655	0.437985228139192
0.679297187320958	0.21511425797511
1.95793128711136	0.437766051086387
2.75805496536761	0.766752929661107
1.46209127003869	0.484377128190959
0.448246823419833	0.17979017346935
-1.81169032201894	0.73377138384342
0.526246409941545	0.188299385587669
1.04665020030324	0.395956904990197
0.395325319872142	0.178657386898435
-1.84319157924175	1.16449811670642
0.534470172870219	0.191495164180491
-0.213293977179729	0.0687362131681472
0.173940988172143	0.0437550114519682
-1.16131517912039	0.648868252974818
0.554181506197905	0.322713312515279
-1.08404471137495	1.03915094082167
0.570382123672688	0.334493582971372
3.26732978575294	1.1211772426211
1.95879552552655	0.437985228139192
1.5801664414506	0.784629830352722
1.82816209415628	0.714241631039221
1.41162873560671	1.10311099688736
-0.154887273994592	0.0553527941809638
1.78090512537986	0.992363730439769
0.675232747867266	0.213789953820415
0.675591354383564	0.213968352567141
0.672560905238846	0.212860180111741
0.956455214607419	0.253949648163622
0.448246823419833	0.17979017346935
0.15823182603157	0.0297179405544109
0.903722421764725	0.487918961889201
1.57802507560287	0.783680554981409
-3.07793266340176	0.957013587093989
-3.07707720857862	0.956361112132394
2.76095211479574	0.768066673537379
2.75704467106166	0.766025498669684
0.155456144160003	0.0526000219263186
0.679042954927262	0.214964314584285
-0.333247970373579	0.0954969729659714
3.65224369269996	1.43591516336349
0.956455214607419	0.253949648163622
1.95879552552655	0.437985228139192
0.968351170901731	0.661566035770268
0.149412878577432	0.0648876903901784
-0.150990796917609	0.0540018284131618
1.09129051200373	0.672206693180715
0.957025852492456	0.254006696314478
1.04272737841263	0.394268038065867
1.78254817098685	0.994119192463289
1.46364987732708	0.48479584486453
0.17738312662749	0.0444846964186047
3.6399901361893	1.43067029650081
3.93198447308087	1.71970480916132
1.04908296441077	0.396700954123175
0.670430931165646	0.212216518896251
1.33686934913081	0.583851214307558
-1.51433726696095	0.537497293520418
2.11842867036876	0.945672460079198
0.530165701430798	0.189830529659283
1.83162438273742	0.716000775412828
1.46265753359042	0.48460907431551
0.158989511121608	0.0298299152293259
-1.02730920175823	0.406112820022134
2.75805496536761	0.766752929661107
0.957461191854986	0.254126256439643
0.157971563808893	0.0296806747786729
0.960305402281055	0.254935680101795
0.17294827606403	0.0435260072159332
0.15823182603157	0.0297179405544109
0.674015164989584	0.213380808783075
0.682410767649726	0.216016306234615
3.26732978575294	1.1211772426211
0.69273852140159	0.324352167091966
0.869872312192249	0.6460217915644
2.12394240921657	0.94837113679342
0.82518573999514	0.346497055187767
0.674015164989584	0.213380808783075
0.828185454384309	0.347969212421182
0.823011572866799	0.345529818511679
0.539266647317431	0.19330887981843
1.46010735547628	0.483457516052687
1.03729632748488	0.391751460326444
2.75805496536761	0.766752929661107
-0.720199314130701	0.246072307343885
0.172385921068679	0.0433875285709768
0.157971563808893	0.0296806747786729
-0.619895187822925	0.150839789138775
1.03729632748488	0.391751460326444
0.158939250958038	0.0537404825361755
0.956455214607419	0.253949648163622
0.955450516302873	0.253599562429476
-0.144946030904406	0.0518319984756812
-1.51433726696095	0.537497293520418
1.33065013736382	0.580048564914345
3.9371926868257	1.72364294570268
-1.51336055363438	0.537061579976289
0.956455214607419	0.253949648163622
1.46398903776532	0.484992681122713
0.174503749901052	0.0438676710334476
-0.523032334451301	0.197668387893991
-0.620903335937371	0.151058535991718
-0.336952847519868	0.096512855057735
-0.620473624670499	0.150917804175241
0.957025852492456	0.254006696314478
0.160797462943699	0.0478523577190902
0.162968126753743	0.0485024678975847
1.95793128711136	0.437766051086387
3.26835783601252	1.12163011968705
0.174933567082256	0.0439573605408891
1.4655515469736	0.485738470948645
-0.621333103088639	0.151104040920032
1.33460347604402	0.582347430988149
0.157971563808893	0.0296806747786729
0.526211669677007	0.188366258201689
1.46597699067366	0.485748477491111
0.173940988172143	0.0437550114519682
0.15823182603157	0.0297179405544109
0.15796546595019	0.0685584613876696
-1.50982433145335	0.535480148233091
0.15823182603157	0.0297179405544109
0.155167108781228	0.0594478482028144
0.172385921068679	0.0433875285709768
0.956455214607419	0.253949648163622
2.11780862301852	0.945248734413775
2.75704467106166	0.766025498669684
1.46109938210879	0.484014060767982
1.0418455851348	0.393863567086238
1.042990826383	0.394180541091972
0.174370024960364	0.0438183729016174
1.32836208436611	0.578930457014918
0.173940988172143	0.0437550114519682
1.27607850636201	0.702654752109904
1.57722144544452	0.783207973163534
0.956455214607419	0.253949648163622
0.17738312662749	0.0444846964186047
1.06632392555289	0.514786948757726
0.15823182603157	0.0297179405544109
0.154192255174172	0.0590704178770629
0.529323457472478	0.189545567502798
-1.5094475769206	0.535248673690833
0.173378039987466	0.0436162262322836
3.64101793434512	1.43134239135362
0.159251072645633	0.0298673857617753
1.07063512565456	0.517703792604127
0.174933567082256	0.0439573605408891
0.17294827606403	0.0435260072159332
-0.143094977092095	0.0512296295961223
0.955017933589342	0.253480850166851
1.33208469099746	0.58115584608196
1.04577073722875	0.395582052714565
1.07090850459027	0.517633754232434
1.46597699067366	0.485748477491111
0.531600808944957	0.190452833446827
-1.79763019308962	0.379603777700996
-1.51336055363438	0.537061579976289
-1.83665312266639	1.15732926774418
0.956021254579335	0.253830462538477
0.956455214607419	0.253949648163622
1.04577073722875	0.395582052714565
0.955017933589342	0.253480850166851
0.531004542224133	0.190160354232034
0.161736914950373	0.0481441679802126
3.26732978575294	1.1211772426211
1.04120842920151	0.393430906801103
0.17294827606403	0.0435260072159332
-1.13005980836986	0.340353048236203
-1.7975657981284	0.379599665892429
2.76197196120423	0.768541369225187
0.675591354383564	0.213968352567141
0.955450516302873	0.253599562429476
1.27316152445796	0.700805213675
-0.221443869104186	0.0712956025102242
0.956455214607419	0.253949648163622
1.0444887245408	0.394848386181826
1.46109938210879	0.484014060767982
0.159251072645633	0.0298673857617753
-3.07793266340176	0.957013587093989
-2.57472877667238	0.65760345889815
0.531600808944957	0.190452833446827
1.07280113240065	0.518740866120925
0.534955479672592	0.191660301050033
1.95879552552655	0.437985228139192
2.12087192734391	0.947138368475404
4.38157869204908	2.27242180446832
0.145564180353465	0.0558080382468443
0.536145192793524	0.192183675780863
0.960305402281055	0.254935680101795
1.95793128711136	0.437766051086387
1.82755032422624	0.713907775987463
0.178378460373537	0.04470234426639
1.77697977578032	0.989856942726146
0.157971563808893	0.0296806747786729
1.95793128711136	0.437766051086387
1.82302843670005	0.711622876194053
1.04726688944174	0.396088731238016
1.82719449155949	0.713494970764503
0.676558588301015	0.214207370803977
0.955017933589342	0.253480850166851
-0.980667059935446	0.485228161537934
2.35331541025446	1.17293087170239
0.957025852492456	0.254006696314478
0.168662278675518	0.0500652630774407
1.33435126799908	0.58211833296484
0.674624067917918	0.213658555919133
-1.27432863983107	0.572348730210502
1.46166504880046	0.484245680586438
1.95879552552655	0.437985228139192
-0.34307485466429	0.0982470421897248
0.677168456003689	0.214339100225988
-0.620903335937371	0.151058535991718
0.826816090554278	0.347389878556976
2.11692464856437	0.944608977413808
1.96141436018454	0.438711417164155
3.26835783601252	1.12163011968705
0.536739666042799	0.192347830350542
1.03703963555181	0.391624153547078
-1.13238809108681	0.341172314702962
0.676200627845659	0.214099921395796
-2.57447078703937	0.657780381714024
0.155282002123357	0.02934225636165
-0.620903335937371	0.151058535991718
-0.217493795516912	0.0700823766807278
0.16323818852145	0.0485873708307168
0.159251072645633	0.0298673857617753
0.676200627845659	0.214099921395796
1.3329197605053	0.581616348611346
1.96141436018454	0.438711417164155
-1.79763019308962	0.379603777700996
3.26835783601252	1.12163011968705
0.680267294542255	0.215376555237081
0.158630874356642	0.053642970835874
1.042990826383	0.394180541091972
-1.12881513859764	0.339906487322227
0.17351044503084	0.0436385160120603
0.955017933589342	0.253480850166851
-0.621784192774111	0.151338791569665
-1.27383344507062	0.572359048200157
3.26732978575294	1.1211772426211
0.446263382986311	0.179016678797599
0.692420083962482	0.32414977594069
0.15357905718361	0.0520023014569825
1.95879552552655	0.437985228139192
0.158989511121608	0.0298299152293259
1.4613936654743	0.484011457273747
0.674015164989584	0.213380808783075
1.95879552552655	0.437985228139192
-0.516445778893015	0.194901695063007
1.06134777962938	0.511984928791981
2.35783908683091	1.17632259504716
-0.719585944508868	0.245867637672296
-1.5094475769206	0.535248673690833
-0.337924641037297	0.0968088152153293
0.148051580974635	0.0501853650280616
0.168774858509076	0.0425819447497206
1.83572003024131	0.717758246473073
0.148364367533412	0.0502983007600852
1.04122776355439	0.393435934346114
1.83572003024131	0.717758246473073
3.27025913837768	1.12233669524588
1.83633740824933	0.718096082890721
0.69273852140159	0.324352167091966
1.63037437100978	1.14696192115546
1.24924925320888	0.86772795932985
0.955450516302873	0.253599562429476
2.75146152780924	1.68467201121911
1.77688104542571	1.3940789746918
1.82851727583204	0.714435845516616
0.177812920485068	0.0445891130396879
0.170331293505475	0.0429093144237285
1.95879552552655	0.437985228139192
0.155282002123357	0.02934225636165
1.06347001139606	0.513190766080123
-0.222282150898245	0.0715311175279888
0.168662278675518	0.0500652630774407
-0.214379875099978	0.069039813976162
-1.51433726696095	0.537497293520418
1.04210966752671	0.393840140799123
0.451240643407656	0.181143919700285
1.04726688944174	0.396088731238016
-0.333856458330646	0.0956917261764247
-3.08203891306948	0.959069086853276
0.959865181244613	0.254814612498812
1.46209127003869	0.484377128190959
0.955017933589342	0.253480850166851
1.27483538506352	0.70239860778967
0.822450638269115	0.345345024290892
0.675591354383564	0.213968352567141
0.825259930104852	0.346551823974158
0.148857133505963	0.0570602228180661
0.531115719234218	0.190139072437444
2.11869185323705	0.945764565994132
0.82469687251252	0.346268968053852
1.95879552552655	0.437985228139192
1.46654605141329	0.485981855384374
-0.338896474896558	0.0970421752101679
-0.338896474896558	0.0970421752101679
1.3366322141597	0.58354097730275
-1.02730920175823	0.406112820022134
0.153057089941679	0.0586178062804625
1.83223894779093	0.716336716062103
0.168354166613062	0.0424807140134561
1.03791471976137	0.392024637204806
0.154259314455831	0.0291924198815566
0.162968126753743	0.0485024678975847
1.83126911611682	0.715624907230154
0.957025852492456	0.254006696314478
1.83009713438939	0.715173729277155
1.46597699067366	0.485748477491111
1.03817079597271	0.392088459196863
1.46265753359042	0.48460907431551
0.172385921068679	0.0433875285709768
0.532196819047093	0.190683131950839
0.695444761057672	0.325418256188526
0.675591354383564	0.213968352567141
1.83223894779093	0.716336716062103
0.674264818482823	0.213402910671394
0.612080179302168	0.321662239077202
0.536981267153455	0.192450260059129
1.57380699802241	0.780349499816827
1.46109938210879	0.484014060767982
-0.336952847519868	0.096512855057735
1.04422575936648	0.394740889448914
0.955450516302873	0.253599562429476
0.174503749901052	0.0438676710334476
-0.337924641037297	0.0968088152153293
1.4655515469736	0.485738470948645
-0.150722043675349	0.0538721596429618
2.11842867036876	0.945672460079198
0.157546606671046	0.0469737944802553
-0.620903335937371	0.151058535991718
-0.717804035722151	0.245206559878684
2.75704467106166	0.766025498669684
-0.218096087384631	0.0701860099861319
1.33065013736382	0.580048564914345
0.951724523631597	0.252769110062367
0.525395083930313	0.188026569224182
0.955017933589342	0.253480850166851
2.11780862301852	0.945248734413775
0.158989511121608	0.0298299152293259
-2.57847696185857	0.659529736545688
4.17525305412324	2.00082473978421
3.6399901361893	1.43067029650081
1.83009713438939	0.715173729277155
0.176818183184722	0.0443715906559113
0.674015164989584	0.213380808783075
-2.57421277656498	0.657506382974291
1.96141436018454	0.438711417164155
-0.775847338177047	0.337615207490548
-0.714755800696332	0.244129665196273
-0.144946030904406	0.0518319984756812
0.168047617405793	0.0498928161895134
0.969336226566965	0.662734871810073
0.157809365437772	0.0470462908960921
0.157971563808893	0.0296806747786729
0.1677792397568	0.0498341730879395
1.0433448222306	0.394400438672122
1.46455689811314	0.485225385720349
0.674624067917918	0.213658555919133
-0.337318918589577	0.0966140796949229
1.83320872066104	0.716809839835328
1.3366322141597	0.58354097730275
0.67498185747701	0.213690207850534
0.17351044503084	0.0436385160120603
1.33892317384007	0.584428698541566
0.677716162542668	0.214611870267994
2.11666020323791	0.94414839802186
-0.717804035722151	0.245206559878684
-0.617055950695462	0.150241664375452
2.11869185323705	0.945764565994132
0.172385921068679	0.0433875285709768
1.46209127003869	0.484377128190959
0.155205580878186	0.0525315583518307
0.531842440037686	0.190461843261247
1.0418455851348	0.393863567086238
-0.625630686390319	0.152156798395567
0.361599218285495	0.182821564641906
0.539266647317431	0.19330887981843
-0.625191995446008	0.152059991852936
0.823011572866799	0.345529818511679
0.914474387895007	0.495680015435902
0.827869862391494	0.347914518409003
3.27025913837768	1.12233669524588
0.677716162542668	0.214611870267994
-3.45601360105774	1.22364277502153
-1.12825544522804	0.339732258677114
-0.714421718032391	0.243912186782782
-3.46146192307772	1.22662947407805
-1.26919005446438	0.56947477022477
2.12507349425908	1.48311950397028
-1.2697474090826	0.569761376584144
0.823287580279974	0.345739910808307
0.157259696796029	0.0532031124835433
0.678685727410979	0.214982042405379
-1.15114463447314	0.641694570961804
1.04272737841263	0.394268038065867
3.64101793434512	1.43134239135362
0.530519377174053	0.189974136950743
1.95879552552655	0.437985228139192
0.17351044503084	0.0436385160120603
1.95879552552655	0.437985228139192
0.157568112712888	0.0533067915180714
0.174933567082256	0.0439573605408891
1.0418455851348	0.393863567086238
0.833801620001851	0.350472683103661
-0.146671241838456	0.0524820954965394
-0.620903335937371	0.151058535991718
0.164468653517054	0.0489167663284228
0.692532404089303	0.323793911411476
1.04272737841263	0.394268038065867
1.61889476451945	1.1347552940953
0.675948496687313	0.213928974911644
1.57778417402392	0.783272898824577
1.04638771946291	0.395714063580135
0.159190175417772	0.0538236405320066
0.675591354383564	0.213968352567141
-3.08203891306948	0.959069086853276
0.174933567082256	0.0439573605408891
0.820273619651573	0.343972630333469
0.152619802685851	0.0516844934618455
-0.723495739913315	0.247436366504984
-1.82306257570302	0.740114932049179
0.153267904345544	0.0519012670754554
1.06552204179651	0.514193876521475
0.165423813155535	0.071856546794936
0.442746084081858	0.177485883285209
1.04272737841263	0.394268038065867
1.83162438273742	0.716000775412828
0.377564980456118	0.191871470025636
1.46265753359042	0.48460907431551
0.17351044503084	0.0436385160120603
0.157971563808893	0.0296806747786729
2.75805496536761	0.766752929661107
0.531358567637365	0.190353154457246
0.82202118409377	0.344824422480644
1.46209127003869	0.484377128190959
1.04272737841263	0.394268038065867
2.57039970100125	1.42593252284348
0.956455214607419	0.253949648163622
1.96141436018454	0.438711417164155
0.157971563808893	0.0296806747786729
0.16323818852145	0.0485873708307168
-0.337924641037297	0.0968088152153293
-4.00689064630181	1.73027814606556
0.153470617184115	0.066632074819096
0.529918814853225	0.189819007683608
0.956021254579335	0.253830462538477
1.83162438273742	0.716000775412828
0.673656731319726	0.21327169490293
1.95879552552655	0.437985228139192
2.12149136184524	0.947562188308172
0.398644122519029	0.180402293017227
2.75704467106166	0.766025498669684
-0.337559379634888	0.0966770330278957
0.956021254579335	0.253830462538477
0.531115719234218	0.190139072437444
0.158782093933135	0.0608231232150939
-0.3395018260887	0.0972061822975938
1.06792550004102	0.515823496339435
0.173378039987466	0.0436162262322836
-0.0483207436846801	0.0211284345266539
0.15054293080874	0.0509939992212985
2.11869185323705	0.945764565994132
2.7590679263751	0.76692961097815
0.158687948318654	0.0472850694532285
0.680267294542255	0.215376555237081
0.524285755231049	0.187553867907715
1.33268267273416	0.581267457492734
-0.216906973772167	0.0698162939158413
0.362411707225934	0.183258415198561
1.46109938210879	0.484014060767982
1.46166504880046	0.484245680586438
1.83223894779093	0.716336716062103
