x	y
0.157971563808893	0.0296806747786729
1.95879552552655	0.437985228139192
0.952729371406254	0.252945498225285
0.956455214607419	0.253949648163622
0.154259314455831	0.0291924198815566
0.154259314455831	0.0291924198815566
1.96141436018454	0.438711417164155
-1.7975657981284	0.379599665892429
1.95793128711136	0.437766051086387
0.15823182603157	0.0297179405544109
-1.7975657981284	0.379599665892429
1.95879552552655	0.437985228139192
-0.620903335937371	0.151058535991718
-0.620903335937371	0.151058535991718
-1.49520645990374	0.756602076948961
0.960305402281055	0.254935680101795
1.95879552552655	0.437985228139192
0.158989511121608	0.0298299152293259
1.95879552552655	0.437985228139192
1.95793128711136	0.437766051086387
0.157971563808893	0.0296806747786729
1.95793128711136	0.437766051086387
1.95879552552655	0.437985228139192
0.16190498991222	0.0302625824147867
1.95879552552655	0.437985228139192
1.95879552552655	0.437985228139192
0.158989511121608	0.0298299152293259
1.95793128711136	0.437766051086387
0.157971563808893	0.0296806747786729
-1.7975657981284	0.379599665892429
3.26835783601252	1.12163011968705
1.96141436018454	0.438711417164155
2.7590679263751	0.76692961097815
3.26835783601252	1.12163011968705
0.956021254579335	0.253830462538477
-1.79763019308962	0.379603777700996
2.7590679263751	0.76692961097815
1.95793128711136	0.437766051086387
1.95879552552655	0.437985228139192
1.95879552552655	0.437985228139192
1.95879552552655	0.437985228139192
1.27155951070337	0.699527674546306
3.27025913837768	1.12233669524588
2.75805496536761	0.766752929661107
1.46209127003869	0.484377128190959
1.7790410882222	0.991135647181007
1.95793128711136	0.437766051086387
1.96141436018454	0.438711417164155
3.26835783601252	1.12163011968705
0.67498185747701	0.213690207850534
0.145886829054601	0.0559355092988888
0.173940988172143	0.0437550114519682
1.95793128711136	0.437766051086387
1.04034511892763	0.392920970387567
1.95879552552655	0.437985228139192
0.159251072645633	0.0298673857617753
1.96141436018454	0.438711417164155
1.0703619717886	0.517515132381691
0.158989511121608	0.0298299152293259
0.16190498991222	0.0302625824147867
3.26630303248094	1.12023058934939
1.82912964257087	0.714770179842855
0.692708140906228	0.323680820417287
0.171653101789031	0.0431973221484952
1.95793128711136	0.437766051086387
0.174503749901052	0.0438676710334476
-2.57447078703937	0.657780381714024
1.95793128711136	0.437766051086387
2.7590679263751	0.76692961097815
1.82719449155949	0.713494970764503
0.45553137225796	0.182978916553521
0.162968126753743	0.0485024678975847
1.32753298884589	0.578543003685696
0.165622192143609	0.0492275837346074
0.675232747867266	0.213789953820415
0.676558588301015	0.214207370803977
-0.344653401104561	0.0986243796684527
2.7590679263751	0.76692961097815
1.46166504880046	0.484245680586438
0.15823182603157	0.0297179405544109
-3.07836047129561	0.956774727997911
0.170331293505475	0.0429093144237285
0.151551849507361	0.0580445602818356
-0.144946030904406	0.0518319984756812
0.158989511121608	0.0298299152293259
1.95879552552655	0.437985228139192
-1.7975657981284	0.379599665892429
-0.523032334451301	0.197668387893991
1.46498308680977	0.485505347800691
0.960305402281055	0.254935680101795
-1.79763019308962	0.379603777700996
1.56722093465069	0.776130157746153
0.174503749901052	0.0438676710334476
0.535308159768992	0.19186644934071
-1.79763019308962	0.379603777700996
0.158202431453599	0.0297753629586498
-1.26919005446438	0.56947477022477
0.15823182603157	0.0297179405544109
1.95793128711136	0.437766051086387
-2.57472877667238	0.65760345889815
1.95879552552655	0.437985228139192
1.95879552552655	0.437985228139192
0.950720958067184	0.252420162622268
-0.625191995446008	0.152059991852936
-0.0175419451445443	0.00826411741406173
0.16350747165244	0.0486421723506342
0.159251072645633	0.0298673857617753
-1.79763019308962	0.379603777700996
1.82851727583204	0.714435845516616
0.159251072645633	0.0298673857617753
-0.620473624670499	0.150917804175241
0.154259314455831	0.0291924198815566
3.26835783601252	1.12163011968705
1.95793128711136	0.437766051086387
1.04510594650726	0.394980612745183
0.163853552605343	0.0487595972376143
0.826500453888607	0.347127630775895
0.174933567082256	0.0439573605408891
1.46209127003869	0.484377128190959
-3.45228414088993	1.22181665198441
0.158989511121608	0.0298299152293259
0.957461191854986	0.254126256439643
0.159251072645633	0.0298673857617753
0.675591354383564	0.213968352567141
2.75704467106166	0.766025498669684
2.76197196120423	0.768541369225187
-1.13238809108681	0.341172314702962
-0.719307886400812	0.245829792820617
0.957025852492456	0.254006696314478
-2.06562856799678	0.936659279965039
0.676200627845659	0.214099921395796
0.67498185747701	0.213690207850534
1.95793128711136	0.437766051086387
0.159251072645633	0.0298673857617753
-1.51042707521765	0.53568486067596
1.57960430757924	0.784565556011078
1.57300066070252	0.779753450272878
-2.57447078703937	0.657780381714024
0.960305402281055	0.254935680101795
-1.27576570215226	0.57336157810995
0.691615514595266	0.323641424026334
0.158989511121608	0.0298299152293259
1.57665847201362	0.782477729891176
1.95793128711136	0.437766051086387
0.155282002123357	0.02934225636165
0.158426007238141	0.0472279903538101
-0.2056000326649	0.0663206631630814
0.164122988767051	0.0488286730136595
-1.13338534815793	0.341498686250824
-0.342718944466085	0.0980961923569006
3.26835783601252	1.12163011968705
-1.51336055363438	0.537061579976289
0.155282002123357	0.02934225636165
0.957461191854986	0.254126256439643
1.46364987732708	0.48479584486453
1.45652080007828	0.482281887456809
1.95793128711136	0.437766051086387
0.950720958067184	0.252420162622268
-1.51494510157249	0.537750180976637
-1.81015744911258	0.733098247108476
0.951724523631597	0.252769110062367
1.04577073722875	0.395582052714565
-1.43836211954075	1.28206079464335
-1.27784299590365	0.574711166317859
-1.79763019308962	0.379603777700996
0.17294827606403	0.0435260072159332
-0.0941488652903107	0.0373990831572397
0.171094196191277	0.0507164425340757
-0.0918335336169997	0.0364649550161395
-0.0132520743971461	0.00631629403680499
-0.338530582329419	0.0969729638077002
-0.3395018260887	0.0972061822975938
1.57722144544452	0.783207973163534
2.11603993430788	0.943725070554481
2.7590679263751	0.76692961097815
1.03878889357161	0.392361575468581
0.15823182603157	0.0297179405544109
0.158989511121608	0.0298299152293259
0.150571240221929	0.0576776917123369
0.161723548567026	0.0481135554994663
0.451765865281851	0.181387363507285
-2.57821111666453	0.659475059970799
-0.61946410648704	0.150698865008898
1.04182554907797	0.393703969965548
3.93297854230234	1.72057752612902
-1.12837428626612	0.339637586745731
-1.13395018438652	0.341592389781504
0.959294652844364	0.254663957360155
-0.217003595344889	0.0698544104353752
0.159565625906121	0.0475096222585406
-0.767493998137287	0.332970059332445
-2.57447078703937	0.657780381714024
2.7590679263751	0.76692961097815
-0.717804035722151	0.245206559878684
-0.620903335937371	0.151058535991718
-1.80127875869	0.380587746892248
0.163853552605343	0.0487595972376143
-1.7975657981284	0.379599665892429
1.95793128711136	0.437766051086387
1.95793128711136	0.437766051086387
-1.12548386699252	0.338727340170484
1.82658331770683	0.713161725221294
-0.298589475987375	0.137055967025704
0.959865181244613	0.254814612498812
-1.12892473218138	0.339990619204617
2.75805496536761	0.766752929661107
0.147802728209744	0.0501147268752412
0.950720958067184	0.252420162622268
-1.79763019308962	0.379603777700996
0.158989511121608	0.0298299152293259
2.11666020323791	0.94414839802186
0.15823182603157	0.0297179405544109
-0.337924641037297	0.0968088152153293
0.527404119121822	0.188820766466342
0.17351044503084	0.0436385160120603
-1.12881513859764	0.339906487322227
-0.718972834438042	0.245626954230634
-0.216063671871124	0.0695794401283131
0.173378039987466	0.0436162262322836
3.6399901361893	1.43067029650081
0.178378460373537	0.04470234426639
0.158989511121608	0.0298299152293259
1.95793128711136	0.437766051086387
0.159251072645633	0.0298673857617753
0.956021254579335	0.253830462538477
0.150249356563049	0.0575466478816129
0.972691745453599	0.666578961148346
-0.485952570449902	0.255283899220319
0.15823182603157	0.0297179405544109
1.95793128711136	0.437766051086387
0.151228096540693	0.0512175185194389
0.158687948318654	0.0472850694532285
2.76095211479574	0.768066673537379
2.75704467106166	0.766025498669684
-1.02730920175823	0.406112820022134
0.157971563808893	0.0296806747786729
2.75805496536761	0.766752929661107
0.957461191854986	0.254126256439643
0.15823182603157	0.0297179405544109
1.95879552552655	0.437985228139192
1.95879552552655	0.437985228139192
1.82912964257087	0.714770179842855
0.531004542224133	0.190160354232034
1.46846293168858	0.486570444742071
0.674624067917918	0.213658555919133
3.27129205644114	1.12317050813274
0.958855818540361	0.254543321351908
1.83009713438939	0.715173729277155
0.15823182603157	0.0297179405544109
0.17351044503084	0.0436385160120603
-0.514641699367006	0.194166196064157
-1.79763019308962	0.379603777700996
0.170331293505475	0.0429093144237285
1.07521217165784	0.520472451854942
2.75805496536761	0.766752929661107
1.95879552552655	0.437985228139192
0.96272254042429	0.255477208819605
0.157971563808893	0.0296806747786729
2.75805496536761	0.766752929661107
1.95793128711136	0.437766051086387
0.675232747867266	0.213789953820415
2.11957433477146	0.946159869437877
-2.57472877667238	0.65760345889815
0.159251072645633	0.0298673857617753
1.04272737841263	0.394268038065867
0.148364367533412	0.0502983007600852
0.15823182603157	0.0297179405544109
1.95793128711136	0.437766051086387
2.76095211479574	0.768066673537379
1.95879552552655	0.437985228139192
0.674624067917918	0.213658555919133
0.955017933589342	0.253480850166851
1.4655515469736	0.485738470948645
-0.524104519803085	0.198149044864786
0.674624067917918	0.213658555919133
0.157971563808893	0.0296806747786729
-0.620903335937371	0.151058535991718
0.689454698113726	0.32235847389787
2.7590679263751	0.76692961097815
1.96141436018454	0.438711417164155
0.957025852492456	0.254006696314478
1.95793128711136	0.437766051086387
3.26732978575294	1.1211772426211
0.683383169319648	0.216338964908015
0.959294652844364	0.254663957360155
2.7590679263751	0.76692961097815
2.76489171529978	0.769665555456845
3.64204563210395	1.43174087144813
-2.57447078703937	0.657780381714024
-0.771979759176758	0.33543996381316
-0.941212135148998	0.57691470432519
2.75805496536761	0.766752929661107
0.15823182603157	0.0297179405544109
0.671394166412374	0.212454198010421
0.956455214607419	0.253949648163622
3.26732978575294	1.1211772426211
0.955450516302873	0.253599562429476
-0.338896474896558	0.0970421752101679
1.46166504880046	0.484245680586438
0.166549099291362	0.0494747307612768
2.76095211479574	0.768066673537379
1.95793128711136	0.437766051086387
0.157971563808893	0.0296806747786729
1.46265753359042	0.48460907431551
2.7590679263751	0.76692961097815
0.159251072645633	0.0298673857617753
-1.50512968650064	0.533411802331246
2.75805496536761	0.766752929661107
0.16934280349587	0.0427080042196444
0.674015164989584	0.213380808783075
1.95793128711136	0.437766051086387
2.12351425900057	0.948388101966043
1.46109938210879	0.484014060767982
0.957025852492456	0.254006696314478
0.957025852492456	0.254006696314478
0.955017933589342	0.253480850166851
-0.3395018260887	0.0972061822975938
0.536145192793524	0.192183675780863
-0.620903335937371	0.151058535991718
-0.723767624574779	0.247384332637155
0.397500106551501	0.179583921147379
1.46364987732708	0.48479584486453
1.06792550004102	0.515823496339435
0.172385921068679	0.0433875285709768
0.157971563808893	0.0296806747786729
0.956455214607419	0.253949648163622
1.95793128711136	0.437766051086387
0.956021254579335	0.253830462538477
0.536981267153455	0.192450260059129
-0.103111828086226	0.0408587725310495
0.152618535895238	0.0662517021492752
-0.629952122229771	0.153143156080765
1.95793128711136	0.437766051086387
1.95879552552655	0.437985228139192
1.95879552552655	0.437985228139192
0.157971563808893	0.0296806747786729
1.95793128711136	0.437766051086387
1.03729632748488	0.391751460326444
0.447719113317435	0.179573027507233
0.676558588301015	0.214207370803977
0.955450516302873	0.253599562429476
-1.7975657981284	0.379599665892429
2.7590679263751	0.76692961097815
-2.57472877667238	0.65760345889815
1.95879552552655	0.437985228139192
0.15823182603157	0.0297179405544109
0.955017933589342	0.253480850166851
1.46415237669557	0.916488974489246
1.95793128711136	0.437766051086387
1.96141436018454	0.438711417164155
3.27025913837768	1.12233669524588
-1.79763019308962	0.379603777700996
-0.71869462645605	0.245625159522256
-1.12825544522804	0.339732258677114
1.33686934913081	0.583851214307558
-1.7975657981284	0.379599665892429
-1.79763019308962	0.379603777700996
1.96141436018454	0.438711417164155
1.96141436018454	0.438711417164155
1.33579772039654	0.583034617768404
1.83223894779093	0.716336716062103
0.158989511121608	0.0298299152293259
0.157971563808893	0.0296806747786729
-1.79763019308962	0.379603777700996
-2.57421277656498	0.657506382974291
2.75704467106166	0.766025498669684
3.27129205644114	1.12317050813274
0.174933567082256	0.0439573605408891
0.956021254579335	0.253830462538477
0.172385921068679	0.0433875285709768
0.159251072645633	0.0298673857617753
0.400311922189316	0.181147776786172
-0.513265508496353	0.193649815889796
3.6399901361893	1.43067029650081
-1.79763019308962	0.379603777700996
1.04272737841263	0.394268038065867
-1.12492122665638	0.338668219085241
0.533275066051755	0.191011050930048
-0.215815148052618	0.0695090074287807
-1.79763019308962	0.379603777700996
1.95793128711136	0.437766051086387
-1.79763019308962	0.379603777700996
3.26835783601252	1.12163011968705
2.76095211479574	0.768066673537379
0.956021254579335	0.253830462538477
1.57300066070252	0.779753450272878
1.82912964257087	0.714770179842855
1.46265753359042	0.48460907431551
1.03729632748488	0.391751460326444
0.154259314455831	0.0291924198815566
1.46498308680977	0.485505347800691
3.26732978575294	1.1211772426211
0.164468653517054	0.0489167663284228
-0.763477303143996	0.331085452220175
-0.216657809109618	0.0697687117469907
0.173940988172143	0.0437550114519682
-1.79763019308962	0.379603777700996
-1.79763019308962	0.379603777700996
-1.12892473218138	0.339990619204617
-0.392607099730254	0.163535650618449
1.04095157071845	0.393332373967802
0.1677792397568	0.0498341730879395
0.157809365437772	0.0470462908960921
-1.79763019308962	0.379603777700996
0.956021254579335	0.253830462538477
3.6399901361893	1.43067029650081
-3.07793266340176	0.957013587093989
0.162622561049093	0.0484009930995383
1.95793128711136	0.437766051086387
3.93619624132367	1.72285510420218
2.12175361138722	0.947733160087778
-3.07750490916701	0.956880231933195
-1.12949217626836	0.340258306499887
-1.13338534815793	0.341498686250824
2.76197196120423	0.768541369225187
1.46398903776532	0.484992681122713
0.172223255009213	0.0433240097489323
2.56956620506366	1.42515676844147
0.693515432677865	0.32419928238537
2.75704467106166	0.766025498669684
-1.7975657981284	0.379599665892429
-0.624623675797245	0.151937920429117
-3.07793266340176	0.957013587093989
0.181270005000425	0.097396959790894
1.04752875622395	0.396218430849903
-0.51356584815166	0.19374765811596
2.75805496536761	0.766752929661107
1.46109938210879	0.484014060767982
0.955450516302873	0.253599562429476
1.0703619717886	0.517515132381691
1.57183864477896	0.779521632894244
0.957461191854986	0.254126256439643
1.46166504880046	0.484245680586438
0.960305402281055	0.254935680101795
2.7590679263751	0.76692961097815
0.674624067917918	0.213658555919133
0.609565261515867	0.319508890998809
0.831060082574284	0.349407717674873
2.7590679263751	0.76692961097815
1.95879552552655	0.437985228139192
0.157971563808893	0.0296806747786729
-3.07707720857862	0.956361112132394
-1.7975657981284	0.379599665892429
1.95879552552655	0.437985228139192
0.177812920485068	0.0445891130396879
0.606302368539194	0.317845901462891
0.959331473357788	0.653417384708658
0.151873414100974	0.0581755081573951
1.06267301350124	0.512698089145544
3.26835783601252	1.12163011968705
1.33603551913475	0.58343053611899
1.46166504880046	0.484245680586438
0.173940988172143	0.0437550114519682
2.75805496536761	0.766752929661107
3.27129205644114	1.12317050813274
0.157971563808893	0.0296806747786729
0.951724523631597	0.252769110062367
-0.300316137970939	0.137725260945749
4.38572865870634	2.27686865818088
0.396915452026465	0.179527619920334
2.75704467106166	0.766025498669684
2.75805496536761	0.766752929661107
3.26732978575294	1.1211772426211
3.27232628525746	1.12331698634376
1.95879552552655	0.437985228139192
1.82658331770683	0.713161725221294
0.531600808944957	0.190452833446827
-1.7975657981284	0.379599665892429
2.7590679263751	0.76692961097815
1.46265753359042	0.48460907431551
0.824451710034132	0.346189076295124
0.961691043262411	0.654915593818301
-0.219518064762226	0.070676245121685
1.95879552552655	0.437985228139192
0.153830475350601	0.0520893555087474
1.82851727583204	0.714435845516616
0.157971563808893	0.0296806747786729
0.958855818540361	0.254543321351908
1.82948417010899	0.714838990299682
2.75704467106166	0.766025498669684
1.82851727583204	0.714435845516616
1.46209127003869	0.484377128190959
0.956455214607419	0.253949648163622
0.959865181244613	0.254814612498812
2.75805496536761	0.766752929661107
0.678685727410979	0.214982042405379
1.82912964257087	0.714770179842855
1.95793128711136	0.437766051086387
-1.7975657981284	0.379599665892429
0.159251072645633	0.0298673857617753
0.364154568161879	0.184543470142968
0.963167670198133	0.255599708567411
1.96141436018454	0.438711417164155
0.170331293505475	0.0429093144237285
1.06623516714224	0.515260674258817
-0.391383144839931	0.162807020962866
-0.217493795516912	0.0700823766807278
-3.45284250285449	1.22194559695964
0.669117736352227	0.211726956826849
0.157971563808893	0.0296806747786729
0.448246823419833	0.17979017346935
1.04665020030324	0.395956904990197
2.7590679263751	0.76692961097815
1.46265753359042	0.48460907431551
1.04665020030324	0.395956904990197
1.83320872066104	0.716809839835328
1.03878889357161	0.392361575468581
0.15823182603157	0.0297179405544109
0.956021254579335	0.253830462538477
0.159251072645633	0.0298673857617753
0.162171049505848	0.0303007576998756
0.905001063865097	0.488803007038993
-0.338896474896558	0.0970421752101679
0.957461191854986	0.254126256439643
0.675948496687313	0.213928974911644
1.82912964257087	0.714770179842855
1.95793128711136	0.437766051086387
1.95879552552655	0.437985228139192
1.95793128711136	0.437766051086387
-0.144419938894036	0.0516441997824019
0.153016180557848	0.051821004050093
1.46209127003869	0.484377128190959
-1.79763019308962	0.379603777700996
0.956455214607419	0.253949648163622
1.46398903776532	0.484992681122713
0.15823182603157	0.0297179405544109
-2.57447078703937	0.657780381714024
0.824206423319396	0.345940153507605
-1.13295352450292	0.341266245931736
1.95879552552655	0.437985228139192
-0.723495739913315	0.247436366504984
0.533034126671957	0.190984669183042
1.57585328800947	0.781914893440029
-2.57847696185857	0.659529736545688
1.96141436018454	0.438711417164155
0.959294652844364	0.254663957360155
0.166784200245953	0.0810854568270155
0.896631053222236	0.483520758437484
1.04665020030324	0.395956904990197
0.158989511121608	0.0298299152293259
-1.7975657981284	0.379599665892429
0.399239355934579	0.180475942649115
1.96141436018454	0.438711417164155
0.162352652580513	0.0483303505238246
0.799607296025235	0.482365861956035
-0.212700860727539	0.0685566980358174
-1.7975657981284	0.379599665892429
-1.79763019308962	0.379603777700996
2.36097404633539	1.17890696118846
1.95793128711136	0.437766051086387
3.26835783601252	1.12163011968705
0.152619802685851	0.0516844934618455
-0.728941542325998	0.249426183402838
-1.13295352450292	0.341266245931736
-1.79763019308962	0.379603777700996
0.531358567637365	0.190353154457246
-1.12769593434811	0.339436368028373
1.57722144544452	0.783207973163534
0.174631929420831	0.0936286480237893
0.157819787360587	0.0533909827533473
1.0418455851348	0.393863567086238
-3.07793266340176	0.957013587093989
1.96141436018454	0.438711417164155
0.174933567082256	0.0439573605408891
0.957461191854986	0.254126256439643
0.617000873045615	0.324558152625265
1.78307646701549	0.995014459410169
-1.7975657981284	0.379599665892429
0.674624067917918	0.213658555919133
-0.0529056907491119	0.0230583291362125
2.75704467106166	0.766025498669684
1.95879552552655	0.437985228139192
0.170814760478995	0.0915581817801589
-2.28221715774755	1.14933615358638
1.0671250794186	0.51532777476737
1.27106958371977	0.699379726985533
-0.338896474896558	0.0970421752101679
0.158989511121608	0.0298299152293259
0.956455214607419	0.253949648163622
1.46498308680977	0.485505347800691
-3.4565767152091	1.22430361707387
0.173940988172143	0.0437550114519682
0.453895346031807	0.182255758735635
0.172385921068679	0.0433875285709768
1.95793128711136	0.437766051086387
0.675591354383564	0.213968352567141
0.163853552605343	0.0487595972376143
0.164468653517054	0.0489167663284228
0.674624067917918	0.213658555919133
1.78360454245044	0.995014608352168
-0.621333103088639	0.151104040920032
0.171653101789031	0.0431973221484952
-0.338395647029448	0.0969382934539019
1.95879552552655	0.437985228139192
0.669467631715225	0.211908752948447
1.27106958371977	0.699379726985533
0.956021254579335	0.253830462538477
-0.337559379634888	0.0966770330278957
1.95879552552655	0.437985228139192
0.903360301595452	0.487548493801835
-1.28442374880414	0.578190185108721
0.158989511121608	0.0298299152293259
-1.02839204705132	0.406425713646344
-0.0145365585478019	0.00688301427294976
-2.06530788404037	0.936496100496138
-1.2795187062296	0.575410572890066
1.46209127003869	0.484377128190959
0.15823182603157	0.0297179405544109
2.7590679263751	0.76692961097815
0.959294652844364	0.254663957360155
1.46010735547628	0.483457516052687
-2.57447078703937	0.657780381714024
-2.57821111666453	0.659475059970799
0.16566376423511	0.049220972992664
-3.45601360105774	1.22364277502153
0.157971563808893	0.0296806747786729
-0.517006318957255	0.195147442742932
2.75805496536761	0.766752929661107
0.955017933589342	0.253480850166851
1.95879552552655	0.437985228139192
2.75704467106166	0.766025498669684
0.157971563808893	0.0296806747786729
1.82948417010899	0.714838990299682
2.75704467106166	0.766025498669684
0.152967816569802	0.0456747746330642
0.173940988172143	0.0437550114519682
0.157971563808893	0.0296806747786729
0.158989511121608	0.0298299152293259
1.4655515469736	0.485738470948645
-1.507638227659	0.53431243522829
0.174503749901052	0.0438676710334476
1.46166504880046	0.484245680586438
-0.976810125727647	0.482380932386852
0.447191186095611	0.179329255309907
-1.27235521875137	0.570810143925107
0.159251072645633	0.0298673857617753
1.95793128711136	0.437766051086387
1.95879552552655	0.437985228139192
1.95879552552655	0.437985228139192
2.75805496536761	0.766752929661107
-4.0012123706462	1.7257737241768
0.148612908401246	0.0503807422085685
0.158989511121608	0.0298299152293259
-1.02815379565769	0.406346884447955
-0.3395018260887	0.0972061822975938
-0.722881564981813	0.247143842823858
1.95879552552655	0.437985228139192
-0.220849649046566	0.0710925897619741
-2.57472877667238	0.65760345889815
0.166260955203852	0.0493457353508282
0.173940988172143	0.0437550114519682
3.64101793434512	1.43134239135362
4.38901838976633	2.2793024487569
-1.26919005446438	0.56947477022477
0.903722421764725	0.487918961889201
-1.5094475769206	0.535248673690833
2.7590679263751	0.76692961097815
2.75704467106166	0.766025498669684
0.159251072645633	0.0298673857617753
0.16190498991222	0.0302625824147867
-1.7975657981284	0.379599665892429
0.148612908401246	0.0503807422085685
-0.141175092974388	0.0505326225047206
-0.393344855894386	0.163591234545282
-0.0520942668718538	0.0227165858465857
1.95879552552655	0.437985228139192
3.26835783601252	1.12163011968705
0.172643132163515	0.0434132410698589
0.15823182603157	0.0297179405544109
1.95793128711136	0.437766051086387
0.158426007238141	0.0472279903538101
0.173940988172143	0.0437550114519682
-3.08203891306948	0.959069086853276
-3.45228414088993	1.22181665198441
0.174503749901052	0.0438676710334476
1.95793128711136	0.437766051086387
-3.07836047129561	0.956774727997911
1.04272737841263	0.394268038065867
0.174503749901052	0.0438676710334476
0.15823182603157	0.0297179405544109
0.673177180799231	0.213063750844139
0.16323818852145	0.0485873708307168
-0.33604699779225	0.0962542202740646
0.956021254579335	0.253830462538477
1.09373602668354	0.674781823120295
1.46308301616168	0.484563679444736
1.95793128711136	0.437766051086387
2.7590679263751	0.76692961097815
0.37503386320405	0.190477363437907
1.33184695246066	0.580735815343295
1.96141436018454	0.438711417164155
0.158989511121608	0.0298299152293259
1.46143676389563	0.914602696794581
-0.304814957959042	0.140040338779575
0.823642509432085	0.345787097083453
-1.79763019308962	0.379603777700996
1.95793128711136	0.437766051086387
2.11842867036876	0.945672460079198
1.82399204056179	0.712148377760895
1.45941385003452	0.483259882361236
3.27025913837768	1.12233669524588
1.95879552552655	0.437985228139192
1.95879552552655	0.437985228139192
0.82550465870812	0.346559154741678
0.164122988767051	0.0488286730136595
0.679297187320958	0.21511425797511
-0.772215387166699	0.335672015423012
0.165622192143609	0.0492275837346074
0.167164301060576	0.0496616909525181
-1.12825544522804	0.339732258677114
1.82710265989491	0.713711178135864
0.955017933589342	0.253480850166851
-3.45228414088993	1.22181665198441
-0.973319886538823	0.480360515763524
0.823642509432085	0.345787097083453
0.823078351695812	0.34550391355806
0.956455214607419	0.253949648163622
1.46166504880046	0.484245680586438
0.677168456003689	0.214339100225988
1.77983958461778	0.991921136034635
0.813846347284269	0.340963765880833
1.95879552552655	0.437985228139192
0.670081697347895	0.212111377241056
-0.215815148052618	0.0695090074287807
1.82816209415628	0.714241631039221
3.64101793434512	1.43134239135362
0.157971563808893	0.0296806747786729
0.956021254579335	0.253830462538477
0.17738312662749	0.0444846964186047
1.46170687071931	0.913769063329519
0.335129697210813	0.203999278997182
0.154259314455831	0.0291924198815566
0.956455214607419	0.253949648163622
0.16190498991222	0.0302625824147867
1.96141436018454	0.438711417164155
0.827062362966711	0.347535018691045
1.33351744615377	0.581727707383388
1.46789226342383	0.486336319771629
1.95793128711136	0.437766051086387
-1.79763019308962	0.379603777700996
1.95879552552655	0.437985228139192
1.95879552552655	0.437985228139192
1.46067242606004	0.483688692701864
1.5724348757785	0.779685464655591
0.675948496687313	0.213928974911644
-0.518386429636852	0.195700313035901
-1.81889213386485	0.738000902901671
1.83045100463037	0.715045718111181
0.152967816569802	0.0456747746330642
0.172385921068679	0.0433875285709768
3.9371926868257	1.72364294570268
-1.51494510157249	0.537750180976637
-0.519038139240771	0.196086617266171
-3.07836047129561	0.956774727997911
2.36013744660075	1.17813630566845
-1.12825544522804	0.339732258677114
-2.06444769256084	0.935935080561358
2.11931178949686	0.946188348024025
1.95793128711136	0.437766051086387
1.83320872066104	0.716809839835328
-0.619895187822925	0.150839789138775
1.95793128711136	0.437766051086387
1.57480458171904	0.781156471415011
1.46265753359042	0.48460907431551
2.02878862294507	1.92455594937818
0.180709566490231	0.0452024551059557
0.677105074382106	0.214332831776124
1.95879552552655	0.437985228139192
1.57641681681789	0.782645066717777
0.14892576642437	0.0504694466811999
0.806610725418576	0.487228851030141
1.95793128711136	0.437766051086387
1.96141436018454	0.438711417164155
0.158989511121608	0.0298299152293259
1.95793128711136	0.437766051086387
1.82851727583204	0.714435845516616
1.95879552552655	0.437985228139192
2.75805496536761	0.766752929661107
1.06606733749636	0.514463403746672
1.95879552552655	0.437985228139192
1.04422575936648	0.394740889448914
0.152453062620175	0.0516328700929256
-0.338395647029448	0.0969382934539019
2.35807525788525	1.1763957204921
0.959865181244613	0.254814612498812
3.64101793434512	1.43134239135362
0.442746084081858	0.177485883285209
0.158989511121608	0.0298299152293259
1.95793128711136	0.437766051086387
1.82755032422624	0.713907775987463
1.95879552552655	0.437985228139192
-0.619895187822925	0.150839789138775
0.956021254579335	0.253830462538477
0.442529031084466	0.177476211201547
-0.786092779497925	0.428520464559124
-0.215469787669442	0.0693747409894077
-1.7975657981284	0.379599665892429
1.95793128711136	0.437766051086387
1.82710265989491	0.713711178135864
-0.624183598429151	0.151840837481169
2.75805496536761	0.766752929661107
0.700719755640438	0.328576052812794
1.96817242813189	1.23131428750786
0.454205781530215	0.182360151769261
-0.624183598429151	0.151840837481169
-0.145344570977986	0.0520206122062214
-0.767395678581959	0.333228107972942
0.413758439816551	0.187740163020773
-1.79763019308962	0.379603777700996
-0.620473624670499	0.150917804175241
2.76197196120423	0.768541369225187
0.174933567082256	0.0439573605408891
1.95879552552655	0.437985228139192
3.26732978575294	1.1211772426211
2.76197196120423	0.768541369225187
2.75805496536761	0.766752929661107
1.95879552552655	0.437985228139192
-0.620903335937371	0.151058535991718
3.64508196443781	1.43367348655271
2.76095211479574	0.768066673537379
1.95879552552655	0.437985228139192
1.95879552552655	0.437985228139192
1.82912964257087	0.714770179842855
0.616574803296911	0.324247230443074
-0.620473624670499	0.150917804175241
0.156699366808556	0.053003974525284
1.95793128711136	0.437766051086387
0.956455214607419	0.253949648163622
1.27576680597832	0.702365019041069
2.90671837572359	1.95953017092089
0.959294652844364	0.254663957360155
0.446384732504796	0.1789536030377
0.670081697347895	0.212111377241056
1.4655515469736	0.485738470948645
0.156447071209317	0.052937950851718
1.82816209415628	0.714241631039221
-1.13295352450292	0.341266245931736
-0.338530582329419	0.0969729638077002
0.960305402281055	0.254935680101795
1.95793128711136	0.437766051086387
0.149666584584426	0.057386385337034
1.4604038372023	0.483769829709272
1.46010735547628	0.483457516052687
1.95879552552655	0.437985228139192
1.95793128711136	0.437766051086387
0.368770049827694	0.187075410963845
-0.609423747259819	0.29295321055474
-0.0923499082688302	0.0366595639602991
0.157971563808893	0.0296806747786729
0.158989511121608	0.0298299152293259
2.7590679263751	0.76692961097815
1.95793128711136	0.437766051086387
0.159251072645633	0.0298673857617753
-0.620473624670499	0.150917804175241
1.95793128711136	0.437766051086387
-0.619895187822925	0.150839789138775
3.26835783601252	1.12163011968705
0.162171049505848	0.0303007576998756
1.95793128711136	0.437766051086387
0.957461191854986	0.254126256439643
1.95879552552655	0.437985228139192
0.158989511121608	0.0298299152293259
3.26732978575294	1.1211772426211
3.64813638806334	1.43480372807629
0.956021254579335	0.253830462538477
2.11957433477146	0.946159869437877
0.536386835238158	0.192220018139766
0.821702674554677	0.344654791656887
3.26835783601252	1.12163011968705
-3.07750490916701	0.956880231933195
0.158687948318654	0.0472850694532285
1.95879552552655	0.437985228139192
0.15823182603157	0.0297179405544109
0.823078351695812	0.34550391355806
0.158989511121608	0.0298299152293259
2.12175361138722	0.947733160087778
1.33208469099746	0.58115584608196
0.532196819047093	0.190683131950839
2.75805496536761	0.766752929661107
-3.07707720857862	0.956361112132394
-0.216657809109618	0.0697687117469907
-1.12825544522804	0.339732258677114
-0.521658376564381	0.197103710433116
0.677168456003689	0.214339100225988
0.959865181244613	0.254814612498812
0.609134809363086	0.319277999610395
-0.391383144839931	0.162807020962866
-0.619895187822925	0.150839789138775
-1.12881513859764	0.339906487322227
0.15823182603157	0.0297179405544109
-1.79763019308962	0.379603777700996
-1.7975657981284	0.379599665892429
1.95793128711136	0.437766051086387
1.95793128711136	0.437766051086387
1.95793128711136	0.437766051086387
1.95879552552655	0.437985228139192
2.12507349425908	1.48311950397028
0.52514060296115	0.187936804496971
0.159251072645633	0.0298673857617753
0.681183225722083	0.215602714602321
0.956455214607419	0.253949648163622
3.26938718630885	1.12163262119223
0.159251072645633	0.0298673857617753
2.75805496536761	0.766752929661107
0.674015164989584	0.213380808783075
0.692420083962482	0.32414977594069
0.148878325747342	0.0645766190789814
0.149982636103429	0.0508231515257977
0.822267625819136	0.345061712364334
-0.141175092974388	0.0505326225047206
-0.214973425440132	0.0692286309045475
1.04510594650726	0.394980612745183
0.691723790090258	0.323274815281663
-0.645058504408881	0.381891475955658
-1.13338534815793	0.341498686250824
-0.216657809109618	0.0697687117469907
1.82816209415628	0.714241631039221
-1.7975657981284	0.379599665892429
1.78143436801617	0.993257986817123
0.159251072645633	0.0298673857617753
1.04007667172615	0.392839871352892
0.959865181244613	0.254814612498812
1.83417843227406	0.717062027537897
1.95879552552655	0.437985228139192
1.33999521271986	0.585413722027566
3.26938718630885	1.12163262119223
4.17939269952942	2.00427610225247
-0.215221304062718	0.0693199317381142
2.75805496536761	0.766752929661107
-0.513814611073113	0.193842807936099
0.824451710034132	0.346189076295124
-1.7975657981284	0.379599665892429
0.823324250399777	0.345498976757898
1.06446193612115	0.513329476941823
0.874049533970676	0.649776561043938
0.155654248259732	0.0596277325693144
1.95879552552655	0.437985228139192
0.956455214607419	0.253949648163622
0.958855818540361	0.254543321351908
0.157971563808893	0.0296806747786729
1.95793128711136	0.437766051086387
1.33375387884323	0.582007204647003
2.75805496536761	0.766752929661107
1.95793128711136	0.437766051086387
2.7590679263751	0.76692961097815
1.95879552552655	0.437985228139192
0.149722519107343	0.0649596133389546
0.908680273620928	0.491719338853174
-0.347643262540899	0.0994886132277101
0.16323818852145	0.0485873708307168
0.157971563808893	0.0296806747786729
-2.57447078703937	0.657780381714024
3.26732978575294	1.1211772426211
1.95879552552655	0.437985228139192
3.64204563210395	1.43174087144813
0.17351044503084	0.0436385160120603
0.15823182603157	0.0297179405544109
-1.02312783931858	0.403977027889059
-0.0947761703984603	0.037597259115577
1.33065013736382	0.580048564914345
1.0891913630175	0.670466789487079
0.447615686514994	0.17964898897905
-0.904452140074351	0.657506382228374
0.174370024960364	0.0438183729016174
0.150893737042406	0.057797466335679
0.691961661326302	0.324056293697576
0.899348559565176	0.485267230471927
1.77066613057685	1.38644512181275
-0.396718666437249	0.165283623451939
0.166549099291362	0.0494747307612768
-1.28304885582667	0.577697102313377
0.159304296973707	0.0474668185471716
0.532196819047093	0.190683131950839
1.78387299384415	0.995769110055271
2.12325323580269	0.948602765952738
0.528471599490047	0.189192775823016
1.46209127003869	0.484377128190959
-0.724110175343364	0.247660897147714
1.83106456718648	0.715380743752126
0.173940988172143	0.0437550114519682
0.366658257339584	0.185537745553289
-1.27347474159349	0.571712615994456
1.95793128711136	0.437766051086387
-1.79763019308962	0.379603777700996
1.95793128711136	0.437766051086387
1.57162700882952	0.779006210019572
1.24880006142047	0.867084583449948
0.58760665574986	0.472076049853234
0.155456144160003	0.0526000219263186
1.95793128711136	0.437766051086387
0.951724523631597	0.252769110062367
0.173940988172143	0.0437550114519682
0.15823182603157	0.0297179405544109
-2.57472877667238	0.65760345889815
1.95793128711136	0.437766051086387
0.515785884642744	0.329151773981084
0.80324602621699	0.63890758836849
-0.229885447471913	0.114649741890301
0.146375004827764	0.0561236835186149
-1.50573496603534	0.533703959061235
0.677716162542668	0.214611870267994
1.95879552552655	0.437985228139192
1.95879552552655	0.437985228139192
1.95879552552655	0.437985228139192
0.176253051776925	0.0442319878724308
3.26835783601252	1.12163011968705
2.75805496536761	0.766752929661107
2.11390693878904	0.942679036980454
0.148612908401246	0.0503807422085685
0.448246823419833	0.17979017346935
-0.977141956414785	0.482261809603493
0.687524823750463	0.321169556258556
0.796800772953907	0.479323162469486
-3.07793266340176	0.957013587093989
0.151061641523147	0.0578640062767647
0.531954615713782	0.190517989079214
0.956021254579335	0.253830462538477
0.8254675811084	0.346539178243548
0.158989511121608	0.0298299152293259
-0.714421718032391	0.243912186782782
1.06792550004102	0.515823496339435
-0.219770163804213	0.0707569013941891
0.174503749901052	0.0438676710334476
1.04422575936648	0.394740889448914
0.955017933589342	0.253480850166851
0.159251072645633	0.0298673857617753
1.95879552552655	0.437985228139192
1.0418455851348	0.393863567086238
0.612929763345582	0.322198510040784
1.0418455851348	0.393863567086238
0.159304296973707	0.0474668185471716
0.157971563808893	0.0296806747786729
-1.79763019308962	0.379603777700996
0.612429100181466	0.321549368250389
-0.719585944508868	0.245867637672296
-0.129816490275512	0.0729308729566383
0.546896106852769	0.318023639315033
2.75805496536761	0.766752929661107
0.157971563808893	0.0296806747786729
1.95879552552655	0.437985228139192
1.95793128711136	0.437766051086387
2.75805496536761	0.766752929661107
0.958855818540361	0.254543321351908
2.75704467106166	0.766025498669684
0.696140528705959	0.32596537413612
2.75704467106166	0.766025498669684
0.159920372276999	0.0476279199969756
1.46166504880046	0.484245680586438
2.75704467106166	0.766025498669684
1.95879552552655	0.437985228139192
1.95879552552655	0.437985228139192
1.95793128711136	0.437766051086387
0.157971563808893	0.0296806747786729
0.956455214607419	0.253949648163622
-0.338291342092883	0.0968475173314605
0.955017933589342	0.253480850166851
0.166549099291362	0.0494747307612768
-0.619895187822925	0.150839789138775
0.153267904345544	0.0519012670754554
1.78036979483509	0.991924119446332
1.07307532440518	0.519086756191094
0.152200918016515	0.0515403734692646
0.826500453888607	0.347127630775895
0.154392805413983	0.0522705690038812
1.9614803029177	1.22559854836396
1.46166504880046	0.484245680586438
0.163853552605343	0.0487595972376143
4.17432985406838	2.00006384756967
1.04360842637382	0.394608583742794
1.95793128711136	0.437766051086387
0.954564259091026	0.253482299647149
0.159251072645633	0.0298673857617753
0.157971563808893	0.0296806747786729
1.46498308680977	0.485505347800691
0.957461191854986	0.254126256439643
1.96141436018454	0.438711417164155
-0.523032334451301	0.197668387893991
1.128175342403	1.01813816290345
0.166784200245953	0.0810854568270155
0.152346609586538	0.0515961830574703
2.75805496536761	0.766752929661107
-1.79763019308962	0.379603777700996
1.95879552552655	0.437985228139192
0.956021254579335	0.253830462538477
0.334319128516084	0.203844328392533
0.956455214607419	0.253949648163622
2.75805496536761	0.766752929661107
3.26938718630885	1.12163262119223
2.7590679263751	0.76692961097815
0.956455214607419	0.253949648163622
0.675591354383564	0.213968352567141
-1.12725353624624	0.339405023147411
0.155767123355785	0.0527007872498129
0.819227685269736	0.343693096468269
0.675948496687313	0.213928974911644
1.96440585754481	1.22699687651109
0.825444392705623	0.34659656094829
0.165353233252732	0.0491580922731075
0.155282002123357	0.02934225636165
-0.21725219958623	0.0699489287533772
0.826569690816718	0.347031576525904
-0.399771805571474	0.166731259005274
1.95879552552655	0.437985228139192
-0.212107996589827	0.0683682958385105
0.449051374752847	0.180146054252177
3.26732978575294	1.1211772426211
0.403303234905107	0.182529722164997
2.76197196120423	0.768541369225187
1.95879552552655	0.437985228139192
0.176818183184722	0.0443715906559113
-1.12669343566207	0.339109154533815
2.7590679263751	0.76692961097815
0.534471951018738	0.19143913325364
1.46498308680977	0.485505347800691
2.76095211479574	0.768066673537379
-1.7975657981284	0.379599665892429
-1.79763019308962	0.379603777700996
4.7333906253363	2.88311546326697
-0.305241175602168	0.140243052965864
-0.532055476103511	0.335370461468228
1.33208469099746	0.58115584608196
0.956021254579335	0.253830462538477
0.157971563808893	0.0296806747786729
0.15823182603157	0.0297179405544109
0.16190498991222	0.0302625824147867
1.95793128711136	0.437766051086387
1.95879552552655	0.437985228139192
3.27129205644114	1.12317050813274
0.365061045372024	0.184858772798683
0.448524252970948	0.179929065158735
-1.81766723004699	0.737367259253776
-0.71869462645605	0.245625159522256
1.04515347900522	0.395153426226023
1.07116116689747	0.51803508033569
0.956021254579335	0.253830462538477
1.82948417010899	0.714838990299682
0.673656731319726	0.21327169490293
1.33232181501832	0.581040506436256
-1.17473492841321	0.660062316488335
0.438851385185993	0.175790231008146
0.959294652844364	0.254663957360155
2.13045256551634	1.48991138079644
2.56255837512531	1.41870343382469
1.82658331770683	0.713161725221294
0.813846347284269	0.340963765880833
1.95793128711136	0.437766051086387
1.03791471976137	0.392024637204806
0.168354166613062	0.0424807140134561
2.56175148535099	1.41796411150441
0.158426007238141	0.0472279903538101
0.82469687251252	0.346268968053852
0.669117736352227	0.211726956826849
0.15823182603157	0.0297179405544109
2.75704467106166	0.766025498669684
0.530987012632398	0.190124308619808
0.525974790890797	0.188312313683146
-4.00182249544158	1.72625328461739
-1.49263628523373	0.754181688524523
1.57641681681789	0.782645066717777
1.06659631817428	0.51499569547802
-0.214126734230818	0.0690216704197056
0.159304296973707	0.0474668185471716
0.823888102049168	0.345906037374267
1.46166504880046	0.484245680586438
2.75805496536761	0.766752929661107
0.158989511121608	0.0298299152293259
-3.4565767152091	1.22430361707387
-1.27465265651181	0.572799544614502
2.75704467106166	0.766025498669684
1.0418455851348	0.393863567086238
2.75805496536761	0.766752929661107
2.75704467106166	0.766025498669684
1.96141436018454	0.438711417164155
0.951724523631597	0.252769110062367
-0.221687635229212	0.0713279388249057
-0.0936973003438628	0.0372243353271805
1.0433448222306	0.394400438672122
2.03545017569629	1.937483804133
-0.620473624670499	0.150917804175241
1.95793128711136	0.437766051086387
1.95879552552655	0.437985228139192
3.26732978575294	1.1211772426211
1.95793128711136	0.437766051086387
-0.624623675797245	0.151937920429117
0.612448749239939	0.321529640814197
-1.02275196325719	0.403905696700775
1.56641713746733	0.775455479488456
-1.81352302981117	0.735065306555984
1.04122776355439	0.393435934346114
1.46265753359042	0.48460907431551
0.693515432677865	0.32419928238537
0.168662278675518	0.0500652630774407
1.57404767215904	0.780807377405224
-1.13295352450292	0.341266245931736
0.532196819047093	0.190683131950839
-0.943289363754113	0.578333776559563
-1.79763019308962	0.379603777700996
0.957461191854986	0.254126256439643
1.3329197605053	0.581616348611346
1.46166504880046	0.484245680586438
1.46265753359042	0.48460907431551
2.75805496536761	0.766752929661107
1.95879552552655	0.437985228139192
1.46597699067366	0.485748477491111
0.817859684062547	0.34292547743413
4.176174739854	2.00138224703287
0.671757566185367	0.482025365362539
0.392308962365972	0.177082880181476
1.95879552552655	0.437985228139192
-0.337924641037297	0.0968088152153293
0.957025852492456	0.254006696314478
-0.61946410648704	0.150698865008898
-0.144137039360479	0.0515503896111279
-0.76606573405107	0.332575495201142
-0.0538219685463567	0.0234440683298974
-0.790992898448902	0.431906990463452
1.46498308680977	0.485505347800691
2.12237275162321	0.948156957082224
0.447191186095611	0.179329255309907
-0.303291425090744	0.139138999695785
-0.336952847519868	0.096512855057735
0.447996914446478	0.17968538770428
-4.00689064630181	1.73027814606556
3.64405193165419	1.43312407887711
0.533034126671957	0.190984669183042
1.46166504880046	0.484245680586438
-1.80127875869	0.380587746892248
0.957025852492456	0.254006696314478
0.674624067917918	0.213658555919133
2.75704467106166	0.766025498669684
1.46398903776532	0.484992681122713
0.956021254579335	0.253830462538477
2.7590679263751	0.76692961097815
2.75805496536761	0.766752929661107
1.95879552552655	0.437985228139192
1.95879552552655	0.437985228139192
1.06579457323925	0.514454684207409
0.691479761553598	0.323719017902179
0.179221215572305	0.104155280865034
0.162171049505848	0.0303007576998756
0.956021254579335	0.253830462538477
1.82755032422624	0.713907775987463
0.826569690816718	0.347031576525904
0.828430976330302	0.348196975987414
-1.27866440986665	0.57493073370158
1.33124526814043	0.580684485642859
1.33999521271986	0.585413722027566
1.27904868424098	0.70524444012805
1.27106958371977	0.699379726985533
0.152453062620175	0.0516328700929256
-0.138165939756664	0.0494965764872884
-2.06503800706302	0.936339193932813
0.153830475350601	0.0520893555087474
-0.514641699367006	0.194166196064157
0.168012504537869	0.0423538173654411
-0.215815148052618	0.0695090074287807
1.46109938210879	0.484014060767982
0.15823182603157	0.0297179405544109
-0.392431810971674	0.163376056563154
0.675948496687313	0.213928974911644
1.83065515075678	0.71528955791634
0.164122988767051	0.0488286730136595
0.157971563808893	0.0296806747786729
0.454485395539984	0.182519969842576
0.534470172870219	0.191495164180491
3.27025913837768	1.12233669524588
0.164122988767051	0.0488286730136595
0.168662278675518	0.0500652630774407
1.4613936654743	0.484011457273747
1.40016597264222	1.0874693587939
0.177247192199527	0.0444492499698682
0.452815663044544	0.181774380439293
0.398644122519029	0.180402293017227
0.180141640611436	0.0450617988321041
-1.50982433145335	0.535480148233091
-0.138973124311153	0.0497628505866924
-0.338530582329419	0.0969729638077002
-2.0664893400213	0.937220897064085
0.674624067917918	0.213658555919133
-0.0902375746558826	0.0358652242220136
-0.218096087384631	0.0701860099861319
0.452569065982633	0.181732592483672
-0.0932000176871141	0.0369881512293601
1.57267202715483	0.780105445383334
-0.0931177916746001	0.0369639914174526
0.396544322764292	0.179322808464406
-0.215815148052618	0.0695090074287807
-1.50884424560785	0.535043767502043
-0.212700860727539	0.0685566980358174
-1.81799459045243	0.737492070536281
-0.145344570977986	0.0520206122062214
1.95879552552655	0.437985228139192
0.696311716242858	0.326002755913493
1.04427198623154	0.394656801502761
-0.0983094882699554	0.0389944655091387
0.15823182603157	0.0297179405544109
0.907041268970919	0.490496978709264
0.150475505340959	0.0577005678908003
-0.513007538344876	0.193523517901935
0.531954615713782	0.190517989079214
0.957461191854986	0.254126256439643
0.166894126545373	0.0495801423286346
-0.619895187822925	0.150839789138775
0.158989511121608	0.0298299152293259
0.451487521828411	0.181235009163182
1.04726688944174	0.396088731238016
-1.12881513859764	0.339906487322227
0.163434351706505	0.0874773888351317
1.35406607072878	1.4377175422108
1.95793128711136	0.437766051086387
2.75805496536761	0.766752929661107
2.75704467106166	0.766025498669684
0.679297187320958	0.21511425797511
-0.620903335937371	0.151058535991718
0.1677792397568	0.0498341730879395
-1.81291187157146	0.734751884578751
-0.518644858635781	0.195729988241304
0.532196819047093	0.190683131950839
0.824133571632166	0.345861953066953
-3.07793266340176	0.957013587093989
-0.0516887475647681	0.0225437629251332
1.06956203261337	0.516936934630967
1.57585328800947	0.781914893440029
-0.619895187822925	0.150839789138775
0.956021254579335	0.253830462538477
0.674624067917918	0.213658555919133
0.16190498991222	0.0302625824147867
0.16323818852145	0.0485873708307168
4.56134718384622	2.56101527851967
0.158426007238141	0.0472279903538101
-1.50982433145335	0.535480148233091
0.162622561049093	0.0484009930995383
0.446786935248547	0.179292535994645
0.676200627845659	0.214099921395796
0.16323818852145	0.0485873708307168
0.671045597340039	0.212419421287662
1.04638771946291	0.395714063580135
0.164468653517054	0.0489167663284228
0.167786821496111	0.0423548811213711
-1.0315123105195	0.407955460099883
1.82495557630994	0.712549465993881
0.154081774580399	0.0521624398881256
0.956455214607419	0.253949648163622
0.15823182603157	0.0297179405544109
-0.1483035909175	0.0530228530238704
2.75704467106166	0.766025498669684
0.676200627845659	0.214099921395796
0.817053052663283	0.342486712511636
-0.213543270792488	0.0687986075063655
0.174503749901052	0.0438676710334476
0.157971563808893	0.0296806747786729
0.956455214607419	0.253949648163622
0.533629585575437	0.191149248838921
1.25304702642879	0.870767443218054
-2.28109906238932	1.14881626005237
1.95879552552655	0.437985228139192
1.95879552552655	0.437985228139192
0.17294827606403	0.0435260072159332
-3.45601360105774	1.22364277502153
0.366298036696607	0.185335195598535
0.172385921068679	0.0433875285709768
0.674624067917918	0.213658555919133
0.183526566519194	0.106741887959476
-1.50982433145335	0.535480148233091
-1.51494510157249	0.537750180976637
-0.388103533331362	0.218770994883458
-0.222038342595648	0.0714812050319378
1.04272737841263	0.394268038065867
0.532438411561851	0.190754397880712
0.153830475350601	0.0520893555087474
-0.213045293923959	0.068627812033618
-0.343432234206214	0.0982903961052269
0.165353233252732	0.0491580922731075
1.95879552552655	0.437985228139192
2.74405380188869	1.67601205000483
-1.7975657981284	0.379599665892429
0.958855818540361	0.254543321351908
0.1677792397568	0.0498341730879395
0.157007711765635	0.053125881526133
0.16323818852145	0.0485873708307168
0.67498185747701	0.213690207850534
2.35640188519378	1.17514982426169
-1.507638227659	0.53431243522829
-1.67492564189792	0.946715352406741
-0.518947990401155	0.195906357411418
-0.218086982244107	0.0702671839866222
0.159251072645633	0.0298673857617753
-2.57847696185857	0.659529736545688
0.158202431453599	0.0297753629586498
1.95879552552655	0.437985228139192
-0.213778682141952	0.0688911851957332
0.164391642281999	0.0488687543181863
0.699914980996319	0.328077836741601
0.352763400559039	0.197849953796518
0.677716162542668	0.214611870267994
1.95879552552655	0.437985228139192
-0.0944036040363931	0.0374576755555379
-0.523287577810495	0.197683280030088
2.7590679263751	0.76692961097815
1.96141436018454	0.438711417164155
0.968256616604924	0.661467066903089
-0.377608831762397	0.258875375678349
-0.126460367270517	0.0710153088301821
1.95793128711136	0.437766051086387
0.174503749901052	0.0438676710334476
2.75805496536761	0.766752929661107
0.159251072645633	0.0298673857617753
-2.57421277656498	0.657506382974291
0.148364367533412	0.0502983007600852
0.405880644977478	0.183889503629006
0.533279274552294	0.190972193500466
-3.75658350496235	1.47972368837861
-0.0943190238643748	0.0374192018035695
-0.395576056680887	0.164799016115278
-0.216409245079586	0.0696890647462961
0.156001906957945	0.0677623711184476
1.3374657462467	0.583961413896269
0.554174578296206	0.323239798338645
0.141367126396849	0.0542376669175521
-0.761618827551024	0.330213519883693
1.96600417029231	1.22889233272625
-1.51457762983225	0.537411268536323
-0.715034146888943	0.244213254744201
1.82948417010899	0.714838990299682
0.820273619651573	0.343972630333469
0.16190498991222	0.0302625824147867
1.46455689811314	0.485225385720349
0.154081774580399	0.0521624398881256
-0.600553533923325	0.287542799273189
2.11931178949686	0.946188348024025
-4.22387999340416	1.9779121631119
-1.16781498514129	0.654925626710788
-1.82306257570302	0.740114932049179
0.692040596487325	0.32349253346551
-1.28386613148399	0.577913662457171
0.679042954927262	0.214964314584285
-0.342463785834028	0.0980578484034576
0.16323818852145	0.0485873708307168
0.16934280349587	0.0427080042196444
0.675232747867266	0.213789953820415
-1.79763019308962	0.379603777700996
3.27528390840561	1.12443907352294
0.149343352412898	0.0572413008351171
0.177247192199527	0.0444492499698682
-0.34307485466429	0.0982470421897248
0.802626343100507	0.484077336781899
-0.513007538344876	0.193523517901935
-1.7975657981284	0.379599665892429
0.16190498991222	0.0302625824147867
0.155282002123357	0.02934225636165
1.27607850636201	0.702654752109904
1.66710389664303	1.57696473769039
-0.298166966011736	0.136855825076629
1.95793128711136	0.437766051086387
0.15823182603157	0.0297179405544109
0.956455214607419	0.253949648163622
0.15823182603157	0.0297179405544109
-2.57447078703937	0.657780381714024
0.172223255009213	0.0433240097489323
0.154259314455831	0.0291924198815566
1.57641681681789	0.782645066717777
1.4645116315659	0.916819396114491
0.149436561860214	0.0572178786113694
0.968567061993112	0.661911044040035
0.533870485766569	0.191241233041242
0.694955137035722	0.325170996930225
-0.620903335937371	0.151058535991718
-0.975834125162268	0.481543430487518
-0.144419938894036	0.0516441997824019
-1.27409648366397	0.572425579984391
-0.30074371529029	0.137942133610529
0.169762747888229	0.0427831084845497
-0.0893300542784814	0.0355154444573409
0.17294827606403	0.0435260072159332
-0.337559379634888	0.0966770330278957
-1.67108729823021	0.942194759775011
-0.606754513073713	0.29129721629637
-0.61946410648704	0.150698865008898
3.27424476347588	1.12391188707828
0.159304296973707	0.0474668185471716
-0.145472337378192	0.0520149972990822
-0.337559379634888	0.0966770330278957
0.956455214607419	0.253949648163622
0.164738242561747	0.0490009495728858
2.7590679263751	0.76692961097815
-1.81262047956212	0.734554727038592
-0.337924641037297	0.0968088152153293
-0.763477303143996	0.331085452220175
-1.02477806380377	0.404828995968834
2.75805496536761	0.766752929661107
3.27129205644114	1.12317050813274
2.76095211479574	0.768066673537379
-1.12881513859764	0.339906487322227
-1.12725353624624	0.339405023147411
0.167786821496111	0.0423548811213711
0.82469687251252	0.346268968053852
0.90913511789833	0.491992888682194
0.747848108015208	0.627582792758392
2.76197196120423	0.768541369225187
2.75704467106166	0.766025498669684
0.174933567082256	0.0439573605408891
0.15823182603157	0.0297179405544109
0.3994670917132	0.180807568430596
-0.339136742629042	0.0971078731889835
0.159251072645633	0.0298673857617753
0.677716162542668	0.214611870267994
0.916474429307504	0.497020300698658
0.825259930104852	0.346551823974158
-1.79763019308962	0.379603777700996
0.159251072645633	0.0298673857617753
-0.619895187822925	0.150839789138775
-3.4565767152091	1.22430361707387
0.178378460373537	0.04470234426639
3.26938718630885	1.12163262119223
-3.07750490916701	0.956880231933195
-1.12825544522804	0.339732258677114
2.40539671462256	2.05836296527337
0.670081697347895	0.212111377241056
0.696947392942228	0.326440852008827
0.907242589251317	0.491118576866025
0.676200627845659	0.214099921395796
-0.600671806782455	0.287908794772396
-0.716259781908703	0.244657557065158
0.146268306595869	0.0561200945945956
-0.944604462520799	0.578901457284918
1.82912964257087	0.714770179842855
-0.143328772936503	0.0512579162321514
-1.81676990665961	0.736858778572184
-3.07707720857862	0.956361112132394
0.678685727410979	0.214982042405379
-0.782755521357595	0.426477457149855
0.443548397616714	0.177839700183466
-0.144946030904406	0.0518319984756812
-0.603552884915779	0.289300592205532
0.161557524205252	0.0545946857697164
0.164738242561747	0.0490009495728858
-1.81889213386485	0.738000902901671
3.27025913837768	1.12233669524588
-0.619895187822925	0.150839789138775
-1.12937501458112	0.339964434622374
-0.718081625995024	0.245384533690959
1.04488949167403	0.395085051250541
0.168354166613062	0.0424807140134561
2.76095211479574	0.768066673537379
0.158426007238141	0.0472279903538101
1.95793128711136	0.437766051086387
1.04360842637382	0.394608583742794
0.458351267489332	0.333030204587901
-1.47195712751157	1.02808657491209
-1.50824112923963	0.534752090600511
-1.79763019308962	0.379603777700996
-0.625191995446008	0.152059991852936
1.24977814690557	1.05815423796881
-3.45284250285449	1.22194559695964
0.174370024960364	0.0438183729016174
1.95793128711136	0.437766051086387
1.24634333548152	0.865060517455905
0.507299740600358	0.322598556504944
0.157007711765635	0.053125881526133
-0.620473624670499	0.150917804175241
0.956021254579335	0.253830462538477
-2.57421277656498	0.657506382974291
-1.79763019308962	0.379603777700996
2.7590679263751	0.76692961097815
-1.50824112923963	0.534752090600511
-1.81200943037821	0.734241478143734
-2.06444769256084	0.935935080561358
-1.16781498514129	0.654925626710788
-0.602857273268658	0.289030589960497
-0.76214123352966	0.33051798936009
-0.145229067230335	0.0519186816977856
0.672560905238846	0.212860180111741
2.74139926198424	1.67291513125545
-0.53081952046086	0.334923621717284
0.446913247781489	0.179197436924564
0.155071704033499	0.0672485517972294
1.33315623005691	0.581431309409006
1.33975737931465	0.585056863780139
-1.79763019308962	0.379603777700996
3.26732978575294	1.1211772426211
1.46846293168858	0.486570444742071
1.27958278859561	0.706182033681685
-1.79763019308962	0.379603777700996
-1.81323178459194	0.734779878382509
-3.07793266340176	0.957013587093989
-0.0926618573180851	0.036786603271242
0.826580547261878	0.347286314613357
0.157971563808893	0.0296806747786729
2.36519179042752	1.18155565800586
0.451487521828411	0.181235009163182
-0.387593148133725	0.161202448597226
1.27496288218597	0.701642667176307
-0.394276336796569	0.164179509947552
0.17351044503084	0.0436385160120603
-0.226251670734863	0.0728046955115856
0.678074042401891	0.214702481365457
-0.338530582329419	0.0969729638077002
0.158989511121608	0.0298299152293259
-1.7975657981284	0.379599665892429
-1.26945631186387	0.569581952717256
-2.07003804100853	0.939770540845245
-0.392607099730254	0.163535650618449
0.0155117475705084	0.00783277850994967
0.168393915595915	0.0499912542478598
-1.79763019308962	0.379603777700996
1.95793128711136	0.437766051086387
1.46166504880046	0.484245680586438
0.156781885050885	0.0680783309005042
-0.767548516176215	0.333001950403129
1.95793128711136	0.437766051086387
1.95879552552655	0.437985228139192
3.27025913837768	1.12233669524588
-0.0497226217230177	0.0217140295760252
-1.50884424560785	0.535043767502043
0.15823182603157	0.0297179405544109
-2.57421277656498	0.657506382974291
-1.79763019308962	0.379603777700996
0.955017933589342	0.253480850166851
1.96141436018454	0.438711417164155
-1.79763019308962	0.379603777700996
-1.79763019308962	0.379603777700996
1.95879552552655	0.437985228139192
-2.06530788404037	0.936496100496138
1.46781226351853	0.920024131180723
1.45957005745618	0.911601534425256
1.57617503203693	0.782056282529512
-0.144379254670362	0.0516178856417709
-1.67026116297771	0.94206256092501
1.46209127003869	0.484377128190959
0.448246823419833	0.17979017346935
-1.67545427789214	0.947674468100914
0.159799035862412	0.0775152822174535
1.79100361603363	1.00075362176775
-0.388470755869301	0.218992028384764
0.44246969756749	0.177341431396767
-0.9781196387184	0.482965222562379
1.04360842637382	0.394608583742794
0.15675521805329	0.0679883048622611
0.69123132077792	0.322973341727953
0.158989511121608	0.0298299152293259
-1.0213509823134	0.403162852904808
0.154954894721934	0.0524399678344355
0.448524252970948	0.179929065158735
-1.8089357158134	0.732560649928647
2.75805496536761	0.766752929661107
0.163853552605343	0.0487595972376143
-0.768074603217935	0.333251677673885
0.402563513066687	0.182227111506577
-0.517825107309169	0.195474359908123
0.39804758134111	0.179836760867837
-0.0978550297863506	0.0388181313798155
-0.620326325745573	0.150885642821786
0.674015164989584	0.213380808783075
0.673048421642057	0.212994504688281
0.675591354383564	0.213968352567141
-1.12881513859764	0.339906487322227
-1.50884424560785	0.535043767502043
1.96649418078604	1.22997614348551
0.149722519107343	0.0649596133389546
0.174990866613868	0.10135337935083
0.956455214607419	0.253949648163622
0.158989511121608	0.0298299152293259
0.159648742075895	0.069305357365933
-0.0503637978341456	0.0219812288024997
0.157546606671046	0.0469737944802553
1.27674782518762	0.704155960234038
1.01369411789848	0.836328395693368
0.162421116861805	0.0789786615252195
-1.79763019308962	0.379603777700996
0.676558588301015	0.214207370803977
0.959865181244613	0.254814612498812
0.169762747888229	0.0427831084845497
0.15823182603157	0.0297179405544109
0.158989511121608	0.0298299152293259
-1.7975657981284	0.379599665892429
0.162171049505848	0.0303007576998756
0.157971563808893	0.0296806747786729
0.157971563808893	0.0296806747786729
-1.79763019308962	0.379603777700996
-1.51601653505556	0.537991342950521
0.679297187320958	0.21511425797511
1.33148644921435	0.580580180008122
-0.315216954369538	0.187985547356156
1.04096305100241	0.393348131713795
-0.0139865752005396	0.00664999932221124
0.150571240221929	0.0576776917123369
0.159251072645633	0.0298673857617753
0.174503749901052	0.0438676710334476
0.152041864306179	0.0582138549515357
-0.14575574418188	0.0521067853554539
1.77053803146552	0.984629279197633
0.444874852039873	0.178402850014281
1.78063734566247	0.992628395554554
0.956455214607419	0.253949648163622
0.955017933589342	0.253480850166851
-0.216657809109618	0.0697687117469907
-0.515068744486514	0.194225269300596
-1.7975657981284	0.379599665892429
0.821612971150663	0.344902213197152
-0.981485656673732	0.48569248408097
0.957461191854986	0.254126256439643
1.32981847919987	0.579849240847793
0.955450516302873	0.253599562429476
0.165353233252732	0.0491580922731075
-0.216900861291041	0.0698804747706956
-0.724996456084797	0.247901521017459
0.823642509432085	0.345787097083453
1.28392804206414	0.709138384662028
-1.13395018438652	0.341592389781504
2.76197196120423	0.768541369225187
0.682410767649726	0.216016306234615
0.158989511121608	0.0298299152293259
2.7590679263751	0.76692961097815
-3.45116795416625	1.22074097588692
1.32981288417155	0.579376992880392
1.46109938210879	0.484014060767982
-0.390406248237941	0.162374844905515
-0.943589380598086	0.578380000657823
3.27528390840561	1.12443907352294
1.96141436018454	0.438711417164155
-2.57421277656498	0.657506382974291
0.794998056572219	0.478605084139183
-1.7975657981284	0.379599665892429
0.157971563808893	0.0296806747786729
1.95879552552655	0.437985228139192
-1.02671683891162	0.40581238098729
-0.339366328033743	0.0972003539018668
1.09332991238703	0.674497291421782
0.351658500117517	0.197271498123271
-2.57821111666453	0.659475059970799
-0.620326325745573	0.150885642821786
0.960305402281055	0.254935680101795
3.26630303248094	1.12023058934939
0.955017933589342	0.253480850166851
0.956455214607419	0.253949648163622
1.95879552552655	0.437985228139192
0.162171049505848	0.0303007576998756
-2.57821111666453	0.659475059970799
-2.57447078703937	0.657780381714024
-0.437927995450537	0.288673518633719
0.902298686135275	0.487474368505124
-1.50573496603534	0.533703959061235
-0.766733199789823	0.33273995230155
1.83009713438939	0.715173729277155
-0.386293460540267	0.160589854213055
-0.981971733617563	0.486008124035347
-0.977786883347887	0.483006958308648
0.797207885130907	0.479639825473211
-0.301484640154937	0.138438677776884
-0.946617778230104	0.580888084655697
-0.1446627598823	0.051733083076893
0.162352652580513	0.0483303505238246
3.26835783601252	1.12163011968705
0.174370024960364	0.0438183729016174
1.06446193612115	0.513329476941823
-0.3395018260887	0.0972061822975938
-2.57472877667238	0.65760345889815
-0.973805039388143	0.480577743623411
0.822513949918738	0.345096883744715
1.79213392047111	1.00224944453878
-0.620903335937371	0.151058535991718
0.1677792397568	0.0498341730879395
0.173940988172143	0.0437550114519682
-1.48687302529759	0.75019393142496
1.07280113240065	0.518740866120925
-0.944938046864451	0.579664952317925
-0.216409245079586	0.0696890647462961
-1.13282069800183	0.341231258763963
1.96141436018454	0.438711417164155
2.75805496536761	0.766752929661107
-0.619895187822925	0.150839789138775
2.11692464856437	0.944608977413808
0.162421116861805	0.0789786615252195
0.822832332666427	0.345345001072504
1.24243175452013	1.05001334293456
-2.2816579934944	1.14913008971777
-0.221200715743042	0.0712222587266738
-1.7975657981284	0.379599665892429
-1.7975657981284	0.379599665892429
-0.215815148052618	0.0695090074287807
0.824206423319396	0.345940153507605
0.444073873433415	0.178068157695179
-2.57447078703937	0.657780381714024
3.26835783601252	1.12163011968705
0.154356688151962	0.059132000415533
1.54712867562025	1.33742653227867
0.0152962678595145	0.00772296477396009
1.11603678409496	0.854835100555233
-0.617491939447093	0.150288713008559
-0.620326325745573	0.150885642821786
0.956455214607419	0.253949648163622
1.77565820512185	0.988802118239655
-0.449207774429038	0.297492235154291
-0.625630686390319	0.152156798395567
0.904543323614089	0.488528122790343
1.57106042527095	0.778277136038596
-0.720199314130701	0.246072307343885
-0.729821384507876	0.249664211260654
0.898527009942049	0.484622189664784
0.904449274293557	0.488229135427814
0.367111902248978	0.185829330662902
-0.619895187822925	0.150839789138775
3.26732978575294	1.1211772426211
1.46265753359042	0.48460907431551
-0.333856458330646	0.0956917261764247
-1.5094475769206	0.535248673690833
0.827308506519789	0.347507145968411
-0.619895187822925	0.150839789138775
0.674015164989584	0.213380808783075
1.33232181501832	0.581040506436256
-0.761851123910773	0.330313512798555
2.35472473667329	1.17325911838892
2.75805496536761	0.766752929661107
1.57404767215904	0.780807377405224
0.156447071209317	0.052937950851718
0.160181680996089	0.0476913583633166
1.46498308680977	0.485505347800691
-0.717468884808632	0.245082515543052
0.147185309904108	0.0564336485542795
1.95879552552655	0.437985228139192
-0.620903335937371	0.151058535991718
-2.57447078703937	0.657780381714024
-1.01738053439372	0.401259074889294
1.95879552552655	0.437985228139192
1.04665020030324	0.395956904990197
0.695444761057672	0.325418256188526
-0.391383144839931	0.162807020962866
-0.481764285382191	0.252790265522432
0.675948496687313	0.213928974911644
1.96141436018454	0.438711417164155
2.75805496536761	0.766752929661107
-1.12548386699252	0.338727340170484
0.551346702664838	0.321044667916219
2.75805496536761	0.766752929661107
1.95879552552655	0.437985228139192
-1.79763019308962	0.379603777700996
1.46084540529166	0.91282274313099
0.153519510388545	0.0519633960584783
2.56175148535099	1.41796411150441
1.06471943149371	0.513491425838083
1.95793128711136	0.437766051086387
3.64405193165419	1.43312407887711
-1.79763019308962	0.379603777700996
1.95879552552655	0.437985228139192
0.157971563808893	0.0296806747786729
3.26938718630885	1.12163262119223
0.154259314455831	0.0291924198815566
2.7590679263751	0.76692961097815
1.95793128711136	0.437766051086387
-0.621333103088639	0.151104040920032
0.397957500852408	0.179831860627171
-0.977298409843424	0.482711119481519
-0.764869388431953	0.331763274066207
-0.215221304062718	0.0693199317381142
0.155003475763351	0.0593792158543485
-0.0524999145766508	0.022888116622185
0.677105074382106	0.214332831776124
1.25930309558788	0.877883513874623
1.57186884386259	0.778956117918399
0.52764029394331	0.188938300410242
-1.67026116297771	0.94206256092501
0.397589917162397	0.17962908279386
0.401740165398797	0.181802373833579
-0.337924641037297	0.0968088152153293
1.04488949167403	0.395085051250541
-0.215555256186155	0.0694440322847381
0.164122988767051	0.0488286730136595
0.153830475350601	0.0520893555087474
1.04096305100241	0.393348131713795
0.401654656745815	0.181752172791282
-0.34307485466429	0.0982470421897248
0.173940988172143	0.0437550114519682
0.448524252970948	0.179929065158735
0.174503749901052	0.0438676710334476
0.449630843335617	0.18036536102035
-0.0893300542784814	0.0355154444573409
-0.71869462645605	0.245625159522256
1.46265753359042	0.48460907431551
0.180709566490231	0.0452024551059557
0.677716162542668	0.214611870267994
-1.51336055363438	0.537061579976289
-0.718972834438042	0.245626954230634
3.26630303248094	1.12023058934939
-1.02477806380377	0.404828995968834
-0.723840071113924	0.247402192075027
0.153830475350601	0.0520893555087474
-0.973654493325781	0.480700453910481
-0.343432234206214	0.0982903961052269
2.75805496536761	0.766752929661107
-2.47045104596904	1.37346421048364
3.26835783601252	1.12163011968705
0.173940988172143	0.0437550114519682
-1.7975657981284	0.379599665892429
1.95879552552655	0.437985228139192
0.675591354383564	0.213968352567141
0.165632136684415	0.0805059276183791
0.176055479229498	0.0944155213627357
0.153146832293806	0.0665357736598119
0.950720958067184	0.252420162622268
3.26732978575294	1.1211772426211
2.7590679263751	0.76692961097815
2.7590679263751	0.76692961097815
1.95793128711136	0.437766051086387
3.26732978575294	1.1211772426211
-1.51336055363438	0.537061579976289
0.828430976330302	0.348196975987414
-0.517825107309169	0.195474359908123
-0.478364582789254	0.250448696614165
0.826500453888607	0.347127630775895
0.17294827606403	0.0435260072159332
0.333416571753777	0.203204703400116
0.555150866092204	0.323795628786433
0.519420601712467	0.331753716918698
-0.338896474896558	0.0970421752101679
1.62133460709824	1.13564857530526
2.12175361138722	0.947733160087778
1.82816209415628	0.714241631039221
-0.617055950695462	0.150241664375452
-0.220012614431353	0.0708340703939625
0.525974790890797	0.188312313683146
0.823888102049168	0.345906037374267
-0.227084591190055	0.0730386299617289
-0.347295985392695	0.0993628531922885
0.15467977779599	0.0592620304168656
0.675232747867266	0.213789953820415
3.64204563210395	1.43174087144813
0.527404119121822	0.188820766466342
-0.0927946661440408	0.0368619033883659
0.443548397616714	0.177839700183466
0.521165565314843	0.186414243832898
-0.517006318957255	0.195147442742932
0.171094196191277	0.0507164425340757
0.17294827606403	0.0435260072159332
-1.7975657981284	0.379599665892429
0.154259314455831	0.0291924198815566
1.04210966752671	0.393840140799123
0.162352652580513	0.0483303505238246
-0.326990775720875	0.231329209018993
0.963170813269595	0.656425556184065
-3.07750490916701	0.956880231933195
-1.79763019308962	0.379603777700996
-0.624623675797245	0.151937920429117
-1.48582494700747	0.74955405412154
-1.7975657981284	0.379599665892429
0.159904401778525	0.0776712314283314
1.95793128711136	0.437766051086387
-1.79763019308962	0.379603777700996
-0.621333103088639	0.151104040920032
-0.337318918589577	0.0966140796949229
-0.212950112008515	0.0686100611095293
0.604620215751811	0.316711817041359
0.534955479672592	0.191660301050033
1.96141436018454	0.438711417164155
-0.336952847519868	0.096512855057735
0.173940988172143	0.0437550114519682
3.27528390840561	1.12443907352294
0.159251072645633	0.0298673857617753
3.26732978575294	1.1211772426211
1.95793128711136	0.437766051086387
0.158989511121608	0.0298299152293259
-2.57472877667238	0.65760345889815
3.93198447308087	1.71970480916132
-1.27836213646767	0.574911135286079
-0.391794354863502	0.163187601027247
0.146862988464146	0.0563051454680589
0.693166920969631	0.324053171578751
-4.40531984194931	2.23375966733055
0.371664025203393	0.188749414742027
0.162352652580513	0.0483303505238246
-1.1665285323775	0.653939764443022
0.398871780903681	0.180267230014585
-0.977453511118562	0.482802915720109
-1.50982433145335	0.535480148233091
-0.517264023236703	0.195228260106643
-1.13282069800183	0.341231258763963
1.04577073722875	0.395582052714565
-1.50922180218546	0.535188573690381
-1.01915358936262	0.402069935250146
-0.155694879698833	0.0556284997981947
0.955017933589342	0.253480850166851
0.164738242561747	0.0490009495728858
-0.142223285419907	0.0509011547645968
0.674264818482823	0.213402910671394
1.27366474233798	0.700474146494329
0.441943033911723	0.177112743935041
3.9371926868257	1.72364294570268
0.955017933589342	0.253480850166851
0.163853552605343	0.0487595972376143
1.77618616603789	0.989230971916078
0.168354166613062	0.0424807140134561
0.956455214607419	0.253949648163622
-0.763477303143996	0.331085452220175
0.823642509432085	0.345787097083453
1.78546379556483	0.996996213867252
0.871285587035445	0.647628697665529
0.396306489651409	0.178953566977426
-0.620903335937371	0.151058535991718
-1.7975657981284	0.379599665892429
0.157971563808893	0.0296806747786729
2.56255837512531	1.41870343382469
1.32730125980366	0.578419193427769
-0.340107395831878	0.0973408882698726
-1.79763019308962	0.379603777700996
-1.79763019308962	0.379603777700996
0.823078351695812	0.34550391355806
1.57267628537105	0.779552578066682
-0.776987880551186	0.422202330382129
1.7790410882222	0.991135647181007
0.957461191854986	0.254126256439643
0.154259314455831	0.0291924198815566
2.76095211479574	0.768066673537379
-2.57447078703937	0.657780381714024
-2.57421277656498	0.657506382974291
-1.80127875869	0.380587746892248
0.16934280349587	0.0427080042196444
0.678074042401891	0.214702481365457
1.24818436394965	1.37952986332003
1.06956203261337	0.516936934630967
0.688648581913546	0.321900003165339
0.485166454905714	0.332774782357611
-0.530186878840791	0.333936365050608
-1.12769593434811	0.339436368028373
-0.21750140385887	0.0700056929839968
-0.63286084480196	0.373051097543548
1.1183803010296	0.856366231409082
-0.771691513742003	0.335443022402567
-0.783807011807378	0.516822531455645
-0.786942856210493	0.428765367487363
0.674624067917918	0.213658555919133
-1.12837428626612	0.339637586745731
-1.81262047956212	0.734554727038592
0.34792120358632	0.19508464863709
0.442746084081858	0.177485883285209
0.903819094253918	0.487673320002692
2.7590679263751	0.76692961097815
0.352230922801367	0.197831222488321
0.818179749289425	0.34304118495458
1.33930721321607	0.584533865666855
-0.484652094619214	0.254311639904431
-0.305662986710583	0.140445653088562
0.167164301060576	0.0496616909525181
1.9603236932673	1.22199994640037
-0.213293977179729	0.0687362131681472
-1.12825544522804	0.339732258677114
0.679655237519559	0.215244174521264
0.726991287612403	0.482409203501279
0.180935949199489	0.105112258848476
-1.1591852991788	0.647740506843392
-0.336952847519868	0.096512855057735
-1.7975657981284	0.379599665892429
0.165622192143609	0.0492275837346074
0.173378039987466	0.0436162262322836
1.57641681681789	0.782645066717777
-1.27264921265823	0.571489965817473
1.95879552552655	0.437985228139192
0.164738242561747	0.0490009495728858
0.150475505340959	0.0577005678908003
0.696019139058386	0.326181694218467
0.156341514215368	0.0678008790804427
0.675591354383564	0.213968352567141
-0.620903335937371	0.151058535991718
1.46265753359042	0.48460907431551
-0.342107054910445	0.0979510037894855
0.15823182603157	0.0297179405544109
2.76197196120423	0.768541369225187
1.95793128711136	0.437766051086387
-2.06918313852006	0.939212074196618
0.154643798015002	0.0523504544120162
-1.83145987436908	1.15188632879566
0.163853552605343	0.0487595972376143
-1.27320878623511	0.571826806588651
1.83009713438939	0.715173729277155
1.09579158574998	0.676632613772743
0.959865181244613	0.254814612498812
0.44877431656192	0.179961890266177
-0.144137039360479	0.0515503896111279
-0.48087757367477	0.25182351403956
-0.603173757256167	0.289179134141385
-0.342463785834028	0.0980578484034576
-0.347295985392695	0.0993628531922885
-1.50884424560785	0.535043767502043
2.56175148535099	1.41796411150441
0.157971563808893	0.0296806747786729
0.824451710034132	0.346189076295124
1.96141436018454	0.438711417164155
0.394870973019122	0.178443807229182
0.446786935248547	0.179292535994645
0.693166920969631	0.324053171578751
-0.620903335937371	0.151058535991718
0.531358567637365	0.190353154457246
0.673526469252074	0.213227712607827
0.163161259039589	0.0412993244326861
0.67498185747701	0.213690207850534
1.46067242606004	0.483688692701864
-1.13338534815793	0.341498686250824
1.04210966752671	0.393840140799123
0.17878627242418	0.10374800746138
-0.17760448348261	0.0949192244229529
0.817135036924723	0.342620664035288
1.95793128711136	0.437766051086387
-0.338530582329419	0.0969729638077002
-0.213543270792488	0.0687986075063655
0.957025852492456	0.254006696314478
1.95879552552655	0.437985228139192
0.527404119121822	0.188820766466342
1.78063734566247	0.992628395554554
0.904543323614089	0.488528122790343
3.93496659153827	1.72160273292352
-1.12769593434811	0.339436368028373
-3.07793266340176	0.957013587093989
1.96141436018454	0.438711417164155
0.959865181244613	0.254814612498812
0.159251072645633	0.0298673857617753
-1.12548386699252	0.338727340170484
0.16190498991222	0.0302625824147867
0.167164301060576	0.0496616909525181
-1.81738212013859	0.737229580571004
0.152362963176244	0.0583559062318995
0.18127730244519	0.0453161194650634
0.397589917162397	0.17962908279386
1.5724348757785	0.779685464655591
0.17294827606403	0.0435260072159332
0.173940988172143	0.0437550114519682
0.533034126671957	0.190984669183042
-1.02372062493212	0.404119656895659
-0.600553533923325	0.287542799273189
1.03878889357161	0.392361575468581
0.956455214607419	0.253949648163622
-3.08203891306948	0.959069086853276
0.176818183184722	0.0443715906559113
1.04726688944174	0.396088731238016
1.03703963555181	0.391624153547078
0.904756941010288	0.489375115500141
0.681797110069949	0.21588345629796
0.164738242561747	0.0490009495728858
1.57380699802241	0.780349499816827
-0.2161612848291	0.0695736762343304
0.159251072645633	0.0298673857617753
-1.7975657981284	0.379599665892429
-1.79763019308962	0.379603777700996
-1.50884424560785	0.535043767502043
-0.22660846787133	0.0729201203567204
0.155071704033499	0.0672485517972294
0.0449510048622977	0.0246515801689739
0.670430931165646	0.212216518896251
0.955450516302873	0.253599562429476
0.510177192359612	0.324789030915412
-0.21725219958623	0.0699489287533772
-1.79763019308962	0.379603777700996
0.15823182603157	0.0297179405544109
-1.8089357158134	0.732560649928647
-0.605291505126369	0.290343566368734
-0.050824279924077	0.0221773946297894
0.16028813170075	0.0778874375332133
0.158989511121608	0.0298299152293259
0.16934280349587	0.0427080042196444
1.95793128711136	0.437766051086387
1.46398903776532	0.484992681122713
0.15823182603157	0.0297179405544109
2.75805496536761	0.766752929661107
2.75805496536761	0.766752929661107
-1.12881513859764	0.339906487322227
-0.338530582329419	0.0969729638077002
0.956021254579335	0.253830462538477
1.96141436018454	0.438711417164155
1.95793128711136	0.437766051086387
-3.75348509589231	1.47731393970503
1.95879552552655	0.437985228139192
0.15823182603157	0.0297179405544109
0.674624067917918	0.213658555919133
0.674624067917918	0.213658555919133
-1.08345580412803	0.738384926963011
1.90750095214893	1.64941459467662
0.168739726587881	0.0820852039273271
-0.6413253476407	0.379452910579006
-1.15974169668245	0.649045170282323
0.804245196986256	0.485566835188333
-0.392854536307924	0.163367953559609
-0.0857048995942733	0.0341099433571469
-0.719585944508868	0.245867637672296
4.86746363453608	3.20955910899778
0.90253964723024	0.48685733274739
-0.619895187822925	0.150839789138775
-1.5094475769206	0.535248673690833
0.825822744600111	0.346704236374962
0.677716162542668	0.214611870267994
2.75805496536761	0.766752929661107
1.06659631817428	0.51499569547802
1.32981847919987	0.579849240847793
-1.82681721039719	1.14759304017936
2.11931178949686	0.946188348024025
0.534955479672592	0.191660301050033
1.83572003024131	0.717758246473073
0.174503749901052	0.0438676710334476
0.157971563808893	0.0296806747786729
1.45849632487227	0.482828278090187
1.27737308094797	0.703647749732919
-0.143328772936503	0.0512579162321514
0.554558666625341	0.323510746717692
0.395939772420985	0.178699092476983
1.95793128711136	0.437766051086387
1.95793128711136	0.437766051086387
1.27904868424098	0.70524444012805
-1.02194301820446	0.403479228390162
0.960305402281055	0.254935680101795
-1.7975657981284	0.379599665892429
-0.0901572984024879	0.0358301194091173
0.365870121984464	0.185294959089236
0.874574667792948	0.650408990094978
0.152118577105085	0.0659071854702309
3.27129205644114	1.12317050813274
0.959294652844364	0.254663957360155
0.956455214607419	0.253949648163622
-0.625191995446008	0.152059991852936
0.15823182603157	0.0297179405544109
0.159251072645633	0.0298673857617753
1.33148644921435	0.580580180008122
0.532196819047093	0.190683131950839
0.800097850699203	0.482217785284407
0.157819787360587	0.0533909827533473
1.0455067302297	0.395217247583679
0.159251072645633	0.0298673857617753
3.27129205644114	1.12317050813274
0.158989511121608	0.0298299152293259
-1.79763019308962	0.379603777700996
-1.7975657981284	0.379599665892429
-2.57472877667238	0.65760345889815
1.95793128711136	0.437766051086387
0.15823182603157	0.0297179405544109
-0.724996456084797	0.247901521017459
0.954564259091026	0.253482299647149
-0.3866214302842	0.160747108599411
1.27446985125031	0.701263588293606
-0.155171503238085	0.055445001541133
-0.976144621233558	0.48188110802023
0.15720106235998	0.0682873543298083
1.46124888452658	0.913343086893615
-0.309713825767811	0.142475060617199
-2.46792310986484	1.36992299268718
0.164122988767051	0.0488286730136595
-0.376500781850909	0.257924532466492
-0.0943190238643748	0.0374192018035695
0.394500849991929	0.178242097072821
0.156194652005494	0.0528469788655222
1.46209127003869	0.484377128190959
0.168774858509076	0.0425819447497206
1.33916167979563	0.584947246381148
-1.12669343566207	0.339109154533815
-1.48891310157781	0.751756786472401
0.152764340567892	0.0517217106607349
-2.06188876692631	0.934347484997078
1.46498308680977	0.485505347800691
3.26835783601252	1.12163011968705
-0.620903335937371	0.151058535991718
-2.07036415878263	0.940048810523718
-0.339136742629042	0.0971078731889835
0.675591354383564	0.213968352567141
0.60829747922634	0.318671451079805
0.907041268970919	0.490496978709264
-1.51433726696095	0.537497293520418
-3.07793266340176	0.957013587093989
-0.617055950695462	0.150241664375452
0.437755663218828	0.17538997535263
-1.27126584317639	0.570402539019269
1.95793128711136	0.437766051086387
0.159251072645633	0.0298673857617753
1.95793128711136	0.437766051086387
1.04603323538674	0.395528149844171
0.955450516302873	0.253599562429476
0.402109168896324	0.181999818671949
-1.80127875869	0.380587746892248
0.951724523631597	0.252769110062367
3.64813638806334	1.43480372807629
0.15823182603157	0.0297179405544109
1.95793128711136	0.437766051086387
1.95879552552655	0.437985228139192
1.96141436018454	0.438711417164155
-0.62133920787282	0.151240698635141
1.83474856422576	0.717102751489695
-0.944063306457227	0.578952270550785
1.57641681681789	0.782645066717777
0.159304296973707	0.0474668185471716
2.35867500117237	1.17688948319321
0.164145173866849	0.0415246332756727
-0.620473624670499	0.150917804175241
1.95793128711136	0.437766051086387
0.15823182603157	0.0297179405544109
-1.7975657981284	0.379599665892429
1.46209127003869	0.484377128190959
-0.617055950695462	0.150241664375452
0.159251072645633	0.0298673857617753
0.173940988172143	0.0437550114519682
0.157971563808893	0.0296806747786729
0.157971563808893	0.0296806747786729
0.146375004827764	0.0561236835186149
-1.02646555146412	0.405564715628588
0.452044435979438	0.181489264363155
-1.16781498514129	0.654925626710788
0.177247192199527	0.0444492499698682
0.805051816600514	0.486130217876118
0.173940988172143	0.0437550114519682
-1.81827955350507	0.737738285564138
-0.673390704801873	0.471726821213773
-0.393420370607224	0.163835415649594
0.36792524804629	0.186254372360462
-0.146282635967707	0.0522900631456069
0.531358567637365	0.190353154457246
-2.57847696185857	0.659529736545688
-0.341495388738576	0.0977618699341296
0.166549099291362	0.0494747307612768
0.693166920969631	0.324053171578751
0.525737293615157	0.188118349247929
1.95793128711136	0.437766051086387
0.153519510388545	0.0519633960584783
-0.146566175815136	0.0523693021892352
-0.337924641037297	0.0968088152153293
0.177812920485068	0.0445891130396879
0.168774858509076	0.0425819447497206
-0.619895187822925	0.150839789138775
-1.7975657981284	0.379599665892429
-0.621333103088639	0.151104040920032
1.46067242606004	0.483688692701864
0.169276668042905	0.0502222390274525
-0.0901572984024879	0.0358301194091173
-0.140367872285649	0.0502560951722468
0.159304296973707	0.0474668185471716
1.95879552552655	0.437985228139192
2.7590679263751	0.76692961097815
-0.766297763348821	0.33275350855907
1.95879552552655	0.437985228139192
0.960305402281055	0.254935680101795
1.95879552552655	0.437985228139192
0.158989511121608	0.0298299152293259
0.158989511121608	0.0298299152293259
1.04603323538674	0.395528149844171
1.56938897618735	0.777626939794854
-1.7975657981284	0.379599665892429
1.95793128711136	0.437766051086387
0.957461191854986	0.254126256439643
-2.06530788404037	0.936496100496138
-0.9491624613071	0.583175688560343
1.2613650892379	0.879806803061287
1.00740537359562	0.828354028330308
-0.317539187580532	0.189460657725195
1.46109938210879	0.484014060767982
0.957025852492456	0.254006696314478
1.95879552552655	0.437985228139192
1.95793128711136	0.437766051086387
-1.79763019308962	0.379603777700996
1.46109938210879	0.484014060767982
-2.57447078703937	0.657780381714024
0.15823182603157	0.0297179405544109
0.159251072645633	0.0298673857617753
1.95879552552655	0.437985228139192
-1.12548386699252	0.338727340170484
1.03791471976137	0.392024637204806
-0.140367872285649	0.0502560951722468
0.393676200392675	0.177812483559907
0.151838749509871	0.0658972688706809
-0.776883930404721	0.422487075368953
-1.80127875869	0.380587746892248
-0.214973425440132	0.0692286309045475
1.45885602287952	0.910242967654727
-0.513523602017257	0.19363774647324
-0.0927443556500395	0.0368165109374917
-0.232777653165679	0.116306135742438
0.90831632813809	0.491403314731268
-0.620326325745573	0.150885642821786
-1.51042707521765	0.53568486067596
0.532438411561851	0.190754397880712
1.3374657462467	0.583961413896269
0.444874852039873	0.178402850014281
1.82912964257087	0.714770179842855
0.448801914188458	0.180022361022821
0.956021254579335	0.253830462538477
1.09871758137104	0.679146307061834
0.675232747867266	0.213789953820415
0.151787472514646	0.0514129164609266
2.12003407699892	0.946082017174371
0.955017933589342	0.253480850166851
1.83536533888649	0.717440027680737
0.675591354383564	0.213968352567141
1.03878889357161	0.392361575468581
-1.12837428626612	0.339637586745731
0.528471599490047	0.189192775823016
-0.3395018260887	0.0972061822975938
0.688966460506095	0.321991489061558
0.172385921068679	0.0433875285709768
-3.08616775699942	0.960575893787374
1.95793128711136	0.437766051086387
-1.80127875869	0.380587746892248
1.46455689811314	0.485225385720349
0.160572950023944	0.0779073642282791
0.153267904345544	0.0519012670754554
-0.616620021012413	0.150099962492625
0.157971563808893	0.0296806747786729
2.7590679263751	0.76692961097815
0.15823182603157	0.0297179405544109
0.159251072645633	0.0298673857617753
0.959294652844364	0.254663957360155
0.155282002123357	0.02934225636165
0.526211669677007	0.188366258201689
0.823078351695812	0.34550391355806
0.451240643407656	0.181143919700285
0.154659612540197	0.0670509969315273
1.37588340447036	1.27734919239738
0.158202431453599	0.0297753629586498
0.159251072645633	0.0298673857617753
0.158989511121608	0.0298299152293259
0.158989511121608	0.0298299152293259
0.15823182603157	0.0297179405544109
-2.57447078703937	0.657780381714024
1.95879552552655	0.437985228139192
1.95879552552655	0.437985228139192
-1.79763019308962	0.379603777700996
2.75805496536761	0.766752929661107
0.159251072645633	0.0298673857617753
-0.61946410648704	0.150698865008898
1.83356266561645	0.716725323466989
0.531358567637365	0.190353154457246
0.151838749509871	0.0658972688706809
1.25294285138016	0.872018286503192
0.155003475763351	0.0593792158543485
1.06686894193237	0.514959325608844
2.7590679263751	0.76692961097815
1.33518413353589	0.582379895843061
0.157819787360587	0.0533909827533473
1.25588825929001	0.873849977278239
-0.771455721138399	0.335142375900149
0.690747659774184	0.323057454960142
-1.0225353038078	0.403750407139113
3.64508196443781	1.43367348655271
1.95793128711136	0.437766051086387
-0.338896474896558	0.0970421752101679
-0.155171503238085	0.055445001541133
-1.51433726696095	0.537497293520418
0.675591354383564	0.213968352567141
0.959865181244613	0.254814612498812
-1.50922180218546	0.535188573690381
0.159251072645633	0.0298673857617753
0.151383672100152	0.0579893158462332
1.06983533628829	0.517183639033184
1.46846293168858	0.486570444742071
0.679655237519559	0.215244174521264
0.675232747867266	0.213789953820415
2.76095211479574	0.768066673537379
-0.0856301989322452	0.0340921753773156
-0.1446627598823	0.051733083076893
-0.373582680025669	0.255514259614247
0.956021254579335	0.253830462538477
1.95879552552655	0.437985228139192
1.95879552552655	0.437985228139192
-0.513824129140511	0.193894300368019
0.529085877935862	0.189451159381061
-1.79763019308962	0.379603777700996
0.157971563808893	0.0296806747786729
2.75805496536761	0.766752929661107
1.95879552552655	0.437985228139192
1.96141436018454	0.438711417164155
2.76197196120423	0.768541369225187
-0.620473624670499	0.150917804175241
-3.45228414088993	1.22181665198441
-0.977847249321332	0.483702312796229
0.693224115693549	0.324622999234869
0.858559106662611	0.785268183391618
0.152200918016515	0.0515403734692646
0.330129949343779	0.216053520494366
-0.393420605926519	0.222347828477551
0.158361881586878	0.0471344431935267
3.27232628525746	1.12331698634376
2.75805496536761	0.766752929661107
1.95793128711136	0.437766051086387
-0.621333103088639	0.151104040920032
-3.08203891306948	0.959069086853276
1.95793128711136	0.437766051086387
-0.616620021012413	0.150099962492625
2.76197196120423	0.768541369225187
-1.79763019308962	0.379603777700996
0.956455214607419	0.253949648163622
-0.339136742629042	0.0971078731889835
0.897536611766058	0.484138855459128
-0.638802011847191	0.377696449069451
-0.482611751952907	0.252795576270856
0.155456144160003	0.0526000219263186
-1.01763788622382	0.401236730212097
-0.338896474896558	0.0970421752101679
0.696311716242858	0.326002755913493
2.74863308475518	1.68165697093236
0.451240643407656	0.181143919700285
-0.765918596168096	0.332344936277861
-0.620473624670499	0.150917804175241
0.156341514215368	0.0678008790804427
1.95879552552655	0.437985228139192
0.434080512863127	0.173743989910453
1.46455689811314	0.485225385720349
0.1677792397568	0.0498341730879395
-1.12881513859764	0.339906487322227
-1.02730920175823	0.406112820022134
-0.0918946798549043	0.0364881699984277
1.05119275410622	0.397557176557101
1.33379911060278	0.58188121621645
0.531358567637365	0.190353154457246
0.679655237519559	0.215244174521264
1.03642094901871	0.391350967824649
0.162954029252909	0.0484564307378685
0.954564259091026	0.253482299647149
1.46597699067366	0.485748477491111
1.95879552552655	0.437985228139192
1.82719449155949	0.713494970764503
0.795393158426374	0.479252377715893
1.83259355517544	0.716473450995655
2.75805496536761	0.766752929661107
1.95879552552655	0.437985228139192
0.957025852492456	0.254006696314478
1.46265753359042	0.48460907431551
-0.625191995446008	0.152059991852936
0.159251072645633	0.0298673857617753
-1.7975657981284	0.379599665892429
2.75805496536761	0.766752929661107
1.95793128711136	0.437766051086387
1.95879552552655	0.437985228139192
1.95793128711136	0.437766051086387
1.96141436018454	0.438711417164155
2.76095211479574	0.768066673537379
0.674143348272808	0.213431626689393
-0.336952847519868	0.096512855057735
0.154643641570761	0.0750804928920234
-0.674743445918834	0.532437939330641
-0.171978249150101	0.0917399292331742
-0.770068697774849	0.334529507186587
-0.0180848774952763	0.00849908279246793
-0.660229703651851	0.460272176219695
-0.253630131212828	0.157702484944153
-0.379165610093798	0.260139296845685
0.801645074983191	0.636899501437327
-2.57472877667238	0.65760345889815
1.95793128711136	0.437766051086387
-2.57447078703937	0.657780381714024
0.16934280349587	0.0427080042196444
-0.626100288806693	0.1523229776774
1.95793128711136	0.437766051086387
0.157971563808893	0.0296806747786729
0.158989511121608	0.0298299152293259
0.173940988172143	0.0437550114519682
2.7590679263751	0.76692961097815
1.95793128711136	0.437766051086387
0.16190498991222	0.0302625824147867
-1.80127875869	0.380587746892248
-0.619895187822925	0.150839789138775
-0.0500167753447528	0.0218436954314373
0.348996554640578	0.195497782919931
0.370011540788224	0.187565655897233
-0.389993139869954	0.220085289570759
0.33209771716554	0.202071869048132
-0.215221304062718	0.0693199317381142
1.96618645133891	1.22898315939808
-0.475821640009545	0.248864856690582
-0.216063671871124	0.0695794401283131
0.558631332867029	0.326480497310376
0.154392805413983	0.0522705690038812
0.675232747867266	0.213789953820415
-1.12769593434811	0.339436368028373
0.158989511121608	0.0298299152293259
0.151768107443001	0.0581883604843956
1.06706691977393	0.515744915136545
-1.13395018438652	0.341592389781504
1.54523246553813	1.33432369301927
1.0671250794186	0.51532777476737
-0.215469787669442	0.0693747409894077
0.447441545561864	0.179414714836187
0.82469687251252	0.346268968053852
-1.08392875178734	0.740037170751232
0.799239165973169	0.481510866891985
1.3329197605053	0.581616348611346
1.46109938210879	0.484014060767982
2.11780862301852	0.945248734413775
1.26176980005988	0.880625668793156
1.95793128711136	0.437766051086387
3.26732978575294	1.1211772426211
1.25674096210117	0.874969757712143
-1.02528166510659	0.404871817618433
0.959865181244613	0.254814612498812
1.95793128711136	0.437766051086387
1.95793128711136	0.437766051086387
0.157971563808893	0.0296806747786729
2.75805496536761	0.766752929661107
1.46067242606004	0.483688692701864
-2.57472877667238	0.65760345889815
1.95793128711136	0.437766051086387
1.95879552552655	0.437985228139192
1.95793128711136	0.437766051086387
0.174503749901052	0.0438676710334476
1.95793128711136	0.437766051086387
3.93818909907967	1.72414013073745
-1.12825544522804	0.339732258677114
-3.45340104404634	1.22171831505731
2.034809942194	1.93331812969174
0.359962806053116	0.182198102175833
0.660848743688759	0.471912697067181
-0.176027919540305	0.0939969928219363
-0.490830750477081	0.258148301587611
0.800957214667379	0.482887994629326
-1.71221745073168	1.43675393195781
0.552361254509748	0.321260425602494
0.151688143489016	0.0657162822547144
-0.330132381247513	0.0946218617454948
1.95793128711136	0.437766051086387
3.26835783601252	1.12163011968705
1.95879552552655	0.437985228139192
1.95793128711136	0.437766051086387
3.26938718630885	1.12163262119223
1.95793128711136	0.437766051086387
0.158989511121608	0.0298299152293259
-2.57821111666453	0.659475059970799
3.26835783601252	1.12163011968705
1.82948417010899	0.714838990299682
-0.215567228616167	0.0694084736962232
-2.27704462948298	1.14584565989562
0.907405238842073	0.490765880723695
-0.0445513066973799	0.0195349956034914
-0.0939468953498199	0.037282483387852
0.161441603969475	0.0783531922642774
-0.518947990401155	0.195906357411418
1.09705130925205	0.67773259632734
0.145075339462949	0.0556197804903406
0.697435449537931	0.326741539527995
-0.097933945147825	0.0388472358046986
0.159251072645633	0.0298673857617753
1.82719449155949	0.713494970764503
0.158989511121608	0.0298299152293259
0.170331293505475	0.0429093144237285
1.26051476612728	0.880175209276963
-3.75718934185265	1.48017499214909
1.57879132580641	0.783749996843909
-0.144419938894036	0.0516441997824019
0.535550464072287	0.191953357336806
2.11608899731542	0.944050734800592
0.442746084081858	0.177485883285209
0.903851354130688	0.488584559526533
0.159042375477486	0.0473891494040675
-2.57472877667238	0.65760345889815
1.46209127003869	0.484377128190959
2.75805496536761	0.766752929661107
1.46498308680977	0.485505347800691
1.04422575936648	0.394740889448914
-0.568665259662866	0.41314988324505
0.827378067011008	0.347541772420381
3.27025913837768	1.12233669524588
0.159251072645633	0.0298673857617753
-1.79763019308962	0.379603777700996
-2.57447078703937	0.657780381714024
-1.7975657981284	0.379599665892429
1.95879552552655	0.437985228139192
1.95879552552655	0.437985228139192
1.95879552552655	0.437985228139192
3.27025913837768	1.12233669524588
2.75805496536761	0.766752929661107
0.174503749901052	0.0438676710334476
-1.81291187157146	0.734751884578751
-1.12725353624624	0.339405023147411
0.965371645021923	0.658761613557122
0.926098950194449	0.807687657528299
-0.305667536286251	0.140433710955756
-0.138165939756664	0.0494965764872884
0.155484938800684	0.0674355455433166
-0.981485656673732	0.48569248408097
0.354144609178881	0.19912182905043
-1.21158211519275	0.912451451788848
-0.717804035722151	0.245206559878684
0.525974790890797	0.188312313683146
-2.57447078703937	0.657780381714024
1.46067242606004	0.483688692701864
2.7590679263751	0.76692961097815
0.955017933589342	0.253480850166851
0.159251072645633	0.0298673857617753
0.15823182603157	0.0297179405544109
1.95793128711136	0.437766051086387
-2.57447078703937	0.657780381714024
-1.79763019308962	0.379603777700996
0.15823182603157	0.0297179405544109
0.535550464072287	0.191953357336806
2.90433008366302	1.95687123998847
0.696459142866492	0.326053092249681
-0.147093652274001	0.0525528129665041
0.151383672100152	0.0579893158462332
0.151061641523147	0.0578640062767647
-0.334465167213362	0.0958562903993202
0.445985854243847	0.178925932999787
1.96817242813189	1.23131428750786
0.372195511957502	0.188795319775611
1.78116696180328	0.992630655099654
2.76197196120423	0.768541369225187
-0.518386429636852	0.195700313035901
0.400092907540121	0.180878360638069
1.33543856501865	0.58285380410182
-0.337318918589577	0.0966140796949229
0.39804758134111	0.179836760867837
0.529922778294509	0.18974393081766
3.64611189084925	1.43374127140597
0.823078351695812	0.34550391355806
0.163853552605343	0.0487595972376143
0.676200627845659	0.214099921395796
0.17294827606403	0.0435260072159332
-1.81413444396294	0.735290551794613
-0.617491939447093	0.150288713008559
0.675948496687313	0.213928974911644
1.4613936654743	0.484011457273747
0.158989511121608	0.0298299152293259
0.17294827606403	0.0435260072159332
0.823078351695812	0.34550391355806
3.26835783601252	1.12163011968705
0.959865181244613	0.254814612498812
2.76489171529978	0.769665555456845
1.95793128711136	0.437766051086387
1.95793128711136	0.437766051086387
-0.620903335937371	0.151058535991718
0.159251072645633	0.0298673857617753
1.95793128711136	0.437766051086387
1.46455689811314	0.485225385720349
2.75704467106166	0.766025498669684
0.157971563808893	0.0296806747786729
-1.12725353624624	0.339405023147411
0.823078351695812	0.34550391355806
-0.783807011807378	0.516822531455645
-0.765682827261857	0.332157438971102
0.69887408268336	0.612575027325197
0.611239910265206	0.320641063066744
0.669879719816729	0.480061399161852
-0.641707236183969	0.379686904732383
0.811532220305586	0.647992916890599
-0.135633242702241	0.0763678591728158
0.55173232288982	0.321276228955057
1.95879552552655	0.437985228139192
-0.337924641037297	0.0968088152153293
-0.516445778893015	0.194901695063007
0.673048421642057	0.212994504688281
-0.619895187822925	0.150839789138775
0.158989511121608	0.0298299152293259
0.157971563808893	0.0296806747786729
0.955017933589342	0.253480850166851
-0.517567096912483	0.195373080592303
0.332992557469969	0.202722739600955
-0.771691513742003	0.335443022402567
-0.487995635422178	0.256406591457071
-0.395089929817484	0.164583031256368
0.801387328049827	0.637447908258575
0.403017689363334	0.182433699553409
1.08434484859236	0.667595207827006
0.160350982565653	0.0778815926038125
0.830800143340358	0.349277485913624
-0.231518387466866	0.11566093929134
1.95793128711136	0.437766051086387
-1.02109432881299	0.402930914701451
-0.393017455051046	0.163508285723509
0.172508509966082	0.0924152780085984
-0.394603992483738	0.16435119506951
0.825822744600111	0.346704236374962
0.152200918016515	0.0515403734692646
0.151061641523147	0.0578640062767647
-0.719307886400812	0.245829792820617
0.14892576642437	0.0504694466811999
-1.51851441465735	0.539192370342509
1.46067242606004	0.483688692701864
0.454401194927908	0.329208625019537
-0.235622709836236	0.117761714544928
-1.79763019308962	0.379603777700996
1.96141436018454	0.438711417164155
1.96141436018454	0.438711417164155
-1.12492122665638	0.338668219085241
1.95793128711136	0.437766051086387
-1.79763019308962	0.379603777700996
1.95879552552655	0.437985228139192
1.95879552552655	0.437985228139192
1.95879552552655	0.437985228139192
1.95793128711136	0.437766051086387
0.173378039987466	0.0436162262322836
-0.390733019125242	0.162500608420395
-1.63587272212914	1.67822005201684
0.372599593959008	0.189051726369805
-0.16821751115378	0.0896536105287438
-1.20967573671231	0.909515485114843
-0.281051774754639	0.20348704915019
-0.475051431482705	0.248452952711088
-0.0520399610031417	0.0226910527114355
0.903776804036074	0.927336584098895
1.46109938210879	0.484014060767982
3.64611189084925	1.43374127140597
2.75805496536761	0.766752929661107
0.159251072645633	0.0298673857617753
0.957025852492456	0.254006696314478
-1.13408947394801	0.341691539062081
2.7590679263751	0.76692961097815
0.174503749901052	0.0438676710334476
-0.337559379634888	0.0966770330278957
-1.48634888119028	0.74990156261755
0.49196780112581	0.338735092568574
-0.523592418494679	0.197882573952315
0.831620070236954	0.349690062054934
1.62997317136777	1.14689324295438
-0.600175597498292	0.287329082308254
1.83126911611682	0.715624907230154
1.54749771934188	1.33777224568336
1.27496288218597	0.701642667176307
2.76197196120423	0.768541369225187
-3.07750490916701	0.956880231933195
-1.507638227659	0.53431243522829
2.56207501900128	1.41909156448851
0.531358567637365	0.190353154457246
2.74299308358641	1.67500466204464
0.155167108781228	0.0594478482028144
0.162352652580513	0.0483303505238246
0.163853552605343	0.0487595972376143
1.46067242606004	0.483688692701864
-2.57447078703937	0.657780381714024
1.27855875158651	0.704866524537988
0.674624067917918	0.213658555919133
0.956455214607419	0.253949648163622
0.826580547261878	0.347286314613357
-0.721997705010856	0.24672678000295
-1.12881513859764	0.339906487322227
2.76197196120423	0.768541369225187
0.157971563808893	0.0296806747786729
0.956455214607419	0.253949648163622
0.157971563808893	0.0296806747786729
0.157971563808893	0.0296806747786729
1.95793128711136	0.437766051086387
0.957461191854986	0.254126256439643
2.76095211479574	0.768066673537379
1.95879552552655	0.437985228139192
1.95793128711136	0.437766051086387
0.158202431453599	0.0297753629586498
-1.7975657981284	0.379599665892429
0.157971563808893	0.0296806747786729
1.95793128711136	0.437766051086387
1.2558150332514	0.875030196028424
1.04752875622395	0.396218430849903
4.86826333413579	3.21097862866419
0.182679479219973	0.10631849914183
0.167559622100697	0.0897720189143442
-0.521265495830054	0.327216706349135
0.394416458094087	0.178205856523997
-0.141175092974388	0.0505326225047206
1.06659631817428	0.51499569547802
0.965371645021923	0.658761613557122
1.63037437100978	1.14696192115546
0.872523153402976	0.648906135199257
0.348478779233078	0.195153318584021
-0.617491939447093	0.150288713008559
0.141756628671398	0.0544269185960945
3.64101793434512	1.43134239135362
-0.397772997793488	0.165887368876099
-0.221443869104186	0.0712956025102242
1.06765362139235	0.515450204982361
-0.53692174746906	0.203260638082124
0.17294827606403	0.0435260072159332
0.391938820589606	0.176913961981435
0.0568705443925892	0.0333894501659789
0.151873414100974	0.0581755081573951
1.77518059245165	1.39158593487921
-0.217250602812229	0.0699944779749174
0.152764340567892	0.0517217106607349
0.156929680383718	0.0467922138042666
-0.766733199789823	0.33273995230155
1.08596340460837	0.668095085472918
1.09708090509467	0.67850834508166
0.152346609586538	0.0515961830574703
4.38485735302447	2.27617106410229
0.700234135741851	0.32827596633836
-0.0967750343232897	0.038422579517762
1.25975279751104	0.878408108559565
2.75805496536761	0.766752929661107
0.176253051776925	0.0442319878724308
0.164145173866849	0.0415246332756727
1.82912964257087	0.714770179842855
0.157971563808893	0.0296806747786729
0.451487521828411	0.181235009163182
1.77983958461778	0.991921136034635
0.822832332666427	0.345345001072504
0.694638367563192	0.324989217155504
1.58044007528964	0.785210824870142
0.531004542224133	0.190160354232034
0.162171049505848	0.0303007576998756
0.356606547986663	0.200491681537825
1.46109938210879	0.484014060767982
0.174933567082256	0.0439573605408891
0.532196819047093	0.190683131950839
0.956455214607419	0.253949648163622
0.16190498991222	0.0302625824147867
0.15823182603157	0.0297179405544109
0.955017933589342	0.253480850166851
0.157971563808893	0.0296806747786729
-0.620903335937371	0.151058535991718
0.669467631715225	0.211908752948447
1.95793128711136	0.437766051086387
1.95879552552655	0.437985228139192
0.159251072645633	0.0298673857617753
0.956021254579335	0.253830462538477
2.76095211479574	0.768066673537379
1.82755032422624	0.713907775987463
1.95879552552655	0.437985228139192
-0.624183598429151	0.151840837481169
1.06706691977393	0.515744915136545
0.824451710034132	0.346189076295124
-0.381162029271537	0.214623572601629
0.696739395676612	0.325939984787852
-0.945742908267119	0.580297100500899
1.62465300197987	1.14016814804183
0.372531361505189	0.189237613154269
0.669117736352227	0.211726956826849
0.166279076961167	0.0494077549790747
1.95793128711136	0.437766051086387
0.951724523631597	0.252769110062367
-2.57447078703937	0.657780381714024
1.95879552552655	0.437985228139192
-2.57821111666453	0.659475059970799
2.7590679263751	0.76692961097815
0.532196819047093	0.190683131950839
-0.717468884808632	0.245082515543052
0.528236092469745	0.189119596677675
0.157693909085001	0.0684674757677155
0.680267294542255	0.215376555237081
0.818985271608812	0.343479725639711
0.956455214607419	0.253949648163622
-0.766968651898497	0.33281296786619
-0.223827679595379	0.111542095979433
0.815739598451919	0.341828347490377
-1.81291187157146	0.734751884578751
0.671045597340039	0.212419421287662
0.352178143069526	0.19762715358963
0.829797245012508	0.348649771258724
-1.80127875869	0.380587746892248
0.531600808944957	0.190452833446827
-0.0936973003438628	0.0372243353271805
-0.342107054910445	0.0979510037894855
0.820890428662123	0.344134447089534
-0.719921406038465	0.24597629720829
0.157971563808893	0.0296806747786729
0.678685727410979	0.214982042405379
1.82948417010899	0.714838990299682
2.36180968699894	1.17953323514936
1.95793128711136	0.437766051086387
2.7590679263751	0.76692961097815
1.95793128711136	0.437766051086387
2.11842867036876	0.945672460079198
0.676200627845659	0.214099921395796
0.150567043919069	0.0653372419032198
3.6399901361893	1.43067029650081
0.955450516302873	0.253599562429476
0.159251072645633	0.0298673857617753
2.75805496536761	0.766752929661107
0.957025852492456	0.254006696314478
1.95879552552655	0.437985228139192
1.95793128711136	0.437766051086387
1.96141436018454	0.438711417164155
2.75805496536761	0.766752929661107
3.26732978575294	1.1211772426211
1.95793128711136	0.437766051086387
0.345998354688972	0.193790602684345
0.3994670917132	0.180807568430596
0.396306489651409	0.178953566977426
-0.980818677805339	0.485155955888674
0.678685727410979	0.214982042405379
0.164738242561747	0.0490009495728858
0.69334050166972	0.324281436252243
0.958464201007259	0.652560809352729
0.527404119121822	0.188820766466342
0.668095761573922	0.478955571015607
0.15163725378301	0.0513522427960234
1.82851727583204	0.714435845516616
-0.219770163804213	0.0707569013941891
2.11842867036876	0.945672460079198
-1.08142758365897	0.736168358571772
0.402194953690068	0.182009168056006
0.336881685382027	0.205543464821437
0.696947392942228	0.326440852008827
1.95793128711136	0.437766051086387
-0.600175597498292	0.287329082308254
0.956455214607419	0.253949648163622
0.176818183184722	0.0443715906559113
0.951724523631597	0.252769110062367
0.15823182603157	0.0297179405544109
0.956455214607419	0.253949648163622
0.675232747867266	0.213789953820415
1.83009713438939	0.715173729277155
1.83223894779093	0.716336716062103
0.652582536634591	0.59185393838591
0.16323818852145	0.0485873708307168
-0.334465167213362	0.0958562903993202
0.530762262945688	0.190122868111177
1.95793128711136	0.437766051086387
2.76095211479574	0.768066673537379
1.04881966420667	0.396662545686339
1.95879552552655	0.437985228139192
2.76095211479574	0.768066673537379
3.26835783601252	1.12163011968705
1.09290135268039	0.674064720285064
0.675232747867266	0.213789953820415
-0.338530582329419	0.0969729638077002
0.957461191854986	0.254126256439643
0.173378039987466	0.0436162262322836
2.12390963208352	1.48046598647602
-0.336346534706249	0.0963182114993482
0.958855818540361	0.254543321351908
0.954564259091026	0.253482299647149
-1.02220030668553	0.403399409057447
0.159251072645633	0.0298673857617753
3.64101793434512	1.43134239135362
0.158989511121608	0.0298299152293259
-1.79763019308962	0.379603777700996
2.75704467106166	0.766025498669684
2.75805496536761	0.766752929661107
1.95879552552655	0.437985228139192
2.11666020323791	0.94414839802186
0.967007420275098	0.660420096153589
0.403783130105455	0.182748388344599
1.03944777876976	0.986916093431386
-0.0541770532963962	0.0235925178452564
0.692532404089303	0.323793911411476
-1.83761922221087	1.15851157712458
1.28623302027481	0.710475789931177
1.83009713438939	0.715173729277155
-0.342107054910445	0.0979510037894855
0.159251072645633	0.0298673857617753
1.82755032422624	0.713907775987463
0.446509788849754	0.179154127101327
0.619938663269701	0.326370561347155
0.368367107355622	0.186847173098051
-0.643412780595941	0.380739819328886
0.367566948531754	0.186092297794216
0.144752839138962	0.0554813310742322
0.367442087045085	0.186273353696411
0.174503749901052	0.0438676710334476
1.78742359323788	0.99819212790008
-1.27208987432739	0.571097274965283
-0.146282635967707	0.0522900631456069
0.53471313464826	0.191636123836102
0.674624067917918	0.213658555919133
-0.771691513742003	0.335443022402567
-0.143853906865524	0.0514402627084585
-1.79763019308962	0.379603777700996
1.0671250794186	0.51532777476737
0.678685727410979	0.214982042405379
-0.334465167213362	0.0958562903993202
3.9371926868257	1.72364294570268
1.46945961132821	0.486963363732961
3.64405193165419	1.43312407887711
2.12087192734391	0.947138368475404
0.678685727410979	0.214982042405379
0.681797110069949	0.21588345629796
0.824451710034132	0.346189076295124
0.536145192793524	0.192183675780863
1.04638771946291	0.395714063580135
2.75704467106166	0.766025498669684
0.831359618950221	0.349427886553877
0.912441899785217	0.49435214093532
0.157971563808893	0.0296806747786729
0.155282002123357	0.02934225636165
0.15823182603157	0.0297179405544109
0.674015164989584	0.213380808783075
1.83162438273742	0.716000775412828
0.158426007238141	0.0472279903538101
0.956021254579335	0.253830462538477
-3.45284250285449	1.22194559695964
1.95879552552655	0.437985228139192
0.176818183184722	0.0443715906559113
-2.57447078703937	0.657780381714024
-2.57421277656498	0.657506382974291
-1.7975657981284	0.379599665892429
0.951724523631597	0.252769110062367
1.96141436018454	0.438711417164155
-1.7975657981284	0.379599665892429
0.167786821496111	0.0423548811213711
1.96141436018454	0.438711417164155
0.355873784312345	0.200009076936353
-0.0203808369943147	0.00954445029773997
1.01142615302766	0.834520855486136
0.531358567637365	0.190353154457246
1.95793128711136	0.437766051086387
1.95879552552655	0.437985228139192
0.956455214607419	0.253949648163622
0.679042954927262	0.214964314584285
-2.07036415878263	0.940048810523718
0.33632523486527	0.20511332111759
1.40665259012446	1.09683955573447
-0.221200715743042	0.0712222587266738
0.669117736352227	0.211726956826849
-0.522217673493657	0.197342207603961
0.676200627845659	0.214099921395796
0.162310948519812	0.0787943641186337
0.828185454384309	0.347969212421182
0.158163268458023	0.0471349639719474
1.82591904147454	0.712754914462155
0.449328663372175	0.180265911475519
0.152453062620175	0.0516328700929256
0.3994670917132	0.180807568430596
1.4613036597653	0.912813747064695
2.75805496536761	0.766752929661107
2.36435710504025	1.18101199315333
1.33208469099746	0.58115584608196
0.166549099291362	0.0494747307612768
3.93818909907967	1.72414013073745
1.46209127003869	0.484377128190959
0.158989511121608	0.0298299152293259
1.83223894779093	0.716336716062103
0.159251072645633	0.0298673857617753
0.955017933589342	0.253480850166851
1.95793128711136	0.437766051086387
0.445708556431364	0.178747574863749
1.46790575759707	0.919643522618799
1.7822791940456	0.994155868981732
0.955017933589342	0.253480850166851
0.952729371406254	0.252945498225285
-1.79763019308962	0.379603777700996
-1.7975657981284	0.379599665892429
-2.57421277656498	0.657506382974291
1.95793128711136	0.437766051086387
1.95879552552655	0.437985228139192
2.7590679263751	0.76692961097815
1.95879552552655	0.437985228139192
1.95879552552655	0.437985228139192
0.162968126753743	0.0485024678975847
1.95793128711136	0.437766051086387
-1.7975657981284	0.379599665892429
2.75805496536761	0.766752929661107
0.929165809618177	0.811987379985023
1.06082006950251	0.511513721489083
0.955450516302873	0.253599562429476
0.955450516302873	0.253599562429476
3.27025913837768	1.12233669524588
0.159251072645633	0.0298673857617753
0.528236092469745	0.189119596677675
-0.0943190238643748	0.0374192018035695
0.137490768047995	0.0527940558562296
-1.98131530341266	1.38131674048368
0.335342203093871	0.204371373388336
-1.02279263404674	0.40371590748429
0.163853552605343	0.0487595972376143
-0.766733199789823	0.33273995230155
1.45875294788908	0.910744953937425
1.78175030165094	0.993260985318806
0.673656731319726	0.21327169490293
0.959865181244613	0.254814612498812
-0.142747701481568	0.0510783991590262
1.46308301616168	0.484563679444736
1.46166504880046	0.484245680586438
0.164738242561747	0.0490009495728858
1.0433448222306	0.394400438672122
-0.620903335937371	0.151058535991718
1.95793128711136	0.437766051086387
0.956455214607419	0.253949648163622
1.82719449155949	0.713494970764503
-1.02671683891162	0.40581238098729
2.76197196120423	0.768541369225187
1.33975737931465	0.585056863780139
-1.7975657981284	0.379599665892429
-3.08203891306948	0.959069086853276
0.159266337352053	0.0610083420113727
0.450961924488652	0.181018370719246
0.956455214607419	0.253949648163622
1.96141436018454	0.438711417164155
1.46398903776532	0.484992681122713
0.177812920485068	0.0445891130396879
0.161736914950373	0.0481441679802126
1.95793128711136	0.437766051086387
0.155282002123357	0.02934225636165
-1.79763019308962	0.379603777700996
0.174933567082256	0.0439573605408891
1.95793128711136	0.437766051086387
0.15823182603157	0.0297179405544109
-1.7975657981284	0.379599665892429
-0.628944872553404	0.15292393261527
1.96141436018454	0.438711417164155
-1.7975657981284	0.379599665892429
-1.7975657981284	0.379599665892429
0.955017933589342	0.253480850166851
0.158989511121608	0.0298299152293259
0.507859579173406	0.322907473700096
2.12351425900057	0.948388101966043
0.37087354035561	0.188076558730028
0.969849653955781	0.664000433474337
1.62760987339339	1.14450279169392
0.153868695124602	0.0589460710470917
-0.212700860727539	0.0685566980358174
0.352178143069526	0.19762715358963
2.12237275162321	0.948156957082224
-0.229941372887017	0.114713272157339
-0.398021917591555	0.165793558859363
1.46166504880046	0.484245680586438
2.11754480680452	0.94503257477152
-0.715646834778114	0.244453295526364
-0.982791496244324	0.486260383658313
0.173940988172143	0.0437550114519682
0.956021254579335	0.253830462538477
-0.61946410648704	0.150698865008898
2.75805496536761	0.766752929661107
2.35891051657504	1.17683670292217
-1.02730920175823	0.406112820022134
-0.617055950695462	0.150241664375452
-0.620473624670499	0.150917804175241
0.956455214607419	0.253949648163622
-0.216657809109618	0.0697687117469907
0.158426007238141	0.0472279903538101
0.825444392705623	0.34659656094829
0.44827494848094	0.179735791574497
2.11692464856437	0.944608977413808
0.955017933589342	0.253480850166851
0.531954615713782	0.190517989079214
1.27737308094797	0.703647749732919
0.158426007238141	0.0472279903538101
1.95793128711136	0.437766051086387
1.82851727583204	0.714435845516616
1.46109938210879	0.484014060767982
1.04158071586996	0.393480759170511
1.95879552552655	0.437985228139192
0.678685727410979	0.214982042405379
-2.57447078703937	0.657780381714024
-0.339136742629042	0.0971078731889835
-0.215469787669442	0.0693747409894077
0.675232747867266	0.213789953820415
-1.7975657981284	0.379599665892429
0.957461191854986	0.254126256439643
0.165622192143609	0.0492275837346074
-0.721067114947851	0.246487833064577
1.04603323538674	0.395528149844171
1.95879552552655	0.437985228139192
0.162171049505848	0.0303007576998756
0.157971563808893	0.0296806747786729
0.957025852492456	0.254006696314478
-2.57447078703937	0.657780381714024
-2.57447078703937	0.657780381714024
-1.79763019308962	0.379603777700996
-0.215815148052618	0.0695090074287807
1.95879552552655	0.437985228139192
-1.7975657981284	0.379599665892429
2.76095211479574	0.768066673537379
1.95879552552655	0.437985228139192
3.26732978575294	1.1211772426211
0.154736460371301	0.0593217728704332
0.531600808944957	0.190452833446827
-0.21750140385887	0.0700056929839968
0.456611652973235	0.183436103994244
0.157546606671046	0.0469737944802553
0.673656731319726	0.21327169490293
0.62372610338151	0.475635506900824
0.404976352526514	0.183415498443423
0.674264818482823	0.213402910671394
1.46398903776532	0.484992681122713
0.956455214607419	0.253949648163622
3.26835783601252	1.12163011968705
0.679297187320958	0.21511425797511
-0.621333103088639	0.151104040920032
0.157971563808893	0.0296806747786729
0.15823182603157	0.0297179405544109
0.159251072645633	0.0298673857617753
0.15823182603157	0.0297179405544109
0.158989511121608	0.0298299152293259
0.393676200392675	0.177812483559907
-0.060091108757975	0.0261138815917446
0.172406686776563	0.092436875419049
1.04387123564615	0.394420385845529
2.75704467106166	0.766025498669684
1.04665020030324	0.395956904990197
0.178378460373537	0.04470234426639
-1.27383344507062	0.572359048200157
1.33603551913475	0.58343053611899
1.83259355517544	0.716473450995655
0.154844489281663	0.0593120313486407
1.04577073722875	0.395582052714565
-1.12825544522804	0.339732258677114
-0.719307886400812	0.245829792820617
2.35723904585872	1.17582872753309
0.152618535895238	0.0662517021492752
1.06845345068197	0.515945462407473
3.27025913837768	1.12233669524588
1.82948417010899	0.714838990299682
-0.620326325745573	0.150885642821786
0.674015164989584	0.213380808783075
1.07090850459027	0.517633754232434
0.154081774580399	0.0521624398881256
-2.57447078703937	0.657780381714024
1.10116705493214	0.681294230751441
0.955450516302873	0.253599562429476
0.957461191854986	0.254126256439643
3.27232628525746	1.12331698634376
0.692532404089303	0.323793911411476
-1.02849467792112	0.40651458449095
0.145673463624784	0.0632070261698103
0.451765865281851	0.181387363507285
0.69235801591731	0.323592754044128
0.670430931165646	0.212216518896251
0.455008490908681	0.182763030530963
0.956021254579335	0.253830462538477
0.151350026308301	0.0512415084792654
0.522509110710307	0.452777278514638
-0.100657341192128	0.0589873218233406
0.158687948318654	0.0472850694532285
1.04158071586996	0.393480759170511
1.46265753359042	0.48460907431551
0.155282002123357	0.02934225636165
-1.7975657981284	0.379599665892429
1.46308301616168	0.484563679444736
2.7590679263751	0.76692961097815
1.95793128711136	0.437766051086387
-1.7975657981284	0.379599665892429
0.15823182603157	0.0297179405544109
0.956021254579335	0.253830462538477
-1.79763019308962	0.379603777700996
-0.720199314130701	0.246072307343885
1.77867576493148	0.991659149413508
-0.0491861562790663	0.0214937707530699
0.0796266270066467	0.0541034325531372
0.675232747867266	0.213789953820415
1.46209127003869	0.484377128190959
0.678685727410979	0.214982042405379
0.173940988172143	0.0437550114519682
0.452569065982633	0.181732592483672
0.159251072645633	0.0298673857617753
0.159251072645633	0.0298673857617753
-0.216657809109618	0.0697687117469907
-1.01797130384778	0.401574087179109
-1.02874670321027	0.406592521454169
-1.27327782159034	0.571985539200347
1.58127511163447	0.785745335574497
-0.620903335937371	0.151058535991718
0.160747275176117	0.0543190407499541
-0.338896474896558	0.0970421752101679
0.678685727410979	0.214982042405379
0.15357905718361	0.0520023014569825
0.15357905718361	0.0520023014569825
-0.514641699367006	0.194166196064157
0.147185309904108	0.0564336485542795
0.162352652580513	0.0483303505238246
-2.57447078703937	0.657780381714024
3.27025913837768	1.12233669524588
-2.57821111666453	0.659475059970799
1.95879552552655	0.437985228139192
-0.720199314130701	0.246072307343885
1.576793970057	0.782691782326947
-1.71500288476049	1.44038912085441
-0.719307886400812	0.245829792820617
-3.07750490916701	0.956880231933195
0.531600808944957	0.190452833446827
0.821702674554677	0.344654791656887
0.823888102049168	0.345906037374267
0.695215892078373	0.325685543065246
0.696140528705959	0.32596537413612
0.159042375477486	0.0473891494040675
1.83162438273742	0.716000775412828
0.171707889808857	0.050888867940594
1.28392804206414	0.709138384662028
2.12175361138722	0.947733160087778
1.83320872066104	0.716809839835328
1.95879552552655	0.437985228139192
0.164145173866849	0.0415246332756727
0.955450516302873	0.253599562429476
1.96141436018454	0.438711417164155
0.956021254579335	0.253830462538477
3.6399901361893	1.43067029650081
1.96141436018454	0.438711417164155
1.95879552552655	0.437985228139192
-0.624183598429151	0.151840837481169
0.152453062620175	0.0516328700929256
0.523666188422087	0.454123580156718
1.96141436018454	0.438711417164155
3.64710400400511	1.43385490736823
-0.302760004844324	0.139037242426464
0.16190498991222	0.0302625824147867
1.95879552552655	0.437985228139192
0.171707889808857	0.050888867940594
0.353802601048063	0.198655675880867
0.699855145978513	0.328249600005967
-0.149915159045215	0.0535975402652961
0.152764340567892	0.0517217106607349
1.04577073722875	0.395582052714565
0.529922778294509	0.18974393081766
0.152764340567892	0.0517217106607349
-2.57472877667238	0.65760345889815
0.173940988172143	0.0437550114519682
0.959294652844364	0.254663957360155
2.12570455528211	0.949702563350638
0.454729256271577	0.182576142881134
1.57183864477896	0.779521632894244
-0.720199314130701	0.246072307343885
0.010599549565101	0.00542910721955403
0.369292840928581	0.187053401092808
-0.29783262579232	0.136562429851112
-1.50861948725752	0.534748868530857
-0.142223285419907	0.0509011547645968
1.25705778531971	1.06766398955002
0.30721031469012	0.222921590064897
0.457133345580886	0.183651617104388
1.03703963555181	0.391624153547078
0.173940988172143	0.0437550114519682
0.159251072645633	0.0298673857617753
2.76197196120423	0.768541369225187
1.95793128711136	0.437766051086387
3.26835783601252	1.12163011968705
0.159251072645633	0.0298673857617753
0.799252787657516	0.634919972741648
0.670081697347895	0.212111377241056
2.41216379911195	2.06591335609973
0.824451710034132	0.346189076295124
1.95793128711136	0.437766051086387
0.152346609586538	0.0515961830574703
0.830240426965074	0.348995445837094
1.03554466552427	0.390840340446361
0.696502272331577	0.32645172621025
0.154642861292626	0.067062802898247
1.95793128711136	0.437766051086387
1.06659631817428	0.51499569547802
2.75704467106166	0.766025498669684
0.956455214607419	0.253949648163622
0.676558588301015	0.214207370803977
1.33520072787008	0.582923907307515
0.174933567082256	0.0439573605408891
-0.0906915845434669	0.0360360857323489
-0.621333103088639	0.151104040920032
0.960305402281055	0.254935680101795
-0.620473624670499	0.150917804175241
-0.337924641037297	0.0968088152153293
-0.212700860727539	0.0685566980358174
-1.02075919593971	0.402758433461041
0.822832332666427	0.345345001072504
1.06685305821338	0.514909855606969
-1.27978240891892	0.575496226977634
0.158939250958038	0.0537404825361755
0.827624029735347	0.347817645508971
0.449328663372175	0.180265911475519
0.158048146112759	0.0686538823150081
1.24259490618273	1.37107009272481
0.456310737889142	0.331140568087002
-0.0160584578003286	0.00755739602808534
0.679297187320958	0.21511425797511
0.683640318298225	0.319212877762994
1.83126911611682	0.715624907230154
1.82816209415628	0.714241631039221
1.95793128711136	0.437766051086387
1.2455058313282	1.22213216802019
1.14079411059134	1.1703943213976
1.45750864016971	0.482642955020513
0.171439356572218	0.0508022088393954
0.675591354383564	0.213968352567141
0.167983520876404	0.0817822653861622
0.155767123355785	0.0527007872498129
-1.81766723004699	0.737367259253776
0.15823182603157	0.0297179405544109
-3.08247559880565	0.958940682858076
1.03966215201556	0.392598386128765
2.75704467106166	0.766025498669684
0.830800143340358	0.349277485913624
0.17351044503084	0.0436385160120603
0.959865181244613	0.254814612498812
0.165353233252732	0.0491580922731075
-0.337559379634888	0.0966770330278957
-0.333247970373579	0.0954969729659714
-0.724381910046542	0.247676943012395
-1.81078809873904	0.73326164335473
0.162171049505848	0.0303007576998756
-1.12881513859764	0.339906487322227
1.58071394663067	0.785014506440419
0.159920372276999	0.0476279199969756
0.674264818482823	0.213402910671394
-0.518644858635781	0.195729988241304
1.27155951070337	0.699527674546306
1.06187527101659	0.512160546251493
0.174933567082256	0.0439573605408891
0.681797110069949	0.21588345629796
-0.519038139240771	0.196086617266171
0.152200918016515	0.0515403734692646
0.691548593166348	0.323105133474034
0.182160800413467	0.125056960039089
0.800544592770301	0.759750191362839
1.24655751986069	1.05548250613786
1.46790575759707	0.919643522618799
0.693024016107701	0.32404196317488
-0.219444368724465	0.14205019182985
0.354691719282404	0.199217777595719
2.75805496536761	0.766752929661107
0.680267294542255	0.215376555237081
1.04246313957759	0.393996072509476
1.95793128711136	0.437766051086387
0.453895346031807	0.182255758735635
-0.125506781568067	0.0704357566475849
0.152764340567892	0.0517217106607349
0.440521910055726	0.17650846914802
-0.516445778893015	0.194901695063007
-1.02312783931858	0.403977027889059
-0.215221304062718	0.0693199317381142
1.4655515469736	0.485738470948645
1.042990826383	0.394180541091972
0.156755601931667	0.0530279383533015
1.46789226342383	0.486336319771629
0.955017933589342	0.253480850166851
1.46846293168858	0.486570444742071
1.96141436018454	0.438711417164155
0.15823182603157	0.0297179405544109
0.151383672100152	0.0579893158462332
-1.7975657981284	0.379599665892429
-1.7975657981284	0.379599665892429
0.159251072645633	0.0298673857617753
0.69273852140159	0.324352167091966
0.678685727410979	0.214982042405379
0.159251072645633	0.0298673857617753
0.159251072645633	0.0298673857617753
0.952729371406254	0.252945498225285
0.531358567637365	0.190353154457246
-0.718417185790278	0.245411018109158
1.46109938210879	0.484014060767982
1.77486324533629	0.988098448591427
0.152453062620175	0.0516328700929256
0.957025852492456	0.254006696314478
3.93297854230234	1.72057752612902
0.675232747867266	0.213789953820415
0.152252132014843	0.0583571952144353
0.802048191858426	0.638315894861051
0.69284935645393	0.323980193410431
0.521053217250499	0.332963090648138
-1.83626402774514	1.15767928648571
1.32647053157539	0.57789155337535
-0.605473142038928	0.290709046607198
2.55632096824907	1.41333163825488
2.12756296498802	1.48673585630167
0.531842440037686	0.190461843261247
0.166686577101073	0.0724205091562366
0.147884122253428	0.0566733942926339
0.53158177076108	0.190397794536914
-0.216657809109618	0.0697687117469907
1.11361412104599	0.851930331441471
0.319504182439193	0.221350710307404
-0.766297763348821	0.33275350855907
1.96141436018454	0.438711417164155
0.956021254579335	0.253830462538477
2.76197196120423	0.768541369225187
-1.13755914818091	0.342794698074757
-1.79763019308962	0.379603777700996
1.46209127003869	0.484377128190959
3.26938718630885	1.12163262119223
0.168774858509076	0.0425819447497206
-1.7975657981284	0.379599665892429
0.157971563808893	0.0296806747786729
0.157971563808893	0.0296806747786729
1.95879552552655	0.437985228139192
0.678074042401891	0.214702481365457
0.694955137035722	0.325170996930225
2.36097404633539	1.17890696118846
2.35723904585872	1.17582872753309
3.6512090534019	1.4352976791398
-1.50922180218546	0.535188573690381
-1.27264921265823	0.571489965817473
-0.983431094351275	0.486651413625805
0.51924384720473	0.331567204222011
1.95879552552655	0.437985228139192
-0.624183598429151	0.151840837481169
1.04603323538674	0.395528149844171
0.396674079345216	0.179153047470352
-0.0500508799083141	0.0218568447353884
-2.10655336938985	1.612754184938
0.396915452026465	0.179527619920334
2.12175361138722	0.947733160087778
0.16323818852145	0.0485873708307168
-1.50982433145335	0.535480148233091
0.151787472514646	0.0514129164609266
0.533629585575437	0.191149248838921
0.162968126753743	0.0485024678975847
0.15823182603157	0.0297179405544109
-0.215815148052618	0.0695090074287807
0.150571240221929	0.0576776917123369
-0.518947990401155	0.195906357411418
1.57100453370132	0.778846529150965
1.33124526814043	0.580684485642859
1.95879552552655	0.437985228139192
0.158989511121608	0.0298299152293259
-3.45714001185249	1.22455064732533
-3.08203891306948	0.959069086853276
1.04577073722875	0.395582052714565
0.957025852492456	0.254006696314478
1.95793128711136	0.437766051086387
-1.79763019308962	0.379603777700996
-1.7975657981284	0.379599665892429
1.95879552552655	0.437985228139192
0.957461191854986	0.254126256439643
1.32730125980366	0.578419193427769
1.04246313957759	0.393996072509476
-1.7975657981284	0.379599665892429
0.168774858509076	0.0425819447497206
0.159251072645633	0.0298673857617753
0.956455214607419	0.253949648163622
0.178378460373537	0.04470234426639
0.531600808944957	0.190452833446827
0.309421329409035	0.224784032579271
0.173378039987466	0.0436162262322836
-3.08247559880565	0.958940682858076
0.15209770843841	0.0514906185860695
0.67230877766891	0.482524766596618
0.822513949918738	0.345096883744715
-0.0971039501128838	0.0385233851685582
1.46109938210879	0.484014060767982
-0.718081625995024	0.245384533690959
1.57127591556824	0.779138678761135
-3.45228414088993	1.22181665198441
0.165007048838445	0.0490553112296366
-0.600553533923325	0.287542799273189
0.162129341852107	0.0703856105401379
1.96141436018454	0.438711417164155
1.78742359323788	0.99819212790008
0.149734842703587	0.0507352562067422
1.46188951026262	0.914700219376764
0.154213873214451	0.0668719322751229
0.16323818852145	0.0485873708307168
-0.621333103088639	0.151104040920032
1.95793128711136	0.437766051086387
1.96141436018454	0.438711417164155
0.158989511121608	0.0298299152293259
0.15823182603157	0.0297179405544109
1.95793128711136	0.437766051086387
1.95793128711136	0.437766051086387
3.26835783601252	1.12163011968705
0.177812920485068	0.0445891130396879
1.95793128711136	0.437766051086387
-0.619895187822925	0.150839789138775
1.95793128711136	0.437766051086387
0.446913247781489	0.179197436924564
0.727878728227662	0.483100915259625
0.487869479912674	0.335406374894638
-0.337318918589577	0.0966140796949229
-0.257829782575817	0.160579233004383
-2.28054036426075	1.14841429828622
0.932326658264154	0.815288286578045
1.04272737841263	0.394268038065867
2.12669799104407	1.4851746379848
0.177812920485068	0.0445891130396879
0.17294827606403	0.0435260072159332
1.83223894779093	0.716336716062103
0.955573890382782	0.253753322308027
0.395695877646277	0.178843013676337
0.674624067917918	0.213658555919133
0.521009231751902	0.332963027760742
0.720649924118656	0.476518368954662
-1.46062648397919	1.01553471449208
0.152195589623538	0.0582951480180515
-0.620473624670499	0.150917804175241
-0.625630686390319	0.152156798395567
0.674624067917918	0.213658555919133
-1.7975657981284	0.379599665892429
1.95879552552655	0.437985228139192
1.95793128711136	0.437766051086387
0.157971563808893	0.0296806747786729
0.158989511121608	0.0298299152293259
1.95879552552655	0.437985228139192
1.95879552552655	0.437985228139192
0.157971563808893	0.0296806747786729
0.955450516302873	0.253599562429476
1.95879552552655	0.437985228139192
1.95879552552655	0.437985228139192
0.174503749901052	0.0438676710334476
0.176818183184722	0.0443715906559113
0.372599593959008	0.189051726369805
0.557876793216278	0.325494043184646
3.9371926868257	1.72364294570268
0.157971563808893	0.0296806747786729
0.172223255009213	0.0433240097489323
1.45849632487227	0.482828278090187
0.807227304256322	0.643414252920087
-0.323570160490179	0.22850003573689
0.79634968574377	0.47895182784066
1.04210966752671	0.393840140799123
0.959865181244613	0.254814612498812
-1.79763019308962	0.379603777700996
0.448139282739181	0.17987733027357
0.159251072645633	0.0298673857617753
0.162171049505848	0.0303007576998756
1.45911084151071	0.910757595124804
-0.300316137970939	0.137725260945749
0.533034126671957	0.190984669183042
0.159582740769344	0.0775104321014788
0.157971563808893	0.0296806747786729
1.33124867503934	0.580623928642544
0.173940988172143	0.0437550114519682
-2.57447078703937	0.657780381714024
1.95793128711136	0.437766051086387
1.46209127003869	0.484377128190959
2.75805496536761	0.766752929661107
1.95879552552655	0.437985228139192
1.95793128711136	0.437766051086387
0.952729371406254	0.252945498225285
1.95879552552655	0.437985228139192
1.4655515469736	0.485738470948645
-1.79763019308962	0.379603777700996
2.7590679263751	0.76692961097815
0.167164301060576	0.0496616909525181
0.168047617405793	0.0498928161895134
-0.129266029922105	0.072669038092726
3.26835783601252	1.12163011968705
1.95793128711136	0.437766051086387
0.337221425014316	0.205764231804644
1.06321464476731	0.512987296746834
1.62548336717079	1.14110614416138
1.06606733749636	0.514463403746672
1.33603551913475	0.58343053611899
0.908225259870637	0.491355951414611
0.822727009722159	0.345370832820937
1.95879552552655	0.437985228139192
0.172385921068679	0.0433875285709768
2.75805496536761	0.766752929661107
0.154259314455831	0.0291924198815566
0.16323818852145	0.0485873708307168
-0.977453511118562	0.482802915720109
0.664564462187956	0.606566781967309
-1.15782336015243	0.64654979621236
-2.57447078703937	0.657780381714024
-1.12781381973937	0.339579374120096
-1.80127875869	0.380587746892248
-2.57421277656498	0.657506382974291
1.95879552552655	0.437985228139192
2.75805496536761	0.766752929661107
-3.07793266340176	0.957013587093989
-0.61946410648704	0.150698865008898
0.173940988172143	0.0437550114519682
1.95879552552655	0.437985228139192
0.157971563808893	0.0296806747786729
-1.79763019308962	0.379603777700996
0.155282002123357	0.02934225636165
0.955450516302873	0.253599562429476
3.27232628525746	1.12331698634376
1.95793128711136	0.437766051086387
0.673177180799231	0.213063750844139
-1.02279263404674	0.40371590748429
1.11080673026037	0.849127327290864
1.95879552552655	0.437985228139192
1.09337511332897	0.675328076417679
0.962438196745746	0.656382711453348
0.531358567637365	0.190353154457246
0.679297187320958	0.21511425797511
0.158989511121608	0.0298299152293259
1.46109938210879	0.484014060767982
1.83417843227406	0.717062027537897
3.26835783601252	1.12163011968705
0.446913247781489	0.179197436924564
0.157007711765635	0.053125881526133
0.147672628136561	0.0566149649661127
-0.0537923077683174	0.0234302174678287
-1.50824112923963	0.534752090600511
1.95879552552655	0.437985228139192
0.959294652844364	0.254663957360155
-2.57472877667238	0.65760345889815
0.159251072645633	0.0298673857617753
1.95879552552655	0.437985228139192
1.45941385003452	0.483259882361236
0.163853552605343	0.0487595972376143
-0.210674512949727	0.0678922136943536
0.446913247781489	0.179197436924564
-0.0970260863016381	0.0384986477357376
1.89136770001526	2.09925029558408
1.06685305821338	0.514909855606969
0.44610665972447	0.178783663256665
1.33148644921435	0.580580180008122
0.841508163959669	0.885352551622296
0.159733696909757	0.0694099223779847
-1.17101252396418	0.657625885781235
0.153738391983287	0.0520386273806585
1.06632392555289	0.514786948757726
-0.520331173418958	0.196330968682744
0.367973393575476	0.186330221449589
1.32753298884589	0.578543003685696
1.96141436018454	0.438711417164155
0.956455214607419	0.253949648163622
1.95793128711136	0.437766051086387
2.7590679263751	0.76692961097815
0.15823182603157	0.0297179405544109
2.7590679263751	0.76692961097815
0.957461191854986	0.254126256439643
1.95793128711136	0.437766051086387
1.95793128711136	0.437766051086387
1.96141436018454	0.438711417164155
0.159251072645633	0.0298673857617753
1.95793128711136	0.437766051086387
0.164122988767051	0.0488286730136595
1.0433448222306	0.394400438672122
0.167414032927754	0.0815510198433181
0.823888102049168	0.345906037374267
1.4655515469736	0.485738470948645
-1.02705786938286	0.40580993889249
0.483966608064043	0.331761341536962
-0.0134704191169053	0.00639618613481452
0.332992557469969	0.202722739600955
1.11712301706361	0.85481234477313
0.452044435979438	0.181489264363155
1.07439776107311	0.519974414552366
1.2563149571661	1.06715824312795
2.12705145065849	1.4847445881469
0.397368290556638	0.179765383634484
1.06214611876241	0.512522872891445
-0.977364241307212	0.483389097350559
-1.12435877083653	0.338493350823416
2.11780862301852	0.945248734413775
0.798473322657718	0.480544147891266
1.96509842695965	1.22944765367894
0.614533496600156	0.322974839232563
-0.715368637354031	0.244333825945774
-0.338896474896558	0.0970421752101679
2.7590679263751	0.76692961097815
0.176253051776925	0.0442319878724308
-1.7975657981284	0.379599665892429
0.168774858509076	0.0425819447497206
0.15823182603157	0.0297179405544109
0.15823182603157	0.0297179405544109
1.95793128711136	0.437766051086387
0.159251072645633	0.0298673857617753
0.154259314455831	0.0291924198815566
0.15823182603157	0.0297179405544109
0.959294652844364	0.254663957360155
0.957461191854986	0.254126256439643
1.95793128711136	0.437766051086387
-0.628944872553404	0.15292393261527
0.176818183184722	0.0443715906559113
0.673048421642057	0.212994504688281
3.93297854230234	1.72057752612902
0.15823182603157	0.0297179405544109
0.174933567082256	0.0439573605408891
0.912077478050991	0.49385896673979
0.350075136074451	0.196495420122897
-0.128497406342812	0.0722297569462966
-0.341203158093602	0.299713958105166
1.0949370726827	0.675549073968292
0.39901565702822	0.180594799666875
0.450436111391181	0.180774850838104
0.958077318280124	0.652141090174068
0.151873414100974	0.0581755081573951
0.15823182603157	0.0297179405544109
1.95879552552655	0.437985228139192
0.956455214607419	0.253949648163622
1.33710585560825	0.583558054446079
-0.126788335993364	0.0711996314460121
-0.0971039501128838	0.0385233851685582
0.373352967107064	0.189397035349668
0.16190498991222	0.0302625824147867
2.76095211479574	0.768066673537379
-1.12781381973937	0.339579374120096
-3.08160228540496	0.95864568534502
0.15823182603157	0.0297179405544109
1.95879552552655	0.437985228139192
-2.57472877667238	0.65760345889815
0.957461191854986	0.254126256439643
-1.80127875869	0.380587746892248
1.95879552552655	0.437985228139192
2.12178342540533	0.946859947516635
1.95879552552655	0.437985228139192
1.95879552552655	0.437985228139192
1.95879552552655	0.437985228139192
-0.338896474896558	0.0970421752101679
1.04638771946291	0.395714063580135
0.673048421642057	0.212994504688281
3.27424476347588	1.12391188707828
0.957461191854986	0.254126256439643
0.154392805413983	0.0522705690038812
0.338464244069583	0.20643365459669
0.0102599234965344	0.00526274791075573
4.1724813655199	1.99757429752919
0.675591354383564	0.213968352567141
-0.21750140385887	0.0700056929839968
0.158989511121608	0.0298299152293259
0.163853552605343	0.0487595972376143
0.669117736352227	0.211726956826849
1.95879552552655	0.437985228139192
0.823642509432085	0.345787097083453
1.04210966752671	0.393840140799123
-0.0500508799083141	0.0218568447353884
1.11536124599357	0.853062177585544
0.15823182603157	0.0297179405544109
-0.620326325745573	0.150885642821786
0.15823182603157	0.0297179405544109
1.95879552552655	0.437985228139192
1.95879552552655	0.437985228139192
0.158989511121608	0.0298299152293259
0.532196819047093	0.190683131950839
1.46265753359042	0.48460907431551
0.157971563808893	0.0296806747786729
0.958855818540361	0.254543321351908
0.15823182603157	0.0297179405544109
1.95879552552655	0.437985228139192
2.7590679263751	0.76692961097815
1.95793128711136	0.437766051086387
0.903360301595452	0.487548493801835
0.173940988172143	0.0437550114519682
1.0361636458939	0.391113445211294
0.161929154643963	0.078731946001689
0.401654656745815	0.181752172791282
0.176253051776925	0.0442319878724308
0.673656731319726	0.21327169490293
0.956455214607419	0.253949648163622
2.7590679263751	0.76692961097815
0.677716162542668	0.214611870267994
1.04488949167403	0.395085051250541
1.95793128711136	0.437766051086387
0.153016180557848	0.051821004050093
-1.28249202459035	0.577344948417071
0.694638367563192	0.324989217155504
1.24554805656225	1.05342207209232
1.95793128711136	0.437766051086387
3.93297854230234	1.72057752612902
0.154259314455831	0.0291924198815566
1.95793128711136	0.437766051086387
-1.13755914818091	0.342794698074757
0.955450516302873	0.253599562429476
1.95879552552655	0.437985228139192
2.11931178949686	0.946188348024025
0.957461191854986	0.254126256439643
2.75704467106166	0.766025498669684
0.956021254579335	0.253830462538477
0.154259314455831	0.0291924198815566
1.96001694479125	1.22193834748095
1.04908296441077	0.396700954123175
-0.144137039360479	0.0515503896111279
0.824206423319396	0.345940153507605
1.25504081234617	0.875089864022637
1.03175637000927	0.977120313254665
0.158989511121608	0.0298299152293259
-0.786944323976869	0.42901329804606
1.78143436801617	0.993257986817123
0.536739666042799	0.192347830350542
2.75805496536761	0.766752929661107
-0.624183598429151	0.151840837481169
0.173378039987466	0.0436162262322836
-2.57472877667238	0.65760345889815
-1.79763019308962	0.379603777700996
-2.57421277656498	0.657506382974291
1.46109938210879	0.484014060767982
2.75704467106166	0.766025498669684
-1.7975657981284	0.379599665892429
1.95879552552655	0.437985228139192
1.95793128711136	0.437766051086387
-0.517006318957255	0.195147442742932
0.159251072645633	0.0298673857617753
0.158989511121608	0.0298299152293259
0.361609489470361	0.182981684800439
1.83162438273742	0.716000775412828
0.157971563808893	0.0296806747786729
0.150230303708664	0.0508875792308933
1.32670292523954	0.578086333025382
-0.526846796973763	0.199235164286091
-0.0921717131959448	0.0539055726135877
-0.0471157811981792	0.0206189230455384
2.7590679263751	0.76692961097815
1.95793128711136	0.437766051086387
0.168774858509076	0.0425819447497206
-0.718081625995024	0.245384533690959
1.95793128711136	0.437766051086387
-0.619895187822925	0.150839789138775
-1.12725353624624	0.339405023147411
-2.57421277656498	0.657506382974291
2.75805496536761	0.766752929661107
2.76095211479574	0.768066673537379
0.153267904345544	0.0519012670754554
0.177812920485068	0.0445891130396879
3.27129205644114	1.12317050813274
0.90362732979476	0.487656398545433
0.532438411561851	0.190754397880712
0.154259314455831	0.0291924198815566
1.57778417402392	0.783272898824577
0.956455214607419	0.253949648163622
0.903484387216894	0.488471030471112
-0.173754799704546	0.092710522293988
0.555429454206339	0.324148639297052
1.95879552552655	0.437985228139192
0.157971563808893	0.0296806747786729
-1.7975657981284	0.379599665892429
0.159304296973707	0.0474668185471716
-1.7975657981284	0.379599665892429
0.15823182603157	0.0297179405544109
1.95793128711136	0.437766051086387
0.157971563808893	0.0296806747786729
0.157971563808893	0.0296806747786729
1.95879552552655	0.437985228139192
0.168393915595915	0.0499912542478598
-0.335438661955823	0.0961186879895653
1.03904434951612	0.392325411809604
0.446786935248547	0.179292535994645
0.955017933589342	0.253480850166851
0.15823182603157	0.0297179405544109
1.95879552552655	0.437985228139192
1.95793128711136	0.437766051086387
-0.220012614431353	0.0708340703939625
-0.790992898448902	0.431906990463452
0.51654199154721	0.329237237355637
0.614960791218191	0.323245454163855
0.157971563808893	0.0296806747786729
0.15823182603157	0.0297179405544109
0.955450516302873	0.253599562429476
-1.7975657981284	0.379599665892429
0.956455214607419	0.253949648163622
0.955450516302873	0.253599562429476
1.46654605141329	0.485981855384374
0.956021254579335	0.253830462538477
-1.7975657981284	0.379599665892429
1.95879552552655	0.437985228139192
0.159251072645633	0.0298673857617753
1.95793128711136	0.437766051086387
0.154259314455831	0.0291924198815566
1.95879552552655	0.437985228139192
1.95879552552655	0.437985228139192
3.27232628525746	1.12331698634376
2.76197196120423	0.768541369225187
4.1775492339406	2.00268622652006
1.95793128711136	0.437766051086387
0.669467631715225	0.211908752948447
-0.61946410648704	0.150698865008898
0.679042954927262	0.214964314584285
-0.0935738936420421	0.0371388620065688
0.184416087069725	0.114322886710761
0.670352312742905	0.480616483211157
0.159251072645633	0.0298673857617753
1.82851727583204	0.714435845516616
1.04095157071845	0.393332373967802
-0.620903335937371	0.151058535991718
0.956021254579335	0.253830462538477
0.668504270521836	0.211524693005927
0.15823182603157	0.0297179405544109
-1.7975657981284	0.379599665892429
2.76095211479574	0.768066673537379
-2.57472877667238	0.65760345889815
-0.338530582329419	0.0969729638077002
-0.334830546749113	0.0959542136262779
-1.79763019308962	0.379603777700996
1.95793128711136	0.437766051086387
2.11608899731542	0.944050734800592
-0.521403994764915	0.196949544068639
-0.601464544621041	0.288022282058361
0.0741225068172669	0.0460556587483622
-1.12435877083653	0.338493350823416
-1.79763019308962	0.379603777700996
0.67498185747701	0.213690207850534
1.03817079597271	0.392088459196863
-1.80127875869	0.380587746892248
2.76095211479574	0.768066673537379
-1.02477806380377	0.404828995968834
-1.79763019308962	0.379603777700996
-3.07707720857862	0.956361112132394
0.159251072645633	0.0298673857617753
-3.45172595803352	1.22146685013561
1.95879552552655	0.437985228139192
0.165353233252732	0.0491580922731075
0.958436503493791	0.254416791099759
1.95793128711136	0.437766051086387
0.956021254579335	0.253830462538477
2.75704467106166	0.766025498669684
1.95879552552655	0.437985228139192
-0.518644858635781	0.195729988241304
-0.388983073245947	0.161933194009196
0.535308159768992	0.19186644934071
1.95793128711136	0.437766051086387
-0.215221304062718	0.0693199317381142
1.95879552552655	0.437985228139192
0.955017933589342	0.253480850166851
0.955450516302873	0.253599562429476
0.958855818540361	0.254543321351908
-1.79763019308962	0.379603777700996
1.3329197605053	0.581616348611346
0.956021254579335	0.253830462538477
1.95793128711136	0.437766051086387
1.95879552552655	0.437985228139192
0.675232747867266	0.213789953820415
2.75704467106166	0.766025498669684
1.95793128711136	0.437766051086387
-0.619895187822925	0.150839789138775
2.75704467106166	0.766025498669684
-1.79763019308962	0.379603777700996
1.95793128711136	0.437766051086387
1.95793128711136	0.437766051086387
1.95793128711136	0.437766051086387
3.26835783601252	1.12163011968705
0.679655237519559	0.215244174521264
0.957461191854986	0.254126256439643
3.64611189084925	1.43374127140597
1.04272737841263	0.394268038065867
-1.5094475769206	0.535248673690833
-2.57472877667238	0.65760345889815
2.76095211479574	0.768066673537379
0.157971563808893	0.0296806747786729
0.154259314455831	0.0291924198815566
1.7790410882222	0.991135647181007
2.75805496536761	0.766752929661107
-1.02397803869404	0.404213941370604
1.46364987732708	0.48479584486453
1.95793128711136	0.437766051086387
2.12019415973984	0.946583637874322
3.64508196443781	1.43367348655271
2.75704467106166	0.766025498669684
0.955450516302873	0.253599562429476
-0.625191995446008	0.152059991852936
2.76095211479574	0.768066673537379
1.46109938210879	0.484014060767982
3.64508196443781	1.43367348655271
0.158989511121608	0.0298299152293259
1.46614179937581	0.917960143009226
-3.07750490916701	0.956880231933195
1.95793128711136	0.437766051086387
1.95793128711136	0.437766051086387
-3.07707720857862	0.956361112132394
0.159251072645633	0.0298673857617753
0.671045597340039	0.212419421287662
0.677105074382106	0.214332831776124
0.174763959202438	0.0516989117326982
-0.718081625995024	0.245384533690959
-1.27238367185372	0.571130757873106
1.46781226351853	0.920024131180723
0.172385921068679	0.0433875285709768
-1.79763019308962	0.379603777700996
0.674015164989584	0.213380808783075
1.06792550004102	0.515823496339435
1.04488949167403	0.395085051250541
0.674264818482823	0.213402910671394
1.04881966420667	0.396662545686339
0.533629585575437	0.191149248838921
0.676558588301015	0.214207370803977
0.15823182603157	0.0297179405544109
1.95793128711136	0.437766051086387
0.525378140173977	0.188039309051153
1.96141436018454	0.438711417164155
2.75704467106166	0.766025498669684
3.27232628525746	1.12331698634376
-0.71869462645605	0.245625159522256
-0.619895187822925	0.150839789138775
-0.719585944508868	0.245867637672296
1.77389396275614	0.987819392100706
0.677716162542668	0.214611870267994
0.609201955001709	0.319854728005608
-0.0990765065751163	0.0393170286846626
0.174503749901052	0.0438676710334476
0.956455214607419	0.253949648163622
0.674143348272808	0.213431626689393
-0.523032334451301	0.197668387893991
1.4702928012491	0.922193826208071
1.82710265989491	0.713711178135864
1.03245608639761	0.389441043509193
0.670081697347895	0.212111377241056
0.168354166613062	0.0424807140134561
1.95879552552655	0.437985228139192
3.26732978575294	1.1211772426211
1.95879552552655	0.437985228139192
-1.12548386699252	0.338727340170484
-0.215221304062718	0.0693199317381142
1.46209127003869	0.484377128190959
-1.7975657981284	0.379599665892429
1.95793128711136	0.437766051086387
0.157971563808893	0.0296806747786729
-0.717191145070403	0.244966202456728
0.447441545561864	0.179414714836187
-0.213543270792488	0.0687986075063655
-0.216409245079586	0.0696890647462961
0.671394166412374	0.212454198010421
0.67498185747701	0.213690207850534
0.143729092507781	0.048765928371412
1.46166504880046	0.484245680586438
2.11931178949686	0.946188348024025
1.82912964257087	0.714770179842855
1.83320872066104	0.716809839835328
2.76095211479574	0.768066673537379
1.46166504880046	0.484245680586438
1.33939955440594	0.584836454304115
0.530519377174053	0.189974136950743
1.83162438273742	0.716000775412828
1.57404767215904	0.780807377405224
1.06321464476731	0.512987296746834
3.26835783601252	1.12163011968705
1.95793128711136	0.437766051086387
0.158989511121608	0.0298299152293259
-1.13238809108681	0.341172314702962
-1.32004047269421	0.825936249800549
-0.215815148052618	0.0695090074287807
-1.81200943037821	0.734241478143734
-1.7975657981284	0.379599665892429
-1.7975657981284	0.379599665892429
1.06685305821338	0.514909855606969
3.64204563210395	1.43174087144813
0.150965035576808	0.0578895740710702
-1.03834900174901	0.411022730050917
3.27025913837768	1.12233669524588
1.95793128711136	0.437766051086387
0.956021254579335	0.253830462538477
-0.14575574418188	0.0521067853554539
-2.57421277656498	0.657506382974291
-2.57847696185857	0.659529736545688
1.96141436018454	0.438711417164155
0.957461191854986	0.254126256439643
0.150249356563049	0.0575466478816129
-0.150439826851979	0.0537776490722372
1.0418455851348	0.393863567086238
3.64101793434512	1.43134239135362
0.400152078599661	0.180850692592932
0.157971563808893	0.0296806747786729
0.827308506519789	0.347507145968411
0.533275066051755	0.191011050930048
0.157971563808893	0.0296806747786729
1.95793128711136	0.437766051086387
-0.715034146888943	0.244213254744201
-0.724110175343364	0.247660897147714
0.528236092469745	0.189119596677675
-0.337924641037297	0.0968088152153293
1.83223894779093	0.716336716062103
1.04120842920151	0.393430906801103
-0.337924641037297	0.0968088152153293
-0.620903335937371	0.151058535991718
1.95879552552655	0.437985228139192
1.95793128711136	0.437766051086387
0.823642509432085	0.345787097083453
0.446635544541179	0.179001024679317
-0.338896474896558	0.0970421752101679
2.75704467106166	0.766025498669684
0.951724523631597	0.252769110062367
0.522577483690402	0.33454201469365
1.95879552552655	0.437985228139192
1.46166504880046	0.484245680586438
0.528236092469745	0.189119596677675
1.95793128711136	0.437766051086387
0.452044435979438	0.181489264363155
-3.46146192307772	1.22662947407805
1.95793128711136	0.437766051086387
-0.724408206749273	0.247656022123377
1.83320872066104	0.716809839835328
0.674624067917918	0.213658555919133
0.162171049505848	0.0303007576998756
-1.27976639763153	0.575722216320703
0.157124305046094	0.0681754043113497
-0.600291226463912	0.287758668770124
-0.292324587374351	0.133962829690938
0.907405238842073	0.490765880723695
0.701268757609152	0.615689565717827
1.4655515469736	0.485738470948645
0.672009433869294	0.212657302786874
1.95879552552655	0.437985228139192
-1.27646499935786	0.573640288037447
0.530762262945688	0.190122868111177
1.95793128711136	0.437766051086387
-3.07750490916701	0.956880231933195
1.06623516714224	0.515260674258817
0.535308159768992	0.19186644934071
1.33460347604402	0.582347430988149
1.96141436018454	0.438711417164155
0.173378039987466	0.0436162262322836
0.498869841411101	0.344244234418388
0.16323818852145	0.0485873708307168
0.182083794776372	0.112848980415949
0.868538903678851	0.645054022225565
0.966530165510638	0.65984832153255
2.75805496536761	0.766752929661107
-2.57472877667238	0.65760345889815
0.15823182603157	0.0297179405544109
0.16323818852145	0.0485873708307168
1.95879552552655	0.437985228139192
-0.338291342092883	0.0968475173314605
-1.80127875869	0.380587746892248
-2.57421277656498	0.657506382974291
0.155282002123357	0.02934225636165
1.95879552552655	0.437985228139192
1.46498308680977	0.485505347800691
-0.0186140848145957	0.0087407585855106
1.83065515075678	0.71528955791634
1.03878889357161	0.392361575468581
0.532196819047093	0.190683131950839
2.56094361668299	1.41710945477784
0.150978564197462	0.0511367124353463
-0.61946410648704	0.150698865008898
0.157971563808893	0.0296806747786729
0.173378039987466	0.0436162262322836
0.531358567637365	0.190353154457246
-0.144137039360479	0.0515503896111279
0.609615831589456	0.320132911480607
1.78036979483509	0.991924119446332
0.157971563808893	0.0296806747786729
1.46654605141329	0.485981855384374
0.675232747867266	0.213789953820415
-1.79763019308962	0.379603777700996
-3.07750490916701	0.956880231933195
1.95793128711136	0.437766051086387
0.151073347680222	0.0511532722440069
-0.236391663593821	0.118159553740961
2.75805496536761	0.766752929661107
0.822832332666427	0.345345001072504
1.07359982425497	0.519417428828948
0.161055121947285	0.078159792666116
2.11957433477146	0.946159869437877
0.173940988172143	0.0437550114519682
-2.57447078703937	0.657780381714024
-0.347643262540899	0.0994886132277101
0.174503749901052	0.0438676710334476
0.957025852492456	0.254006696314478
1.95793128711136	0.437766051086387
3.26835783601252	1.12163011968705
0.531954615713782	0.190517989079214
0.689942742129711	0.322629931039908
0.61367847038086	0.322276678304766
0.958855818540361	0.254543321351908
-1.17000551659291	0.656070045248003
0.17351044503084	0.0436385160120603
-1.51433726696095	0.537497293520418
-1.79763019308962	0.379603777700996
1.95879552552655	0.437985228139192
-0.0954294918567521	0.0378870358269543
0.695934190822821	0.32557431456109
2.76197196120423	0.768541369225187
0.805834800726136	0.64182281721856
3.27129205644114	1.12317050813274
0.450715205995562	0.180857120526025
0.180709566490231	0.0452024551059557
-0.61946410648704	0.150698865008898
1.95879552552655	0.437985228139192
1.0896221211529	0.670765961325219
0.56148827963111	0.328509724751984
1.95793128711136	0.437766051086387
0.906221476980774	0.4898154096859
0.959865181244613	0.254814612498812
0.150571240221929	0.0576776917123369
3.6399901361893	1.43067029650081
-0.625630686390319	0.152156798395567
-0.088956061212454	0.0353722813966378
1.95879552552655	0.437985228139192
-0.337318918589577	0.0966140796949229
2.7590679263751	0.76692961097815
1.95879552552655	0.437985228139192
2.74299308358641	1.67500466204464
2.75805496536761	0.766752929661107
1.33148644921435	0.580580180008122
0.398192069195688	0.180189314194991
0.959865181244613	0.254814612498812
0.828430976330302	0.348196975987414
0.174503749901052	0.0438676710334476
1.95793128711136	0.437766051086387
1.96141436018454	0.438711417164155
2.75704467106166	0.766025498669684
1.04577073722875	0.395582052714565
0.674624067917918	0.213658555919133
-0.940758125084821	0.575662477252873
-1.50824112923963	0.534752090600511
-0.61946410648704	0.150698865008898
1.95879552552655	0.437985228139192
1.45750864016971	0.482642955020513
1.33916167979563	0.584947246381148
1.57641681681789	0.782645066717777
2.75704467106166	0.766025498669684
0.965245363992994	0.659401795094103
0.174933567082256	0.0439573605408891
0.159251072645633	0.0298673857617753
1.46209127003869	0.484377128190959
-0.724381910046542	0.247676943012395
0.828430976330302	0.348196975987414
1.33208469099746	0.58115584608196
2.35165254531939	1.1716944709268
1.95793128711136	0.437766051086387
1.96141436018454	0.438711417164155
-4.0012123706462	1.7257737241768
1.45849632487227	0.482828278090187
0.675591354383564	0.213968352567141
0.155282002123357	0.02934225636165
0.15823182603157	0.0297179405544109
-0.620903335937371	0.151058535991718
1.04210966752671	0.393840140799123
0.157971563808893	0.0296806747786729
1.95793128711136	0.437766051086387
1.04272737841263	0.394268038065867
0.959865181244613	0.254814612498812
1.95793128711136	0.437766051086387
1.46265753359042	0.48460907431551
1.04272737841263	0.394268038065867
2.75805496536761	0.766752929661107
1.95793128711136	0.437766051086387
1.95879552552655	0.437985228139192
1.95879552552655	0.437985228139192
1.95793128711136	0.437766051086387
2.75805496536761	0.766752929661107
0.956021254579335	0.253830462538477
1.95793128711136	0.437766051086387
1.95879552552655	0.437985228139192
2.75805496536761	0.766752929661107
1.96141436018454	0.438711417164155
1.95793128711136	0.437766051086387
1.46265753359042	0.48460907431551
1.95879552552655	0.437985228139192
1.95879552552655	0.437985228139192
2.75704467106166	0.766025498669684
1.96141436018454	0.438711417164155
