x	y
0.17738312662749	0.0444846964186047
0.955450516302873	0.253599562429476
3.27424476347588	1.12391188707828
3.64405193165419	1.43312407887711
2.56655135983151	1.4227232258425
1.332901235932	0.581382062503224
1.06676008228299	0.515434534027129
3.26732978575294	1.1211772426211
3.93397258257213	1.72120776019779
4.17525305412324	2.00082473978421
0.955450516302873	0.253599562429476
3.26835783601252	1.12163011968705
0.159251072645633	0.0298673857617753
0.682154426898716	0.215924774134022
0.906221476980774	0.4898154096859
0.526537134727952	0.457656464127375
0.644815374138696	0.852735906833631
0.678327026073525	0.214743904761834
1.78036979483509	0.991924119446332
0.827624029735347	0.347817645508971
1.09332991238703	0.674497291421782
0.157007711765635	0.053125881526133
-0.0860051466139146	0.0342331124443623
0.343031942599294	0.19199929023926
-0.170947829553688	0.0912155497873546
0.662977177614531	0.473982212727908
0.855283202152447	1.26631214901756
0.380576831686415	0.347581785981893
0.0767584896736373	0.049993759867073
0.284809761598889	0.23154959473121
1.50288438256275	1.52746246932628
0.673547042922117	0.793795355292604
0.697435449537931	0.326741539527995
0.486559016103096	0.334139883536941
1.06458282875738	0.514129127888053
0.696311716242858	0.326002755913493
0.335645099995681	0.204655910552849
-1.08433498695747	0.73923029290333
-0.880778409225269	0.811560781170882
0.166395674426345	0.0809924354108077
0.554968591826959	0.465048793910549
0.93722551501411	1.05834485586926
0.934320657683184	1.05364103387832
1.09373602668354	0.674781823120295
0.605049310949112	0.317005087294
0.174290796718203	0.113734478981667
2.12544210384278	0.949600697707754
0.327870783483651	0.228136837232152
0.550934836409479	0.460573593380289
0.416289228092098	0.331032517315745
0.851770038007064	0.777106220031136
0.991786487284289	1.08828194568417
0.4948796874323	0.340898095127629
2.0423307888975	1.94670381367364
0.665998695748017	0.476206018997165
0.805100773325521	0.640798798005031
0.489025204330969	0.336265168749253
0.389770761040074	0.175905136930995
0.485826225816528	0.33330075452509
-0.449649174524541	0.297875164860338
2.54069919326204	2.38954768918352
0.799495291796543	0.864511222168597
0.419143363907063	0.333756869755065
0.315359281917036	0.229707921679742
0.178348215470516	0.103615451754711
0.466799128224928	0.444054329948483
1.95793128711136	0.437766051086387
1.57380699802241	0.780349499816827
0.365436386963589	0.184821741432925
0.484199020941629	0.551568814074037
0.260935065618049	0.266298161636773
1.00897333696008	1.62261154727339
0.267598142392424	0.236797076858447
1.17401494887671	1.78458398635612
1.17099068273888	1.57245309158438
1.15188864658654	1.18739794830066
0.460487452733825	0.18506870005958
0.35133585667805	0.197283751211461
0.171165866851184	0.091749184081759
-0.144823047322186	0.0518259567182545
0.372195511957502	0.188795319775611
0.150994380793524	0.0655243509407242
1.68058867713382	1.60006816148055
-0.308862923274114	0.142067174723486
0.178923085676782	0.0960650402192669
0.386362424636102	0.342221577435117
0.187995533875412	0.116836891834118
0.188881024825297	0.145902428611756
0.292911495918807	0.230415250157414
0.519000716608137	0.331712976727167
0.68931585639192	0.719210348702801
0.179819795211208	0.111341802171237
0.386654999222423	0.446194485717089
0.490645710302971	0.627207259998019
0.292550829014831	0.238892224254252
0.499729266882278	0.544335079270556
0.401339449212683	0.457531100159969
0.302587495872888	0.239170496227474
0.676850816804805	0.486829845660632
0.796859514766048	0.632119243410052
0.805496664256913	0.642043404238872
0.824451710034132	0.346189076295124
0.607601801264313	0.318867293442765
1.28392804206414	0.709138384662028
0.906027885665672	0.490063498980458
0.536145192793524	0.192183675780863
0.830499851649439	0.348999855447816
0.539266647317431	0.19330887981843
1.96569596625952	1.22907747842524
1.7811586442111	0.99372450176506
0.796016190833502	0.631603713917954
-1.66322357323584	2.07050457502099
0.118881319952746	0.09365343269477
-0.0100036080257105	0.00765992813071914
0.147067184345497	0.133202127087922
0.198466224568362	0.168747540403185
0.795766884415746	0.75364436128541
1.0437874568067	0.994057719751276
0.444826401453765	0.431769885979059
0.926976382767896	1.1650624739622
0.183276846461182	0.113725753830447
-0.120781563419837	0.0961802976180052
0.186161451237635	0.127984072645609
-0.903299630983107	1.14105587439149
0.263801516199515	0.323153814633232
0.0423392654188662	0.0326223307671117
-0.206176860224761	0.132664746384982
0.329932603005543	0.215777615944248
-1.15493222856652	0.644810614180077
0.536145192793524	0.192183675780863
0.823078351695812	0.34550391355806
-1.50922180218546	0.535188573690381
0.725218940119496	0.480902068500213
0.154356688151962	0.059132000415533
0.675591354383564	0.213968352567141
1.25070369347461	1.0605561361013
-1.02671683891162	0.40581238098729
1.28135230043235	0.706661036830181
0.554568715413759	0.323001834195925
0.360848888091229	0.182567544508595
-0.306744367104225	0.334729719112595
0.144917325900799	0.144141933674917
0.102981960562367	0.0957699466822645
-0.457223628916695	0.424495111901543
0.287076693675713	0.233552012451405
1.40832381742092	1.91598685630494
2.0745436255133	2.60914727350366
0.188633699464406	0.140822769214803
0.484965786082351	0.448893419470503
0.198196409793235	0.148737595870576
0.360657748658899	0.336059026090033
-0.0107541981163449	0.00703492197889996
1.18130725925016	1.80221354451251
0.74131461692577	0.620845151536436
0.460505183011271	0.334887517323246
-0.427143829979413	0.367841859229408
0.194993324734102	0.134622853680326
1.04392041373282	0.994569336007171
0.506403971846277	0.321897584149385
0.609972458584996	0.319855855998895
-0.102409237273292	0.0727683888813086
1.24192253653079	1.0485211354987
0.581707823142408	0.466273959103669
0.729267767336914	0.484507220202342
0.413044506923421	0.327858349355353
1.85932784257388	2.78306636671571
0.483309580787494	0.44714192807594
0.918793998195221	1.15041263885082
0.372065299311745	0.188977368917676
-0.772302563326308	0.658650166252687
-0.172515653998224	0.0920395395970433
1.28096515122487	0.706776593546459
1.96569596625952	1.22907747842524
0.526794711861213	0.458077525410414
0.522818802643022	0.334447996090494
1.17261041208413	1.67978281061741
0.556547463983393	0.639190928398724
0.076445440686358	0.0498278804667388
-0.144524814319427	0.098366736813909
1.11290721319089	1.52435576356118
-0.213854794903942	0.161229809881603
0.496517427198055	0.444258643816178
0.622070826996263	0.474384732602953
-0.0150266158254597	0.007105499195857
0.0430543049102637	0.0253079906516442
0.0510822257492229	0.0299546044318423
-1.19597601529335	1.38892483351834
0.853460647007533	0.779508340630932
-0.23546758742837	0.117773582177677
0.524736095931265	0.455771363984114
1.24321719538674	1.50917014252698
0.553203991249209	0.322388868058457
-0.095205470543872	0.0556890385304994
0.166283793090401	0.080893379282766
0.489567270384751	0.336713305472058
0.617476465952299	0.325179731300429
0.69824111539747	0.327181998415599
0.606318194482406	0.317828333610251
0.447191186095611	0.179329255309907
0.182292659586107	0.119434835877852
0.339576641213767	0.207419750250232
0.193365179396468	0.139300943215093
0.818665325298562	0.343324495373721
0.423755554696324	0.338177782890786
0.56027933784356	0.47043796710146
0.348288565334545	0.195325820539256
0.444671900416798	0.340702141753837
0.0335091780710261	0.0184066029544864
0.566490897665567	0.33206850379283
-0.384055975761908	0.302292719073741
1.3419244980049	1.58469248960199
1.1306290912419	1.02213321617152
1.99562454072359	3.25816896168972
-0.0437799542694094	0.0273140403072635
0.519304380099717	0.449540282998403
0.448868131066391	0.451071611158983
1.82912964257087	0.714770179842855
0.576863831538169	0.461276313304208
0.151283893074384	0.0580076734817705
0.372065299311745	0.188977368917676
0.173940988172143	0.0437550114519682
1.82948417010899	0.714838990299682
0.343285589682671	0.192304513639422
0.696277235327348	0.803833792893426
0.442448298640567	0.338801749826814
0.201935764337841	0.146048252583477
1.71902356975559	2.63140583502163
0.276154605808669	0.223318911955881
0.370503013563484	0.336344812239284
0.486477318576835	0.333540364019051
0.174998410177025	0.101497169766316
0.477175848894145	0.456604022097658
-0.323492902549817	0.193604113188773
1.39549449912357	1.88899942105424
-0.571104516126493	0.415177455729172
-0.049368150777994	0.0308150192050223
0.492276038479506	0.338710446653581
0.193938347414789	0.145216539849328
0.803255957753743	0.966297268965408
0.592708857199064	0.477695033535224
0.0135621726586836	0.0090272264624701
0.408234078442874	0.338446369569776
0.651258248863904	0.693087615903745
1.04731498056486	0.395630251000913
0.669467631715225	0.211908752948447
1.46209127003869	0.484377128190959
1.04095157071845	0.393332373967802
0.147240848267595	0.0499193503912067
0.18127730244519	0.0453161194650634
0.934714389262921	1.05438854569055
0.926116046184132	0.808640139170878
0.273540643397132	0.242958878602244
0.749987223956016	0.825757379096029
0.802034881434922	0.762229980359721
0.624639652245902	0.587795003376374
0.660233209159742	0.601520231466699
0.316976685255443	0.21948185877285
0.3107224192525	0.214424321109636
0.726070778200969	0.48216999765065
0.287439429875002	0.24223533915694
-0.0662751002167663	0.0401465605426832
0.695063895116871	0.608883371163907
0.900248941184877	0.922234357749019
1.06571382238581	1.13645570720264
-0.0883396372384472	0.0516259942918448
0.430766569474862	0.345066839821914
-0.494591147080093	0.371424972831472
0.958163232314131	1.17186029343891
0.185744211053153	0.143347430066953
0.301222872790493	0.228407143894583
1.14376037630277	1.03946124702705
0.676558588301015	0.214207370803977
0.822832332666427	0.345345001072504
0.674491966739474	0.213488272769245
0.607571560069752	0.318671672924684
1.78817167667562	2.22316266487019
0.414325272260336	0.32907613438933
0.679054082997521	0.80290202278895
1.35343666154211	1.4355322348041
-0.234581322093852	0.194893458129054
0.0643808138164842	0.0399200773539666
0.587025553817367	0.471684157642552
1.00475164644821	0.824865399333014
0.349341786882289	0.195993482392438
0.518928191030258	0.449057968432137
0.191455949868208	0.143100526910827
0.726243859019409	0.481720801885989
-1.33549123502072	1.33052993233107
-0.464761331219292	0.39156715875001
0.465394265678927	0.442339190841769
-0.230796618718046	0.175567306824935
0.0956594155543967	0.0678644843604305
0.578256547161161	0.741490951941304
0.606741865349309	0.590857094101494
-0.151243198256412	0.103255643913034
0.49593336717868	0.341830886650396
0.173213102861638	0.0928119344373507
0.289977004949466	0.244764339985138
0.792969713183352	0.476751930027909
0.397957500852408	0.179831860627171
0.324676673036235	0.2255670369053
0.176253051776925	0.0442319878724308
1.82948417010899	0.714838990299682
0.723394829664484	0.479787571675405
0.710386486822786	0.716739660766047
1.01332571414423	1.21397758279974
0.899480255656343	0.920413517263987
0.489358807897482	0.45420070319906
0.387550236305322	0.343474362784544
0.0547192999950477	0.0321018568541409
0.839469888763737	0.882539898669169
0.428974233650299	0.343238843968352
0.795808926411569	0.631275754191789
0.31076856459752	0.225901368025076
0.292541383698907	0.230054608279216
1.25589594437334	1.3933556991502
-0.0793281049426612	0.0572128388075142
0.348814429356797	0.195676190967877
-0.278316861989143	0.201271654782258
0.585527452666437	0.469967055845643
-0.780321597774389	0.668178234483025
0.133341122566212	0.105948834409233
0.0181635321059444	0.00914814457963298
0.443745743114748	0.339940456850337
-0.478364582789254	0.250448696614165
0.0753191537037188	0.0490781285590694
0.177579960772179	0.109878526003101
0.304619207705164	0.220794126931445
0.528463505645342	0.459920865889185
1.25737421397911	1.06779007891989
1.46304871402123	1.67262330212892
-0.65311812084824	0.676975061100326
0.289715025985188	0.236202521483875
0.800050812711217	0.48207641780648
0.522768153663578	0.33464857621311
1.08838656412782	0.669215478431279
3.93099037724845	1.71835261446828
1.46109938210879	0.484014060767982
0.167786821496111	0.0423548811213711
0.955017933589342	0.253480850166851
1.96141436018454	0.438711417164155
1.95793128711136	0.437766051086387
0.158989511121608	0.0298299152293259
0.823078351695812	0.34550391355806
0.476485914163473	0.439081098154841
0.439204229684862	0.335372434679186
-0.433374355395351	0.333457313947011
-0.205831044374435	0.154424420047602
-0.106374544210859	0.0756687514134738
-0.395949826993836	0.313513187620917
0.56419695666655	0.559271398383205
1.25083542156203	1.23082377578767
0.192522052959419	0.149162240667845
0.582326591113346	0.466767879384146
1.15891275183429	1.4382413641931
0.161398790946657	0.086364067895623
0.294843084173626	0.222820197905663
0.700396615956141	0.61511534996226
0.309932572103025	0.225183125801582
-0.0913371929217945	0.0534243076939914
-0.0101866236906227	0.00666930085560348
-0.185948631217057	0.124007872016085
-0.669893177799768	0.527753335472256
0.799353379531229	0.635475227436693
0.0554635394849643	0.0325645632753809
0.161929154643963	0.078731946001689
0.480823999905465	0.329355783243893
0.39804758134111	0.179836760867837
0.378302624117128	0.333533520782067
-0.0244093031506515	0.0113740219434114
-0.447977369355989	0.296850351262248
0.757068987018062	0.836917706295615
0.76033553344738	0.842321717479315
0.19323959513971	0.127179903856041
0.550989418659768	0.460745401485718
0.183441565577699	0.120238969737009
0.171165866851184	0.091749184081759
0.549607181511009	0.319733655063326
-0.294093442695351	0.134766629352408
0.154392805413983	0.0522705690038812
0.444599133575251	0.178247278613312
1.46498308680977	0.485505347800691
1.04007667172615	0.392839871352892
1.95879552552655	0.437985228139192
-3.07793266340176	0.957013587093989
3.64101793434512	1.43134239135362
0.174933567082256	0.0439573605408891
0.15823182603157	0.0297179405544109
0.956021254579335	0.253830462538477
0.674143348272808	0.213431626689393
0.542683466772497	0.551463358942382
0.921537604065723	1.03238633066372
-0.00422193999105026	0.00269888733007329
-0.00878342481118671	0.00570606163602378
0.725523907782194	0.73778314237209
-0.881626560433945	0.81267296005821
0.186373984177666	0.115666953106478
0.189668614950376	0.136388484953521
0.473091105183637	0.451497778591644
-0.458938587546687	0.38551836848422
0.616602335163322	0.469085364610442
-0.13425748848862	0.105226178786513
0.0859280247864355	0.0585170982017146
0.666475120305477	0.477267745631982
0.709756168355682	0.895922273519625
0.877885850809644	1.01039275271138
0.592921635351453	0.573489815771664
1.45749090257236	1.66294071420178
0.0980474216647644	0.071971862198366
0.19845574676811	0.154254741716905
-0.0190218628096347	0.0122452733241672
0.539129919055107	0.546517658184035
0.627611321381954	0.591184891536789
-0.335723226954127	0.268255860193451
-0.381145874324168	0.299492271823742
0.0931883357785017	0.0660291857020578
0.28382732968839	0.230574744159003
-0.261177697368179	0.21414584587616
-0.261423019103732	0.21435787495503
0.722275614187529	0.733326220799634
0.482447241778851	0.446130886648478
0.105372619717234	0.0800892538388759
0.401447875778278	0.331587138214809
0.856263311250643	0.782926481634897
0.281900864809532	0.244471549126928
1.10738477530885	1.60490122509309
0.0481854612008555	0.0282971891219312
0.404236422100227	0.182975316847769
0.164468653517054	0.0489167663284228
0.874928471724657	0.650732662953552
-0.52600289340352	0.198827346212531
2.12019415973984	0.946583637874322
1.95879552552655	0.437985228139192
1.4655515469736	0.485738470948645
-0.519595731781202	0.196299451898154
2.11931178949686	0.946188348024025
1.95879552552655	0.437985228139192
0.956455214607419	0.253949648163622
0.163853552605343	0.0487595972376143
2.12175361138722	0.947733160087778
1.24514278412275	1.37459885778046
-0.0512338504823654	0.0319771838714281
0.214612073079436	0.212547161816255
0.359525285744638	0.324252563178037
1.31747138188032	1.82812927344689
0.765470113645338	0.850430347373685
-0.347403195531046	0.279313405574593
0.467323240382519	0.540045910921871
-0.775275954270863	0.661703103412539
0.0411136723489168	0.03078703720753
0.118814501910507	0.0909422508479248
0.418986080672381	0.333461362325775
-0.135248380821767	0.106137242408777
0.185718790021804	0.138405910251494
0.187000066980661	0.116097995836172
0.193589140932118	0.150096493988689
0.313714534155039	0.228251816257159
1.03185862934399	1.33459622055894
-0.638107747931731	0.616895822102364
-0.168756430564204	0.0899375163877177
0.301245038073169	0.228406292737086
-0.5304486437313	0.33414708814117
0.444069234418147	0.340093929073028
0.958997439546896	1.17321079035517
-0.16178165671967	0.125741946849408
0.992730092813317	1.09072411119808
0.188688640144875	0.145833755748952
-0.0488176437113381	0.0304693205383771
0.597612600162534	0.579616991022038
0.293052966647434	0.255859250664061
1.05917659584589	1.12637158096852
0.179861860687072	0.117656512999227
-0.258515439158517	0.21163176277058
0.193997989059684	0.159946644584646
0.618919011228385	0.580572688525039
0.18676569399759	0.128457839083704
-0.0700984739951501	0.0424943533246989
0.40128520889548	0.181574932992367
0.679297187320958	0.21511425797511
1.45652080007828	0.482281887456809
1.46067242606004	0.483688692701864
0.960305402281055	0.254935680101795
3.93619624132367	1.72285510420218
0.173378039987466	0.0436162262322836
-1.13238809108681	0.341172314702962
-2.57447078703937	0.657780381714024
-0.338530582329419	0.0969729638077002
1.46498308680977	0.485505347800691
-0.337924641037297	0.0968088152153293
0.177812920485068	0.0445891130396879
-0.1446627598823	0.051733083076893
-0.0483782520994816	0.0211517007331903
0.529678512917549	0.460929385718216
-0.0885261269962228	0.0720049658989008
0.954082058894585	1.1646758805147
0.571932753153008	0.56949321117204
0.339662676315762	0.190048967072599
0.623992803328972	0.476403189943117
-0.217197037226154	0.163990642184088
0.900198853898269	0.922043610313739
-0.125069902864068	0.0872031028980819
0.0675750812632694	0.0419247850174748
-0.442059089513745	0.291803310871173
0.493998693458327	0.459691261342737
0.487164618754741	0.451687922894932
0.281532859834031	0.228425643838743
1.69293289219978	1.97315038707731
1.34134878507291	1.58219916340012
-0.25002369013953	0.1855805628609
1.25152881794836	1.06073033774512
0.571136812571942	0.455223789681722
0.557943560607464	0.467901426897954
-0.332567371188479	0.265169455422578
0.700306087191604	0.615019847933187
0.196857344616911	0.162693483870546
-0.324236994566953	0.229048834135897
-0.0589251070926495	0.0430907410093595
0.64332285685846	0.580714612499078
0.0332199781074313	0.0182993247314696
-0.0745857127016939	0.0536918376751953
-0.275843436302782	0.19914470286666
0.188713789747075	0.135599247460854
-1.44081096309439	1.28534572605746
-0.671831998539485	0.52970047804865
-0.985622197119387	1.24397086427675
0.485977236392788	0.450164544580221
0.72060348619959	0.730997769821223
-0.172141539342651	0.130676722673092
0.310794104819503	0.225860647901081
1.33208469099746	0.58115584608196
0.717758323766652	0.475045344421619
0.828185454384309	0.347969212421182
0.700211172775941	0.328477863279183
0.350254359040596	0.196299002539722
1.46166504880046	0.484245680586438
2.76095211479574	0.768066673537379
1.83009713438939	0.715173729277155
0.956455214607419	0.253949648163622
-0.620326325745573	0.150885642821786
0.159251072645633	0.0298673857617753
0.956021254579335	0.253830462538477
0.158989511121608	0.0298299152293259
0.951724523631597	0.252769110062367
-2.57447078703937	0.657780381714024
-0.621333103088639	0.151104040920032
0.174503749901052	0.0438676710334476
-0.598241931422509	0.286524983102592
0.158989511121608	0.0298299152293259
0.951724523631597	0.252769110062367
-0.217493795516912	0.0700823766807278
-0.341495388738576	0.0977618699341296
0.144978282476477	0.0556249597906633
0.151421573090131	0.0657050316580239
1.40340204645402	1.09064845607719
0.667623266650939	0.478786308075924
0.806773970155057	0.768207487202432
0.627018461165579	0.478900895931453
0.6906984182719	0.720897621623681
-0.675713301853986	0.533773705445168
0.960869948671816	1.17712051158327
1.7297565088762	2.92882403223808
-0.472289186647778	0.399836547560762
0.299231169031622	0.253893351439011
0.275315371897381	0.23031863710376
0.408786734095178	0.424054640143126
0.684600216711408	0.712307875645311
0.550190326548246	0.561508689192848
-0.526571394857285	0.437090727366613
0.313142356829836	0.216306618760397
0.462989586277544	0.439433159097404
-0.100998480705372	0.0717179612977727
-0.785126556885659	0.904150822718
0.705580542570859	0.621107742147869
0.440851310720756	0.337152776076939
-0.692972329424206	0.60680431591896
-0.00417282330363741	0.00321810208152306
0.303356584426581	0.219632716924045
-0.450390557196101	0.298687014356441
0.191150125634191	0.148001852599657
0.0851067681556418	0.0600825018300559
0.283443611567309	0.238290547364675
0.681097891142498	0.707136401488031
1.04491279844615	1.4433911047945
0.594480520183833	0.575496935947944
0.0625358458692985	0.0387646368607612
1.04182554907797	0.393703969965548
0.157819787360587	0.0533909827533473
0.353614679511823	0.198772426837242
0.152453062620175	0.0516328700929256
0.958855818540361	0.254543321351908
1.95793128711136	0.437766051086387
2.11842867036876	0.945672460079198
2.76197196120423	0.768541369225187
1.46166504880046	0.484245680586438
-1.80127875869	0.380587746892248
0.15823182603157	0.0297179405544109
-1.13282069800183	0.341231258763963
2.7590679263751	0.76692961097815
1.96141436018454	0.438711417164155
-1.12725353624624	0.339405023147411
0.15823182603157	0.0297179405544109
0.173378039987466	0.0436162262322836
-1.80127875869	0.380587746892248
-0.216409245079586	0.0696890647462961
0.174933567082256	0.0439573605408891
4.56051305057531	2.5599775528855
0.458089770298522	0.183979192684024
0.145564180353465	0.0558080382468443
-0.331353952324791	0.0949814429230132
0.347496407592048	0.212719654531728
0.825015074546066	0.346341809907615
0.752244067432834	0.632645151920793
-0.56714336280752	0.411790479782704
1.00706175370358	0.827898609651364
1.30956793361505	1.81142249522079
0.492814083773823	0.339172166171443
0.850751921890325	0.899229210924105
0.400256050089288	0.330295320960192
0.594974505517611	0.576142863250536
-0.0983510201044114	0.0696828349500276
-0.0144845462648102	0.00941285978408774
-0.184518301684498	0.122979322184386
-0.785770551995317	0.853345008161524
0.265922692035194	0.235054102845129
0.682597601329423	0.709662117540344
0.279632702507993	0.256446470730666
0.279296780205654	0.256069698397651
-0.166638945949268	0.12986850195053
0.453386420646433	0.348797914843743
-1.08613413233008	1.04271928900606
-0.052692208391242	0.0391762599498458
0.540951524297961	0.548987522367122
-0.30430543213354	0.269353978600171
1.09231836290658	1.48054833050335
-0.101589859476648	0.0721441400845634
-0.176713795633905	0.117358295184388
0.99355947940164	1.0921599234777
0.444893938097276	0.341087127909
-0.256717275212672	0.159901541897938
0.201498525235574	0.17167808237547
0.114359589050094	0.0846701302711267
-0.16151743258125	0.125511281471128
-0.651795177448477	0.675138657680711
-0.292440066777044	0.236415624022179
-0.0246611041669014	0.0185266237667504
0.687841939709932	0.321414437549071
0.834917513024657	0.351161989510003
1.33351744615377	0.581727707383388
0.955017933589342	0.253480850166851
0.535902929212832	0.192030732305526
0.53471313464826	0.191636123836102
1.04814515184759	0.396350090350494
1.95879552552655	0.437985228139192
-1.7975657981284	0.379599665892429
0.159251072645633	0.0298673857617753
-0.619895187822925	0.150839789138775
-1.66977405471177	0.941653997896714
0.17294827606403	0.0435260072159332
-1.27810576280468	0.574554682132775
0.158989511121608	0.0298299152293259
1.83126911611682	0.715624907230154
1.95793128711136	0.437766051086387
0.951724523631597	0.252769110062367
-0.216063671871124	0.0695794401283131
0.954564259091026	0.253482299647149
1.4655515469736	0.485738470948645
-0.717468884808632	0.245082515543052
-1.26710353282901	0.567952430371754
-0.391710846289378	0.162959857875505
0.165521527214879	0.0805458802300968
0.14975829663456	0.0573602319285313
-0.130686191915312	0.0734328977288333
0.150571240221929	0.0576776917123369
-2.57421277656498	0.657506382974291
-0.625630686390319	0.152156798395567
0.673177180799231	0.213063750844139
0.956455214607419	0.253949648163622
1.46109938210879	0.484014060767982
0.616058618678783	0.468133084491706
-0.00902520258712601	0.00440149532972706
-0.675298583261517	0.533720114431467
0.168547425258948	0.0901361257380319
0.346750064435377	0.194471326094428
0.413879767170199	0.328667686306862
0.0169259937285265	0.0118261867999425
0.191377122445453	0.143101498903363
0.198931491176765	0.164576409463122
0.373849472789551	0.340287239669823
0.203092398932836	0.163486167395034
1.07185607195028	1.25050502821738
0.700396615956141	0.61511534996226
-0.215724743787505	0.139451127431585
0.487095301083942	0.451472782219375
-1.08831704506977	1.04632449757974
0.467041259960291	0.444310815759058
0.689816448141285	0.793336547037884
-0.705098064980263	0.673064532543202
0.915821600248725	1.14500716704338
0.578383809610795	0.578071791168753
0.813649341728193	0.777276603207767
-0.526412586013363	0.43669415191435
0.033739329725572	0.0185338645834697
-0.673268205453522	0.531713294854906
-0.11466621135132	0.079547354020525
0.118041925326829	0.0929375316257611
1.04626190782528	1.3623529294531
0.744425189100138	0.929980301323078
0.269118642257998	0.231338066425215
-0.156547927968954	0.121250656083709
0.192571894646887	0.15407068377086
0.131507908330944	0.107262171898354
0.196553003990846	0.147323593377962
-0.379614169689366	0.29805052318021
0.742400571440867	0.926180920870759
-0.420027119280732	0.360271824914363
0.51800849004804	0.448279888412521
0.29603905606374	0.223836499319221
1.28065215080374	0.706585249017493
1.96141436018454	0.438711417164155
1.83126911611682	0.715624907230154
1.0418455851348	0.393863567086238
2.76197196120423	0.768541369225187
1.46498308680977	0.485505347800691
0.956455214607419	0.253949648163622
0.955017933589342	0.253480850166851
-0.342463785834028	0.0980578484034576
3.27025913837768	1.12233669524588
-0.344042706429557	0.0984794926451442
1.4604038372023	0.483769829709272
0.170331293505475	0.0429093144237285
0.175496922320134	0.0440701137079318
-1.27784299590365	0.574711166317859
-1.0225353038078	0.403750407139113
-0.337924641037297	0.0968088152153293
0.677168456003689	0.214339100225988
0.534470172870219	0.191495164180491
1.0361636458939	0.391113445211294
0.0618753991138639	0.0383368617598671
-1.16399024598332	0.651843633853208
0.862137091299854	0.637680303291644
-0.232014787123655	0.115769806963663
-0.333856458330646	0.0956917261764247
-0.227679436423927	0.0732382795572757
0.955017933589342	0.253480850166851
0.824206423319396	0.345940153507605
0.446509788849754	0.179154127101327
1.46455689811314	0.485225385720349
0.668987620334791	0.479251092379702
0.0468465125303779	0.0275094021454484
0.163602798731091	0.0875066598798885
0.485729314480762	0.333494963607898
0.39070256187809	0.333989546553239
-0.136067305635701	0.0765980426396817
-0.874977090929795	0.804448629138805
-0.719063986172165	0.829619225235028
-0.428662438748428	0.329206464503708
-0.295749761347382	0.23959901687891
0.758507535269827	0.746426138956724
-0.199698276082931	0.185705391492482
0.76077697391433	0.749632189508322
0.180541415532687	0.138851291590568
0.273242150505793	0.235636926183596
0.425155863730088	0.33943193434933
0.198745146761879	0.177900106583268
0.283640264662607	0.221866828645673
0.766546558743119	0.937086266878762
0.956442916406983	0.944061154301622
0.44787743391871	0.343850651216089
0.62362069049847	0.586439386356058
0.804847118442641	0.872896219060776
1.32874265522746	1.55946891365305
0.674948079632417	0.698696472064853
0.471093042292983	0.344441891905138
-0.0640596853634645	0.0387877423735721
0.190001477627612	0.136652295610387
-0.117340448262255	0.0815103662640751
-0.31251133920856	0.298379020732233
0.501936435584308	0.450463388239525
1.39754038317664	1.89272379485533
0.190567392736093	0.137101654009599
-0.37555922836455	0.325803041322566
0.529469621401767	0.460876572202775
0.0967535217555907	0.0661409062802907
-0.136837954554064	0.0770711361798217
0.191812218628215	0.153376446946695
0.553790371925404	0.322929249316
0.466829697914916	0.443859472639866
-0.422410030554263	0.323277022272386
0.099740107571575	0.0708920376801305
-0.0153980173184973	0.00728846492699448
0.423966600827213	0.338457239130234
4.17847139446736	2.00361183825127
3.27025913837768	1.12233669524588
1.4604038372023	0.483769829709272
1.95793128711136	0.437766051086387
2.75704467106166	0.766025498669684
1.32813102430531	0.578875818998384
1.95793128711136	0.437766051086387
0.157971563808893	0.0296806747786729
-1.12725353624624	0.339405023147411
1.95879552552655	0.437985228139192
0.174933567082256	0.0439573605408891
0.959294652844364	0.254663957360155
-1.27866440986665	0.57493073370158
0.956021254579335	0.253830462538477
2.75704467106166	0.766025498669684
0.154643798015002	0.0523504544120162
1.46166504880046	0.484245680586438
-0.226846217348346	0.0730041921300852
0.167786821496111	0.0423548811213711
-0.620903335937371	0.151058535991718
0.15626889179089	0.0677879542374627
-0.0930138954786659	0.0369564417324375
0.554942636974858	0.323741632053027
0.609565261515867	0.319508890998809
0.165353233252732	0.0491580922731075
-1.13238809108681	0.341172314702962
1.95793128711136	0.437766051086387
-0.222038342595648	0.0714812050319378
1.33294654888077	0.581242808712831
2.11780862301852	0.945248734413775
0.40128520889548	0.181574932992367
1.27762301442068	0.704717848524119
0.563584244494861	0.329656572952111
0.323224079605178	0.210836315956865
0.30769689185872	0.223327325425497
0.695783013138439	0.609006157682222
-0.371563813697976	0.253908704083283
-0.772175342881733	0.658593227961542
0.803192295601286	0.763519646906381
-0.714629186279244	0.779481800457424
0.561308952554452	0.646176816861115
-0.522106861293852	0.51276289702144
0.756017747879508	0.7431323198332
-0.0316443340675415	0.0237732948170698
-0.218447785418471	0.141332198416721
0.366465079201767	0.342650437599919
0.571856200015403	0.56949853906607
1.77835873054189	2.83240349790831
0.113859317686852	0.086933218671617
0.283855897871058	0.267945731685916
0.192385456010199	0.153834869894973
0.276168537394862	0.245802816635421
0.531153897672646	0.4628994569785
0.760529656170303	0.8427182930168
-0.0383742592591792	0.028420479572229
-0.71285159166218	0.77621610744335
0.283187980976068	0.238003358635362
0.995333954138363	1.09447872582932
-0.0637516214346222	0.0386233277237507
0.191653589855959	0.143328128248338
-0.913731950441166	1.0954110823365
0.183811023291164	0.120441990604448
0.459539343007879	0.435016268240305
0.189295402988004	0.164248787589548
0.0168851923154562	0.0118033276759905
0.189598961034974	0.13627236586555
-0.525771575565207	0.517511684223473
0.561199797034603	0.576105742828117
0.798126730158931	0.957700758685066
0.375699931064061	0.342234106921491
0.0981464703746378	0.069705079778022
0.187903773623211	0.140188624914058
0.651817626000236	0.693879555715839
-0.703066729003684	0.670190681933456
1.24203077705722	1.36993388587394
0.163853552605343	0.0487595972376143
0.960305402281055	0.254935680101795
0.959294652844364	0.254663957360155
1.07359982425497	0.519417428828948
1.95793128711136	0.437766051086387
-0.625191995446008	0.152059991852936
0.677105074382106	0.214332831776124
0.15823182603157	0.0297179405544109
-0.728941542325998	0.249426183402838
1.04577073722875	0.395582052714565
1.04422575936648	0.394740889448914
1.95793128711136	0.437766051086387
1.82816209415628	0.714241631039221
0.676558588301015	0.214207370803977
0.157971563808893	0.0296806747786729
-0.521658376564381	0.197103710433116
0.670081697347895	0.212111377241056
-0.337924641037297	0.0968088152153293
-0.144946030904406	0.0518319984756812
0.952729371406254	0.252945498225285
0.1677792397568	0.0498341730879395
0.388946038380354	0.175460543021377
3.27129205644114	1.12317050813274
0.160747275176117	0.0543190407499541
3.64101793434512	1.43134239135362
-0.216906973772167	0.0698162939158413
-2.57447078703937	0.657780381714024
-2.57421277656498	0.657506382974291
-0.0986841463384019	0.039133725253121
0.352546290094507	0.197861076773174
0.553790371925404	0.322929249316
0.618011216426383	0.669523441104536
0.153267904345544	0.0519012670754554
-0.22305089035029	0.144614782371764
-1.34619516648608	1.54872202733723
0.594051843575888	0.478645138227996
0.0158286649548967	0.0110724304771543
0.406438463776376	0.336663378141066
0.429614979299968	0.426461518642364
-0.309046385887671	0.274379099906607
0.348053184894853	0.349741186722561
-0.0842548236546698	0.0609044135690784
0.926513416337909	1.04088055422618
0.555895883828563	0.569170771756035
-0.236117702478201	0.19641399199791
0.965121089078769	1.56156531719569
0.289787502591653	0.236291742987797
0.877695778865324	1.00937745196568
1.05709009372516	1.12233940663665
-0.331531400415506	0.289511951388993
-0.0565139008674039	0.042111630490695
0.722167280067462	0.732941196749018
0.716550201357799	0.806344423102642
0.71916011410857	0.729084045045139
1.33382059954748	1.7203514431938
-0.464556644149745	0.391429053680485
0.469269264524525	0.446975310247093
-0.30431726400181	0.269329118424941
-0.157949536060286	0.122392076184252
0.00697584397892631	0.00465839472114785
-0.676615258514605	0.53499482677066
0.196647999815946	0.157728690616707
-0.214300910485429	0.161552308336494
0.27682438227082	0.253453878698425
0.185382390962452	0.132974337524125
0.388471621561973	0.331870038225989
-1.80435090560397	2.80297086252912
-0.202385644967453	0.15157098273212
0.0724516755993289	0.0471411286137108
0.196030014378908	0.161914129088728
-0.136955257182229	0.107555273141133
0.184996103916616	0.127120205855109
0.910806851001693	0.493071807893256
-1.81200943037821	0.734241478143734
0.164468653517054	0.0489167663284228
1.95879552552655	0.437985228139192
0.158989511121608	0.0298299152293259
0.16190498991222	0.0302625824147867
0.683383169319648	0.216338964908015
2.56873197755166	1.42421105240755
-0.982304761044915	0.485944393851237
2.12413280944412	0.948811543038798
-0.33816613121491	0.0968120886418528
1.96141436018454	0.438711417164155
1.96141436018454	0.438711417164155
1.95793128711136	0.437766051086387
0.955450516302873	0.253599562429476
0.963167670198133	0.255599708567411
-0.61946410648704	0.150698865008898
1.04638771946291	0.395714063580135
-0.221443869104186	0.0712956025102242
0.176818183184722	0.0443715906559113
0.71549542386459	0.472391063162827
-0.215221304062718	0.0693199317381142
0.682768911730453	0.216205939655595
-3.07793266340176	0.957013587093989
0.158687948318654	0.0472850694532285
0.531004542224133	0.190160354232034
0.500254950411239	0.448456873460476
0.443537423508963	0.339602048808736
1.09005273088964	0.670838784331289
0.0372800689540828	0.0204874490212457
0.691319372339653	0.604183371176505
0.730364959463779	0.828474857012332
0.190136733145298	0.142059061858286
1.25148318777558	1.23146348161602
-1.04691118628023	1.09162127716618
0.351289986786256	0.197037561356665
-0.378243571857465	0.259454160379418
-0.312860175609003	0.186449288563646
0.882056465894672	0.658173025517389
0.195770718608906	0.156898755491248
0.293647461254094	0.221676366669009
0.0624159945953657	0.0386773050798064
1.39734806233374	1.89291719940322
1.49692943598289	1.97648666543399
0.563793431542801	0.473891133791626
0.809614705647227	0.64589065246332
0.526061596733318	0.456938720871716
0.803310940233228	0.63960800550136
0.498862660243145	0.446753239401594
-0.143585960634932	0.0976851928089411
-0.705841031578807	0.721487654081292
0.492094883530594	0.439089752113848
0.328506126416159	0.214717893564531
-0.0796502869852954	0.0574701422502063
0.17837114071284	0.110429121391235
-0.632083608175156	0.60931380933759
0.171036607343716	0.0916210958736166
-0.216262037765082	0.139821340599931
-0.636848852183794	0.375948882295874
-0.875500825775509	0.804494630801366
0.755336526828823	0.636190095821991
-0.32230518240177	0.227518082453241
0.619966414588124	0.581720471414753
-1.32479738467321	1.31269301401722
-0.430431541587293	0.330862540566533
0.191970745571671	0.138193530756821
0.628768503612282	0.592898152166986
-0.154075975681376	0.105320239722882
-0.688693931148199	0.601762839275673
0.19750290201074	0.130196676944445
0.0585600635964239	0.0343899867203599
0.1699253080074	0.091047952172446
0.181862704580829	0.112761894484967
0.663626114645364	0.474574965871237
0.158819332515352	0.0689233785889917
0.562498917188777	0.329377422392956
2.75805496536761	0.766752929661107
0.171653101789031	0.0431973221484952
-2.57821111666453	0.659475059970799
0.159251072645633	0.0298673857617753
1.46166504880046	0.484245680586438
0.176818183184722	0.0443715906559113
0.153830475350601	0.0520893555087474
1.82912964257087	0.714770179842855
1.95793128711136	0.437766051086387
1.95879552552655	0.437985228139192
2.76197196120423	0.768541369225187
0.959294652844364	0.254663957360155
-1.13182284417153	0.340904867919198
0.178378460373537	0.04470234426639
0.15823182603157	0.0297179405544109
0.157971563808893	0.0296806747786729
2.56255837512531	1.41870343382469
1.95879552552655	0.437985228139192
-0.339979595307007	0.0973896500376519
0.154259314455831	0.0291924198815566
-0.338530582329419	0.0969729638077002
0.15823182603157	0.0297179405544109
-0.338896474896558	0.0970421752101679
1.04272737841263	0.394268038065867
1.78211873145803	1.83036808277786
0.61695891827777	0.578156291559459
0.181080214999824	0.0972849538012041
0.7037596555527	0.618707257660703
2.12964240297572	1.48888809978438
0.41968589128129	0.334255134447424
1.11205816845969	0.848652762084557
0.348342707898586	0.213433355823894
0.303111825923488	0.219296100678598
-0.0665115886939593	0.0402908218012159
0.284132218653691	0.222356567251517
0.312821396454278	0.227653166995293
0.198836191403929	0.137548894790051
-0.00311277950797135	0.00214572345141767
0.325856691063491	0.226548632731286
0.328889887066789	0.228802692393481
0.514716552666497	0.328322398005514
0.802595674036944	1.0533649807009
1.05705402062984	1.469870052052
-0.185886508533122	0.142339056490907
0.175886161528858	0.114889352268692
-0.178989436262006	0.118939180803461
-0.183218960119594	0.122076358494535
0.90319131896258	0.926620511923568
0.368408024324075	0.334125294879482
0.299280684119031	0.226698584377863
0.315193252811274	0.218034488270464
0.0347495193135413	0.0191422837643103
0.193955850045144	0.133915953990651
-0.0112620017609174	0.00736289748327176
0.208570586397835	0.168429295946412
0.910410688441189	1.13507188379267
0.587835774713408	0.472341267486048
-0.219301373581535	0.141922744443181
-0.638414346589918	0.656120483486598
-0.0963424032285493	0.0682642013068264
1.13323185083636	1.02463153668644
-0.885675071706451	0.733813153399574
-0.308863912818048	0.142044756422869
0.18164272381593	0.112531486193785
1.78742359323788	0.99819212790008
0.534470172870219	0.191495164180491
0.173940988172143	0.0437550114519682
1.45553280775885	0.48172823735576
-0.336346534706249	0.0963182114993482
-0.625191995446008	0.152059991852936
1.95879552552655	0.437985228139192
-0.620903335937371	0.151058535991718
0.17294827606403	0.0435260072159332
1.95879552552655	0.437985228139192
1.06765362139235	0.515450204982361
3.64101793434512	1.43134239135362
-0.624623675797245	0.151937920429117
1.04726688944174	0.396088731238016
0.152959680335823	0.0663022352705164
1.06623516714224	0.515260674258817
0.520117580694998	0.450670904131329
0.798381159579485	0.480767183381933
0.0731797282353871	0.0476489971007775
0.189913182412373	0.124753461240773
0.699578977852577	0.61369940979131
1.63205907606527	1.14949660151497
1.69882342676175	1.98362513254785
0.70280277252969	0.617419303854227
1.15791545290962	1.43669893698051
0.189575956085948	0.136291391249459
0.282518103029055	0.229317402665515
0.764892103104909	0.934151740730512
1.16524428570512	1.56007922078162
0.449301616414308	0.32489108017949
0.675328169714849	0.485249353595542
0.62883680646712	0.685370632736302
1.17071634298351	1.57234375199575
-0.0390323477985209	0.0249622492443611
-0.101238499862522	0.0718958392002736
0.408060794026325	0.338198658032525
-0.00665377300854804	0.00430229965161408
0.0864310484118106	0.0610618798632054
0.0773631017170114	0.0504274192673299
0.187871905188825	0.145180517079261
0.328827896144261	0.214972950419315
0.493113274903226	0.458436485668979
-0.286390981475074	0.207983734301849
0.299724435145543	0.23658666624103
-0.329968630793055	0.233719407808465
0.206251810411026	0.171347282046922
-0.674977453333415	0.786307327060238
-0.299098196788791	0.242732671482919
0.068665536370984	0.0426142224422944
-0.0626009768565993	0.045864253749716
1.04637852794084	0.997803759964236
-0.877441513351841	0.807215664564693
0.586862361151249	0.471645478500275
-0.0482377674677971	0.0301046226331232
-0.320227921930375	0.22565980770355
0.486645875717309	0.451023123014441
0.186970926010439	0.122722561165808
1.04095157071845	0.393332373967802
2.75805496536761	0.766752929661107
0.174503749901052	0.0438676710334476
1.95793128711136	0.437766051086387
1.33268267273416	0.581267457492734
2.76197196120423	0.768541369225187
0.956455214607419	0.253949648163622
3.27232628525746	1.12331698634376
0.957025852492456	0.254006696314478
0.956455214607419	0.253949648163622
1.27496288218597	0.701642667176307
0.957025852492456	0.254006696314478
0.669467631715225	0.211908752948447
-0.972834921189375	0.480101600259086
3.6430217955396	1.43205157105291
2.12237275162321	0.948156957082224
2.56255837512531	1.41870343382469
0.619101069378393	0.325912235474467
-0.059687875454727	0.0259396616520237
0.164738242561747	0.0490009495728858
0.824206423319396	0.345940153507605
0.980420526890613	1.07024375178778
-0.024171214639694	0.0154935800142397
0.415997951283724	0.330736204866438
0.186784483703265	0.128534569340565
-1.26529890959956	1.37626637992081
0.18278018233336	0.12546808825995
0.134935440960875	0.11314284468484
0.593089239276774	0.573838342781865
0.0339307160928544	0.0253691381834943
-0.129413122659804	0.0904228109457503
0.964806425885392	0.658041875355121
0.627670900707558	0.591328108657085
1.23636632513325	1.49697113655591
1.11194456634896	0.850610439954682
1.09263359399559	1.38739075247483
0.296226920284857	0.242342277410833
0.900308905902246	0.922091794578319
0.963357765713202	0.95361422003755
0.48189591201289	0.44538230890746
-0.15004777352256	0.102383133264399
0.0899670368548561	0.0636340981234447
-0.188352810067529	0.144507484999003
-0.231528212405122	0.115526672922655
0.321374364865263	0.222869809926668
-0.53910718981225	0.341009793335635
-0.0494440771782071	0.0308606063252625
0.18343127271804	0.136526202085826
0.115754578533923	0.0910385361093486
0.697652646726386	0.611814349616727
-0.611404138372282	0.676393824372873
0.740606301758035	0.923465416268894
0.79998378894743	0.86586182177957
-0.329885220896694	0.262649904422544
-0.240571857144647	0.17763811902578
1.2494574736669	1.52108903678659
-0.00849827725956532	0.00558331162294892
0.626789834951279	0.478720737730773
0.0929116640725279	0.0634308007848984
-0.639202491703372	0.618580231975823
0.390542999332531	0.334018053560318
-0.0499179456874595	0.0311576940595788
0.187529747812673	0.134707803983926
1.57380699802241	0.780349499816827
0.531358567637365	0.190353154457246
1.03642094901871	0.391350967824649
0.16190498991222	0.0302625824147867
2.75805496536761	0.766752929661107
0.532196819047093	0.190683131950839
-0.216906973772167	0.0698162939158413
3.27025913837768	1.12233669524588
1.33208469099746	0.58115584608196
0.956021254579335	0.253830462538477
0.174933567082256	0.0439573605408891
-0.145062117775154	0.0519160893174986
0.157971563808893	0.0296806747786729
0.956455214607419	0.253949648163622
3.64813638806334	1.43480372807629
0.154314056097619	0.0670150898033003
0.163853552605343	0.0487595972376143
0.158989511121608	0.0298299152293259
0.673656731319726	0.21327169490293
0.612019993915014	0.321258722252119
2.7590679263751	0.76692961097815
1.46265753359042	0.48460907431551
0.679297187320958	0.21511425797511
0.674143348272808	0.213431626689393
-0.518386429636852	0.195700313035901
0.608728415009231	0.318902510778583
0.668504270521836	0.211524693005927
1.04969895669497	0.397129939971893
2.12632242307751	0.950125877513062
0.40128520889548	0.181574932992367
1.04969895669497	0.397129939971893
0.398273466203618	0.180150069006609
0.180933299834332	0.105220771607054
0.00606721102248752	0.00405236854324507
0.0320172177994973	0.0176500311810948
-0.0580140617270417	0.0252291360318496
0.374116124954744	0.189905009465218
0.336347480016832	0.220748946952378
-0.228300401261633	0.113883409091007
0.179984208229314	0.104485802622205
0.76077697391433	0.749632189508322
0.295149869250632	0.232424201983088
0.103180716656856	0.0759668010256744
1.0650364920903	1.13555223218365
0.705121644608262	0.620231893809685
1.51014486413955	2.00480619227918
0.718887673570246	0.476094621135678
0.340556699588624	0.207814646413211
-0.770540276372832	0.718312699632759
0.487164618754741	0.451687922894932
-0.308683892811565	0.251910327668633
0.280749510070279	0.243306268234885
0.277839370668577	0.232752670277859
0.0635488361225134	0.0393841468235258
-1.20892836791748	0.909498513760128
-0.207338671549508	0.133459175592828
-0.520387506404916	0.430401617728052
-0.059330497885132	0.0359180682178293
-0.642187978825241	0.661712880041299
0.990169372064531	1.08577086925907
0.284439828251872	0.239242752609757
0.30227474073604	0.218747547322696
0.333547348744078	0.203125082504398
-0.124088773815126	0.0696759502854584
-0.593417088561378	0.482091001213082
-1.08613413233008	1.04271928900606
-0.134918633973245	0.0759709267511411
0.726801679713288	0.482863679125712
-0.583848739924194	0.471761330646216
0.396398652565188	0.178907079465743
0.791701761285813	0.475756692654664
2.11784059999101	0.945083067174483
0.956455214607419	0.253949648163622
0.959294652844364	0.254663957360155
1.95879552552655	0.437985228139192
0.956021254579335	0.253830462538477
1.8373094140835	0.71841767362829
0.670081697347895	0.212111377241056
1.82710265989491	0.713711178135864
0.536145192793524	0.192183675780863
0.447719113317435	0.179573027507233
0.18127730244519	0.0453161194650634
0.173940988172143	0.0437550114519682
0.442006951162187	0.177215737576428
-0.0516887475647681	0.0225437629251332
0.161827967859275	0.0785412547514806
0.44877431656192	0.179961890266177
0.159251072645633	0.0298673857617753
0.674624067917918	0.213658555919133
3.26630303248094	1.12023058934939
-0.720453666514924	0.246264037870489
-0.148000056178146	0.0529246723651301
-0.216657809109618	0.0697687117469907
0.691234840835943	0.323229271470905
0.152905507940101	0.0517666814526333
0.455810449207081	0.183121015357883
1.5810016022159	0.785274495012863
0.158989511121608	0.0298299152293259
0.444349971118828	0.178174549713989
0.696629251122635	0.326266216208756
0.151061641523147	0.0578640062767647
-0.373582680025669	0.255514259614247
-0.0258771889757612	0.0120408003501774
1.09253884379043	0.674584404409793
0.162171049505848	0.0303007576998756
0.163874205585965	0.0712279364390244
-0.674743445918834	0.532437939330641
0.743472331889515	0.623142272961608
0.670220744553718	0.480474733954315
-0.0860811609036268	0.0342642556938252
0.401717453966386	0.345687642480906
-1.50803817040372	1.69419039988621
-0.137157527561523	0.0929982274067604
1.13581101963413	1.02836568900816
0.927569446608629	0.810765994830126
-0.0690451807496281	0.0507250660256825
0.442225742846928	0.338382318305403
0.468085742015489	0.341477074753659
-0.889974919528243	0.738246337640288
-0.234362366044949	0.117098664307339
-0.537805715262704	0.340290186918039
-0.700138325422662	0.666064892504299
0.00895343918485442	0.00464059283724707
0.929052620290782	0.812619715336698
-0.167677192822937	0.0893545186443883
-0.3797230864324	0.260625123281412
0.418060402953193	0.33265639016365
-0.564190138613019	0.409234155684273
0.164157356676212	0.0798043582811534
0.340930489801264	0.208195113444315
0.319811694711729	0.22159192102882
0.686841117481104	0.598625507683153
-0.0525594345353508	0.0229254914448149
-1.42903245661287	1.52031181541407
-0.0645353413421158	0.0390928022352829
0.440995341197926	0.337442969773045
0.188956282637744	0.1174082143105
0.31605404242375	0.230338794212802
1.07805209598932	0.522075525800195
3.27129205644114	1.12317050813274
0.172321312267404	0.0510455650622387
4.17432985406838	2.00006384756967
0.155205580878186	0.0525315583518307
1.04577073722875	0.395582052714565
1.46888833949966	0.486728891803906
0.155282002123357	0.02934225636165
-1.15929204485049	0.648670786694031
-0.222624406519452	0.071676838791264
-1.12825544522804	0.339732258677114
0.153830475350601	0.0520893555087474
0.164122988767051	0.0488286730136595
-0.232786415764236	0.11617536359588
0.494213743866488	0.340644854543088
0.800342421358219	0.759783493526743
0.958855818540361	0.254543321351908
0.174933567082256	0.0439573605408891
0.149666584584426	0.057386385337034
-3.75228333635026	1.47685987725686
0.178378460373537	0.04470234426639
-1.45982423076025	1.01486846845772
0.152955112301647	0.0586188343514661
0.878318128218565	0.654160873630433
-0.606305125256836	0.291049391021635
0.18400270559008	0.114167372559064
-1.15800823779582	0.647474519046185
-0.146671241838456	0.0524820954965394
0.699215316866119	0.327582927282888
1.28065215080374	0.706585249017493
0.0626432931859446	0.0388374122856091
0.162171049505848	0.0303007576998756
1.46067242606004	0.483688692701864
0.959865181244613	0.254814612498812
0.324584337345583	0.212007286944623
-1.31918897493161	0.825166875596224
0.450670854206607	0.180949272683851
0.330419162691336	0.201026912866583
-0.17504797452094	0.0934111080896927
-0.215501989525917	0.139317814117576
-0.23075400057652	0.115233732427464
1.77643811352224	1.39263861366191
0.732578544641433	0.487393425685265
0.71078833175383	0.626914916934217
1.95820940093696	1.22157732466635
0.867005690806095	0.796569832402912
0.712292622978675	0.469993898733878
0.0532218417277454	0.0312423146760606
0.628103496991437	0.479648912555895
0.936553081365182	1.05752119513521
2.41497751458686	2.07207615514406
-0.245725581266963	0.181979657345065
-1.51438671193204	1.70639509323196
-0.48307967015803	0.360667113570191
-0.532432967345611	0.336166146895743
0.322264015152044	0.210229184971343
-0.0892738099211194	0.0521864814805278
1.67397307400085	1.58826125503185
-1.03409217251283	0.825233163898874
1.2496198640678	1.22928616508387
0.989600444569986	1.08556763280991
1.14599281379191	1.17824298015
0.0765997122223695	0.0499233317514149
-0.0826233217707433	0.0596984707862022
0.669467631715225	0.211908752948447
-2.57821111666453	0.659475059970799
-0.643247688636367	0.381076677631914
-0.485055250851019	0.254552546447149
0.451765865281851	0.181387363507285
1.46498308680977	0.485505347800691
0.15804466225885	0.0686694918013459
0.566166793510917	0.561973691712229
-0.0982470290214594	0.0696714203095729
-0.790367805774169	0.804147073216267
0.324023588094279	0.211586569673541
-0.216906973772167	0.0698162939158413
1.04752875622395	0.396218430849903
-1.47163623568354	1.02725568756566
0.366634615200438	0.185837373471283
0.156422309161427	0.0679339695662195
0.17351044503084	0.0436385160120603
0.613285784116661	0.322131299994541
0.0630272969155506	0.0390755865656382
0.517543952519684	0.447635055286411
0.433309213540887	0.330190941219288
0.0793442911064374	0.0538998662331531
-0.259952568387874	0.161978017861207
0.328082634608901	0.214543397724309
-0.150196998613523	0.0536857002626707
0.176591379957697	0.120908894005891
0.150150342967694	0.0651467775824773
0.957025852492456	0.254006696314478
0.17294827606403	0.0435260072159332
0.877260173595557	0.653202912485543
0.96902839459309	0.9622158653782
2.10200972179304	3.20340922842299
0.682582554529695	0.709518486633339
0.463573564353588	0.455248438236495
0.486229513399567	0.333862868825251
0.803970543189997	0.64047645723298
0.618263780847745	0.325387680066842
-0.100345185411384	0.0587886511161096
0.408290786683822	0.185036316239631
0.816858221380686	0.654138420805477
0.337779080533463	0.206181374225968
0.658621081339389	0.599434978307562
0.352720930196672	0.198183527938491
0.62611341446559	0.47799371067757
0.484296815926205	0.332065850650664
0.481314317428856	0.329885101323528
0.334102477248618	0.2191400307469
0.664859208661497	0.475757332550937
-0.0162825286866362	0.00769110109292847
-0.0219493827511422	0.0102479340965882
0.31889203722621	0.221007868358292
0.158364306145836	0.0769893520085495
0.803789619689162	0.485193851831418
-0.384328457450284	0.302566407626548
1.37655756983667	1.27996337715941
0.727166971295571	0.483112629335856
0.671915438248363	0.482600503167033
0.858760162354575	0.786157873063374
-0.215099878962673	0.139015337053255
0.198517555648164	0.130874274786814
-0.0115305112140054	0.00752835201197453
2.75805496536761	0.766752929661107
1.04515347900522	0.395153426226023
-1.33176187290261	0.837661751575053
0.795084205836182	0.477916152341859
0.158128274235763	0.0534756396939054
0.368695667584339	0.186710939242188
0.177837698650453	0.103365555162801
1.1636451025379	1.55757184788045
-0.790597916740606	0.523925050439967
-1.02587348343702	0.405264690821028
1.45652080007828	0.482281887456809
-1.507638227659	0.53431243522829
2.36411949181154	1.18078782030407
-0.519768829568746	0.196162419845737
1.03703963555181	0.391624153547078
0.803385816271494	0.484877944855842
-0.789241788238973	0.522235738160586
-0.544214474178924	0.455465094622585
-0.782325430543033	0.67015016453313
0.561333955933221	0.471629108113635
0.179445597491616	0.104149908471788
0.96441952858833	0.657779002030001
2.56413449174958	1.42027794609881
-0.449429168602439	0.297731208780208
-0.533511735439605	0.336735046517813
1.33603551913475	0.58343053611899
0.1677792397568	0.0498341730879395
0.158687948318654	0.0472850694532285
0.915657621121693	0.496548071328934
0.692420083962482	0.32414977594069
1.02036038671439	0.845006396725084
0.366658257339584	0.185537745553289
1.45839592382195	0.910249267777196
0.365390978066138	0.184786643841318
0.762391419131149	0.930137328062848
0.103702075943551	0.0763423605631844
0.51583876401646	0.32878028860724
-0.0562155871972554	0.0244578979486987
0.158888580196269	0.0690437427047099
1.28065215080374	0.706585249017493
0.401740165398797	0.181802373833579
0.900169925633401	0.485875683129747
0.35749642138881	0.201062434861001
0.746354442979116	0.626469089810804
0.516192882646512	0.329027679706993
0.643896074924836	0.682267867861101
0.882407476193697	0.658570382756724
0.359404118718985	0.202275629622392
-0.173504431877345	0.092618710431774
0.331719262862996	0.217376335296213
-0.783849016371957	0.600086540800465
0.672097835630236	0.482342652028016
0.346137324695512	0.193830215522608
-2.06503800706302	0.936339193932813
-0.0162825286866362	0.00769110109292847
-0.132543113638965	0.0744868041612937
0.387186578802442	0.317021182411346
1.04881966420667	0.396662545686339
0.391557912045305	0.321347067468092
0.692906157846988	0.324320950565024
0.872817125341969	0.648450500992503
2.75805496536761	0.766752929661107
0.176253051776925	0.0442319878724308
-1.12949217626836	0.340258306499887
-1.03234101776345	0.824195748683276
-1.32923701020392	1.09379815881806
0.621145054905284	0.327104664961817
-0.131122919407962	0.0737530705508705
-0.242072879602352	0.178864499889699
-0.387163718913672	0.218446848260141
0.823642509432085	0.345787097083453
-0.00836941594313927	0.00410189230477021
1.04360842637382	0.394608583742794
-1.08997748000347	0.745599324871049
0.668438021157273	0.478824665795861
-4.57204369680034	2.50619899979831
0.518537795564588	0.33104517890168
-0.780702292715543	0.597139870265639
0.698983379033102	0.808356454759617
0.291699149272772	0.229289955195564
1.34997554269018	1.43051525330968
-0.263440467551972	0.164476556329389
1.06510817548044	0.514303286518642
-3.76151712574605	1.48246223735439
0.310644233880243	0.225855889739211
0.465414984575219	0.339104709809853
0.445577557034468	0.178539832045584
1.46067242606004	0.483688692701864
2.11692464856437	0.944608977413808
0.956139439532885	0.650665606861695
0.393220623172696	0.177598536190824
0.0131949066086379	0.00668264775888417
0.391149676178355	0.176673914061143
0.793426120306797	0.477168511145039
0.483982906926624	0.332034038352512
0.439399695388459	0.33588808748501
0.577840351824837	0.57734000406024
1.62548336717079	1.14110614416138
0.695535815089634	0.325814672468716
0.483551559745893	0.331337020104587
-1.6762360601757	0.947150477131098
0.694034968613053	0.324487655844837
0.398871780903681	0.180267230014585
2.56574673085875	1.42204746472308
0.168774858509076	0.0425819447497206
-0.514942080348705	0.194323588932325
-0.144946030904406	0.0518319984756812
0.560598646933126	0.32749890568192
1.27842205363571	0.705468048492583
0.496835166308317	0.342637626370551
-0.44271312718905	0.292388013393814
-1.49054507446193	0.753359448895795
0.602673931436382	0.31572422610464
-0.528250870128209	0.199803042210157
0.800957214667379	0.482887994629326
1.62506196596782	1.13956358671455
-0.601008956207657	0.28779238853772
-0.604005734887305	0.289642729874487
-0.538209355370878	0.34039357400902
0.613713906957544	0.322361292212776
0.700401077190125	0.328323832749525
1.08840860744267	0.670876017287655
2.29789675990578	1.79502153842382
2.1357615010648	1.4969917731314
1.45519106209337	0.908101517344353
0.432658017262575	0.329613766096975
0.753788564776559	0.740170063417822
0.186043989742883	0.115533416431642
1.5539058343629	1.34686100160977
0.655778846071952	0.595956320747297
-0.178454902923649	0.118630503865619
-0.790835646159902	0.860862943622207
-0.168917244658725	0.0900361838289239
0.910717972067089	0.493103833245526
0.126957614511335	0.105862890857878
0.079354222409904	0.0517522676600246
-0.0928928316155402	0.0543571791775568
0.0292052558398873	0.02114637682288
0.102175307961338	0.0751848745106423
0.833794135953308	1.07669655474845
-0.315555706771182	0.301966723751704
-0.284783089689094	0.255742878292132
-0.426983554922593	0.327562931327702
0.402843691346908	0.333050216785992
0.376643761144961	0.331636254321582
-0.631607252690822	0.739944191827914
0.191319294286014	0.131867457742322
-1.23401017786667	1.14533473167348
0.384633573267944	0.327689923014617
-0.211383913300877	0.136400184378816
1.02890154659521	1.32870822908874
0.270288211386569	0.239582780821768
0.282170506030938	0.272924587950346
-0.311757517175998	0.185828484580805
0.418485853876753	0.437069589970484
0.831620070236954	0.349690062054934
0.405633203912778	0.183888887597262
2.11957433477146	0.946159869437877
1.0912664394724	0.672111763361286
0.409640099480333	0.185714175592156
1.82399204056179	0.712148377760895
0.533279274552294	0.190972193500466
0.158380279982801	0.068744394324432
-0.127546501669739	0.0716383183602753
0.200858373455931	0.180040858040733
-1.41712137137376	1.71352093212694
1.96649418078604	1.22997614348551
1.00313269103984	0.824685133461463
0.102700693250861	0.0755910911014956
0.00145056698679142	0.00101801562681978
0.350774563236962	0.19662004234381
0.1677792397568	0.0498341730879395
0.150152135996396	0.0575673673890983
0.16323818852145	0.0485873708307168
0.160074184225654	0.0777473085164351
0.700401077190125	0.328323832749525
0.157865091107165	0.0767305022200075
0.374574291386029	0.190209147119441
1.11080640719492	0.847288352285372
-0.102281137529486	0.040537464974279
-0.221200715743042	0.0712222587266738
-0.221699714579705	0.110391407170155
0.163853552605343	0.0487595972376143
1.06903480350602	0.516605281541135
-0.0177185133593223	0.00833310884475783
-0.300638693279534	0.138067723189249
0.82943322207102	0.348499314234927
0.609628549235627	0.320098912642838
0.912077478050991	0.49385896673979
0.163853552605343	0.0487595972376143
-2.07121964727456	0.940607959344417
1.96848150261659	1.23131907264128
0.142984025751439	0.0548595344448823
-1.81676990665961	0.736858778572184
0.453617681132945	0.182119165755565
0.489810675387499	0.336570314239493
0.453617681132945	0.182119165755565
0.616770736545214	0.577792221450981
0.441914788274794	0.338277637107755
0.0118424244215536	0.00788283877954622
-0.0828908219606315	0.0598972935589848
0.332082029602693	0.346731178075748
0.448487931390254	0.344269206877539
0.624128261902996	0.587214161850512
0.32784688018417	0.214353681283567
0.39495527996449	0.324880973159129
-0.461677521245845	0.466389932939641
0.871484297947668	1.20738608314155
1.24362481606673	1.51097049323646
1.78546379556483	0.996996213867252
1.24286135095529	1.21891580227179
-0.221001115159541	0.143214526375831
0.409801303416182	0.4368986863035
0.388563579392756	0.429082377664783
0.462019434149067	0.53181331092768
-0.0777977457032958	0.0698400383266702
0.95966812088481	1.54890122223236
0.791986576052821	1.14784427669499
0.242201898674405	0.253629759891206
-0.0431564012803911	0.0319878238337779
1.66617638748365	1.57473881953214
0.701796260832714	0.616412686493259
-0.982236554516825	0.875164470576155
-0.224280104763887	0.170032016566835
-0.186261900131746	0.124275095122167
0.200675593962146	0.166160948162391
0.478678049829617	0.543022480412293
-0.127546501669739	0.0716383183602753
0.389103671827621	0.345147763081417
1.04908296441077	0.396700954123175
0.956021254579335	0.253830462538477
0.156001860021276	0.0464886178132163
0.674264818482823	0.213402910671394
0.150403608796311	0.057595035878855
0.151538255863495	0.0513200105304366
0.168774858509076	0.0425819447497206
0.405880644977478	0.183889503629006
-0.215815148052618	0.0695090074287807
1.33603551913475	0.58343053611899
0.686436412491899	0.320824033658619
1.24244039560907	1.21895190567091
0.657815771618572	0.957369593200545
-0.238263868544768	0.175686951679185
0.453093480981549	0.181948913825526
1.54537252742355	1.33445396152975
-0.939720493855191	1.2906709109975
0.961162936650684	0.950647587046211
-0.0200663516444933	0.0171525132879945
-0.0480293670538435	0.0464573112476708
0.708273605183075	1.05326319124644
0.554425780351911	0.733359332637405
-0.144578624966519	0.134162899494931
-0.0110494598791391	0.00846022825019883
-0.117929371846889	0.0819622405946782
0.695333135270152	0.325454598825694
-0.0516239826177708	0.0225232842879227
1.04577073722875	0.395582052714565
0.530044334027022	0.189693608597159
2.36121094029696	1.17903949937985
0.164738242561747	0.0490009495728858
1.04272737841263	0.394268038065867
1.0703619717886	0.517515132381691
0.36292315036492	0.183617881459717
-1.32282632649098	0.828957131301889
0.908680273620928	0.491719338853174
-0.146282635967707	0.0522900631456069
0.349341786882289	0.195993482392438
0.342341692432238	0.209188105953172
0.396398652565188	0.178907079465743
-0.094072952243704	0.0373618375582565
0.555663023311804	0.323833226239901
0.345843255763934	0.193639106596773
0.965738201396014	0.660029886603797
0.902442201228485	0.486908847367245
-0.0674002495015319	0.040853939698042
1.24781122317221	1.05442623975376
-1.2659924334123	0.567436729109623
-0.600175597498292	0.287329082308254
-0.624623675797245	0.151937920429117
1.07714058446895	0.521551155317269
1.28145307620796	0.707153534209762
-1.48582494700747	0.74955405412154
-0.141458683087843	0.0506000765513335
1.11554571465785	0.853828992494362
0.680267294542255	0.215376555237081
1.82912964257087	0.714770179842855
3.63896224062815	1.42951913528691
2.27308563798261	1.76058770544958
0.153868695124602	0.0589460710470917
0.909899110018734	0.492435787760594
1.95793128711136	0.437766051086387
2.76095211479574	0.768066673537379
0.151061641523147	0.0578640062767647
-1.0275611383961	0.406046323242829
-0.71869462645605	0.245625159522256
-0.0178634664077648	0.00837991119647326
-0.143853906865524	0.0514402627084585
0.154245041713895	0.059123870720067
-0.213543270792488	0.0687986075063655
1.83045100463037	0.715045718111181
0.451240643407656	0.181143919700285
-0.765393886375822	0.332069371790106
0.825379336771758	0.34645540063058
0.746884160876302	0.627125065411018
0.865945956978398	0.6416138063705
0.169388461455734	0.0907218011068323
0.195123353516491	0.134737232560187
1.2650393708206	0.884018883159659
-0.146671241838456	0.0524820954965394
-0.143611532931276	0.051362924221021
0.153830475350601	0.0520893555087474
2.14849371659195	2.21824040571402
0.691723790090258	0.323274815281663
0.401740165398797	0.181802373833579
0.37044155272462	0.187929888894327
-0.178163208116063	0.0952048911720494
-1.59485218909705	1.22377758509482
0.625476401914372	0.47788666085443
-0.909322852578413	0.662552542841522
-0.445080293549863	0.294485122598007
-0.307431564500809	0.141423831947824
0.610042079307661	0.320425989517376
-0.48087757367477	0.25182351403956
1.01791363952651	1.22161403189034
0.61039546256565	0.462729490055799
0.533275066051755	0.191011050930048
1.06606733749636	0.514463403746672
0.158859834957376	0.0608579198577864
-0.784945343412823	0.518797970278624
0.379124209948359	0.192801639726405
-1.27646499935786	0.573640288037447
-0.309748869490558	0.184376009181357
0.148612908401246	0.0503807422085685
0.155205580878186	0.0525315583518307
0.397589917162397	0.17962908279386
-0.638491337063653	0.376995050645176
-0.018880160001	0.00884587581314163
-0.0197822917427009	0.00925862892272777
-0.438804664067705	0.28938619251377
-0.126817670832595	0.0712388356494098
-0.442166566611799	0.291994376722256
0.15357905718361	0.0520023014569825
0.065308238302029	0.0404898990785157
0.799599712596906	0.481451771531317
0.0399646299134869	0.0235279331521149
1.09379959873732	0.675688239779991
0.666218979811306	0.477260383497234
-0.533129103945878	0.336644958540558
-0.527003864343233	0.331659845020336
-0.216657714135014	0.0698098910080456
0.159042375477486	0.0473891494040675
1.33543856501865	0.58285380410182
0.695380870086302	0.325557520645346
1.07359982425497	0.519417428828948
0.907610028553921	0.491416676527645
0.696502272331577	0.32645172621025
0.514957908138106	0.328067426415809
0.605566719377177	0.317699728718819
0.326298066844965	0.213217797915566
-0.441476590654048	0.291717243561275
0.494551139833572	0.340607791504434
0.189262461119601	0.110332214830889
-0.197321752323666	0.152135114726475
-0.252512250124795	0.157000096563845
0.163385326304233	0.0709625473932045
0.18083332996823	0.112107048143367
0.401740165398797	0.181802373833579
-0.640084508314125	0.3780539231689
0.00867301597388976	0.00450461435581255
0.147176434750216	0.0637835526852027
0.617514804651082	0.470021891947151
-0.31484954046149	0.145024597941581
-0.529190801986384	0.333608803131379
-1.32453605863609	0.830692861463189
-0.385776862669459	0.217556384018295
0.331217951590733	0.21677462718597
0.402024974280747	0.181872674967874
0.664417298260356	0.475659441531495
1.62389796797166	1.14206436495256
1.46415237669557	0.916488974489246
1.96786395681143	1.22985786856412
-0.133541631473199	0.04788475161294
0.817616522741687	0.34285529214041
0.399860932485817	0.18093521728597
0.929841683358891	0.812774513729275
0.526206979467591	0.337052439027095
0.521397005108436	0.186513871186962
0.17294827606403	0.0435260072159332
0.152346609586538	0.0515961830574703
1.33232181501832	0.581040506436256
1.82948417010899	0.714838990299682
4.56715102413847	2.5673966511002
-1.46355881178618	1.01808813435217
2.12837415904402	1.4879789320003
1.78285952594706	0.99511481759171
-0.785242035886997	0.427924666448344
-0.784836787111881	0.518156987868098
-0.0244093031506515	0.0113740219434114
0.156755601931667	0.0530279383533015
1.27366474233798	0.700474146494329
0.186235693151182	0.128125569993137
0.96441952858833	0.657779002030001
-0.779083553575765	0.513318377840907
-0.391383144839931	0.162807020962866
0.397132083199872	0.179401062142935
-0.388616348803756	0.161472050237788
0.552361254509748	0.321260425602494
-0.0446138636647357	0.019564067305183
0.555429454206339	0.324148639297052
-0.337583485413878	0.296034352400066
1.24592756199533	1.3759849637194
-0.1769190214345	0.117524594839083
0.184183028446795	0.107144126173425
0.329701221561495	0.215643416870016
0.178013623329349	0.127200448557923
1.26001671392621	0.878387717359557
0.589527966468546	0.474197321682876
0.0655054994581174	0.0425657293838839
1.04095157071845	0.393332373967802
0.179333470226985	0.104215085231593
0.170480351839814	0.0829683512522305
0.368367107355622	0.186847173098051
0.726436282032843	0.482549234736184
0.161695182389064	0.0702130693217051
0.15346109818982	0.0519469378074066
1.26087008432009	0.879492973330155
0.559129781818743	0.32642987999536
0.456332736512093	0.183336741097112
1.45466141444798	1.65767853735679
0.319833924580629	0.20832435301757
1.16346200259215	1.44796158998648
0.0508644938544103	0.0298732676108532
-0.781481075617604	0.425667053139429
0.966182335004868	0.958337372199603
0.284058591631465	0.254071413149772
0.561750093443616	0.328263256387083
0.67618078553542	0.486437230541836
0.403840234728367	0.182839558500315
0.606318194482406	0.317828333610251
0.445985854243847	0.178925932999787
-0.774107175134857	0.722987922679267
-0.487509505116511	0.256298543400049
-0.315746848125544	0.18827395295596
-0.308438385207476	0.141859233212143
-0.0293942460042379	0.0188074927079229
0.518009260968797	0.330588885181151
0.96441952858833	0.657779002030001
1.78223064833056	0.993792966901936
0.825822744600111	0.346704236374962
1.4633374068608	0.915661012677735
0.912807183040731	0.494638260715972
0.155977003538966	0.0597564056633356
0.702493313514779	0.329429676228103
-0.782450985410613	0.42565310658751
-2.01653618605185	2.10925563666472
0.0277357675983403	0.0153357422001697
-0.14575574418188	0.0521067853554539
0.613695349492364	0.322431107704122
0.153868695124602	0.0589460710470917
1.33208469099746	0.58115584608196
1.96321865767871	1.22590084160255
1.57665847201362	0.782477729891176
-1.71185368984358	1.43621454734113
0.0147277082494144	0.00746940034239396
-0.0939468953498199	0.037282483387852
-0.220849649046566	0.0710925897619741
0.34918142120982	0.195917379202985
0.72274362201236	0.479272045586727
0.157259696796029	0.0532031124835433
-0.520247337760647	0.196503376535909
0.153016180557848	0.051821004050093
-0.519206724701637	0.195956166156021
0.614533496600156	0.322974839232563
1.62468461696664	1.14227082164532
1.46058378808219	0.914030324170296
0.365436386963589	0.184821741432925
0.459132097883467	0.184509140031434
-0.239580717862852	0.119884968840648
1.00796211197609	0.830551005698199
0.711144122014337	0.469233081524015
1.14275032757982	1.03772191787341
-0.338224441106382	0.27056418810361
0.456563346884814	0.331503423527918
0.314817966482747	0.217753171013529
-0.342709839099252	0.274751411749641
-0.23249995718918	0.115993240790635
-0.145472337378192	0.0520149972990822
0.181308996010861	0.118658165888986
1.33124526814043	0.580684485642859
-2.06129942058467	0.933944478436013
0.169036782389613	0.0905308111385053
-1.59413641678836	1.22318561613355
0.157124305046094	0.0681754043113497
0.16306237226545	0.0871895951892192
1.27775554790304	0.704092651126896
1.90908051225572	1.65494336855214
0.517877721078966	0.330960450093773
0.00623589724728498	0.00330792510825048
-0.206977517176341	0.133214800015972
1.28114055062313	0.706651167560487
0.193913302918834	0.127631065677267
-1.03409217251283	0.825233163898874
0.0760979451469195	0.0516310259760999
0.0148623081778494	0.00750743304300587
0.180725472120655	0.104993641971309
0.597947711135657	0.579683155364566
0.462568518821217	0.336517683637046
-0.298508339739956	0.242242440370847
0.410797195561939	0.341057378690794
0.0391276797541254	0.0214673691987302
-0.52784329410458	0.438505417102327
0.0715016197082723	0.0465344035120232
0.490224291410554	0.337295720541046
1.10401771688941	0.683712288072206
0.175254950565339	0.108328356368985
0.0675066365054963	0.0418878892281221
0.0194437728694163	0.00983145222374157
1.26675241568352	0.885734691314411
-0.622033148838641	0.556116490689878
-1.53810477711752	1.47568016626911
0.288615671180592	0.226229614249104
0.279912239972485	0.242436294406002
-0.242975477902806	0.179629393249848
2.41341880454676	2.06906446920747
0.186379312242891	0.128117298357143
0.441769014084281	0.33813055203667
0.274088760037995	0.243594080472838
2.35867500117237	1.17688948319321
0.607143934233885	0.318378591227691
1.24858713684981	1.05790428057599
-0.863821395796446	0.862779499693403
0.725367763681859	0.481039021720142
-0.51813278394033	0.324749380470351
0.616590120507666	0.324234162702078
0.295082527620694	0.241130615813321
-0.981001989389153	0.873635088029043
-1.32903278684979	1.09429529516176
0.188059266814638	0.135118639426122
0.52621867352396	0.457429330256923
0.793414845257942	0.477785313495438
0.899804813387002	0.485583229354252
0.449104223369422	0.180078725037951
0.676558588301015	0.214207370803977
3.64307322645936	1.43171095761068
0.536145192793524	0.192183675780863
0.67498185747701	0.213690207850534
0.696459142866492	0.326053092249681
0.16323818852145	0.0485873708307168
0.147802728209744	0.0501147268752412
0.150799488780929	0.0578200275109856
0.190084623955786	0.124952427763724
0.291125122778881	0.369098666601345
0.757151433274475	1.02959642020401
0.80202366355065	0.484152592068318
0.151873414100974	0.0581755081573951
1.83009713438939	0.715173729277155
-1.16218228450367	0.650423445856817
-1.27409648366397	0.572425579984391
1.4653268173162	0.917485860519571
-3.45172595803352	1.22146685013561
1.46398903776532	0.484992681122713
-1.50512968650064	0.533411802331246
-0.099708115022218	0.0395460957115586
-0.513265508496353	0.193649815889796
1.58044007528964	0.785210824870142
3.93297854230234	1.72057752612902
0.563308602549629	0.329279693188676
-2.47127579562868	1.37412610584272
-0.973169059064484	0.480406925756106
0.831620070236954	0.349690062054934
-0.308011677664736	0.141642814593305
-2.57447078703937	0.657780381714024
-0.776134277136322	0.337766909090875
1.83223894779093	0.716336716062103
0.175496922320134	0.0440701137079318
-0.768438566212941	0.333785190075404
-0.216409245079586	0.0696890647462961
0.172223255009213	0.0433240097489323
3.26835783601252	1.12163011968705
1.089672143801	0.672008207200398
0.356190985342968	0.340726871930672
0.157579238142123	0.152742320364235
0.409394031459849	0.436249288585195
-0.318873339532145	0.305625482986531
-0.237508425612446	0.230320429138943
0.33250598585092	0.339009880157358
0.326230793788102	0.362562979555578
-0.0868471832442953	0.0628685356994473
-0.0899264711949583	0.0357614708101109
-0.225926711253381	0.17146914972291
-3.75348509589231	1.47731393970503
-0.0935377806976354	0.0547390713570554
-0.0651334717017538	0.0394666425869513
0.195143165389902	0.170041206458139
1.13189458521256	1.02441099468124
0.442645878109584	0.338704051724798
0.162115197143917	0.0547627677851446
-0.338715591725161	0.271123528868068
-0.115230623421469	0.079967218722402
0.0080889888102708	0.0063034342657646
-0.147002586563832	0.100134777982626
0.394283489268815	0.178306774270366
0.284252420934257	0.268518688498102
-0.203037974038239	0.169828358887527
0.027692165864608	0.0207035059265938
0.698526433464107	0.61246746052176
1.27527444013123	0.701986201756967
-0.0928698189527956	0.0369039896605711
0.0210120731464484	0.0146652430751744
0.137900257773144	0.121390473219042
-0.306013411985618	0.271005933208097
0.362814898597621	0.348678316495715
-0.376702919925139	0.327012604308294
0.371776771201484	0.326493092770745
-0.987369274706766	0.881333261730623
0.181767071552809	0.119055529315545
1.57186884386259	0.778956117918399
0.549139204555703	0.319610079710307
0.689818595611992	0.887166129241714
0.078091247775709	0.0509140759648772
0.795402939993157	0.478878610214746
0.30615546767363	0.221973002052273
0.255622015987341	0.275876380337419
0.175156280733255	0.193950070137324
0.0500546923739551	0.0446338413978304
0.397368290556638	0.179765383634484
-0.0176492739461855	0.00829624624869829
0.544023707796454	0.553219690987768
0.291808629995967	0.269730695468687
0.209716125607234	0.189150733736995
0.964058899078361	1.18212665535666
0.513711849175194	0.621854875378027
0.37300354735278	0.18928949292634
0.148537122320619	0.143033744730198
0.392184862421165	0.177219357884339
-0.606124427586099	0.290669169308401
0.401133920191178	0.18162296836342
0.487294420306738	0.334175074205403
0.117677334115713	0.0900421176956477
0.526880431587655	0.627061269524864
0.445219196387458	0.531535931277388
0.114513554604886	0.084789153902324
0.58473650380101	0.733697108052085
0.151286959714886	0.143171546751254
-0.056741056109785	0.0246921392211106
0.617576938855892	0.469715893474592
0.180924082593943	0.112067500813656
-0.296893882082871	0.136216709670729
0.157809365437772	0.0470462908960921
0.158989511121608	0.0298299152293259
0.474685458900211	0.522929952989445
0.340515252953153	0.331557635113338
0.421940139848604	0.33644995950659
1.15093892174719	1.30912882069167
0.351062855666971	0.353253977294515
0.903030887675866	0.487995286948864
0.441943033911723	0.177112743935041
-0.976965501384897	0.482541778931257
-0.0972236600531154	0.0385988317378999
-0.299012127187223	0.137244335518929
-0.301486596801674	0.138458113411429
-0.718417185790278	0.245411018109158
-0.597859480956623	0.286396317032746
-1.83296910784539	1.15458183907561
0.697117779795317	0.326513192615626
-3.75779539313074	1.48038803127513
0.961668106545979	0.655987821756881
-1.27840133122234	0.575024543685974
0.151061641523147	0.0578640062767647
0.535550464072287	0.191953357336806
-1.27813836358657	0.574579345804312
0.676558588301015	0.214207370803977
-0.388831393929054	0.161801785701268
-0.66385999880053	0.46308731386584
0.14330731122188	0.0549792272833062
0.00867979241635134	0.0044867153422929
0.174503749901052	0.0438676710334476
-0.607904871148607	0.291831818524525
0.148775595122831	0.0569657699760709
1.06540289518417	0.514719544781792
0.470311130144523	0.343447150991299
1.3168417323158	1.82575330584276
0.565305673137066	0.560632839254192
0.933299053325351	0.81771096240401
1.1571071021976	1.4349367660793
-0.213981054513302	0.138186563825731
0.0543219697430718	0.0336455365407091
-0.97301687236842	0.480012934146608
-0.784577378160551	0.426733493868303
-0.312108431710917	0.186092557766673
0.163853552605343	0.0487595972376143
-1.79763019308962	0.379603777700996
0.366173639642136	0.18553656804876
0.330159743275206	0.216160955468017
-0.259399536388115	0.161672305437734
-0.947088603622791	0.580968983112957
0.15100555628194	0.065495908099098
0.351096347149468	0.19711149631605
0.515421458988898	0.328801501347968
0.629064982155355	0.481224352759902
0.0232223862065165	0.0116869568228558
0.149180842462169	0.0571985256612232
1.33184695246066	0.580735815343295
0.187130380451064	0.144502284986815
0.0366864821643908	0.0201567082648516
-0.0289659871017072	0.0185373282491649
0.0115002492588806	0.00587231889206024
0.185640868834519	0.133218539394788
0.191955437352417	0.132390153197151
-0.452102720327218	0.299892594529456
0.316419665713582	0.218795027116562
0.0157602655172772	0.0110185325935943
-0.205541825332157	0.154158419197846
0.362110827786945	0.326889572837398
0.864246561855374	0.792895607933591
0.35908944098473	0.1816672890361
0.187569565942104	0.11655865380232
0.61956101245546	0.471913932755962
-0.389980055324487	0.268730445875018
0.339189679437724	0.207156684907402
1.77720792427184	1.39635875777193
0.759726084424328	0.747820114165669
-0.0533645311784171	0.0232532596097617
-0.0231253432311379	0.0148340627384182
0.359696403623335	0.344936960152798
0.355911261208391	0.330158218518075
0.302897180209052	0.229887613598744
0.147365977678734	0.0639671770757123
2.03533116837764	1.93491545494623
0.31919748872333	0.221260617651634
0.180258757948443	0.111628844624566
0.50102444318192	0.545836510992889
0.382288346969293	0.337876792652205
-1.25724638019046	1.36360233998288
0.555435355121989	0.32362450333072
0.0783581289110136	0.0510990766752549
-0.94146257643498	0.576861694930079
-1.67944493155032	0.950198491020748
2.91964631323508	1.97761817140739
0.289350649976003	0.244145609248027
0.633616273003694	0.598902444080873
-0.310214663169339	0.275659952608661
0.45803784826986	0.332812962214544
0.382444762651199	0.349518795102317
0.182706476569737	0.135961224658167
-0.210584356907052	0.158438772926819
-0.692113050237252	0.606188976902932
-0.444855063726956	0.294297146977449
-0.516748730928915	0.194980159188936
0.181054559649883	0.105197557901802
0.164761276366281	0.080065335550114
1.33435126799908	0.58211833296484
0.535550464072287	0.191953357336806
0.531345582827114	0.190314424621574
0.438949203420836	0.438410646667859
0.209131611989146	0.197608021208556
0.298324660692475	0.235257865514389
-1.59516519460311	1.2256682757398
-0.302958297338317	0.267879213841891
0.810983807584725	0.773735065876318
0.172969026458302	0.100295202272578
0.517193773877001	0.330245540793111
0.556300937150809	0.324762668180875
0.49140992898984	0.337934885385332
0.663871609701923	0.474808419193007
0.481395901716904	0.329761302372891
0.154081774580399	0.0521624398881256
-0.095883161875397	0.05615127325712
-0.600741526398751	0.288017415152083
0.182658028195964	0.106182182481625
0.153766159896266	0.0746327381809499
0.162119998197361	0.0704035765209985
-2.11290911387815	1.62352153842481
-0.53278098993602	0.336417439568642
1.01267012388286	0.834948889763284
-0.305662986710583	0.140445653088562
0.872659364742024	0.649270569778929
1.28720057990306	0.71152673567955
0.166887406117368	0.0811385656096965
0.617059777007015	0.324838622032231
1.13288668823221	1.02543097530474
-0.226925263185246	0.113248892454732
-0.942435466605907	0.576986319466373
-1.48819400803091	0.751580724335337
-0.218606932822951	0.141517814176652
1.09829202088655	0.678850166352023
-0.996434184151197	0.894383939305291
-0.387892471969684	0.218937979377614
-0.0969894385683028	0.0568128523249361
0.793661037123066	0.477581020000931
0.719908106092926	0.475991521448749
0.162119998197361	0.0704035765209985
-0.0530093790631372	0.0230955679263573
1.53958132845709	1.32692128808488
0.323464059611923	0.211138127578135
-0.974647797243994	0.961141385939992
0.344305927330633	0.210784745047859
0.374116124954744	0.189905009465218
-0.337924641037297	0.0968088152153293
2.75704467106166	0.766025498669684
0.168739726587881	0.0820852039273271
-0.389223495209093	0.161850972842159
-0.604078733044259	0.289726324219365
0.402194953690068	0.182009168056006
-1.03334405104813	0.825292771927785
1.4867909578479	1.50115694211682
1.06928895617245	0.516367051541987
0.800012864499992	0.63627749575257
-0.389327198551746	0.219857880899914
-0.486394825490761	0.255291608555235
1.62713472349948	1.14515862014709
-0.669070513389725	0.467947437387268
0.862105064180938	0.790297483841548
-2.11078512437493	2.34454059251376
0.88578127544053	0.661940983204135
0.354170168911684	0.19885555151743
-0.174554448759152	0.093230412717593
0.32022091395615	0.233716583868722
0.187192232043078	0.10903278397639
0.478098537643497	0.440881960703515
0.838856716273633	0.881175950315233
-0.786732599171272	0.603140833163766
0.759328100983801	0.747822758656463
-1.15963960719356	0.648048133271907
0.879847320632206	0.656016945851231
-0.937770004241301	0.573698781395977
-0.78354190166851	0.426563866420115
0.0513167212313025	0.0300926659423057
0.351658500117517	0.197271498123271
1.48467871379208	1.49601928557393
0.857586106227388	0.78476812760105
0.620323040908876	0.472608162746056
1.26994085537874	1.08416965735569
0.335770182049059	0.204646707023563
-0.050820125618477	0.0221866782952363
0.32338382869799	0.224497234414088
1.11337513250313	0.851426717269563
0.416835760850885	0.331491845885564
1.09662476421474	0.677435815182206
0.48869645088068	0.335960031906092
-0.147985094540419	0.100858624100228
0.287576682050729	0.234177674423264
0.193313690092366	0.127182209776079
-0.476163045113858	0.403976815735806
0.188777663986156	0.123952874461513
0.449616020115266	0.325152940682171
-1.05209922014128	1.10010616077905
1.25543252883477	1.23863642228216
0.489275698161721	0.336054042798982
0.295952879267861	0.242101299918895
0.173838939102838	0.0932450701652553
0.522768153663578	0.33464857621311
-0.528054006316164	0.332530593705607
0.33390538421456	0.340812125836764
0.173468841953342	0.100534950175177
0.679925366217251	0.490022414442691
-0.776551343851799	0.663573231630721
1.14097122231003	1.03467686270421
0.342681276009909	0.209432652361837
0.97242185037301	0.665103351048026
0.798337181622249	0.480544120208121
-1.46620137904145	1.02145994776526
-0.0698547101166438	0.0423561210017675
0.487428503520186	0.334878705628692
0.177872042748806	0.0954609452331134
-0.299471021638452	0.137307152580702
0.158890762970205	0.0690358691815923
0.615387940289991	0.323475031360219
-0.145472337378192	0.0520149972990822
-0.0899980946845636	0.0357944912396306
0.661939461208533	0.473373789877141
-0.671527026361173	0.529268479446986
0.448729160918393	0.344367291554148
-0.177455363035994	0.094861214172429
0.0506715426640538	0.0297348958838578
0.373706853150244	0.328530023238565
0.563381997516723	0.473992168713421
0.423802169179225	0.338077856070378
0.161438619795304	0.0784736394480948
1.35588662561905	1.44083369077565
0.483560645244006	0.331747171452235
0.170686057279547	0.091357386006332
1.77647371645447	1.39355144843118
1.01567819485938	0.838738950518696
0.747321375402941	0.627067320232241
0.619208173083419	0.471714516176763
-0.875999351600599	0.805231393248521
0.60989074382854	0.595046291022017
0.0888121799046788	0.0605201457569557
-0.0180848774952763	0.00849908279246793
0.308841404452253	0.212974039990039
-0.388501806646537	0.16172016306946
0.367097013664831	0.186100758524729
0.335342203093871	0.204371373388336
-1.48582494700747	0.74955405412154
0.175518846802047	0.0941263122461347
1.25170238642343	1.23202582713375
-0.780074883877053	0.513977214695098
-0.330737274143292	0.263526280262364
0.518422442661076	0.331410570091614
0.534660791534271	0.466774017057592
-0.260965692271139	0.16285543861979
-0.53875696789528	0.340733368910191
0.529772095744511	0.33985745771128
1.37692597879184	1.28096598728049
0.038082959351471	0.0209422948661755
0.350828041574008	0.197097656124282
-0.531182872940384	0.335088750975475
0.34744664841866	0.21280593498107
1.14821041992818	1.1816478466116
0.551380599846145	0.321386387407782
0.525737293615157	0.188118349247929
-0.723495739913315	0.247436366504984
0.356606547986663	0.200491681537825
-1.28330874837703	0.577561243284864
-0.791680758354773	0.432517292088394
1.96538836840132	1.22798688776171
1.4604038372023	0.483769829709272
1.95793128711136	0.437766051086387
2.76095211479574	0.768066673537379
1.46415237669557	0.916488974489246
1.45553280775885	0.48172823735576
-0.141699082635289	0.0507192347670775
0.147802728209744	0.0501147268752412
3.64204563210395	1.43174087144813
0.165353233252732	0.0491580922731075
-0.725900238850153	0.248251178610979
0.16934280349587	0.0427080042196444
1.55063246076015	1.34221426483518
-0.0902375746558826	0.0358652242220136
-1.27126584317639	0.570402539019269
0.155167108781228	0.0594478482028144
0.362869512422074	0.18358041442928
-0.934521685306961	0.570832776576912
-0.377648276370799	0.258698403639485
0.665070423735328	0.476135802473381
-0.489201183987723	0.257095059240052
-0.777138743197495	0.727261334064516
-1.51854968806898	1.7124404627764
-0.145229067230335	0.0519186816977856
-0.393129843046763	0.163834187389339
1.0418455851348	0.393863567086238
-0.0554683252383234	0.0241516674699032
-0.0976023795555503	0.0387438935769813
-0.0909847244272741	0.0361371853805165
0.0402720468556374	0.022114484741196
-1.59301914414521	1.22080154455285
0.872238734456713	0.647511946007642
-0.135633242702241	0.0763678591728158
-0.665064144585122	0.464338368740548
2.35644972552547	1.17556809682065
2.1324771227224	1.49322310961672
-0.141175092974388	0.0505326225047206
1.09457677601994	0.675868224967627
0.343127464209354	0.209916301833903
0.535550464072287	0.191953357336806
0.619645549176944	0.47173085305826
0.608362149988659	0.319252573603069
1.69126554725846	1.96951075228834
0.0389377507530893	0.0229356948299232
-0.638040408229474	0.616864161437827
-0.527285265359501	0.437938988092329
0.0713946185677913	0.044335490798219
0.304405538477592	0.220617823078815
-0.644179234069853	0.381337940213973
0.189158149007428	0.117626010655995
0.163468438505551	0.0793304229913525
0.478903568494025	0.327377928845349
0.175776189250159	0.102074864054941
-0.0132752681189661	0.0063109043480374
0.590699118782525	0.475490606838523
0.355350823994931	0.199671102863459
0.00706001739604883	0.00373418579189392
0.319089935104428	0.221110749369869
-0.431396187280828	0.331656117001206
1.90534313444312	2.12601548489708
-0.213343517926835	0.160840784431073
0.874326018499465	0.650820653744334
2.03620412410536	1.93671090664728
1.03703963555181	0.391624153547078
1.07116116689747	0.51803508033569
0.446509788849754	0.179154127101327
0.452290871775091	0.181603858248631
-0.639700186270435	0.377780570593929
0.449630843335617	0.18036536102035
-0.0626812350034739	0.0379668247970206
0.321327831885141	0.222929333684632
0.805896360167116	0.874903411385974
0.823078351695812	0.34550391355806
0.154392805413983	0.0522705690038812
0.399151628609466	0.180400422696606
0.613840141832995	0.323015922407442
0.715467250913821	0.724069287258656
0.898329645901624	0.918902067271075
0.720649924118656	0.476518368954662
0.0848042527884118	0.0554138885270347
0.184813181285796	0.107630633588096
0.861797308207034	0.790069757613365
0.163186303324289	0.0793626468246789
0.367964036686046	0.186598331400352
0.165530272619282	0.0804572609978174
-0.0907818690290472	0.0530656868535821
0.661987997707088	0.473172599239892
0.390823529016064	0.334344095606676
-0.181185696233802	0.120562328617666
-1.33571826813274	1.10235121427609
0.724894280540333	0.480957462280712
0.0668203985133313	0.0414483984715075
1.37815739829116	1.28101968817856
-0.140607226248752	0.0503348682136809
0.155913299008795	0.0676212095555359
-0.0902375746558826	0.0358652242220136
-0.0751302115135683	0.045608172065799
1.03487416222008	0.981033792881844
-0.381585514419045	0.299921057228898
0.332092649506853	0.217422173457555
0.544471900362513	0.3166272126127
-0.784039387275564	0.518108951689053
-0.132044019962671	0.0742939019733676
0.693632776393922	0.606614474455264
-0.666880453352024	0.465810369549804
0.930387829758728	0.813345233494251
1.45564799430337	0.908821057487525
0.906791573876358	0.490804431242051
0.725384394430405	0.48156289065654
0.18712030834304	0.108969956067363
-0.294941690896117	0.135168308046352
1.11624383373229	0.854084755792822
-0.228020669711813	0.113686978794532
-0.647979542723619	0.384132937778223
-2.34132087891524	2.12964984765023
0.903722421764725	0.487918961889201
0.16308272634494	0.0791636749845453
0.612857515220163	0.321860452160467
0.174759383020117	0.0937983104703925
-0.132868749349123	0.0747289703787366
1.01438979458774	0.838059600578917
0.665153180005634	0.476495411126224
0.7037596555527	0.618707257660703
0.317873100191354	0.231825251755262
0.550862635889264	0.320631603060429
2.11780862301852	0.945248734413775
1.33439543234949	0.582213962448826
0.678327026073525	0.214743904761834
-2.57421277656498	0.657506382974291
-2.57447078703937	0.657780381714024
0.818179749289425	0.34304118495458
0.685899750435265	0.217091987488059
0.692532404089303	0.323793911411476
-0.3866214302842	0.160747108599411
-0.337924641037297	0.0968088152153293
-1.81291187157146	0.734751884578751
1.95879552552655	0.437985228139192
1.95879552552655	0.437985228139192
-0.517567096912483	0.195373080592303
0.956455214607419	0.253949648163622
0.955017933589342	0.253480850166851
1.57778417402392	0.783272898824577
-1.02194301820446	0.403479228390162
1.82755032422624	0.713907775987463
-1.81169032201894	0.73377138384342
2.11931178949686	0.946188348024025
-0.310564385073207	0.142865904239923
-0.0483859314138926	0.0211569842151432
-1.66839743529729	0.94028268486152
-0.948588053638405	0.58332954814948
-1.02050258479106	0.402614988151568
0.175327850378417	0.101697016976798
-0.542342427625491	0.343515884922937
0.182072249683414	0.119200951205842
0.340249703191793	0.207719531746859
2.44809892891193	3.10091156546961
-0.229172742766224	0.114323617655912
1.57722144544452	0.783207973163534
0.669467631715225	0.211908752948447
-0.334222652007209	0.0957594598898438
0.827308506519789	0.347507145968411
0.163378754234194	0.0709475834326165
0.404439464318095	0.183204782209383
0.609628549235627	0.320098912642838
0.518009260968797	0.330588885181151
0.322689644739019	0.210604229071787
0.366703567374114	0.332149252534507
-0.212383516536379	0.13704828262681
1.46369624377198	0.916063842890098
1.27546208774506	0.703003690391672
0.32653252981357	0.213406382045626
0.171165866851184	0.091749184081759
1.06956203261337	0.516936934630967
1.08752325013894	0.668841623487822
0.185015086763284	0.121197335200631
0.323224079605178	0.210836315956865
0.0670514955907949	0.0415988676084243
-0.870628424941392	0.940449064177293
0.524685572326535	0.455538003867706
-0.0123779178608771	0.00590328517117215
0.363789382519929	0.184120180322267
0.179609464420908	0.117498435375011
0.297253799065382	0.224821225094361
-0.130145388296206	0.0731196957506652
-0.173325088889618	0.114954519076025
-0.387064039313077	0.218232203214587
1.24862056308016	1.3804482977237
0.191575036605557	0.132050621398998
0.180642976890861	0.104875683415545
1.77539180633825	0.988527601102566
2.36435710504025	1.18101199315333
0.146268306595869	0.0561200945945956
0.871883880289751	0.647272507358886
1.63450448792455	1.15208576144101
0.803789619689162	0.485193851831418
-0.0521568424888667	0.0227541982295842
0.150150342967694	0.0651467775824773
-2.06589848871781	0.936900543147092
0.566394662643294	0.331665424519947
0.37503386320405	0.190477363437907
0.552704121438587	0.322002054562832
1.27737308094797	0.703647749732919
0.368531211428651	0.355369438125365
0.384818212410808	0.340638344128951
0.464884201766941	0.338642064272469
0.750520598418531	0.630788961960841
0.655036505508896	0.595190400050016
0.86140515904044	0.789246178237248
1.45805783261162	1.66421303132104
0.906290841609538	0.9304277310176
0.177579960772179	0.109878526003101
0.33196853368418	0.201962889064174
-0.027839894758409	0.0178215698927017
0.720421428841544	0.47646038093623
0.721485156228288	0.478182564239335
-1.43932230273791	1.28474043474055
0.16105524064842	0.0782846255028592
1.6702414075822	1.58200346880032
-0.171276243385449	0.091355086680746
-0.783674730416518	0.600471751738208
-0.173842126307195	0.0928396873679436
0.517603215549589	0.330150360560756
0.188473395756516	0.117067304526842
-0.446212207921315	0.295425954880466
0.466810425378937	0.340585938766589
0.0743791297879711	0.0462194391413254
0.332309964240231	0.202233976133241
-1.13470380794731	0.978882749968692
0.0478082480023372	0.0280597008336512
0.392694761068894	0.322670399295275
0.613695349492364	0.322431107704122
-0.531166872623111	0.335196291767232
0.668944119008472	0.479847284466119
1.61889476451945	1.1347552940953
-0.530983352861392	0.334994002824237
0.858426804208167	0.785697569898051
1.46911981463611	0.920524529634066
-0.479696912532232	0.25111080852517
0.311628992054978	0.226559900329606
0.493800693297585	0.33996839634282
0.15152988709584	0.0658287571989977
-0.0517543774714467	0.0225811657943752
0.334749263331652	0.203988057391568
0.520772521243096	0.45138202473161
1.00335051573723	0.824253281090746
0.189491537262855	0.130568554472314
0.194226306609634	0.145434835701362
0.179919926893239	0.128706723662818
0.188726305882892	0.135644411345176
0.902080071795549	0.486581608575063
-0.153000666695724	0.0546788407461493
2.3669619839832	1.18154496346489
2.3672755029216	1.18220142484299
1.46166504880046	0.484245680586438
-0.519038139240771	0.196086617266171
-0.302433919731897	0.138730919662706
-0.0130955633245231	0.00624561726341397
1.3366322141597	0.58354097730275
-0.335438661955823	0.0961186879895653
1.95793128711136	0.437766051086387
-0.596963280437047	0.285905141190798
-0.337559379634888	0.0966770330278957
0.434914525960388	0.174110608462763
2.36121094029696	1.17903949937985
-1.02168632234953	0.403201742865738
-0.518225727777109	0.195715971680491
3.93619624132367	1.72285510420218
2.75805496536761	0.766752929661107
1.0486163496583	1.00056260361565
-0.664086186708576	0.463193710840231
0.899804813387002	0.485583229354252
0.813846347284269	0.340963765880833
-4.4086067178612	2.2357878496296
0.0587330273511323	0.0344735554777503
-0.303606386640763	0.139436834219779
-1.2500632468487	1.35054530879068
-0.0919592390521422	0.0538050723190204
-0.327289906671976	0.231568172266178
0.554955805300933	0.323259234733487
1.0418455851348	0.393863567086238
-0.145866306322633	0.052205308942621
-0.145472337378192	0.0520149972990822
1.06632392555289	0.514786948757726
-0.338530582329419	0.0969729638077002
-0.143369385646991	0.0513198071619975
-0.330581386971803	0.234256679468718
-0.384703425105986	0.216917660476328
0.329809616005858	0.215834367895026
0.274981546558233	0.229960155430923
0.182931063709381	0.113426916880217
0.323224079605178	0.210836315956865
0.374116124954744	0.189905009465218
0.678327026073525	0.214743904761834
1.02339324642221	1.31691267950222
0.181491028109974	0.129947493214748
0.314533295252674	0.217417062245539
-0.298685230006485	0.136985219547295
-0.44614170017677	0.2954153352443
0.168260171775869	0.0901491901964934
0.362463629124334	0.183351845350551
0.175335198053099	0.0940138383252498
-0.169992623742594	0.112537183670992
0.169227311045471	0.0823376080628869
0.185921980292255	0.108240376198387
0.361023613867623	0.203308456762766
0.0288836037075707	0.0209077549881564
0.109955590672375	0.0812230455750509
0.348342707898586	0.213433355823894
1.83223894779093	0.716336716062103
0.155490335273875	0.0595707244029917
0.3725448531271	0.189031899111192
0.155205580878186	0.0525315583518307
0.690260285652868	0.322786249336777
-0.678270289184764	0.536525391698897
-0.786944323976869	0.42901329804606
-1.16836265815959	0.655452844173024
0.614184254604383	0.323109951558549
0.151383672100152	0.0579893158462332
1.49282572539181	1.50979414310833
0.434417441544982	0.331264561229688
-0.177622702726844	0.0949054400745528
-1.14171258677949	0.989078070252657
0.329932603005543	0.215777615944248
-0.51438298636481	0.194118813219938
0.334229198731892	0.20358269083102
-0.450231080789453	0.29860461157085
-0.485078692071024	0.254823133877132
0.154642861292626	0.067062802898247
1.25240550516119	1.06191327559866
0.162421116861805	0.0789786615252195
0.1509849062692	0.0655168427048403
0.168104646858902	0.0900779597129281
-0.312860175609003	0.186449288563646
-0.33475483621896	0.237763790919553
-0.146148912480088	0.0522970886883919
0.403991407007238	0.182993168686444
0.154245041713895	0.059123870720067
-0.101829255534148	0.0403711347925149
0.486349587854431	0.333845422935214
0.166395674426345	0.0809924354108077
0.800503312508122	0.482534166246369
0.798285212306819	0.481202919717856
1.06845820882802	0.516179680299826
-0.0939468953498199	0.037282483387852
-1.48943440410572	0.752209436067322
-0.399288136656213	0.166505690554879
-2.11330817346418	1.62410239816567
-1.08514196623298	0.740470463499998
1.07088838940081	0.517635794440579
0.447996914446478	0.17968538770428
0.48676982179707	0.3342966661553
-0.0138297563779102	0.00657762514272494
0.1559049425259	0.0757071653443579
0.873942808566427	0.650257018784435
-0.0412288853428097	0.025729981545025
0.815799568259615	1.24906022694312
0.26814150151608	0.27496494904118
-0.075865297252803	0.0558772065164572
0.420902837030946	0.440362399340229
0.511048414997718	0.460564674567204
-0.0444981869140579	0.033001067917765
0.0300167095589188	0.0209698228653272
-0.484579590995189	0.362166844434725
-0.791263773709253	0.524126068437266
-0.21988461363696	0.166372304890915
-0.216409245079586	0.0696890647462961
-0.377365957943477	0.295816261117548
0.0574551930528945	0.0355761835075463
0.0435221911515532	0.0352364059659344
-0.0512879649295323	0.0223862342367708
0.273977845705618	0.236420217810535
0.449051374752847	0.180146054252177
0.371411244379643	0.33757115738781
-0.299989701554532	0.243617945332605
0.1327991557901	0.10836461706872
0.644730608883783	0.68349144508236
-3.75779539313074	1.48038803127513
-0.1905562848618	0.176092076179009
0.419815233023044	0.438909522508344
0.470310673616872	0.448284645636007
1.04816264224742	1.45168138862844
-0.407471872289267	0.409652576858227
1.0157752905807	0.839297906115626
0.517915739005245	0.330834600154157
-0.652718186850802	0.676313473612612
0.203140642064357	0.163522931370257
0.55267397617622	0.564801913442164
0.828379566925503	1.06621045254585
0.14215220233281	0.130966227633457
-0.476593504199159	0.404351520407134
0.650422749763057	0.691882241683364
0.901623306500795	1.22749346855767
-0.194188500167769	0.149463738434872
0.312294125008111	0.215613877484975
-0.784501674741933	0.600738916425246
0.0490779813729815	0.0287728220855428
0.30309979394323	0.230081227238186
-0.0961160112480419	0.0562906395505545
0.520205401435977	0.539365473164935
0.956686189923484	1.36241400104855
0.49818933044121	0.446178568631575
0.201203976947532	0.219852406352252
-0.0245262295506124	0.0157212733502488
-0.0963477191972052	0.056412171587978
-0.174369613335688	0.115689272572389
0.299712160216951	0.226831416809256
0.0732593388002195	0.0476813527211942
0.911166266510316	1.41105305024857
-0.0552670857564856	0.0456185585198495
0.320183611123081	0.382551491536645
0.558174557453251	0.641730175046455
0.750520598418531	0.630788961960841
0.000570271650493484	0.000541010725960068
0.0277357675983403	0.0153357422001697
0.180516362844625	0.104845363611401
-0.294513119435252	0.134915470476207
-0.117351288487655	0.0815281789789158
-0.781639401562026	0.792156505366983
0.446289277525187	0.587014081120484
-0.0419342511749127	0.0348787306118019
0.205319393788046	0.193448541779204
-0.0327047426262946	0.0209198912806313
0.0150629838652308	0.010026059959783
1.15615525580619	1.3171347897894
1.53995024517122	1.32620838241671
1.54537199192615	1.33456645393407
0.16323818852145	0.0485873708307168
-1.27347474159349	0.571712615994456
0.402563513066687	0.182227111506577
0.536739666042799	0.192347830350542
-1.12725353624624	0.339405023147411
-0.338291342092883	0.0968475173314605
0.156929680383718	0.0467922138042666
0.339237673644357	0.189437351239225
0.965245363992994	0.659401795094103
0.819427297885117	0.65695859944406
-1.33516361548612	1.10250351727215
-0.762663850038628	0.330792072538344
0.669283482567039	0.480138068808851
-0.770068697774849	0.334529507186587
-0.450567686295173	0.298721904525706
1.24450600609079	1.37452439662643
-0.520691212273124	0.326874758208096
0.34098790848844	0.208441321456619
1.78794929656227	0.999088707441885
1.14922328853484	1.18395917305074
0.0191788603501474	0.00964904075879932
-0.568407527530025	0.413153724672263
-0.304262389960982	0.13988230608492
0.609972458584996	0.319855855998895
-0.633127144967593	0.373262151924482
0.664859208661497	0.475757332550937
1.26303018763377	0.882005846290829
1.54763948249812	1.33803468931716
1.78466877115528	0.99643371601735
0.91984721408473	0.499371480913815
1.57219334501409	0.779074773498945
0.9589949525323	0.65379014722207
0.437255214947491	0.333771068654221
1.25044075115483	0.86977752653949
-0.392527598762743	0.163297548242261
0.51489811348087	0.328441031620296
-0.781908453874166	0.425885072724215
-1.0319740505447	0.822601095699447
0.448524252970948	0.179929065158735
0.323856730693623	0.211490603693452
1.83162438273742	0.716000775412828
-0.691166892286805	0.604854342645086
-0.538917558546335	0.340965567098027
0.165902718065151	0.0807272439276497
1.2816452364113	1.99408566882293
1.46198638409949	1.66993474142107
-0.468754732702098	0.396156128749441
-0.125268846410574	0.0873313843678109
0.179819795211208	0.111341802171237
1.87014334521322	3.13631166704722
0.482023616916887	0.548254148156916
0.186559214603143	0.115745491012675
-0.3775394229563	0.258885915509413
0.172508509966082	0.0924152780085984
0.548025085766294	0.45759096857386
-0.715034146888943	0.244213254744201
-1.7975657981284	0.379599665892429
-1.15583588393078	0.645547649225567
1.78848377299662	2.22464492690322
0.623718864584198	0.476119124852774
-0.0582457937450756	0.035266822466562
0.175912605410636	0.0943401309209065
1.40659365948983	1.095180253788
-0.880044808081913	0.810789914005691
0.794816077804768	0.630205529756067
-0.262879305890067	0.164087849485818
1.26190898781546	1.24746107202179
0.340590140931553	0.207964137449351
0.867620982557861	0.797236082839796
-0.610020750247909	0.54183405582098
0.527053035621062	0.458361278562078
0.178775238895456	0.116885104230116
-0.012729524428213	0.00830656788075682
0.293316363693777	0.230775202079554
0.0566244638882709	0.0332474964753283
-0.566057841232877	0.410448774794015
0.843209655283663	0.99599272470314
0.525314293089638	0.456385905431012
-0.39919464954568	0.426396092402588
-0.25573416561478	0.159202395584946
-1.18522141365569	1.21634606466674
-0.168610228029894	0.111559231652536
-0.213193970907915	0.160616620720226
0.583482877870058	0.467864948310097
0.746003362688271	0.626006055388043
-0.26205239404885	0.163608698329126
-0.912051752872687	0.664797552703119
0.39997118009127	0.32998919478187
0.322150165555784	0.210088420504245
0.298838205698931	0.226254863476556
0.771632780527813	0.946304361428756
0.186900305210267	0.128582011278383
-0.280327307309522	0.268234763225462
-0.426256013376865	0.326959220094174
-0.129046062338768	0.072553149511285
0.0385707170240855	0.0211647544568025
-0.590512717056573	0.478701477188864
0.800119085022947	0.635838211633377
0.978470888443872	1.28607386224796
0.190387581575727	0.147291961863757
1.23641757815772	1.62315172185751
1.12781862986958	0.867260832467909
0.142548214890373	0.128646252453674
0.277393067032848	0.24705694286766
0.523702965225236	0.335149508275907
0.702537181632451	0.617669022645503
0.686323452552713	0.715054611300259
0.795766884415746	0.75364436128541
0.197071188363627	0.171941311210978
1.06334853973899	1.1331574580956
-0.128367106971712	0.0896327469606466
0.196060812830862	0.135474671885891
-0.122235017135427	0.0851079875247932
-0.0971925489718369	0.0794763884214611
-0.425667018560012	0.326258795172466
-0.912750488994534	0.665548700894298
-0.780321994947864	0.424194181056558
-0.441942726626206	0.292016383773832
0.963504072597116	0.658216899370509
-0.763504502905715	0.331323830970614
0.369150224828729	0.187037633769098
0.155767123355785	0.0527007872498129
0.174933567082256	0.0439573605408891
0.674624067917918	0.213658555919133
0.900625561076723	0.486191449022938
0.614211512648157	0.57453004380555
0.456987341950698	0.331670005914434
0.626884274599763	0.478569140635374
0.664816940348206	0.476222783460786
-0.181200917668557	0.120590953701894
0.904906743179695	0.488736974948429
0.719199842648344	0.475917507819443
0.0423573127671521	0.0232562367389504
-0.124246426526162	0.0697603262669547
0.51829851143112	0.331166136198225
0.796823558986602	0.755365786269059
-0.313980593115007	0.187190263495007
0.156575446190185	0.0759881998742116
-0.477092975017433	0.249695453759264
-0.23432499622028	0.117155351085974
-0.496004521740952	0.372654403480723
0.558610650927342	0.468734657863985
-0.229061963669696	0.114352711284445
0.0332882240635642	0.0183130048153827
0.994403556471308	1.09325994736491
0.968951703807521	0.662372820025985
0.873341256051816	0.649055344317564
1.03432054118367	0.981123868746773
2.1530352590202	2.22997580144742
0.700234135741851	0.32827596633836
0.162190318010886	0.0704983811316714
1.33897865827924	1.5794895642999
0.147078655147877	0.0639050254843358
-0.534952009418377	0.338095041274621
0.808785064198318	0.489122449326743
0.0515150245100507	0.0302388291254178
1.25237546776266	1.23331411847577
-0.316905762707932	0.189266931323823
-0.770638460525744	0.586475635154787
0.0345267763330229	0.0189920395345289
0.193374327603489	0.144750736191457
0.190084623955786	0.124952427763724
1.98761703060665	2.35321767068195
-0.463148147452657	0.389992492591931
0.00590028761322135	0.00394253085629855
0.662977177614531	0.473982212727908
1.96051187962465	1.22185154427983
0.442215709653304	0.338515806164872
0.183097954614257	0.113607073465014
0.663626114645364	0.474574965871237
-0.384823751525428	0.264766267904137
1.0433448222306	0.394400438672122
1.95793128711136	0.437766051086387
1.96141436018454	0.438711417164155
-1.13282069800183	0.341231258763963
0.395847876838058	0.178705507507085
-0.637217411668664	0.376535002002894
0.964508170223008	0.657882284018014
0.921963546694611	0.803683131822223
-0.237934010638515	0.119023239015331
-0.215806376252078	0.139521661271765
1.01635905491559	0.839548480540454
0.183735859387977	0.126251543764805
-0.606199247716663	0.290843285732339
-0.047974491399514	0.0209785835113129
-1.03409217251283	0.825233163898874
-0.524525414142905	0.43493390592336
0.295279244273288	0.232600447012816
0.194757597347661	0.165244692020977
0.071330487084126	0.0483200518991617
1.30871321308423	1.93980415675891
0.44131274968626	0.337731656631403
0.672648852733095	0.482885470558932
-0.330910120122026	0.288708163751275
0.333416571753777	0.203204703400116
0.799538632026377	0.758926920981422
-0.997858070126182	0.895968946323487
0.621196492654503	0.473509869531491
-0.941212135148998	0.57691470432519
-0.394317545459924	0.222878131032238
0.842177597666866	0.994398923591287
-0.320249454885688	0.191436527253875
0.930909139706051	0.814881910225207
-0.699054789957552	0.66524484238048
0.57935507417466	0.463876093052933
0.400003016833286	0.343919831014239
0.35764615167727	0.332534120155241
0.600016801326284	0.582646556304363
0.202729238827329	0.177553650649864
0.0330180300222896	0.023915620370412
0.189255510576834	0.141343380486346
0.370352763642426	0.33635720179419
-0.13416034762428	0.105216596753652
0.201262195672935	0.161850904162334
-1.13623525332637	0.980669852750544
-0.0652484775034252	0.047820062238159
0.685518758602483	0.7135385312532
0.750653355496074	0.941018125939115
1.16578873617584	1.56204325654836
0.59789197743248	0.580076124984792
0.546229784550362	0.556273154561302
0.836424262119055	0.984452511845112
0.481183314519254	0.329516759342332
0.28077370603339	0.227650487656237
0.00319918204174052	0.00217209798769676
-0.642742131216177	0.380703530141018
-0.0506843453848199	0.0316279909217946
-1.80541559863356	2.08158115255577
-0.319670529624649	0.190768022977073
0.49140992898984	0.337934885385332
0.713867875371761	0.470836881604388
-0.232777653165679	0.116306135742438
0.675591354383564	0.213968352567141
2.11957433477146	0.946159869437877
0.330539332926588	0.201063010224547
0.396149608414036	0.179056379168488
0.524364032919366	0.454984394076835
0.412989604068762	0.343172976856148
0.68061071672275	0.706966647083258
0.631810296422035	0.689706498346198
0.54961045384028	0.459235982074783
-0.682173572071446	0.594240166681903
0.52833267238534	0.459727328880574
0.753588836380001	0.740210313780248
0.488197252985843	0.335665916553782
0.0759301614894001	0.0494645864272842
0.391482290791351	0.176636539913428
0.182693655267224	0.12545961879735
0.179246333639168	0.117274660210199
-0.180329059631137	0.0964639797179105
0.702928754186283	0.617735118104832
0.798069804191977	0.862941360861196
0.0155117475705084	0.00783277850994967
0.321614348995258	0.223143149985093
0.668604666266707	0.479506719049728
-0.848755488862797	1.02674588771562
0.179877729363904	0.104561808456927
0.660483071833049	0.601798445073472
0.964971140306998	0.658992379976326
0.397589917162397	0.17962908279386
-0.863538833990403	0.862540261053111
0.0500495867248902	0.0293768860819284
1.15503526913635	1.3153950947023
0.200198344753544	0.179387121149657
-0.0373271732574819	0.0233095042523577
0.193417465992533	0.14472869897672
0.583295305927594	0.467520382396265
0.186771786995555	0.134049872501177
-0.134921244478506	0.0759098472996098
0.754408861531887	0.74124987482699
1.33975737931465	0.585056863780139
1.76895568243241	1.38420844603466
0.157568112712888	0.0533067915180714
0.822450638269115	0.345345024290892
0.818985271608812	0.343479725639711
-0.604458749673287	0.289930015833069
0.16190498991222	0.0302625824147867
0.911989349176909	0.494079753156755
-0.97219875331747	0.479709318224813
-0.775030398502447	0.337090868378241
-2.06444769256084	0.935935080561358
-1.16353801085627	0.651564417439985
-0.301588982342985	0.138344748128235
-2.28836996728371	1.15435708759113
-0.0956056152032114	0.0379043795807342
-0.174891300267452	0.0933246620738576
0.333242257299868	0.202953415526813
1.78794929656227	0.999088707441885
-0.0129109393740119	0.00614568879390797
-0.45019559342189	0.298217442159404
0.159127933316558	0.0773634272947225
-0.778045752617751	0.786536679509481
0.463608824171314	0.337743229036547
0.421755032196323	0.336356736554141
-0.413964180186551	0.387494627833518
-0.774557075301717	0.590228747587536
-2.07095503900868	0.940306066070207
0.170463560118838	0.091360753424875
-0.218096087384631	0.0701860099861319
-0.148138994825677	0.0529904989696753
0.366658257339584	0.185537745553289
-0.909362305770383	0.66146012995518
-0.604837881751108	0.290055815941389
-0.674595030018954	0.532917282123609
0.492276038479506	0.338710446653581
0.329792746761302	0.215660188770693
0.0661466395337391	0.0410236125628036
1.24675178991776	1.37751296491842
0.605907061745436	0.317413191039983
0.164761276366281	0.080065335550114
0.813801497279207	0.650582186639838
0.964389927184586	0.659042375421609
0.203164309299166	0.152829571957017
0.404788293737454	0.319667502861318
0.367154096516579	0.332736619881273
-0.886880860079897	0.735158871083562
0.851761215110972	0.901036077262791
-1.44104684304742	1.28562185621394
0.621557396226325	0.327459541990703
1.13567071774215	1.02944997012838
0.358931992814057	0.202137796519296
0.806566909044999	0.642632322953576
0.575423739706253	0.573950269588933
0.31665976175957	0.219246652114269
0.57741971572629	0.461875807399841
1.0671250794186	0.51532777476737
0.436966252431297	0.174951434901528
-0.237373512287027	0.11861687170202
-0.219518064762226	0.070676245121685
-0.0173522542132245	0.00816670614212101
-0.0299587783034946	0.0191702917346757
-0.380990948490397	0.214376782843176
-0.431102152553038	0.331368469410547
-0.718058218706843	0.784604755078746
-1.07957655855297	0.735972711605935
0.827624029735347	0.347817645508971
0.33798430666629	0.206426382990511
1.08838656412782	0.669215478431279
0.353249629656757	0.198548830333796
0.442746084081858	0.177485883285209
0.307583822578918	0.223209079689439
1.25399168352807	1.06375749660582
-0.566897319621598	0.411582479597202
0.721677004899186	0.477585894519753
0.285653590798836	0.24831911034714
0.0285844021706223	0.0206890877828603
-0.465269028836219	0.492807424669477
0.0602116822562965	0.0373065544910275
0.965667957213685	0.658969387011981
0.802175273792434	0.637487816320472
0.75920846627613	0.74747307385153
0.627111491957271	0.47902181083005
-0.9475345016505	1.00620600792247
-0.216584539387103	0.140076356181399
-0.433193769156524	0.28489713191629
0.352884474562611	0.198307766298867
-0.483414867027078	0.361149379745849
-0.366728462401863	0.316394303115677
0.868515694791497	0.798763587752042
0.872170407740252	0.648547587991822
-0.380592022666817	0.261162362078614
-0.687094256713528	0.600269921008589
-0.942839646693965	0.577302725887767
-0.280027450892685	0.202680761939561
0.556343502764659	0.466397664279646
0.422389781717879	0.336952300970091
1.02823011632615	0.971907331657137
1.25288843046224	1.23492690098399
0.464677564050158	0.338715027919442
0.317790102842391	0.231723804376485
0.187620274774905	0.139978279010838
1.32273951061649	1.70008966801413
0.179221215572305	0.104155280865034
1.54574178241224	1.3349129736373
1.96081816106655	1.22308109255314
0.159251072645633	0.0298673857617753
0.174370024960364	0.0438183729016174
1.95879552552655	0.437985228139192
0.952729371406254	0.252945498225285
0.527404119121822	0.188820766466342
1.57106042527095	0.778277136038596
-2.57847696185857	0.659529736545688
0.159251072645633	0.0298673857617753
-1.80127875869	0.380587746892248
-2.57447078703937	0.657780381714024
0.157971563808893	0.0296806747786729
0.526808022811829	0.188639363777938
1.04691208503382	0.395789758105508
0.159251072645633	0.0298673857617753
-1.13238809108681	0.341172314702962
-0.718081625995024	0.245384533690959
-0.338896474896558	0.0970421752101679
-1.48972876150321	0.752604664681588
-2.06385762430133	0.935433907837447
1.03945896002248	0.392566838580962
-1.13755914818091	0.342794698074757
0.911536630346096	0.49371697175901
-0.097933945147825	0.0388472358046986
0.961691043262411	0.654915593818301
-1.32540219617027	1.08967216559408
-0.786092616200907	0.428416662285244
-1.50830243381112	1.69580146185639
0.371262623674178	0.188500607516901
3.64508196443781	1.43367348655271
-1.0275611383961	0.406046323242829
0.445985854243847	0.178925932999787
0.452815663044544	0.181774380439293
1.04182554907797	0.393703969965548
0.15823182603157	0.0297179405544109
0.176253051776925	0.0442319878724308
0.622855879361182	0.474735748046589
1.01161225677312	0.833779050660785
1.67309817781774	1.58690355791335
-0.477961647786616	0.250216747288543
-1.21388380067058	0.914405639969483
-0.385598597612133	0.217277332620887
1.62914431420455	1.14566347349454
0.184236877811116	0.13211285936761
-0.661723289911483	0.460690242320753
-0.0479171502660505	0.0209582979351269
-0.302371600543212	0.24581794853005
-0.674512549691984	0.532220336982347
0.802527111390543	0.484146305872589
0.574127862365068	0.458463809590785
0.920962461991792	0.801998521881137
0.435253884249803	0.33200001113838
1.24709822554231	1.05423447595318
0.87409158456027	0.650729468495139
0.725543818777528	0.481793039346714
0.170331293505475	0.0429093144237285
0.165622192143609	0.0492275837346074
1.95793128711136	0.437766051086387
0.145461540094481	0.0558078258751782
-0.0524999145766508	0.022888116622185
0.160999613544311	0.0544142414691104
-0.536960922370355	0.339459235182019
-0.25607138584573	0.15938111296206
-0.0655482646126691	0.0397087255126758
-1.7197671673004	1.44794339777619
-0.431698696570833	0.332073026394869
-0.297414162350453	0.136386956450664
-0.392047983307091	0.221241661874635
0.553688573477179	0.322848986519285
-0.212700860727539	0.0685566980358174
0.491213817260374	0.337759141510332
0.52277827709045	0.33426241693601
0.727511055810784	0.482809773716225
0.518537795564588	0.33104517890168
1.41675533417041	1.76629052954077
0.189809162254427	0.141814255571804
0.964684965545057	0.956371167778429
0.469821480844332	0.447503172306754
-0.240443121895238	0.177543107160501
0.0703232093793627	0.0436393901178771
0.444192846533347	0.340191210355832
0.432834954996582	0.329702085910695
0.517705555387693	0.536112283482031
0.499533319961115	0.447697537888414
-1.33791000809616	1.33521720748035
0.196026434211752	0.146933110328616
0.337826952677053	0.221802882759739
-0.0650744996359574	0.0394137750360622
-0.672458637454776	0.530286348205534
-0.469601518530552	0.397022069369196
0.17807246614491	0.121981532079901
0.191733253086727	0.143322964593405
0.200396183041079	0.165970481071111
0.88523167553066	1.02238560844681
-1.05623000898611	1.10589916437075
0.276155989208996	0.231137384036701
0.290258366232668	0.236505755809414
0.534553573018299	0.466640530421393
1.41092382978257	1.92207719060542
0.596835726637008	0.578314687449686
0.274813843215101	0.237275890676646
0.370339371696997	0.188040681258566
1.04246313957759	0.393996072509476
-0.215221304062718	0.0693199317381142
1.24655751986069	1.05548250613786
2.12544210384278	0.949600697707754
3.26835783601252	1.12163011968705
1.32730125980366	0.578419193427769
2.75805496536761	0.766752929661107
0.802171928615942	0.483570047691891
-0.395904040590257	0.164946089819945
-1.79763019308962	0.379603777700996
-2.57447078703937	0.657780381714024
0.173940988172143	0.0437550114519682
0.959294652844364	0.254663957360155
-3.07836047129561	0.956774727997911
0.163853552605343	0.0487595972376143
1.4655515469736	0.485738470948645
0.159251072645633	0.0298673857617753
-1.507638227659	0.53431243522829
0.539266647317431	0.19330887981843
-1.67026116297771	0.94206256092501
-2.07036415878263	0.940048810523718
0.175496922320134	0.0440701137079318
0.168662278675518	0.0500652630774407
-0.519038139240771	0.196086617266171
0.149173995582458	0.0505642485186703
-0.0974799324302441	0.0386746458615092
0.807227304256322	0.643414252920087
-0.385899349163811	0.21753407308042
-0.0558725660185328	0.0243241185740513
-0.150196998613523	0.0536857002626707
0.147302354674463	0.0499394029670841
-1.13005980836986	0.340353048236203
0.955450516302873	0.253599562429476
-1.12881513859764	0.339906487322227
1.46067242606004	0.483688692701864
0.164738242561747	0.0490009495728858
0.795942148597965	0.478635044407131
1.95741134700298	1.22064278200797
-0.657018339235432	0.456899579215348
-0.644131961879263	0.381653991935152
-0.316918595865696	0.189302121108986
-1.21848477396304	0.919952325635283
1.57698010039245	0.782710522844369
1.46846293168858	0.486570444742071
0.517482112049337	0.330075465309353
0.518081315765412	0.330935312314655
0.319315413126375	0.221321589768706
0.484085853207696	0.331988787172041
0.335814044893737	0.204502342944205
0.450157247009531	0.180608889469783
0.155456144160003	0.0526000219263186
0.609201955001709	0.319854728005608
0.570259869451004	0.567445939930729
0.382081907426308	0.337675072371359
0.932772941846999	0.8165738518492
1.24652289331806	1.51559607006864
0.871638622489056	0.647987292613155
0.428522739220028	0.342733673289462
-0.266269772208752	0.166461275924273
-0.780966988002798	0.668768382369097
0.434232182688598	0.330914687046211
0.30834128301904	0.223846776373444
0.816794403210913	0.653772286539732
0.0529157834201913	0.0310631283484742
0.462040356153622	0.336019533777966
0.659107599092737	0.600214682097038
2.76095211479574	0.768066673537379
1.57858724853769	0.783744990828232
1.34023241098916	0.585149509069526
0.956021254579335	0.253830462538477
0.532438411561851	0.190754397880712
-0.783494974149449	0.517680642226399
0.141853322012689	0.0544089748890407
-0.777837017893508	0.422816757266845
0.633020677791902	0.484858332016956
-1.16154271486648	1.43980998605345
0.0626026745259908	0.0367490166142017
-0.894649860993718	0.743899095460149
0.745170873101269	0.624105224863152
1.40840648869625	1.09909599790414
1.4142851505613	1.10515904310393
0.699428692498699	0.327777619884817
0.0137493180542222	0.00695755535765409
0.862784471473886	0.790936251718962
-0.381028167520345	0.299375395668
0.189809162254427	0.141814255571804
0.625344086348805	0.680121969156858
0.373730668207546	0.328577341421277
0.458146337874745	0.332726210028596
0.336705336032298	0.205140270151684
0.809032103918976	0.646013558318648
0.197490827913694	0.158475341859984
0.541785950897324	0.550191254616891
-0.0438083300787611	0.0273336135401524
0.28415474031071	0.246730413755266
0.355140597467471	0.199434016930903
0.43788092262902	0.450249394903619
-1.54158490698982	1.48063910771342
0.283068262818056	0.237929481808207
-0.229585148400151	0.190155225255171
1.3174843211665	1.82869146943925
0.188492808271707	0.150394537436689
0.788402042822567	0.473296145202943
-0.610176716181176	0.54207273396904
0.761091743552816	0.843560582429408
-0.77385703191048	0.722965327474492
0.898947030578803	0.919617275650661
1.22697904379573	1.72135552980645
0.193417465992533	0.14472869897672
1.00075252049495	1.10323169983363
0.387098944921088	0.342985205534948
0.491815007936174	0.338611326840855
-0.213887346146808	0.0689012281325662
0.619079299212001	0.325881166685184
-0.141175092974388	0.0505326225047206
1.46618406878612	0.918362595976008
-0.140891273851129	0.05044238952326
1.95879552552655	0.437985228139192
-2.57447078703937	0.657780381714024
-2.57472877667238	0.65760345889815
2.76095211479574	0.768066673537379
-2.57447078703937	0.657780381714024
-1.7975657981284	0.379599665892429
-0.336952847519868	0.096512855057735
0.170331293505475	0.0429093144237285
-3.75779539313074	1.48038803127513
0.671045597340039	0.212419421287662
0.154259314455831	0.0291924198815566
-2.28486442166706	1.1522293055844
-0.718972834438042	0.245626954230634
-1.02814550635821	0.40642453095458
0.1509849062692	0.0655168427048403
-0.667820608922043	0.466827791425386
0.149412878577432	0.0648876903901784
0.153006990139565	0.0585900433848213
0.823888102049168	0.345906037374267
0.675591354383564	0.213968352567141
-0.146671241838456	0.0524820954965394
-3.07750490916701	0.956880231933195
-0.72955637416089	0.249604745043641
0.180709566490231	0.0452024551059557
-1.81799459045243	0.737492070536281
0.525378140173977	0.188039309051153
1.12218051563885	0.860803522878312
1.34779587372536	0.588735229614509
0.182658028195964	0.106182182481625
-0.785242035886997	0.427924666448344
0.671634288280141	0.482336123557883
1.57504711057803	0.781260309054458
0.562716342004583	0.329064208373856
0.180315746890264	0.118023319740945
0.51829851143112	0.331166136198225
-0.3818863253049	0.214951599692261
0.800957214667379	0.482887994629326
1.41235215763319	1.10264595570344
-0.336346534706249	0.0963182114993482
1.03878889357161	0.392361575468581
0.530762262945688	0.190122868111177
0.622202678908944	0.584620089112731
0.674289139833817	0.697668271751624
0.405880644977478	0.183889503629006
-0.0150266158254597	0.007105499195857
0.443584106989132	0.339832737695501
-0.77745903942089	0.664768058272566
0.52335161132878	0.334874732884227
0.459107933914109	0.33378785531468
0.398192069195688	0.180189314194991
0.315826656121806	0.218536607401243
0.86301235647184	0.791288845662212
0.483832753555124	0.3316824893674
1.10830597091395	0.845483745269249
0.397214807958051	0.327249826574189
0.197474639065356	0.153394143417257
0.175496922320134	0.0440701137079318
-1.02457111637108	0.40435667979337
0.901081026606188	0.486341995840807
0.157819787360587	0.0533909827533473
-0.767258704524236	0.332989408243179
0.62611341446559	0.47799371067757
-0.485818636605081	0.363245953077111
1.06748713804487	1.13969535479814
-0.217287489672296	0.140502974781938
-0.381725526094465	0.262021163243341
-1.33046297359028	0.836307304430602
0.3543244119408	0.19899919095649
-0.0127419808705113	0.00606791259260001
0.177804812326493	0.103276587142407
-0.0277645170854024	0.0177752459576111
1.11837260557019	0.856292471155454
-0.718197035606825	0.784896144628564
-0.0745401427188952	0.05365169312878
0.43987613384043	0.3362934032444
0.993048544920669	1.31455779138755
0.322026824291177	0.209916422492157
0.586555057345576	0.471380872497614
0.293354928373954	0.239680464894812
-0.0891775328261466	0.0646210200096655
-0.42782983790713	0.328360244006677
-0.516385767957249	0.505172745497386
0.292544092362384	0.220724294019143
0.202266357934718	0.167719402656685
-0.0889623491694131	0.0520017789407944
-0.0646823943210714	0.0474108324163588
0.193049076179722	0.139052463473057
0.679207568674888	0.704931570962499
0.726796327858383	0.998710013730253
0.959291104333407	0.94800361689939
0.58783633080819	0.472400346208279
0.961217281403776	0.654385869722763
0.0829022054220803	0.0584813684792773
0.476507157501342	0.43909331185686
0.413983355163636	0.344152091540101
1.67186969294751	1.58509263977922
0.162190318010886	0.0704983811316714
-1.02477806380377	0.404828995968834
-0.597136749743813	0.285587698144694
1.53429454550776	1.31891348190594
0.696629251122635	0.326266216208756
0.158989511121608	0.0298299152293259
3.27025913837768	1.12233669524588
0.53304001957238	0.19090050147971
-0.519206724701637	0.195956166156021
0.15823182603157	0.0297179405544109
-1.02312783931858	0.403977027889059
1.95793128711136	0.437766051086387
2.11754480680452	0.94503257477152
0.957461191854986	0.254126256439643
0.157971563808893	0.0296806747786729
-0.335894909874931	0.0962494484566343
0.15823182603157	0.0297179405544109
-1.12781381973937	0.339579374120096
0.701205183631668	0.328821806891723
-3.07793266340176	0.957013587093989
-0.773028470470433	0.335932514002435
1.83320872066104	0.716809839835328
-0.0500167753447528	0.0218436954314373
0.446509788849754	0.179154127101327
-1.02418643534812	0.404584238258454
-0.778246486131776	0.512994170981447
-0.0987641136780955	0.0391673623108337
-0.98305113449177	0.876190787991055
1.78014639959216	1.39866468262018
2.11692464856437	0.944608977413808
-2.57421277656498	0.657506382974291
-0.728062611221892	0.249009139075467
-2.06530788404037	0.936496100496138
1.32730125980366	0.578419193427769
0.173940988172143	0.0437550114519682
0.673048421642057	0.212994504688281
0.396769710057617	0.179523116437371
1.08800011385403	0.670413842328533
0.556196428990511	0.324532333124027
1.24849081287695	1.05624842986979
0.0291799195381512	0.0161126817472135
-1.92246703400998	1.87977391116675
-0.787370390601245	0.429264778930486
-0.342107054910445	0.0979510037894855
3.6430217955396	1.43205157105291
0.171511442923755	0.0920100215410529
0.17294827606403	0.0435260072159332
1.06169112626901	1.13016936078721
0.195388578151819	0.114140823470193
0.859187961671572	0.786151280476379
0.66042674753506	0.601706109774388
0.621105009973356	0.47329512909664
0.187162585101024	0.12275946265355
0.302587495872888	0.239170496227474
0.0689599994318718	0.0428001128833351
0.388128306520738	0.331442659485382
-1.2499002977366	1.16813093635481
0.19117400556567	0.131824997902597
0.0104828034084567	0.00539574012166875
0.850322833394903	1.00799872206096
-1.59175556135129	1.21944719386506
-0.0584902594489351	0.0354108315031009
0.661905512499495	0.603253495643797
0.610882522797116	0.320970485203162
1.57127591556824	0.779138678761135
3.63896224062815	1.42951913528691
-0.621333103088639	0.151104040920032
-0.0513296374775471	0.0223941388722443
-0.985008119795988	0.487939728965741
0.69334050166972	0.324281436252243
-0.489527355504728	0.366880600659733
-0.447747712043009	0.296676213351595
0.0648007795817538	0.0401769978821308
-0.567837718388581	0.412718321636367
-0.914193895434075	0.666796852044576
0.328403171821188	0.214807169628352
-0.0607034087465523	0.0367561502230961
-0.3189098788062	0.224633188808268
0.0347279476787068	0.0190910124832686
-0.0676921158794059	0.0496727573094846
-0.52723754701692	0.437650782048877
0.00990200335368941	0.00658651185611668
-0.105630073237265	0.0751524199688778
0.518422442661076	0.331410570091614
0.189720168133358	0.124679076636402
0.914857907004439	0.793950165049029
0.371683018677188	0.1885359472912
0.36792524804629	0.186254372360462
1.65319925209637	2.42039181267446
0.0763151543742926	0.0496926550427044
0.712928617630401	0.720394261272057
1.23121151753323	1.48700796585235
3.12766514957475	4.37855146942231
-0.0879798809670901	0.0514329004437882
-0.68794606398335	0.60124473500706
-0.345616781837593	0.328716325682108
0.0890099468894312	0.0606471705099781
0.692501931657689	0.605377501598023
0.19253707356874	0.149176051849954
0.451602563728201	0.425325561080329
-0.0659050795335274	0.0483422600190756
0.279513758964093	0.24930230445868
0.745895333657668	0.932510488702439
0.519758557857419	0.450016158691893
0.989807433921235	1.30856131577866
1.13249384469746	1.02333082160339
0.364272642262635	0.340212837348293
0.0256620032237331	0.0179067015254897
0.0558706449243991	0.0327741182590651
1.04693520349717	0.998082553568366
-1.0268997374001	0.816269573108743
1.06134777962938	0.511984928791981
0.956455214607419	0.253949648163622
1.96131242878872	1.22299310137076
-0.177040781499909	0.0945884400245813
0.724334030668037	0.48009927405938
1.83633740824933	0.718096082890721
3.26732978575294	1.1211772426211
0.176818183184722	0.0443715906559113
0.818179749289425	0.34304118495458
1.04210966752671	0.393840140799123
1.46498308680977	0.485505347800691
-1.12937501458112	0.339964434622374
1.95879552552655	0.437985228139192
-3.07793266340176	0.957013587093989
-0.620473624670499	0.150917804175241
-1.51396898226758	0.537314617740072
3.6430217955396	1.43205157105291
0.173940988172143	0.0437550114519682
-3.07793266340176	0.957013587093989
2.75805496536761	0.766752929661107
1.46166504880046	0.484245680586438
0.677168456003689	0.214339100225988
-0.725021497189463	0.247930876565647
0.173940988172143	0.0437550114519682
-0.211266830124093	0.0680954468365414
-0.71869462645605	0.245625159522256
-0.393017455051046	0.163508285723509
-1.66328451121628	0.936393155907219
0.158925168961137	0.0771680882209184
-0.390894601125623	0.162597023688012
-2.33947497814296	2.1259372240042
1.06623516714224	0.515260674258817
0.955017933589342	0.253480850166851
0.174503749901052	0.0438676710334476
-2.57821111666453	0.659475059970799
-0.216063671871124	0.0695794401283131
3.93198447308087	1.71970480916132
0.15823182603157	0.0297179405544109
4.17847139446736	2.00361183825127
0.731900865720643	0.486667770937121
0.824908208115727	0.346355216780035
1.33603551913475	0.58343053611899
1.58234230722081	0.785538820343532
1.27415843768354	0.700853441540688
-0.0922060904674837	0.0366063341437637
-0.328905628839447	0.232829293668536
1.04250525272865	0.99265868968437
-0.385677179612485	0.265260505724279
-0.0501053241337369	0.0218722574984283
0.165247881288377	0.0803006265082438
1.46109938210879	0.484014060767982
0.823078351695812	0.34550391355806
0.604620215751811	0.316711817041359
0.184113049133131	0.126525948171027
0.852783901748968	0.90246223537333
0.547978667907506	0.318725331248632
-0.129921032918552	0.0730606916309294
0.0627201558350102	0.0407363075172242
0.114315214199875	0.0873200130418581
-0.609492573836829	0.54149779944251
1.88361142140786	2.08457990482538
1.11248960713596	0.85001695136716
0.312119611731772	0.21550940168715
0.178683955283086	0.110647650489444
0.600575872166189	0.583458973686257
0.00935987138222409	0.00482010742972534
0.192598999511463	0.126696862690137
0.173297791392451	0.100490146070661
0.301641310760624	0.228688366583713
0.747273082889734	0.627512076029454
0.756519645828626	0.743559437259663
1.45359835198034	1.65556103418926
0.158989511121608	0.0298299152293259
0.174933567082256	0.0439573605408891
-1.81291187157146	0.734751884578751
0.678327026073525	0.214743904761834
-0.147093652274001	0.0525528129665041
0.141853322012689	0.0544089748890407
0.155500401522063	0.0674283420474109
0.325298285277821	0.212384258029273
-0.160112677549273	0.124300885878021
0.297763228079082	0.234793013327094
0.878171408636709	0.654693990108057
-0.440184268513446	0.290619135195971
-0.312894784796143	0.186592903723793
-0.600742335117664	0.489444105481263
1.04512960060759	0.394894574824106
0.497120658668451	0.44480338097138
-0.182540871076851	0.121527314060823
-0.0218438929308951	0.0140247647611985
0.902898484665108	0.926143344435607
0.304573627253157	0.231202973358891
0.396645242252181	0.326636073022743
0.0190605159008059	0.00959424557842881
-0.311774201510767	0.185852572897459
0.0631883203693617	0.0391778292401337
0.194571271016787	0.155795012579465
0.717675150504119	0.808050091091922
-0.050824279924077	0.0221773946297894
0.518649661359672	0.331455530967328
0.459107933914109	0.33378785531468
0.0238336156171319	0.01201269537142
-0.938544664136623	0.99201577357808
0.71852625519943	0.728171271910002
1.16402821157784	1.44907469510556
0.658912567499904	0.599615303008631
0.752519920606338	0.632985863074896
0.512723114954591	0.546628282529825
0.29825911983989	0.244311136946282
0.497685922606754	0.445423044542704
0.448024940945062	0.343673155486856
0.51998260165903	0.450218177108213
0.457706562874027	0.447948263444129
1.5464126317526	1.33754511992795
0.271137980559316	0.240489085809555
0.671238760344223	0.481862710892016
0.984901321049485	1.29856476520953
0.388644353952095	0.332099620524971
0.290082989443649	0.236505015026778
0.883834176627775	1.02009604304453
0.313468946842985	0.228117297663992
0.535216462466054	0.467137343252735
0.374480884714528	0.329437668532738
0.306349899675268	0.232923410718356
0.908254869579254	1.13084794870714
0.920708412093597	1.03090822026441
0.379657655784565	0.33491711171939
-0.975093855850124	0.961096260560474
-0.777827746791131	0.786700221949841
0.189790115725324	0.124670318196006
0.189846768942125	0.136521447897951
0.609565261515867	0.319508890998809
0.823888102049168	0.345906037374267
-0.523592418494679	0.197882573952315
1.04638771946291	0.395714063580135
-0.336952847519868	0.096512855057735
1.07805209598932	0.522075525800195
-0.517112355053918	0.195200979537023
0.957461191854986	0.254126256439643
2.7590679263751	0.76692961097815
1.46067242606004	0.483688692701864
2.76095211479574	0.768066673537379
2.76095211479574	0.768066673537379
0.673656731319726	0.21327169490293
0.956455214607419	0.253949648163622
-1.7975657981284	0.379599665892429
-1.7975657981284	0.379599665892429
0.172385921068679	0.0433875285709768
-1.7975657981284	0.379599665892429
-2.57421277656498	0.657506382974291
3.26630303248094	1.12023058934939
-2.57447078703937	0.657780381714024
-3.07793266340176	0.957013587093989
0.16934280349587	0.0427080042196444
0.956021254579335	0.253830462538477
0.168047617405793	0.0498928161895134
0.152575289895289	0.0584837504399596
-0.214627712908801	0.0691154905123542
1.46109938210879	0.484014060767982
-0.61946410648704	0.150698865008898
0.155205580878186	0.0525315583518307
1.33351744615377	0.581727707383388
-0.215815148052618	0.0695090074287807
1.07430453427701	0.519888494859625
1.96395274948751	1.22783291462825
-0.722881564981813	0.247143842823858
0.17294827606403	0.0435260072159332
0.956455214607419	0.253949648163622
0.950720958067184	0.252420162622268
0.159251072645633	0.0298673857617753
1.83162438273742	0.716000775412828
0.531600808944957	0.190452833446827
0.15163725378301	0.0513522427960234
3.27129205644114	1.12317050813274
0.671394166412374	0.212454198010421
-0.102206992537433	0.0405182533193162
0.0485543259652026	0.0285145413289325
1.24559759205954	1.2236424226536
-0.174010595937686	0.0929205736569321
-0.133934862955753	0.0753623190308221
0.398871780903681	0.180267230014585
0.377401146526011	0.191720172300525
0.673656731319726	0.21327169490293
0.164738242561747	0.0490009495728858
1.57952742509287	0.784221733967286
0.731019684881646	0.486282333742855
0.341326108508557	0.20869401392997
1.00533939553867	0.826162859983036
0.954011178976893	0.648551067213421
0.398047698933787	0.328084239770343
0.486559016103096	0.334139883536941
1.25065303233029	1.05948078097454
0.176721660669058	0.102560199295464
0.487955169112135	0.334942694608134
1.62548336717079	1.14110614416138
0.483328459589652	0.44715992204514
0.162536812497038	0.0705870916185133
0.288902954293514	0.243745935427633
1.37557801198289	1.27841245753455
0.48894568688287	0.335813708877813
0.188408569414924	0.123766041471367
1.83572003024131	0.717758246473073
-3.45228414088993	1.22181665198441
1.46010735547628	0.483457516052687
0.157971563808893	0.0296806747786729
0.155636126701429	0.0526454994774745
-0.301160925221968	0.138127505088985
0.951724523631597	0.252769110062367
-0.767258704524236	0.332989408243179
0.416194406883398	0.33077684636352
0.315833823304096	0.21856490589401
-0.477092975017433	0.249695453759264
-0.132733130163113	0.0746652727469131
0.3708218679484	0.188025140478336
0.555473996362269	0.465581707282028
0.655821063370186	0.596003790925834
0.687524823750463	0.321169556258556
-0.493944943195842	0.450992316885834
0.493341729104466	0.339908027870742
-0.535800270785733	0.446681854218263
-0.0438792824520515	0.0273718251815651
0.987529140214116	1.082064811598
-0.536205109706539	0.339109695370738
-0.392037934072589	0.163074575803985
-0.606124427586099	0.290669169308401
0.333854345691317	0.203280639467247
0.187644149666246	0.129064355723488
0.644198786485351	0.682475589144137
0.414715558945478	0.32946300506382
4.17340595642908	1.99906710787781
0.532792572738207	0.190847845049574
0.353249629656757	0.198548830333796
1.63817280419254	1.15617220583668
1.01699459278015	0.84005325656755
0.174787562523774	0.101346187932643
0.0672803994666486	0.0417408658631962
0.975595213533377	0.971207408495209
0.529950892252931	0.461253098807806
0.1818245737517	0.130217790494055
0.394168276704691	0.337853729366981
0.350509219647829	0.334280330750823
0.918849102296153	1.15010454168856
-0.276841774240339	0.247396858170762
0.878493765376673	0.654542919140404
0.274602525213262	0.244142043587414
0.0750330315479606	0.0488872206048899
1.10851281222012	1.51498992817822
0.795129634356328	0.753002403185388
-0.420346686490775	0.394720405715771
-0.437132226785475	0.435075644658274
0.587711374694599	0.472530532018258
0.0256229009780099	0.0185508226207741
0.482251660866619	0.44587402783364
0.797064677805237	0.861079786677867
1.32042100761573	1.69573215889547
0.0687089124028837	0.0426372205292479
0.654522173048132	0.697748245622293
1.08799074017913	1.27806733170493
0.753944477684312	0.740744841692561
-0.690155743662189	0.603887964638957
0.732866221747858	0.832487100050263
-0.778452907200178	0.594677726840448
-0.0659748540410844	0.0399655406318443
-0.343067687378142	0.275037173548519
-1.16131517912039	0.648868252974818
-0.397206118004299	0.165500382515154
-4.4047634394699	2.2330966387232
1.11462912275112	0.853132011664514
-0.147193783410667	0.0526611796507401
0.167164301060576	0.0496616909525181
0.680267294542255	0.215376555237081
0.159251072645633	0.0298673857617753
2.76489171529978	0.769665555456845
0.956021254579335	0.253830462538477
0.15823182603157	0.0297179405544109
0.955450516302873	0.253599562429476
0.679655237519559	0.215244174521264
-1.02730920175823	0.406112820022134
0.959294652844364	0.254663957360155
-1.7975657981284	0.379599665892429
-0.718081625995024	0.245384533690959
-1.7975657981284	0.379599665892429
-0.621333103088639	0.151104040920032
1.95793128711136	0.437766051086387
2.11692464856437	0.944608977413808
0.155282002123357	0.02934225636165
-1.51103003363439	0.535749564246176
0.956455214607419	0.253949648163622
0.176818183184722	0.0443715906559113
0.158989511121608	0.0298299152293259
0.530513916151344	0.190000096866768
1.33065013736382	0.580048564914345
0.145564180353465	0.0558080382468443
-0.597590202337403	0.285879823737804
0.173940988172143	0.0437550114519682
1.95879552552655	0.437985228139192
2.75805496536761	0.766752929661107
1.95879552552655	0.437985228139192
0.956021254579335	0.253830462538477
0.158202431453599	0.0297753629586498
1.04422575936648	0.394740889448914
1.46265753359042	0.48460907431551
0.526808022811829	0.188639363777938
0.674264818482823	0.213402910671394
0.527404119121822	0.188820766466342
4.38814719803225	2.27849012511676
1.46265753359042	0.48460907431551
-0.228274535688335	0.0734123457921641
0.17351044503084	0.0436385160120603
0.152471815027776	0.0584314134137247
-0.976477680784882	0.482246433333351
0.437733052545431	0.33432482986238
1.46716599068062	0.92023120677577
-0.234403798247252	0.117229596890037
0.16323818852145	0.0485873708307168
1.82912964257087	0.714770179842855
0.409190493996303	0.185509233281353
-0.529539611556091	0.333871024368258
4.56800092603412	2.56879685911776
0.627433071987274	0.479283907899654
-0.0706988471442459	0.0428647653076434
0.193796693951006	0.133710588596714
-0.0992384506178962	0.0581560535181561
0.517729774192519	0.330714378113204
0.182840766823524	0.113391905401858
0.345629904555273	0.193549418695857
2.76095211479574	0.768066673537379
1.95793128711136	0.437766051086387
-0.143086240440763	0.0511661270545377
0.955017933589342	0.253480850166851
1.7790410882222	0.991135647181007
0.165353233252732	0.0491580922731075
-0.717468884808632	0.245082515543052
1.96291195157137	1.22495614181074
-0.0399870398751812	0.0176107339644676
-0.0659072237590616	0.0399345944064494
1.13877828311463	1.03366027981488
-1.02112921847499	0.810533748000353
0.0329005220242734	0.0181283828386294
0.870183112745536	0.645773804879823
-0.320700529067421	0.191696710265353
-2.23532457934132	1.8769644182885
0.425040422398989	0.33946010392269
0.449202305892218	0.437480883797238
0.52259508317803	0.453347977535665
1.60954209256354	2.51623685761527
0.297818556656805	0.225403228718042
0.96681870883852	0.959412542411421
0.69383145169967	0.324529246573498
0.16105524064842	0.0782846255028592
0.343930043232689	0.192570553545628
0.190482339960374	0.13123868562539
0.174280153860321	0.0934274767239524
0.077361562656762	0.0504343294636518
0.345543477521924	0.211650799100734
0.424257702235049	0.338753527415099
0.64861013874783	0.777843216269368
0.580437810368756	0.465087519132832
0.430393331722467	0.344603903102997
0.877535831281899	1.118652580421
-0.150935074343718	0.116511834399901
-0.411408082886972	0.384341027326146
-1.02099767388326	1.14485083354883
-0.0588665195922772	0.0430515234326525
-1.4106078381988	1.89507146782478
0.0291397038464176	0.0203426236924247
1.00348174109237	1.41247428370866
-0.419864229897383	0.359680427980789
0.73146592627592	0.830199641576173
0.0137710146784223	0.00916908571483327
0.293354928373954	0.239680464894812
0.484172961356869	0.448144950978451
0.175805405541951	0.0944310720163094
-0.419505008727234	0.359645641238815
0.197129808781118	0.158051242391128
0.520405388798713	0.450976082772305
1.25268675262934	1.52696470186673
-0.295939459664578	0.239699572052954
0.282162768587598	0.24476446255271
0.0543201234364536	0.0318827067789938
0.157953470706028	0.0685477302203019
0.583529009902807	0.467716565402522
0.155071704033499	0.0672485517972294
0.159251072645633	0.0298673857617753
0.148799237627598	0.0570573008821544
1.27527444013123	0.701986201756967
1.57513025628534	0.781518976632822
0.162709848367594	0.0622703691535665
0.165622192143609	0.0492275837346074
0.174503749901052	0.0438676710334476
1.95793128711136	0.437766051086387
0.173940988172143	0.0437550114519682
1.95793128711136	0.437766051086387
1.95879552552655	0.437985228139192
1.46166504880046	0.484245680586438
0.670430931165646	0.212216518896251
-0.338896474896558	0.0970421752101679
0.171653101789031	0.0431973221484952
0.533283012472097	0.190984310240227
-1.7975657981284	0.379599665892429
-2.57421277656498	0.657506382974291
-0.335438661955823	0.0961186879895653
1.33375387884323	0.582007204647003
0.164738242561747	0.0490009495728858
1.96141436018454	0.438711417164155
0.682410767649726	0.216016306234615
3.9371926868257	1.72364294570268
0.535902929212832	0.192030732305526
0.145564180353465	0.0558080382468443
0.16323818852145	0.0485873708307168
0.14975829663456	0.0573602319285313
0.159266337352053	0.0610083420113727
2.11696526038276	0.944641047228561
-1.83191334274501	1.15236550996434
1.3304117173365	0.579951806427702
0.951724523631597	0.252769110062367
1.04246313957759	0.393996072509476
0.609628549235627	0.320098912642838
0.451519590815481	0.181202486500645
0.535792147849724	0.191926967879844
-0.599720779126613	0.287079952787025
0.17294827606403	0.0435260072159332
-1.82155891978536	0.73908749379043
0.404364812749178	0.183225995517201
-1.0916257448929	0.74709185998913
0.607866395947244	0.318400127701008
0.19673950584731	0.147477430733031
-1.08336993444721	0.73991271002846
2.36519179042752	1.18155565800586
0.168393915595915	0.0499912542478598
-0.343686146411719	0.0983921171207581
1.78825233620116	0.998820434181256
0.532792572738207	0.190847845049574
0.796318404226237	0.47970608906801
0.623914158351676	0.475549931951387
1.16051299039956	1.44248716371535
0.856875448047292	0.783101325276487
0.180155851969331	0.117875017469614
0.344214382518631	0.19261754446723
1.24518040796071	1.22155809301192
0.399261074618522	0.343145404799119
0.383258217882566	0.326279736841722
0.292729847489469	0.220960295507328
0.864297995481883	0.793458599918094
0.873362464390789	1.11061346028974
0.19349903450982	0.12730646050776
-0.686514564117731	0.599030948904067
0.186136119140873	0.133570631242486
0.551906859298307	0.563877413497641
-0.0269252177353253	0.0172419381961472
0.439772454251778	0.336203300565329
0.656857080645951	0.597391804321755
0.405880644977478	0.183889503629006
0.319383128965482	0.221368256892767
0.149666584584426	0.057386385337034
-0.136509790727464	0.0768772683121985
1.04158071586996	0.393480759170511
1.46166504880046	0.484245680586438
0.144568804234337	0.0490416879846881
0.159251072645633	0.0298673857617753
1.03642094901871	0.391350967824649
-1.49666388966086	0.757535360150688
0.678685727410979	0.214982042405379
0.612857515220163	0.321860452160467
0.486679050984709	0.333985075053664
0.702098455144265	0.616730021410503
-0.281256357805701	0.203636745212446
-0.0521339072182258	0.032532351346031
0.872053563882698	0.647443880533662
0.0736400956839738	0.0479519949431689
0.0481154514147969	0.0282384191487655
-0.131859130835407	0.0741547612681617
0.994149559222043	1.09221873690864
1.26046477373971	0.879174684125733
0.527778971509495	0.550032999552125
0.315285191757514	0.229721045702558
0.312928484731484	0.227671492670053
-0.323264009997028	0.19349212366526
0.799692258597912	0.481834794941022
-1.96342275790546	2.49999670521914
0.52669496951507	0.337690293574075
0.290588478155738	0.236953134726965
-0.534932299957191	0.33804269841126
0.440159441547816	0.336623543623481
0.485143655118888	0.449142186364698
0.362869512422074	0.18358041442928
0.14815975475522	0.0567847763045384
0.18499327039821	0.114746675182299
0.735680161648653	0.836453494907341
0.708280078057829	0.713447597639143
0.418254789484317	0.332901997342629
0.813338638683565	0.650592755376798
-0.160303912071989	0.124417480272281
-0.113815337008202	0.0789243365846239
0.301994101318455	0.229090949712417
-0.169614252844904	0.132397460599256
0.478285664350637	0.441003990757211
2.09464636924488	2.6567710878164
0.698267900822316	0.611897146006981
-0.693220953284566	0.607076946631104
-0.679005880110519	0.537329657261933
0.345851135824437	0.193891383291259
0.634386950974857	0.599401416476279
0.481693247411912	0.329835524580615
0.803962173152027	0.764879092011446
0.707210492170384	0.622743731361174
-0.038963651496333	0.0243259061807854
0.902247889549891	0.925130148740747
0.664518212575057	0.475522709893098
0.148612908401246	0.0503807422085685
1.27434791554924	0.702252899229498
1.08110346268162	0.523595807392543
0.396544322764292	0.179322808464406
0.531954615713782	0.190517989079214
0.170825640895075	0.0506454388036854
0.154259314455831	0.0291924198815566
0.174503749901052	0.0438676710334476
1.96141436018454	0.438711417164155
0.173940988172143	0.0437550114519682
0.956455214607419	0.253949648163622
1.95793128711136	0.437766051086387
-1.7975657981284	0.379599665892429
-0.620473624670499	0.150917804175241
-0.717804035722151	0.245206559878684
1.95879552552655	0.437985228139192
-0.620903335937371	0.151058535991718
-0.720199314130701	0.246072307343885
-3.08203891306948	0.959069086853276
-1.7975657981284	0.379599665892429
0.957025852492456	0.254006696314478
0.17351044503084	0.0436385160120603
-0.620473624670499	0.150917804175241
-3.45601360105774	1.22364277502153
0.17351044503084	0.0436385160120603
0.529194815382258	0.189406210921821
1.26624769147874	0.88483471167335
0.149734842703587	0.0507352562067422
0.688820508958976	0.321859304874548
0.159127933316558	0.0773634272947225
1.83223894779093	0.716336716062103
1.06294371395931	0.513015950894321
-0.217493795516912	0.0700823766807278
1.46455689811314	0.485225385720349
1.04422575936648	0.394740889448914
0.174503749901052	0.0438676710334476
0.160500669804892	0.0696698476559532
-0.388408062610022	0.161550493058169
-2.10243730143297	1.60768064262305
0.147995092917863	0.0567379734796465
-1.12825544522804	0.339732258677114
-0.513824129140511	0.193894300368019
0.531358567637365	0.190353154457246
0.822267625819136	0.345061712364334
0.147553756375476	0.0500204388900626
0.329100761435097	0.215398930135937
0.145564180353465	0.0558080382468443
0.150152135996396	0.0575673673890983
2.35700222344558	1.17564373523042
3.6399901361893	1.43067029650081
0.44465497715988	0.340764239582
0.191075508893701	0.137508204621515
0.518422442661076	0.331410570091614
1.07243605194302	0.518702348744778
-0.212319682611441	0.136967398541661
0.0912385696277758	0.0645819860154306
0.324387702044315	0.211904679826442
1.11397789422417	1.52571437286917
0.421806701051271	0.33629810959314
0.981637677861567	1.29233451082038
0.325551787336361	0.226302030760097
0.339366626909795	0.189725791812172
-0.129487671238672	0.0727387806068307
0.195733530757327	0.135131044151974
0.335645099995681	0.204655910552849
0.31872989507208	0.220595784926477
0.802048191858426	0.638315894861051
0.871005677363991	0.646343939401298
0.366981713471185	0.18611883189307
0.16591459488753	0.0806450085853045
1.0601038386498	1.12797433822166
0.0165922599364633	0.0083937301575123
0.446786935248547	0.179292535994645
-1.51336055363438	0.537061579976289
-1.81676990665961	0.736858778572184
0.174503749901052	0.0438676710334476
2.75704467106166	0.766025498669684
0.157546606671046	0.0469737944802553
0.364194541710273	0.18436891626199
0.904085412294213	0.488164212519272
1.97025382660234	1.2332622094478
0.398414725600481	0.180059746605272
0.0527110228704054	0.0309072958096478
-0.94575823834623	0.580879141204042
-1.08069800836002	1.03532524598081
0.691615514595266	0.323641424026334
0.325237871979672	0.212535221694748
-0.668570486741937	0.467123825491764
0.466713644478497	0.340537461793298
0.1886184550043	0.117248736402578
1.00861171203656	0.8299825421151
-0.386799497421352	0.218175696284663
-0.171144650140638	0.0913249995843051
-0.223554333052595	0.144978882078696
0.961505923589449	1.17806059853344
0.330254054608565	0.216047155318531
0.486887867979587	0.333961910226138
0.0788535896997646	0.0514353240399467
0.486146490822363	0.333299849486176
0.462762717326702	0.336944615136634
1.13943708014236	1.03389328245334
0.586014085680241	0.470733209540882
0.645483603183002	0.684544239318691
0.32491970063955	0.212286835533048
1.35228263787393	1.43433799045749
1.01065312517015	1.20903857021482
1.54624991952857	1.33604832531279
-0.517670326988089	0.427578140365731
-0.586906968078645	0.475021673093233
0.0973285783509728	0.0690899084937163
0.402559784474045	0.332751669320157
0.594872471468852	0.576088850247012
0.184033920140807	0.114163637733424
0.0770563464275825	0.0502186002906669
0.496494989433987	0.444002136244275
0.085896499271512	0.0585019289489707
0.748454656389355	0.629018268852914
-0.0498270162667129	0.0370360723120098
0.524581428813044	0.455633504471608
-0.152024105258821	0.10384544853621
-0.253691122565028	0.188655657126021
-0.277264522307296	0.200312176174504
-0.529198609672818	0.59198218447762
0.494855266068655	0.340761994297747
0.402571380251253	0.332727042194822
0.0618895666746223	0.0383479161929657
0.283640264662607	0.221866828645673
0.338338138096491	0.20657046765589
0.674015164989584	0.213380808783075
0.719336811434591	0.476156841345371
1.33436498010043	0.582269865257075
4.39234644912866	2.2812020125405
-1.02227856559557	0.403428109617556
3.26630303248094	1.12023058934939
1.09788429564637	0.67847437095823
0.950720958067184	0.252420162622268
0.167026625019445	0.0421393465448363
0.178378460373537	0.04470234426639
0.174503749901052	0.0438676710334476
0.17351044503084	0.0436385160120603
0.163853552605343	0.0487595972376143
1.95793128711136	0.437766051086387
-0.3395018260887	0.0972061822975938
-1.7975657981284	0.379599665892429
-0.620473624670499	0.150917804175241
-2.57447078703937	0.657780381714024
1.04210966752671	0.393840140799123
0.956455214607419	0.253949648163622
-2.57447078703937	0.657780381714024
-1.13282069800183	0.341231258763963
0.151061641523147	0.0578640062767647
1.77824185980762	0.990253419354474
-0.212950112008515	0.0686100611095293
1.46109938210879	0.484014060767982
1.27478187680395	0.70131154623993
-0.216063671871124	0.0695794401283131
0.803385816271494	0.484877944855842
1.62342556704645	1.13797081688059
1.28103820832441	0.706428190126754
-0.339366328033743	0.0972003539018668
1.32981847919987	0.579849240847793
-2.27648836987543	1.14544603038179
0.672560905238846	0.212860180111741
0.153830475350601	0.0520893555087474
0.153738391983287	0.0520386273806585
0.823011572866799	0.345529818511679
-2.06188876692631	0.934347484997078
1.7822791940456	0.994155868981732
0.397589917162397	0.17962908279386
1.04881966420667	0.396662545686339
1.77824185980762	0.990253419354474
0.0578156125092925	0.0339266897581909
0.971063332342774	0.664401642627891
1.12129687762842	0.85969816029361
-0.323525707637236	0.228266521437294
0.154954894721934	0.0524399678344355
1.07116116689747	0.51803508033569
0.696629251122635	0.326266216208756
0.34408037371834	0.210594416652962
0.285480074090549	0.232137728849955
1.01442329795742	1.21574599416415
2.41751800222576	2.07612074652253
1.9730353616655	1.23645175335632
0.161538698946404	0.0784023364604775
0.961282882419125	0.655568104859817
0.0396807787489568	0.0217948756050331
-0.688956658232884	0.602235148595029
0.363328736613673	0.183866610322972
-2.06662558891107	0.937689367177516
0.954074464417777	1.16431902957619
2.66073240491587	2.72751454440972
0.194252053876227	0.139959492972376
0.798231118102914	0.480725607123033
0.161546080717326	0.0785368238361855
-0.173854344682872	0.0928293716928907
0.6989422115653	0.327389912674871
0.51290187412877	0.326776836165271
-0.181534486655526	0.120861648652585
0.153830475350601	0.0520893555087474
0.159251072645633	0.0298673857617753
0.671394166412374	0.212454198010421
-0.218924327489335	0.0705078780993664
1.57300066070252	0.779753450272878
0.452815663044544	0.181774380439293
0.746270880408153	0.625778060116214
0.720314377223544	0.477342032496893
1.53958043089872	1.86489222865454
1.89448553972194	2.10772714770099
-1.63746684454467	1.68223401725799
-0.134496202221203	0.0757202496805159
0.795043583875751	0.477731454178597
1.46907862774664	0.921139803178496
0.69730429300464	0.32690496280077
-0.0466864250114144	0.0204309423741643
-0.448798573435919	0.296792573379991
1.24085107049006	1.50557150552427
1.07349945061047	1.25387415879393
0.182527853302388	0.113176801304447
-0.259075134973509	0.161377905517212
0.594066247977569	0.478864477716083
0.584018838778144	0.468722659141412
1.35765248883014	1.44145231587696
0.748208788231128	0.62799612107565
0.749091681778964	0.734019665275375
0.467828332970983	0.428702032450258
0.18715511993862	0.128793667092369
0.729312114836473	0.826602199833315
0.841928432568839	1.09197120789932
1.45503591838779	1.65954662987425
-0.347785374717124	0.306820918843762
0.89544615115537	0.914710467235132
-0.217689662186636	0.164449812884781
0.0890989337192481	0.0651274456563594
0.0172674657069555	0.00870223328218137
0.597390613954167	0.57914975291513
-0.145876346693133	0.0993198997661617
0.806115287701971	0.875096891481444
0.589938072459855	0.474877359950597
1.25249181358769	1.38719051681567
0.172640181911573	0.100093090653482
-0.0344334961849564	0.022020197374034
-0.106317266707043	0.0756695701469383
0.434078532697547	0.432115591946799
-0.307685897396464	0.272930864498138
0.988521748939635	1.08352678687769
0.625036986234531	0.588038459447979
0.340037866366859	0.207559117757894
0.506534169551319	0.455717008707973
0.674015164989584	0.213380808783075
1.0433448222306	0.394400438672122
0.365436386963589	0.184821741432925
1.46166504880046	0.484245680586438
0.154245041713895	0.059123870720067
0.677258171138983	0.214332837302947
0.15823182603157	0.0297179405544109
-1.79763019308962	0.379603777700996
-1.7975657981284	0.379599665892429
1.95793128711136	0.437766051086387
0.159251072645633	0.0298673857617753
1.57706600272424	0.782663990710979
0.154643798015002	0.0523504544120162
1.46265753359042	0.48460907431551
0.154259314455831	0.0291924198815566
3.93397258257213	1.72120776019779
-2.06129942058467	0.933944478436013
0.15823182603157	0.0297179405544109
3.64405193165419	1.43312407887711
-3.08203891306948	0.959069086853276
0.159251072645633	0.0298673857617753
-1.12769593434811	0.339436368028373
-0.620903335937371	0.151058535991718
0.676200627845659	0.214099921395796
0.52968127803567	0.189632310501113
-0.216063671871124	0.0695794401283131
-0.137123154547389	0.0491310459310203
1.28225345946318	0.707576981623634
0.531358567637365	0.190353154457246
0.956021254579335	0.253830462538477
3.64710400400511	1.43385490736823
0.372065299311745	0.188977368917676
0.816245435494196	0.341970206553245
-0.343432234206214	0.0982903961052269
-0.217493795516912	0.0700823766807278
0.162968126753743	0.0485024678975847
1.95793128711136	0.437766051086387
0.673177180799231	0.213063750844139
0.178378460373537	0.04470234426639
0.154392805413983	0.0522705690038812
-0.23075400057652	0.115233732427464
1.57858724853769	0.783744990828232
1.57127591556824	0.779138678761135
0.395847876838058	0.178705507507085
1.0896221211529	0.670765961325219
0.691933817668349	0.3238787341333
0.533874851755615	0.191264906036687
1.33208469099746	0.58115584608196
0.806215100221768	0.642718503529314
0.70465208250924	0.619928299836865
0.591007163098229	0.571085338411707
-0.0854001171907888	0.0498974339350191
0.0344277456701909	0.0189014843054029
0.329379648986232	0.215388234105383
0.0446926497220211	0.0334979070490518
0.4975451324106	0.343430770940081
0.404615497934374	0.33470763372049
0.191929961319251	0.148562257299655
1.3243950817376	1.70367108388486
1.54273364497696	1.3307384011211
2.1324771227224	1.49322310961672
0.337309271499945	0.20595580197373
0.0275803579709591	0.0152672073637677
0.178133431449965	0.103476577146671
0.0342064692949365	0.0188178373712264
0.342556699469491	0.191845463417757
0.174503749901052	0.0438676710334476
1.04752875622395	0.396218430849903
1.4604038372023	0.483769829709272
0.956455214607419	0.253949648163622
3.27528390840561	1.12443907352294
0.146429133741603	0.0496415217502971
0.176253051776925	0.0442319878724308
0.148612908401246	0.0503807422085685
-0.302017183338254	0.138552986425589
-0.323991727709881	0.228884005856537
-0.0672258766651868	0.0407123024592043
-1.26085177034894	1.36987340317526
-0.020683547112042	0.00967059472375449
1.01004062703957	0.831874977585586
0.150994380793524	0.0655243509407242
0.381101092487793	0.324087318259236
0.43497485950323	0.331821041259979
1.33832717539423	0.584318770270918
-0.690973055175638	0.604901599839169
1.4645116315659	0.916819396114491
0.304164725884958	0.220332711300277
0.407557271136041	0.337763848044563
0.529070059311337	0.53277684577049
1.06885276586425	1.14198886473188
0.746040235790465	0.626110231981499
0.394671117098137	0.324661692427115
0.936165329567196	0.820565146317575
1.23511555209828	1.7393556955697
0.803543739760736	0.967121660394693
-0.473924793671707	0.40158280307585
-0.427440972947018	0.368120212207643
0.0866542568297416	0.0590260160603723
0.560499521879182	0.470723647167891
0.618302678851034	0.771598318915233
-0.86082863995848	0.925016292305264
0.177899944947707	0.127114385613305
0.974105626944855	1.27743700778661
1.23585707964705	1.85471117252781
-0.447169763616584	0.295649407979292
-0.210356117767399	0.158310162621816
0.910687449133471	1.24564579143067
0.292353470795837	0.229886964115533
0.956557496994152	1.36073461394879
0.549673069860551	0.458883707900348
-0.51496296997376	0.503318120277292
0.285188332712796	0.23994150894012
-0.18628217120205	0.142750134225405
0.423643920016134	0.337893709738582
0.514714403026578	0.549024875900842
0.626637749279321	0.590223992367732
0.57487588787001	0.573133398995727
0.550622680979799	0.460304782096667
0.0675750812632694	0.0419247850174748
1.07439776107311	0.519974414552366
2.12632242307751	0.950125877513062
-0.785242035886997	0.427924666448344
-0.491023605527726	0.258053910230789
0.725543818777528	0.481793039346714
-1.51494510157249	0.537750180976637
3.93297854230234	1.72057752612902
1.04726688944174	0.396088731238016
1.95793128711136	0.437766051086387
0.673526469252074	0.213227712607827
0.17351044503084	0.0436385160120603
-0.621333103088639	0.151104040920032
-0.719585944508868	0.245867637672296
0.159251072645633	0.0298673857617753
1.96141436018454	0.438711417164155
2.75805496536761	0.766752929661107
-0.619895187822925	0.150839789138775
-1.7975657981284	0.379599665892429
0.15823182603157	0.0297179405544109
-1.51372965066287	0.537081101324459
-2.57821111666453	0.659475059970799
0.963167670198133	0.255599708567411
0.672560905238846	0.212860180111741
0.678074042401891	0.214702481365457
-0.625191995446008	0.152059991852936
2.12149136184524	0.947562188308172
1.95793128711136	0.437766051086387
1.82912964257087	0.714770179842855
0.955450516302873	0.253599562429476
0.699109665468999	0.327506801958044
2.5647002899395	1.42082936204324
0.669467631715225	0.211908752948447
0.158379638686509	0.0535717951029833
-1.50982433145335	0.535480148233091
0.539266647317431	0.19330887981843
1.0361636458939	0.391113445211294
-0.343686146411719	0.0983921171207581
0.448246823419833	0.17979017346935
-0.717191145070403	0.244966202456728
1.27887196208295	0.704892733228156
0.67498185747701	0.213690207850534
1.32895982031076	0.579263180124304
1.59375555759933	1.73051747969726
0.755954139506001	0.743305964463079
0.841322826718285	0.88510863508834
0.841949051948467	0.886227713130053
0.0575096724044836	0.0337412208766971
0.280435334623458	0.235367109969942
-0.879730614508914	0.809980945948556
-0.2330591443778	0.193464573282245
-0.303278527343442	0.139084568070597
0.621518477361408	0.473785750108796
0.618596938364695	0.471043589976868
0.67349699344913	0.48348274122595
-0.78500829149723	0.518462532727358
1.03816773170073	0.986415772917938
-1.83191334274501	1.15236550996434
0.548646464296949	0.319297183238473
0.172385921068679	0.0433875285709768
0.159659842624628	0.0692998319568187
-0.181002009952176	0.12046994981981
-0.991598933097521	0.887806891843493
-0.262868319974424	0.164135478155614
0.0500495867248902	0.0293768860819284
-0.479636463728182	0.251146696723204
0.666113089918518	0.476467260797794
0.478450804207277	0.441169480058161
0.807972124212547	0.770047660612388
0.526026968844859	0.45692392380769
1.08408208164641	1.27213032419681
1.40616180619315	1.0960410148444
-0.0613015736705011	0.0266205652062224
-0.785491177695875	0.519324920377133
0.44299013835958	0.33910713554848
0.183208602578709	0.120013843520841
0.468477906582267	0.446041505931933
0.74953401724745	0.629387895777853
0.658254254480788	0.702961550013316
0.761639557213869	0.84448208267669
-0.0104783171196925	0.00685715534219619
0.681715620686462	0.708306826996835
0.763307740151164	0.753152137263581
-0.613806555289509	0.546720123682551
0.0384802120017673	0.0211418284248368
0.401556838831507	0.331714314773566
0.695082260455	0.727171268828935
0.865306977384509	1.09582487715939
0.365442228677255	0.330894471098358
0.200078566592893	0.150249033453735
0.314512863045141	0.217526313899807
0.884440391996319	1.02113318935524
0.0167496526459289	0.0121999227406889
0.3015511860394	0.238345939816604
0.502604736883329	0.451188524282921
0.670397766389019	0.481200477135069
-0.167013787964141	0.130194581469366
0.563375737599348	0.55815534661166
-0.500615600539694	0.45897200452833
0.197127578469793	0.158140733654146
0.195803773911794	0.151997268171405
0.458758828448104	0.449318071949921
-0.189675576410764	0.145627653264304
0.158163268458023	0.0471349639719474
0.818422599411602	0.343294101023506
-0.396809026795074	0.165457833662611
0.147995092917863	0.0567379734796465
1.04881966420667	0.396662545686339
2.75704467106166	0.766025498669684
0.451487521828411	0.181235009163182
-0.337924641037297	0.0968088152153293
0.154259314455831	0.0291924198815566
0.176253051776925	0.0442319878724308
0.959865181244613	0.254814612498812
-1.7975657981284	0.379599665892429
1.95879552552655	0.437985228139192
-0.34307485466429	0.0982470421897248
1.04122776355439	0.393435934346114
1.46109938210879	0.484014060767982
0.533275066051755	0.191011050930048
0.955450516302873	0.253599562429476
3.27129205644114	1.12317050813274
0.533877616113606	0.191258268949281
1.95793128711136	0.437766051086387
0.14465423546611	0.0554839146211911
1.25839148430539	0.878105957117663
1.82755032422624	0.713907775987463
2.74390394379897	1.67724942902852
1.04096305100241	0.393348131713795
-0.620903335937371	0.151058535991718
-0.625630686390319	0.152156798395567
1.78280786545783	0.994156831140078
1.28472750287023	0.709731039099373
3.64307322645936	1.43171095761068
0.153389486735009	0.0664881047133321
0.401654656745815	0.181752172791282
-0.338291342092883	0.0968475173314605
0.162352652580513	0.0483303505238246
0.17294827606403	0.0435260072159332
0.148799237627598	0.0570573008821544
1.33124867503934	0.580623928642544
0.148364367533412	0.0502983007600852
1.06552204179651	0.514193876521475
1.49425515039554	1.51327446779026
0.378740311172436	0.334018531354141
0.40199424920696	0.345968541312441
0.304487349890362	0.231243977396612
0.384865950196962	0.340637532622035
-0.0911060274766539	0.0532963090649565
0.277820712421416	0.224865832493258
0.185899109037898	0.121937072638228
-0.320526628484198	0.225931233943279
0.594985397084663	0.657691615719338
-0.776732396933015	0.839285169049314
0.702779329686671	0.617621294779459
0.400600475084534	0.344494577572443
0.703074288815984	0.814971759128287
0.885508871996567	1.02292246969675
1.24181275332308	1.50749650551044
0.807601790470278	0.974028250821519
0.559919441106141	0.643952095857035
0.756163099526279	0.743746607427245
1.25574460853315	1.238445009989
0.38841129109521	0.331789564208857
0.860701636538549	0.788967764048222
-0.773130902209798	0.588960288397776
0.149666584584426	0.057386385337034
0.316050432441401	0.205536197662721
0.956455214607419	0.253949648163622
0.154245041713895	0.059123870720067
0.730001349654119	0.484847570732978
-0.302335352190713	0.13887235153916
0.164276079812026	0.0798177960946877
-0.0664285140570916	0.0487349010050305
0.184679868418714	0.114528502111462
1.16137605933926	1.32719717494295
0.438566069698925	0.335114375533378
0.319502872240298	0.221498629203466
-0.568345837961137	0.412862475914879
0.609603018039212	0.46193087535944
0.423309998214892	0.337671073941182
0.724494385761239	0.480730977345133
0.194990939169411	0.128382260817922
0.44131274968626	0.337731656631403
0.656254477437676	0.596514343534708
0.450324858895285	0.346085796817776
0.359768989482587	0.202509027469797
0.364194541710273	0.18436891626199
0.314159117799467	0.217171438733056
0.577049709454104	0.46141354657694
0.0949151013436215	0.0673141131520583
0.104035325785156	0.0766363900871918
0.500594225769116	0.448966957156174
1.32042100761573	1.69573215889547
0.0724578367826728	0.0471709713542734
0.19618877290127	0.129257462893808
0.0201663118489356	0.0140769536977495
0.194563975424258	0.15084800496189
0.285408373849148	0.231955851293842
0.0425219919948179	0.0233214279389394
0.524477023852149	0.455488005178828
0.194833021167885	0.134513767328379
0.0725431536795283	0.0472335612950845
0.0975709211404722	0.0692769341887938
0.281075809455069	0.227972817721873
0.0646687564621977	0.0420119856645072
0.0818785113427676	0.0534522218093908
0.29664436143442	0.233745270136382
0.822174512740792	0.345087307705946
0.367111902248978	0.185829330662902
-0.60195406229418	0.288534306482507
-3.45601360105774	1.22364277502153
0.528236092469745	0.189119596677675
1.4655515469736	0.485738470948645
3.64508196443781	1.43367348655271
-0.625630686390319	0.152156798395567
0.672560905238846	0.212860180111741
0.960305402281055	0.254935680101795
-0.336952847519868	0.096512855057735
-0.336346534706249	0.0963182114993482
1.46364987732708	0.48479584486453
0.152200918016515	0.0515403734692646
0.142984025751439	0.0548595344448823
0.157259696796029	0.0532031124835433
0.937554235258411	0.822977004043174
0.154230433238886	0.0668711002687059
0.532196819047093	0.190683131950839
1.95793128711136	0.437766051086387
0.530155722781082	0.189859919098161
0.956021254579335	0.253830462538477
0.689772718339248	0.322419369964628
0.535902929212832	0.192030732305526
-0.3395018260887	0.0972061822975938
-1.81323178459194	0.734779878382509
1.32670292523954	0.578086333025382
0.695444761057672	0.325418256188526
0.679042954927262	0.214964314584285
0.405698195268874	0.335639897166243
1.49679369699587	1.51633433163957
-0.450250585525989	0.416183152506498
1.01720282076881	0.840639512039178
-0.299561551689328	0.243193782574055
0.461682125749986	0.336126439524751
0.384892581851695	0.328118332616291
-0.0296764845552244	0.0189892345814008
0.204848223821657	0.165065280683115
0.439470956336856	0.33596493164766
-0.493859640219807	0.370879141880971
0.326288395677667	0.226805861317212
-0.171627199667465	0.0915498378517782
0.98167279141219	1.29220296382152
0.89267236666846	0.910504632427391
0.904022983748072	0.92784988833475
0.117022793984168	0.0895185010697318
0.754992507766594	0.635860933340961
0.407652110187623	0.337693741531343
0.312606125706954	0.227482143887856
-0.780514620660742	0.845195673070986
-1.02415162133285	1.14911240651469
-0.638107981199893	0.376768506107625
0.17707023554568	0.102771475501577
0.955017933589342	0.253480850166851
1.46265753359042	0.48460907431551
0.152346609586538	0.0515961830574703
-0.012013958859682	0.00573840134572213
0.827624029735347	0.347817645508971
0.301687347355491	0.228816732796477
0.510906423429763	0.325540824303747
-0.780901554213278	0.515269029542944
-0.0635210396559176	0.0384678114807406
-0.393194470643133	0.222355403699124
-0.00419532725119495	0.00283943649203591
-0.86438650126826	0.863121485490623
-1.08308001330571	1.03898868677079
0.758306876071737	0.746751402155737
0.153868695124602	0.0589460710470917
-0.0127419808705113	0.00606791259260001
0.290606323980184	0.236991633303463
0.74710417227512	0.731239888727915
1.46509119793824	0.917738050821352
0.282082889623233	0.237029541852952
0.971063332342774	0.664401642627891
0.884253540288295	1.02046180322195
1.07645164976258	1.25895880502938
0.668130003249817	0.688889210000991
1.06530588439268	1.13645865417922
0.370412208256766	0.347185030312153
0.426398226370173	0.340806971092844
0.528360605651164	0.459767395640631
0.291182702288396	0.261399185380344
0.0784322900446231	0.0511221500761029
-0.200112323877849	0.149552948497259
0.284732297461647	0.247260859765346
-0.146145651583979	0.115457754087148
-0.379003946971821	0.297610488360533
0.52102930496544	0.451558373050118
0.287716192611504	0.216537140607396
-0.59625907966181	0.484809336813281
1.0173532409985	1.22041417102714
0.209904366062217	0.193866888955225
0.883571855701575	1.02000380616566
0.793734160723219	0.85619604930388
0.289567363040621	0.227358420872118
0.324511051014842	0.211975611250339
0.679297187320958	0.21511425797511
0.526741451799173	0.337525996469357
-1.97134725324611	1.36925057475869
0.694027607094197	0.325061567958633
0.825444392705623	0.34659656094829
0.143168127873504	0.0485920074774471
0.162171049505848	0.0303007576998756
3.64405193165419	1.43312407887711
2.75704467106166	0.766025498669684
1.95793128711136	0.437766051086387
0.162171049505848	0.0303007576998756
1.95793128711136	0.437766051086387
0.162171049505848	0.0303007576998756
0.324976659392064	0.212149851193368
0.446663041595485	0.179042654148501
-0.224318277145358	0.111776205511392
-3.45228414088993	1.22181665198441
0.959294652844364	0.254663957360155
0.15823182603157	0.0297179405544109
1.83223894779093	0.716336716062103
3.26732978575294	1.1211772426211
0.406332541186093	0.184095297565198
-0.141414888169625	0.0506240183742795
0.794998056572219	0.478605084139183
0.155490335273875	0.0595707244029917
1.96538836840132	1.22798688776171
0.882227349486487	0.658205302994566
1.46166504880046	0.484245680586438
1.95879552552655	0.437985228139192
-0.337924641037297	0.0968088152153293
0.673048421642057	0.212994504688281
-0.144702604958337	0.0517211408189538
0.394955644023192	0.178414717504246
0.530750780741859	0.19013343293214
0.152619802685851	0.0516844934618455
1.46166504880046	0.484245680586438
0.526571184576376	0.188493803820027
0.967778563606387	0.660748914506724
-0.00553808449072453	0.0035609103756656
-1.04660859336704	1.09080747187929
-0.779698673402677	0.843245802650228
0.628332023542823	0.480084110053689
0.489353877615352	0.336542238603319
-0.166791113320785	0.129966629685962
-1.504153534157	1.68767883244098
-0.289557484691729	0.210509192141431
0.633965014917573	0.776392198290442
0.543627157599977	0.571608016659358
0.855505189136755	0.781149725625743
0.823380146981579	1.14553243250258
0.19924081053583	0.149538165365345
0.600627468804851	0.583367541984782
0.568687288267042	0.565155840281295
0.572936735154414	0.570954577584594
1.14584758483904	1.17881847783453
0.686031766803459	0.714597578995638
0.803832943913818	0.871394121362417
0.365935344371576	0.331398381918147
0.929145501901899	0.812135338734789
1.15534139298913	1.19244632255189
-0.118219624231911	0.0821629606553333
0.418060402953193	0.33265639016365
0.622087257748349	0.47373156091786
0.368770049827694	0.187075410963845
-0.179249001543105	0.0958467293248462
0.313596469449192	0.22816787053581
1.04149459148719	0.990359217518048
0.162961140902381	0.070777537538833
-0.21519766940743	0.139106784802632
-0.335986769457528	0.268553127414334
0.0936476354095653	0.0663614200467688
0.164761276366281	0.080065335550114
0.487010543601152	0.334041593019968
0.857406830015543	0.783768645403639
1.09745824264573	0.678177895878914
0.00890145155068947	0.00461834965445894
0.80306450850133	0.76269386053572
0.677076424872547	0.701908317372936
0.82943322207102	0.348499314234927
1.253394880266	0.87264767906541
1.62465300197987	1.14016814804183
0.184059925484265	0.120547964086641
0.541564133167667	0.549757548849101
0.667642562551373	0.784279533711417
0.829596825544281	0.348448474032368
-0.479636463728182	0.251146696723204
1.25942523736866	1.07211008769795
1.82719449155949	0.713494970764503
0.631039288882981	0.688867673431219
0.270060902307152	0.246153496551649
0.440145730570363	0.439875472317291
0.115890951793357	0.0911210352610613
0.622512798838271	0.585055302083698
-0.173618195037934	0.115161029323076
0.836706777606294	1.08215142472158
-0.428253414021305	0.328652049669137
0.397191147333035	0.327080101172405
2.15324785335186	2.22869445263445
-0.129061313898143	0.0901495338845372
-0.532031445890523	0.442913480971586
0.724084110245376	0.735979457896439
0.625530012667241	0.588889789540744
0.808983852869192	0.976281560761777
0.47357692531168	0.452179843785614
0.383196032128758	0.338839597048992
0.898381542478365	0.919426149211132
0.531345582827114	0.190314424621574
-0.446937856932822	0.295892959493408
-3.4565767152091	1.22430361707387
1.08426807016626	0.666829226700969
1.95793128711136	0.437766051086387
0.178378460373537	0.04470234426639
-1.12769593434811	0.339436368028373
1.96141436018454	0.438711417164155
-1.79763019308962	0.379603777700996
2.75704467106166	0.766025498669684
2.75704467106166	0.766025498669684
0.15823182603157	0.0297179405544109
1.0418455851348	0.393863567086238
0.957025852492456	0.254006696314478
0.826500453888607	0.347127630775895
-0.133939693047208	0.0754001771641376
-0.639682316588009	0.378335659376859
-1.91741193835815	1.86765564549832
-1.50861948725752	0.534748868530857
3.26835783601252	1.12163011968705
-1.13182284417153	0.340904867919198
3.26630303248094	1.12023058934939
2.11931178949686	0.946188348024025
0.173940988172143	0.0437550114519682
0.351289986786256	0.197037561356665
-0.906946348291821	0.660107569859828
-0.146953998150778	0.052560093694441
-0.78201801492746	0.42525436320507
0.82105118508176	0.34453306763659
0.958855818540361	0.254543321351908
-2.57821111666453	0.659475059970799
0.147802728209744	0.0501147268752412
0.388864031378222	0.175501600745722
-0.308429390518752	0.183598064444205
0.830800143340358	0.349277485913624
0.930487189500897	0.813662082247388
-0.612884505669154	0.545021738563443
0.628425200749145	0.48072709541272
0.176725760505242	0.11547466467898
-0.711174736311111	0.729125953892969
-0.213780484543001	0.138086032833494
-0.46422891249858	0.432440856792908
-0.471721623446747	0.399278012729939
0.302733910619932	0.219195459830246
0.184183028446795	0.107144126173425
0.970388188169194	0.96448217894173
-0.33003911355841	0.23386493815496
0.568852282226742	0.565553472791231
0.31877004467357	0.220888957757519
-0.284135246504317	0.206056395101335
-0.442449445824481	0.29247460599876
0.747512170838596	0.627784157761162
0.634712609931244	0.777619427263389
-0.491909382545326	0.448649963080367
0.186612402042828	0.139125340396728
0.39160365558354	0.335164062009639
0.279432819306292	0.226420006188525
0.190558580634	0.12528902184632
0.860021335651579	0.786965764404451
1.00774890203177	0.828710002292134
0.489353877615352	0.336542238603319
1.45276096571555	1.65402744821172
0.586247684407317	0.471078301154501
-0.412693457468804	0.385979423546751
0.761450318432776	0.750499843266811
0.0459417918443831	0.0269821707610728
0.746745257121925	0.62607829414182
1.2591646181329	1.07062414833512
0.321432954782971	0.222877847762407
0.514716552666497	0.328322398005514
0.39602034619092	0.33982544729768
0.0338484508624068	0.0245244197151473
0.696307235959806	0.609594003934172
0.32864026168894	0.214943669942456
0.287911496992503	0.234339334253243
0.305404501440415	0.221436887734062
0.701796260832714	0.616412686493259
0.362772770747015	0.327905082686986
0.193049076179722	0.139052463473057
0.924146869578138	0.805302065690924
0.804435479311487	0.639698877464101
0.531600808944957	0.190452833446827
1.0703619717886	0.517515132381691
0.817859684062547	0.34292547743413
0.527340970035028	0.458698941916144
0.180435239221046	0.104909837672412
0.403520582951066	0.333609389898255
0.612877358254467	0.321759810355529
0.140880739575784	0.0540542833702539
0.157007711765635	0.053125881526133
0.159749237794506	0.0539921308418334
0.462845204835423	0.337142290596066
0.846477713683586	1.00148726534822
0.279013479641663	0.241278236413705
-0.143893008526527	0.0978370416635929
0.77192296008616	0.859987210641968
0.65805877986774	0.793783070354897
-0.536194763147548	0.338690510441167
-0.0275836556985254	0.0176522457061581
-0.238607202691838	0.175983392909725
0.196375948489144	0.135736366920693
-0.868497947160585	0.869817218849129
-0.282135774929681	0.204404966878534
0.51469913031777	0.464897334377925
0.0662100549277979	0.0410724932087665
-0.469028066264073	0.396299022248744
0.945596047678176	1.27068905650267
0.665398807962895	0.607574080185775
0.62568081812723	0.76210493669376
0.557300559560278	0.325068194823519
0.964379319985105	0.658418249802031
-0.714755800696332	0.244129665196273
-0.39541744095324	0.164713810131994
1.83009713438939	0.715173729277155
-0.215221304062718	0.0693199317381142
1.78387299384415	0.995769110055271
1.95793128711136	0.437766051086387
0.956021254579335	0.253830462538477
0.158989511121608	0.0298299152293259
2.76197196120423	0.768541369225187
0.177812920485068	0.0445891130396879
0.956021254579335	0.253830462538477
-2.57447078703937	0.657780381714024
0.168393915595915	0.0499912542478598
1.46067242606004	0.483688692701864
0.1486984158033	0.05038558113063
0.612929763345582	0.322198510040784
0.452044435979438	0.181489264363155
0.1677792397568	0.0498341730879395
0.908680273620928	0.491719338853174
-1.67944493155032	0.950198491020748
-3.45714001185249	1.22455064732533
0.679297187320958	0.21511425797511
-1.13238809108681	0.341172314702962
0.955450516302873	0.253599562429476
0.163853552605343	0.0487595972376143
0.167164301060576	0.0496616909525181
0.172223255009213	0.0433240097489323
1.78184943132702	1.40086105160097
0.902080071795549	0.486581608575063
0.795050666109344	0.478510590481625
0.956455214607419	0.253949648163622
-0.717191145070403	0.244966202456728
0.531954615713782	0.190517989079214
-0.306254792597175	0.140815752377963
0.533629585575437	0.191149248838921
2.41002410814624	2.06497777449264
0.449051374752847	0.180146054252177
1.11640365321766	0.85532499133356
0.702022400192017	0.616653255251206
0.28240170257532	0.22918715832454
-0.245162515671851	0.18151884105848
-0.29523352551968	0.239059483140436
0.548953795522466	0.458583025693397
1.24892432263433	1.38113060873864
-0.426715065167218	0.327337907768351
0.626985875130197	0.478813353155457
-0.0290175095375377	0.0220993054631537
0.0948657253588226	0.0672690222969137
-0.0500770422603622	0.031249830454
0.047836460094965	0.0281025591578597
0.80788737439297	0.643934648236345
0.693657598045462	0.324440596501374
0.484289754481061	0.331670788124747
0.96277330173138	0.953486741086857
1.57751084990777	2.19676250533918
0.44435869382688	0.340547971516744
0.637280078413953	0.48902125651061
0.585457648646985	0.563818026737054
0.182840766823524	0.113391905401858
-0.0891009481944407	0.0354452041758329
1.00777160280398	0.829907134561766
0.614343698269108	0.466832171874493
0.368176189131866	0.333870840042303
0.181340381355265	0.129807061171627
0.170112265727263	0.0911569625592715
0.554181506197905	0.322713312515279
0.926020439720985	0.807805436311927
0.799133062053185	0.758335398085409
-1.02757599940652	0.817175436277641
1.12203088818944	0.86065463736855
0.927229059155358	1.04192510414176
0.0363666741470336	0.0199869714339116
2.27515027784105	1.76308728951451
0.885146940467801	1.02207886365798
0.592175779298449	0.476941132189244
1.1648599116288	1.45065322276883
1.72639963028227	2.91856215333608
0.905949858917478	0.930099098910017
1.04182554907797	0.393703969965548
0.955017933589342	0.253480850166851
3.27025913837768	1.12233669524588
1.04605372238473	0.996920556236086
0.179733560917424	0.10446044038544
0.17738312662749	0.0444846964186047
1.04272737841263	0.394268038065867
0.628948379833655	0.593171580217045
0.667633173107904	0.716519452469164
0.405587095986829	0.335793092597162
-0.264210813130699	0.217085578585909
0.489898935560854	0.454697285508978
0.085252752671776	0.0580290468274653
0.658859244398098	0.59978870836347
1.59992970824297	1.74439916988057
-0.125804665724835	0.070636807053924
1.07064748145939	1.24845700573515
0.993810608887718	1.09215791520459
0.0583955497720809	0.034277184304708
0.00606721102248752	0.00405236854324507
0.0629500595655796	0.0389840892561144
0.184851550815719	0.132600997072289
0.182410674168929	0.112983412540916
0.15823182603157	0.0297179405544109
0.168354166613062	0.0424807140134561
-1.15884255487687	0.648236627773984
0.16323818852145	0.0485873708307168
-0.990613103650099	0.491857112512934
1.46109938210879	0.484014060767982
0.959294652844364	0.254663957360155
3.26630303248094	1.12023058934939
1.46067242606004	0.483688692701864
0.159251072645633	0.0298673857617753
-2.57847696185857	0.659529736545688
0.958855818540361	0.254543321351908
-0.339136742629042	0.0971078731889835
-1.81230096904141	0.73434889647897
3.6399901361893	1.43067029650081
2.55878007177896	1.4155890252396
-0.634696792280716	0.374672321754567
-2.63109524190834	1.61083078068584
-0.145472337378192	0.0520149972990822
0.159233465858126	0.0691205424834073
-1.27208987432739	0.571097274965283
-3.45172595803352	1.22146685013561
-1.13005980836986	0.340353048236203
-0.620903335937371	0.151058535991718
0.176818183184722	0.0443715906559113
2.35616441570175	1.1748347671366
1.2782461484131	0.704470799565715
0.155071704033499	0.0672485517972294
0.903263897774606	0.487554898398984
0.906585024210563	0.490133279396643
0.954564259091026	0.253482299647149
-1.16256582028056	0.650419448971805
0.82625387160176	0.347107129604409
-0.770644401156689	0.334882706894186
1.96896972635262	1.23240322770359
0.795942148597965	0.478635044407131
0.612857515220163	0.321860452160467
1.96112505411346	1.22302691200579
-0.391750970302999	0.221491525506304
-0.482099423113436	0.410121678723747
-0.472327623613545	0.39991236082326
0.758563051296615	0.747039814644949
-0.587232618551971	0.475422724263649
-0.123111458644746	0.0691128525512964
0.451844796781768	0.327234722701361
0.665120901900048	0.607214257920055
0.66428333769373	0.475694091372211
0.0753191537037188	0.0490781285590694
0.196829590346103	0.147557371275212
0.553505004895047	0.463498989665776
0.181870121099807	0.124832247463684
0.934828492269617	1.05441556579881
0.300079658039135	0.216868118555692
1.11058646759688	0.848354179646532
-0.170285932919006	0.112745317984919
0.629524887115301	0.481388217280636
0.159414072850725	0.0774337954129728
0.349708514431017	0.196254237256019
1.06659631817428	0.51499569547802
0.52514060296115	0.187936804496971
0.487757723829874	0.335127717132333
0.342134714597207	0.191416994172731
1.48553618337584	1.49760316523525
-0.398649611013445	0.225932939131065
-0.176361863183636	0.0942396944287824
0.67498185747701	0.213690207850534
1.15802867447169	1.43755377955995
0.421483311865105	0.335747582596197
0.797974713898337	0.480384276227865
0.469372658101598	0.342602641694346
0.459982981437435	0.334594311180933
1.33737638449798	1.57500331873345
0.414345460539921	0.344616459890117
0.727496362126524	0.482887943238056
0.910091223539723	0.493014617557305
0.834917513024657	0.351161989510003
0.159251072645633	0.0298673857617753
0.175496922320134	0.0440701137079318
0.674015164989584	0.213380808783075
0.403017689363334	0.182433699553409
0.44327215414316	0.17771447008811
0.44214738965994	0.338517940435856
0.186864098097314	0.128574431977511
0.184113049133131	0.126525948171027
0.14815975475522	0.0567847763045384
0.355768955509755	0.200102933060262
0.161225459958474	0.0783133337469194
1.45365516944521	0.906141850889887
0.941243650727518	1.26240267725111
0.867472632779469	1.09969612531058
0.433761803992614	0.444946044795201
0.0867835008610569	0.0567258525479041
-0.627822468532695	0.603528472353274
0.301919167190452	0.228826291079782
0.0759732871617555	0.0494941809892472
1.00633021443666	0.828189842775439
0.726618691783402	0.822547537635566
0.986673133549751	1.08044069362472
0.517605901734453	0.447805109385962
-0.375736868050629	0.294446123501855
-0.689864511362025	0.603536307383496
1.24301281741007	1.50898803798088
0.40882875397166	0.339070513887514
0.205671188210514	0.160485814110328
-0.0934343444977813	0.0546810962980559
0.430869516149312	0.327835713357488
-0.099009094117385	0.0580258018346883
0.817859684062547	0.34292547743413
0.153762604699601	0.0589435881914417
-1.83282076766457	1.15311428288178
0.173378039987466	0.0436162262322836
4.18354239000766	2.00645925415005
0.826816090554278	0.347389878556976
0.674015164989584	0.213380808783075
0.957461191854986	0.254126256439643
1.46166504880046	0.484245680586438
0.679042954927262	0.214964314584285
-1.12881513859764	0.339906487322227
-1.50824112923963	0.534752090600511
1.83162438273742	0.716000775412828
0.674264818482823	0.213402910671394
0.951724523631597	0.252769110062367
1.33856572193498	0.584370161748649
2.76197196120423	0.768541369225187
0.397589917162397	0.17962908279386
-0.517825107309169	0.195474359908123
0.173940988172143	0.0437550114519682
-1.83366264425994	1.15321657928719
0.674624067917918	0.213658555919133
-0.530247735110905	0.334016821579853
0.823642509432085	0.345787097083453
-0.338896474896558	0.0970421752101679
0.955450516302873	0.253599562429476
-3.07793266340176	0.957013587093989
0.679297187320958	0.21511425797511
1.09337511332897	0.675328076417679
0.906221476980774	0.4898154096859
0.397681307136578	0.179557958278392
1.90736296175491	1.65197108407039
0.3725448531271	0.189031899111192
1.08352010501457	0.666589959273248
-0.0992189061152409	0.0393335765387833
-0.393420370607224	0.163835415649594
0.452012903568068	0.181405788845356
0.368367107355622	0.186847173098051
0.60911208143512	0.319273655108227
0.967706622265067	0.661687504345387
0.680927841040371	0.49049788114245
-0.316230062333992	0.188827728697431
-1.02222816117023	0.811261316106032
-0.101817052522568	0.0723306003499749
-0.373372568123181	0.351325424259082
0.604115600924313	0.587686085087276
-0.151330186393895	0.103294217105198
0.523571189721827	0.561724761214646
0.798385486775838	0.634495311074105
0.201765071292179	0.145910899034017
0.3803557015786	0.347463261962355
0.405815649628593	0.336033688740104
1.0394367658637	1.34844252822293
0.759786267877069	0.748369980793973
0.502155238193792	0.450339577583257
0.365703452125865	0.206194067675817
-0.498787325785915	0.456790171016185
-0.960794406376954	0.941442200839817
0.401955718197999	0.182059340495736
-0.916001472008471	0.668973709719392
0.463714173319614	0.337929155714985
-0.52770386685315	0.332259226677499
0.18472406675102	0.107497355091667
0.720552478813743	0.731161206783516
0.368307128342483	0.186785417710667
0.322026824291177	0.209916422492157
0.502137098265376	0.547835811136615
1.2529890824006	0.87189724612548
0.726918860578635	0.482850651000844
0.534117853643867	0.191343177429969
0.959294652844364	0.254663957360155
1.95793128711136	0.437766051086387
0.530987012632398	0.190124308619808
1.33147701080788	0.580768770695237
0.512016653349915	0.326061710300022
1.96927892533288	1.23227685340338
0.138968789362549	0.0472100109014141
0.612857515220163	0.321860452160467
0.518618529436303	0.331381644840157
1.27625897448362	0.702435054631746
0.178250384343483	0.10361769001057
0.624371128447629	0.476273864400486
0.581399313901122	0.465899337779773
0.96777804710824	0.960383963934436
0.52019555528021	0.450643560250117
0.823888102049168	0.345906037374267
0.82625387160176	0.347107129604409
-1.16871596563315	0.655581512876467
1.28096515122487	0.706776593546459
0.813387474155635	0.650430727845612
0.86975394338609	0.800072980134882
0.331771624073451	0.217192500290152
0.516895828581918	0.329573100467008
0.118444264472206	0.0933001784816419
-0.662962998609939	0.729773640586492
-0.327523214894161	0.23165608257293
-0.659941912794096	0.45991577185928
-0.153619589247618	0.104995605646817
0.868467174323555	0.798289613561322
-0.428187265139241	0.368940891816623
-0.189189747042233	0.145182216792178
-0.384175739742825	0.216387381096458
-0.869870154429603	0.871738737781694
0.596439283966597	0.578108919136294
0.193548071752171	0.120492121263193
-0.0639989823369202	0.0387609290196572
0.623033734790419	0.585730804906406
0.956455214607419	0.253949648163622
0.91117130925796	0.493466773194757
-0.781058096687658	0.425355795748
1.33603551913475	0.58343053611899
1.78120530621727	0.993182217480335
1.56617800963561	0.774992126255568
2.76197196120423	0.768541369225187
1.83259355517544	0.716473450995655
1.04096305100241	0.393348131713795
0.674015164989584	0.213380808783075
0.955450516302873	0.253599562429476
1.96141436018454	0.438711417164155
0.15823182603157	0.0297179405544109
-0.620326325745573	0.150885642821786
1.95793128711136	0.437766051086387
1.95879552552655	0.437985228139192
0.174933567082256	0.0439573605408891
-2.47516540531905	1.37758077316382
0.956021254579335	0.253830462538477
0.154259314455831	0.0291924198815566
0.955450516302873	0.253599562429476
1.46166504880046	0.484245680586438
0.17351044503084	0.0436385160120603
0.167508913203689	0.0497372165616833
-1.14787737063969	0.639240188633181
0.154392805413983	0.0522705690038812
-0.619895187822925	0.150839789138775
0.873866770493208	0.649530220979706
-1.15956766016191	0.647955350185084
0.375436590731639	0.19071502621454
0.364089201223034	0.184417201459751
0.165383954574812	0.0491045487518909
0.165353233252732	0.0491580922731075
-2.57421277656498	0.657506382974291
0.173940988172143	0.0437550114519682
0.832179814828164	0.349840579822019
1.07307532440518	0.519086756191094
1.46536965720445	0.917392796294155
-0.301160925221968	0.138127505088985
-1.81370026014743	0.735177636322616
0.157007711765635	0.053125881526133
0.154259314455831	0.0291924198815566
2.36435710504025	1.18101199315333
2.41031881807789	2.06572212029314
0.155078266263128	0.0524623107900143
1.33686934913081	0.583851214307558
3.19096251141676	2.61554058285239
1.0602775657925	0.510872750016608
0.548874990922736	0.458412925580915
1.24946822326425	1.05909243551242
0.356606547986663	0.200491681537825
0.958077318280124	0.652141090174068
-0.232400542938485	0.115975838334179
0.298289911709886	0.244362699316516
-0.38357584562538	0.263618981353399
0.061758367574334	0.038280712438202
0.300204584433056	0.227475679824373
1.60701255830119	1.75693862547029
0.491543308764757	0.338025222937338
0.192941589442404	0.126958615822566
1.25345608315626	0.871088381380262
0.794998056572219	0.478605084139183
0.588989311821784	0.473574553968527
0.17473277337686	0.108052585931486
0.327097252756693	0.213794829925388
0.45761673492911	0.33222978755797
-1.13888305945257	0.986164268257958
-0.787370390601245	0.429264778930486
-0.151512040013732	0.0541841643496208
0.16190498991222	0.0302625824147867
1.06325882338116	0.512970142850363
0.312632628508467	0.22740942818295
0.632785807430104	0.484606286164736
0.165029690104099	0.0802733271163453
0.167103874197507	0.0812405824947823
1.25390078847077	0.87175698290806
0.616637436642891	0.324596078915238
0.329299668322327	0.200204577674621
0.336705336032298	0.205140270151684
0.315113229657143	0.229466268568475
0.00980738401663529	0.00506413223770839
0.904180774341738	0.488194148813685
-0.724110175343364	0.247660897147714
0.157568112712888	0.0533067915180714
0.530519377174053	0.189974136950743
1.04158071586996	0.393480759170511
0.520776931428561	0.333146015453298
0.366577739337837	0.185744288537886
0.394500849991929	0.178242097072821
-0.309288798070564	0.142266768832962
0.335985211824596	0.204892532591117
-0.120196501622385	0.0674012719642495
0.320587789889379	0.22218651433106
0.67847990172234	0.703901888179364
1.24012015457526	1.36549551251267
0.385236711073178	0.328399181984539
0.435334093059909	0.331986918844062
0.589394564541284	0.474236002098659
1.25661217222698	1.23979657217014
-0.715646834778114	0.244453295526364
0.152252132014843	0.0583571952144353
-0.0479854245388951	0.0209872318396057
0.827624029735347	0.347817645508971
1.77858416033417	1.39619253485639
0.389317480008842	0.175725647635356
0.288946995338565	0.226735133069923
-0.0463995362429497	0.0289560860914583
-0.461063731064285	0.38791835425765
0.0580893422516752	0.0341095049358728
-1.13014079241718	1.25068777897728
0.761145654406744	0.842901407049504
0.860701636538549	0.788967764048222
-1.19398853918982	1.38534776091621
0.191960988010298	0.138206962498013
-0.329716442921113	0.262570447783705
-0.0390287891626883	0.0289052535705651
0.269348045895923	0.224410146177952
0.070746613585532	0.043921722185708
0.188777663986156	0.123952874461513
-0.135411388372501	0.0762358003872979
1.03984964592991	0.988751855819006
0.689454698113726	0.32235847389787
0.397820961913808	0.179978549115779
-0.237816872666683	0.118960565453429
-0.729206528732148	0.249387911798509
0.157568112712888	0.0533067915180714
0.535308159768992	0.19186644934071
0.956021254579335	0.253830462538477
0.174503749901052	0.0438676710334476
1.95793128711136	0.437766051086387
0.154259314455831	0.0291924198815566
1.83536533888649	0.717440027680737
-3.07707720857862	0.956361112132394
-1.50512968650064	0.533411802331246
0.16934280349587	0.0427080042196444
0.826500453888607	0.347127630775895
1.95879552552655	0.437985228139192
-0.620326325745573	0.150885642821786
-0.337924641037297	0.0968088152153293
0.955573890382782	0.253753322308027
-0.625630686390319	0.152156798395567
0.676200627845659	0.214099921395796
-1.02587348343702	0.405264690821028
0.960305402281055	0.254935680101795
-0.216063671871124	0.0695794401283131
-1.51433726696095	0.537497293520418
-0.222633069722699	0.0716499874142472
-0.619895187822925	0.150839789138775
-1.2130360716139	0.913968702094279
0.157259696796029	0.0532031124835433
0.164376602259593	0.0798600593557108
-0.0943190238643748	0.0374192018035695
3.26732978575294	1.1211772426211
-1.02730920175823	0.406112820022134
0.162954029252909	0.0484564307378685
0.539023677883605	0.193114159765337
-0.221200715743042	0.0712222587266738
0.157259696796029	0.0532031124835433
0.697117779795317	0.326513192615626
-1.08997748000347	0.745599324871049
-0.44910153198912	0.297482918802101
1.56267857607888	0.772908639044616
0.672811891698345	0.483490497045705
0.976101126380404	0.668929130036487
0.534955479672592	0.191660301050033
0.353614679511823	0.198772426837242
0.554816427221536	0.464576692021856
0.802145344180669	0.638588117397741
0.969886791602291	0.963204242655604
-0.302216643393753	0.13887497185121
-0.147476920870957	0.052745358247413
1.14277157188808	1.03789681509313
-0.0946255409821004	0.0553873810707493
-0.598749655777712	0.487750611705874
-0.440965225882074	0.291035060180589
1.04117848093346	0.989810621200478
-0.0141970108546346	0.00674322352680047
0.0571520774690176	0.0335565087036353
0.875211563577938	0.651766940721991
0.55707506876528	0.324703703647059
0.901108164239216	0.922571145180919
0.305646811585079	0.232194990683989
0.658815313527717	0.599854644385085
1.24809895497148	1.22602278741203
0.358879605739628	0.201906198875201
0.471412953750858	0.344511871163246
0.0487975457378193	0.0286595280583396
-0.456493632290973	0.423581168778554
0.40182726060431	0.181732705252785
0.530519377174053	0.189974136950743
0.173940988172143	0.0437550114519682
1.28392804206414	0.709138384662028
0.163602798731091	0.0875066598798885
-0.298166966011736	0.136855825076629
0.339732612716033	0.189968316857592
-0.011174855723958	0.00537356004779475
-0.222693963032785	0.144354570391457
-0.227810792454775	0.113627800030682
1.77539180633825	0.988527601102566
0.307592136036226	0.223279222253637
0.669120932782783	0.479502714223731
1.06845345068197	0.515945462407473
-0.101761251579371	0.0596739790739921
0.720073642281346	0.476850949653965
3.64405193165419	1.43312407887711
0.955017933589342	0.253480850166851
-0.0946005956049181	0.0375705380864667
1.25759433515188	0.876005042195347
1.04488949167403	0.395085051250541
0.17586935425875	0.102036628945239
1.26298314773596	0.881446064691438
0.674143348272808	0.213431626689393
-0.523592418494679	0.197882573952315
0.340129284010701	0.207890482450264
1.0871218813089	0.668243595433145
0.610456767440241	0.32067748845003
0.059231627603975	0.0367109037123776
0.0812334756587277	0.0529949624876172
0.354509287184906	0.199345347970307
-0.13122578559667	0.0737372249648883
1.25083698585826	1.38457380567883
0.416289228092098	0.331032517315745
0.681183225722083	0.215602714602321
0.723238443586621	0.479602300056294
0.55173232288982	0.321276228955057
0.492081665316333	0.338454729744454
0.728014323095455	0.483425616683958
-0.0931177916746001	0.0369639914174526
0.0799675568558181	0.0521790763122369
0.193414107196574	0.154819141008916
-0.69737771326567	0.612281211203231
0.0180606607898424	0.00912239269291828
-0.56901995238923	0.552712070588437
0.92349769058143	0.804415453747573
1.14495419771794	1.04072372239007
-0.214936329463689	0.162166492922018
0.928481998640797	0.812014325603182
-1.17535850830384	1.20343528772278
0.0171573219935213	0.00867481238068808
1.09618603973462	1.39411339704045
0.156777306299645	0.0680940902039738
0.425385474986265	0.339872592312592
-0.0483163931777278	0.0211228336349911
0.188946334272377	0.124144515819314
1.06540289518417	0.514719544781792
0.829596825544281	0.348448474032368
-0.62133920787282	0.151240698635141
0.166776441470876	0.0811736923491887
0.156755601931667	0.0530279383533015
0.818243866713638	0.343181874584122
-0.216657809109618	0.0697687117469907
1.95879552552655	0.437985228139192
0.157971563808893	0.0296806747786729
-0.336952847519868	0.096512855057735
0.15823182603157	0.0297179405544109
1.04422575936648	0.394740889448914
-1.50982433145335	0.535480148233091
-3.07707720857862	0.956361112132394
-0.620326325745573	0.150885642821786
-0.340593087152544	0.0975352685660813
2.75805496536761	0.766752929661107
0.956455214607419	0.253949648163622
0.15823182603157	0.0297179405544109
1.95879552552655	0.437985228139192
0.823011572866799	0.345529818511679
1.83474856422576	0.717102751489695
0.450602817496025	0.180863237003185
2.76095211479574	0.768066673537379
1.82302843670005	0.711622876194053
-4.00182249544158	1.72625328461739
-2.28221715774755	1.14933615358638
-1.03353695060453	0.408839133151804
-1.28278352985813	0.577273676015423
-1.32131934795849	0.826911886984004
0.532196819047093	0.190683131950839
1.83320872066104	0.716809839835328
0.828991848525543	0.348348218305776
-0.222876920203916	0.0717168348737093
0.399607802015649	0.180648129701407
0.965281481506189	0.658706815276441
0.17294827606403	0.0435260072159332
-1.82278415867688	0.739928845893393
2.75805496536761	0.766752929661107
-2.57447078703937	0.657780381714024
0.674143348272808	0.213431626689393
3.26732978575294	1.1211772426211
-0.779110856987045	0.423611286774771
1.25199410980908	0.87084971539495
-1.32283313220276	0.829189736492341
0.680267294542255	0.215376555237081
0.157007711765635	0.053125881526133
1.0418455851348	0.393863567086238
0.955017933589342	0.253480850166851
0.669120932782783	0.479502714223731
2.13028137695094	0.951745544283984
0.955017933589342	0.253480850166851
-0.341495388738576	0.0977618699341296
1.09375832481032	0.674795194040118
1.89465745624436	2.1065505764514
1.95452061970553	1.21660877599969
-0.0130955633245231	0.00624561726341397
-1.15956766016191	0.647955350185084
0.3708218679484	0.188025140478336
0.0407668957631532	0.0223607414733472
-0.56533031891943	0.410320460229669
0.696610709849031	0.609996802574534
-0.632555774359472	0.568407759880744
0.0775951230554238	0.0505587952183876
0.496261411364327	0.342096842012247
0.807549774887432	0.769116806110406
0.487826523890537	0.33518331125383
0.464051568382527	0.3380459950439
0.623591386374748	0.475212882988851
0.419089228178442	0.333744287169291
0.198792160791405	0.143556771682524
0.187995533875412	0.116836891834118
0.177857164371455	0.103345444820174
0.182463349593036	0.10607705414157
0.972998676557717	0.666281114625593
0.338559446949249	0.206658377864317
2.02703577005215	1.92075160971163
0.145886829054601	0.0559355092988888
-0.718972834438042	0.245626954230634
0.676200627845659	0.214099921395796
0.665855845614413	0.210630560292204
0.17738312662749	0.0444846964186047
1.06659631817428	0.51499569547802
0.165530272619282	0.0804572609978174
0.810941290200086	0.648035173107319
-1.84060198996584	1.16228527350751
-0.319154639444431	0.224747963909396
-0.094405989894733	0.0552704379645479
2.13166754231155	1.49201822904909
0.531358567637365	0.190353154457246
1.06659631817428	0.51499569547802
2.12720182156894	0.950385851519101
0.53158177076108	0.190397794536914
0.158457848970258	0.0606955756494984
-0.323264009997028	0.19349212366526
-0.0580140617270417	0.0252291360318496
0.159042375477486	0.0473891494040675
1.46846293168858	0.486570444742071
0.450357880748736	0.180710166886292
0.526808022811829	0.188639363777938
0.823011572866799	0.345529818511679
-0.319236618476657	0.190747670004172
0.814681625313355	0.341378008740325
0.450715205995562	0.180857120526025
1.06786031204452	0.515865716863904
0.697117779795317	0.326513192615626
1.27971733349343	0.706291149031676
-0.657694651265303	0.457510681231074
0.800977749160534	0.636897095561839
-0.293669531372474	0.134552643943485
0.0915999238922815	0.062525239675794
-0.489223979110199	0.366621491470244
1.11976822592027	0.858206365738728
0.930909139706051	0.814881910225207
0.152346609586538	0.0515961830574703
0.447833396545375	0.179698879637598
0.626673038744555	0.682406949644225
0.677352746997666	0.702239226704911
0.496030049573916	0.443477279306714
-0.088406403530266	0.0623990753748573
0.102007856908112	0.0750357231733257
-0.215405282226472	0.13921735435748
0.181619203815113	0.0975982112467748
0.0822307953312051	0.0536728531020919
0.898267005134576	0.919350598475849
-0.563496549570951	0.512629473550008
0.851837591269175	0.900768179010418
0.737781312114967	0.840362391031753
1.32778575101676	1.55817596527182
-0.524285028622384	0.434723693867074
1.37984835313128	1.28530577194515
0.319692402305395	0.233422943978615
0.384850690281556	0.328056991634856
0.62417049041435	0.476471136106083
0.474919096235234	0.347574843806872
-0.0648915213183801	0.039320647627711
-0.306089689293404	0.140648698595043
0.170814760478995	0.0915581817801589
1.0594512765069	0.510818648066631
3.64611189084925	1.43374127140597
-0.337318918589577	0.0966140796949229
0.403991407007238	0.182993168686444
0.526571184576376	0.188493803820027
-0.482206610101461	0.252530421900659
-1.13238809108681	0.341172314702962
-1.12669343566207	0.339109154533815
0.16190498991222	0.0302625824147867
2.75704467106166	0.766025498669684
2.76095211479574	0.768066673537379
-1.79763019308962	0.379603777700996
-2.57421277656498	0.657506382974291
0.168774858509076	0.0425819447497206
1.46010735547628	0.483457516052687
2.36037500052639	1.17841315078791
-3.07750490916701	0.956880231933195
-1.7975657981284	0.379599665892429
1.46455689811314	0.485225385720349
2.76197196120423	0.768541369225187
-0.62133920787282	0.151240698635141
0.173940988172143	0.0437550114519682
0.155282002123357	0.02934225636165
0.162968126753743	0.0485024678975847
-0.629952122229771	0.153143156080765
-4.5634975224052	2.49526701980085
0.177812920485068	0.0445891130396879
0.536981267153455	0.192450260059129
0.673656731319726	0.21327169490293
-1.02815379565769	0.406346884447955
-1.02646555146412	0.405564715628588
-1.12435877083653	0.338493350823416
-1.02815379565769	0.406346884447955
-2.07062872074145	0.940243383198465
2.36898004802157	1.18383040208386
-1.13238809108681	0.341172314702962
-0.619895187822925	0.150839789138775
0.159251072645633	0.0298673857617753
0.696183317289618	0.326125469225922
0.168354166613062	0.0424807140134561
0.17351044503084	0.0436385160120603
-0.619895187822925	0.150839789138775
0.675591354383564	0.213968352567141
-0.0454789155262837	0.0199269367208018
1.25390078847077	0.87175698290806
0.163010895786463	0.0792392199987217
3.64508196443781	1.43367348655271
1.46498308680977	0.485505347800691
0.955450516302873	0.253599562429476
-0.0580140617270417	0.0252291360318496
0.395695877646277	0.178843013676337
-0.519038139240771	0.196086617266171
-0.439456913403522	0.289848765636074
0.190577631599703	0.131234681082511
0.327095028496576	0.198756765910698
-0.487995635422178	0.256406591457071
-0.567052877465278	0.411964868786105
-0.493660064105216	0.370481112418623
0.721117430807566	0.477803451082623
2.12791611038468	1.48667142416454
0.742485809393513	0.724751367451146
0.586247684407317	0.471078301154501
0.529579545149117	0.460877319219114
0.0929143968862887	0.0658275551504779
0.311100673874426	0.214736002515545
0.305024207426163	0.221038902463195
0.456971564738863	0.331878645383631
0.147362275827021	0.0639686977600643
-0.786944323976869	0.42901329804606
-1.2110537461393	0.910325782898788
0.673328734737688	0.483476305823791
-0.781184979640973	0.669062821383551
-0.0524948420019831	0.0228943953131285
-1.09048245501958	0.745781812939381
1.46188951026262	0.914700219376764
-0.141175092974388	0.0505326225047206
2.75704467106166	0.766025498669684
-2.57447078703937	0.657780381714024
1.83009713438939	0.715173729277155
0.148115706391303	0.0501916855583108
-0.049554569903457	0.0216353883443039
-0.718956786284381	0.245651364245131
-0.0525594345353508	0.0229254914448149
0.75392997528128	0.634699617274108
0.744315269999031	0.624129744414346
0.165411188362623	0.0804396476198291
1.46166504880046	0.484245680586438
-0.387593148133725	0.161202448597226
0.45553137225796	0.182978916553521
0.313758292906515	0.216757997333147
0.365025199315056	0.18504224327804
3.64916866273425	1.43502236868829
-3.75658350496235	1.47972368837861
-0.216657714135014	0.0698098910080456
0.669467631715225	0.211908752948447
0.147884122253428	0.0566733942926339
1.11471013587091	0.851526839055742
0.535792147849724	0.191926967879844
0.607571560069752	0.318671672924684
-1.51372965066287	0.537081101324459
-0.171627199667465	0.0915498378517782
-0.773992253248594	0.508961087798904
-0.233272178726105	0.116412958373533
-0.0430082392166699	0.0268326647959773
0.507511435248698	0.322910699296202
0.334200204806591	0.219057053755413
-0.0210684368753141	0.00986018568121281
-0.535652246848663	0.338323542559709
0.498979789980519	0.447032659924855
2.36495485023909	1.18150532804969
0.958855818540361	0.254543321351908
0.193111202530965	0.149671947265846
0.375885005002064	0.342219913524763
0.291237235437799	0.219621995561748
-0.207562576731922	0.155899331282175
0.924572809729412	0.806890453756459
0.331998723129595	0.217520342446576
1.31950368905441	1.69328559089589
-0.551228117267711	0.49799178235705
-0.283028757439287	0.205120387440565
0.593303331693498	0.574133199048408
0.0208812373231929	0.014561535598442
-0.943468402130766	1.29884442295072
0.52621867352396	0.457429330256923
0.0102599234965344	0.00526274791075573
1.3797931528505	2.00476389963096
0.176846831470434	0.102519301650828
0.281511315069194	0.236452149869995
0.175776189250159	0.102074864054941
0.0450232499679156	0.0264678335456422
-0.766616694599254	0.651438795736156
-0.778031651062373	0.593492584435781
0.535308159768992	0.19186644934071
-1.02338521131779	0.403987205196149
1.83633740824933	0.718096082890721
0.149666584584426	0.057386385337034
-0.298685230006485	0.136985219547295
-1.17169812731172	0.657878005808326
1.33208469099746	0.58115584608196
0.678327026073525	0.214743904761834
-0.336952847519868	0.096512855057735
-0.620903335937371	0.151058535991718
-1.507638227659	0.53431243522829
-3.08203891306948	0.959069086853276
-2.57421277656498	0.657506382974291
-0.620473624670499	0.150917804175241
0.956021254579335	0.253830462538477
0.15823182603157	0.0297179405544109
-1.27238367185372	0.571130757873106
0.15823182603157	0.0297179405544109
0.174933567082256	0.0439573605408891
3.6399901361893	1.43067029650081
-1.7975657981284	0.379599665892429
0.958855818540361	0.254543321351908
-0.61946410648704	0.150698865008898
-3.07750490916701	0.956880231933195
0.149837148708936	0.065069479536396
-1.80127875869	0.380587746892248
1.83065515075678	0.71528955791634
0.173940988172143	0.0437550114519682
0.392764877199563	0.177360356963154
0.146052828713658	0.0559896260587139
-0.141699082635289	0.0507192347670775
-0.150151961275825	0.0537113877198895
1.26257882923483	0.881452258045607
0.345474650760155	0.193434352364799
-0.215221304062718	0.0693199317381142
-3.07750490916701	0.956880231933195
0.956021254579335	0.253830462538477
1.33524644261639	0.582691238214885
2.7590679263751	0.76692961097815
0.531954615713782	0.190517989079214
0.159042375477486	0.0473891494040675
3.26835783601252	1.12163011968705
0.164122988767051	0.0488286730136595
0.961691043262411	0.654915593818301
0.911989349176909	0.494079753156755
0.167209206716082	0.0895720469828946
0.521763595834059	0.333533739107681
-0.0139865752005396	0.00664999932221124
-0.541213314256467	0.3428715682918
0.848967030962029	0.896968489282101
0.986673133549751	1.08044069362472
0.0825636538458039	0.0561391251011347
0.441695811829272	0.337866292118508
0.40420157897381	0.334362632774089
0.529195429723094	0.460741872784666
1.06619817640032	1.13751926127795
0.777223969024143	0.868077435854267
0.499475552452671	0.44766271077169
0.627192223715403	0.590708426100328
0.468668474294045	0.429668714841623
0.662500262385287	0.473947028212849
-0.125912172182859	0.0707383516343282
-0.780070181883784	0.596081411542673
0.803310940233228	0.63960800550136
0.148988465231789	0.0646982164402953
-0.143050051228383	0.0512185935431295
0.0190605159008059	0.00959424557842881
1.77097019372073	1.38705617577049
-1.70489824228236	1.42720621767555
0.153492350244565	0.0744789500596576
0.8246835121371	0.346242205210298
-1.0225353038078	0.403750407139113
0.956455214607419	0.253949648163622
-0.216657809109618	0.0697687117469907
0.446913247781489	0.179197436924564
0.150799488780929	0.0578200275109856
-0.0520924227090147	0.0227266911273001
-0.012013958859682	0.00573840134572213
0.900673233839117	0.922910229903719
0.900991106537989	0.486447731642638
0.664561611348325	0.474943088244569
0.879132129272153	0.65579966076198
1.25188373775666	1.06118560563059
0.680267294542255	0.215376555237081
1.0455067302297	0.395217247583679
0.531358567637365	0.190353154457246
0.898069967629699	0.484147102190724
0.700719755640438	0.328576052812794
1.33184695246066	0.580735815343295
-0.619895187822925	0.150839789138775
2.75704467106166	0.766025498669684
0.673048421642057	0.212994504688281
-0.150196998613523	0.0536857002626707
0.151061641523147	0.0578640062767647
-0.625191995446008	0.152059991852936
-0.344042706429557	0.0984794926451442
0.17294827606403	0.0435260072159332
-1.15744143418829	0.646149654166611
-0.226553640669636	0.112964310773079
0.668388881332408	0.479239585679549
-0.645442319638715	0.38215344557376
1.13216114181058	1.02281631693786
-0.0275836556985254	0.0176522457061581
0.974145636988004	0.666963496087631
0.827062362966711	0.347535018691045
-0.0939468953498199	0.037282483387852
0.82188945961011	0.344975872577652
0.153044648535639	0.0664451039469078
0.311556800313894	0.226610900896569
0.193384956796946	0.144749980569744
-0.178445802081659	0.118548390490835
-0.340411903568833	0.27266463601126
-0.260679348826622	0.162516744787215
-0.241888475069765	0.178757344349396
-0.427525275281819	0.32812140665093
0.0118319424311601	0.00601404204226385
-0.773797799983579	0.509085785623051
0.742160309518754	0.621800124654949
-0.78324238316564	0.51694807557245
0.328541700176113	0.228531221039883
-0.587363989632683	0.475749435510447
-0.0977540143846298	0.0572453202583292
0.83938928826375	0.882349568775323
1.03107395057122	0.975587169595567
0.184882529653509	0.114751543303229
-0.572960716189716	0.557679330806372
-0.477190345075677	0.405026288796017
-1.71294527540511	1.43758600191675
0.159198444109044	0.0773152942902126
-0.179546986882075	0.0960109571567396
0.157819787360587	0.0533909827533473
-0.0487865644147367	0.0213253314152321
1.4655515469736	0.485738470948645
0.171439356572218	0.0508022088393954
0.557395035575767	0.325182383669068
0.166894126545373	0.0495801423286346
0.401955718197999	0.182059340495736
0.156578374192559	0.0529500023158002
-1.79763019308962	0.379603777700996
0.173940988172143	0.0437550114519682
1.46265753359042	0.48460907431551
0.15823182603157	0.0297179405544109
-1.7975657981284	0.379599665892429
1.83417843227406	0.717062027537897
1.95879552552655	0.437985228139192
-1.13338534815793	0.341498686250824
-0.61946410648704	0.150698865008898
2.35556378057502	1.17434088403307
-1.80127875869	0.380587746892248
2.76197196120423	0.768541369225187
1.95793128711136	0.437766051086387
-3.75718934185265	1.48017499214909
-1.7975657981284	0.379599665892429
-1.7975657981284	0.379599665892429
0.15823182603157	0.0297179405544109
-0.337559379634888	0.0966770330278957
1.0433448222306	0.394400438672122
1.95879552552655	0.437985228139192
0.958855818540361	0.254543321351908
2.76095211479574	0.768066673537379
1.83162438273742	0.716000775412828
0.675591354383564	0.213968352567141
-0.765918596168096	0.332344936277861
-1.50982433145335	0.535480148233091
-0.943599517970529	0.579045207651662
1.34059061290131	0.585523081425484
1.95793128711136	0.437766051086387
1.95879552552655	0.437985228139192
1.95793128711136	0.437766051086387
1.33603551913475	0.58343053611899
1.95793128711136	0.437766051086387
1.46010735547628	0.483457516052687
0.393220623172696	0.177598536190824
0.664022274854741	0.475239084363913
-0.0123779178608771	0.00590328517117215
0.323440425464299	0.224515730216359
1.03143998916174	0.976530379218741
0.188284485319861	0.117029380956816
0.180572269692669	0.111837468694153
0.630076801782699	0.481971356258355
-0.856629428252224	0.919042936202904
0.797522848704792	0.632985116525893
0.654481712358937	0.594495096558748
0.906585024210563	0.490133279396643
0.15874617659268	0.0771802592935069
0.187035296707211	0.1227663046283
0.332632724326511	0.202559276556015
0.749891927560645	0.630068703604834
-0.256398973854879	0.159671148730726
-0.94107882049523	1.0722583967243
-0.992909513606877	0.889695399698217
-0.159664505443181	0.0848830795154852
-0.449429168602439	0.297731208780208
0.959378660940008	0.654146309413287
-1.51494510157249	0.537750180976637
0.672438015608786	0.482616320441574
-0.596580857706453	0.285665758229814
-0.225144703520374	0.112286204608532
-0.312369844982705	0.186230122064616
-0.392364408576707	0.16313056906629
3.27129205644114	1.12317050813274
0.956455214607419	0.253949648163622
1.95879552552655	0.437985228139192
-0.619895187822925	0.150839789138775
1.96641380776688	1.23079619877719
1.7790410882222	0.991135647181007
0.557876793216278	0.325494043184646
1.50449219311379	2.3836297910987
0.298729714111649	0.226238069566886
-0.543442163310674	0.488717697884023
0.89815078111972	0.918926341095523
-0.0226987328264758	0.0106042077930404
0.378942340204288	0.19157498068112
1.95741134700298	1.22064278200797
1.83320872066104	0.716809839835328
0.170331293505475	0.0429093144237285
1.24570173100305	1.22370915812909
0.403017689363334	0.182433699553409
0.675591354383564	0.213968352567141
-0.61946410648704	0.150698865008898
2.75704467106166	0.766025498669684
-2.57447078703937	0.657780381714024
0.446913247781489	0.179197436924564
-0.0893300542784814	0.0355154444573409
-0.519293636480079	0.196119529083062
0.168393915595915	0.0499912542478598
-0.0955597480171345	0.0379397713124816
1.25328309537184	1.06303231022379
0.881525035782767	0.657646831354855
1.59916622870061	1.74334556219024
-0.538362358655831	0.34068729805401
0.956856129308868	1.16972693571984
0.301616056696133	0.228713836196062
0.1070945639121	0.0789120891185021
0.622861041605401	0.47530427670152
0.189311673675554	0.12434036258154
-0.212700860727539	0.0685566980358174
0.667398015042672	0.478516895071274
0.0937410934512554	0.0640385659419436
0.30243189177597	0.229356443668639
0.710231364797491	0.62644305687812
-0.324209584995908	0.229089846746644
0.485283320945788	0.332540555238292
0.0497794525997156	0.029238583614635
-0.419806820621384	0.320732168184222
0.452422803238943	0.44139687372418
0.209815308198221	0.179692436497621
-0.499999748278322	0.376549431139526
1.573343658305	2.18792811713065
-0.371330792424911	0.321364647639581
-0.300642709679235	0.244298710630156
-0.783481127824256	0.735610692849618
0.334421437068802	0.219374510490618
-0.679626519190377	0.537992282235286
-0.237816872666683	0.118960565453429
0.169090884542785	0.0904448014555829
-0.174076217661721	0.115482404115483
0.146268306595869	0.0561200945945956
1.03956028838295	0.987089811501002
-0.489670182019197	0.257563334781709
0.146697799928239	0.05624557950683
-1.51372965066287	0.537081101324459
0.150960388573741	0.0578814141488162
1.0418455851348	0.393863567086238
-0.174396401086263	0.0931114047450785
0.960305402281055	0.254935680101795
3.26630303248094	1.12023058934939
0.177812920485068	0.0445891130396879
-0.340593087152544	0.0975352685660813
3.27025913837768	1.12233669524588
0.15823182603157	0.0297179405544109
-2.57472877667238	0.65760345889815
0.16934280349587	0.0427080042196444
-3.07793266340176	0.957013587093989
-1.51372965066287	0.537081101324459
0.676200627845659	0.214099921395796
0.155282002123357	0.02934225636165
2.76095211479574	0.768066673537379
1.8311985034646	0.715466230244509
0.674624067917918	0.213658555919133
0.1677792397568	0.0498341730879395
-0.518947990401155	0.195906357411418
1.57348274545762	0.780077891490519
3.64405193165419	1.43312407887711
1.04399882604875	0.394410469117869
-1.81615794981155	0.736304298450839
0.398564055850054	0.180357299428709
0.16323818852145	0.0485873708307168
-0.606653367135461	0.291055407943452
-0.770356668689897	0.334785804148308
-0.238814729781884	0.119479413481741
-0.143328772936503	0.0512579162321514
3.26732978575294	1.1211772426211
-0.522472487971899	0.197429550059794
0.372065299311745	0.188977368917676
0.55630268224154	0.324225610920432
0.565040784515256	0.330706505047545
0.669117736352227	0.211726956826849
0.157259696796029	0.0532031124835433
0.871638622489056	0.647987292613155
1.46364987732708	0.48479584486453
0.417379179812436	0.332046701311973
0.488524946247641	0.335888285948546
2.16854966586798	2.90109280695574
0.703490503799548	0.707031154449101
1.33458704127783	0.582268956415383
0.666478563818723	0.476746113024843
-0.236984160583501	0.174591872888556
0.0188405050688222	0.00948257565666664
0.580632865633829	0.465039192069823
0.0940268125947706	0.0666498154856542
0.310552635196031	0.225619680063478
0.463203308892996	0.337290134283939
0.450157247009531	0.180608889469783
0.514363956624578	0.328033054176852
0.693123608239251	0.724432940436024
0.341326108508557	0.20869401392997
-0.00909763214173148	0.00596393154443489
1.00845428304823	0.830839868797548
0.660195978701639	0.601180470825733
-0.0504670294379838	0.0314969101221113
0.495500767739454	0.442603785137674
0.076790097099728	0.0500481936741756
0.0717063936835162	0.044513682778377
0.491844848761396	0.438588047314466
0.55057830094336	0.460269017514188
0.5123141054827	0.326401570754508
0.313683419469014	0.216743540134413
0.158128274235763	0.0534756396939054
0.335830599561009	0.22025941636834
0.901812100665612	0.486975262205183
0.163679082630976	0.0796091015588358
3.27025913837768	1.12233669524588
1.46654605141329	0.485981855384374
2.11696526038276	0.944641047228561
-0.330743055504182	0.0948165849361726
0.764059979883346	0.847865969326011
0.266232733617371	0.241917277419196
0.517806648626338	0.553677415836277
0.807523759853752	0.488148866130172
0.523157746161645	0.543574109153601
1.03184753931328	0.97752787886551
0.873525782994569	0.649013256074797
1.33496226972162	0.582380892606042
0.1677792397568	0.0498341730879395
0.878060028007197	0.654510180830482
1.04977213256289	1.00204707128202
-0.337924641037297	0.0968088152153293
1.95793128711136	0.437766051086387
0.157971563808893	0.0296806747786729
-0.770356668689897	0.334785804148308
-3.45714001185249	1.22455064732533
1.07116116689747	0.51803508033569
1.65937296572963	1.56462830320784
0.142485310363934	0.0618553974925341
1.07116116689747	0.51803508033569
0.0556570703912631	0.0326819179855383
0.454548938226421	0.329526461206585
0.0516486454841649	0.0303306184768001
0.749420377685097	0.629944565824012
-0.00448944652605759	0.00286979041544678
0.504293300670542	0.453083365273074
0.186286458247652	0.138902517190249
0.477712293625312	0.457207715541923
0.482815906056807	0.535128643797733
-0.0473169293772439	0.0351388238474802
0.303939886248377	0.230800553498106
-0.228608022626346	0.173730877488326
0.72274362201236	0.479272045586727
-0.298780354807117	0.242509472582
0.334103538218733	0.203501225529463
-0.00607619366878016	0.00403654971210386
0.881912728333147	1.01689056963637
-0.443310471780895	0.462066731239521
0.601234140528266	0.667148194771644
-0.323765816874237	0.228363779573497
0.38769470310388	0.330957567970096
0.940936871142403	1.26159628888956
-0.383460306247248	0.334219683126793
-0.179412169071356	0.119319849301734
-0.0124396983496724	0.0081210553990427
0.0777855835941337	0.0507116254481517
0.0270846279404379	0.0196008980535696
-0.373419527254371	0.292307232688052
1.54604579771797	1.33644116775524
-0.434318075744654	0.33446332267871
-2.06444769256084	0.935935080561358
0.828676365455995	0.348216635594115
-0.616620021012413	0.150099962492625
-0.517567096912483	0.195373080592303
0.00658879383832574	0.00349845894815374
1.57778417402392	0.783272898824577
0.958855818540361	0.254543321351908
0.952729371406254	0.252945498225285
0.1732138890056	0.0435401196761172
3.6399901361893	1.43067029650081
0.15823182603157	0.0297179405544109
-1.81827955350507	0.737738285564138
-0.620903335937371	0.151058535991718
-0.216906973772167	0.0698162939158413
-1.0225353038078	0.403750407139113
1.0444887245408	0.394848386181826
2.12149136184524	0.947562188308172
2.75704467106166	0.766025498669684
1.95879552552655	0.437985228139192
3.6399901361893	1.43067029650081
0.681797110069949	0.21588345629796
0.176818183184722	0.0443715906559113
3.27025913837768	1.12233669524588
-0.388894864966052	0.161759502133941
0.529323457472478	0.189545567502798
1.95793128711136	0.437766051086387
-4.00182249544158	1.72625328461739
1.46067242606004	0.483688692701864
-0.338530582329419	0.0969729638077002
-0.781596967462106	0.425088669995401
-0.980999767840494	0.485331079336434
1.12291377931064	0.861760058497187
-0.0504554458276566	0.0220263001125245
3.93397258257213	1.72120776019779
-1.13395018438652	0.341592389781504
0.157971563808893	0.0296806747786729
0.959294652844364	0.254663957360155
0.676639067838878	0.214128030995098
2.03371343865754	1.93055337846266
-0.0212256023093754	0.0099273936787699
0.693542685492899	0.324790980049964
-0.00975577597209669	0.00473057699649032
-0.985675741837217	0.488426213022271
-0.945269523923264	0.579838960063756
-1.51372965066287	0.537081101324459
-1.12769593434811	0.339436368028373
1.05302164728933	0.398120368812969
-0.211632968447512	0.136573105219788
0.162694952553565	0.0791027279959055
1.04272737841263	0.394268038065867
0.958855818540361	0.254543321351908
1.00509602211134	0.825221672367268
0.373065543180208	0.33924173017813
0.149412878577432	0.0648876903901784
-0.785318637416831	0.852173333330542
0.190085909781393	0.142040706957514
-0.62585797516962	0.600948102491596
1.78733471011752	2.2208669522846
0.0737016328035141	0.047981841178459
-0.0958314713327389	0.0560699964074964
0.42926515913215	0.343526813382065
0.0291637180810861	0.0210943743812007
0.535678370745665	0.467915142038724
-0.522367986339793	0.432480990686516
0.903006198873841	0.925813371024369
0.178631563370369	0.116835800262382
0.313142356829836	0.216306618760397
0.332216605975584	0.217521471700976
-1.4265761851155	1.51559515950786
0.486996051161863	0.451261306208528
0.023463648070274	0.0163747628656709
0.197442494344107	0.163207919199998
0.306521188053176	0.233031683490293
0.528072963948503	0.459456703029714
0.406382462976038	0.336613143307201
0.181054559649883	0.105197557901802
0.808644337710754	0.645329421569194
0.278563784957559	0.225610342440405
0.802474283944182	0.639034215660119
0.884948583387126	1.02200512761407
1.0433448222306	0.394400438672122
0.693024016107701	0.32404196317488
1.46209127003869	0.484377128190959
0.173940988172143	0.0437550114519682
-0.0131061479390271	0.00623225346843619
-0.0894092947757984	0.0355456257938817
0.517482112049337	0.330075465309353
-0.0186140848145957	0.0087407585855106
0.306397797368088	0.222154538340967
0.607356804653542	0.676444999193589
1.03861274698955	1.42976733124082
0.617484974472672	0.469897187023791
-0.129593492164573	0.07286694183114
0.535902929212832	0.192030732305526
0.956021254579335	0.253830462538477
1.04246313957759	0.393996072509476
-0.717191145070403	0.244966202456728
0.531600808944957	0.190452833446827
0.0295246020827451	0.0163157289266282
1.12452959228591	0.863049935403483
0.389317480008842	0.175725647635356
-0.600671806782455	0.287908794772396
-1.08354821611498	0.73964386271222
1.25073774111841	1.06063521174476
0.995219796719715	1.09486131983388
-0.174440730547524	0.132725567746212
-0.0165981607126363	0.00780440904025189
0.54624956549325	0.555238781359823
1.159966852498	1.44130701586365
1.01737246558529	1.22077867428723
0.443788073051775	0.430656566762278
0.801735249395172	0.868097449718313
0.843052793578131	0.994629255509103
0.00871754878660035	0.00619213664777159
-0.0393640919514137	0.0291528427053754
-0.785503208466291	0.852871203773234
0.171924104299803	0.0920511932542776
0.289165934461688	0.251842021514053
0.716513346230342	0.725481581449684
0.62261605935646	0.676167936285957
-0.162891830137178	0.126696003991693
-0.301361464456491	0.266148698589877
0.100746489957459	0.074078901032983
-0.240949289244887	0.177920702770065
-0.490270025019333	0.549739714035197
-0.215161513604765	0.162324044137273
0.427898866359206	0.342286769695723
-1.1603952055725	1.4383356362067
0.193735621753898	0.133702961391952
-0.0631602078334353	0.0382470406807666
0.0663834187436578	0.0431339756386384
0.811471932330171	0.774499939801312
-0.554083169021825	0.501389750580347
-0.046299219722856	0.0288865526121431
-0.234705745041992	0.117371316515034
0.529918814853225	0.189819007683608
0.674624067917918	0.213658555919133
0.823078351695812	0.34550391355806
-0.483799671260548	0.25401643493222
-1.02220030668553	0.403399409057447
-1.12379649940684	0.33819735561451
1.46109938210879	0.484014060767982
-3.75718934185265	1.48017499214909
0.174503749901052	0.0438676710334476
-3.75168277240236	1.47633842923476
1.04427198623154	0.394656801502761
0.158202431453599	0.0297753629586498
0.162171049505848	0.0303007576998756
0.167164301060576	0.0496616909525181
-0.390406248237941	0.162374844905515
-0.625191995446008	0.152059991852936
1.95793128711136	0.437766051086387
1.95793128711136	0.437766051086387
0.158989511121608	0.0298299152293259
-2.57447078703937	0.657780381714024
0.396997611551252	0.179536136729114
-0.214379875099978	0.069039813976162
-0.215815148052618	0.0695090074287807
0.674624067917918	0.213658555919133
3.64710400400511	1.43385490736823
-0.301160925221968	0.138127505088985
0.819227685269736	0.343693096468269
-1.27784299590365	0.574711166317859
0.161441603969475	0.0783531922642774
0.559645192799488	0.327350914398242
-0.234362366044949	0.117098664307339
-1.50884424560785	0.535043767502043
1.27904868424098	0.70524444012805
0.823888102049168	0.345906037374267
0.956455214607419	0.253949648163622
0.616180505931255	0.323800988183479
-0.600671806782455	0.287908794772396
0.696140528705959	0.32596537413612
0.616163706724048	0.323963820348484
1.82755032422624	0.713907775987463
2.12570455528211	0.949702563350638
-0.239087946663028	0.119685366738996
0.610402426636715	0.320086559203591
-0.0466450889505584	0.0204157112861907
0.359514399641299	0.181763190493747
-1.81139863683783	0.733838743939283
1.04510594650726	0.394980612745183
-0.385802694145781	0.217450449634119
0.161438619795304	0.0784736394480948
-0.122997698132194	0.0690209867776945
0.0296904629989776	0.0163688112243064
0.0496536576777507	0.0291602290496685
0.679655237519559	0.215244174521264
2.11869185323705	0.945764565994132
0.152684671650055	0.0584811977102453
0.347396567133046	0.194717445607864
0.185622487952577	0.138332232466741
0.504443684102859	0.453164180597203
-0.671453646646812	0.529689933249012
0.467991778890742	0.341456810456931
0.494546594183605	0.46035330802342
0.063253158742285	0.0392005087870246
-0.00508236646205495	0.00339320402957398
0.909916748885293	1.13377084474412
0.467974886349061	0.460618091090921
0.628948379833655	0.593171580217045
0.0969033615034891	0.0710960410533238
-0.0668663236611797	0.0490702796455487
0.194792516799425	0.151078660606251
0.192963682459376	0.138987227030767
0.191694366825824	0.143354233453686
0.0959012374843936	0.0680398610183023
0.531898580326605	0.463685568790034
0.116776818795307	0.0918954182662736
0.454818888565463	0.444371219566757
-0.0530250207955019	0.0231197619554746
0.562697273766268	0.557237222200422
1.02193724424017	0.846300144153191
4.17340595642908	1.99906710787781
1.33603551913475	0.58343053611899
2.74543859944234	1.6782276296683
-0.718081625995024	0.245384533690959
1.54273364497696	1.3307384011211
-0.393456362445407	0.222238139756909
0.202918443199233	0.173025470778489
0.82625387160176	0.347107129604409
0.158814030193091	0.0771133194798548
1.24823298601114	1.0573422632507
0.161279166809651	0.0700215151745545
1.95879552552655	0.437985228139192
0.449051374752847	0.180146054252177
2.7590679263751	0.76692961097815
-1.50573496603534	0.533703959061235
-0.174190083995341	0.0930271000172731
0.871528929238304	0.646948453220102
0.447833396545375	0.179698879637598
-1.50982433145335	0.535480148233091
1.04034511892763	0.392920970387567
0.681407926261565	0.592026513042724
-0.428369025597912	0.328905279385061
0.179221215572305	0.104155280865034
-0.180050778192217	0.119732302607771
0.275861737969394	0.223031396907893
0.322638522126364	0.223914149872277
-0.50514393097423	0.380929263301128
0.448715610867532	0.344620464719767
0.672946378251737	0.482800955512636
0.584087677791527	0.562021931483329
-0.645720679982612	0.626694867999136
-0.290183115556517	0.234257169522365
0.0973285783509728	0.0690899084937163
0.102078525531462	0.0751104214939232
-0.402241514609661	0.403048016368574
0.087746815299039	0.0598032026822903
0.88218934839853	1.0172876654478
0.280704403430613	0.235653307676083
-0.619493739604832	0.553078304687356
0.127299578158568	0.106197828647163
0.101379289089402	0.0745394279963343
1.08189661924957	1.26873886672033
-0.382550687840791	0.300971668847226
-0.0977023008872578	0.0692633177304783
-0.713511362818858	0.77779201212563
0.752705687690497	0.830253180090704
-0.0800754279422137	0.0577819264012594
0.476869785897574	0.439317898580203
-0.242132231888786	0.178974406626058
0.353616759012148	0.327979470809339
-1.00143482732635	1.19547072434333
0.584065404782899	0.58530409546677
0.317918938309305	0.220183292120771
0.379494133266622	0.193184878057396
0.675591354383564	0.213968352567141
-0.620326325745573	0.150885642821786
-2.29030667207249	1.15629650854278
0.675591354383564	0.213968352567141
-0.986159381495422	0.488772931885966
-1.81291187157146	0.734751884578751
0.148140839727728	0.0502124453441234
-1.80127875869	0.380587746892248
1.83065515075678	0.71528955791634
1.04638771946291	0.395714063580135
-0.625630686390319	0.152156798395567
-0.624623675797245	0.151937920429117
0.539860130057183	0.19347257336536
1.95879552552655	0.437985228139192
3.27232628525746	1.12331698634376
1.32730125980366	0.578419193427769
-0.221200715743042	0.0712222587266738
3.26835783601252	1.12163011968705
-0.620326325745573	0.150885642821786
2.12087192734391	0.947138368475404
-0.143328772936503	0.0512579162321514
0.453093480981549	0.181948913825526
-0.3395018260887	0.0972061822975938
0.371600664243485	0.188677055462751
0.697435449537931	0.326741539527995
-4.40037813786411	2.22768788918018
0.532001656246959	0.341782985853594
-0.339136742629042	0.0971078731889835
1.04943567600199	0.39679396861389
-1.02338521131779	0.403987205196149
0.955450516302873	0.253599562429476
2.75805496536761	0.766752929661107
2.76095211479574	0.768066673537379
0.155157819393839	0.0673918532276395
1.4613036597653	0.912813747064695
1.0418455851348	0.393863567086238
0.344583462204025	0.192841858035124
0.158819332515352	0.0689233785889917
1.06632392555289	0.514786948757726
1.57219334501409	0.779074773498945
0.172643132163515	0.0434132410698589
-1.12769593434811	0.339436368028373
0.691933817668349	0.3238787341333
0.4536820923928	0.182117067910612
-1.02393437812981	0.404449416816886
-0.324435439116692	0.194250960387935
-0.3395018260887	0.0972061822975938
-0.595928190185781	0.285105858614753
-0.0101212194708845	0.00489486638376107
-0.442166566611799	0.291994376722256
-0.590671934640818	0.479219980750742
0.517915739005245	0.330834600154157
0.369961400030203	0.187497163580582
1.09206698581737	0.673295030461313
0.959294652844364	0.254663957360155
0.957461191854986	0.254126256439643
2.56231868542666	1.41851622575425
-1.13282069800183	0.341231258763963
0.320895117527544	0.222451784700259
-1.14017652502597	0.987080896774494
-0.241327365371874	0.178268886206455
-0.0827139187023073	0.0482895089910177
-0.117651312247907	0.0817546034831632
0.306832790985877	0.222664491169911
1.34169071744601	1.58437255876238
0.322046860488673	0.223396199309263
0.62198082881185	0.474143847755287
0.654157381752745	0.593983717546119
0.753223702735389	0.739725377274751
0.518422442661076	0.331410570091614
0.733531656706649	0.910832162328077
-0.0930613575591759	0.0544049659272614
0.0340869665208044	0.0187435284722839
0.372869900868976	0.327623744225222
1.71826432977806	2.34041986470856
-0.0148461388796678	0.00967649403467323
1.26120257342328	0.880916362165099
3.26732978575294	1.1211772426211
-3.07750490916701	0.956880231933195
2.12482393991542	0.949177318529429
-0.238190508134699	0.119228137926841
0.700719755640438	0.328576052812794
0.0189040658921476	0.00954241657362761
-0.14414779545749	0.0980860147537942
0.463090041500162	0.337342383942786
0.911536630346096	0.49371697175901
0.696140528705959	0.32596537413612
0.167786821496111	0.0423548811213711
1.04096305100241	0.393348131713795
0.157971563808893	0.0296806747786729
1.83259355517544	0.716473450995655
1.06552204179651	0.514193876521475
0.521165565314843	0.186414243832898
0.369101614013109	0.186932576086884
0.400092907540121	0.180878360638069
-0.227084591190055	0.0730386299617289
0.060395828284417	0.037429224114342
-0.0496464419047594	0.021686134811476
0.178172002547794	0.116508959451824
0.189268692644517	0.117626995275289
0.838068816421869	1.08469844171687
-0.320020463347578	0.225592611301643
0.282889355956451	0.237802039906478
1.45886081943186	1.66544389146481
0.674657515780878	0.69832528389589
0.0432916669563544	0.0324298989555511
0.708019058894667	0.713597987064576
0.396188852759394	0.339881554760897
0.0605071048021346	0.0374883140711366
0.893523888514995	1.03599396669864
0.181905414115839	0.14455468564484
0.0440066681914999	0.0258747629825311
-0.0253194367442582	0.016210341078332
-0.132404772165853	0.0744705049706018
0.704772373427418	0.708584930070785
0.893928915528401	1.03691860378915
0.555023034609725	0.46502962080349
0.500201200212207	0.448180732733977
0.448676181609632	0.436777181059832
0.660773323159041	0.602050071045823
-1.45219413767159	2.20238161133595
-0.500337110483925	0.458558141278035
0.481347763118451	0.444766120712016
-1.20165870824448	1.40021981407073
0.724850161102599	0.480610416494745
1.24994857488805	1.38341811646965
-0.105530329554112	0.0619189933805694
-1.02206950854082	1.14631258722951
1.50051174969559	1.98475778969641
0.327410369305944	0.214066541733189
-0.216063671871124	0.0695794401283131
-0.137123154547389	0.0491310459310203
0.614123131486681	0.322701852906607
1.54918728524368	1.34103264512836
0.146541284673948	0.0561598479354904
1.82710265989491	0.713711178135864
-1.13338534815793	0.341498686250824
0.153830475350601	0.0520893555087474
-1.80127875869	0.380587746892248
-1.13338534815793	0.341498686250824
0.535308159768992	0.19186644934071
-0.625191995446008	0.152059991852936
0.363284643578391	0.184030192124839
0.172385921068679	0.0433875285709768
-0.339009514545445	0.0971276143948088
0.155205580878186	0.0525315583518307
3.26732978575294	1.1211772426211
0.164738242561747	0.0490009495728858
-0.620473624670499	0.150917804175241
-0.720182828019212	0.246166050990353
-1.50824112923963	0.534752090600511
-3.45172595803352	1.22146685013561
3.27025913837768	1.12233669524588
-0.620903335937371	0.151058535991718
1.04512960060759	0.394894574824106
-0.0554683252383234	0.0241516674699032
2.12953912755435	1.488825062203
4.17939269952942	2.00427610225247
0.350075136074451	0.196495420122897
-1.07906842954324	0.73473258668906
-0.977847249321332	0.483702312796229
-1.79763019308962	0.379603777700996
-0.620903335937371	0.151058535991718
0.15823182603157	0.0297179405544109
3.64508196443781	1.43367348655271
0.158989511121608	0.0298299152293259
-0.342463785834028	0.0980578484034576
2.12394240921657	0.94837113679342
0.168393915595915	0.0499912542478598
1.03791471976137	0.392024637204806
0.454729256271577	0.182576142881134
-0.220127829021508	0.109592483317179
0.39804758134111	0.179836760867837
0.691933817668349	0.3238787341333
0.674143348272808	0.213431626689393
1.32591630688005	0.577556122882159
-0.215221304062718	0.0693199317381142
-1.48716983279988	0.75008912622263
0.158604136577251	0.0770017939478121
3.6399901361893	1.43067029650081
0.396915452026465	0.179527619920334
2.57067030780361	1.42599096241018
-1.12781381973937	0.339579374120096
0.960305402281055	0.254935680101795
0.822267625819136	0.345061712364334
1.11610091308135	0.85374225171026
-0.426765386682688	0.327278495324688
-0.39125798745751	0.220959587370866
0.182527853302388	0.113176801304447
0.795899997837704	0.478483177057154
0.696311716242858	0.326002755913493
0.159042375477486	0.0473891494040675
0.166260955203852	0.0493457353508282
0.151538255863495	0.0513200105304366
-1.02504052819316	0.815082041499451
0.427394747675971	0.341668074180546
0.0109920226740563	0.00731619108874252
-0.0936633876817482	0.0548101058293161
0.294819880592285	0.222712511484577
0.414820774966181	0.345028500170937
0.582016262840934	0.466611337152679
0.0665340427776846	0.0432575432191917
0.392690137880124	0.335857934114223
-0.25646991604086	0.159736363537294
0.46904910888089	0.446727128091845
0.878141306096576	0.654145433346897
-0.145497586383822	0.0990634039442658
-0.0082754725339031	0.00544770175957912
1.07845099248245	1.26161904382469
0.191463638497915	0.132041003897523
0.297135421880256	0.234263793064603
1.1191866626734	0.858394579364077
1.12784277880749	1.01785504248227
1.77486324533629	0.988098448591427
1.46498308680977	0.485505347800691
0.169762747888229	0.0427831084845497
1.0455067302297	0.395217247583679
-0.392037934072589	0.163074575803985
0.153380510069301	0.0587543815109685
-2.43873143122869	2.3841699216106
0.187871905188825	0.145180517079261
0.757026182718354	0.638219575140512
0.529913340217414	0.46143856827169
0.682291806785188	0.709287168783693
1.77983958461778	0.991921136034635
-1.15454884481029	0.644440658935081
0.786639336017896	0.472181729961587
0.802171928615942	0.483570047691891
0.956455214607419	0.253949648163622
0.157819787360587	0.0533909827533473
0.791238337557538	0.475872345880827
0.345154928246267	0.193296548565043
0.900625561076723	0.486191449022938
-0.232484090436567	0.0747440273823712
-0.604531467918377	0.289963848598272
1.38115185914404	1.28586821713625
1.49349078594799	1.51117431148756
1.16005758600634	1.44147540041272
0.742752465050366	0.621458615799151
0.384199320288237	0.339879578235786
0.756530184503723	0.744224715367469
1.31254788109092	1.81800427301951
0.195378505932911	0.151586618307605
0.414428752496387	0.329165201996538
0.271593086757954	0.267119676609773
0.184864896126649	0.132569512691426
-0.0821203621450323	0.0665036971899317
0.00595930364635406	0.00398666130477669
0.302897180209052	0.229887613598744
0.701911932920502	0.616873862626183
0.48189591201289	0.44538230890746
0.598349283437755	0.580357289441822
-0.378093058123543	0.296747134039615
-1.44631289828697	1.29404619374015
-0.386712111474233	0.366967566416161
0.418693881118372	0.333184461015692
0.489353877615352	0.336542238603319
0.96048337683331	0.950317469864476
-0.051776602531353	0.0377628658924336
1.71735793694165	2.33742127912323
0.67456232910909	0.697761494374244
-0.592732471584576	0.481397134781332
-0.230416768626685	0.19090225122802
-0.0922703667639252	0.0539915492690121
0.770935673835185	0.858477609135279
-0.663033576169925	0.730034961077351
-0.245443502475054	0.181753513601589
0.809849357764072	0.880435115857564
-0.570705350590297	0.415293125315881
0.90311829915453	0.488154676737711
-0.447570581988841	0.296256540556445
0.405428582126021	0.183662786100022
0.400548918023925	0.18108548189833
1.25930309558788	0.877883513874623
-0.156218469178422	0.0558004734217502
1.95793128711136	0.437766051086387
-0.625191995446008	0.152059991852936
-0.620903335937371	0.151058535991718
2.12175361138722	0.947733160087778
-3.07750490916701	0.956880231933195
0.956455214607419	0.253949648163622
-1.01881976284329	0.401954931656393
-1.12825544522804	0.339732258677114
-0.220849649046566	0.0710925897619741
0.173378039987466	0.0436162262322836
0.162171049505848	0.0303007576998756
0.157971563808893	0.0296806747786729
0.670081697347895	0.212111377241056
-0.338896474896558	0.0970421752101679
0.956455214607419	0.253949648163622
1.46010735547628	0.483457516052687
1.82851727583204	0.714435845516616
1.04122776355439	0.393435934346114
0.446913247781489	0.179197436924564
3.94242804468007	1.72582667940082
0.674624067917918	0.213658555919133
0.405633203912778	0.183888887597262
1.08673621653067	0.669163854372617
-0.715034146888943	0.244213254744201
0.0111578739610681	0.00572591512626288
0.161055121947285	0.078159792666116
0.367038415397899	0.186065733367347
-1.15956766016191	0.647955350185084
0.173940988172143	0.0437550114519682
0.164468653517054	0.0489167663284228
0.162954029252909	0.0484564307378685
0.165353233252732	0.0491580922731075
-0.337559379634888	0.0966770330278957
-1.13282069800183	0.341231258763963
1.09705130925205	0.67773259632734
0.724494385761239	0.480730977345133
1.24888869284444	1.22745954525341
1.05031467395732	0.39726116208472
0.52764029394331	0.188938300410242
1.95793128711136	0.437766051086387
1.06676008228299	0.515434534027129
0.676558588301015	0.214207370803977
-0.142462755676946	0.0509690375198137
0.150637496826969	0.0577366339636488
-0.383674515127667	0.215980650800323
-1.46483406354324	1.01919104323897
0.153389486735009	0.0664881047133321
1.32563884437594	0.577224524227625
-0.388325358501387	0.218973653818316
0.338338138096491	0.20657046765589
0.299976694023689	0.236895519615347
-0.911154209449172	0.663830478279796
0.628496747518512	0.592629641219293
0.5249390152176	0.336072145810695
0.174759383020117	0.0937983104703925
1.06114865171386	0.512100472265292
0.525974790890797	0.188312313683146
0.152195589623538	0.0582951480180515
1.33065013736382	0.580048564914345
0.17909752575716	0.110848572326978
0.282260839095126	0.237142559678303
0.389411979539893	0.332746816490164
0.621986530548496	0.473804765778695
0.342729747767914	0.225463817519765
0.190275426178769	0.131103974155832
-0.373168045995965	0.322977096958345
0.594592536519448	0.575827346397421
0.577358316319157	0.461732140056888
0.66759630588559	0.609935054320375
-0.146495201228728	0.0998045926267442
0.32470596954841	0.212134016699517
0.389500471963168	0.319325466967449
0.703155770844307	0.618029165045204
0.328609784019839	0.21496403785464
0.197385112564369	0.163186977498897
0.672532851709167	0.483085120668579
0.651020384438781	0.692352889722058
1.07204533122048	1.14569168928866
0.321739941869272	0.223143146066374
-0.0152445090798637	0.00722037903301114
0.414970479238913	0.329701187093927
0.154192255174172	0.0590704178770629
0.403471697892599	0.182600017696861
0.335639837450303	0.22026238817392
-0.147093652274001	0.0525528129665041
0.159841699557927	0.0776977527699079
0.305767591920233	0.232311945615268
0.877358720558598	0.653889810711109
0.625363327927067	0.680435999739845
0.92490539887447	1.33835676095111
0.875982516024516	0.651800466622436
1.2559260244505	0.874140884734063
0.446786935248547	0.179292535994645
0.903937717993954	0.488786092987027
-0.455439738013494	0.302570458451978
0.19296672720068	0.149542631561124
0.356240219019691	0.200258008151405
0.364154568161879	0.184543470142968
1.69299038813899	1.9733433879433
0.797868630166781	0.86257849928265
0.286080367392312	0.26335434280541
0.138734688988104	0.130040206965498
0.365130176138126	0.330456644997382
-0.0579973735601718	0.0351186436768482
0.0631883203693617	0.0391778292401337
-0.0305235314650803	0.0195305084217147
0.29612713071461	0.213602159981248
-1.08130737114265	1.03607815416903
1.25455929105845	1.06477357416021
0.275499545112062	0.251975484130077
-0.284820825468056	0.229109900627799
-0.0341121755525864	0.0218226768990003
-0.0578782570539877	0.0350243527483173
-0.194852792411456	0.180622273743406
1.2433821261414	1.98359955316729
0.185843392778119	0.133367100935871
-0.576948486289139	0.562889667151894
-0.625535841840988	0.600709050653098
-0.773888124270845	0.885657871138633
-0.178554109721075	0.136184565661972
0.480858246078148	0.444235980803402
0.175518846802047	0.0941263122461347
0.275650151379552	0.238123997591853
0.196823095124161	0.152885700551881
0.0323072503856691	0.0233941072091035
-0.671588058541308	0.780726016833018
0.409743413337818	0.339894106853321
0.66967014620202	0.480024885145819
0.668231498679602	0.478633941087472
-0.219325130989876	0.141985835696974
0.321811846066787	0.223160100852261
-1.23994814127135	1.15387074547465
-0.145344570977986	0.0520206122062214
-1.12937501458112	0.339964434622374
0.178378460373537	0.04470234426639
-1.12881513859764	0.339906487322227
3.64813638806334	1.43480372807629
2.36097404633539	1.17890696118846
2.7590679263751	0.76692961097815
1.46216468453769	0.913759291547541
-1.08766930555628	0.742965343640686
-0.0479171502660505	0.0209582979351269
0.400916629674177	0.181358781738668
0.532176273221489	0.190578655668338
-0.209576153213414	0.0675693730317321
1.25844837934593	0.876974789606748
2.12087192734391	0.947138368475404
3.27025913837768	1.12233669524588
0.0343826953183499	0.0188813813973951
0.17351044503084	0.0436385160120603
1.46109938210879	0.484014060767982
1.0896221211529	0.670765961325219
-0.771972646273452	0.33575880457688
-0.267076394193465	0.16691142994722
0.793831809801858	0.477442319111044
-0.173798484519868	0.115255454391731
0.193789209407345	0.150216260619156
0.0386241441813803	0.0212372545284984
-0.043748125747911	0.0191987707008843
0.822832332666427	0.345345001072504
0.674015164989584	0.213380808783075
0.374116124954744	0.189905009465218
-0.0450910436974489	0.0197602340298821
1.04210966752671	0.393840140799123
0.401740165398797	0.181802373833579
0.149173995582458	0.0505642485186703
-0.300214954263046	0.137856208357262
0.161704326041628	0.070206686219815
0.645446288783972	0.583279140592843
0.169194602880118	0.090732158562871
0.0772862010228429	0.0503874171235113
-0.317769567694477	0.223675484195354
-0.303541003529061	0.139405979928614
-0.875231636760997	0.804714837771004
0.154314056097619	0.0670150898033003
1.47922743870121	2.47446994200946
0.0334590485757196	0.0242357372954475
-0.286245324798493	0.257434684221646
0.424803562386527	0.339298656240804
0.393613172132177	0.337297107051361
-0.717804035722151	0.245206559878684
-1.48412691362448	0.748151966026037
0.166014791693089	0.0808038311602498
0.669462253710867	0.479776933047824
0.620874430796743	0.47319184451905
0.293081492365518	0.247751918410001
0.0684144327234777	0.0424551400880079
-0.281051774754639	0.20348704915019
0.299233442449912	0.236077691117329
1.25256647076402	1.23464434455667
0.599058998940554	0.581316871616794
-0.049368150777994	0.0308150192050223
0.589220251183	0.473876016368589
0.186152242249671	0.143643921553765
-0.866492293219143	0.934185990795226
-0.565011823902229	0.410055495276732
0.898494407879581	0.918711348844925
1.12698251134909	1.01653351583968
-0.712039130161869	0.775305139684257
0.441613801627368	0.338015364668604
0.535308159768992	0.19186644934071
1.27138207855249	0.699460478820807
1.04033415471618	0.393059276990575
0.747636419651917	0.62745231191082
0.0289382726867015	0.0159836578818212
-0.221556948006943	0.143608710086634
0.315123002890911	0.217958998347749
0.325976861359322	0.212983393075675
0.874928471724657	0.650732662953552
0.466151618785917	0.340012414390454
0.655658153835232	0.595956169237291
0.809285114833776	0.645669078687276
0.713016565642677	0.720261043534839
0.97810977124957	1.83594025630396
1.09713536117689	1.81367298946837
0.858716551219724	0.911010946584689
0.149350973913694	0.129468259876394
0.260105880044142	0.265247937117259
0.440502015272209	0.453693072070511
0.478466794959592	0.528616552943696
0.421250443852913	0.42865348249121
-0.18639662533736	0.175083633453772
0.458901596337308	0.434399188080878
0.96467743017332	1.18367800610447
0.195088079774302	0.146100320341437
1.15469637932167	1.53830209762377
0.523000162682288	0.334571961247014
0.610468181914508	0.320670009817494
0.617000873045615	0.324558152625265
0.181840932816457	0.119046487931298
0.177149253199859	0.0950529688747315
-0.6436822366453	0.380989735358482
0.910353064964627	0.492798829433589
1.28441399338879	0.709201726985588
-0.938296315383446	0.574433557801663
-0.0454901472530513	0.0283869752626808
0.463825623559146	0.337596406408278
-0.560403662298712	0.405636154205781
0.518890869091403	0.331320095258255
0.911902815323227	0.493766769838914
1.13877828311463	1.03366027981488
-0.17896660194954	0.11897090072108
0.167487216108037	0.0814391497881691
0.340037866366859	0.207559117757894
0.333090421174673	0.218204558489385
0.956496251261236	1.16860853707577
1.785660320175	2.21801561944728
0.329419907593799	0.215639604085085
-0.1422779748266	0.112116599565426
-0.133832015113202	0.104933796929613
-0.236138874500086	0.228768587580939
0.448616136548196	0.436796537641964
-0.770391572995628	1.01763242243286
-0.550362810532445	0.605301647067422
0.412139750431078	0.342323055446594
0.583913646066968	0.468131009905347
-0.0992748808906058	0.0796632617999702
-0.779537696882104	0.729566828810556
-0.0117217342925289	0.00765835848669809
-0.284350534972975	0.20629263681122
0.789965348562864	0.849288037465221
-0.0343912954882394	0.0219980113786986
0.62786837685388	0.480115780063056
0.553908766292736	0.463369666151243
1.24856424895901	1.22723181850217
-0.675000540014537	0.533378559188995
0.747811887274262	0.732165596649437
0.154141692684137	0.0521718492986209
0.552335707147938	0.321632086245827
0.00720568833541286	0.00378106379048746
0.172245825316017	0.0923646402953867
0.047700043967872	0.0280125093553189
0.0643058311072908	0.0398682152281211
-0.855098311678067	0.916685324140322
2.1661131711418	2.25331175899847
0.177419524368229	0.115912075670404
0.745607365645683	0.729040261882753
-0.53548349980372	0.338443988953196
0.0146439892180984	0.00975490675487543
0.676478097542919	0.798875385409031
0.0661466395337391	0.0410236125628036
0.0847735208677362	0.0577114260405505
0.189730038610985	0.136429660594862
-0.468754732702098	0.396156128749441
-0.880533622894218	0.810907690475419
0.0634279330148384	0.0372670205528196
1.07061912198754	1.24814851015059
0.631639278248911	0.483861726808371
0.313142356829836	0.216306618760397
-0.160000730066483	0.1240597288277
-0.218454683420282	0.165097607657619
-0.126072014479329	0.0879625089199103
-0.254451918379541	0.189300492247102
0.356669224025664	0.331487325861617
-0.0654898780006209	0.0396807002031453
-0.294935113600356	0.238802324455089
-1.23969336871054	1.15343420556553
0.371549535449934	0.348452042204192
-0.310049632895102	0.29523835488946
-0.613399623279333	0.679397766376705
0.801374422654675	0.868020350226086
0.191678124150322	0.148442225283567
0.00978644540892347	0.00691614245623061
-0.857503362592291	0.920256165250695
1.24021248349717	1.86546698005663
-0.426296592206026	0.366953417884732
0.117675945781501	0.092663184209076
0.190336868653288	0.16100389660098
0.0105340741613126	0.00742169914239253
0.439600443500991	0.522514400569292
0.188420407309982	0.117054255496124
0.918889110092101	0.799809853681505
-0.446179916381188	0.295206676449474
0.550397554544398	0.647624695365284
0.267076952076134	0.236196458442765
0.29366375786226	0.231073222654826
0.577358316319157	0.461732140056888
0.617838345522771	0.325117539779767
0.695333135270152	0.325454598825694
0.806364393748006	0.643003248582887
0.158392471401152	0.0687439733534891
-0.145229067230335	0.0519186816977856
-1.27520906261668	0.573111344885609
0.749107483036605	0.629022892188471
0.481409929618558	0.444893944150179
0.828429721901871	1.15648132443471
0.822128434132523	1.05363512972649
0.526794711861213	0.458077525410414
-0.183019997009241	0.121904323074346
0.592680366612224	0.573169028072093
1.24036979300249	1.63155370140029
-0.260570107242188	0.21352598572827
0.192963682459376	0.138987227030767
-0.17733458877029	0.135111573872384
-0.0939748424184908	0.0549971123280587
-0.0991392165791822	0.0393103762506958
-0.0567987941279362	0.0247097715330817
1.25070369347461	1.0605561361013
1.964268180413	1.2284553829601
0.934320657683184	1.05364103387832
0.352638431515372	0.445520104912451
0.258266825930947	0.274062231372133
0.768566856241146	1.02075815338323
0.711359517464529	0.900203489183039
0.664697213635766	0.866567007530735
0.424645218605431	0.339130335553086
0.0744321167207701	0.0711894263460715
0.482865994373265	0.698467139213305
0.535074257963249	0.799320371511586
-0.142965685953837	0.0972413098950528
0.35146224532663	0.19735252038009
0.868938238377462	0.994894520670448
0.901844114085395	0.487158905529704
0.158708125750671	0.0770726448601997
1.9634663473123	1.22736342700643
-0.640943573575319	0.379192861435048
-0.146148912480088	0.0522970886883919
-1.82681721039719	1.14759304017936
0.520656824510594	0.332716072522923
-0.142223285419907	0.0509011547645968
-0.132494301403195	0.0745617073652075
-0.0516901303743967	0.0225572157683928
-1.27383344507062	0.572359048200157
-1.84054391203343	1.16147128933369
1.25134152311041	0.868586086544199
-3.07707720857862	0.956361112132394
-1.27784299590365	0.574711166317859
0.145398461013712	0.0557365202339078
0.349563863747867	0.196269835985002
1.5457066600799	1.33729023837
0.586247684407317	0.471078301154501
1.03476213978199	0.981156558281006
-1.02379666487205	0.814070267498065
1.07277039195696	1.25208483043694
-0.125252392249446	0.108642418580044
0.00282941316453134	0.00277673797378667
-0.838455329101996	1.16744127308194
0.100527984182918	0.0739176598260691
0.0213830829415276	0.010774925079716
0.0648481554113481	0.040212167155229
-0.107865836256209	0.111204289290419
0.958377211974456	1.17165300544894
-0.0997986571293234	0.0865821501126977
0.710264053527111	0.897939996548554
0.0784816570976462	0.0662304190149891
0.809646227757257	0.976232083725647
1.17392230186621	1.68403684684989
1.06522702520261	1.64976956223008
0.306079610398312	0.221971801385431
0.40323669294899	0.333348946580492
0.0863399597555775	0.0564333746742117
0.19750290201074	0.130196676944445
0.318648208169761	0.220794174828151
-1.4410961736953	1.28568189937767
0.907952210011481	0.932939834874203
1.11374312721178	0.851916365100006
0.491473030846741	0.456628909250926
0.625141524675996	0.588361838030881
0.751767862369981	0.632652110070999
0.328984254583772	0.326134627847747
-0.447920160334376	0.449074994140914
-0.0107787136264935	0.00823863233766181
0.793272543383962	0.855098314915906
0.366874104769479	0.343123053556081
-1.23653785839835	1.14831105599805
0.901213367358572	0.92356076692133
-0.116234101336781	0.0807202406704765
-0.63807857426252	0.617112431331462
-0.830454833255219	1.04792924833613
0.211683873918833	0.195714668348686
0.470589786055779	0.516910121309624
0.111889331563381	0.0827398728183142
0.411994872991758	0.439963556426537
0.421931775309459	0.441535893554946
0.930194427366671	1.04692153312876
-0.00937789589628861	0.0045426948989251
0.315703384557006	0.241077808852009
0.325298285277821	0.212384258029273
0.798051125687505	0.862640026861092
0.642540644712962	0.767579971499813
0.465114258055669	0.549819503481425
0.738927405460479	1.02285096306461
0.668231498679602	0.478633941087472
-0.783352757649399	0.79462308555731
0.601529546240892	0.315244924000187
-0.724918877983924	0.922508613482839
-0.259649041529535	0.318628606521875
-0.11827209430836	0.111253753884908
-0.328402554938325	0.232551579969732
1.26332899308565	0.88194267642657
-0.0676483497583804	0.0409783879573578
-0.296217149422124	0.24005929619057
-0.326196861783883	0.230741059202368
-0.0456356452800481	0.0338658075441053
0.456918666445813	0.593893831614863
1.83320872066104	0.716809839835328
0.366705034478149	0.185591375820025
0.148944843976822	0.0570314016911337
-0.128074397305821	0.0719128913144363
0.345543477521924	0.211650799100734
0.401182475354759	0.43627330961395
0.0763633993832061	0.0777176894141127
0.0292588244608477	0.0161554755162407
0.583211235421568	0.467852210162943
0.397368290556638	0.179765383634484
0.452569065982633	0.181732592483672
1.57504711057803	0.781260309054458
0.154643798015002	0.0523504544120162
0.16323818852145	0.0485873708307168
0.162070693142822	0.0620643151321305
-0.138165939756664	0.0494965764872884
0.823078351695812	0.34550391355806
0.447191186095611	0.179329255309907
2.5698369358826	1.42538264330678
-0.317663975557312	0.189562020337144
0.0838214656095871	0.0820966012205632
0.258790058239153	0.28007445030152
0.710978688429239	1.14717319385919
0.72167116635601	0.732705620749968
0.0889193845167552	0.086046772014205
0.661354127126505	0.997392482185395
-0.7198836962647	0.741212456995472
0.301503867312329	0.348405589601932
0.197438171966333	0.148093862211143
0.322579805395185	0.210325057042287
0.827378067011008	0.347541772420381
1.24907496561172	1.05765479667156
-0.784765078261764	0.51879055946639
0.165530272619282	0.0804572609978174
1.255079301634	1.23706719406645
-0.486272673296776	0.363838470968343
0.724002092406767	0.480262013597231
2.75805496536761	0.766752929661107
1.2475929595035	1.37850774003763
0.163568721908407	0.0795443551736696
0.205293582446669	0.184489756442437
0.287679442382854	0.265247422964734
0.325890013951022	0.212981691795714
0.70582547477828	0.819355558798142
-0.0798080344148291	0.057579526230918
0.141118592457857	0.129938447003285
0.248962197429695	0.262170254813068
-0.0893412533149837	0.0796634618322591
-0.220435792198835	0.166833141520177
0.635367859121028	0.695058804428492
0.673257310439621	0.696406596042925
0.7034577462352	0.618389911070817
0.51358591765075	0.327607964525578
0.551377193555895	0.461220528436235
0.559514128260204	0.327115578335623
-0.322124924209299	0.192689508154846
1.25176294754953	0.871520723134951
0.513180195900159	0.32655687924946
0.0558484616792983	0.0327700993271583
0.173168057943897	0.0928862276520634
-0.0367713607549597	0.0162607160916411
0.69485896093809	0.608484850475481
-0.595743336399572	0.484637940954425
-0.234965944368298	0.117498391950783
0.158457848970258	0.0606955756494984
0.613695349492364	0.322431107704122
-0.0945249664802705	0.0375402139696422
-2.11083188429338	1.61893795267282
-0.310607624129183	0.184891060483091
0.17536748767912	0.10185362973846
1.04048048175388	0.989639285343584
0.492031023268439	0.338737556338769
-0.0516239826177708	0.0225232842879227
0.740901317560356	0.619959265697569
0.924039397946824	0.804964488083202
0.690248077548616	0.72033642802248
0.0749658548180488	0.0488379526302508
0.107143229105585	0.0838018151794364
0.261592971232526	0.255422470147602
0.128114139337505	0.11677938222857
0.90069026332209	1.22523597667106
0.322194571609549	0.235449325602189
-0.260996090571602	0.162840088299107
-0.248613757452218	0.20836043246263
0.0672803994666486	0.0417408658631962
0.0659815946500042	0.0409226556511259
0.707812347907874	0.623421370732546
0.966645808269893	0.959062975123425
-1.33266535904485	1.09798822984111
0.86908111075708	0.645240317498509
-0.209270061050044	0.134881738939992
-0.167518148501539	0.0892523119966563
0.188696526144472	0.11721427583481
-1.49211318502361	0.753938274972595
0.588091362351925	0.472882662284011
0.899348559565176	0.485267230471927
0.397500106551501	0.179583921147379
-0.396493495387224	0.224512567652079
0.31788263972694	0.21992203918767
0.188378493179671	0.135379847045745
0.406154731012852	0.336390481727199
0.77459821826563	0.951645639879007
-0.288059549636674	0.293696090635716
-0.0621917358060285	0.037666181749983
-0.179926810493623	0.119673128676614
-0.00804841199363811	0.00529589825265151
-0.469902884041144	0.462669964920484
-0.490150546051565	0.367073146119343
0.091775968455535	0.067159044522503
-0.0100634763869192	0.00658490093449309
0.661647721222416	0.472858491995473
-0.041097606715339	0.0256493609779666
0.281515357010414	0.228371595989322
-0.221809200802679	0.167936619775668
-0.0225580728318156	0.0144713907410511
0.457301751992854	0.332214093044044
0.504122023678778	0.452986088498361
1.12135281165781	1.72721972394304
0.93362638910491	1.05180829684758
0.0897154373982761	0.061188726372487
0.292072790541737	0.229643941691038
-0.0978437994298475	0.0573275392397687
0.294758661443209	0.232118283302577
0.497096586960554	0.540580639880688
0.280944212676012	0.250771295079912
1.33927696574932	1.57995389354536
-0.179589953111515	0.119449533128292
-0.00345364744770416	0.00236702174847023
0.67241289822064	0.695037473425243
0.169182187262769	0.0905908744178257
0.412075259976844	0.4400572774511
0.129275183296674	0.110553178513587
0.62373527503938	0.586488721259523
1.34770370046052	1.59450351471081
1.48540926814278	1.49784373668756
0.452044435979438	0.181489264363155
-0.560217946846836	0.405742113163872
1.25506402669703	0.874087058012107
0.870128380931063	0.645377911901282
0.551531872888444	0.461260230403817
-0.787363669641851	0.800002301424839
0.290416554933111	0.282312228414292
-0.0630710870158688	0.0617637435272854
0.755686075272422	0.834813828989023
1.33208469099746	0.58115584608196
0.182373698687587	0.119423975311601
0.70583007207404	0.621025784747055
1.0896221211529	0.670765961325219
1.41273671953421	1.10254437128672
0.375436590731639	0.19071502621454
2.56816799229394	1.42366049671478
0.562232514516047	0.328695970037323
-0.0939468953498199	0.037282483387852
0.968473686235734	0.66182075637731
0.012360595640394	0.00630033700736596
0.672648852733095	0.482885470558932
1.03708951547948	1.64099945511811
-0.790140322277469	0.962012971077201
0.0812377572798628	0.0552272495835956
-0.135305358426931	0.0761695975036572
-0.0349844746111534	0.0258961335576536
-0.0566900873361319	0.041428421506324
1.24516984046701	1.64134506904178
0.441215458090887	0.33725707189098
0.289976091145401	0.244780417811768
0.499533319961115	0.447697537888414
0.187851010033018	0.162833213572635
-0.0956265931871009	0.0781256637561722
0.325033615265414	0.225850113376084
0.542703131288405	0.55132565236824
-0.0489880436891782	0.036404203261091
1.67281908126095	1.58797894563817
0.688560461934232	0.718149021350319
0.323703007617319	0.211346113868628
0.495086654068974	0.341355249950396
1.77149605017282	1.3859163712603
0.589581087728166	0.569147287394978
-0.614610803432373	0.547570293902663
0.67422036206277	0.484303257852098
-0.2592304606008	0.161632626250856
-0.0992640108018033	0.0581516790261382
-0.129164742883617	0.112360561535326
0.65493028173303	0.595170028639958
-0.0118395458360824	0.00773743860425524
0.559142518327974	0.642662150100421
0.755077962605517	0.742329178146514
-0.0307984474974111	0.0197060538455515
-0.239597749568076	0.176811104974887
-0.470539226819436	0.397757472561479
-0.197455742810767	0.164475707238831
-0.11757237446593	0.0934375132363951
-0.1008248378029	0.0715751020369536
-0.0444921594938573	0.027762338617161
-0.989542817902389	0.884945603892214
0.1846079113451	0.126850158992331
-0.276132185006861	0.199392732154039
0.0919107043573802	0.0627024409596043
0.866127195807478	1.09738228858273
0.00366514051442904	0.00246875750613664
0.0655932544669652	0.0406821364542802
-1.42718059418756	1.51657235651355
-0.0289659871017072	0.0185373282491649
-0.134478422945739	0.0756717120448328
-0.138722930896394	0.109091963591534
-0.0684238343347416	0.0414777522793829
-0.27569123403542	0.246233754662556
0.949786075214197	1.15629699255562
-0.0263293777959943	0.0197789932803885
-0.0663438746027673	0.0486767201416931
-0.0921064950263308	0.0651057700270321
0.398193738553037	0.328241572361421
-0.931367092521834	0.979942195226849
-0.297420105658476	0.136379909960927
-0.487594037469052	0.256131449406682
-0.866843263052192	0.867201095054796
-0.13008385129659	0.0731169069759432
-0.303278527343442	0.139084568070597
0.714383731697054	0.471445320058057
1.0418455851348	0.393863567086238
0.669117736352227	0.211726956826849
1.04246313957759	0.393996072509476
0.164145173866849	0.0415246332756727
-0.338395647029448	0.0969382934539019
1.95879552552655	0.437985228139192
1.03878889357161	0.392361575468581
0.447441545561864	0.179414714836187
1.82816209415628	0.714241631039221
0.177812920485068	0.0445891130396879
1.04360842637382	0.394608583742794
0.613285784116661	0.322131299994541
0.904304231779824	0.489060306148832
1.3374657462467	0.583961413896269
-0.339979595307007	0.0973896500376519
1.33184695246066	0.580735815343295
0.155003475763351	0.0593792158543485
0.394500849991929	0.178242097072821
0.353282264810047	0.19827987682859
-0.224334370470098	0.111809472503631
-0.333280863841784	0.265938312002132
-0.422929133145794	0.363266719494136
0.297253799065382	0.224821225094361
-0.0734490566095178	0.0445703946259657
1.82851727583204	0.714435845516616
0.155919170661288	0.0527477169526474
-0.0409196079701259	0.01800483620422
2.56711548567586	1.42327373895936
0.606730484637504	0.318139074602471
0.185839792047406	0.115318730277454
2.12149136184524	0.947562188308172
0.15846778385555	0.0688560750490382
-0.175254924403678	0.0936093879989107
-0.221771660995486	0.143701965594083
1.35158906547439	1.43330628060594
0.531153897672646	0.4628994569785
0.44146866154254	0.33754542281477
1.96848150261659	1.23131907264128
-0.483008227328523	0.253399903350756
-0.265841637867568	0.166073111858995
0.425139494706501	0.339432126857931
0.334559905773719	0.204089045289571
0.0405927968783943	0.0303903533776786
0.761882711460166	0.929244753064557
0.0780718847839636	0.050906348791913
1.46206486861711	0.914334307401961
0.550960963725146	0.320773449127011
0.289650719884451	0.218219066614069
0.595767511201494	0.577316561332319
0.43801245527749	0.334583491542111
-0.0714332207537988	0.0513351382560546
-0.0406902423213334	0.0301338105692214
-0.103245639649497	0.0733862212766472
0.390545568972374	0.334026726915024
0.281625269726093	0.251506359334345
0.0326466042749747	0.0179675823303093
0.699657900474664	0.613798095591086
0.454883633763977	0.444584769228928
0.36174996111999	0.337262050237205
0.930905691361474	0.814001335843212
0.180396304903274	0.104784037126068
0.06591591889658	0.0408903908528037
1.37537184534163	1.27815757743
-0.264180155300871	0.165001727688877
0.192295547555059	0.126526463942754
0.749492997292902	0.734177297030968
0.115297292386494	0.0880739722077508
1.14909934248803	1.41997943859671
0.183141225462586	0.120018744050784
-0.0869713725988916	0.062964353626522
0.397094704250345	0.340896469123705
0.176234819533844	0.109038359119735
0.0108522059334974	0.00764514477882182
0.659008127501373	0.600112883509626
0.629504805976845	0.593864491187414
-0.703074572732928	0.670017585080077
0.341031746477532	0.190640517169736
-0.0322613054031956	0.0206356095407727
0.179534642142777	0.111218804387142
0.460722548565691	0.335155882738484
1.07334973872896	0.519110875769603
-1.12769593434811	0.339436368028373
0.907953248120581	0.490893279359396
0.154192255174172	0.0590704178770629
2.5633642816929	1.41932837743032
0.324136326913258	0.211505100499031
0.730929440600442	0.829368170328239
0.386025274061875	0.329222896580532
0.303110176636141	0.219436384133198
0.445730201935863	0.341868163837506
0.992162831341678	1.08994256332204
0.460417754986174	0.451339533741267
0.530762262945688	0.190122868111177
0.149521995918988	0.141349132160372
0.27520337962125	0.271196217791556
0.769341557682175	1.02260679021544
0.345245460387451	0.211148619909524
1.0671250794186	0.51532777476737
0.872523153402976	0.648906135199257
0.550838738808244	0.460577672280896
1.42866217593863	1.79140340006106
-0.210326732521653	0.158243921563028
-1.12405388730001	0.96564160935556
0.756307186737199	0.743459235039261
0.19040154114514	0.165270599787044
0.501713089663866	0.450226301712401
-0.0735728372348466	0.0529260900091545
0.48429922488555	0.551359153994432
0.32201188901416	0.333564177218798
0.354975073009015	0.339322127920878
0.191481495378474	0.157636573490968
0.716019836965004	0.724896282752216
0.0973547379625511	0.0690766923644735
1.14811641696297	1.3042767275872
0.625410789577734	0.588752204847819
0.416852351201342	0.434876492919629
0.801838117314361	0.761949316725137
1.16690233064787	1.56407533507279
0.188708601034945	0.123977556131706
0.464142691493731	0.338251118614423
0.182459659012612	0.13068588834244
-0.623163290905523	0.557316028088524
0.5253632222032	0.455781968581139
-0.287655628849814	0.209019327093193
-1.0259297707641	1.15240367058187
0.652339241968425	0.591695139507447
0.0621201156104913	0.0384921420640617
0.112831025128538	0.0860816925103135
0.337939019318616	0.205998612594186
-0.0692603449593229	0.0419774383213189
0.626195996659155	0.681633252229705
0.377881803171078	0.32067384703815
-0.494111799344066	0.371059455504269
-0.41750688902181	0.391661716402547
-0.861070698601924	0.925851451244061
-0.0919032981041975	0.0649597424028976
-0.921581060212316	1.03988783571752
-1.67540543724822	2.40500940381194
0.182463349593036	0.10607705414157
0.87633584199037	0.652197982155115
0.0368188035239821	0.0202094665622843
1.28311395057709	0.708780693738646
-0.0534013785139929	0.0232705208791175
-0.480930985393886	0.252195773301539
0.674624067917918	0.213658555919133
1.83009713438939	0.715173729277155
0.15823182603157	0.0297179405544109
-0.718972834438042	0.245626954230634
-1.7975657981284	0.379599665892429
0.959865181244613	0.254814612498812
0.154392805413983	0.0522705690038812
1.46265753359042	0.48460907431551
-0.336346534706249	0.0963182114993482
-0.768593948372652	0.333925516372227
0.447833396545375	0.179698879637598
1.59927133359621	1.74404587208694
-0.383562230404255	0.263694870094945
0.315921029912374	0.218590720145204
-0.158659681129148	0.123080285895837
-0.130028238491318	0.0730447213448178
0.692906157846988	0.324320950565024
0.810792631956149	0.490657002031643
1.33579772039654	0.583034617768404
0.162171049505848	0.0303007576998756
-1.7975657981284	0.379599665892429
-0.395904040590257	0.164946089819945
-0.235130251135478	0.117511441165876
0.0472649147910936	0.0277386677403707
0.447719420798481	0.343509416758662
-0.135411388372501	0.0762358003872979
-0.337847953390125	0.270312900470949
0.10498575932722	0.07733654227715
0.0883126623815685	0.0602037411993992
0.694157944920028	0.800307808859907
0.662737883706268	0.604271359410061
1.06321464476731	0.512987296746834
-0.388408062610022	0.161550493058169
-0.147130540307834	0.100271395989961
0.0763933477587391	0.0497763752919263
-0.214379433836057	0.180550479087135
0.403127542682788	0.333330131386989
-0.565648887585255	0.410562895342116
0.382603300208148	0.338197563875345
0.0401029650117184	0.0300160273885826
0.00405885727138351	0.00273295649347594
-0.142623968977374	0.0969661311639806
-0.0789624531632942	0.0569540668379512
0.902446956504849	0.925435776392245
0.422883656890527	0.337463568211895
-1.51018161892867	1.69830432042367
0.367500513609771	0.186349607521931
-0.0726750016759223	0.0440908865623248
0.406706410379344	0.336946263127228
0.755555209074625	0.636404982312285
0.842235381365548	0.886729312048079
0.301568669893868	0.228575585692318
0.856741210689927	0.783288345569157
-0.0421684621820937	0.0263102136851538
-0.10795732473245	0.0768913517185245
0.182653307148798	0.113294835523085
0.444903161261538	0.340881081304595
0.0967823611456516	0.068696908715994
0.485985332590824	0.450116392627391
0.185107477888427	0.114906347953674
0.471725268467617	0.344793459466691
0.310331267716398	0.214070268451588
-0.535220968054074	0.529637912109774
0.692961629067455	0.605815283797619
1.33520072787008	0.582923907307515
0.367903885145465	0.186577917330017
0.827624029735347	0.347817645508971
0.575312447967304	0.573805914173498
0.965821677045579	1.18578993552508
0.579895943006224	0.464514799381766
0.489564489155758	0.336728438492905
0.671347928409326	0.790313250513785
0.343184503393966	0.352575225747502
-0.600519507064304	0.627768371758973
0.186779084491039	0.115939003829642
0.450658284352385	0.180783581881096
-0.711699744842696	0.242910015965495
0.152618535895238	0.0662517021492752
0.613760378835239	0.322817238435426
0.7355658821038	0.489930364045893
1.09619807283961	0.677003564697014
0.903722421764725	0.487918961889201
0.416931800731459	0.33164468889212
-0.0728485983697181	0.0441871908850947
1.04720921897636	0.998375495090668
-0.863790725707428	0.862025664878165
0.296326571369283	0.224108348424891
0.468502038666211	0.528256563058994
-0.378563023421588	0.29693360702054
0.438638366276736	0.335175057098128
-0.2168892990124	0.140294978956726
0.311687249739937	0.226688619397007
1.34372594678353	0.586947990517958
0.148944843976822	0.0570314016911337
0.0554424696307108	0.0325321400472514
0.366050122382245	0.342198508952634
0.179593670363422	0.111192837326705
0.0700949858788695	0.0435119118958933
-0.0160066977333668	0.0104239761802286
-0.0588411823449921	0.0356317780817515
-0.0961581813846006	0.0562737761910868
0.804841559139347	0.872611626968113
-0.218147212264044	0.141189977674082
-0.928297820379133	1.05074420242836
-0.777251208799394	0.663901235144019
-0.319918190961791	0.191324313743749
-0.449462984351141	0.414971159087293
0.747198202062166	0.627484018257971
-0.337817841265239	0.296091159116845
-0.37822642374116	0.259090435353161
-0.593453899635832	0.48215275364737
0.560612084311551	0.470628502503575
0.289179419062766	0.251900060121779
-0.415055050847513	0.354937265727043
0.399239355934579	0.180475942649115
1.96141436018454	0.438711417164155
-0.715646834778114	0.244453295526364
-0.647628614948664	0.383914165606279
-0.235622709836236	0.117761714544928
-0.779709001570939	0.513715387688428
0.452290871775091	0.181603858248631
2.75805496536761	0.766752929661107
1.04943567600199	0.39679396861389
-0.620473624670499	0.150917804175241
2.75704467106166	0.766025498669684
-1.79763019308962	0.379603777700996
3.64405193165419	1.43312407887711
1.47357956812482	0.924977060148443
-0.728062611221892	0.249009139075467
1.95793128711136	0.437766051086387
0.159251072645633	0.0298673857617753
0.162171049505848	0.0303007576998756
0.147185309904108	0.0564336485542795
-3.75658350496235	1.47972368837861
0.188348110947275	0.117065247863639
0.552319109619358	0.321691675061189
1.46455689811314	0.485225385720349
4.17432985406838	2.00006384756967
0.159251072645633	0.0298673857617753
2.35723904585872	1.17582872753309
0.441694079881	0.177094774165458
0.346384627729314	0.194218570738992
0.958855818540361	0.254543321351908
0.166549099291362	0.0494747307612768
-0.302005383276034	0.138513336068937
0.0109011544416133	0.00557845229527924
1.24636934123296	1.22348868492009
0.694512337082743	0.325231946739782
-0.0902375746558826	0.0358652242220136
0.154392805413983	0.0522705690038812
0.698181916907026	0.612352909471045
-0.0537707278649188	0.0234237385324447
1.63040146862417	1.14736768513383
0.352733799072729	0.198284924242674
0.584677547251932	0.46948189264036
0.297448928175274	0.234522305619209
0.439731922207984	0.335954688684672
0.318422021299235	0.220380856678967
0.014452878364152	0.00733332913806319
0.480858246078148	0.444235980803402
0.76080690398818	0.750057435683079
0.4610363730797	0.335424244962763
0.0389410646140109	0.0214102121749165
-0.395433161022481	0.313053885167727
0.317514364214423	0.219926510862198
0.558149208198181	0.468340280100548
0.314732073747635	0.217664860802314
-0.320700529067421	0.191696710265353
0.41934249303688	0.334018279031
0.177923124599768	0.10340792680837
0.621102744044779	0.473539690998931
0.390931200868119	0.334439826645193
0.180483392694736	0.123815750102164
0.585267720433602	0.469979514401349
0.17758875088189	0.10300011007041
0.320891599345434	0.209265782590639
1.13791269491273	1.03242163090096
0.397132083199872	0.179401062142935
0.959865181244613	0.254814612498812
1.4655515469736	0.485738470948645
4.17847139446736	2.00361183825127
0.764554710493347	0.934035896661977
0.278098000358612	0.240613126602342
0.19910380016902	0.164729256572086
0.598220568863291	0.312986951570783
0.611866822387477	0.760432263454386
-0.301495583189848	0.245112185820174
0.183545137683935	0.136649619778143
0.967393051674606	0.660682022717848
0.161704326041628	0.070206686219815
-0.717191145070403	0.244966202456728
0.53304001957238	0.19090050147971
1.4655515469736	0.485738470948645
2.74815917402298	1.68079281951982
0.613267421610801	0.322120031481796
-0.519595731781202	0.196299451898154
-1.12781381973937	0.339579374120096
-4.57463640549815	2.51021188429642
0.47098157572043	0.344338656382145
0.803640782305905	0.640082373333177
0.741014862251504	0.845287630554119
-0.529647896658302	0.522483736043204
0.603565837295152	0.670867387208894
0.99056166912756	1.30930783914108
0.576627038546013	0.461119791735085
0.442448298640567	0.338801749826814
1.13839594397062	1.03206308541203
0.691933817668349	0.3238787341333
-0.235586494365505	0.117818244219905
0.880030612933778	1.0140607971261
0.19523102578262	0.146290232565805
0.660483071833049	0.601798445073472
0.619093783131367	0.580601734267137
1.14170390767108	1.03675960408644
0.704164234777638	0.619074585501264
0.1699253080074	0.091047952172446
0.425762099637912	0.340041441099965
0.382315323328533	0.32526765223668
-0.713086258597356	0.77719557399037
0.0911283829093967	0.0621774988188894
-0.162787547879205	0.111735020784893
0.723238443586621	0.479602300056294
-0.525428381978562	0.33071703266917
0.00390376597741491	0.003061941825048
0.708634328755964	0.624085270487795
-0.611347579710037	0.543732713855648
0.187117850181468	0.149207879229508
-1.33735086615815	1.3345499532087
0.0110517233386373	0.0056765013900878
-0.286554847714618	0.208012490384321
-0.0285942536089501	0.0182930653102999
0.163853552605343	0.0487595972376143
-1.7975657981284	0.379599665892429
0.0520618386585117	0.0305617817644573
0.696629251122635	0.326266216208756
-0.945358820053031	0.580564902888394
0.159251072645633	0.0298673857617753
-0.718972834438042	0.245626954230634
0.157971563808893	0.0296806747786729
0.158128274235763	0.0534756396939054
-0.617055950695462	0.150241664375452
0.529918814853225	0.189819007683608
0.956021254579335	0.253830462538477
0.957461191854986	0.254126256439643
1.95793128711136	0.437766051086387
0.960305402281055	0.254935680101795
1.05031467395732	0.39726116208472
0.693166920969631	0.324053171578751
1.27285911600635	0.699538583481932
0.463149631144375	0.336926004939972
0.679297187320958	0.21511425797511
0.176818183184722	0.0443715906559113
-0.62133920787282	0.151240698635141
-1.16508610183417	0.653159032629471
0.696629251122635	0.326266216208756
0.163809368785479	0.0711412362292453
0.521405335811893	0.333209841021552
3.63896224062815	1.42951913528691
0.176818183184722	0.0443715906559113
1.46252223765758	0.914760051941877
0.149642063683292	0.0573951252332014
1.27446985125031	0.701263588293606
-0.664763713499133	0.46378589979921
-1.16797236452974	0.65552315157806
0.612077712293352	0.321172486439112
0.174503749901052	0.0438676710334476
1.46308301616168	0.484563679444736
0.345843255763934	0.193639106596773
-0.531130804447239	0.441806358297795
0.190834566792038	0.147717914369861
1.05117569915263	1.00409965540893
0.317624373590073	0.231623985780703
-0.032423757118542	0.020735508153196
1.25606699770862	1.23866904456191
0.179454781675014	0.104363757147532
1.17509373920309	1.58075755196511
0.187653922160182	0.149656133828891
0.185735880727114	0.127717800967679
0.58731774152916	0.472016924647678
0.877042205333701	0.65275931000576
0.650674735127922	0.691971418674944
0.928519730073339	1.04375063202503
0.535902929212832	0.192030732305526
0.16934280349587	0.0427080042196444
2.36050813362063	1.17815473551419
0.800944578781306	0.76065646399863
0.0362360173452642	0.0262686518289756
0.422327209457196	0.453858740997718
0.170686057279547	0.091357386006332
0.494211316556942	0.459891432060541
0.195715748879204	0.14112451268637
-0.221443869104186	0.0712956025102242
0.160999613544311	0.0544142414691104
1.46498308680977	0.485505347800691
-0.0905965946806562	0.0360252678412608
-0.281529057020024	0.203765239294441
0.695444761057672	0.325418256188526
0.829993493082438	0.348781413245282
-0.393420370607224	0.163835415649594
-0.885860487221706	0.733136317497966
0.803296229186961	0.763092611446408
-0.0749483563488091	0.0539491182656238
0.301946069193652	0.218481944881539
-0.553200601525061	0.500153941323628
-0.532000609459424	0.525506503993985
0.465962183394864	0.443025996109625
0.328464795816028	0.214603887501822
1.09077173990106	1.38362283738522
0.82625387160176	0.347107129604409
0.156786369735488	0.0600531003016552
0.396090866464178	0.179084959360381
0.359304658598007	0.334543606849617
-0.0533390156468286	0.0389192558751315
0.187092040058885	0.116133064140356
1.02791338611997	1.32533262014626
0.843209655283663	0.99599272470314
0.713786607365831	0.721755425303176
-0.240291136177104	0.177401761004915
-0.179043481837774	0.11906238142818
-0.766137810254621	0.822456984273407
0.0948100334506335	0.0672305885547434
0.836762756324344	1.08238841458518
0.10970954518761	0.081044360014898
0.621427026106416	0.473706562117562
1.31276125900564	1.67960870289833
-0.322254115052261	0.227468279155835
-1.2733447704445	1.55875999493861
0.396243574958577	0.339931836657695
0.389536691059342	0.333008899310071
0.329471206285257	0.215444936748051
0.32088678109073	0.222607695433629
0.287886840220048	0.225817919518599
0.186495159540782	0.122386862164558
0.808805743449739	0.771212054151074
0.154954894721934	0.0524399678344355
0.531600808944957	0.190452833446827
1.78063734566247	0.992628395554554
-0.935322611261168	0.571490907779647
-0.944878520588774	0.580227671573238
-2.57447078703937	0.657780381714024
3.6430217955396	1.43205157105291
0.154259314455831	0.0291924198815566
0.157971563808893	0.0296806747786729
-1.79763019308962	0.379603777700996
0.166894126545373	0.0495801423286346
0.530513916151344	0.190000096866768
1.4655515469736	0.485738470948645
0.956455214607419	0.253949648163622
0.397132083199872	0.179401062142935
0.15467977779599	0.0592620304168656
0.527404119121822	0.188820766466342
-0.349223570170638	0.0998902155798753
-3.75228333635026	1.47685987725686
-0.718081625995024	0.245384533690959
0.159233465858126	0.0691205424834073
-0.317254634098408	0.189531944499983
0.0103844144538283	0.00530035468063273
1.78014639959216	1.39866468262018
1.62754684107177	1.14345232501909
0.956021254579335	0.253830462538477
2.56124326059781	1.41838804570951
1.33124867503934	0.580623928642544
0.674264818482823	0.213402910671394
0.351512175825743	0.197072847732117
0.443798008150689	0.177893834432714
-0.315217161173099	0.188082876411635
0.560668009333812	0.32733923526198
1.0433448222306	0.394400438672122
0.16934280349587	0.0427080042196444
1.24918452817872	1.3816426543485
0.935075473537261	0.819838619821098
3.26835783601252	1.12163011968705
0.960321082445345	1.17609810864097
0.352546290094507	0.197861076773174
1.04095157071845	0.393332373967802
0.030494877842053	0.016826926360712
0.292634097111874	0.230118449557961
0.183570004364002	0.113761470977327
0.196039172920317	0.141397577085466
0.287301974882609	0.233914570709966
-0.114921086460028	0.0797369755567205
1.53605681634407	1.85684109884
0.854159295063805	0.904488590510002
0.749053299301355	0.734078113726431
0.324392113375908	0.225339056296405
-0.204618596873457	0.153380058098116
0.476498781586722	0.43903491889138
0.4630619560431	0.439412779808857
0.351658500117517	0.197271498123271
0.673048421642057	0.212994504688281
0.531600808944957	0.190452833446827
0.163853552605343	0.0487595972376143
4.38814719803225	2.27849012511676
0.669462253710867	0.479776933047824
-1.27866440986665	0.57493073370158
1.46455689811314	0.485225385720349
0.164738242561747	0.0490009495728858
-1.13359012896759	1.25610499659122
0.0519538476901886	0.0305081866354525
1.63719802744112	2.11076410344418
0.0994976026186087	0.0706979739501799
0.191357953581572	0.137732739795565
0.412458866211043	0.342604200917089
-0.865106433164078	0.864392675075231
-1.43620598996411	1.27994739635758
-1.27438930144672	0.572670443488434
-1.27291486245835	0.571319673568139
0.357836539971229	0.180778216628418
0.740430228686872	0.844197110736345
0.755253658812493	0.742606260800287
-0.625900048453698	0.560544721932514
0.989643777905659	1.08554197246423
-0.374501058232601	0.293362032945181
0.177942878607667	0.110164189302447
1.25933905329885	1.07110415777392
-1.17810033199591	1.20771481823598
-0.182261638258252	0.154177425010204
0.321312998067517	0.234659246798882
-0.560632442149675	0.509130705165606
-0.148757764668564	0.101453792133033
0.321064386339238	0.209287110121066
-0.0538324911413216	0.0336199141726999
0.408662872750001	0.338884884759232
0.691548593166348	0.323105133474034
0.151106603003185	0.0656209023462043
-0.763477303143996	0.331085452220175
-0.339366328033743	0.0972003539018668
-2.06444769256084	0.935935080561358
0.16934280349587	0.0427080042196444
-1.7975657981284	0.379599665892429
1.82912964257087	0.714770179842855
0.164738242561747	0.0490009495728858
0.298272804509963	0.225787172682219
0.676558588301015	0.214207370803977
0.532792572738207	0.190847845049574
-0.71869462645605	0.245625159522256
0.405058632642416	0.183452010808624
1.96395274948751	1.22783291462825
-0.48001285303733	0.251708810212537
-0.514641699367006	0.194166196064157
0.704321076948987	0.330511183500457
0.151061641523147	0.0578640062767647
0.957025852492456	0.254006696314478
0.334996481445831	0.204315104889585
-0.596833166851532	0.285620487906472
-0.450567686295173	0.298721904525706
0.169504988117756	0.0824530381609128
1.96141436018454	0.438711417164155
0.691723790090258	0.323274815281663
0.721390018826857	0.732328796542632
0.485484592470476	0.332744392563026
0.312016135870422	0.22698154315357
0.0509726759545658	0.031577539425723
0.672811891698345	0.483490497045705
0.437202622213994	0.333822660757585
0.873441391058498	0.649824770194464
0.194153722954886	0.145305297238744
-0.502518812978101	0.461227841667551
0.560651972970114	0.554489258626196
-0.123542896789881	0.0693272641690207
0.325422401967559	0.212533441644613
0.743472331889515	0.623142272961608
0.634086350544047	0.485714301848249
0.67981253780608	0.489571453772429
0.186784483703265	0.128534569340565
0.71355181719654	0.721414410350793
0.297000418734439	0.234169819827331
0.197443576083045	0.136480322312759
0.940066056915985	1.43749856945309
0.334771129502084	0.33339538700813
1.16826292972427	1.67049598482507
0.0921250123168594	0.0674505738262471
0.371199086805428	0.188470096104154
0.155205580878186	0.0525315583518307
0.158128274235763	0.0534756396939054
0.455287948259215	0.182878051821182
0.540102428195773	0.193590927960023
-1.26945631186387	0.569581952717256
-4.006279107083	1.72987826782451
-3.45172595803352	1.22146685013561
-1.13839793940199	0.984441294704187
-0.936944934684608	0.9896147800613
0.0124100957756529	0.0082551088232834
1.05114356568599	1.00378509554269
-0.261433497597145	0.163050649193178
0.809032103918976	0.646013558318648
0.186556272924498	0.144005671790682
0.407791019165484	0.33795672697335
0.347048897608943	0.21264105071422
1.06956203261337	0.516936934630967
0.535308159768992	0.19186644934071
0.0721080827937132	0.0488627506220556
0.190042693568749	0.130977565141206
-0.279895746661808	0.202551026188547
0.0350706596471397	0.0254065369628616
0.194812239570062	0.128260015440746
0.535085381555213	0.466985382919741
-0.00804841199363811	0.00529589825265151
0.775621397737071	0.865340252831727
-0.405757672260073	0.377749650871359
1.54103560691092	2.30149522900356
-0.378661569769199	0.297319154812474
0.440657584645303	0.440531646137277
0.158379638686509	0.0535717951029833
0.406702457418208	0.1843038860664
1.46265753359042	0.48460907431551
-0.624183598429151	0.151840837481169
0.442216629451406	0.177285440923981
-0.77178413859648	0.58785933038071
0.53506523810313	0.19165955342409
-0.337924641037297	0.0968088152153293
-1.51948712338084	0.539626951504098
0.681797110069949	0.21588345629796
0.158989511121608	0.0298299152293259
3.64508196443781	1.43367348655271
0.826007163197103	0.346879351565415
-0.780110599221874	0.339795729057378
-0.21151538456638	0.0681647526987886
0.0296904629989776	0.0163688112243064
-0.0542284564703929	0.023616161084499
-0.103036619983421	0.0408348982158713
0.366634615200438	0.185837373471283
-0.527405649697176	0.199462190898153
0.17294827606403	0.0435260072159332
0.902901337290716	0.487273025265444
-0.337924641037297	0.0968088152153293
0.372002114188824	0.188843228149833
0.152099629933571	0.0659146918182663
0.798285212306819	0.481202919717856
0.911989349176909	0.494079753156755
-0.212302827763373	0.159892644393315
0.0510380388215378	0.0299708689431479
-0.776134597938356	0.662391287038516
0.33798430666629	0.206426382990511
0.523308719858716	0.454001763909295
0.697677050887387	0.611521814014292
0.277997312036978	0.23298902399494
0.41977263203967	0.334082141254003
0.0610350103949196	0.0358279083525636
0.747414878052545	0.627684315171161
-0.32812960955731	0.232173847981564
-0.632739665853459	0.373268592122255
-0.183721670944771	0.0982723548486475
-0.592145855676347	0.480855752965684
0.181885012692335	0.112779722497016
-0.991355236225407	0.887726799730491
0.605801608476841	0.674162131207138
0.466464201135227	0.340254990834205
0.669839923315905	0.480710609572934
0.696821749971796	0.610861806681464
1.96112505411346	1.22302691200579
1.27657020644103	0.703033270984241
0.149173995582458	0.0505642485186703
1.09416409619837	0.675214271535251
0.370416768952181	0.187803559470115
-4.2155330734389	1.97036087031969
0.326853612687791	0.213654952373318
-0.593254864393402	0.481878574931112
0.19210270202387	0.148748714394333
0.187632852244423	0.123189525217018
0.555455706533307	0.568524208443642
0.451105732591251	0.439879491661105
0.442247408017385	0.428365013149937
-0.778796119090897	0.893924123189478
0.796318404226237	0.47970608906801
-1.51494510157249	0.537750180976637
0.550960963725146	0.320773449127011
0.956455214607419	0.253949648163622
0.0500580323654574	0.0293756246650771
0.28162937287072	0.236523789265579
0.00647712884858234	0.00432339727317884
-0.103676567219328	0.0736995166706507
-0.863002304479585	0.861854190642363
-0.863538833990403	0.862540261053111
0.448397283410138	0.450428806971754
0.0866234748483718	0.0590085378247955
-0.0651865113115189	0.0477844025672701
0.720653861359207	0.731196252811158
-0.0714105403554383	0.0432933239503596
1.46209127003869	0.484377128190959
-0.397045882475609	0.165343492828885
0.145171756162188	0.0557148736652615
0.679297187320958	0.21511425797511
-0.0222433818565404	0.0103809172531347
-1.12725353624624	0.339405023147411
2.75704467106166	0.766025498669684
0.178378460373537	0.04470234426639
0.175496922320134	0.0440701137079318
1.46398903776532	0.484992681122713
1.95879552552655	0.437985228139192
-0.216409245079586	0.0696890647462961
0.675232747867266	0.213789953820415
0.157971563808893	0.0296806747786729
3.27129205644114	1.12317050813274
2.57370038715336	1.42824935878199
0.177812920485068	0.0445891130396879
-0.21750140385887	0.0700056929839968
-0.218330843122104	0.0703229401018074
0.372140603158092	0.18881048875089
-0.0175541755219825	0.00825542384090504
1.27953842101732	0.705311769256381
0.827378067011008	0.347541772420381
0.680267294542255	0.215376555237081
0.614106056349769	0.322663807594507
0.396674079345216	0.179153047470352
0.676639067838878	0.214128030995098
-0.487689330166913	0.365086040968384
3.93397258257213	1.72120776019779
0.551346702664838	0.321044667916219
1.89225025931096	2.10326623682524
0.159251072645633	0.0298673857617753
0.540312930475409	0.313484035431655
0.320045489152201	0.221780077968395
0.956395174505577	0.944172631004671
-0.261763415500447	0.214736699504515
-1.08540325497789	0.740709058680813
0.327405975687805	0.21383111016957
1.4702928012491	0.922193826208071
2.35640188519378	1.17514982426169
-0.579231781344977	0.565978370837886
0.353067146533557	0.198203097197359
0.751292321085185	0.827507701689142
0.271132474004449	0.247174211272252
0.192234694078154	0.138400657175893
-0.280291932638089	0.202717797563306
-0.862724153309713	0.861532549026974
0.710241046690415	0.71667800416026
-0.315663790044456	0.188442484078985
-0.493505210495176	0.450476640716732
0.683390296400146	0.710487285685204
-0.308014662736007	0.251278746960053
0.63206423545778	0.596816900302757
0.40530319368542	0.335467385863937
0.761828271502763	0.75147105760036
1.83633740824933	0.718096082890721
0.951724523631597	0.252769110062367
1.07439776107311	0.519974414552366
-0.473847900989249	0.247716191579701
-0.647749919791809	0.384075372072517
-1.17130885683652	0.65771114275281
0.802527111390543	0.484146305872589
0.312720737747743	0.216068189029882
1.46647567822182	2.08515638645183
0.192257328511232	0.143830488452372
0.136153599105816	0.119638402968053
0.806713632989806	0.972065912747423
0.413501163740853	0.343793409372235
0.709304163279929	0.715261612896332
0.313375440828619	0.216484774611911
1.1122099612764	0.849859761292561
0.757929159434378	0.745626336357782
0.0274967625954811	0.0152048335428996
1.09249603523922	0.673727675111428
0.30629852951325	0.222168996631181
0.314355907417694	0.228870844627455
0.116537692866734	0.0941724344638581
0.388530308910989	0.34453118453067
-0.72981373931712	0.972151221575792
0.395465773548722	0.339204293477601
-0.124196174805222	0.0865777145677368
-1.08891146985988	1.48778261473253
-0.0450497651703353	0.0334188854048455
0.465933988864553	0.442981831957955
0.177857164371455	0.103345444820174
1.33603551913475	0.58343053611899
-0.940337672953664	0.576268836392829
0.357059734722423	0.180417613052494
-0.134149667146551	0.075476350186393
-1.27702255318032	0.574015400729037
1.04272737841263	0.394268038065867
0.952729371406254	0.252945498225285
0.820031775910475	0.344053152724765
3.94142925014609	1.72568889876336
0.959294652844364	0.254663957360155
2.75805496536761	0.766752929661107
-1.12825544522804	0.339732258677114
0.174933567082256	0.0439573605408891
0.532196819047093	0.190683131950839
-0.517264023236703	0.195228260106643
0.684127232721146	0.319410172437811
0.153179217844522	0.0518679803975777
1.45447188604219	0.907147631248755
-0.0630117598660924	0.0273444562783525
0.80324552368263	0.639577014487556
-0.12547693283684	0.0704426804639951
0.169762747888229	0.0427831084845497
0.826569690816718	0.347031576525904
0.823011572866799	0.345529818511679
0.676200627845659	0.214099921395796
0.627433071987274	0.479283907899654
0.146541284673948	0.0561598479354904
1.33686934913081	0.583851214307558
0.543826235589746	0.194860004761148
-0.643627545774783	0.381348279502025
2.76095211479574	0.768066673537379
0.525974790890797	0.188312313683146
-0.230641204864884	0.115203997874869
-1.59740763800484	1.22761064974246
0.00864457129489687	0.00451105408731735
0.166143258272392	0.080916682463919
1.03878889357161	0.392361575468581
0.822832332666427	0.345345001072504
0.726085864147905	0.738454418691425
0.286880960216252	0.224878180846901
0.589718097750344	0.569453907475614
0.423309998214892	0.337671073941182
-0.154972075012528	0.122953890408709
0.287895442898469	0.234495622938306
0.0136245746250805	0.00689746762991471
0.550960963725146	0.320773449127011
0.754632615136511	0.741566530038747
0.866427689626842	1.19658889672788
-0.694591650362894	0.609134505313595
-0.614108333779485	0.680383953118192
0.447575824471823	0.435280559350281
-0.0452001234340094	0.0282054288982882
0.526446303425097	0.548183315140924
1.02255396137573	1.22967557917049
-0.376467183519741	0.295083061315911
0.274286292667763	0.263855080175429
-0.41073775992582	0.383692765007602
1.15051622554437	1.30864005405622
0.188175131701542	0.140442473980022
0.641492019790275	0.766013850350495
0.555435355121989	0.32362450333072
0.318225677274729	0.220429426759637
0.906340390994791	0.490328611131218
-2.63297228006384	1.61210612413931
0.146991565554296	0.0498368434412969
0.441011632426855	0.337426590678071
-0.639108723659078	0.378100797212241
-0.952779547100394	1.01410012991751
0.840854879676409	0.991992786224739
0.123617155835125	0.0948991172773915
0.0487159372644068	0.0376192442137452
0.0999488794313041	0.0734682235583877
0.19896550894845	0.154679663468208
0.0558706449243991	0.0327741182590651
0.154141692684137	0.0521718492986209
0.465616021514509	0.339518606694634
0.192087112089866	0.132498089143885
0.648589139586301	0.587177092133156
-0.216629002033669	0.16361094863658
0.35373506337922	0.327942785160717
0.547065943051324	0.557347775018295
0.00612710155167413	0.0040970727305274
1.09897762635162	1.39922895281597
1.30471381913031	1.79897901345888
0.292069407893672	0.229623675881312
0.0553324826018105	0.0324643284414822
0.450984454502009	0.181094225214174
0.162694952553565	0.0791027279959055
0.403017689363334	0.182433699553409
0.965281481506189	0.658706815276441
-1.8149232942067	0.735809301570227
1.82903419341101	0.714431883475109
0.903572081870201	0.488303798738093
0.162171049505848	0.0303007576998756
-0.338896474896558	0.0970421752101679
-0.620473624670499	0.150917804175241
-1.13282069800183	0.341231258763963
1.46265753359042	0.48460907431551
-0.605216130321372	0.290038022777638
0.158989511121608	0.0298299152293259
1.96141436018454	0.438711417164155
1.95793128711136	0.437766051086387
-1.51433726696095	0.537497293520418
0.155886190859223	0.052738812780725
-0.0918946798549043	0.0364881699984277
0.158364306145836	0.0769893520085495
-0.388408062610022	0.161550493058169
0.678685727410979	0.214982042405379
3.93496659153827	1.72160273292352
1.45849632487227	0.482828278090187
1.46498308680977	0.485505347800691
0.155071704033499	0.0672485517972294
1.06685305821338	0.514909855606969
0.824206423319396	0.345940153507605
-0.603309125075079	0.28924124275275
0.0454189259780076	0.024932444103449
0.966840959914135	0.660016493919855
-1.16385389573406	0.651240010521373
0.392851372688938	0.177366315467011
0.531004542224133	0.190160354232034
0.184460988204332	0.114380793247698
1.91719929188052	1.66661984393778
-0.382615446955722	0.215424442142957
0.649644671081479	0.690627451297696
-0.179337863330013	0.119271097929089
-0.477157113834385	0.404940337003576
-1.03059373692128	0.82198201053885
0.187353962724357	0.139775311341455
0.168356921102819	0.0818921745076723
0.605478259584673	0.317250000565942
-0.544703746032692	0.490169282873826
-0.452751245264963	0.419290946721061
-0.365743815807899	0.342123655960716
-0.375352129899774	0.379536800750762
0.552212471291439	0.462106559230397
0.553505004895047	0.463498989665776
1.01433058312489	1.21558297985696
-0.990974772070611	0.886497754400338
0.0893191072760953	0.0608995690218736
-0.257910509706956	0.160597268787631
1.23629485704853	1.49534133539833
0.410027209821495	0.340193147723285
-0.093652348710671	0.0749289665160162
0.872523153402976	0.648906135199257
-0.523547828805167	0.197923268795224
0.956455214607419	0.253949648163622
0.956455214607419	0.253949648163622
0.514011265269105	0.327707849472919
0.316772059328838	0.219272697371641
0.357338888908434	0.200909214277927
0.903937717993954	0.488786092987027
0.180605505460263	0.105020722082709
1.01579976197568	1.21783131487687
-0.221556948006943	0.143608710086634
-0.77627079748999	0.592400096650065
0.964379319985105	0.658418249802031
0.60911208143512	0.319273655108227
0.605889734902178	0.317583573524645
0.405963487254229	0.183823418979257
1.2435163570504	1.05096826553803
0.440304154636177	0.336738922201165
0.293090341822548	0.221199130370586
0.519888362304173	0.332442061518146
0.285838347220108	0.240658865025115
0.0200750017731338	0.0100951991596109
0.33251494681857	0.202552243111264
-0.154149639731079	0.105401958796476
0.903360301595452	0.487548493801835
0.157971563808893	0.0296806747786729
1.46455689811314	0.485225385720349
1.27527444013123	0.701986201756967
0.906221476980774	0.4898154096859
0.452290871775091	0.181603858248631
0.956455214607419	0.253949648163622
0.54264160605114	0.194466830790978
1.95793128711136	0.437766051086387
0.15823182603157	0.0297179405544109
-0.619895187822925	0.150839789138775
0.157971563808893	0.0296806747786729
0.157971563808893	0.0296806747786729
0.159251072645633	0.0298673857617753
0.147553756375476	0.0500204388900626
0.175496922320134	0.0440701137079318
0.157971563808893	0.0296806747786729
1.95879552552655	0.437985228139192
0.162171049505848	0.0303007576998756
3.27129205644114	1.12317050813274
2.76095211479574	0.768066673537379
3.26630303248094	1.12023058934939
3.64710400400511	1.43385490736823
1.03817079597271	0.392088459196863
1.33999521271986	0.585413722027566
2.11931178949686	0.946188348024025
-0.26439075228017	0.165188987006047
-0.601008956207657	0.28779238853772
0.150150342967694	0.0651467775824773
2.75805496536761	0.766752929661107
1.83417843227406	0.717062027537897
2.56550634810569	1.42179042251005
0.52514060296115	0.187936804496971
0.451487521828411	0.181235009163182
-2.06444769256084	0.935935080561358
1.46288065557654	0.915235553071591
-0.767338705284597	0.333241188309476
2.35929989252378	1.17708387208299
-0.621333103088639	0.151104040920032
0.152200918016515	0.0515403734692646
0.828185454384309	0.347969212421182
0.162171049505848	0.0303007576998756
0.341143802510159	0.20834318401754
0.857144470300115	0.784200532435883
0.178676713172432	0.103821803674072
0.297512867832835	0.224999037112682
0.565855130124722	0.561628262573675
0.313504994801387	0.216684347168263
0.93701853896755	0.821761126134801
0.624491603434999	0.476831509312997
0.151061641523147	0.0578640062767647
-0.518386429636852	0.195700313035901
0.0738389691582858	0.0480864423695867
0.470047274601311	0.343374419135834
0.113030323407835	0.0862605926908817
-1.0875562048201	1.04444689386697
-0.884999583793275	0.732574727564491
0.68516514895467	0.713150768977956
-1.04491295229961	1.08866601959319
0.184892610638009	0.121148434848573
0.624258589795025	0.476529679147941
-0.562092443479674	0.407066949945629
0.443022705967708	0.177563935472151
0.195350407107621	0.128660529166428
0.30063974651548	0.246527008861207
0.301143346907243	0.217814712554169
1.4655515469736	0.485738470948645
0.956455214607419	0.253949648163622
1.04881966420667	0.396662545686339
-0.0253079664378708	0.0117848858803564
1.06107678732288	0.511571037024379
-0.620473624670499	0.150917804175241
1.57778417402392	0.783272898824577
0.40128520889548	0.181574932992367
0.723226265660341	0.479065311770693
-0.23191367114418	0.11572587008237
-0.0201594958464914	0.0129551006768628
0.389536691059342	0.333008899310071
0.487920783550989	0.452463320646268
0.193281944341862	0.159369703220586
-0.0123209065477627	0.00804357839598307
0.319430443109068	0.221235825036562
0.149722519107343	0.0649596133389546
0.797207885130907	0.479639825473211
1.33520072787008	0.582923907307515
-1.32076116375033	0.827858535304329
1.09125908081993	0.672316472010038
0.801264291305714	0.482982596530405
0.676200627845659	0.214099921395796
0.526761435412826	0.457642005530548
0.323382351047834	0.211089276923093
0.193913302918834	0.127631065677267
0.174631929420831	0.0936286480237893
0.053286311403574	0.0312680710342036
0.447719113317435	0.179573027507233
0.157369890983651	0.0764591764790884
0.157568112712888	0.0533067915180714
-0.714143223212392	0.243889779741797
1.4604038372023	0.483769829709272
0.16190498991222	0.0302625824147867
-3.08160228540496	0.95864568534502
0.157971563808893	0.0296806747786729
-3.07707720857862	0.956361112132394
0.17351044503084	0.0436385160120603
-0.619895187822925	0.150839789138775
1.95793128711136	0.437766051086387
0.17351044503084	0.0436385160120603
0.530513916151344	0.190000096866768
-1.51433726696095	0.537497293520418
-1.79763019308962	0.379603777700996
1.95879552552655	0.437985228139192
2.76197196120423	0.768541369225187
1.04158071586996	0.393480759170511
0.525974790890797	0.188312313683146
0.533034126671957	0.190984669183042
0.149666584584426	0.057386385337034
-1.02168632234953	0.403201742865738
-1.03269742121009	0.408607765317193
0.39526609400053	0.178605938715415
0.555429454206339	0.324148639297052
-1.12937501458112	0.339964434622374
0.175496922320134	0.0440701137079318
0.17351044503084	0.0436385160120603
-0.517825107309169	0.195474359908123
2.75704467106166	0.766025498669684
1.40426054995575	1.09177956645068
0.950720958067184	0.252420162622268
0.178378460373537	0.04470234426639
0.535308159768992	0.19186644934071
0.464768588934952	0.338762187718586
-0.938171859114261	0.573978837361296
-0.4854585335001	0.254775571816682
-0.142223285419907	0.0509011547645968
0.679297187320958	0.21511425797511
0.389317480008842	0.175725647635356
-0.293669531372474	0.134552643943485
0.869772858924233	0.645053681440003
0.181410463789173	0.124467884139844
0.40571587498953	0.335877470317728
0.320474490370983	0.222261304260395
1.26031019320047	1.07328108123052
0.412890728820418	0.327522041940008
-0.218912083209374	0.141730132516163
-0.122884950600214	0.0689858204826745
0.441137962009378	0.337496895692024
1.27527444013123	0.701986201756967
0.370416768952181	0.187803559470115
-0.443798376719296	0.293443508201439
-0.594932875203725	0.483649540655239
-0.911672076731406	0.663785399777617
-0.454884196926577	0.302194461689158
0.675405664272511	0.485368585116519
-0.370168007458675	0.320028456708214
-0.125804665724835	0.070636807053924
-0.663869154599341	0.463236545557351
0.179109852162054	0.110933924314224
0.450224794223042	0.345855596982669
0.591633864108437	0.572025342294232
0.955017933589342	0.253480850166851
1.57219334501409	0.779074773498945
1.57641681681789	0.782645066717777
0.804300222920806	0.6407999055888
0.872053563882698	0.647443880533662
0.173940988172143	0.0437550114519682
0.165007048838445	0.0490553112296366
0.362479573969699	0.183511546546955
-1.03728512024801	0.829179156772168
-0.5325305158506	0.443240337767584
0.0630367596239793	0.0502917568732706
0.652278120058059	0.591795792422582
0.286319648067781	0.224389000159208
-0.0697916049450524	0.0512597804317162
0.0565672433389439	0.0350321763828025
-0.427698840735741	0.328247992990832
-0.153523488046706	0.0548736888802764
-1.67477937542259	0.946015245150081
-0.137644441445284	0.0493160881207717
0.400071992057502	0.181100301759421
0.952967654298711	1.16233471017142
0.0727095463329951	0.0473171558870026
0.469777043977782	0.342969268476915
0.4652515488826	0.45731154204629
0.340930489801264	0.208195113444315
0.825015074546066	0.346341809907615
-1.12725353624624	0.339405023147411
3.26732978575294	1.1211772426211
0.536981267153455	0.192450260059129
-3.07750490916701	0.956880231933195
-1.79763019308962	0.379603777700996
-2.57847696185857	0.659529736545688
-0.334830546749113	0.0959542136262779
0.168774858509076	0.0425819447497206
0.152060146321035	0.0514888060008141
-1.0225353038078	0.403750407139113
0.669467631715225	0.211908752948447
1.95793128711136	0.437766051086387
0.669467631715225	0.211908752948447
1.95793128711136	0.437766051086387
3.64307322645936	1.43171095761068
0.155157819393839	0.0673918532276395
0.317990570702137	0.206920061632969
-1.67429418664846	0.945476272330104
-0.779533847058748	0.423716355677332
-1.80127875869	0.380587746892248
0.159251072645633	0.0298673857617753
0.174370024960364	0.0438183729016174
-0.335438661955823	0.0961186879895653
0.679297187320958	0.21511425797511
2.75805496536761	0.766752929661107
0.155205580878186	0.0525315583518307
1.46252223765758	0.914760051941877
1.32836208436611	0.578930457014918
0.157971563808893	0.0296806747786729
0.956455214607419	0.253949648163622
0.15823182603157	0.0297179405544109
-1.491295051315	0.753754014189643
-0.21151538456638	0.0681647526987886
-0.0141717560383149	0.00671779096854338
-1.27403485633299	0.572049719008217
-0.151830144868608	0.0542782461016096
-0.0558725660185328	0.0243241185740513
0.15823182603157	0.0297179405544109
1.57585328800947	0.781914893440029
1.46084540529166	0.91282274313099
-0.549987885193599	0.496298660526311
-0.0472010050389417	0.0294512616185805
0.555053726853718	0.464882868843333
0.665964636761945	0.47700770057922
-0.0724112519994465	0.052074775028685
0.152200918016515	0.0515403734692646
1.04577073722875	0.395582052714565
0.446504679734645	0.342445734976205
-0.308271768388007	0.273566244740259
1.49626750332125	1.5161455772829
-0.688788184706255	0.602219364849956
-0.921163939593816	1.03892740709138
-0.0960180250473911	0.0562256631294746
0.456202546710706	0.351362131726486
-1.13504205225351	1.49076651533782
-0.0433608997028455	0.0270596035413826
0.526808022811829	0.188639363777938
0.39263599839709	0.177442914754029
0.679297187320958	0.21511425797511
0.17294827606403	0.0435260072159332
-0.3031810447765	0.139234770943231
1.62708669242591	1.14310061728788
-0.320361206268302	0.191447400062735
0.19152272259558	0.125952529852421
-0.966582972526044	0.949802345405751
0.664904530323745	0.475303299596504
-0.489385894714822	0.366724637886885
0.180132487425054	0.12887685455012
0.700396615956141	0.61511534996226
-0.596380596267231	0.285372967250367
0.159920372276999	0.0476279199969756
1.62879849755283	1.14710151988302
-1.27347474159349	0.571712615994456
1.04638771946291	0.395714063580135
-0.304814957959042	0.140040338779575
1.45528841496643	0.908068478275144
0.307351638054889	0.211679239741757
0.296855842483224	0.233981026550526
0.178676713172432	0.103821803674072
0.753706233815926	0.634880817079651
0.396915452026465	0.179527619920334
1.46455689811314	0.485225385720349
1.96141436018454	0.438711417164155
2.76489171529978	0.769665555456845
-0.331353952324791	0.0949814429230132
2.76197196120423	0.768541369225187
2.76095211479574	0.768066673537379
0.956455214607419	0.253949648163622
0.958855818540361	0.254543321351908
1.04577073722875	0.395582052714565
3.26732978575294	1.1211772426211
1.4655515469736	0.485738470948645
0.15823182603157	0.0297179405544109
1.95793128711136	0.437766051086387
0.178378460373537	0.04470234426639
0.955017933589342	0.253480850166851
0.1677792397568	0.0498341730879395
0.613713906957544	0.322361292212776
-0.392607099730254	0.163535650618449
-1.12769593434811	0.339436368028373
-0.620473624670499	0.150917804175241
2.75704467106166	0.766025498669684
-1.13338534815793	0.341498686250824
-1.7975657981284	0.379599665892429
1.95879552552655	0.437985228139192
-0.142065439273313	0.0508608036268521
0.687841939709932	0.321414437549071
0.529918814853225	0.189819007683608
0.826569690816718	0.347031576525904
0.173940988172143	0.0437550114519682
0.955450516302873	0.253599562429476
-0.342107054910445	0.0979510037894855
1.82948417010899	0.714838990299682
1.0433448222306	0.394400438672122
0.825444392705623	0.34659656094829
0.456877075438442	0.331782409941879
1.79466253053892	1.0038633887524
-0.767258704524236	0.332989408243179
-0.517825107309169	0.195474359908123
0.159251072645633	0.0298673857617753
1.55254049261567	1.34490094578143
1.40964550279915	1.09910762948233
0.15079028466586	0.0510708548215597
0.955017933589342	0.253480850166851
-1.33901885182744	1.33573335848477
0.341103523662087	0.208515976444862
0.177138872297576	0.121314045964403
-0.16961629257171	0.112208314837147
0.654049177122006	0.593649918841262
-0.414911741424968	0.354678427485019
0.562063065545835	0.556534244664847
0.0886249182829837	0.0604180734713527
0.55913219681155	0.32684498494534
-0.0487821403695745	0.0213233387350772
0.529710677378377	0.552725304276482
0.490554592946589	0.33715340597708
-0.0981553297810868	0.0575142678366493
-0.182082913541897	0.121260670980376
0.956021254579335	0.253830462538477
0.153267904345544	0.0519012670754554
1.57300066070252	0.779753450272878
-0.488871341966614	0.25691714298118
0.583280873584832	0.468056895725652
0.594989237863795	0.576059519750387
-0.3738446708232	0.255703898966368
0.194403709440707	0.134233325676898
1.0702988595803	1.24771746401955
-0.66532740925343	0.46407172039032
0.186734980776279	0.122555002487889
-0.317132927655029	0.189419646196111
-0.218330843122104	0.0703229401018074
-0.0971039501128838	0.0385233851685582
0.526557278817609	0.337263597625819
-0.238327652141956	0.119236029675278
0.0127277986317219	0.00645551261930791
1.35018043148297	1.59830713353061
0.289260451825555	0.244011790517127
0.370580013077853	0.347252274825454
0.745849789954422	0.625136787628721
0.30309979394323	0.230081227238186
0.185082996014187	0.107765069470433
0.326677035046047	0.213603481256599
-0.220606538471739	0.071036835690658
3.27025913837768	1.12233669524588
0.959294652844364	0.254663957360155
0.958855818540361	0.254543321351908
2.12544210384278	0.949600697707754
0.674015164989584	0.213380808783075
-2.57447078703937	0.657780381714024
-1.7975657981284	0.379599665892429
-2.57847696185857	0.659529736545688
1.96141436018454	0.438711417164155
3.6399901361893	1.43067029650081
0.956021254579335	0.253830462538477
2.76489171529978	0.769665555456845
3.26835783601252	1.12163011968705
-2.57421277656498	0.657506382974291
0.15823182603157	0.0297179405544109
0.174370024960364	0.0438183729016174
1.46398903776532	0.484992681122713
1.33999521271986	0.585413722027566
0.609615831589456	0.320132911480607
-0.0271755091889024	0.0126271356579644
1.25879459843224	0.878514282108801
0.352026906821472	0.197490341460856
-0.141983046858617	0.0507961746820961
1.46498308680977	0.485505347800691
1.96141436018454	0.438711417164155
1.4655515469736	0.485738470948645
0.164738242561747	0.0490009495728858
-1.82244979687075	0.739592489757551
1.95793128711136	0.437766051086387
0.555917697794309	0.324491924551048
0.90749734357105	0.490771141886538
0.454205781530215	0.182360151769261
0.164122988767051	0.0488286730136595
0.527404119121822	0.188820766466342
0.614550767680098	0.322931646731297
-0.142507623970632	0.0509830514288717
0.452569065982633	0.181732592483672
1.68974076064853	1.96460786671449
0.612857515220163	0.321860452160467
0.158426007238141	0.0472279903538101
0.822267625819136	0.345061712364334
3.93397258257213	1.72120776019779
0.174503749901052	0.0438676710334476
0.169227311045471	0.0823376080628869
0.663189448466143	0.604794544950011
0.439005361109727	0.335562641936312
0.963170813269595	0.656425556184065
0.50529168362949	0.454275934280426
-0.689237756201526	0.652138755917917
-0.497599530409712	0.45528290113694
-0.0674002495015319	0.040853939698042
1.040586553327	1.43527700307725
-0.388792850371707	0.219531098235124
0.500206768295639	0.448350582997246
0.00240020302523038	0.00164222888005431
-1.07671830467743	0.732187131754252
0.191405277525198	0.137767991114906
0.284336319258051	0.230975955824022
0.556647645296387	0.466625068597718
1.37972526560892	1.28333008638236
0.543234047715424	0.19469692994889
0.906585024210563	0.490133279396643
1.33208469099746	0.58115584608196
0.155484938800684	0.0674355455433166
-0.0915473955303068	0.0535364943818557
-0.449429168602439	0.297731208780208
-0.55208699680254	0.608108273815779
0.480874623009896	0.444284350877227
1.11471004201021	1.62151688363394
0.120626378846086	0.095151965146578
-0.469467571888296	0.39686762242355
0.280313178822789	0.235038977842793
0.295297200668372	0.223093027848686
0.162115197143917	0.0547627677851446
-0.477222249924291	0.249920795705708
0.556407370337281	0.324766127326002
1.09662476421474	0.677435815182206
0.712396253919767	0.628523846869351
0.69792041307008	0.611703972142296
0.711118689045731	0.717978166514184
1.01124827056179	1.11963747278628
0.460846548935473	0.436795843255975
0.739940175751456	0.619158934345605
0.480353761653137	0.443604951026271
0.925444002700462	0.808012955116463
0.84599015927732	0.892437123491583
0.286797475525267	0.233400483548922
0.965953997761235	0.957636054048117
0.960305402281055	0.254935680101795
1.45750864016971	0.482642955020513
2.75805496536761	0.766752929661107
0.162171049505848	0.0303007576998756
0.668504270521836	0.211524693005927
-0.517825107309169	0.195474359908123
0.166874786837774	0.0495063576868506
0.157971563808893	0.0296806747786729
1.95879552552655	0.437985228139192
2.75805496536761	0.766752929661107
1.46498308680977	0.485505347800691
-1.7975657981284	0.379599665892429
0.16190498991222	0.0302625824147867
1.78116696180328	0.992630655099654
-0.989760813396405	0.491228538498588
2.56231868542666	1.41851622575425
0.675591354383564	0.213968352567141
0.905364041230683	0.489100693534086
-0.0922888609949392	0.036641980012126
-0.210247285609266	0.135565247796269
0.160668521731059	0.0779611221574674
-0.776764609742397	0.663955652931722
-0.212107996589827	0.0683682958385105
-1.12492122665638	0.338668219085241
0.956455214607419	0.253949648163622
1.33184695246066	0.580735815343295
0.159042375477486	0.0473891494040675
-0.513265508496353	0.193649815889796
-0.142507623970632	0.0509830514288717
0.451433354306005	0.181204255517875
0.555516331366591	0.324397109009416
-0.227427367526851	0.113430169254292
-0.0946005956049181	0.0375705380864667
-0.101594229693079	0.0595603102941152
0.806035202617443	0.642761539388053
0.656664915205542	0.596741018394837
-0.518644858635781	0.195729988241304
0.821612971150663	0.344902213197152
-0.21413668209253	0.0689782373236906
0.150475505340959	0.0577005678908003
0.334520491587528	0.219299702086426
0.0950834065842258	0.0674309519594321
1.01985332884215	1.22515807741191
0.462415324981004	0.336661593866092
0.196074782222411	0.152230097975769
0.32924255429577	0.21517296841426
-0.781629471217819	0.515777950182596
0.147185309904108	0.0564336485542795
1.27967476581191	0.70553219604957
0.393335540591254	0.336995073149442
0.530726859932605	0.553939520783349
0.991994023725745	1.08961752635978
-0.44997230775141	0.298442105905173
0.00772309253824553	0.00515119558616175
1.24682769665044	1.05531825651012
0.333324225758134	0.218401326357236
0.18715511993862	0.128793667092369
-0.0516887475647681	0.0225437629251332
0.18411213636705	0.120646887300895
-0.0860696395329321	0.0502796250653424
0.459421164368954	0.334067095648663
0.281908719238379	0.228735361126054
0.181410463789173	0.124467884139844
0.353096265254111	0.198537681553551
0.146991565554296	0.0498368434412969
0.82202118409377	0.344824422480644
-1.67531536151899	0.947470882141054
-0.622487955939784	0.556672557908685
0.326719850324582	0.213292592474781
0.624491603434999	0.476831509312997
1.73001864032638	2.92952907440272
-0.207925223129289	0.156259353127669
0.554968591826959	0.465048793910549
-0.154058135290203	0.105290701523853
0.813990904893341	0.777473155788993
-0.169901835338263	0.0906268773549308
-0.0949001875120712	0.037669399688603
-0.395904040590257	0.164946089819945
-0.310086265508131	0.184613195442707
0.801274993428214	0.48368358689853
0.621340321785552	0.473803500895901
0.438343770466592	0.334578313389661
1.69339552494511	1.97160610698561
0.32078074106334	0.222507741241126
0.0529157834201913	0.0310631283484742
0.424595760840516	0.338927728172009
2.76095211479574	0.768066673537379
-0.221687635229212	0.0713279388249057
0.824206423319396	0.345940153507605
1.46498308680977	0.485505347800691
0.678685727410979	0.214982042405379
2.75704467106166	0.766025498669684
-1.7975657981284	0.379599665892429
-1.0275611383961	0.406046323242829
0.526211669677007	0.188366258201689
0.164738242561747	0.0490009495728858
-2.07036415878263	0.940048810523718
1.0671250794186	0.51532777476737
0.633127143201454	0.484942474220126
0.298909205913282	0.226175396071665
-0.482523312056089	0.253150119027782
1.4674520995516	0.919659389151331
-1.12769593434811	0.339436368028373
2.75704467106166	0.766025498669684
0.16190498991222	0.0302625824147867
-0.333856458330646	0.0956917261764247
-0.337924641037297	0.0968088152153293
0.156755601931667	0.0530279383533015
0.53506523810313	0.19165955342409
0.326771142044787	0.213666413568545
-0.0467364101303258	0.0291607360288984
0.556790302085179	0.325076596090155
0.725218940119496	0.480902068500213
2.11998934304499	0.946287331085183
0.827062362966711	0.347535018691045
-0.768600903140109	0.333471229701577
0.153545744333934	0.0588038048786632
-0.880481243316666	0.811204705377356
0.270521925441069	0.232855342589056
0.720552478813743	0.731161206783516
0.422934648045888	0.337446458650265
1.09705130925205	0.67773259632734
-0.0672258766651868	0.0407123024592043
-0.490954439559026	0.258083775261775
0.718887673570246	0.476094621135678
-1.33709965626777	1.10504428577607
0.174900823936011	0.101529040905078
0.49818933044121	0.446178568631575
-0.377689194002371	0.258942684160564
1.07321229660908	1.25330287012892
-0.0504183871752197	0.0220160258293582
0.518009260968797	0.330588885181151
-0.516748730928915	0.194980159188936
0.874928471724657	0.650732662953552
0.0568705443925892	0.0333894501659789
0.193239163246899	0.13921161227766
-0.908248889493531	0.661642052461733
-1.09529611299777	0.750274565218912
-0.488222118387366	0.365637829753934
0.350441651864975	0.196719348347266
0.311881706088134	0.215335341541172
0.468432346327362	0.341961668153993
1.62997317136777	1.14689324295438
1.82816209415628	0.714241631039221
1.49144322968388	1.50776116904483
0.49439117596476	0.460001410268261
-1.83671559740122	1.15804887432371
0.368785894549436	0.186755036594337
0.351989982014803	0.197718816332484
-0.310987705711156	0.276467776461321
0.100863490180409	0.0717251264196776
0.116913410296298	0.092020205697821
0.445463474652479	0.446777632441204
0.484690272983864	0.448604946262747
-0.785553561291031	1.09344002545426
0.271734488852289	0.25455332633557
0.190222033550755	0.16927498367415
0.305946589541913	0.221875789375889
0.369555877118496	0.187275530580153
-0.441714935607388	0.291873874186682
0.354509287184906	0.199345347970307
-0.386858048946145	0.218067921747341
0.932366758376851	1.04947966903074
1.54733565598059	1.87910908972427
0.53003078005115	0.461691118418094
0.0173480032193993	0.0121118610151773
1.36405760522151	1.453435440834
0.188922373955574	0.141068429822279
0.337998789041069	0.20631788442856
0.800012864499992	0.63627749575257
0.422883656890527	0.337463568211895
0.00643599107369429	0.0043014481295347
0.032759370668223	0.0237260393906247
0.366251097387433	0.185315834522321
0.402194953690068	0.182009168056006
1.46166504880046	0.484245680586438
1.46209127003869	0.484377128190959
-0.148000056178146	0.0529246723651301
1.82755032422624	0.713907775987463
0.157971563808893	0.0296806747786729
0.823396795288853	0.345498381775943
0.509101405480753	0.32387746881326
-0.136838594868057	0.049032228312373
0.17139216458375	0.0917426993159631
0.965850766680727	0.660397330763022
-0.152856309730793	0.104455651410482
-1.02992312517273	0.821351817553798
0.442527549783029	0.338657338812936
-0.232777653165679	0.116306135742438
-1.02050258479106	0.402614988151568
0.445985854243847	0.178925932999787
0.678685727410979	0.214982042405379
-0.60491192937513	0.290190935381882
0.527404119121822	0.188820766466342
0.161460812920862	0.048044569646078
0.932772941846999	0.8165738518492
1.07412410759908	0.519536396231744
-0.0934903546081117	0.0371047509307854
0.181208024238584	0.12971787539361
-0.30189282219375	0.245448552451791
-0.134231573579929	0.105288912939727
0.0549555993178271	0.0436688535650812
0.918827921257708	1.15032181739343
1.14753398245332	1.18151814584858
0.665450922463772	0.475793452187603
-0.0871293029493861	0.0346778899169789
1.11661335130524	0.854494494367187
1.25497065528447	1.06573218853175
-0.527815303056643	0.438255049662085
-0.377770387640457	0.296403127448129
-0.145220887751815	0.0988075975621359
0.701796260832714	0.616412686493259
0.852001882271312	0.777342208786849
0.186703466337387	0.12845975140473
0.441603042960476	0.337776518808526
0.0458454885290953	0.0269433996487827
-0.597366911713858	0.486041022609675
0.863420228439387	1.09198031544024
0.745473500799481	0.625443374335073
0.551172595900754	0.460942277847797
0.795924011102239	0.631817826376897
0.313142356829836	0.216306618760397
-0.229763318053721	0.11473419486447
0.325786742658419	0.212897771243593
0.516490019297918	0.329766753072557
0.804640133881937	0.640466555886714
1.06990539968672	0.517318032116118
-2.18397285671877	2.5535067701894
-0.209482390410096	0.157536333347423
1.57976808984129	2.20321634950791
0.904543323614089	0.488528122790343
0.458991344082012	0.333475365710015
0.957461191854986	0.254126256439643
1.40111800878037	1.08923319191599
0.956918508560191	0.944994324239912
-0.529295034078148	0.333404394083045
0.1699253080074	0.091047952172446
0.179123569107516	0.110970049021079
0.00442084194484634	0.00295981515797572
-0.0790703099557701	0.0570346054504781
0.500144299281221	0.448340955453035
-0.0399107336024587	0.0300703815045683
-0.0445390776081676	0.033035827359676
1.03297748659118	1.33650487902469
0.102928448090239	0.0781211425730618
0.838869458795539	0.988152900875101
-0.139582511508502	0.119872353210651
0.397132083199872	0.179401062142935
-0.66171178885727	0.46123255444884
0.404973746705237	0.335172633926972
-0.447421770694323	0.296421431199456
0.90319131896258	0.926620511923568
0.856528424223795	0.783592298380523
0.48655729573009	0.333672404520804
0.384020901101783	0.339737466147019
1.41750266711823	1.76933523402159
0.534292438087265	0.558917858437721
0.193357103991114	0.139284034047766
1.11168656351197	0.848380842484936
0.348848627110772	0.195372471413297
-0.420187732123288	0.360275123094505
0.405319899898862	0.335529601859059
0.526252020966952	0.457429898352949
0.173915933816715	0.100899108260456
0.995798098073921	1.09581843462407
0.929458490694583	1.04585577869626
1.41197190347641	1.75832688702371
0.58783633080819	0.472400346208279
0.285831357393245	0.255848297628253
0.439470956336856	0.33596493164766
0.200660693191284	0.166233217138346
0.956455214607419	0.253949648163622
0.15823182603157	0.0297179405544109
1.0671250794186	0.51532777476737
1.96141436018454	0.438711417164155
0.149982636103429	0.0508231515257977
-0.938239302894953	0.574026718228379
1.0418455851348	0.393863567086238
-0.781277305540297	0.340223285294791
-1.12825544522804	0.339732258677114
-0.227084591190055	0.0730386299617289
0.441137962009378	0.337496895692024
-0.0200133891587307	0.00937774117018858
-0.282950323090667	0.205075545590279
-1.32282346657217	1.08546299861241
0.532080158840166	0.463680088375753
-0.875999351600599	0.805231393248521
0.758123634569459	0.838676286670306
0.665482300501142	0.476709858497214
-0.52415274028227	0.198056534648652
-0.393344855894386	0.163591234545282
-0.298069801399634	0.136782161978855
1.62756081317228	1.14519323459935
0.69273852140159	0.324352167091966
0.401740165398797	0.181802373833579
0.560116719285638	0.327102150662031
1.38267678285877	1.2876043103142
0.0954909840524308	0.0677347028694665
0.767327345224291	0.852977047510186
0.283712262022869	0.238589201819335
0.443765622248186	0.430723656286486
0.0640288782986039	0.0397010101455208
-1.20607454215389	1.40720067765151
0.657689761492652	0.598437321559372
-2.2797050672784	1.14779045828185
0.464668420559398	0.338376003601934
0.397589917162397	0.17962908279386
0.0272678787600739	0.019035272542811
1.37413564128303	1.99094901829713
0.0731797282353871	0.0476489971007775
0.112009971852471	0.0854123317330419
-0.0654905346070564	0.0396856585257832
1.24859341548985	1.3814376668225
-0.0186898137922207	0.0121666831292837
-0.292724465588634	0.236722627915931
-0.592695719010172	0.481426711278515
-0.568407527530025	0.413153724672263
0.525856585792484	0.336806220857581
-0.088111127993891	0.0514961991627685
0.797207885130907	0.479639825473211
0.689625814508517	0.322344289067171
-2.10995322640213	1.61892297110854
0.667684856050692	0.478006447449284
0.605889734902178	0.317583573524645
1.10882183851935	0.84604094840654
1.77960884930641	1.39951379437741
0.184729685668723	0.114529609241133
-0.231405213439168	0.115598039635443
0.336517829828895	0.205310678295774
1.02225282157946	1.22939218342255
0.405388425321272	0.441922165807626
0.483053178973565	0.535469807645582
1.37099098488184	2.66646391762149
0.560622705529916	0.645289891753375
0.205287715502496	0.184651473722568
0.656950681137267	1.10675267746931
0.444462769170234	0.530346572214237
0.670748547668402	1.17264372164812
0.768103190844295	0.940251374024771
0.204645320398495	0.169896346039406
0.840899375501801	1.08982619311985
-0.125680598341187	0.100375343049624
0.10763691678864	0.0794300617139662
0.0118986364935148	0.0079250575627915
0.192454070915626	0.143970742781305
-0.136605930555785	0.107300201927351
0.0402182771686218	0.0349580195227326
0.173085526139975	0.243303719538827
0.121259731355776	0.124481393663472
0.508032113556617	0.708229630545935
0.16756839505842	0.169886556857504
0.927675925760208	1.04190470181213
0.317175755062032	0.384756749403168
0.0776785031108134	0.0757006256015473
0.308360936088049	0.35804021200968
0.351651990400032	0.335590421867037
-0.255113164383361	0.158703368790556
0.857684574455201	0.785065697806714
-0.132543113638965	0.0744868041612937
0.55913219681155	0.32684498494534
-0.0980666176414586	0.0574284316849336
-0.0273495561465098	0.0127064334247952
0.158246963250772	0.0769135923951275
0.181712495778344	0.105587448740315
0.364139520988915	0.184303200883221
0.793883949234688	0.477471994356246
0.173565257721116	0.0930015612860094
1.13786682141891	1.03100811230738
-0.596833166851532	0.285620487906472
-0.233160555309734	0.116499945119669
1.46002910034019	0.912027954178089
1.28264121376889	0.708089647408427
0.347910250318306	0.195295747467403
0.92566556732503	0.808374627760614
0.198240948274183	0.143130752280393
0.0194437728694163	0.00983145222374157
1.25345608315626	0.871088381380262
0.0749772755458986	0.0508496554770291
0.184214534459645	0.12076819758113
0.827378067011008	0.347541772420381
0.463825623559146	0.337596406408278
1.23992462122082	1.21433785399201
0.4536820923928	0.182117067910612
0.070950235764999	0.0461677020297209
0.181298038896469	0.118658704697479
-0.113708149083761	0.0901499399977719
0.0687089124028837	0.0426372205292479
-1.20484985065698	0.904359244347275
0.178244006262101	0.127380034543639
-0.00576428469068257	0.0044362620097158
0.424607947591936	0.432651872056518
0.418350524919885	0.332992134072556
-0.0976277261906972	0.0783179345946954
0.180725472120655	0.104993641971309
-0.374365346194989	0.324622061785616
-0.9013386537044	1.1371551464228
-0.346984579450832	0.330264469077891
-0.714379371006545	0.862516385674178
-0.177019536270494	0.161966512856018
-0.365362931957773	0.366805234720468
0.28965739202495	0.244468580419187
0.199768429285321	0.150006543725995
0.564536083776014	0.871324057063463
-0.0166692159476928	0.0126678192360347
-0.293539788277337	0.237503860093409
0.186286458247652	0.138902517190249
0.0956443387325981	0.0701490810499934
0.565510498733263	0.653206296650986
-0.162373155403232	0.160223567596458
0.330919938457015	0.337107374475335
0.274995113186994	0.271117012510882
0.46248265761723	0.545851723902374
0.417739964567247	0.59831056737115
0.502106629725717	0.450356637232795
-0.506314102471746	0.796523669424698
-0.199812391855626	0.242045773039587
1.90292824572218	2.12226967727961
0.494670624103926	0.442003109087202
-0.770068697774849	0.334529507186587
0.337439535980054	0.205944692652101
-2.0632678020958	0.934730063300611
1.08594238936362	0.668365290589252
1.57698010039245	0.782710522844369
-0.601842481179404	0.288205637215096
2.36121094029696	1.17903949937985
-0.619619323815112	0.553457438069592
-0.226925263185246	0.113248892454732
-0.0516887475647681	0.0225437629251332
0.324976659392064	0.212149851193368
0.394870973019122	0.178443807229182
0.813268122962673	1.52264538292202
0.209324152919459	0.241606627945384
0.499726433221578	0.544282434707882
1.09701761267352	1.39611270891198
0.583549808203108	1.50396417532624
0.76920891516953	1.70916166734253
0.461861015032345	0.668820654839655
0.495764238539196	0.69831785054955
-0.104471686799113	0.111304208898444
-0.28814142489158	0.232310572515684
0.327662747392744	0.419263754029074
-0.106058674459518	0.119793058122934
-0.263838206932973	0.404621609006278
1.0629351125487	1.13181163714286
-0.392655287559468	0.222062010053228
-0.666906395221319	0.466002266943456
-0.219937372391542	0.142351332316446
-0.285160614694704	0.206846575101512
1.1318312532766	0.871611094209605
-0.227539293294266	0.113536657770224
0.482781907271719	0.331051605009793
0.0299940783490774	0.0248434767929892
0.0248288107154693	0.0323122995275174
-0.190467321579882	0.26394078211684
0.324033363779297	0.538857094407022
0.173498043794935	0.222236507280526
-1.04662457836127	1.09130600764107
-0.348466509125542	0.397104086749266
0.134518440565945	0.17703291798627
-0.559338462186451	0.782695747074257
0.51414100013382	0.327695173730361
-0.570705350590297	0.415293125315881
0.326106845434553	0.213121747524664
-0.217493795516912	0.0700823766807278
-0.397122871929765	0.22479707022336
-4.21940186089714	1.97447623308519
-0.775325937496498	0.337373229164995
0.151787472514646	0.0514129164609266
-0.208734961364574	0.0673140088709551
-0.4854585335001	0.254775571816682
-0.604458749673287	0.289930015833069
-0.724381910046542	0.247676943012395
0.143447846985197	0.0486770124943714
0.912172461401974	0.494555676252075
0.959294652844364	0.254663957360155
1.06876592067837	0.516703461090241
0.613713906957544	0.322361292212776
3.27129205644114	1.12317050813274
0.675591354383564	0.213968352567141
0.449328663372175	0.180265911475519
2.12456086885217	0.948794418566506
-0.0194176838686825	0.00909224217942758
1.57324176500159	0.780282055570826
0.530513916151344	0.190000096866768
-0.153840052443624	0.054973964293362
0.365750687655985	0.185383795792676
2.56711548567586	1.42327373895936
-1.27576570215226	0.57336157810995
0.400916629674177	0.181358781738668
0.517915739005245	0.330834600154157
0.612857515220163	0.321860452160467
-0.781170171807402	0.424765166186687
-0.231216849441726	0.19168122767298
-0.10208583781722	0.0903286915751483
-0.159169025958987	0.123485122795969
0.0154046759701232	0.0107727129733715
0.514889280867991	0.328184965322781
0.79695867947626	0.86122399176658
0.30998343042704	0.346909943601605
0.207466315086194	0.216547090586695
0.0159174788148282	0.00806052160168716
1.11573113393266	0.853472053275652
-0.516593383213858	0.548572693536397
-0.00393168670129589	0.00368144559647911
-0.685825498809705	0.87854545499002
-0.219159365876257	0.141895100160566
0.725711350667618	0.996803911193028
-0.0974007381229365	0.0386383754876962
0.491946887463314	0.338420365368328
0.324421749369954	0.211732330675836
-0.142305021568512	0.122430170309923
0.313948413520603	0.373324002188544
0.292230920397027	0.407897082191474
-0.170949639339734	0.190327684099944
0.372269355295039	0.433756230407507
1.1675583035345	1.7692866406046
0.487481008714447	0.680730072614965
0.194955364559498	0.134661646346021
0.193136337034468	0.127072511488308
1.25493344006473	1.06641522424535
0.586991024622773	0.756909086060864
0.197028246175246	0.196321899189529
0.990982994924681	2.73362116225362
-0.14644818838365	0.0997346830257513
-0.337228991310954	0.453710368239014
0.283609215110602	0.463912434820508
-0.181588060770847	0.120891358251867
-0.60491192937513	0.290190935381882
-0.0936973003438628	0.0372243353271805
-0.30779267106606	0.141394941345146
-3.76586762772383	1.4842138358608
0.601414385450932	0.314856565330539
-0.144137039360479	0.0515503896111279
-1.80127875869	0.380587746892248
-0.213543270792488	0.0687986075063655
0.617476465952299	0.325179731300429
-0.392278057175622	0.163402162916292
-0.222282150898245	0.0715311175279888
-0.60195406229418	0.288534306482507
0.162171049505848	0.0303007576998756
0.845685297886282	1.0988868424476
0.479662940694588	0.544870030592834
0.701196516384137	1.06294722288194
0.42696432591901	0.448234768028869
0.726714762363509	1.15877161400819
0.80581717870991	1.14424816026683
0.361291497906921	0.434912465019213
0.295278836262173	0.332944805721045
-0.0201015583859327	0.0152648921652642
0.181798024577324	0.171848167780675
0.137996816730275	0.12414952642411
-0.0873476353513452	0.088399323158654
1.01797699285646	1.71802389303371
0.622907607836223	0.676560250872433
-1.21423931455004	1.42192273908936
0.439977760391521	0.523255483788432
-1.13204217073437	1.69144087498985
-0.1245884499783	0.0994576520381285
-0.31521143677149	0.301521256719107
0.200211008059339	0.170454242525402
-0.301864523396763	0.328353185273372
-0.378238350332499	0.519228092901751
-0.631329121712543	0.917010561434917
0.345636868151652	0.456783020602735
0.0334519212297675	0.0295405883487753
0.828059909071526	1.1558562552004
-0.51137418149111	0.684802649633486
-0.39181032118196	0.46629812738412
0.380082361678669	0.45516258842531
-0.523313678101888	0.583181985918486
0.0600197638297866	0.0478141332342718
0.373639573247239	0.328523497573662
0.315873744843613	0.230222128643285
-0.560764945883098	0.509433973037581
0.320352909208981	0.222033051097624
0.322487845257186	0.223830051690293
-0.432706044217168	0.332788865108378
0.694195953535089	0.607694050917091
-1.26028825526646	1.36881586407981
-0.0912783827249189	0.0533974364621549
-0.0177185133593223	0.00833310884475783
-0.0986973993803773	0.0578388017623373
0.0728238240415006	0.045232974565549
-0.0263677443602517	0.0168873015494036
0.55588616653741	0.465756874652181
0.190321117588871	0.118401194057216
0.661568430161656	0.60282770050004
0.905203269746904	0.928909534351514
-0.321162147408809	0.192131317861716
1.64774993851428	2.13163056265883
1.06792550004102	0.515823496339435
-0.0164357327530474	0.00776029873490451
-0.773504614193407	0.659832263788437
0.174631929420831	0.0936286480237893
1.03588298392835	0.983328175163132
0.466178106469435	0.340010465432964
0.7037596555527	0.618707257660703
0.668604666266707	0.479506719049728
1.54712867562025	1.33742653227867
0.62463072140227	0.477034510916246
1.15757327477403	1.43644622216981
0.79719122268327	0.632591708557187
1.13859541999751	1.03238583297396
1.33838184667106	1.57791528606446
-0.621291898802811	0.55554724474197
-0.0343140688879939	0.02195044863271
0.452012903568068	0.181405788845356
0.154259314455831	0.0291924198815566
0.53471313464826	0.191636123836102
-0.070223514545529	0.0425815285927243
0.555724650479725	0.465820209565733
-0.706231168970426	0.674552337678987
0.286731366684704	0.215608833595032
-0.664560838914181	0.464263650525428
0.185280417956348	0.121547975968319
0.0844892133935139	0.0575110044377424
-0.595453208394332	0.484315921034712
-0.245443502475054	0.181753513601589
-0.374155596505124	0.255956730509811
-0.892161587144862	0.741034377175689
0.486559016103096	0.334139883536941
-0.456279315323553	0.423143745848026
-0.409629882447665	0.382346923751426
-0.451146612105128	0.584134917344847
0.531861217790285	0.635248603115397
-0.267598446161305	0.220288666433495
-0.339420210293659	0.297982248252816
0.187153191170452	0.170111990221474
0.181215145982243	0.118623447014235
-0.712856499816137	0.81918860283917
-0.564946821433775	0.513948623146746
-0.860528322000579	0.925199873946567
0.286518511547418	0.233156284037618
-0.263103467650373	0.215811472523434
0.516749372834675	0.446616044994538
0.267600235688393	0.280114135448358
0.421270982436374	0.428538785962395
0.449924457914909	0.423401251955531
0.059722214316931	0.0475590589593064
0.0105415502144064	0.00742578690115852
0.270281770211912	0.277817514626787
0.627201534963987	0.683172451030954
0.599578390733277	0.828531700423733
0.518068756673834	0.536485813400077
0.509791315981809	0.459395272884405
-0.0446946258032322	0.0337431890777983
-0.0960680883560081	0.091603717021236
0.172820773482954	0.210576232618885
0.554898660568493	0.567708409283017
0.28497430965984	0.255060773330719
0.581709419943546	0.466127844618279
-0.895860476165612	0.745303347262228
-0.0405895894657747	0.0253303147987432
0.168333141513037	0.09012986134677
-0.942786452157465	0.577671155816008
-0.599841089914858	0.28747375202018
0.0222074658655275	0.0111533348441146
0.871426289887144	0.647045338316018
0.169716305623885	0.0825768800306576
-0.474248952409659	0.247977246883381
0.314836404736891	0.217697371456159
1.46297943467279	0.914749292592502
0.194147753221603	0.127849306720685
0.76789214600739	0.853705001284821
0.411698763702122	0.341844379539389
0.478122810786122	0.440783481326664
0.482123379490944	0.330500162861553
0.687865391278576	0.790183060975905
-0.870199832953264	0.798032243803815
-0.253554272392659	0.157646418872357
0.395688613978164	0.33935451115129
0.634083131654355	0.776625506854915
-0.0153508670053545	0.0117528564712564
-0.735487418494005	0.982691248305701
0.201236582592376	0.197233386569007
0.155761490618573	0.147940431849904
0.728933277634749	1.07170251476461
-0.251048412933284	0.22634519866458
-0.465606893854945	0.493172557666974
0.209631866733594	0.19365342953659
-0.386083234930773	0.304308060577541
0.683089600379087	0.71014168234802
0.18535773427903	0.121572731631386
0.438034889347785	0.334629393144933
0.0810206292313203	0.0684737419433755
0.289487826659058	0.244306233619848
-0.618488083504193	0.552218796141931
-0.288526747210964	0.209568162013664
0.00750767030529295	0.00585112916950592
0.804903494172001	0.969461214062776
-0.375399429851453	0.294216445862711
1.53978107848294	2.30004234211732
-0.0503877141163042	0.031435005375546
0.878100659259439	0.653790751428413
-0.47261881460271	0.400212522752156
0.373849472789551	0.340287239669823
-0.261231672349811	0.214247503130733
-1.41555111022424	1.71184091749237
0.390265053466102	0.33373229734081
0.186012411931788	0.143544524557631
0.0607299090627157	0.0356500520157799
0.3390436810642	0.206743947871445
-0.118654379821697	0.0824974817441724
0.325225020666644	0.212471790952935
0.0197820247138552	0.0138043146465415
-1.25422960383026	1.35833990846715
0.637469636245751	0.489413577929861
0.632844646849666	0.690935352427868
0.290782989862905	0.228381326134603
-0.679941103438526	0.538502386107431
0.999975461984535	1.40520444149433
-0.0886509582841928	0.0518149973356461
-0.282833585076136	0.205016528806384
0.0901971480744072	0.0615277214391648
0.402803464570263	0.332890070409449
0.516634775634098	0.330023183489099
0.410878260486576	0.340992548448802
0.587393993030424	0.566329942982022
0.545689217946371	0.555471987333928
0.912539752078504	1.13864142387703
0.0547260506283476	0.0423882932979347
-1.12725353624624	0.339405023147411
-4.00750243878176	1.73046502532128
1.04272737841263	0.394268038065867
-0.767258704524236	0.332989408243179
0.174933567082256	0.0439573605408891
-0.766586272807067	0.332936802950959
0.168774858509076	0.0425819447497206
0.455810449207081	0.183121015357883
-1.07314816762527	1.02379817765918
1.04033415471618	0.393059276990575
2.35395486494402	1.17313516626382
-0.52600289340352	0.198827346212531
0.658949785314858	0.470372179643842
0.0412003644170175	0.0226157759047826
-0.0762002078299198	0.0462514893728856
0.3954587600546	0.339230364245643
-0.370049160864992	0.319826061468973
-0.382307784175213	0.262743935587151
1.06632392555289	0.514786948757726
0.688159674696118	0.321532968570594
0.164122988767051	0.0488286730136595
0.157124305046094	0.0681754043113497
-0.154887273994592	0.0553527941809638
-1.49191176816803	0.754307340572811
0.319833924580629	0.20832435301757
-0.121211443783883	0.0843733735714093
0.0735464940367893	0.0478733334326919
1.14852021107555	1.18226339065918
0.70400082523698	0.330332369285766
1.78265296405514	1.83135318323706
0.305022174922009	0.209913090158859
-0.240664974853063	0.177592103557165
0.527441569268044	0.337983141385711
0.622030528572178	0.756174330907992
-0.57600990872514	0.561829368544346
0.457349318450708	0.537976116192727
0.341507481190964	0.350460842253017
0.27901072996831	0.262606667893925
0.502323354287389	0.450886193918177
-0.329794793211814	0.233671840502061
-0.161977949600878	0.125891388930378
-0.177141848383259	0.117643239226393
1.06933494625444	1.24632960372551
-0.275543125861288	0.246140411482152
-0.053515390814184	0.0334108341394984
-0.56461891832976	0.409275687549824
-0.993217083023177	1.18130042731661
0.693229858614535	0.60662816878975
0.185379970560183	0.107887228247149
-0.535301358229234	0.338078720088912
0.190622249756019	0.131415929034314
-0.479605552274443	0.251024178718755
0.846823565790791	0.893682073369316
1.58783044976821	1.72217689332131
2.42086624576601	2.08244191818139
0.902442201228485	0.486908847367245
-2.23480711346505	1.87736870664555
0.480122980349938	0.443158760569528
1.10399556847068	1.50509282562036
-0.100925988091692	0.0400195774244027
-0.393609796594055	0.164037914539512
0.69273852140159	0.324352167091966
0.186441542569411	0.128274028211415
0.465690800941225	0.4427014241024
-0.12464079657345	0.0868998225010028
0.694665157474526	0.80142132305924
0.46020733881548	0.54229936219021
0.283496284762185	0.238406622756751
0.416905893561076	0.434842898917188
0.643511075255742	0.769117273258512
-0.151654564588634	0.117113556736218
-0.206893321605369	0.133181217723403
-0.533886511268034	0.337288210092603
-1.44071014168942	1.28514538001367
0.609995566514952	0.31966137160879
0.364908445817744	0.330311654691335
-0.493796949895754	0.450802123434776
0.394045887655009	0.178028324192935
-0.444202290537005	0.293788462596286
0.188143531222765	0.145408546031864
0.365175361873978	0.330610184087258
-0.485714776028802	0.363272649574431
-0.262422480030914	0.215399330909415
-0.232644414569969	0.193107798588542
-0.207242042613992	0.155620456595467
-0.15913560872347	0.123471352761822
-0.0443595997387484	0.0276795496607152
0.808144473293065	0.76997275885411
0.0811654743200202	0.0529737807538223
-0.378521600635301	0.357279875219166
-0.176378782442898	0.0942012256689899
0.0993354349240253	0.072985851473771
-0.0812532120483912	0.0586510061582095
0.186190696017927	0.12220319261517
0.968177453010747	0.961282682810616
0.291182984411031	0.237615911865027
1.01791363952651	1.22161403189034
0.550534462732476	0.561808617023175
-0.153917692077127	0.119025026652665
0.478666382096892	0.441584161704717
-3.72840940540821	4.80146356707081
-0.00804841199363811	0.00529589825265151
-0.78006244561277	0.789841901064725
0.189645838816079	0.130604840583874
0.299943370790537	0.227268635106411
0.619698577661391	0.581614212375591
0.614465071746335	0.664015043054043
0.434101402027157	0.348189236539993
2.76197196120423	0.768541369225187
-1.79763019308962	0.379603777700996
0.175496922320134	0.0440701137079318
1.95879552552655	0.437985228139192
1.32730125980366	0.578419193427769
0.450961924488652	0.181018370719246
0.177812920485068	0.0445891130396879
1.03791471976137	0.392024637204806
-0.339366328033743	0.0972003539018668
-0.975834125162268	0.481543430487518
-0.64560241496825	0.382670226676261
0.149199647490119	0.0648192234572975
0.531004542224133	0.190160354232034
-0.617491939447093	0.150288713008559
-0.0511735377002978	0.0223217768183221
-0.608423864277825	0.292229479017511
-0.598043819988712	0.286147751944821
-0.425535166517152	0.366006237995469
0.623951179907135	0.586746085142735
-0.221463832410024	0.167632285363171
0.590730386471575	0.475488093063201
-1.12379649940684	0.33819735561451
-3.08247559880565	0.958940682858076
0.164468653517054	0.0489167663284228
0.17351044503084	0.0436385160120603
0.527404119121822	0.188820766466342
0.174503749901052	0.0438676710334476
-0.174186211332106	0.0929047280231956
0.321739941869272	0.223143146066374
1.00781619926765	1.2020755082965
0.0628777482522526	0.0389705395022906
0.664016407368533	0.474426442068577
1.57480458171904	0.781156471415011
0.0849276238657363	0.0554864254744505
0.966959820310198	1.38514020455885
0.285279107027076	0.240081906725774
-0.779681286356768	0.789077993323628
0.0836837509497426	0.0569304621512691
0.582554883623527	0.467190754012619
-0.302333923982234	0.138875128958208
-0.0182799501256838	0.00859819146304854
-0.69881901615288	0.664949673509766
-0.366891902751378	0.368632877686699
0.279056454932921	0.233917097052091
-0.0392235447896485	0.0244758107368286
-0.558521294015802	0.403948763985149
0.1886184550043	0.117248736402578
-0.104890189659717	0.0615459196663864
0.403361734839388	0.333504680910575
0.420410478308524	0.334917398894976
1.03632030415817	0.984005911327679
-0.175309303531748	0.0936393706075556
0.297985062312782	0.225532996581267
-0.223543255140278	0.144935346123329
0.449855196190117	0.180482719429868
0.189098586435641	0.117445982322762
0.957025852492456	0.254006696314478
1.02049535795254	0.844413103338622
0.346851513954699	0.194079864955107
0.152905507940101	0.0517666814526333
0.395947245980004	0.179049579944297
-1.31627088138507	0.823080733665409
-0.169699375559614	0.112324920458007
-0.792242924858676	0.862933424074249
1.33379805558717	1.56930717832209
0.382995309410729	0.338557253240404
0.338860036562859	0.329714381951835
0.836550289226639	1.08169691469534
0.486535991367905	0.450837843116222
-0.260179645661709	0.162313054218512
0.668504270521836	0.211524693005927
-0.449647017688657	0.298128006034719
-0.779634460049517	0.514027542949438
0.744629989754982	0.624488662850124
-0.46629456300292	0.393486969632304
-0.495450709582436	0.372215318252897
-1.70955017489574	1.43314453043245
-0.52936323312983	0.333849808542097
-0.230935701386513	0.115169140321657
-0.28603337032189	0.207623741332937
-0.188737016177436	0.126002164755406
-0.526412586013363	0.43669415191435
1.00110609865459	0.821798430533505
-0.944254714252808	1.00122368043101
-0.555323972612717	0.502810054769056
0.436845867633005	0.435870296401949
1.3527943969196	1.43385550347869
-0.466910583425222	0.394055177445684
0.571517891807033	0.568918459168689
0.971762786456396	1.19617489545546
-0.121576966068641	0.0681928625050151
0.855812926087326	0.782087503040221
0.283634516011556	0.221873461099546
0.649294410833338	0.690191531660918
0.487544970552997	0.334500502788795
1.23538702560226	1.49500646668159
-0.0945426118120999	0.0553447106088805
-0.469542275608499	0.396903191640696
-0.946128090775102	1.00400919485287
0.0934521754291871	0.0638294576864883
0.278300342271242	0.240698084416388
0.657251370611504	0.597536150799678
0.30929087636803	0.224683609287072
0.547569158711526	0.558027743071574
0.714681535355766	0.722686600937342
0.0584623260183631	0.0362308627492631
0.301421213090652	0.228607736701834
1.78573215965373	0.996455593209762
0.677716162542668	0.214611870267994
0.17294827606403	0.0435260072159332
-0.624623675797245	0.151937920429117
0.158202431453599	0.0297753629586498
0.682768911730453	0.216205939655595
3.26938718630885	1.12163262119223
0.176818183184722	0.0443715906559113
0.671045597340039	0.212419421287662
-1.5094475769206	0.535248673690833
-1.02312783931858	0.403977027889059
-1.67064504961472	0.94328597344673
0.617000873045615	0.324558152625265
0.173940988172143	0.0437550114519682
0.163216121532018	0.0485245766457704
-0.338291342092883	0.0968475173314605
-0.0873598696867603	0.0347499385199439
1.11291319063447	0.851289499826538
-1.81799459045243	0.737492070536281
-1.31669796796202	0.823014706600757
-0.787176707146713	0.520129998041928
-0.0508859263055733	0.0222135438765675
-0.337318918589577	0.0966140796949229
-4.40531984194931	2.23375966733055
0.147240848267595	0.0499193503912067
-0.337924641037297	0.0968088152153293
-0.604078733044259	0.289726324219365
0.956021254579335	0.253830462538477
0.150740222782873	0.0577273386353291
-1.08455380056193	0.738719768895141
2.04159212187295	1.94665108660125
0.150567043919069	0.0653372419032198
0.908510643993324	0.491876748764624
0.187142702410065	0.134298489466641
0.480570123224735	0.44389969609215
0.510070250520245	0.324454228177091
0.594985791405695	0.479417458044874
-0.423654274328767	0.324402282954603
1.40509769593178	1.90965083826094
0.0634830925887436	0.0393617096679817
0.50384134254645	0.452673225351211
0.526859219989439	0.457862186612193
-0.562730427041379	0.407676220778372
-0.662278934218366	0.461736637574959
0.153380510069301	0.0587543815109685
-0.381379181977069	0.261999327706311
1.04272993566618	0.993031350463857
0.648342510205081	0.587044303980354
-0.0209093677906349	0.00978740670382514
0.46399396796607	0.337642172156013
0.439470956336856	0.33596493164766
0.418352539172908	0.332913714851566
0.55841169160296	0.572569411460374
-0.701413544834174	0.75878268677386
1.04541690631078	1.44464986726374
0.28167237813954	0.228533620958378
-0.335073577964094	0.293297260752411
-0.145652800664463	0.0991953624235042
0.981164153736199	1.29090570908948
0.0413662359780774	0.0309779225570286
0.291520521697832	0.246234845718123
0.427593238508334	0.436773403381415
0.619946979085233	0.672285668109065
0.523283231333971	0.637304522008027
0.51460147985822	0.549294051982229
0.444948440332025	0.446108729572686
0.676252796666662	0.700596498712019
-0.312519848119743	0.278054965661899
-1.06139604384527	1.32503948971913
0.400146061264321	0.344039186914463
0.202528042331748	0.157775618532728
-0.308291632715893	0.293497773408104
-0.261483178165532	0.163191445801744
-0.0497848602181372	0.036296535251847
-0.95966359134234	0.938900686829923
0.365315311773288	0.341434147898567
-0.124171195563995	0.086553733469596
1.60690022591644	1.75645863231152
0.292634097111874	0.230118449557961
0.184129895081644	0.114291777332771
0.0698699669291956	0.0454596653724226
1.15822526019714	1.32186368575974
-1.05310932270174	1.30976031240548
-0.283968455903014	0.205936526422035
0.871817566013464	0.6480955757755
0.521167549520907	0.451602129884836
0.195350407107621	0.128660529166428
0.402063007939923	0.332170793908821
1.76680439605899	1.38018587767148
-0.04464951008707	0.0278608115082702
-0.936966668779547	0.573037384334779
-0.0708746093306094	0.0429696515828636
-0.23075400057652	0.115233732427464
-0.285361896638117	0.2296638668332
-0.427818550025439	0.328422171270346
-0.00861762946600661	0.00566144002783622
0.524008442867872	0.335667563190824
0.651829642107943	0.591151013304092
-0.0940020640074766	0.0550205607507568
1.27514843013463	0.702952272201877
-0.519851545134888	0.196357066685966
-0.149633082955929	0.0534956551943828
-0.155171503238085	0.055445001541133
0.44246969756749	0.177341431396767
0.151529121377974	0.065828989537309
0.533874851755615	0.191264906036687
-0.235205322084915	0.117601890621461
-0.784836787111881	0.518156987868098
-0.313980593115007	0.187190263495007
0.588561127383066	0.473389420482714
-0.0526221297844188	0.0229464058443121
0.164276079812026	0.0798177960946877
0.531792398841061	0.463406371258511
1.54191279222088	1.86853817326262
0.393057856190724	0.336676963488096
-0.312859078435579	0.278403868121348
0.0590780381435823	0.036601304478141
-0.941138175889892	0.57697543295349
-0.483800988971448	0.254048964199516
0.346582440254098	0.194331835623977
0.807557379941286	0.643712642302343
0.87106755692942	0.647610150661806
1.04678966191821	0.998242550453975
-0.245457212727166	0.181727483285345
1.77688104542571	1.3940789746918
0.575775953674663	0.460203843852167
0.0551181027973039	0.0341538200597795
0.661711438679973	0.603345992813336
0.965652447067187	0.957380833455179
0.461882224145594	0.336185801260912
0.177003235390485	0.131259128902935
-0.0890685952243207	0.0520756256339566
0.184287888250782	0.120817034708577
1.54104773615027	1.86597355481472
0.55509526017502	0.568053005827898
0.275911086008812	0.245543087148817
0.690340602952741	0.794147887321606
0.516490019297918	0.329766753072557
0.175651448518502	0.0943024164813707
0.185731889802967	0.115330761882276
0.8246835121371	0.346242205210298
-2.1044927700157	1.60922621386079
0.732578544641433	0.487393425685265
-0.56476312526208	0.40978237078365
0.417670807162165	0.332353095827206
0.608789235372065	0.319496897513599
0.16591459488753	0.0806450085853045
0.618050327253683	0.669178756895355
0.617440440027239	0.822672631089799
0.681082545868553	0.806437701918363
-0.308143900694556	0.293323443363053
-0.145201286811817	0.134742609959146
-0.513778797565165	0.568745806241583
0.755886798796705	0.835128474255652
0.419633829166846	0.334304009104792
0.527497379248529	0.549394984016043
0.385635446039808	0.341307982768896
1.10504075859212	1.50821008110263
1.16299008827154	1.44649382292486
0.0391952000660965	0.0353351277345561
-0.986448618024118	1.47527833030797
0.0610948719954018	0.0568675019255526
0.393619068417645	0.414897148894283
-0.18544555516313	0.123653048441927
0.505134773179253	0.454020460137157
0.0750713538904221	0.0645539583861906
0.216277233586874	0.214433288950439
0.186792795877752	0.108778348059211
0.175855759921757	0.120320726495309
0.402559784474045	0.332751669320157
-0.966294441981822	0.948894815552251
-0.597212119727125	0.285807543451918
0.397589917162397	0.17962908279386
-1.5360117360526	1.47337677339991
-0.484652094619214	0.254311639904431
0.561849120895626	0.328439654887286
1.45718097683641	1.6622446792892
-1.0353975451398	0.827752144751454
0.551964658052328	0.461430308611933
1.95452083892553	2.70927370222101
0.926999033981273	0.809654169270822
0.337081622592018	0.20577494938884
0.161546080717326	0.0785368238361855
0.562716342004583	0.329064208373856
0.308650384944246	0.234834228579812
0.928179687930509	0.811512394972849
-0.97349534354217	0.959233056396965
0.650963973586801	0.692682068842163
1.0455288712852	0.996090446321742
0.407986819579917	0.338206744289355
-1.33572452659892	1.52923023590961
-0.316567869202574	0.189052580018625
-1.82098214686745	1.65727452689073
0.554558666625341	0.323510746717692
-0.306937866263386	0.141037565321598
0.334015778211586	0.203305037501869
0.185498552016492	0.127555968995871
0.186466057985156	0.115738066817485
0.466375664401441	0.340164967126394
1.54814601154035	1.34026276871886
0.520426454950267	0.332888648100193
1.95879552552655	0.437985228139192
0.556688934937848	0.324482726456165
-1.08392875178734	0.740037170751232
0.15357905718361	0.0520023014569825
0.526040957349345	0.336948596801157
-0.446284132552019	0.295414746259561
0.672311207098363	0.482859409063076
-0.0454266980822429	0.0283316370837713
0.519420601712467	0.331753716918698
-0.306197626869805	0.182009664202643
-0.601802116037202	0.49079159831173
-0.260273166551831	0.162205580695962
-0.084442042337695	0.0493090569166508
-0.207670150360275	0.133768795176863
-0.179546986882075	0.0960109571567396
0.725543818777528	0.481793039346714
-0.216981245864118	0.140353793626001
0.285397972498605	0.232092293867493
-0.155248129448678	0.106155251830375
-0.24189736996764	0.178722289483122
0.46060867301498	0.335124770987957
-0.209221090163821	0.134809906291776
-0.52449555504328	0.329864556088194
0.653018243978878	0.592557823212605
0.759608840936505	0.74839633630043
0.713425671118295	0.471384407753405
0.0320885470606697	0.0176655509046215
-0.875825450270168	0.805506462453052
1.15660836510658	1.43315535389141
0.842418442408617	0.887093629553561
0.772153545416032	0.947365359828482
0.156400746844732	0.0759627292812656
0.549806367466901	0.459377796654209
0.196288172670343	0.157294065166241
0.184694690344106	0.126935533121331
0.423130171400224	0.337594313939465
0.866159902980649	0.795467481664625
0.181157214161388	0.12426730472087
-0.0491861562790663	0.0214937707530699
2.56094361668299	1.41710945477784
0.705768006505949	0.331206174268173
1.57802507560287	0.783680554981409
1.10793540066809	0.844993905605297
-1.03567585816324	0.826628643837352
0.367973393575476	0.186330221449589
-0.378310779704089	0.259451688369758
1.05559770663551	0.508355465490607
0.397681307136578	0.179557958278392
0.185207813127969	0.127334195552625
0.857716914175431	0.784202758737409
1.33148644921435	0.580580180008122
1.56617800963561	0.774992126255568
0.38618019183736	0.329489330727795
-0.146388253508021	0.0523841154261225
-0.389223495209093	0.161850972842159
-4.72350346733009	2.81323513890677
-0.00774690463969235	0.00510687475167947
-0.612437132619954	0.544731764422108
0.909089505185018	1.13175143625168
1.08854115471391	1.37971791411048
0.763331083002065	0.846975400030481
0.763178760168542	0.752845054716547
0.526571184576376	0.188493803820027
0.963417924949094	0.656581741727799
0.374574291386029	0.190209147119441
1.27967476581191	0.70553219604957
0.366658257339584	0.185537745553289
-0.331408944787068	0.234908896642323
-1.02359505626631	0.404284816719155
0.400063806547104	0.180875678521699
0.803530791458876	0.763752412351874
0.739744312859771	0.618547898657644
-1.33734103461579	1.10454278234967
0.324609747489622	0.211886586700019
0.0991596156019028	0.0704387433953942
0.100004787679353	0.0735105240555003
-0.701251046575893	0.616778910611344
-0.100692822106726	0.0714951695237061
-0.676409402996801	0.534350336130652
-0.216361599931444	0.139917768560652
-0.0971605215324575	0.0688689027727651
-0.471918219780598	0.465191493944718
-0.159165480150013	0.109088811792917
0.189554296600093	0.151380646722268
-0.250524882531416	0.185963212285522
0.193330771083101	0.133438274394093
-0.433920946496341	0.333901679576675
-0.0525191506842244	0.0327825062987458
0.417521824077585	0.347697850036017
0.0546085974255697	0.0320600968829394
-0.320103636892159	0.225617986492513
0.844202201397203	0.889347177125987
-0.0989174918247254	0.0579395870406078
-0.299989701554532	0.243617945332605
0.557471116831767	0.550031310064177
-0.0604944695155945	0.0262858288395766
0.188342584392385	0.150209721484458
-0.301909210959484	0.138662891155211
0.0399255395440754	0.0219287933161406
0.339961648037463	0.223505377831686
0.0664634447353486	0.0412325516654372
0.0423573127671521	0.0232562367389504
-0.476310092321169	0.403999989032467
-0.429249446908521	0.329765505042091
-0.217235738977153	0.140492400782402
0.590244538040422	0.475141569431505
0.436370961852619	0.332995767468231
0.757360596362207	0.837554462396252
1.04577073722875	0.395582052714565
0.176818183184722	0.0443715906559113
-0.619895187822925	0.150839789138775
0.675232747867266	0.213789953820415
1.45750864016971	0.482642955020513
0.174503749901052	0.0438676710334476
-0.715646834778114	0.244453295526364
-0.149109006987793	0.0533158375998453
-1.51336055363438	0.537061579976289
1.46067242606004	0.483688692701864
0.162338925211519	0.0482955049730846
-0.338896474896558	0.0970421752101679
-0.51848078257601	0.195849342036414
-0.384039752474007	0.216223645619125
0.344055891683509	0.192688198868896
0.010599549565101	0.00542910721955403
0.187192232043078	0.10903278397639
0.159251072645633	0.0298673857617753
-0.216063671871124	0.0695794401283131
0.671045597340039	0.212419421287662
1.46654605141329	0.485981855384374
0.822513949918738	0.345096883744715
0.823642509432085	0.345787097083453
1.28145307620796	0.707153534209762
-0.989567078931314	0.885257092260688
-1.07427563010812	1.02477111563587
0.517334424797584	0.330407041957047
0.561284489635215	0.328256935741503
-0.765918596168096	0.332344936277861
-1.12669343566207	0.339109154533815
1.07334973872896	0.519110875769603
-0.0495902998972381	0.0216629705157936
0.176818183184722	0.0443715906559113
-2.57472877667238	0.65760345889815
0.163161259039589	0.0412993244326861
1.0602775657925	0.510872750016608
0.371736224441897	0.188572650576854
0.466490507119988	0.340252867668175
0.88060996895809	0.656607836313935
0.808955442952228	0.64537082990769
0.60883995067443	0.319420310207779
0.484161008207274	0.33196750177401
0.904129110462715	0.927499611786198
0.645225495285056	0.684133362157508
-0.946214864560229	0.580590711468436
0.196746705967137	0.122643338500052
0.200383688774191	0.15595358293576
1.13249384469746	1.02333082160339
0.326624964040511	0.213226426670703
0.379354564131809	0.322254728722024
0.307506438542817	0.223138986909809
1.63492233973009	1.15335881937691
0.400374790825493	0.181041307682764
0.954564259091026	0.253482299647149
-2.28569563487766	1.1528508847122
-2.22742760511874	1.86355064309692
0.184315313456096	0.114370019283669
0.332625709854658	0.21804176065848
1.25029344694773	1.22996752961376
0.969612756912647	0.963373521677684
1.46265753359042	0.48460907431551
-0.210168284271683	0.0677482558829903
0.906678165839764	0.490089840090147
0.161289794098942	0.0699897521400381
-0.915072368649817	0.667972426511232
0.0431937476685279	0.0236844522310247
0.371683018677188	0.1885359472912
-1.08304583506026	0.739277435517565
-1.32268524697251	0.829749141493256
-0.3306072161673	0.263269417648197
0.799193658855511	0.481333039276677
-0.00830718592484753	0.00405764298602306
-0.482204223607423	0.252937951588087
-0.4281113116935	0.32840649512229
-1.62723378985552	2.25721963643385
1.32079168373714	1.69534067939816
0.0866628859633863	0.0590165963427639
0.659412630637687	0.704616854897307
0.580861864199175	0.465274112490149
0.664212988968323	0.475099840550789
-0.231476551942887	0.191914980906731
0.691223285655085	0.604226433031833
-0.998288915867412	1.19010518556178
-0.0235585271877909	0.0151008095973544
1.16760091269131	1.45529778695241
0.479629168100413	0.44252725685725
0.188904666102424	0.135779179233527
0.485701894429653	0.449834704476164
0.0112781568473869	0.00574068420543467
-0.987895423135384	0.883275985449394
0.361252473760398	0.182782146591403
0.0368188035239821	0.0202094665622843
-0.0180628225008342	0.00850135978199897
0.394897738283462	0.338603682104832
-0.0296831018880328	0.0189936642706479
0.188181241997541	0.140435706868718
-0.321423126572304	0.226685761192999
-0.0409147231468247	0.0255336342376379
0.17878627242418	0.10374800746138
-0.392131345598796	0.343389193021678
0.110909322435794	0.084536473392172
0.186269995576109	0.115694232418341
-0.143194686607317	0.0973784923922413
-0.274806908847255	0.198317301322329
0.011689342678983	0.00821498469643666
0.285758693551837	0.240526854390793
0.191920941266596	0.138171124622654
0.700871420223555	0.615644438290054
0.172209083732475	0.0923867593616199
0.804058366302072	0.64063257088693
1.04033415471618	0.393059276990575
1.83009713438939	0.715173729277155
2.75805496536761	0.766752929661107
0.958855818540361	0.254543321351908
-0.724381910046542	0.247676943012395
-0.0978550297863506	0.0388181313798155
1.46498308680977	0.485505347800691
0.960305402281055	0.254935680101795
1.83536533888649	0.717440027680737
1.82719449155949	0.713494970764503
0.162622561049093	0.0484009930995383
1.24351347581934	1.21963636733519
0.164122988767051	0.0488286730136595
-0.6436822366453	0.380989735358482
1.46364987732708	0.48479584486453
-1.7975657981284	0.379599665892429
0.951724523631597	0.252769110062367
2.76197196120423	0.768541369225187
-0.220849649046566	0.0710925897619741
0.172223255009213	0.0433240097489323
0.824451710034132	0.346189076295124
0.800412117434422	0.482992352675612
0.584559165385995	0.469288304205284
0.402649573875969	0.182175804543789
0.803688160615894	0.48554909611132
0.169276668042905	0.0502222390274525
1.46265753359042	0.48460907431551
-0.3395018260887	0.0972061822975938
0.818422599411602	0.343294101023506
0.40415311010784	0.182977800272853
1.46945961132821	0.486963363732961
-0.617055950695462	0.150241664375452
-3.45284250285449	1.22194559695964
1.0418455851348	0.393863567086238
0.867181665656184	0.642892157011293
0.407153738489131	0.184509458221359
1.04238992078056	0.990645523942734
0.802173147233389	0.637983465851208
-0.986165517449301	0.489076263495754
3.26835783601252	1.12163011968705
1.83223894779093	0.716336716062103
0.958855818540361	0.254543321351908
1.07307532440518	0.519086756191094
0.871285587035445	0.647628697665529
0.861633193723507	0.789511049655469
0.180396304903274	0.104784037126068
-0.0335499520778627	0.0214621532962917
0.175657210770912	0.10189022043727
0.664177126660377	0.47523140687283
-0.906599110737073	0.659793220689878
0.0133760918367017	0.00682454744475927
-0.595661482086871	0.484168133967361
-0.265385070227029	0.165851967909894
0.972376392346549	0.9667398519863
3.64508196443781	1.43367348655271
1.78107039201743	2.53800248867876
2.36411949181154	1.18078782030407
-0.624183598429151	0.151840837481169
-1.27921080384965	0.575371363655879
-0.941138175889892	0.57697543295349
-0.640063558502411	0.378619540365194
1.03866704617072	0.985891923367221
0.502612390185573	0.4509773645459
0.940310400086123	1.0632180307105
0.306054972247117	0.251677146272265
1.03729632748488	0.391751460326444
-0.0226987328264758	0.0106042077930404
0.533034126671957	0.190984669183042
-0.675298583261517	0.533720114431467
0.168739726587881	0.0820852039273271
-0.719840487055064	0.245972653044846
-0.384175739742825	0.216387381096458
-1.03334405104813	0.825292771927785
-0.130667918277739	0.0735063674180934
-0.25364788632225	0.157746524413685
0.417812157753163	0.332284341803332
-0.176665506151062	0.134571618295895
-0.00991078284802205	0.00649194897773727
-0.165005658746608	0.128484313024804
-0.865426837597365	0.865459577511489
1.04358366358188	1.35705736389533
0.00709239770429259	0.00372879852911202
0.454932122074353	0.444566525829777
0.488383082740044	0.5429933519077
-0.557948085948693	0.506057352957413
-1.20052592031788	1.3980698358423
-0.988893904936422	1.17269448230509
0.360387987785736	0.345778398770206
-0.149542928843459	0.102038908364586
0.109353726702873	0.0832907655652707
0.291710339435752	0.219982375047746
-0.997660823815869	1.18939367216282
1.37821658802083	2.0000012175398
-0.11343509164038	0.08991656362621
0.00321408978935091	0.00234207418180915
0.0674025166584377	0.0564805964452761
0.0420269307846492	0.0314811016689886
-0.895193652076227	1.18583683618057
0.0337786423835471	0.0252521169133487
0.831308697934337	0.975704043956027
0.304529351789432	0.241047005945134
0.191696987529939	0.126109544819659
0.176859358695954	0.10946030176418
0.290749289017673	0.237097684557061
-0.523760228299173	0.514672089870341
0.451905173017418	0.440796070906949
0.570359980043069	0.660632828790109
0.387856211212372	0.331204881295036
0.364883152589401	0.330189192835156
-0.619875633072006	0.55381235247285
0.581543678853169	0.658268749745395
0.182429134409217	0.135733459284431
0.15823182603157	0.0297179405544109
0.532792572738207	0.190847845049574
1.06983533628829	0.517183639033184
4.18170057785173	2.00511479061407
1.4655515469736	0.485738470948645
0.176818183184722	0.0443715906559113
0.153830475350601	0.0520893555087474
0.553790371925404	0.322929249316
1.61849389939784	1.13363576103099
-0.781174773057059	0.424812020014943
0.533034126671957	0.190984669183042
-1.7975657981284	0.379599665892429
1.46166504880046	0.484245680586438
0.154259314455831	0.0291924198815566
0.678685727410979	0.214982042405379
0.159222562374348	0.0691147103012132
0.450961924488652	0.181018370719246
1.32730125980366	0.578419193427769
-0.232014787123655	0.115769806963663
0.612448749239939	0.321529640814197
-1.12725353624624	0.339405023147411
1.95793128711136	0.437766051086387
0.168354166613062	0.0424807140134561
0.532196819047093	0.190683131950839
0.155456144160003	0.0526000219263186
0.800456440503794	0.482194645846871
0.530762262945688	0.190122868111177
0.826303509191986	0.347049642188201
1.4655515469736	0.485738470948645
0.313520008925809	0.228162648401456
0.18361400865783	0.120346082398209
0.606302368539194	0.317845901462891
0.402876043736234	0.182215246779973
-0.428707172136795	0.329299268900494
-0.0205580303944375	0.013210887216163
0.565856038819171	0.561553630721624
0.0651434057959917	0.0403959314674273
0.323808063101522	0.224799547326934
0.289087684124157	0.235523059742531
0.496581448535627	0.44416729789713
0.80210098245966	0.963758804210247
0.45057670047309	0.438947117520294
0.0934625225176193	0.0638376772529021
0.0120363481718021	0.00800605445311637
0.715467250913821	0.724069287258656
0.865916057490152	1.1963317176086
1.27527444013123	0.701986201756967
-1.81705516328656	0.73681238944662
0.163216121532018	0.0485245766457704
0.156769584505087	0.0679680090771375
-0.444937392022997	0.294003821641287
1.9893573395699	2.35953183731087
-0.386264646110368	0.337207610656781
-0.101753091294368	0.0722658787487246
0.87366393201884	1.11142632954375
0.110251373901557	0.084023894210766
1.15205667605948	1.18819677210114
1.02265450141513	0.847315182126382
0.162886323442369	0.0871536664248163
0.827869862391494	0.347914518409003
0.730154732372111	0.485259538158459
-0.0960635355505246	0.0380801407149275
0.535308159768992	0.19186644934071
-1.4640288660276	1.01852127760523
1.89896515519228	2.11615562145787
0.516841944074663	0.330024458705885
1.31684860988117	1.68780897344353
0.665590096778347	0.475895774387592
0.332769814373753	0.217974977817802
-0.0648343746901519	0.0392807012974565
0.645058205056913	0.772099431455055
1.1058345465422	1.5096010781598
-0.469467571888296	0.39686762242355
1.30901041241917	1.81015623887861
-0.0253724553186617	0.0162554018743893
-0.125470962119787	0.108851053724177
0.0994682752477336	0.0730953526285889
0.306832790985877	0.222664491169911
0.0754448540950022	0.0468691198613532
0.104863915334753	0.0746905767991428
1.05427286985043	1.11852103433351
0.661225722041886	0.602788850516254
0.681693538845663	0.807439516716111
1.03022128973867	1.62334021050729
-0.770188040075663	0.97369233187214
0.626533945820183	0.590212229491501
-0.460736120397262	0.486520778094722
0.199590276354152	0.160319081175301
-0.699364463597472	0.665610004515818
-0.298508339739956	0.242242440370847
-0.191431118301879	0.162868141849358
-0.433148331204282	0.333226397686013
0.326853612687791	0.213654952373318
-0.1072485871072	0.0763769483243449
0.28218144246778	0.259251843344173
0.200368450969945	0.161059527987834
-0.323026084707611	0.228052831551132
0.715894243371798	0.724447005307981
-0.424923289882545	0.36543623092705
-0.408308883140109	0.380855231039592
-0.555791096274286	0.503597949094794
0.404480000571245	0.334616686540104
0.669467631715225	0.211908752948447
1.45750864016971	0.482642955020513
0.580632865633829	0.465039192069823
-0.228020669711813	0.113686978794532
-1.28193542702817	0.576865027662566
0.155913299008795	0.0676212095555359
0.674624067917918	0.213658555919133
0.669467631715225	0.211908752948447
0.172385921068679	0.0433875285709768
0.367160373687852	0.185836089557344
-0.173854344682872	0.0928293716928907
0.695505124799318	0.325423465504154
0.556821910448154	0.324599854120234
1.46166504880046	0.484245680586438
-0.102206992537433	0.0405182533193162
0.165029690104099	0.0802733271163453
-0.621333103088639	0.151104040920032
0.166237072413587	0.0493846591201304
0.15823182603157	0.0297179405544109
-1.32174501305663	0.826839021629185
0.397223204692072	0.179389550099996
0.150960388573741	0.0578814141488162
0.374574291386029	0.190209147119441
0.152346609586538	0.0515961830574703
-0.150478601161076	0.053750303379393
1.37328913500243	1.27426526906036
0.699855145978513	0.328249600005967
1.46206486861711	0.914334307401961
1.05057733179946	0.397426127671897
1.04820337717753	0.396233859144257
0.962941959517666	0.656131797864151
0.149306636120966	0.0647638199880352
-0.376200077967306	0.294934402627441
0.169700372378065	0.0983655336079169
0.400595589939198	0.330691994571284
0.184945358962185	0.132623978596807
0.588709481095143	0.56799869196899
0.879445167640368	1.12194337651631
0.283263144766156	0.238114033697468
0.300735458490623	0.237532292909891
0.180095040895916	0.117850887549257
0.105780614433412	0.0779778528403829
0.749951986286324	0.735187217810568
0.284027932667121	0.246677161581527
0.42035832805415	0.42747164634934
0.399162141622288	0.342987280337104
0.331679012863652	0.217301319704565
0.192565661290483	0.132849522091836
0.146519551878473	0.0635897196076693
0.36292315036492	0.183617881459717
0.551930772790696	0.461669794002249
1.0433448222306	0.394400438672122
3.64204563210395	1.43174087144813
2.35616441570175	1.1748347671366
1.33124526814043	0.580684485642859
0.958855818540361	0.254543321351908
-0.327511655570981	0.231802681386378
0.16591459488753	0.0806450085853045
0.324586285296712	0.225410032216361
0.709820762035479	0.715943338693105
0.370655652259379	0.336651237824876
-0.26205239404885	0.163608698329126
0.295653783121512	0.266299393869796
0.633923941539295	0.599190499622521
1.38233572533173	1.2873391742411
4.39234644912866	2.2812020125405
1.57904192715134	0.783834849070673
0.0310244854212108	0.0171067337836801
0.293551015220351	0.230952396346678
-0.517264023236703	0.195228260106643
0.720794578247088	0.477801312138002
0.188941093362149	0.130146390802597
1.35221900672466	1.43225878586134
0.179435119056713	0.111177240346081
-0.214033369661444	0.138278896543043
-0.474204939716352	0.401888760732827
0.299615507909322	0.236430506225604
0.301687347355491	0.228816732796477
-0.0868599554268607	0.0612532630287702
-0.645399595269031	0.666262366735271
-0.229941004955292	0.209206169543273
-0.29297110441703	0.236877823434955
-0.444101118313607	0.293586919515721
0.534753209247797	0.559539333817334
0.0929417785878797	0.0680786913138155
1.23561114287143	1.85457688543909
1.48169428074044	2.48109883324392
-1.41726733263524	1.71470193629198
-0.673819855464636	0.784193026437694
0.647705899767658	0.68788230539211
-0.260594943283369	0.213554742730403
0.71165407993002	0.718548673316291
0.0289382726867015	0.0159836578818212
-0.191150819462666	0.162641453404736
-0.285194217999918	0.206999406275876
-0.240756769267998	0.177795071261892
-0.709554398602075	0.771505508101613
-0.465168036991992	0.392315335589636
0.423017978929124	0.337366560568798
0.278865362412108	0.275635496761936
-0.516555230517229	0.426374434989776
1.79848237983052	2.24439349494646
0.308758379634533	0.22423525417842
-1.08992451745035	1.28457829666911
0.482890743103342	0.330872890760266
0.428530973308469	0.438166643998826
0.456561512546179	0.431187843817294
0.959294652844364	0.254663957360155
0.677716162542668	0.214611870267994
0.146519551878473	0.0635897196076693
-1.67395601600543	0.945887428047691
-1.21508983329609	0.916748937138678
-1.08749602781121	0.743760848635298
1.06321464476731	0.512987296746834
1.46265753359042	0.48460907431551
1.83106456718648	0.715380743752126
1.96141436018454	0.438711417164155
2.76489171529978	0.769665555456845
0.16934280349587	0.0427080042196444
0.166720415470591	0.0810353121487766
0.348288565334545	0.195325820539256
0.402649573875969	0.182175804543789
0.676558588301015	0.214207370803977
0.689835000467525	0.322426386432736
0.159042375477486	0.0473891494040675
0.173940988172143	0.0437550114519682
1.3374657462467	0.583961413896269
-0.717804035722151	0.245206559878684
-0.521912878875566	0.197148993615427
-0.150196998613523	0.0536857002626707
-1.31907201585262	0.8261755501824
0.164122988767051	0.0488286730136595
0.157316312063474	0.0531969082099052
0.959865181244613	0.254814612498812
0.655867739412211	0.596214299267029
-0.218053484244187	0.141122987854788
0.961234532494008	0.655540752079687
-0.517006318957255	0.195147442742932
1.03642094901871	0.391350967824649
0.153016180557848	0.051821004050093
1.57722144544452	0.783207973163534
-0.588774163265369	0.477028547709121
0.186190696017927	0.12220319261517
-0.129947811770762	0.101613706871498
0.198971718350825	0.159775633183541
0.755635215882278	0.742396220438746
1.08285048271108	1.3680856656595
0.444893938097276	0.341087127909
0.890458169428882	1.03070199873543
0.723567271112799	0.735079764648555
-0.0533452255300742	0.0397121986240652
0.310473152292647	0.225684125930416
0.100890221568027	0.0741696641285291
-0.706111160425853	0.721877424297571
-1.0212810607867	1.14446988128736
0.486887867979587	0.333961910226138
2.30356122078914	3.97099801481842
-1.80706233681174	2.08447498175415
0.92566556732503	0.808374627760614
0.378229457141976	0.333292415628847
0.00890145155068947	0.00461834965445894
1.14714312469274	1.18006915057491
0.72222211657809	0.479082153216636
0.674491966739474	0.213488272769245
0.359514898019498	0.344810172728366
0.273267469483278	0.275310736802343
0.155654248259732	0.0596277325693144
0.412492797397714	0.187075778825599
0.152627502766436	0.0662365615288768
0.55913219681155	0.32684498494534
-0.557885542947659	0.403381502064174
0.678327026073525	0.214743904761834
0.403783130105455	0.182748388344599
1.46225097333119	0.915571294161509
-0.778583745700632	0.423527624355265
0.146375004827764	0.0561236835186149
1.37587468605755	1.27897145266372
0.164660937245949	0.0800110737265854
1.54308415271264	1.86990162747443
0.590242264605758	0.570212189664235
1.03428658065585	1.33945768169054
0.644171782749	0.682449813913522
0.339915529281334	0.207640359369407
1.09871758137104	0.679146307061834
0.153830475350601	0.0520893555087474
0.0321376755412332	0.0177316471600339
0.661088044158882	0.472369773701118
0.898329645901624	0.918902067271075
0.657149657652102	0.597792885454029
0.904474092013576	0.928277593928828
-0.478364582789254	0.250448696614165
-0.0312113686902943	0.019961291875542
0.505563709234138	0.45448111482536
-1.41498854810013	1.7103929392186
-0.684384040935959	0.597040003431888
0.497570017136265	0.445442528765558
-0.189405847976248	0.145395610367542
-0.776873953986169	0.726899127863752
0.742901171344052	0.622218758796817
0.48858241153891	0.453294639766331
0.349485409598155	0.369360046432292
0.730959243077568	0.829524451488549
0.780281582281451	1.04297205606362
0.472559536501099	0.520015152625921
0.0791980899893772	0.0516618186821023
0.188935044489391	0.13579003511543
0.292538653278687	0.23004417647753
-0.295126060828143	0.238944423067225
0.361770684625219	0.337374509750582
0.394287547054903	0.337894922441927
1.24143223800971	1.36900933952282
-0.0424020180409927	0.0264525984145941
1.15717127158835	1.19506877944298
0.941934367530866	1.0661836999004
0.760711568975938	0.926997975856496
0.191703685538386	0.157902469587926
1.15931146442667	1.43928511496255
0.517720213801932	0.447974852859924
1.05794095437052	1.12437963537493
0.580292711885011	0.580419979503844
1.46398903776532	0.484992681122713
0.17294827606403	0.0435260072159332
0.830708747567441	0.349113820427009
0.681797110069949	0.21588345629796
1.91292533430926	1.6590457972714
0.17351044503084	0.0436385160120603
1.33148644921435	0.580580180008122
0.900842113905768	0.486741032196826
0.824451710034132	0.346189076295124
-1.12435877083653	0.338493350823416
0.173940988172143	0.0437550114519682
-1.50922180218546	0.535188573690381
-0.343686146411719	0.0983921171207581
0.158426007238141	0.0472279903538101
0.153371638041646	0.0664943743496965
1.3329197605053	0.581616348611346
0.158392471401152	0.0687439733534891
-1.16482839508746	0.652409639803802
0.952729371406254	0.252945498225285
-0.397772997793488	0.165887368876099
0.664359516967403	0.474744084618898
0.340930489801264	0.208195113444315
0.451765865281851	0.181387363507285
-0.87058730416208	0.872390168822971
-0.0944036040363931	0.0374576755555379
0.161924882732393	0.0786010022538368
0.531600808944957	0.190452833446827
0.158202431453599	0.0297753629586498
0.152091745076616	0.058303259828271
0.533877616113606	0.191258268949281
0.150418633256143	0.0509413584157937
0.528751209173806	0.460203550075602
0.286775149972892	0.233439595884799
-0.0251430354337262	0.0117096643646703
-0.491086893834929	0.368123370922964
0.424887435319486	0.339232475399535
0.61879891518835	0.58031060733253
0.654481712358937	0.594495096558748
0.28938941857389	0.235785582120984
-0.377378504842008	0.258668617112451
-1.17420122192709	1.20065988635544
0.179309371669772	0.111063379090764
0.460352925845928	0.451284832399344
-0.252763394679866	0.157158150831381
-0.542153175633688	0.566814733372762
0.859568106700008	0.912535879134094
0.546189552151754	0.556063896931409
-0.878274469284884	0.80865614904734
-0.618204089283576	0.551899783596611
0.436622688521048	0.35062043495779
0.691267013107301	0.604272286270314
0.45430344137572	0.329375703797587
3.64204563210395	1.43174087144813
1.83259355517544	0.716473450995655
-0.222624406519452	0.071676838791264
0.157971563808893	0.0296806747786729
1.46109938210879	0.484014060767982
0.0420391677989644	0.0230800667462907
0.195893504270565	0.152001719489859
0.281937028199897	0.251887764712244
0.529168365874835	0.460676041424137
0.0691445176152295	0.0449614103810035
0.313056461355703	0.227717590090844
-0.105082760952367	0.074756264990285
1.01278376595765	1.21267888702996
0.0721683494320186	0.0447963726778338
0.714558397811021	0.72278301570524
0.532196819047093	0.190683131950839
1.09332991238703	0.674497291421782
-0.0974799324302441	0.0386746458615092
2.76197196120423	0.768541369225187
0.826816090554278	0.347389878556976
0.960305402281055	0.254935680101795
0.15874103713224	0.0608274735126902
1.57380699802241	0.780349499816827
-1.81827955350507	0.737738285564138
0.689942742129711	0.322629931039908
-1.03419587099555	0.825307744575548
0.819789802467897	0.343878443922083
0.168739726587881	0.0820852039273271
0.389706234457119	0.345892458427777
0.183883764865457	0.113968125102073
0.468398843612814	0.341680069904734
1.23700063402341	1.85793493147585
0.802886707695315	0.484923765020115
0.959294652844364	0.254663957360155
0.878493765376673	0.654542919140404
0.190558580634	0.12528902184632
0.406657699407428	0.350814623944161
0.672827005054931	0.616414262255555
1.3176472810385	1.68991442323408
1.03091621428794	0.97586105188353
0.341162267146117	0.208678613186952
0.319329616554885	0.221252499197793
-0.28250553705	0.204748853180029
0.193570613912901	0.150068915191813
1.14723000754396	1.18048446092799
0.295076707266761	0.2323200601995
0.852620456257451	0.778139317997573
0.516984647308226	0.330254385760517
1.01060882667261	1.11873078358185
0.186015708944706	0.143571071925979
-0.500618794829753	0.458572393687668
-0.234522987130463	0.19475089720957
-0.0907951331623026	0.0531076657101376
0.299280684119031	0.226698584377863
0.69709203047898	0.610657897201446
-0.075027881060699	0.0540135149481914
-0.218800873604378	0.1654278776363
-1.17709820264876	1.2058347243299
-0.298902630534452	0.242585054976409
0.374370651120749	0.340779604380703
0.439154033370195	0.335642244346208
-0.208785164697081	0.156951008603838
0.308787294710422	0.212806114174905
0.617758607559066	0.579026488187099
0.0618753991138639	0.0383368617598671
-0.0787134868841827	0.0567633697100081
0.714169257261455	0.722202831278562
0.316187660933117	0.230413510589131
0.963250549841922	0.954143044906983
0.960305402281055	0.254935680101795
-0.946637236728753	0.581297709607687
0.613285784116661	0.322131299994541
0.347764192111155	0.194941510301172
1.0444887245408	0.394848386181826
0.956455214607419	0.253949648163622
1.33975737931465	0.585056863780139
-0.766443517958815	0.332594018875036
-3.08160228540496	0.95864568534502
0.159251072645633	0.0298673857617753
-3.08160228540496	0.95864568534502
0.159427096639406	0.0610422852069176
0.446384732504796	0.1789536030377
1.03791471976137	0.392024637204806
3.93198447308087	1.71970480916132
0.701523986689065	0.329031287259273
0.161460812920862	0.048044569646078
0.154259314455831	0.0291924198815566
-0.146671241838456	0.0524820954965394
-1.32004046414612	0.825830436079713
-0.385070699132354	0.216974509465629
-0.0112555433968782	0.00537340624168438
-0.222954407834207	0.111083083531107
1.2834646149247	0.709293220540479
1.57404767215904	0.780807377405224
0.530762262945688	0.190122868111177
0.964894885864099	0.658343999825464
0.863938115577597	0.792597378244138
0.910024942253555	0.936037636820135
0.614960791218191	0.323245454163855
-0.149390704801257	0.0534113782231424
0.157007711765635	0.053125881526133
-0.605291505126369	0.290343566368734
0.325655579577022	0.212734927609815
0.312632628508467	0.22740942818295
-0.492894474422401	0.369979823175151
0.610882522797116	0.320970485203162
0.622392234410746	0.584422976805817
0.342341692432238	0.209188105953172
-0.181315789051315	0.138549678860974
0.664220601084013	0.606351273021459
0.285896638137283	0.240758492659342
0.462882902931564	0.336820018617532
-0.327460563156415	0.260418966180101
-0.0480088083737375	0.029958420163445
-0.446921717530787	0.296042816447886
0.685461078174357	0.597220555288503
-0.672072576715803	0.530210035143818
0.188234051349773	0.140480520071367
1.27267294206412	0.700658445267127
0.519186735783889	0.33189518866596
0.718157904848971	0.474939292522345
1.79213392047111	1.00224944453878
0.157819787360587	0.0533909827533473
0.674624067917918	0.213658555919133
-1.12881513859764	0.339906487322227
0.669117736352227	0.211726956826849
0.834079900606637	0.35067070523495
0.630679470337471	0.595173920762493
0.851929526760356	0.901357253743958
-1.1916167022027	1.63068404094782
0.375263751644047	0.341839785007404
0.280491609568841	0.235442884014976
-0.115489172150458	0.0801542178703592
0.19323630761886	0.144604935788028
0.222385304970328	0.230445562514404
-0.15796318740721	0.122474967910061
0.0960990095228101	0.0704980279584147
-0.0296831018880328	0.0189936642706479
0.391988168869666	0.33540485615028
0.929604742485414	0.81322984853637
0.148612908401246	0.0503807422085685
0.967007420275098	0.660420096153589
0.168774858509076	0.0425819447497206
1.06294371395931	0.513015950894321
-0.238431909479085	0.119261534369467
0.177685170187076	0.0953668822840504
0.557760605461229	0.325825746744011
0.827062362966711	0.347535018691045
1.0418455851348	0.393863567086238
1.06706691977393	0.515744915136545
-0.220012614431353	0.0708340703939625
-0.920688019808966	0.673565118465011
1.57183864477896	0.779521632894244
1.33208469099746	0.58115584608196
-0.763829435866557	0.331460240670328
0.744000477561882	0.623712640078658
0.0197369271673948	0.00992873908442527
0.179127804690189	0.104161322025134
1.24723752531505	1.22610416689788
0.187736985974565	0.129214072134082
0.670179000513829	0.481001324719519
0.470877923105841	0.344045216771901
-1.73364310703414	2.26225216248556
0.405428437226665	0.349379442133836
-0.10398457838475	0.073950687109724
-0.416209310686645	0.356186906873656
0.0525466521305438	0.0308614163234528
-0.380457375962117	0.298862724844703
0.182067632828199	0.119268857440692
0.420668072404108	0.335255425197149
0.697616519923298	0.806111296347147
0.654525482075196	0.69782663334377
0.804331196875779	0.872332067321499
0.112371207735478	0.0857326710639546
0.191327560785444	0.137682159066022
0.0997766739210553	0.07333412295507
-0.099292574682936	0.0704281392015232
-0.924129503214704	1.0439028636777
-0.208922857357458	0.157103618433848
1.14753398245332	1.18151814584858
-0.217315582786432	0.211900268331317
-0.0794394454780051	0.0573106721861576
0.560446321420154	0.47070356540646
-0.0924875782802566	0.0653913562651197
0.370391120100314	0.32491080933626
-1.08957930249423	0.745699921565993
1.16569202931888	1.45216062037417
0.0670877356871106	0.043621589564488
0.0026708077231307	0.00182004423078643
0.937071806268603	1.05792972362764
0.670081697347895	0.212111377241056
1.04158071586996	0.393480759170511
1.33184695246066	0.580735815343295
0.826303509191986	0.347049642188201
0.447719113317435	0.179573027507233
0.537241571796169	0.19242697203724
-0.617055950695462	0.150241664375452
1.03791471976137	0.392024637204806
1.95879552552655	0.437985228139192
0.17294827606403	0.0435260072159332
0.82469687251252	0.346268968053852
1.32753298884589	0.578543003685696
-2.28836996728371	1.15435708759113
0.533874851755615	0.191264906036687
1.45849855088531	0.911727625777987
-1.84274534852275	1.16391528370165
2.76197196120423	0.768541369225187
1.06347001139606	0.513190766080123
-0.0940020640074766	0.0550205607507568
1.91300449761014	1.65874546212435
-0.785374001263217	0.518736637196509
-0.782176793896578	0.515560204887185
0.41083110803438	0.186320982814335
0.166395674426345	0.0809924354108077
0.168393915595915	0.0499912542478598
1.14301244594475	1.17439153247459
0.176486142808105	0.115320649147609
0.529168365874835	0.460676041424137
0.313265800159951	0.216522781425115
0.670736645944804	0.481541097220374
0.398414725600481	0.180059746605272
-4.00182249544158	1.72625328461739
1.27415843768354	0.700853441540688
1.34588216932534	1.5911071143747
-0.153438678224083	0.104858123884993
0.665488933188563	0.607379551480223
-0.173066551798978	0.11475671947573
1.1502029808852	1.18496035613274
0.560689993697651	0.470817848478519
1.14974916676548	1.18503418121189
0.0486946781424024	0.0286065232120195
0.180698496433272	0.111996325750675
0.435816175348086	0.434494226216901
0.916403035042149	1.14544533680563
0.808457936248793	0.878521563151774
0.702853729354594	0.617625169113302
0.814041205722648	0.651300275519209
0.0625749776438894	0.0387985887375987
0.3989442785443	0.342813947485243
-0.0911060274766539	0.0532963090649565
0.304946494298723	0.221065350717371
1.78311687850958	1.83409843263176
0.746165143957221	0.625642552871481
0.352355508808241	0.197959874723822
0.159304296973707	0.0474668185471716
0.16934280349587	0.0427080042196444
0.533629585575437	0.191149248838921
1.04422575936648	0.394740889448914
3.27129205644114	1.12317050813274
0.825691409963229	0.346699820369323
0.671394166412374	0.212454198010421
1.62385214315636	1.14129567723048
1.77974074645036	1.39813807985686
1.15167747627741	1.42487934316359
0.199941643524907	0.174714092820682
-0.0249628158179527	0.0159948031354292
-0.472277165660192	0.465764434208662
0.0302392319997728	0.021894439775947
0.381983323268351	0.349193702136414
-0.733195031772587	0.93678486892579
0.107232604333623	0.0815884856045092
0.171516879278819	0.0919322204187532
0.066842613656772	0.0547499545397188
-0.842742213451984	1.0162205198944
-0.549683729104472	0.496256215860994
-1.3217459244553	0.827167420109359
-0.296803336433865	0.136165326104314
0.164122988767051	0.0488286730136595
-0.0979802080518248	0.0388764561025164
0.395325319872142	0.178657386898435
-0.778977546615116	0.51310616287939
-0.0474546412139778	0.020760987989841
1.83223894779093	0.716336716062103
1.46265753359042	0.48460907431551
1.04603323538674	0.395528149844171
0.447191186095611	0.179329255309907
-0.522217673493657	0.197342207603961
0.352546290094507	0.197861076773174
1.07521217165784	0.520472451854942
0.668504270521836	0.211524693005927
-0.094072952243704	0.0373618375582565
0.560885075220148	0.327578633801007
0.176825846314062	0.102707822139681
0.559899131854612	0.326974889204339
0.823642509432085	0.345787097083453
0.189103294135458	0.135933827138917
-0.433214938548992	0.409917851458601
0.919316280856385	0.800005072865109
0.388088583940903	0.331461614268668
0.593704419766315	0.574191676733608
0.196378525978958	0.147199581834784
0.650987654417678	0.692632993909763
0.735376781643153	0.836356416060361
0.76562410249058	0.93585612897429
0.799019419052692	0.758200390433631
0.444118329377895	0.445034651961971
-0.389731998304867	0.340840118661048
-1.02239260937978	1.14657807454405
0.941185988456129	1.06458571587238
0.759772862006698	0.841414713042955
1.25518028123525	1.39145090224067
-0.0931560450594568	0.0544660809862778
0.589526215796241	0.742103582984987
-0.467899596224871	0.395140248603421
0.285359209043763	0.232074383471261
0.192225514755003	0.153704323337486
0.729923663025975	0.827838931929365
0.299134139373236	0.23613587835349
-0.592992943036148	0.48172242265205
0.307530889416694	0.223037734053994
-0.367537090843972	0.393226365187928
-0.857766500339275	0.920987113930561
0.352601365947017	0.326763012635352
0.195666608103998	0.135108241360203
0.632175011474098	0.690369735348187
-0.502518812978101	0.461227841667551
1.24036979300249	1.63155370140029
0.600999658456898	0.314427674458737
1.5724348757785	0.779685464655591
0.691128576986672	0.323370207801226
-1.48425440254375	0.748059882586929
0.669467631715225	0.211908752948447
0.164145173866849	0.0415246332756727
0.17738312662749	0.0444846964186047
-0.765682827261857	0.332157438971102
0.675591354383564	0.213968352567141
0.529918814853225	0.189819007683608
-2.57821111666453	0.659475059970799
0.18127730244519	0.0453161194650634
3.26835783601252	1.12163011968705
-0.772492594289076	0.33599981026113
0.168393915595915	0.0499912542478598
-0.777575444259237	0.338474411078229
0.447719113317435	0.179573027507233
-1.79763019308962	0.379603777700996
-1.50824112923963	0.534752090600511
-0.773553144025298	0.33609719647996
-1.16263403021521	0.65085998194465
1.40434276683392	1.09192059045054
0.367518640081065	0.18605117605044
-0.51438298636481	0.194118813219938
1.25059915149958	1.05893795945019
0.157809365437772	0.0470462908960921
0.162171049505848	0.0303007576998756
1.03495171294922	0.981856007465299
-0.790226057546643	0.523534404271784
0.449264353587521	0.344926976380822
0.487370513845967	0.451823151346012
0.615371956410781	0.323487838307084
-0.0512833565855131	0.0223693545369571
-1.07830582526435	0.733749818053353
-0.377455184851546	0.258742460414665
0.457410794718806	0.332282476847496
0.196032265243966	0.152189004354933
0.187818274328909	0.134922774048227
-1.01826462862253	1.1403278243693
0.340765214717117	0.208295528022915
0.438812485627149	0.335245926253774
0.0680939775291733	0.0422497619257434
1.3986343750148	1.89490918981787
0.188408569414924	0.123766041471367
0.182217377396575	0.119360639318987
0.806580310821237	0.768270992240155
0.629903489150657	0.68701720042919
0.551380599846145	0.321386387407782
0.470753929540062	0.344085943630363
0.501097120874964	0.449431875438661
0.0946704094596298	0.0671100804415521
0.175753636116609	0.120278594780826
0.55396908413272	0.46385143407634
0.859943399718233	0.787353035799066
0.172311257718676	0.0998838708329617
0.0168201716844866	0.00850795195976154
-0.089783731268869	0.0356915480451247
0.694148080198457	0.324741670139151
-0.625191995446008	0.152059991852936
1.46654605141329	0.485981855384374
-0.337924641037297	0.0968088152153293
1.95793128711136	0.437766051086387
0.674624067917918	0.213658555919133
1.46455689811314	0.485225385720349
1.25718736069303	0.875685505082163
0.108645681730456	0.0827189655290511
-0.0119422366232811	0.00778924397880476
0.161597886256488	0.154078981555284
-0.336750974395601	0.339861942000645
0.523818849641924	0.45471471868266
0.707538822741515	0.893280688937262
0.868252701698289	1.10135626132359
0.284594973789151	0.26176455450733
0.205127442146893	0.193230078606983
-0.0384412150488318	0.0284701933903776
0.343914070079572	0.210311293113506
0.304190810346644	0.220301822592663
-0.851690828111363	0.973541666405466
0.627088778113159	0.590883680093769
1.06903480350602	0.516605281541135
-0.0902375746558826	0.0358652242220136
-0.340107395831878	0.0973408882698726
-1.27294293869947	0.571418702061829
-0.0919684147327848	0.0365423679131149
0.726611919400217	0.482012048639058
1.46002910034019	0.912027954178089
-0.620473624670499	0.150917804175241
1.46010735547628	0.483457516052687
-2.57821111666453	0.659475059970799
-0.337924641037297	0.0968088152153293
-0.523032334451301	0.197668387893991
1.5374497353898	1.3240051521979
0.816809459654462	0.342338612302413
0.674624067917918	0.213658555919133
-1.12669343566207	0.339109154533815
-0.52415274028227	0.198056534648652
-0.0530748685226821	0.0231260462969317
0.487286646817274	0.334680986858598
0.520183198173351	0.539473859207924
0.655867739412211	0.596214299267029
0.9620792801082	0.655278844491795
0.803385816271494	0.484877944855842
0.338805243956203	0.206678169572626
0.0589753564423212	0.0346141865036905
0.860970381976345	0.788884762455338
0.516421180893238	0.329251173223285
0.286180186068733	0.232837065840122
0.872886685409204	1.11018986649001
0.388474694285864	0.331836403305638
0.0188930813699669	0.013194762077488
0.287491090148235	0.225378948959248
0.471939593204696	0.450276821447678
-0.223242970752772	0.169153170944047
0.482759462708049	0.446508404607263
-0.476683384488061	0.471482919872143
-0.0452677577412426	0.0282481186149597
0.186971883195152	0.128631104175801
0.753977663046058	0.740764845328906
-0.239406031094184	0.199564303492562
0.110345722972234	0.0865089935754862
0.0509971386195454	0.0394062448681832
0.799985602343469	0.635936625027127
0.305366670340194	0.22137711042513
0.186609287971381	0.128375054324216
0.803425552106211	0.871075156422448
0.460528487353297	0.451400587554649
0.411500555256697	0.341713396369461
1.1277106907179	1.01834753969827
0.380967912455261	0.336483072571268
0.62417049041435	0.476471136106083
-1.02413161923323	0.814434246757004
0.556016500281438	0.466127789265488
0.0808385710243428	0.0527346445383663
0.187148132660808	0.116307192475799
0.671116916466156	0.693291876455829
1.45829311638328	0.909901299131609
0.823642509432085	0.345787097083453
1.27775554790304	0.704092651126896
-1.50861948725752	0.534748868530857
0.159042375477486	0.0473891494040675
0.446913247781489	0.179197436924564
-3.07750490916701	0.956880231933195
0.674143348272808	0.213431626689393
-0.335438661955823	0.0961186879895653
-1.02671683891162	0.40581238098729
-1.50922180218546	0.535188573690381
-1.02279263404674	0.40371590748429
-0.391548460852062	0.162837516757791
-1.46733131471721	1.02299667747989
-0.98115247794995	0.485543284727628
0.158989511121608	0.0298299152293259
0.162968126753743	0.0485024678975847
0.605874106305802	0.317473777524536
1.11888565509502	0.857148286089742
0.553155848009263	0.322659608253518
-0.51438298636481	0.194118813219938
-0.21946461118102	0.142114689031929
-0.778936179434061	0.595482484680566
-0.212107996589827	0.0683682958385105
-0.619895187822925	0.150839789138775
0.675591354383564	0.213968352567141
0.807903374605741	0.877670982989626
0.815459017297968	0.652811903363598
-0.0518863229426917	0.0323879902938249
0.747819657564164	0.628047337990707
0.694590427712318	0.608257840431877
-0.0169861000058486	0.00799990486307848
0.178577565049283	0.103820061677353
-0.600741526398751	0.288017415152083
-0.0554683252383234	0.0241516674699032
0.667025763185195	0.477296496813641
-0.524096934160333	0.329543422038771
0.181293088537922	0.11867243205584
0.0591692538449248	0.0347506208467957
1.24189638237417	1.50683017950487
0.184516799564248	0.126802659797412
1.36025824996707	1.44710512716341
0.467562401698579	0.341308596609279
0.400830084073374	0.181327196807139
0.477071246519229	0.439637804094563
0.16514583313252	0.0802640143069551
0.48060882446519	0.531915142567847
0.490224291410554	0.337295720541046
0.37772844924399	0.332980786876421
0.179320083567459	0.117286473375714
0.185945188469729	0.127903730677934
-0.493198706508011	0.370278505607673
-0.530320203721361	0.441147669440671
1.09477044638059	1.39100752097645
0.158814030193091	0.0771133194798548
0.175921893975319	0.102192190168104
0.613695349492364	0.322431107704122
0.358387142544197	0.201614563303894
0.172408301008542	0.0925154486142624
0.66317824859224	0.474562519927252
0.442746084081858	0.177485883285209
0.146697799928239	0.05624557950683
0.166279076961167	0.0494077549790747
0.158989511121608	0.0298299152293259
3.26630303248094	1.12023058934939
3.27025913837768	1.12233669524588
1.57504711057803	0.781260309054458
4.18262191893244	2.0059441468171
0.278909771489407	0.275676751977626
0.189430313474843	0.155766708183854
0.19341210748549	0.159438404340149
0.669468331840046	0.849924610296074
-0.455894871116878	0.422930520102796
0.294620078868499	0.240885194420804
0.511664046348133	0.633862940653955
0.285808150016487	0.240579932704079
0.116065248320219	0.0913042042883071
0.279432819306292	0.226420006188525
-0.0578828114483554	0.0423120398932494
0.151347698217262	0.0656508443982854
0.0318578390814121	0.0230698681250586
0.527304841089844	0.549317151505878
0.418444762037643	0.332929196116759
1.06824258851403	0.516231749867353
-0.638216393430205	0.376701178687473
0.824451710034132	0.346189076295124
-0.215221304062718	0.0693199317381142
0.724334030668037	0.48009927405938
-0.302017183338254	0.138552986425589
1.46084540529166	0.91282274313099
-1.12825544522804	0.339732258677114
1.95879552552655	0.437985228139192
0.674143348272808	0.213431626689393
1.33268267273416	0.581267457492734
-0.089783731268869	0.0356915480451247
0.40128520889548	0.181574932992367
0.828430976330302	0.348196975987414
2.12019415973984	0.946583637874322
1.46654605141329	0.485981855384374
1.25516342876894	0.873012761960735
0.448246823419833	0.17979017346935
-0.434685764998107	0.334701885682316
0.301510043674497	0.22866176933609
0.888245555020943	1.0278637607002
0.806512226693554	0.875570505535022
0.933762833162438	0.817785970460691
-1.13589720950406	0.981892988466351
0.828430976330302	0.348196975987414
0.822174512740792	0.345087307705946
0.172329225153654	0.0922958840242662
0.399261074618522	0.343145404799119
1.14147978992894	1.17119427789514
0.0929439189393718	0.0658588108312725
0.421483311865105	0.335747582596197
-0.143250440114312	0.0974434919405164
0.287027216283081	0.233641888536418
-0.242694797708052	0.179437187288817
-0.485443465321987	0.482652195909078
1.16266030020339	1.44607202491451
0.392441980546557	0.336057898175959
0.085896499271512	0.0585019289489707
-0.0993165294207279	0.0704676734152674
-0.708438285607626	0.769698645366347
0.194993165539196	0.134655252265225
0.731494697718768	0.830191274631116
-0.29123032981069	0.211949484251361
0.474348701574373	0.536937633673265
-0.620158622593134	0.554185622512772
-0.209472826336965	0.157547591135591
1.02423740336593	1.31922547479323
-0.370917797377799	0.348483954854335
-0.0778591910214816	0.0561156558585228
0.406671249083955	0.336657676784147
0.627785113764395	0.480048357454422
0.809935862411982	0.772694418113402
0.62460187717981	0.476558210008001
2.12149136184524	0.947562188308172
-1.81738212013859	0.737229580571004
-0.219176536187683	0.0705544582654805
0.533034126671957	0.190984669183042
1.46109938210879	0.484014060767982
0.158128274235763	0.0534756396939054
-3.08203891306948	0.959069086853276
0.69383145169967	0.324529246573498
-0.395998443980243	0.165109896523275
-0.938707193050914	0.574091270968662
-0.765918596168096	0.332344936277861
1.41294638212258	1.10294927964377
0.960305402281055	0.254935680101795
-1.02418643534812	0.404584238258454
-1.12825544522804	0.339732258677114
0.153830475350601	0.0520893555087474
0.584559165385995	0.469288304205284
0.33145052245502	0.216949940273343
0.167909943772888	0.0899647762112327
-0.719307886400812	0.245829792820617
-0.787503069179887	0.521174163904773
1.96161885370972	1.22410848893371
1.95793128711136	0.437766051086387
0.696629251122635	0.326266216208756
0.37046860768752	0.187820146503431
0.578859783319477	0.463129195284987
0.626486532434075	0.59008643310765
0.473890387225981	0.452657222151134
0.462568518821217	0.336517683637046
-0.0523307293940933	0.0326669123955301
-0.975990049193778	0.481916771875483
0.151105839347129	0.0656473647391851
0.611648713858099	0.320942207737644
0.371664025203393	0.188749414742027
0.794998056572219	0.478605084139183
-0.696596241848147	0.611065837064973
0.298253997227415	0.215418579905068
0.171571286211225	0.0918556046384243
0.112106664508475	0.0879437595983498
-0.296810846929268	0.240620788383629
0.587012099309339	0.566017567560464
1.04117848093346	0.989810621200478
1.08649099765689	1.27631201010535
0.529260262925093	0.460584498592056
0.530700486645434	0.462075387584195
0.640368659803119	0.677117593056251
1.78214756413086	2.20846784588723
-0.587705044961885	0.475958120745448
-0.128391459047474	0.0721621482589539
-0.0690133029988066	0.0418339726174303
-0.85854070916242	0.85510849044054
-0.265385070227029	0.165851967909894
-0.156499670275822	0.0558896883385912
0.613285784116661	0.322131299994541
0.0395191245760328	0.0286784188670185
0.353249629656757	0.198548830333796
0.18703201403086	0.122748050943507
-1.59173128578551	1.22142024063223
0.450132341142773	0.180566999601374
-0.342463785834028	0.0980578484034576
0.159251072645633	0.0298673857617753
0.448524252970948	0.179929065158735
2.76095211479574	0.768066673537379
2.41453913782584	2.06987871338341
1.62342400906568	1.14042047017851
0.349885335452047	0.352114831413208
0.589527966468546	0.474197321682876
0.569043199288579	0.658739553981154
-0.36478144096958	0.341161222468579
0.205327196286397	0.175413628422858
-0.503314497978765	0.461994656423221
-0.660382775847603	0.797539782174033
-0.397431147123166	0.424089838080019
0.508126969008846	0.694263744600794
0.115973158410241	0.093680878446423
0.00921374686321765	0.00614017717948642
0.273975943170228	0.243415393460509
0.609011847242669	0.678934579869581
-0.976810125727647	0.482380932386852
-0.394794546761786	0.393438330285521
-0.406846676972113	0.379069522394814
-0.845021909190136	1.01994194665861
-2.10907385352874	1.61703726051096
1.3549803866394	1.43803878164739
0.153662258231111	0.0588302582608141
-1.51103003363439	0.535749564246176
-0.16821751115378	0.0896536105287438
-1.44510105087769	1.29218843026525
-0.770356668689897	0.334785804148308
1.33686934913081	0.583851214307558
-0.337318918589577	0.0966140796949229
-3.07750490916701	0.956880231933195
0.163853552605343	0.0487595972376143
2.90243273168894	1.95365067456392
0.458414536464503	0.332526964872143
0.677105074382106	0.214332831776124
0.525138470864918	0.187928785861518
-0.296897940761867	0.136243826958534
-0.889960573534886	0.738742349188429
0.795534480162245	0.478252340593598
0.743260159287888	0.622778786182002
1.80154763556232	2.24891753453049
0.463212836134562	0.43954035408292
0.175327850378417	0.101697016976798
-0.539631610084969	0.341530924122305
1.46369624377198	0.916063842890098
0.692420083962482	0.32414977594069
0.677168456003689	0.214339100225988
1.11287752769391	0.851118781854561
0.10312767101306	0.0804998846376821
0.0639401300703618	0.0396502067381896
0.190118335678422	0.136722370307436
0.339362321796629	0.222932684714163
0.762375053758776	0.752251502260057
1.35549950474974	1.43879235200087
0.788590880911638	0.84744589110178
0.0109236855933146	0.00727982385313484
-0.208985359099816	0.187247590554063
0.266417934353602	0.228654722616444
-0.97586314800604	1.22547523741904
0.37607403620993	0.331118238664777
0.919359639438977	1.15151111875109
0.312985213842951	0.227771479200049
-0.854487708040246	0.915847901904487
-0.225346620745209	0.204272298438537
0.957890194073383	1.17116527168282
0.183625301286212	0.131603280919737
0.702324584332614	0.617057097800235
0.0393618362601299	0.0216223812242622
-0.451288738145331	0.299020580060927
0.273297411842289	0.249641048497184
-0.119332790623389	0.0829839965824256
0.77516887767376	0.952617635199964
0.455457453190339	0.445291768942194
-0.425963120961907	0.326702057714011
0.0910643482110101	0.0644431303763699
0.0956274481812709	0.0678329375177861
0.713450463298855	0.721244416939016
0.971272336071426	0.664418712741779
-1.27672702876098	0.573838635095425
0.168393915595915	0.0499912542478598
0.158163268458023	0.0471349639719474
2.36180968699894	1.17953323514936
0.15823182603157	0.0297179405544109
-0.619895187822925	0.150839789138775
1.95879552552655	0.437985228139192
-0.294436220509604	0.134980011527296
-0.141699082635289	0.0507192347670775
0.807066540496661	0.487750617637366
0.153784739713925	0.0666752947243333
0.396674079345216	0.179153047470352
-0.144419938894036	0.0516441997824019
1.46166504880046	0.484245680586438
0.802981883345208	0.484494947063269
0.631184238606846	0.482903182502169
0.454617775547526	0.329627118551607
0.0152022565015454	0.00767482224234387
-1.02275196325719	0.403905696700775
0.676558588301015	0.214207370803977
-3.08661343960983	0.960737795489789
0.445855999572474	0.178667054695202
0.178742994467759	0.110636573257582
-0.320361206268302	0.191447400062735
0.197658282978586	0.158636637850036
0.331129344620117	0.21669456056288
-0.476876138499782	0.404605204680733
0.80013754267429	0.636343709965617
-0.690973124074064	0.604497274538728
1.25987709987488	1.24475250023307
0.910908233746735	0.493662149988909
0.35055264003	0.196521520402333
0.539860130057183	0.19347257336536
-0.53875696789528	0.340733368910191
-0.477627504680663	0.355477874151214
-0.553109054369369	0.500313917639245
0.192244849058303	0.119589582637072
0.838458462017403	0.880771539859183
0.378270421120692	0.321002369314687
-0.134691889321066	0.0757699631524683
-0.440184268513446	0.290619135195971
0.0240838109216437	0.0134135658863825
0.842107947221221	0.993718263234007
0.337563403697334	0.221726929334573
0.192350432541098	0.132639128854525
0.447186188803401	0.342915445459189
0.956254568401925	0.650023019173027
-0.226170748000421	0.112760707696206
1.77875404471966	1.39817619105058
-0.049242131747504	0.0215141965671336
0.185594188679258	0.108042086971159
0.158604136577251	0.0770017939478121
-2.01936957832883	2.1143876384149
-0.530284873159201	0.334406525262548
1.46369624377198	0.916063842890098
0.168662278675518	0.0500652630774407
-0.617491939447093	0.150288713008559
0.165007048838445	0.0490553112296366
-0.625630686390319	0.152156798395567
1.46166504880046	0.484245680586438
1.33124867503934	0.580623928642544
0.343955620309584	0.344769390518861
0.189915920322695	0.110722013046496
-0.0231566437435574	0.0148487128674713
0.368106129339974	0.333807440718923
-0.549860317655496	0.604649943243867
-0.458752380743213	0.426065879598659
0.202744019435693	0.17292601627294
-0.136242841145562	0.11912762289535
-0.252877173035711	0.187961227805426
0.45576187485638	0.445535467802098
-0.385694829500991	0.33660134853098
0.272364276018035	0.241803433192336
-1.01922130195251	1.14122052742008
-1.49077274586718	0.75343807840734
-0.296800112565549	0.240622412033189
-0.293384903448353	0.237326436033203
-0.612194366759119	0.544710658743551
0.372932204317256	0.18946547696303
-0.0908958964325589	0.0361282362134144
1.78368583507684	0.995854344594288
0.825691409963229	0.346699820369323
1.63616110904163	1.15412688895974
-0.596856927873311	0.485362331699919
1.46288065557654	0.915235553071591
3.26630303248094	1.12023058934939
2.35478745789715	1.17418118721967
-0.723767624574779	0.247384332637155
-0.739287947055949	0.253056542405229
-1.81169032201894	0.73377138384342
-0.0934903546081117	0.0371047509307854
0.904085412294213	0.488164212519272
-2.57421277656498	0.657506382974291
0.531600808944957	0.190452833446827
-0.782445287688939	0.425578306637313
-0.101594229693079	0.0595603102941152
0.660082516128152	0.471740752846624
0.479205651301027	0.442292465996028
0.571311764224828	0.568738477948201
0.627547651094493	0.47976065165915
-0.254384075571937	0.158248710859645
0.152200918016515	0.0515403734692646
-0.940262160027518	0.576112472631821
0.688331321462894	0.321686308305393
0.904390880115113	0.488934698622463
0.79634968574377	0.47895182784066
0.707141118020316	0.622389711919874
0.19809350654752	0.153913801940883
0.489177615611145	0.529151821901696
0.263658613301901	0.251747265933459
-0.422155621564817	0.362419091724328
0.694389190628883	0.800496080365427
0.399337739370403	0.329435124566943
0.192187646255157	0.158346174889619
0.187040082017001	0.122705525355889
0.062099102364923	0.0384940861083567
-0.424822938533261	0.325453487220232
0.18727122892627	0.122946371345261
1.3591040010747	1.4456375313856
-0.31769658006031	0.189754685686381
0.0750911028182661	0.0489061610304994
-0.376941727195067	0.258120970473021
-0.562168473963809	0.407228608129818
-0.378661569769199	0.297319154812474
0.0837344377217525	0.0546980349901258
-0.435081558973329	0.335243959697824
-0.0636130879810545	0.0466164135197399
1.78140267163408	1.39957160976477
-0.232484090436567	0.0747440273823712
-0.107375712400977	0.04252920659757
0.168354166613062	0.0424807140134561
2.7590679263751	0.76692961097815
3.26732978575294	1.1211772426211
1.4655515469736	0.485738470948645
-0.215469787669442	0.0693747409894077
-0.0479854245388951	0.0209872318396057
0.174503749901052	0.0438676710334476
1.82816209415628	0.714241631039221
0.187885535900144	0.116687352080184
-0.481733888885624	0.25269254955755
0.169036782389613	0.0905308111385053
-3.08203891306948	0.959069086853276
2.75704467106166	0.766025498669684
0.450984454502009	0.181094225214174
0.550412313665568	0.45991617906829
0.429219183317371	0.343522804840612
0.800520583151104	0.636474469315189
0.351201209707151	0.215343936719073
-1.04852823598604	1.09437581708289
0.808213468084156	0.770285180341173
0.473984394021205	0.346799023957904
0.62491955691634	0.476845521186056
-0.641835533399599	0.379207941659656
1.25384832657271	0.872870441140008
0.798744240659082	0.481631829533748
-0.656936285460497	0.457221386424034
0.171165866851184	0.091749184081759
0.418642092145009	0.333233027795211
0.509977224919734	0.459447090867568
1.11765857667678	0.856646125273461
-0.529814676423366	0.4405293096368
0.932596441864221	1.05068689435052
0.46009468405836	0.334546485148412
0.615224375431711	0.467736616210332
0.294927955192061	0.232164539528809
0.808090933337557	0.644413413961067
0.302979385397884	0.229844267700036
0.51583876401646	0.32878028860724
0.420853423916875	0.335400835946336
-0.531025221976839	0.52415148181045
-0.676341597614624	0.534540137763804
2.28330114458239	1.77574514209824
0.177712198393378	0.103067853851799
-0.0496464419047594	0.021686134811476
-0.524657852169618	0.434814573234423
0.150259193239036	0.0652705612856139
0.179005131413427	0.104021852411757
-0.0921717131959448	0.0539055726135877
-1.71402725590103	1.43806849888382
-1.12725353624624	0.339405023147411
-1.12435877083653	0.338493350823416
-0.339009514545445	0.0971276143948088
0.15823182603157	0.0297179405544109
1.46265753359042	0.48460907431551
0.83573712911525	1.17115584428239
0.374876638384707	0.341340909498073
-0.652856725135529	0.843454761070832
0.723175277986556	0.920698653735017
-0.269010277777566	0.261319792160968
-0.492927820538342	0.421429975388213
-0.677609179242925	0.790673107131256
1.34962443491565	2.19948106658947
0.499456046447758	0.543977477103655
-0.281168949205478	0.269107798408088
-0.555853589062496	0.613898013267047
0.0689599994318718	0.0428001128833351
-0.506572680691084	0.534763969857957
-0.430490791142563	0.371298304963065
-0.504531700619001	0.463466683745645
-0.400537206737736	0.167168845158835
0.438851385185993	0.175790231008146
-0.605291505126369	0.290343566368734
0.3994670917132	0.180807568430596
0.800811725552092	0.48248124550259
0.175986491388123	0.102074837008643
1.40025379953565	1.08815979323937
-0.344042706429557	0.0984794926451442
1.46109938210879	0.484014060767982
-0.532722550840815	0.201608215478259
-2.57472877667238	0.65760345889815
-1.80954645465925	0.732873371181045
0.173565257721116	0.0930015612860094
0.909589792811793	0.492113909748487
0.530165701430798	0.189830529659283
1.7809516901934	0.992186409107282
-0.0178809360284292	0.00840695825094871
0.078996114765962	0.0536484159738505
-0.0895853405663436	0.0523690810038938
0.0905258352474044	0.0640719418454592
-0.674743445918834	0.532437939330641
1.24698656263829	1.37845357365502
-1.33530275821347	1.33068072191052
0.372491981453194	0.18890151264977
0.618040348691218	0.47050777692671
0.751175938594406	0.736912969934569
0.940943357548521	1.2614488864063
0.208330189216657	0.17335068610292
0.622108695826003	0.584587904527891
0.349963546769252	0.342893730223147
0.0933218413295302	0.0661234613470132
0.392486678846913	0.348736804812048
0.342365026768415	0.360083024585342
-0.0459280798177571	0.0377276476864219
0.601647907177552	0.66781373228039
-0.243300744127463	0.179928486448795
0.00315464018619001	0.00248062218806566
-0.37803261500995	0.40756140576619
-1.02696388464208	1.1545342970753
-1.51110286250074	1.69955795110247
0.907366859845338	0.93227884135761
1.37652618757956	1.99657859977851
0.286492092236585	0.249167004448493
-0.565814508327427	0.54841834824102
0.522731540980118	0.45346877170605
0.458903059830085	0.449531566064815
0.184939198384558	0.155898385614332
0.189471510219364	0.151253488098797
2.27186503827339	1.76114793322363
-0.0901572984024879	0.0358301194091173
1.0418455851348	0.393863567086238
1.46597699067366	0.485748477491111
2.7590679263751	0.76692961097815
1.46398903776532	0.484992681122713
-0.396950755568436	0.224651445911786
2.04296571623102	1.94893231688869
-0.790403472690858	0.431906092527143
-0.227427367526851	0.113430169254292
-1.02612472596118	0.405418891515416
0.154392805413983	0.0522705690038812
0.681797110069949	0.21588345629796
1.24744402642801	1.05661120055312
0.415606591254169	0.330164636078018
0.459522853936273	0.333917039002818
0.163791371494448	0.0796333712004118
0.487826523890537	0.33518331125383
0.661381558069046	0.472780971688964
1.24884688536073	1.0567039388596
1.33268267273416	0.581267457492734
-1.08345580412803	0.738384926963011
-0.875548737727003	0.804551373081856
-0.566672124495557	0.411683657433798
-0.338666136911396	0.271009845413857
0.17749998401325	0.0952423813805376
0.0653913113260432	0.0405532471096473
0.0346192851452303	0.0258737194950069
0.85272197081852	0.901850316704114
0.184540038805819	0.114519578421871
0.186190696017927	0.12220319261517
0.400171090990732	0.330294517752635
0.424062837194068	0.338556405481546
0.195803773911794	0.151997268171405
0.805419681423283	0.766101443146642
1.09429431776329	1.3903321419077
0.487294420306738	0.334175074205403
0.380382735406985	0.335710884494638
0.0784904185909463	0.051191358397523
0.302081191974769	0.238787444422674
1.12612496573636	1.01563905129635
1.98495703565927	2.35076545167681
-1.98004365708041	1.3797230970057
0.84346572339806	0.888473863027455
0.0662100549277979	0.0410724932087665
0.0117236657946389	0.00598285134623794
0.140394161420603	0.0538592795218457
-0.227044058517867	0.113226177926198
-2.57821111666453	0.659475059970799
0.677168456003689	0.214339100225988
1.46209127003869	0.484377128190959
1.04603323538674	0.395528149844171
0.383183603013148	0.440929012240917
0.805718563491064	0.874558174618218
0.524531510293408	0.54550817871514
0.675159895161426	0.796741125037086
0.55978606387149	0.66253725979673
0.135977182673171	0.116849572544031
0.0332135825047218	0.0240558345519771
1.00355818303369	1.48549656985504
0.542652745808937	0.652531106030656
0.189198782011272	0.141297308455181
-0.403319496111543	0.404233012308
-0.774762517437789	0.934267023470132
0.652263101949445	0.694285842648765
-0.483410418061461	0.253600116251078
1.12977827499803	1.92546186774133
-0.894057935400642	1.2420563093584
-0.277026274072819	0.20018123817229
-1.0916257448929	0.74709185998913
0.44957827995086	0.18031750975252
0.156300364869312	0.0598675951194335
-1.67108729823021	0.942194759775011
0.371683018677188	0.1885359472912
0.190191269482092	0.131021358017856
0.18225166229839	0.105940277809784
-0.142529549545823	0.0510406133566462
-3.07750490916701	0.956880231933195
3.93297854230234	1.72057752612902
-1.12825544522804	0.339732258677114
-0.0974799324302441	0.0386746458615092
0.182899461450948	0.106450529821819
0.146375004827764	0.0561236835186149
1.46364987732708	0.48479584486453
0.670081697347895	0.212111377241056
0.713886925999648	0.721781284496375
-1.22233316011627	0.92419968239061
-0.560409491580051	0.405847705845832
0.513229223117446	0.463146815500955
0.192209850385717	0.15375287593019
-1.26906543069359	1.38295755476536
0.652632684615275	0.592054334763379
-0.032295787298903	0.0206488966379104
-0.282639895350499	0.2048153944314
0.535308159768992	0.19186644934071
0.44336346246649	0.177834530947915
1.06431093168658	0.513615859994168
0.153830475350601	0.0520893555087474
0.420269777525923	0.334866210865058
0.679308296658194	0.704887595702085
0.469736171911331	0.447496707538256
0.730096618701821	0.828039077226254
0.0926432026658401	0.0656326105015047
-0.768856732704852	0.924726911812071
-0.195174056111426	0.177126415440867
-0.363044260753956	0.339219380179442
0.28923526784167	0.251933482071204
-0.419639052025105	0.320633179903058
-0.566234719998735	0.54894300718904
0.564520060842092	0.651396061136871
-0.051476669214989	0.0375483684897936
0.390220149470218	0.346389062237849
-0.0101564338709633	0.00665344474167986
-0.279161205956734	0.201967302154359
0.541032114274851	0.568195690468272
0.105024691785772	0.0797825407521917
-0.857248050663744	0.852911628953806
-0.137399178010915	0.0963465337804199
-0.326444420278615	0.230919945429874
-0.031978039930564	0.0204511715420169
0.407390949274461	0.337569991707718
0.721946879633058	0.733036031452482
1.77518059245165	1.39158593487921
1.46166504880046	0.484245680586438
1.83223894779093	0.716336716062103
1.04638771946291	0.395714063580135
3.63896224062815	1.42951913528691
0.0481414652823014	0.0282781641277744
2.1288929792405	1.49005647550826
0.446509788849754	0.179154127101327
-1.12769593434811	0.339436368028373
0.155814169148702	0.0596762334714708
0.194155395931657	0.139900361189445
0.929488946071739	0.81239064151372
0.0188405050688222	0.00948257565666664
0.719253891687013	0.47623754503863
0.0138144416780243	0.00703970612956402
-0.512541228250853	0.500195311116701
0.531310889123404	0.463056364417771
0.0772862010228429	0.0503874171235113
0.873974543068786	1.11218435067352
0.654637932027288	0.594788346837726
0.192398680342605	0.138537318973026
0.804837793323682	0.641478074378668
1.16356255333437	1.20498716893076
0.806116589652938	0.766870999496464
0.695824375710112	0.609323398462937
0.19035532263269	0.152055123571519
0.323747021072896	0.224769009269465
0.0662303949548091	0.0410788066501156
-0.286245324798493	0.257434684221646
-0.0626114445483013	0.0379228715466775
-0.215501989525917	0.139317814117576
-0.61844814087697	0.551730586330686
0.722932583085379	0.478632679096503
0.744728572037407	0.624810001571914
-0.491780406648397	0.368982684365166
-0.455537631876334	0.302708371642653
-0.0665715698790524	0.0403441841726861
1.96112505411346	1.22302691200579
3.27129205644114	1.12317050813274
-0.619895187822925	0.150839789138775
-0.144137039360479	0.0515503896111279
0.956021254579335	0.253830462538477
0.404331421548833	0.334475101204936
1.47150481811915	2.09792507352161
0.343160757223008	0.343652401283968
0.011705516744673	0.00779652782571329
0.579204724882715	0.579008458265974
0.501882821672276	0.450390447210117
-0.100926131161479	0.0811165377060773
-0.098211283100621	0.0696319049839387
-0.440175703585656	0.439075755043782
-0.220388103917998	0.1990337178258
0.122895279531268	0.102219471873783
-0.504015036319376	0.531320032791316
-0.197723179597443	0.183679875330297
-1.15929204485049	0.648670786694031
-0.0533310168125198	0.0439928086536531
0.280699971823414	0.235620689286634
-0.0934343444977813	0.0546810962980559
-0.391548460852062	0.162837516757791
0.453617681132945	0.182119165755565
-0.14575574418188	0.0521067853554539
0.164122988767051	0.0488286730136595
0.155500401522063	0.0674283420474109
1.25223482398054	1.38546179102543
-0.471347715784322	0.246137561365319
0.173940988172143	0.0437550114519682
-1.7975657981284	0.379599665892429
1.03791471976137	0.392024637204806
-1.01941107455962	0.402225234221499
0.0142295561220038	0.00721832298943552
0.485247196597403	0.333168202314325
2.35700222344558	1.17564373523042
0.144568804234337	0.0490416879846881
-1.27866440986665	0.57493073370158
0.797058533006441	0.755612087937402
0.672135158077272	0.482204035997959
0.170112265727263	0.0911569625592715
0.195283543607556	0.134858362811721
0.799356349304403	0.864865282262839
-1.08246981920957	1.03724603806218
0.929165809618177	0.811987379985023
-1.21830277128247	0.919617391521213
0.460976700003626	0.335238907865828
0.152346609586538	0.0515961830574703
-0.60491192937513	0.290190935381882
-0.517825107309169	0.195474359908123
0.0906126964255204	0.0617967528531099
0.490983368189192	0.337812394806964
0.881993105545355	1.01685717748472
0.679493899414131	0.803937873401527
0.174097897600672	0.0933209090081525
1.15679130919556	1.54290479564861
0.501377735601166	0.449693815736512
1.0573888826761	1.12334032798339
0.288838747512358	0.226636306684812
-0.251023434976255	0.186343491495263
0.0760048395893519	0.049518438801788
0.731169684713962	0.829527901835541
-0.278181639503564	0.248762948584978
0.0944751364471498	0.0857193122583808
-0.876941541870023	0.806162152887975
0.908099111721431	0.933704484335119
-1.23287460905492	1.14427242289134
0.00129613482870189	0.000922307795282307
0.835868523689136	0.876977294570149
0.316112132644858	0.218792861508406
0.0618041104291931	0.0383122342032094
-0.379444678538901	0.330017479852437
0.305304156596336	0.232014448094917
0.676513553304909	0.701010905086118
0.482447241778851	0.446130886648478
0.401828412030145	0.33196038848835
0.573504679289704	0.571737464086383
1.06082006950251	0.511513721489083
0.17351044503084	0.0436385160120603
0.700719755640438	0.328576052812794
0.956455214607419	0.253949648163622
1.46597699067366	0.485748477491111
0.497129998538123	0.342841368749697
0.531600808944957	0.190452833446827
-0.0474546412139778	0.020760987989841
0.152764340567892	0.0517217106607349
-3.07836047129561	0.956774727997911
0.162119998197361	0.0704035765209985
0.803385816271494	0.484877944855842
0.74648042509509	0.626080498391969
0.327653166116297	0.214337371013624
0.150004192965373	0.0575373369947617
0.535308159768992	0.19186644934071
-1.4435800198343	1.29014028366744
-0.116215115483325	0.0806881691727394
0.958077318280124	0.652141090174068
0.767612441805571	0.853719126235791
0.872523153402976	0.648906135199257
0.418153661943291	0.3327988698421
-0.679141044397398	0.537529212456491
0.685531261346559	0.713657282258572
1.02827691271281	1.32726174553696
0.551161741757051	0.460827330628876
0.186194566125815	0.122163099901422
0.443537423508963	0.339602048808736
-0.33085949241599	0.263507075503909
-0.337541880377803	0.269967048931938
0.325450152705995	0.226091004397921
-1.08666869409073	0.742176086328745
0.550110976504619	0.320469293038071
0.338805243956203	0.206678169572626
0.299742629122782	0.22691316997919
0.00957744116293325	0.00494985747778918
0.32500231672384	0.225845514642513
1.46265753359042	0.48460907431551
0.553772657200742	0.566478350844763
-0.0487073588011556	0.0400618354240967
0.0112548065333096	0.00792716351801269
0.349182876577111	0.213965042266763
0.048259256649173	0.0372666223673416
-0.159089866409111	0.123453542060847
0.189565625776881	0.146600061699457
0.624554266109217	0.679050939130175
0.454296412180503	0.443675123985122
-0.132145585178746	0.103454362546214
-0.0127158141135263	0.00829921916332064
-0.845180795076276	1.02051121965324
-0.342071513544093	0.30075658583788
0.110592027176154	0.0842933258364482
-0.489525198531768	0.548731731577129
-4.56506353851	2.49727658058269
-0.371836021372765	0.375020660404992
-0.0333290211631131	0.0246561923244355
0.189161464650218	0.15099051272639
-1.84794985655789	1.16910847373674
-0.388079291138713	0.16141108863951
1.0949587074066	0.675759095138577
0.959294652844364	0.254663957360155
-0.523203787151982	0.328853848668638
-0.772991767979104	0.589277353155628
-1.67059954075864	0.941785806067305
0.153179217844522	0.0518679803975777
-3.07707720857862	0.956361112132394
-1.12769593434811	0.339436368028373
0.673656731319726	0.21327169490293
0.557780610726949	0.325470807349931
-1.16270063158912	0.650709319647893
-0.728941542325998	0.249426183402838
-1.51042707521765	0.53568486067596
-3.75348509589231	1.47731393970503
-0.778685596548827	0.423343746828921
0.268887816512981	0.238178429487913
0.485484592470476	0.332744392563026
0.631365785946254	0.689175378034587
0.0811654743200202	0.0529737807538223
-0.0535118376955847	0.0334079480748047
1.03812675666919	0.98656668177957
1.16061725141148	1.44116603464936
0.0660474103719882	0.040931396771422
-2.06721524367554	0.938052626142087
-0.143369385646991	0.0513198071619975
0.678327026073525	0.214743904761834
0.597334439790928	0.579320233376879
0.11928781615552	0.0965523146705869
0.287995791637002	0.225831025874766
0.100978178638985	0.0742530829929531
0.302942341218069	0.219375899132804
0.750206299240431	0.630453882610238
-0.185874124800538	0.123935419066891
0.798753103953455	0.757808765725305
0.522079486029416	0.452777294920123
0.553093145268134	0.462734850517912
-0.654478052267678	0.7528643989327
0.389707139052596	0.333085517455413
0.658374730395924	0.598931890988557
-0.695803867660331	0.660883162320461
0.468434111669343	0.44586500133168
0.194698498085185	0.145798203792728
-0.27847413027229	0.201304618638519
-0.0245262295506124	0.0157212733502488
0.964791259259088	0.955762881610851
-0.171210824900998	0.113381993850172
0.0723404056516905	0.0470922237734446
-0.355418209062789	0.314934532793509
-0.174576956325877	0.13282468793473
-0.331830604349573	0.264375136678976
-0.553068784286895	0.500362286468631
-0.631774532216784	0.60883963304785
0.292408590878869	0.238641426235905
0.449864586365386	0.345496652967663
0.284977882321683	0.223099744657993
3.26938718630885	1.12163262119223
0.164738242561747	0.0490009495728858
3.9371926868257	1.72364294570268
1.06487707450391	0.514247497698855
1.06002039343244	0.510923907301429
0.752519920606338	0.632985863074896
0.160234255219862	0.0613546653587254
-1.27347474159349	0.571712615994456
-0.620903335937371	0.151058535991718
0.453617681132945	0.182119165755565
1.96649418078604	1.22997614348551
3.64405193165419	1.43312407887711
0.162552500539289	0.0622490211323026
0.520776931428561	0.333146015453298
1.27936142180978	0.705568429759058
0.154392805413983	0.0522705690038812
0.158989511121608	0.0298299152293259
1.4645116315659	0.916819396114491
0.531358567637365	0.190353154457246
1.2650393708206	0.884018883159659
0.311778963139993	0.226796050065829
1.27985068592507	0.705946064078286
0.853371423497288	0.903168237732751
-1.09020228789162	1.04825600118701
0.697374882407907	0.611303933135002
0.650840753133504	0.590022827433872
0.79945182952221	0.635274899008027
0.985847431086179	1.07911085796132
0.465104778212794	0.339169152814102
0.187396551984313	0.123020848070089
0.383131268120303	0.338811295029311
-1.09224709998017	0.748427907696424
-0.493905231308755	0.370601584439455
-0.0306762316300909	0.019619594680125
0.486559016103096	0.334139883536941
1.46572944923853	0.91751631844497
0.552819173832424	0.322157657925934
0.531954615713782	0.190517989079214
-0.517567096912483	0.195373080592303
0.818665325298562	0.343324495373721
0.151873414100974	0.0581755081573951
0.495665511230593	0.621775788113609
0.197521277779588	0.172388711634654
0.265095530534894	0.265526341544938
0.074039134909029	0.0482211627923097
0.104626628797138	0.0817321012290653
-0.672511480907473	0.744231478947084
-0.899846619547038	1.13413180793879
-1.2134677687598	1.93122155628072
0.440668560566258	0.453913069428741
0.115973158410241	0.093680878446423
0.712935923850156	0.902628062880972
0.721168507391049	0.813953666724902
0.730708750488659	1.00680003987711
-0.379789805645994	0.358668943121243
0.0286997294190243	0.020777531792061
0.446882870052226	0.342711724992768
-0.0591388937192187	0.0489540768419966
-0.014806159083134	0.00965131618957747
-0.112393016455288	0.0889863888335537
-0.380241833594087	0.260678607927179
0.142175839614641	0.0545513603182291
-1.4850052815207	0.748705982915854
-0.531323822576024	0.201006510277019
0.871528929238304	0.646948453220102
-0.0713629049669686	0.0432417828074553
0.352092235917919	0.197885205718378
-1.01881976284329	0.401954931656393
-0.773987142868709	0.336565069005056
2.35950996177084	1.1773302918568
-1.81352302981117	0.735065306555984
2.35723904585872	1.17582872753309
0.625274995823116	0.477081217591584
-0.149109006987793	0.0533158375998453
-0.975990049193778	0.481916771875483
-0.170925380261619	0.0911557014026681
0.00567130921842994	0.00303055661466194
0.161438619795304	0.0784736394480948
-0.239446257321818	0.176710750353403
1.70508311761194	2.30829001719228
-0.778283665583289	1.07907587069736
-0.415931816231513	0.355900875345368
0.741310192373167	0.845649164564486
-0.303265599234117	0.246756577271742
-0.270358784429306	0.169251644674553
-0.212107996589827	0.0683682958385105
-0.305106885728576	0.140281393476612
-0.232400542938485	0.115975838334179
0.531115719234218	0.190139072437444
0.442216629451406	0.177285440923981
0.704465907259217	0.61952718270309
1.51448654584849	2.40922108514607
0.20680704608102	0.190709960087905
0.43592116482394	0.447772331738804
0.503891972940816	0.452747385981368
0.623744494481209	0.586541134827288
0.00885466271632963	0.0058967482174915
1.538489469078	1.86200239526049
0.628923622239738	0.48124396303482
0.441846415412708	0.338212715570841
0.189846768942125	0.136521447897951
0.293848717203941	0.221855090107313
0.268691789651889	0.237929367337708
0.189120651094703	0.124223462887939
0.0578499043235967	0.033973480949348
-1.05236341989684	1.09974756823005
0.37500857441582	0.341538168900019
-0.135099419815673	0.105918897349393
-0.215405282226472	0.13921735435748
-0.533587402120474	0.444436356075341
-1.41407327320217	1.9027522796349
0.736133231157553	0.837548401545904
0.534087410082513	0.466068105670316
0.0157289118024451	0.00794136647885034
0.0772701584122069	0.0503715241892362
0.862248880688064	0.79029624196959
-0.380352142867095	0.298834790405301
0.680348558264396	0.706558557876517
0.671120784295636	0.693135108236507
-0.239053058037537	0.199147897945477
0.69712420030975	0.611197376662299
2.35331541025446	1.17293087170239
0.166894126545373	0.0495801423286346
0.155205580878186	0.0525315583518307
1.00790421788074	0.83001690409067
-0.309288798070564	0.142266768832962
-1.97668753097717	1.37730600536256
0.720279069336839	0.476283867066248
1.33520072787008	0.582923907307515
-0.096118893395234	0.0381332576223658
1.46331645924642	0.484601445358107
-0.214126734230818	0.0690216704197056
-0.218924327489335	0.0705078780993664
0.955450516302873	0.253599562429476
1.0418455851348	0.393863567086238
1.45173425028059	0.905447044279187
0.133518407833244	0.0513029589459502
-1.51790082908318	0.538814801452401
-0.718359983709028	0.245324841773925
-0.339979595307007	0.0973896500376519
0.495421002324229	0.341282553243551
0.626146289882154	0.478007667832317
0.36627446700696	0.185462855141704
0.622392611817681	0.474660570760582
0.624071147206956	0.587114068019019
-0.0347160353399916	0.022201878265962
0.0243870739238716	0.0176628120834474
-0.0425580982535428	0.0265567469024262
0.295240676904052	0.223129351368437
1.06901370491306	1.14186633904688
0.812512013776209	0.774914325341808
0.182334807814098	0.130604971977919
-0.0165434461454019	0.0125719101533543
0.757029375999072	0.744943691236263
1.33998502787939	1.5807704482509
0.907860868398317	0.491129446313725
1.04272737841263	0.394268038065867
-4.00811448471922	1.7302496467022
0.531115719234218	0.190139072437444
0.695128460274153	0.325145696704504
0.535308159768992	0.19186644934071
0.729769873381574	0.903823298270643
0.653687160758414	0.786239957986677
0.0646039453073568	0.0515794949652571
0.857939191614056	0.784330386830329
0.978700847573961	1.28618819168541
0.195744460967405	0.174871881085828
0.556559748453832	0.466751584156461
0.194995079359804	0.160963800053725
-0.012403904260701	0.00810093125676607
-0.208912925397489	0.157054535502738
0.289350649976003	0.244145609248027
0.195610504928415	0.178891300663774
-0.879410877530479	0.884561878884262
-0.340284167321028	0.272625103370223
-0.210220627865824	0.176614812050664
-1.32161580123212	0.828201565805894
0.0241237751995186	0.0194566480565761
0.125442414355519	0.104520956986419
-0.0837787693517135	0.0605684223630422
0.155332098643847	0.0594805360989695
-0.602405585708623	0.28879386283196
1.7790410882222	0.991135647181007
0.661939461208533	0.473373789877141
0.352178143069526	0.19762715358963
0.00804665189536851	0.0041958129175645
1.01898216078355	0.842795645458137
0.955450516302873	0.253599562429476
1.45750864016971	0.482642955020513
1.78280786545783	0.994156831140078
-0.338530582329419	0.0969729638077002
1.62425698024337	1.14139537751326
0.179593670363422	0.111192837326705
0.722419765331922	0.479050422254917
-0.22660846787133	0.0729201203567204
-0.14575574418188	0.0521067853554539
-0.25143887954903	0.156168426568131
0.0557689321346321	0.0327439002784905
0.99394251628107	1.09267769152319
0.626408717601968	0.681975521084406
-0.858687332272268	0.984873631000323
0.445274304992279	0.341232376034734
-1.68603893071023	2.43181110377454
0.621193542437612	0.583480088133441
0.557691132578573	0.467977545226768
-2.46635346637224	1.36876488508961
-0.388983073245947	0.161933194009196
0.3708218679484	0.188025140478336
1.09536440255863	0.676200316184801
0.328167464789927	0.214587978180975
0.554568715413759	0.323001834195925
0.150475505340959	0.0577005678908003
-0.130467359796545	0.0733687298281816
0.556016500281438	0.466127789265488
-0.676136882605523	0.788229031049818
-0.0679433292565634	0.0411898300399525
0.315416537911014	0.229828006185844
0.620372176791111	0.582375160226231
0.801469842383825	0.761449879924652
0.912026732282569	1.13739983642436
0.595210469198247	0.576622013476194
-0.153591672183801	0.10497667910585
0.620077771421779	0.582078890262043
0.761094908439636	0.750402984005732
-0.662617098155497	0.462044707442643
0.444814435858269	0.432071981751664
1.70786173927469	2.31642848814318
0.801645074983191	0.636899501437327
0.187000066980661	0.116097995836172
-0.905904906753246	0.659049503629506
1.36239123667887	1.45133158366099
0.176897004552945	0.126295117988708
-0.0148879621142129	0.0096996219186381
0.421483311865105	0.335747582596197
-1.63649756337855	1.67936646959738
0.101914125082638	0.0725074644144097
0.894218897575664	1.03729037420537
0.926662965476424	0.809351660044578
0.568731011735085	0.564959836493275
0.962552349023082	0.953102978773573
2.35472473667329	1.17325911838892
0.678074042401891	0.214702481365457
1.14031079771681	1.0345253422577
-2.63393925063751	1.61325264579069
-1.15827717575799	0.646999164380605
1.45376570788251	0.907769023326226
0.174253002039253	0.0934596570012012
-0.396390830144092	0.165162480209876
0.168774858509076	0.0425819447497206
0.159477208419433	0.0774439925165876
1.46398903776532	0.484992681122713
2.11931178949686	0.946188348024025
0.530165701430798	0.189830529659283
1.28472750287023	0.709731039099373
1.78794929656227	0.999088707441885
0.802474283944182	0.639034215660119
0.357297312997041	0.321729077695289
0.036586173986381	0.0200771063764283
0.184774410298914	0.114587462834044
1.40901558143197	1.10007551382532
0.963805320544764	0.656944677176211
1.95698663574264	2.71527264744661
0.806383987037558	0.768081251283328
0.154307695842673	0.0670116164180212
1.11426150291908	0.852642216045412
1.13495042363196	1.02718010367926
-0.097511708910203	0.0570962562688123
-0.531686544664998	0.442398740845261
0.00867301597388976	0.00450461435581255
2.75983045320572	3.04298658113998
0.327205775380663	0.227490561136661
0.323546101809628	0.211070644484925
-0.149915159045215	0.0535975402652961
0.165353233252732	0.0491580922731075
0.956021254579335	0.253830462538477
3.27025913837768	1.12233669524588
0.678327026073525	0.214743904761834
0.69334050166972	0.324281436252243
-0.305667536286251	0.140433710955756
0.465842650629328	0.458122176531049
0.195761808627895	0.151953923772001
1.03595159383122	1.42501515664653
1.17189766959985	1.46347899315178
0.376291908118834	0.342988460829152
1.17319556141436	1.46580251721039
-0.153850438884648	0.118988550663401
0.205339539709858	0.175430975709094
0.200446666247946	0.155992036371661
-0.704611237736957	0.672366269791083
0.193498242190625	0.139365170129978
-0.212845349085236	0.179225412167996
0.38615590216002	0.341969068738113
-0.780479124158181	0.731688072377777
-0.879035674784016	0.725766460300008
0.438520888642306	0.437959310078174
-0.0660991139708671	0.0539907034745289
-0.238122607239401	0.231090927550923
-0.542118352585672	0.48722135583347
-0.27397439326094	0.171766494290648
0.309962594787463	0.225217324224398
-0.641835533399599	0.379207941659656
-0.219691438395187	0.142223405058537
-0.0361505627024785	0.0267598030521985
-0.183289423036995	0.140148001151484
1.33603551913475	0.58343053611899
-2.57421277656498	0.657506382974291
-0.517825107309169	0.195474359908123
-0.145344570977986	0.0520206122062214
-0.564693402504756	0.409769659249613
0.0764285172414965	0.0498139231241109
1.72055726357847	2.63304386892258
-0.323683410955197	0.193855875523102
-0.374954092791085	0.256788986696097
0.27472848979536	0.229773968525386
0.284748306154782	0.239631854449219
-1.0918548630213	1.68263645898639
-0.339949435214269	0.343871557628886
0.397366612198972	0.430980866033009
-0.960159411798467	1.26613699229156
0.995508977271508	1.09538689579054
0.98662959324316	1.30202288397276
0.424470984084547	0.43280116424358
-1.21765522768148	0.919890917263099
0.0173727718498564	0.00880395312726903
-1.09124453490274	0.746716667218724
-1.03050037148325	0.821861909587222
0.189420407884948	0.146487674392587
-0.463194052836901	0.390176865917532
-0.230567679512406	0.115193837373947
-0.678356854054021	0.536476804516852
0.80157697219527	0.868176983509395
0.578731929434059	0.57835371304571
0.533271615963625	0.465279980285951
0.54886390700943	0.559751361592586
0.762460888858937	0.845472628244126
0.898832628925352	0.920066058435378
0.727901069880597	0.741150823200395
0.861099450989753	0.788724784747722
-0.566948877717021	0.411933373499916
-0.0443300541763435	0.0276438846838509
1.17682969804338	1.88936901852891
0.164276079812026	0.0798177960946877
-0.331732644852468	0.264277075172005
0.100317287007638	0.0713215905359444
0.193412453192097	0.133426738731091
0.421464104588152	0.336049521196508
0.294061669665467	0.21187450250705
1.1612622074235	1.44360967026087
0.187914591738266	0.129382098298761
-0.470907981150321	0.398160255737223
0.171571286211225	0.0918556046384243
0.189357702274853	0.117674897154074
1.45921260598365	0.911171678759609
-0.770068697774849	0.334529507186587
0.149666584584426	0.057386385337034
0.549727560798514	0.320176231493352
-0.994815105683792	0.891606257980108
0.473984394021205	0.346799023957904
0.05278159058998	0.030953643243993
-0.988142626310866	0.883415150217198
2.56816799229394	1.42366049671478
0.447033508771595	0.179332628177769
0.907242589251317	0.491118576866025
0.623616192784513	0.475936133864969
1.2467415792424	1.05377888645287
0.402287490263633	0.332466734188212
0.0894627019372538	0.0610116207725765
0.194389423847721	0.145588093910329
0.333965119562942	0.218873527726212
0.365870121984464	0.185294959089236
0.336705336032298	0.205140270151684
0.850981346162284	0.899544425215181
0.146229008338844	0.0635282205648692
0.496997638075386	0.342953961494045
0.362463629124334	0.183351845350551
0.188545421277923	0.123750074265606
0.335575572316196	0.234177317592996
-0.297840053841304	0.136593573682291
1.01546983935886	0.838531161552277
0.0601354607237102	0.0352991367677534
-0.774559474057367	0.661374285389351
0.548380614826582	0.457798289189876
0.757364176169844	0.745435176648585
1.77807272964114	0.991266441038299
0.671045597340039	0.212419421287662
0.146862988464146	0.0563051454680589
0.960305402281055	0.254935680101795
1.12291377931064	0.861760058497187
-0.661476841791854	0.461452237554033
0.878670587890543	0.654219727990045
2.24098377430417	3.71945899126844
-1.88883582441916	2.29763145970008
-0.78324238316564	0.51694807557245
1.9119291273033	1.65821217079282
1.40490733301525	1.09422409399136
-0.144823047322186	0.0518259567182545
-0.485361874673213	0.362980929730618
-0.483799671260548	0.25401643493222
0.966144111768955	0.659586065705464
-0.790568497787637	0.431642500391561
0.531358567637365	0.190353154457246
2.13096277121058	1.49232594200219
-0.594222296788952	0.482605327900596
-0.237759663879899	0.175259141857018
0.14992384906264	0.144531099610042
-0.147794734487929	0.183020653900322
-0.191177927806038	0.176692019814843
-0.0565845017021156	0.0598148041087318
0.516721383676098	1.01911993044167
-0.0446312225318363	0.0371955357642426
0.480317297884742	0.531459898535188
-0.376897264563181	0.355290180101692
0.0923426636015777	0.118975188885339
0.418836047919363	0.673774293907513
-0.430133146466776	0.600123279658198
0.971727784069424	1.85690937791715
0.361307984636548	0.356798411317072
-0.658977908607812	0.723967680606143
-0.382185247669976	0.473932891044322
-0.314797251734346	0.458519952961184
-0.124204229168671	0.156548427988632
-0.207036095751239	0.173628310867373
0.866601047375651	0.642861035684063
0.390545568972374	0.334026726915024
-0.218838209762121	0.165459252437844
0.69950681823466	0.809259662916331
1.66884844425806	1.58005451800046
-1.14232543650224	0.990715575829635
0.185056934229319	0.121341932760814
-0.404348517129702	0.405697752935443
0.571647653989577	1.11319460983599
-0.0995108382303176	0.100452289253249
0.451749800514777	0.6534741239852
-0.890034688093221	1.57394941431053
-0.780362882887378	0.790298736791703
-0.327198460349301	0.355261925770985
0.505335775486132	0.889826037622014
0.03768726966539	0.0375516372892159
0.920516334667094	1.15294425361422
0.612929763345582	0.322198510040784
0.16350747165244	0.0486421723506342
0.965757938294125	0.659223381476166
0.674624067917918	0.213658555919133
0.972518034775312	0.665747089515952
0.401004759725915	0.181252716245447
-0.447348009541543	0.296091057580617
-0.0521568424888667	0.0227541982295842
1.07359982425497	0.519417428828948
0.880994997868645	0.656990577180814
0.538411053738588	0.645883915803846
0.301468873169155	0.238109021349758
-0.249618593768258	0.257680878188703
0.191550916019887	0.148272550788528
0.875563143711372	0.652125194390619
-0.935322611261168	0.571490907779647
0.896312251828371	0.916382983417697
1.10764973690553	1.60540048286855
-0.392200046625833	0.163170242246941
0.271213828309725	0.260390984294098
0.557632421056127	0.855834697613822
0.890395701793262	1.03122482231228
0.691047148476251	0.889897279670896
0.596684382175525	0.75448175592326
0.619627924386865	0.918891615556401
1.11647058349531	0.853741788113784
1.12129687762842	0.85969816029361
-0.980181829650338	0.48486731656345
0.365309556936434	0.184971174262005
0.161736914950373	0.0481441679802126
0.676558588301015	0.214207370803977
-0.519595731781202	0.196299451898154
0.169991965622652	0.0827179295892245
1.06540289518417	0.514719544781792
0.164122988767051	0.0488286730136595
1.06214611876241	0.512522872891445
1.06956203261337	0.516936934630967
0.518009260968797	0.330588885181151
-0.515201103368893	0.194390956127506
0.534471951018738	0.19143913325364
3.26732978575294	1.1211772426211
-1.15576692816741	0.645139356537943
-0.387383513412813	0.218288757483122
-0.785045574447007	0.51884943546193
0.115795481925816	0.14667442252962
0.0327694130518081	0.0180355415878051
0.351289986786256	0.197037561356665
0.462322411007967	0.336426975269658
0.486660869583503	0.706215554507465
0.140445958883117	0.123869724673219
-0.0416329346414109	0.0346231263175929
0.352129723928375	0.467660397972892
-0.0526836141039712	0.0511591477215037
0.190703012450781	0.152369866611746
0.0991931641020624	0.0902768463224338
0.762950299053529	0.752881640822688
0.789394610629589	1.18844487594784
-0.0952613816108974	0.0557825245327833
-0.0546317604216629	0.0237973250455786
-0.558203381786785	0.403674381036559
-0.390834862597033	0.269628355803637
0.724002092406767	0.480262013597231
-0.380422747940611	0.261168714177198
-0.612884505669154	0.545021738563443
0.554568715413759	0.323001834195925
0.300141325782674	0.227479000054827
0.383776304063518	0.326942925309977
-0.620473624670499	0.150917804175241
-0.1849895943784	0.141576658803273
0.280359012823284	0.25729743591935
-0.189352559245842	0.160884267594242
-0.0679977954357345	0.0668738006429447
0.276803535311949	0.260090232076376
-0.184894486609902	0.194224947344782
-0.423264796723751	0.531461780199039
0.262246361392646	0.289937065349128
-0.681610584845973	0.834804350306715
-0.294589719885271	0.302008883009235
-0.203468323457486	0.213685384882208
0.989701756789357	1.38260930867905
0.634118457175802	0.775712202553634
0.308233235183402	0.330364912677267
0.615552454490385	0.840520354591789
0.437947998927597	0.437226360018269
0.0640579915237001	0.0597786620473124
-0.000383873235802953	0.000200209586719726
0.168313814587354	0.185179952344625
1.44652588056221	2.20020908341348
0.605754620574826	0.674010275869277
0.121786882852067	0.101146401235992
0.831595470071498	0.975915628417095
0.448524252970948	0.179929065158735
0.193374327603489	0.144750736191457
-0.522478640766638	0.432698596091657
0.0680189386990921	0.0442222561118584
-0.480290753024871	0.53478834142859
0.0889744461345344	0.0928253407631869
0.201384340008974	0.197347465927446
0.472102676525423	0.607764516881851
0.411632574953305	0.439592501703609
-0.276045825106152	0.246670225555758
-0.547935993747501	0.799192112379414
0.160993761545135	0.165129479238512
-0.0677157114583185	0.0553661068157161
0.620967332602915	0.473108097806852
0.154230433238886	0.0668711002687059
0.345995624612524	0.211726574864722
0.958850963614396	0.652860851480844
1.11976822592027	0.858206365738728
2.12756296498802	1.48673585630167
2.12019415973984	0.946583637874322
0.962467396277251	0.655542604080646
0.592910700412043	0.477699875855389
0.453070686765713	0.348579174661307
0.0504670920690774	0.0295931431136652
0.378544594320409	0.333797232313828
0.71573784222308	0.724519875821174
0.453255658124011	0.328575444078854
-1.09889532514215	1.50932787815049
0.0615090564279281	0.0381285429405522
0.555184874070821	0.323366278877042
0.707124983515721	0.821486816571844
0.394516858320136	0.571511259209694
0.967227342785128	0.959348241724308
-0.888811758326883	0.737584730649849
-0.568859992435638	0.413682491744786
-0.181772158988526	0.0972402748026943
0.157007711765635	0.053125881526133
0.674015164989584	0.213380808783075
0.799645054558684	0.481827358077666
-0.0500167753447528	0.0218436954314373
0.153784739713925	0.0666752947243333
0.446663041595485	0.179042654148501
-0.63772474040925	0.376517822017595
-0.147620239506441	0.0528094966861183
0.549220598573148	0.319462304713769
-2.2299917316961	1.8689262645183
0.40415311010784	0.182977800272853
0.527441569268044	0.337983141385711
0.311821390959685	0.237714545853808
0.214731832723748	0.237430617116379
0.212252194217804	0.17697266860069
0.297087908754823	0.251804606423769
0.439939298966565	0.523131740776825
-0.355083028599301	0.385312612665191
-0.0789624531632942	0.0569540668379512
-0.557436319240897	0.687369008276362
0.401475001972019	0.447244765615811
0.590069246330909	0.569954098821112
-0.29979741587125	0.308475721974467
-0.385425421918301	0.336313956708757
-0.148993269823761	0.128790955512229
-0.165732447275051	0.141839685401679
-0.418086123022311	0.452105332643115
0.405815649628593	0.336033688740104
1.54573627921496	2.3145260087149
-0.654355277118799	0.786896881239942
-0.718525686763162	0.785508364424598
-0.17045340489726	0.112852633418416
-0.281422446328521	0.252369161251187
-0.383669122919731	0.453636800094099
-0.208188780843274	0.190792124442159
-0.0395789599920911	0.0247036163236496
-2.3288142369244	2.10680501638919
0.907366859845338	0.93227884135761
0.589938072459855	0.474877359950597
-0.376021738012325	0.294531144689377
0.632747668588841	0.691162744619429
-0.214967027341938	0.181243803422078
1.1210192042517	0.859470132392725
-0.144946030904406	0.0518319984756812
-0.0504554458276566	0.0220263001125245
-0.771979759176758	0.33543996381316
-0.365367070712831	0.341958577991417
0.683849850148791	0.711330985140574
0.524054224416092	0.335396085648666
-0.171493601428835	0.0915214355729278
-0.173842126307195	0.0928396873679436
-0.236026937703902	0.196277336308074
1.16877496179464	1.56852316460416
0.0378925595233981	0.0283389778789656
-0.210374356934325	0.18866638470251
0.206447043696266	0.198954526117316
-0.153985272501312	0.133503201566809
-0.125008828034927	0.099795726099042
0.461527219128842	0.544402647529527
0.271419003737681	0.285070941204678
-0.481745010753019	0.252326365035342
0.339697236429673	0.207328116159156
-0.524859305919209	0.330149968372407
0.964861924945806	0.659103721289609
-0.215298762662489	0.18156379585689
0.383403024941788	0.339109125669882
1.25889697884998	0.877564606704733
0.0770003633795738	0.0501983808589348
1.01512916892247	0.838176811089913
0.720833720379959	0.731537920620387
0.158379638686509	0.0535717951029833
2.12544210384278	0.949600697707754
-0.771691513742003	0.335443022402567
0.149306636120966	0.0647638199880352
0.696502272331577	0.32645172621025
1.79763750621694	2.24166188016486
0.531504580449381	0.463105897296977
-0.777183628159657	0.511652397136139
0.79914714879669	0.481985959097062
0.914840595363956	0.495966408409807
0.376289327852202	0.331348192454288
0.193087571957713	0.144485709910731
0.469233460648145	0.446997981930742
0.671548203309383	0.481720922021366
-0.784368275668199	0.736633577875233
0.195783755872049	0.146745926643753
0.0539169717467976	0.0316600886612847
1.07116116689747	0.51803508033569
0.502492104794155	0.451101598992167
-0.175637920714937	0.0938060493934567
0.0771280491521997	0.0502684962605464
-0.172187654169165	0.114138237116707
-0.125361859817514	0.0704210536256438
0.966618543096321	0.660905613013719
0.336237655874235	0.205148147830107
1.11344938809385	0.850416661771454
0.68054999988599	0.706626390491599
0.354873860169499	0.199548630554723
0.297726111735081	0.22527497971589
0.879727593755613	0.655761946401664
0.182443788387251	0.119462196890111
-0.0499483724636394	0.0311778729489533
-1.13798228691441	1.26272895277165
0.928943771569795	0.811636843199335
0.823011572866799	0.345529818511679
1.40426054995575	1.09177956645068
-0.33604699779225	0.0962542202740646
0.507864853413795	0.323021086090159
1.25363743812608	1.06348739601805
1.24697201711351	1.51648372163523
0.59653145553446	0.481350449349592
0.263453223298643	0.280639789574663
0.191371596294815	0.152998422391971
-0.655265175337061	0.718291182215248
0.0310316210258398	0.0232002826836964
-0.627067627000115	0.765537487793858
0.795124088309285	0.858294742453065
0.549858761493468	0.580089860213602
-0.669287937431522	0.739427480860173
0.986312245937869	1.30152991720238
0.117944425754565	0.0902497486152767
-0.109063625502125	0.0862241812131816
-0.778686156451592	0.422976237600872
0.266747330685662	0.273416127393706
-0.588455096363768	0.7210771323565
-0.614687070842804	0.825922320678087
-0.336555038618341	0.269007178926061
0.746445912745257	0.626727292837821
-0.297840053841304	0.136593573682291
1.62468461696664	1.14227082164532
0.465101090447108	0.338801946605546
1.24416964072966	1.75963654892299
0.198625406703296	0.149032275813035
-0.39380470864857	0.163055245361241
-1.51887413840601	0.539249413623567
0.49196780112581	0.338735092568574
1.78360454245044	0.995014608352168
-0.774085213986128	0.420287493013783
0.320660260658061	0.222274333441984
-0.0138297563779102	0.00657762514272494
-0.941538613605212	0.577270307527647
0.172640181911573	0.100093090653482
-0.331011850461288	0.263821967843138
0.0983197832704984	0.0722141071075085
0.173967521375769	0.107504753375604
0.19141700732988	0.166347225180778
-0.163636165441528	0.139806692853816
0.0303879323486166	0.0233829275381501
0.456452676480441	0.431378620498211
0.376121927501863	0.318812104496526
0.557691132578573	0.467977545226768
0.156677485672955	0.0599921008864987
-1.16781498514129	0.654925626710788
1.05363796526289	1.117303484933
0.616163706724048	0.323963820348484
0.581707823142408	0.466273959103669
-0.580968393498668	0.568072848683009
0.557760605461229	0.325825746744011
0.408517133062282	0.338745899552954
0.498858011456202	0.446874287011393
0.825691409963229	0.346699820369323
-0.778246504209221	0.512378207061283
1.78927601064451	2.2246717553556
0.506755675286822	0.322144057224031
0.159309508018123	0.0773631670337162
0.905001063865097	0.488803007038993
-0.304810011085275	0.140006335401098
-0.17181326960902	0.0916447682244994
0.451192438402243	0.181126907831056
0.409954474960341	0.340226207300404
-0.340335486920981	0.272539929215237
0.0371066067256111	0.0204114113165616
0.286776927757487	0.241630354478158
0.281062588679827	0.235987112873468
0.186795688306154	0.122604342077218
0.44183185362004	0.338239844457179
-0.560726761069277	0.406174595342328
0.34384519586821	0.192376390110105
0.582554883623527	0.467190754012619
0.336824056936949	0.221178456640887
0.617960294616033	0.325588534611157
-0.0226197356380459	0.0145139829974664
-0.146162239283921	0.0995289619479468
0.291578672863706	0.229174401699965
-0.0893300542784814	0.0355154444573409
0.188760408181018	0.140894238931135
0.805558223174815	0.874159643827915
0.619128009084537	0.471357525910757
1.15059455551734	1.18632406613659
-0.169006944467752	0.0901208825124817
-0.550246943136274	0.496632041680243
0.182046825711968	0.112796767776135
0.952729371406254	0.252945498225285
1.46166504880046	0.484245680586438
0.522636273119786	0.691738238974428
0.366758525887087	0.425877914056874
0.285845946065888	0.240678611259084
-0.503061055626968	0.461807633580039
0.372869900868976	0.327623744225222
0.367636393581615	0.364358737054349
0.39672368557437	0.419020149709965
0.386243058281095	0.329574659193299
-0.342644954392696	0.347138058085077
-0.140148967156712	0.131943009496498
0.119412820305643	0.0966533380049311
0.40818540035777	0.445966769894814
-1.02824131658582	0.8184145093521
-0.447593966735753	0.548930476517255
-0.657225059069087	0.757513216367557
-0.0414860903320125	0.0403893600366748
0.673676464583042	0.793403423658127
-0.178249908586021	0.13593143716708
1.04004105118759	0.989206823063068
0.289133697806003	0.243950977843161
0.534649162518426	0.559179068697507
0.0162251122146166	0.013047152388347
0.804394970049155	1.14132216579497
-0.447570581988841	0.296256540556445
0.512548508902482	0.326518916259829
0.615737147729507	0.323652917911769
0.370011540788224	0.187565655897233
0.280151504250307	0.227066660155741
0.387013291323902	0.330336856742161
0.504429895313907	0.621557289109413
0.626804437548894	0.590466441971677
0.189662776704617	0.136264748867112
-0.434530266198264	0.431891886593511
-1.09682488919706	1.29787958527563
0.528083061765831	0.567931893265848
0.0143877215893422	0.0100734185468503
0.722504533873179	0.990449711563339
0.700674027439133	0.973674612780706
0.407231181579423	0.433471005938232
-0.394364956602897	0.493913541170434
0.274742952617138	0.283279420183236
0.627010602134115	0.682515543540424
0.0395986468739409	0.0287368739154321
-0.27746166299606	0.247908735456452
0.500145838080365	0.545044128143923
0.518995405925334	0.555308842730845
0.864294014963422	1.19253016460836
0.486275975849007	0.450666474693152
0.797854392866415	0.633308966265157
0.696019139058386	0.326181694218467
0.48960562884254	0.336261283246516
1.62545895366174	1.14117380728711
0.550114907580645	0.459594904039153
1.47317121426511	2.10048342966722
0.503335855629556	0.452080910896017
-0.532290086700177	0.33598737053833
0.293856132153053	0.211662378578851
0.0786443159947785	0.0512898463539265
0.443982375315665	0.431012232324188
-0.223218347208069	0.202151609690838
-0.0589225996912826	0.0487696631265264
0.454578618850892	0.444255179740888
0.19962089082634	0.165243301752276
0.548120259583081	0.457690418363956
0.610882522797116	0.320970485203162
0.588375236978345	0.472923141620029
1.49441304123192	1.51195514338771
0.354676037934388	0.199435398461926
1.70086154080996	1.98900076949419
0.972885106280169	0.967904395760738
0.473015109079193	0.451478981020007
0.488411793037227	0.335275657463951
0.520348694850638	0.332385893238591
0.44214738965994	0.338517940435856
0.402820206427579	0.438484351312528
0.333968722389264	0.323759884146015
1.12592524869905	2.31086295726832
0.552123884334379	0.875250779796653
0.0872851635383159	0.0787431909460743
0.425518688779986	0.523042090198596
0.310177677340225	0.225452412221547
0.530958360113633	0.722549769504248
0.20012215654888	0.187855013840775
-0.389737689009279	0.387069420855715
-0.59166443510926	0.726713205165445
-0.314300758921763	0.319766956205966
0.140814428439461	0.129626406563095
-0.565583141467686	0.701362018505701
-0.329259719379362	0.338528074662276
-0.0891015522066508	0.0645633964517666
-0.373859031451749	0.351883441783161
0.120932591426973	0.100467435545695
0.309832598758004	0.225107113923435
-0.888729808060189	1.17305990266194
-0.442885087772817	0.524112634851801
-0.710800048245704	1.10940073037241
0.285654989261404	0.232365062829549
1.25666813963149	1.06761288857254
-0.0983094882699554	0.0389944655091387
0.524054224416092	0.335396085648666
0.299926331055781	0.216852346359918
-0.000362512047130547	0.00016439191451221
0.455321029509899	0.459311519545997
-0.625191995446008	0.152059991852936
1.78387299384415	0.995769110055271
0.792514725129441	0.47616978633845
0.674624067917918	0.213658555919133
0.288684137980384	0.243472084778717
0.297476053779987	0.22507100522786
-0.687400192199995	0.600329773923307
0.721677004899186	0.477585894519753
0.166865157340979	0.0892897675668305
-0.298428693911449	0.242087628945116
-0.670801803237885	0.779679431132693
0.651731903966656	0.783035088984322
0.331662074015875	0.329589119882439
1.06373877799118	1.9394261316468
0.274304461205899	0.250749957575502
-0.737909935896316	1.02822947633046
-0.13348142654644	0.107093147366432
-0.017161808639747	0.0110791227818545
1.33686934913081	0.583851214307558
0.330092572977574	0.200918894160308
-0.00993108119343148	0.00479119232698611
0.325225020666644	0.212471790952935
1.04272737841263	0.394268038065867
0.523901197250327	0.454770229858739
-0.127114617585583	0.0714343385538241
1.09457677601994	0.675868224967627
2.42060648966525	2.08049323460048
0.91365755247412	0.494918706121157
1.27305852118372	0.700896126848616
0.135788667776703	0.116633872440342
0.0804231308283813	0.0546537093982391
-1.08209556356971	1.0374459986409
-0.26205239404885	0.163608698329126
1.06547913148383	1.13564106149337
-0.258403398435888	0.161086584179508
0.0550120977172566	0.0426065138864732
-0.332001048640407	0.235504138865698
0.597715972464767	0.57967920020874
0.311852055881243	0.2268552616189
0.429942790078837	0.327050287129515
0.332439162012163	0.202292872990048
0.800710086138539	0.760502760523034
-0.780664408141561	0.668459792685957
0.840312433088206	0.991107292284507
0.875808317177777	0.651647653306811
0.794292040147968	0.950658981487652
0.208769231355517	0.214043813893705
-0.0782593247786995	0.0756403122009984
0.423309998214892	0.337671073941182
-0.543193480355373	0.56815711882941
-0.143206347432585	0.12332161848451
-0.0272928809641024	0.0207587902749178
0.0271872362237534	0.0203273725594707
0.582945579907316	0.660573452545843
0.513685315237047	0.637300750795865
0.360545118693732	0.335754323795067
-0.0382739870281791	0.0317908821813647
-0.656114242330151	0.719617440865936
-0.567012142878132	0.411850294744091
0.0476068237676553	0.0367383915786848
1.1022933046942	1.82795064285755
0.0941316043969293	0.0836770659174354
-0.946940761079039	1.00499324558332
0.161279166809651	0.0700215151745545
-0.0182188330289631	0.00855636754080677
0.368321728900907	0.18694093022339
0.93412236011684	1.05308720349841
-0.175814485819801	0.116740581423985
0.0690220656565933	0.0428178135703788
0.396321523634851	0.179300304899926
0.173378039987466	0.0436162262322836
1.57722144544452	0.783207973163534
-0.51438298636481	0.194118813219938
-0.213476489802384	0.137875613587032
-0.212383516536379	0.13704828262681
-0.449411159470519	0.297864265884912
0.156759343646976	0.0530139398711762
-0.643371745300238	0.381016922858234
1.14587539657828	1.04228896680032
0.195573703537156	0.135087604779723
0.82862808176872	0.97023749588149
0.0225209280246477	0.0157037253528253
0.139144531532548	0.119819412536111
0.099740107571575	0.0708920376801305
0.946502060225659	1.27195422542411
-0.937651876405	0.990623449328729
-0.14693598920909	0.100111778208016
1.96618645133891	1.22898315939808
0.34273122071197	0.209612731126476
0.146862988464146	0.0563051454680589
0.152892132855699	0.0585519167445771
0.363275266181646	0.183788586984191
1.04254055779905	0.991468545247222
0.609542343546943	0.319584682617334
0.38849213734451	0.17528079140209
0.618772305447232	0.47087300874564
-0.168026821919346	0.0895432362312586
0.146656830686809	0.063707154750393
1.62588347227878	1.14148858682172
-1.0838064136158	0.739923748017591
0.0579979012220224	0.0376438636971129
0.446038779031825	0.341964746794345
-0.986652334791985	0.881335123372843
0.44986064886097	0.345453241251773
0.796589495349042	0.754778196585568
0.320890811661795	0.222437129666371
-0.388631285999459	0.219134773654552
0.441923870359653	0.338088380710113
0.383049368968259	0.326052402867669
0.363031853661922	0.437543650688215
0.275538190576587	0.271791674783499
0.78520954188153	1.28590269811081
0.391987184178649	0.335444400643027
0.899535277541959	0.920426207884326
0.099140462960942	0.0750792709279015
-0.314027054439406	0.300163016366147
-0.383008765826416	0.263272643322082
0.0120010431457419	0.00843521901031169
0.0493478120903533	0.0289797331286788
0.285967598646516	0.248651758979704
-0.0291242285735455	0.018256438646019
-0.245162515671851	0.18151884105848
-0.768438566212941	0.333785190075404
0.871291125443579	1.10701011953346
-0.182369203237185	0.139421498640473
-0.142743077695116	0.122883874017385
0.147139936202473	0.149215103163775
-0.313747302356465	0.187107841504746
-0.294973808748817	0.238888485908144
-0.0060595622310725	0.00402599389481994
0.548363514539651	0.559184034323187
-0.424956794615421	0.450265911977816
0.343411939308109	0.352900073361761
0.463744188132016	0.440236326276104
1.78348253392538	2.21149040549125
-0.174462240086283	0.115758349906148
-0.0449394788714162	0.0280411168355702
-0.239662125094792	0.199795091052847
0.195597328644526	0.156761131854753
0.0343626134914949	0.029180813839248
-0.851812860801258	0.973392548166661
0.269828707852053	0.258776818334672
0.471443627449985	0.449499680849626
0.0370590852264984	0.027710135526372
-0.147190771205095	0.100291912072455
-0.123300882982127	0.0858767253485518
0.591141194446407	0.475731035254154
-0.0265448889780933	0.020198316988839
0.624205180357394	0.678663202840117
0.652094102866412	0.694267329816493
0.512036081436253	0.64923347225268
-0.877201423436235	1.2626325517762
-0.163998035323802	0.151454156681679
0.339166567141698	0.330016599263438
0.197945277413079	0.163672105980087
-0.21602995701381	0.162980166032853
0.984973747523243	1.29903793105652
0.902898484665108	0.926143344435607
0.43437161888689	0.331208003363336
-0.0173522542132245	0.00816670614212101
0.629948873170293	0.482143903208127
1.25683639813751	1.24008147553579
0.511099958073561	0.325575794598903
0.169991965622652	0.0827179295892245
0.82356383183514	0.345689171495802
0.801409389783643	0.760544209289971
0.209956164363381	0.189359483246051
0.359039653144804	0.414271806591513
0.312367438288231	0.227252638168497
-0.23348561818381	0.116635848948105
0.514322293330383	0.327894000362318
0.876584227073887	0.6533050951556
0.605478259584673	0.317250000565942
-0.0978550297863506	0.0388181313798155
0.699428692498699	0.327777619884817
-0.125804665724835	0.070636807053924
0.282138557166806	0.236991238097844
0.200348165002091	0.192228817531003
0.155992968223928	0.156663102404634
0.300047937137709	0.35249834573457
0.276760163508718	0.285810969911354
-0.0771158819046492	0.0634210081733061
0.314336169446471	0.346084451891323
0.497353163387496	0.445227375854135
-0.608966309076826	0.672878634782827
-0.241327365371874	0.178268886206455
0.699768466149988	0.809652163872033
0.79719122268327	0.632591708557187
-0.501581811791707	0.52806542717124
-0.216563018123664	0.163471593353584
0.802448802710325	0.96513569195981
1.36668619572423	2.110138316598
0.182618199253633	0.113231430986803
0.610810426785884	0.320410564160423
-0.0109948049552958	0.00840816463586921
0.4134164975613	0.524544989924393
0.144959237965915	0.141743487465595
-1.1645270402801	1.44576669082064
-0.28832136384558	0.209522571254487
-1.09324793179828	1.29134710027209
-0.776694103182034	0.985076511300618
0.273023696665726	0.255984475685853
0.4335197252461	0.444468512692047
-0.151953448658315	0.103796953373437
0.627433071987274	0.479283907899654
-1.33661267805488	1.33201932201626
-0.175176379142137	0.116281289296522
-0.283784102797544	0.254843823813855
0.937071806268603	1.05792972362764
-0.120363975616699	0.0837517545699559
0.500535728298347	0.448811542047615
-0.188390793809649	0.170046447980619
-0.987204477549487	0.882185679996881
-0.85906051880825	0.922575230751308
0.622624383480957	0.474915714903367
0.287621028171495	0.234237892329399
-0.0379938665528948	0.0281278033620061
0.283044384117851	0.253011818641552
-0.577020959741984	0.563025190077911
0.061283425028744	0.0379683552377311
0.123768458048294	0.0978026318725582
0.833489460433952	0.978184915212677
0.607416066714433	0.676661977088169
0.704071190066758	0.979419253542748
-0.217350140204464	0.140562312463985
0.384769473597899	0.340499725955727
0.474169029041446	0.347102195976187
1.7725887515234	1.39066298859135
0.465968799652123	0.339891182807023
0.724127973683944	0.48048135841486
0.366807027989842	0.332380762761077
1.00646638320237	0.827690318894803
0.355259965798764	0.199919142080241
-0.0247761166604335	0.0115422093868676
0.555342775922647	0.323480660049998
0.0522388415059354	0.0306333563150545
0.722586682173254	0.479433496849156
0.624005775009231	0.67834944775887
-0.0917614653775769	0.0747763544916636
-0.0313634244087073	0.020066818292552
0.431928455224605	0.328819529502878
0.62281688225634	0.328227321912334
0.869992857791901	0.646260299857037
-0.443040262640939	0.29265647733283
-0.227810792454775	0.113627800030682
1.12395029825131	0.862792375589228
0.324291781025644	0.225183663176431
1.15949004476295	1.44036269550786
0.260169963378411	0.276423336610381
0.336945212956108	0.36916291593169
0.460411118207106	0.624208555263065
0.374937861821097	0.447278156377961
0.85659047280461	1.27035621237784
0.288597042268409	0.243453190519871
0.551158073410249	0.648568394256934
0.602251234882227	0.668324404784123
0.836819410138597	1.08207677868928
-0.127196852943624	0.0887948704939593
-0.115394308023519	0.0915893372902785
-0.210073504392891	0.176541481761118
-0.856558544979581	0.852029169148707
1.01009130307695	1.20772134065811
0.939919255342766	1.06261957865508
-0.0387829331241283	0.0242077914541375
0.621885451296819	0.584257327660229
-0.430553351154822	0.330858879959705
-0.0986841463384019	0.039133725253121
0.551903558517306	0.563969974162478
-0.558539688061159	0.403897610078034
-0.918502966782428	0.671129418061767
0.170463560118838	0.091360753424875
0.661942739723144	0.603024946715547
-0.68462008935567	0.597124384332865
-0.229845389333306	0.190409413403712
0.166014791693089	0.0808038311602498
0.827624029735347	0.347817645508971
0.396544322764292	0.179322808464406
0.721325254429188	0.478284928324516
0.0884740398976049	0.0602918612842613
0.976160271878883	0.972343205936156
0.305570428643086	0.232202187256297
0.396915452026465	0.179527619920334
0.100584593123052	0.068883747342884
0.0850529166405764	0.0579094320223664
0.913111544997844	1.13999549761421
0.469222565049648	0.529214377773276
0.545360039682455	0.555114059480263
0.7629225311946	0.752935269797173
-0.844568446227231	0.961649348779913
0.874511790488264	1.11266175349841
-0.311175077419715	0.276601384476455
0.469405963353602	0.342689547489565
0.190844815594552	0.125469489558183
0.317266503060642	0.219478121476416
-0.383864078822625	0.26391397607885
-1.08430940055988	0.740384056022703
-0.336695304891544	0.269129405226743
0.46763897176312	0.445052459928506
0.957025852492456	0.254006696314478
0.612448749239939	0.321529640814197
0.327312253790371	0.214081288699079
-0.014296412524957	0.00677425543419006
0.606828046375715	0.318549819537036
1.12604977550652	0.865189178923174
0.879059027003778	0.654742270728468
-0.309713494060939	0.142434917845852
-0.570059384563465	0.414726617397074
-0.133061567000548	0.0748562334150802
-1.50922180218546	0.535188573690381
0.154141692684137	0.0521718492986209
0.593217515443388	0.477989153771183
-0.182798424690578	0.154660610132592
0.1708595757234	0.0914209831756659
0.371262623674178	0.188500607516901
0.802173147233389	0.637983465851208
0.315451335666615	0.218148620644134
-0.0113211972080405	0.00739993224265461
0.19146199658472	0.125883999383244
-0.390358806204497	0.220358130447228
0.665428303927539	0.475694844517112
0.513831201622705	0.32755978771186
-0.0939115867651552	0.0549187462160632
-0.0251351305816647	0.0161016485547165
0.868063327073277	0.643861561593974
0.180698496433272	0.111996325750675
-1.33859704137945	1.10616919505597
-0.779997899774879	0.514330635335919
0.856122424676793	0.78256394109776
0.445362829814482	0.432719979336721
0.219223899643596	0.231001049363744
-0.0467325640770474	0.0422315158630933
0.577865257736007	0.72145831984413
0.0963468051299438	0.0907693400726843
0.407785600507909	0.515002280534656
0.686083381919966	0.714384647529421
0.488259546314578	0.43454673325313
0.180698496433272	0.111996325750675
0.623645257198531	0.75880260560063
0.274814309447868	0.257932303096107
0.292450667884013	0.23883719397514
0.302517544787783	0.218951972461918
0.192495064887199	0.144027766380367
0.710866399969573	0.717585266807012
-0.553660326095804	0.501003541335592
-1.49716854032453	1.67336746164451
0.0681711394398623	0.0443316437607362
0.797336406121006	0.861595976681884
-0.0803966579816361	0.0580159343757068
0.393383546860871	0.17781621670396
0.0991404119064141	0.0704163692674044
-0.180724722624805	0.120256676744284
0.700401077190125	0.328323832749525
0.151529121377974	0.065828989537309
-0.916554418435597	0.669501833751901
0.304946494298723	0.221065350717371
-0.225109741118991	0.146120312840516
1.08263674257389	1.2700101502623
-0.0191472392431677	0.012324130889216
0.826816090554278	0.347389878556976
0.801273312300284	0.637645361899271
0.692420083962482	0.32414977594069
0.758639022591067	0.746790558730585
-0.375646159173606	0.257280391780187
0.527916663522433	0.459292402120707
-1.21491305910401	0.916526501389234
-0.325319268265035	0.258346869378544
0.840868203149455	0.884455195563552
1.14377321889923	1.17431247915198
1.24134914002839	1.36880503659722
0.559327229285379	0.469504381055831
0.884429708183159	1.02139302628999
0.0715016197082723	0.0465344035120232
0.47863914708935	0.441618333441546
-0.00388020380715015	0.00247296705997237
0.16503929098783	0.0883128977412855
0.435893517400953	0.332514104098846
0.588452561195289	0.472943923458823
-0.779111782625895	0.423526286636312
0.697117779795317	0.326513192615626
0.720050615293142	0.476061057943824
1.32670292523954	0.578086333025382
0.802886707695315	0.484923765020115
0.791238337557538	0.475872345880827
0.902442201228485	0.486908847367245
0.972900780732704	0.666006741820243
1.08757225508421	0.670052387651328
0.969336226566965	0.662734871810073
1.57324176500159	0.780282055570826
-0.0967750343232897	0.038422579517762
0.171039158285518	0.0915529732617186
0.924572809729412	0.806890453756459
1.01458152747256	0.837457728408867
0.873525782994569	0.649013256074797
1.40620604291048	1.09484423333855
0.907041268970919	0.490496978709264
0.807013035126611	0.487343336705861
1.09619807283961	0.677003564697014
0.355058920543856	0.199417491348017
0.152200918016515	0.0515403734692646
0.76154050409565	0.751125647282968
0.343560266387605	0.353058583963394
0.858507042898344	1.3649756569599
0.275352328810983	0.271559246646467
0.257647617169534	0.262159805926472
0.379394056129391	0.435436192187802
0.408904615740339	0.435828439069714
0.461485992356457	0.544329964412698
0.211942359797303	0.20515698590332
0.801301657231021	0.962770943564618
0.553555963867082	0.463357406661554
0.803106145829464	0.870156138799359
-0.41749949371031	0.357535684062984
0.508992274393274	0.45852658951364
0.0246778845695155	0.0137062210677778
0.107130004531718	0.0814472496890573
1.04296469752834	0.992338824831974
0.456138733901547	0.331154669309449
0.325742992491949	0.226356809408798
0.290034597267533	0.236422031495846
-0.208123032251957	0.134072271872835
0.185287029563678	0.132919240971847
0.763368312614188	0.753454450973523
0.150484706926463	0.0577199124196889
0.584551216899039	0.469222397775178
1.23632080598689	1.62340427130107
1.16929900393342	1.33971388753534
0.199513806257941	0.178629083182757
0.00689253268613482	0.00537730767421575
-0.271715294310497	0.242035960182142
-1.16482047253077	1.18550558572859
0.320147173934046	0.361218768190562
0.189244595956377	0.124247845043949
-0.237808180891673	0.198013089257077
0.368015482689296	0.344532999814016
0.18385683134615	0.154858101947155
-0.247859087641145	0.222933201430029
0.423569314308941	0.530959513599171
0.222141300489143	0.216477128365752
0.626468730851246	0.9134352328384
0.505331777022616	0.454173589622258
0.302820779535197	0.219159177288331
0.758018467652895	0.746352276469565
0.279158130230863	0.226140752648217
0.282664291724831	0.245244924106513
0.469733427457471	0.603982684789148
0.624506653186121	0.679221423058344
0.860962385554799	0.789202589810071
0.0352369196109699	0.0193900752059727
1.70184531295507	1.98925587321711
0.621289362685726	0.473219352176697
0.610042079307661	0.320425989517376
1.45025309501246	1.64891012883534
1.33520072787008	0.582923907307515
0.327311442268834	0.213765702545327
0.666159443924964	0.477400383005552
0.58783633080819	0.472400346208279
0.523170348527535	0.334694652407238
0.347764192111155	0.194941510301172
0.517249569901011	0.329875465158698
0.163583337686415	0.0486596187400795
0.328855359940224	0.215219343003988
0.58453651643617	0.663138150499675
0.497794051135827	0.541515383338488
0.827847140210488	1.06530614015658
0.199893947764715	0.165492466527015
0.359663768556035	0.334796388187738
0.349135252414831	0.332593211593386
0.801636268752126	0.761583914881203
0.344051910688893	0.344692615540918
0.321504903081139	0.222931224324448
1.36152559096583	1.45007434395806
0.631591459475602	0.483494112339031
0.673709262986291	0.484341326244203
0.930164475421316	0.81325902063085
0.0414735029451352	0.0227737109833623
0.290180599787129	0.227896659189208
0.157971563808893	0.0296806747786729
0.751736750314033	0.737828034449509
-0.258346292988855	0.161009754099189
0.310128183400729	0.22539009333991
-0.00719516318645593	0.00475313428400463
0.550568970705854	0.460115943039132
-0.120504138917922	0.0838419599085513
-0.876593737336452	0.806023666475167
-0.219591185587433	0.166116413638194
1.23999838631047	1.3667472235438
0.360848888091229	0.182567544508595
0.876591659636371	1.00703541730174
-0.232039250645259	0.17047577938996
-0.692518115030978	0.6566033931761
-0.249965219975527	0.185492046308669
-0.103156765561987	0.0830321357317738
-0.516247432137534	0.635004568537987
0.375802156601258	0.330805742119648
0.16350747165244	0.0486421723506342
-0.233869084454057	0.116845734574565
0.190666624553989	0.131431053906393
0.806403366978817	0.875456629820797
0.291186896263277	0.228849992826564
0.752972535258733	0.739341429392788
0.322353710667678	0.22363747975491
1.78063734566247	0.992628395554554
1.90468043780816	1.64914861830018
1.00319360960542	0.824615177088602
0.617412765496428	0.324806645188428
-0.0168220789212251	0.00792457710632973
0.0193987652227923	0.00976172597533054
0.365843807286149	0.185077869281523
0.793374452870923	0.477642196417113
0.396915452026465	0.179527619920334
0.449051374752847	0.180146054252177
1.78360454245044	0.995014608352168
0.626789834951279	0.478720737730773
1.62957959702311	1.14573553161496
1.09123292622491	0.672472630838431
0.799645054558684	0.481827358077666
-0.486753933247986	0.255719209278451
0.359768989482587	0.202509027469797
1.07521217165784	0.520472451854942
0.554662008302009	0.323567223587031
0.564679435350636	1.07056964809032
0.370101383461183	0.564965919783192
0.631028515155249	1.2443061030896
0.713512211216794	1.15297364712503
0.649617794417247	1.15962094467343
0.521383272414284	0.704393220256294
0.77909059215657	1.19649371779718
0.505801398065057	0.638967353668656
0.200578435161688	0.211862331056062
0.0661179198833146	0.05412488967209
0.434693979740153	0.44614314090305
0.378791155929187	0.345547310351534
0.46329567450442	0.337474857425182
0.00776223289303751	0.00517396445295541
0.48147291398285	0.444927592745183
0.1943910584735	0.128007939825505
0.577328015493102	0.576625794044335
0.187792699375309	0.140120028629078
0.200322294095239	0.132188289011525
0.481975939134453	0.445555631799697
0.0614388796626607	0.0380885978256197
-0.638440241973437	0.376828399599489
0.191609516772101	0.137902828588929
-0.0473693863221536	0.0295450319177076
-0.326326233638102	0.230680229445246
0.804439053957955	0.640277106748519
0.0744177851087348	0.0504614859166566
1.70423553910097	1.99372542054973
0.15467977779599	0.0592620304168656
-0.449429168602439	0.297731208780208
0.0849276238657363	0.0554864254744505
-0.869737669707595	0.871117399153887
0.616608928056518	0.468963202755273
-0.421054540280254	0.39575153151642
0.458775258894115	0.333237414800198
0.203949609218773	0.178709552242905
0.185164159896808	0.137973158205466
0.337255970475449	0.205523048145933
0.865657388431426	0.794766988120961
-0.300642709679235	0.244298710630156
-0.210075324511348	0.135389072669434
0.729600615530908	0.827310914521382
0.436944177262052	0.333652550050292
0.768145308604094	0.940053234904692
0.708240943162712	0.332387037108846
1.62630328674445	1.14404443912777
0.743494465747712	0.622082706004923
0.889422154830536	0.666061996602656
0.441416153664935	0.176836987172644
0.667342970686287	0.477731992882823
-1.23602065753203	1.14885817467484
0.157972940065562	0.0605102309192581
0.329701221561495	0.215643416870016
-0.535684194665009	0.338454859603444
-0.298164002029603	0.136841773723206
1.33579772039654	0.583034617768404
1.25475522532488	0.872692426746732
0.377860970416143	0.192060701329234
0.52118895816402	0.333105844819671
1.09378755666933	0.67539828503569
0.444720175452287	0.340820727480811
0.0178637246314931	0.00899763590838335
0.341540363323614	0.191102920972488
-0.482611751952907	0.252795576270856
0.331039365087939	0.216817907313472
0.490679555311086	1.19309893739547
0.627915141770732	1.69197846384788
0.108340333949244	0.134729481253523
0.0612394970248614	0.0702809141705704
0.769413907016172	1.34453309052144
0.692206357642659	1.12582394629516
0.756418671928272	1.76546172340364
0.608467905719487	1.16959016630106
0.495509767643618	0.872514636982302
0.871787735131269	1.7621953734175
0.672538297799844	1.1779393320979
0.616250134686896	1.15497831839077
0.374628174763723	0.528924429230119
0.581318606814212	0.746821772336984
0.543744082772829	0.637092515933737
0.38664122758483	0.426389122971206
-0.272348937819714	0.259029970084098
0.540777674637696	0.649565548623489
0.136593046816352	0.134933833700478
-0.176358368856531	0.164513848454179
0.34751174047426	0.340084652715899
0.482896532337485	0.330398475745097
0.337702598149117	0.337047067074268
0.0204638813268804	0.0164793813150465
-0.12084893988906	0.067775727747557
0.369468735577064	0.187379063426295
-0.992143324550442	0.887876836833014
0.485272435957165	0.449411155999905
0.881995669829072	1.01738687613025
0.557760605461229	0.325825746744011
0.531954615713782	0.190517989079214
1.46038697821947	0.912396665078147
0.808785064198318	0.489122449326743
0.721822670114378	0.477598908273496
0.196787304446631	0.129657206010086
1.34268021262002	1.5859308244359
0.617426797838193	0.324828411609057
0.155582666022434	0.0675720820630077
0.303738620019084	0.230431509071808
0.742901171344052	0.622218758796817
0.882457197160583	1.01805012305326
0.715797116250524	0.724252901531806
0.189021905850315	0.130190761895506
1.6381866084293	2.11285937739366
0.802474283944182	0.639034215660119
0.872911216157355	1.10967395625286
-0.008589910211523	0.00564760920978672
0.905764617617626	0.489451627919811
1.57561119411556	0.781990254778656
0.902067224159716	0.924864061191831
0.701402644059575	0.616291910476039
0.0365388926893468	0.0201030848088639
0.186671697918571	0.122472567189611
0.459877276842941	0.334376383885498
0.743068579005206	0.621895615561858
0.621546305078755	0.473675380143656
0.193463690062931	0.154820821041204
0.727099591614277	0.739931729716497
0.344130332590617	0.210468868019923
0.151106603003185	0.0656209023462043
0.0361323886402047	0.0198308439041874
0.197812343797877	0.130394073611075
0.19125351591901	0.142979238733185
1.34608089841261	1.42351882918252
1.96112125172319	2.72674410787741
1.11133606457447	0.848800329388699
0.34960255201048	0.548143817425025
0.537478320597492	1.11474078720418
0.883859452040707	1.71384058086226
0.812415282345893	1.88944393936233
0.554779899233781	1.09502518594995
0.482228463698504	1.00056381839811
0.534099027743716	0.915423814511357
0.0283596569591428	0.0268907612648257
-0.00707565287349004	0.00716421812137903
0.116280457396067	0.122471423931738
0.783326953175618	1.23607252511174
0.411695558952506	0.541754571875653
0.100777518143769	0.0952779914566715
-0.0145417990100984	0.0124027286141479
0.128374662230851	0.107181154572414
0.20437180834383	0.174466985166822
0.423261704068645	0.443304992165903
0.138804656595973	0.119510847061869
0.349814449494968	0.196489595628602
0.675948496687313	0.213928974911644
0.0336089206527186	0.0184842313304402
0.804259377348479	0.765246853396487
0.673656731319726	0.21327169490293
1.96538836840132	1.22798688776171
1.82710265989491	0.713711178135864
0.0294541941412174	0.0162828847784104
0.188721208880846	0.145879774832544
0.904957559191674	0.489645452341266
0.165383954574812	0.0491045487518909
-2.06944760788648	0.939087813944264
0.531116275303765	0.462629332329346
0.587404234416573	0.472265972454091
-0.520709225945461	0.430861920516823
0.512373763157843	0.546035456880692
-0.430591529133058	0.330816031162896
0.464641510915903	0.441411399766619
-0.243772496260125	0.218654269652458
0.809843940960533	1.06764650003731
1.3555709513419	1.44005134999125
0.349341786882289	0.195993482392438
0.964894885864099	0.658343999825464
0.40625101004212	0.184077335405046
0.449328663372175	0.180265911475519
1.24612223381431	1.2247546565734
0.339647637585895	0.207399005154085
0.189413895721265	0.124458736374712
0.19044305609148	0.147354021199155
1.01823938632791	0.842645333528716
1.50193161876693	1.98763322491804
0.692020080472152	0.605072886755362
-0.429083982937419	0.329361512263519
0.928262648548471	0.810127904962966
0.886372790457364	1.02464067306449
0.964032511155157	0.657416088948087
0.177804812326493	0.103276587142407
0.585299845416755	0.469723830554356
-0.785536262969078	0.428465969420102
0.492605109213807	0.338976453106074
0.209538862459818	0.449707446012258
0.307891207062075	0.733743205471942
0.423359503772148	0.873573053910514
0.755044074025348	1.88418645324518
0.618975958007745	0.985702503210153
0.201854701610339	0.224454835687405
0.715846100868519	1.06932148052395
0.672622848040852	1.04574893850691
0.333416893779213	0.421722217730942
0.350661665011588	0.596238941944402
0.65871293506572	1.50542837319824
0.762728341422481	1.81536292712019
0.609551055708428	1.31955030557586
0.549088677312045	1.22754088903684
-0.136099508733694	0.173817486185726
0.341385895051649	0.503475088825523
0.46165860937974	0.827495794732822
0.20164951321883	0.264849988095221
0.24134922162858	0.332574784268389
0.449790840125859	0.638819592245042
0.893843115431802	1.21211370753575
0.13537655037052	0.11628614217408
0.113944204525688	0.114465291881656
0.269146849730093	0.288015587684035
0.429016231333818	0.599268872823519
-0.0492453321181491	0.0451697524420462
0.348599816882606	0.341475551188075
1.15369799691573	1.31331831164455
0.325948168980272	0.362139163932472
0.255484112669135	0.259443507997897
0.179847220606478	0.111430194283509
0.0548525518160582	0.0322014688170585
1.04095157071845	0.393332373967802
1.27274526565726	0.700560950966306
0.153830475350601	0.0520893555087474
-0.276198630406388	0.19947815383475
-0.0198397124793038	0.0093073563652194
-2.474863374409	1.37755871963481
-0.388998765848402	0.219368169491958
0.182305263860851	0.113028903546903
-0.466241901484137	0.393284122830788
0.676434807577351	0.70065484840404
0.0649290076706047	0.0531224966851747
-0.274607865900076	0.226875610638114
-0.193340633694632	0.148755945729945
-0.0758342110751953	0.0623257215590141
-0.145348324509665	0.114681629797244
-0.0416505367729146	0.0259934990748472
-0.729821384507876	0.249664211260654
0.798744240659082	0.481631829533748
0.526026968844859	0.45692392380769
-0.344979207136255	0.277088153104597
1.90663866578854	1.65214546329585
0.375564093320052	0.330499168147779
-0.336531045847338	0.269038815457393
0.79304739986217	0.749943816532366
0.518160838492566	0.44841243210857
0.590915707293346	0.475619206000237
-0.0518148810606885	0.0323384111069865
0.749891927560645	0.630068703604834
0.305409163540862	0.231961447926608
0.370903712348767	0.992903227100742
0.170348927212293	0.346576149985779
0.388751433633764	0.695437052279972
0.32551718851187	0.545397432742483
0.29666371493225	0.454873213881704
0.81051475654842	1.61974014211436
0.628172108119358	0.84365682318554
0.171225029097705	0.194658337336232
-0.101372679438931	0.0955721146756285
0.417825964539903	0.607924028468716
0.783931980450027	1.77398143318025
0.768130833476481	2.00114123061999
0.0938211357221139	0.121990494017219
0.683759832267567	1.69879110614691
0.501910160461714	1.01945644395674
0.267774059236265	0.452489328695236
0.26606929979726	0.401920397852385
0.0652781659618962	0.0693718428724383
0.482067726687371	0.897876184661658
0.409518906912495	0.447771638180045
0.810871714666062	0.979570071179848
0.36723019205988	0.343563949559552
0.311247956780462	0.3488237989414
-0.114226837096958	0.108865732805237
-0.0166081098315775	0.0126873688148801
0.504342757765462	0.453179473844914
0.039997378633113	0.0299217092227414
0.056304613999236	0.0411530109615574
0.802145344180669	0.638588117397741
0.399918360009976	0.180978468543395
0.161347110512057	0.0701188705532021
0.0701997588366949	0.0456467238751234
0.729323210435572	0.826886860445842
1.06792550004102	0.515823496339435
1.3329197605053	0.581616348611346
0.674264818482823	0.213402910671394
-0.0953528157029049	0.0378480870732348
-1.49295024696365	0.754919354429208
0.835936785038459	0.983624906607068
0.971830324263253	0.664725665002775
-0.150196998613523	0.0536857002626707
0.583094497114841	0.467707299156538
0.921182726925298	0.802584010988436
0.662060558650911	0.60379449208677
-0.18506414236632	0.123369052943919
1.51261479911241	2.76243449641209
0.515151411853864	0.549759289113614
0.52292224858944	0.543347074350151
0.403291364400469	0.33322277827062
0.193396104276139	0.144687083300342
-0.60860921961829	0.540328009738461
-0.531503875716375	0.334967173168119
0.305709189052764	0.22167244047473
1.33490382421435	1.56895121760408
0.922286043918204	0.804200399321406
0.191731065027471	0.119337896132214
0.186828577247882	0.128505712584911
0.798707746549816	0.757743744158652
0.316112132644858	0.218792861508406
1.63407857033344	1.15161265734256
0.350975903066217	0.215266423413651
0.319231991088277	0.870871934396961
0.236650502096568	0.52725949658509
0.569347017297016	1.54400569074523
0.94400739294408	3.62088262709436
0.477600670612452	1.00897593041298
0.480579923009038	1.07799161881787
0.432205771375462	0.844995639590323
0.771073573806605	2.16480121867258
0.546416455232351	1.04913619113875
1.07489542349303	3.14088955057077
0.852349191655288	2.57266119930535
1.2453079021484	4.04535149162178
0.446464351172191	0.900304035951645
0.18113566166818	0.25289877035808
0.0770690114948361	0.100005318625411
-0.043922922598381	0.0531732486177934
0.802956685521584	1.99494556033716
0.174305138938644	0.220657994306132
0.510621229858385	0.851407032036629
0.326459654567803	0.339370311822451
0.26851602932217	0.28142864694753
0.139432102358831	0.140436200914696
0.192084472362316	0.143652411807188
-1.13779205683346	1.2637403979987
0.142046490332534	0.12542208632688
0.383989967131141	0.339690354661494
0.407986819579917	0.338206744289355
0.32417457324718	0.225215005238694
0.80247827199933	0.483929815675673
0.570002397682159	0.334238450655971
-0.177981398246432	0.135701819199676
0.448967197120613	0.437009512654423
1.6669500493792	2.45161322359968
-0.846551072500097	0.964671355662292
-0.271567464486934	0.26422769710165
-0.617496060717536	0.717966941001147
0.090501938206827	0.0617178559977242
-0.0881927676552079	0.0515331325862492
-0.237518117712032	0.197744600271468
0.118043939542098	0.100178701317151
-0.598332717939527	0.62483508119622
0.776468294539643	0.954746360476749
0.528360605651164	0.459767395640631
-0.285990967115039	0.257209315031228
-0.221255456281313	0.231822520684972
0.454051719120892	0.443552490327158
1.00845428304823	0.830839868797548
0.695386070036637	0.609062637131652
-1.16748955327967	0.654390601819571
-0.00549216537056134	0.00280658840944959
1.35357017689691	1.43480799760076
0.561081980584135	0.327827405350505
1.45869095652583	0.912654235007783
0.558739917076992	0.468952196482314
2.24942038398019	3.16659794678239
0.869533530015586	0.799756346116404
0.176006799596908	0.108889607892967
-0.126676032058377	0.0711402132767034
1.59513737366798	1.73655097433677
0.556995628352945	0.325244751416473
0.349744050958188	1.39040142852232
0.275073633189521	0.840975046755197
0.265720271129885	0.735548953062581
0.105454678817301	0.167376994039442
0.898473647323068	3.34442399848241
0.654206011608343	1.53686293740409
0.751134058479176	1.48149711809763
0.721447095182625	1.41656357665747
0.59902029865246	1.17701467120638
1.32898999271997	4.42960649851034
0.772201536852667	1.82503642030785
0.559972130114973	1.43228788455296
0.314874704112543	0.615116921290363
0.227179217606756	0.392514757395443
0.780107182053674	2.42842301406726
0.606986575898132	1.81924023846262
0.105415574945019	0.149214818626434
0.364182987678482	0.605605832348324
0.55687491765293	1.23269513319941
0.405042199783682	0.774826588540384
0.214520964716107	0.281942656495942
0.0921900672762754	0.0834658628557678
0.386809320846371	0.436593804997075
-0.678902775660022	0.590396961668727
0.320835917972564	0.347635454461382
0.371278343995124	0.188314441533233
0.00867301597388976	0.00450461435581255
0.110508419234166	0.0842262847913315
0.329701221561495	0.215643416870016
-0.144540977097044	0.051731751348016
-1.48477770783031	0.748680017151231
0.149306636120966	0.0647638199880352
-0.387435027213556	0.161094331586452
0.31665976175957	0.219246652114269
-0.0641204629677818	0.0388266546515882
1.77518059245165	1.39158593487921
-0.477558838985696	0.249969915488164
-0.171144650140638	0.0913249995843051
0.698241080909071	0.612409633092765
-0.167489600100809	0.130605617209011
0.69929958696667	0.808895993996919
-0.445289067977451	0.497250784219136
-1.08619604269815	1.27828839009827
0.365789640099729	0.341913742814329
0.0570991559229714	0.0465061524798853
0.0953185480110046	0.0698840652435185
0.17444976877229	0.0935105206612089
0.933095055927202	0.816976990702404
0.39557659805511	0.325507292476081
-0.0490781276841848	0.0306317977842862
0.194144737931897	0.139851806943493
0.717259329574439	0.474660287169025
0.847944523995474	0.895392608359726
0.191077975235902	0.137493001456375
0.193049076179722	0.139052463473057
0.504776683112684	0.453550768372477
-0.0483859314138926	0.0211569842151432
0.806364554357357	0.642368312420862
0.245763885658512	1.02316295710904
0.521395065382418	2.38011827467652
0.595085985135949	2.40207272183864
0.197114297033691	0.321364119640592
0.694984201858261	2.01712230169325
1.0629187909743	2.9421589954764
0.0906702574399239	0.0986223647031682
0.31199317529191	0.356718680405848
0.742409206317031	1.32792910130734
0.458338618929153	0.608733875360397
0.330300983842971	0.464984514221251
0.573213955872103	1.25769808694371
0.455367598312645	1.02891198831974
0.501597869347543	1.04862841819434
0.726412568597463	1.89024820734271
0.790581171042421	1.825478130877
0.770164248759308	2.00981493469431
0.661226704092944	1.31433065393597
0.282685115833974	0.372131349179445
0.479365653315511	0.814433551563658
0.227526528912357	0.309176494335201
0.266938029622644	0.255499329516803
0.787764679790993	0.846584199868881
0.00757497574406125	0.00505863184494462
0.287027216283081	0.233641888536418
0.700719755640438	0.328576052812794
0.679042954927262	0.214964314584285
1.62348781580599	1.14148182799441
-1.73058481504573	1.89157222603112
0.334983666722836	0.219791012993352
0.674624067917918	0.213658555919133
0.162338925211519	0.0482955049730846
1.06623516714224	0.515260674258817
0.17351044503084	0.0436385160120603
-2.07062872074145	0.940243383198465
0.165390577070396	0.0885127675577285
-0.236883299717319	0.11840536967826
-0.773028470470433	0.335932514002435
0.588495625553447	0.473325662759813
-0.233270643733633	0.116522182676094
-1.03627781410234	0.8280755276651
-0.25671057268011	0.159796430376005
0.0696710663913601	0.0432393846684181
0.969918157004756	1.19320670050441
0.187933174477079	0.123401025886542
0.51924384720473	0.331567204222011
0.733102478948929	0.487714192249944
-0.0134626072183349	0.00641173906074151
-1.97668753097717	1.37730600536256
-0.141938715394053	0.0508009980270485
0.175996756811954	0.102203445169407
1.77970183091803	1.39716314032315
0.801362249298618	0.483204235439641
0.674624067917918	0.213658555919133
0.50715314200653	0.322324092990069
0.312720737747743	0.216068189029882
0.960828624494934	0.6540225034594
0.394870973019122	0.178443807229182
0.337939019318616	0.205998612594186
0.147046328661627	0.777051241425017
0.223797163670625	1.16655311964046
0.359484437096803	1.72615709940432
0.161491455280682	0.318099221219289
0.547471746404562	1.75872392865405
0.172115140759148	0.268451493275658
0.345522846660218	0.646459523357111
0.861094624249884	2.13637252624386
0.0582314625144351	0.0680898781920408
0.414251529817876	0.799913439980846
0.596944726295587	1.48832501181501
-0.00561001495310805	0.00864461089967249
0.400373387104973	1.00080045143135
0.681658715509131	2.34615832768835
0.154024852291657	0.270305341955005
-0.0394365547682524	0.0556743124354005
0.337785472777168	0.688580216123819
0.148824746949431	0.205194310762682
0.625479075428643	0.588814781491401
1.62382294326899	1.13915862841708
0.532196819047093	0.190683131950839
0.329044018173606	0.215290154043037
0.030494877842053	0.016826926360712
-0.100969567147858	0.0591815559930453
0.165399167963441	0.107469146993481
1.46265753359042	0.48460907431551
0.174933567082256	0.0439573605408891
0.531358567637365	0.190353154457246
-1.31542328449146	0.822210792410026
-0.173990682545694	0.0928230158598478
1.11396920775999	0.851254718390808
0.355196298154847	0.19951774560782
1.06378498640006	0.513441293785537
-0.670894731645636	0.469237412374505
1.04173122722441	0.991378167441064
0.968088739569359	0.661458591547165
0.89606913819358	0.916056955718431
0.679770714686692	0.705763928340801
1.11361412104599	0.851930331441471
0.0374891692522412	0.0205987410164282
-0.0457802295465898	0.0285675445880501
0.444725024410686	0.340657264523202
0.184147494992748	0.114168559893666
-0.175797749841716	0.093916829422447
0.452158700769499	0.32749677673255
0.469587080456824	0.447345892041398
0.735160501512065	0.489789711184817
0.341664220493461	0.208930615422171
0.328464795816028	0.214603887501822
0.588683294442291	0.473244498650591
-0.302017183338254	0.138552986425589
-1.91717978535481	1.86892354109273
0.0758176688042186	0.0514337701184999
0.0537704788784118	0.0315637803117476
-0.392675319897478	0.343898359107285
0.173506324376205	0.100648345805608
1.13230079004309	1.02274642125011
0.692420083962482	0.32414977594069
0.722192749155127	0.477998381309362
0.126991745839333	0.659220896898616
0.0880060245577353	0.341195461211469
0.322150807458718	1.31572438346113
0.65488863811759	3.44903035619083
-0.0124289950944893	0.0207426512119936
0.353642768499177	0.874396917509054
1.17323026057844	4.9113391717751
0.565212814325903	1.66345359147808
0.692538659529349	2.46197695058773
0.395182546347332	1.0614483970271
0.467178340988144	1.70319174244791
0.0818880870118082	0.153420864801587
0.108348177340295	0.210980195181443
0.348007645809797	0.996643468841939
0.20557216518158	0.214178826525368
0.865235950699317	0.793932153954741
-0.977364241307212	0.483389097350559
-0.917601476523118	0.670377189237066
-1.59409063700472	1.22292857372028
-0.30042181337257	0.264994312583406
0.180416069520507	0.129109270628715
-0.969380343858806	0.47791803134303
0.678685727410979	0.214982042405379
-0.775325937496498	0.337373229164995
-0.513265508496353	0.193649815889796
1.00622401284373	0.828400316827054
-0.382636273024695	0.26292382744177
-0.916554418435597	0.669501833751901
-2.27704462948298	1.14584565989562
-0.535993383080596	0.338882274981136
-0.335163304810289	0.267615845432269
-0.0521339072182258	0.032532351346031
0.933291563112187	1.05160619047326
1.56644326577396	2.58642467019955
0.28213589643614	0.228977141231348
0.204756635129372	0.154151146378506
0.566670411723066	0.33182193473032
0.346891630879492	0.194359964974682
0.584018838778144	0.468722659141412
0.186648703926212	0.128311565141841
0.180912006345886	0.112137079396895
-0.092123972996101	0.0538472880608263
-0.0438474034021841	0.0273539827925332
0.805994794690079	0.874993327259086
0.0324095162885052	0.0178377623143765
0.792971771475046	0.477331210400264
0.341824026423521	0.208818773128726
0.189333639288464	0.141305540561397
-0.218053484244187	0.141122987854788
0.441545375874145	0.337883573771119
0.866544548970734	0.796379134031139
-0.253630131212828	0.157702484944153
-0.786035136603961	0.519767211807947
-0.674905216948331	0.533219957024028
0.16651252421346	0.089092435933624
0.18006155679242	0.1046604039246
0.0292054597827195	0.016146502980981
0.202973066292844	1.3988099941014
0.36380423040762	2.75490614703703
0.531429632757642	3.85525789801421
0.585399461910632	3.22262162360341
0.321974654480258	1.1844126742909
0.604385635474332	2.58005220873049
0.202793505633545	0.535368447154073
0.35677546715166	1.2066081319519
-0.03075265620457	0.0683501104993183
0.182896857959551	0.520196666839094
0.159560465595303	0.424334567283009
-0.306836063151584	0.250190239168859
-0.0160904016261375	0.00759199965727098
-0.177613629700058	0.118023576670051
0.853025430750416	1.01225383819807
-0.26346700591586	0.26949311377846
0.597683768888382	0.661817159200503
-0.766207907419173	0.33246398143222
0.956455214607419	0.253949648163622
-0.487265131706933	0.255697474427879
0.170615524463016	0.0914980788951975
0.645819447181296	0.583847468468911
-0.0277185621669787	0.0177396363879117
-0.490037922893341	0.367253029443189
0.361252473760398	0.182782146591403
-0.0948544084297694	0.0555321514464605
-0.781005459759312	0.845922608163009
-0.00968134967776193	0.00634999105615768
0.514997535193472	0.566165413569926
0.437435680446433	0.436330944845797
0.276973342685878	0.239358289240502
0.554221888376407	0.463987652138666
0.403673979001414	0.333774564663764
0.337939019318616	0.205998612594186
0.802597510914647	0.763002773137118
0.0121728160195025	0.00618163639594426
-0.183438089616221	0.122219903799103
-0.38419823308517	0.264118639135925
0.300336409002856	0.227624214349545
0.313224278196257	0.227922580548405
0.801669081448679	0.483365448880188
-0.382380804098814	0.26256963634273
-0.0454901472530513	0.0283869752626808
0.437329303289915	0.333792040680146
0.410043606236178	0.340144404295309
0.870880767029238	0.647322621649215
0.191075508893701	0.137508204621515
0.187871520546639	0.116783412182917
-0.292168936237583	0.236160129085228
-0.875999351600599	0.805231393248521
-0.721388735518728	0.743103116071173
-0.674830909982384	0.53301575893886
-0.91130227279328	0.663726632569322
-0.116215115483325	0.0806881691727394
-0.00653267802203494	0.00432207738505942
0.0412003644170175	0.0226157759047826
-0.323693305663875	0.228646340385666
0.321939939148886	0.223408996187336
1.04065688425926	0.989114310526729
0.14970701957722	0.84494479278832
0.138625315738	0.671551675956415
0.27362436299517	1.34692241729975
0.0488916804584028	0.0268131466343079
1.53900851092565	1.32734911594724
0.41253532944355	0.342645225168636
0.815712294643663	0.779823028719692
0.183771730849294	0.126207417888369
0.295838781302102	0.233082831399648
-0.406403363108624	0.16962926259007
0.176508854969026	0.109128155734065
-1.67992806902017	0.950617966114367
-0.13891213096254	0.0974633180549184
0.480032330030855	0.4432768863269
-0.102849516290386	0.0603316208645991
0.0896517009087976	0.0633905059055326
-1.24876696615758	1.91208703501734
0.0898800353266471	0.0657360910270549
0.0565421020704984	0.0331932131067671
0.644730608883783	0.68349144508236
0.930633106646517	1.0475776081434
0.462812678979263	0.454428856846881
0.488239382061285	0.452959684175611
0.336292403417916	0.204654741198043
0.0571520774690176	0.0335565087036353
-0.528708107809297	0.439410986954183
1.24337658847961	1.51023101885904
0.33552183974961	0.204469385925166
-0.31934766183884	0.190958737807654
-0.231841031038066	0.115856109330221
0.177595785784939	0.103189149308664
-0.325905923732857	0.230442844987619
0.555429454206339	0.324148639297052
0.00747961957104438	0.0039171064314838
0.365061045372024	0.184858772798683
0.168870564657136	0.0904354376167379
-0.144419938894036	0.0516441997824019
0.155582666022434	0.0675720820630077
-0.640680442976387	0.378317918531358
0.321704450777862	0.20965354994346
1.32753298884589	0.578543003685696
0.623147369282742	0.47489060957187
-0.230655186219117	0.115067258983086
1.54435358337289	1.33308429168009
0.807156630828778	0.642760896885693
-1.67492564189792	0.946715352406741
0.967871407924098	0.661205483482046
0.3708218679484	0.188025140478336
0.82518573999514	0.346497055187767
0.449630843335617	0.18036536102035
0.795492167551845	0.478233030658839
-0.222876920203916	0.0717168348737093
0.519327091283298	0.33210683860241
-0.371015240527458	0.348640932388737
0.607209361639612	0.752314277059877
0.187631208013485	0.109248196786861
0.387911330830251	0.330978177134658
-1.3350003860638	1.52845265484338
-0.120347157973122	0.0837462573545828
0.186473891755813	0.115844053670222
-0.851539914833389	1.03157714246239
0.616335114690783	0.577179437540567
0.327741875262915	0.356613249892059
0.398592572060449	0.328585096359517
-0.423291197867609	0.363748799187374
0.511795171857037	0.461676935234845
0.201561607014033	0.180756033324947
0.838738370455027	0.987568446586073
0.187177387389149	0.139545142242826
0.567595477257815	0.563533722273025
0.272805654222583	0.235150898574886
0.125305386645806	0.106864088517678
0.507468352176331	0.626429283340983
-0.780557616556708	0.9927314993073
0.178500363051199	0.132489518056774
0.369701746069822	0.335521281882995
0.719417428753961	0.476598526889018
0.348996554640578	0.195497782919931
0.517729774192519	0.330714378113204
1.25112143048215	1.05950818795675
0.158806945005498	0.068935109447778
0.183775206376323	0.106980892490919
-0.015234432661484	0.00721143725146522
-0.0495902998972381	0.0216629705157936
0.329016756490962	0.215014480968575
-0.394761800291529	0.164395031124499
-0.31271875666893	0.144052775109974
-0.635833435341822	0.375441701690833
0.160845120677191	0.0698074652008131
-0.478767644060992	0.250664664244698
0.368429550372925	0.186580645875435
0.350075136074451	0.196495420122897
-1.02671683891162	0.40581238098729
-0.519321226722867	0.325912720358287
0.16280376832886	0.0791737532594623
-0.0101035212490458	0.00487077561679446
0.44336346246649	0.177834530947915
0.152684671650055	0.0584811977102453
0.884756523231258	1.02133646364402
0.0465401519087631	0.027332194146005
0.1208142140497	0.0952911427442443
0.0547965956627165	0.0412736271030448
0.523534320811189	0.561691641856846
0.0316158722882274	0.0236218301073769
1.3432874245179	1.58640113096629
0.151901620761575	0.141003061280465
0.932224894554656	0.815921679782895
2.56711548567586	1.42327373895936
0.33145052245502	0.216949940273343
1.08263674257389	1.2700101502623
-0.363983988051115	0.364926389734595
-0.289718825747121	0.279125787668516
-0.175205421322215	0.18548987942981
0.0207224632643461	0.015028850462096
0.0500580323654574	0.0293756246650771
-0.0368483663257574	0.0229993064395851
0.452847485692409	0.1817965084268
0.956822886766419	0.650630461635214
-0.172164415164546	0.0918444841126707
0.274102587849622	0.243624435993959
0.0878429453491726	0.0761522565011551
0.799861485891307	0.636076352523038
0.820031775910475	0.344053152724765
0.348520874787891	0.195345637351298
0.170211653850527	0.0504730190931177
1.27985068592507	0.705946064078286
-0.213543270792488	0.0687986075063655
0.678074042401891	0.214702481365457
-1.32325717867429	0.829637202217989
0.149734842703587	0.0507352562067422
-0.0529056907491119	0.0230583291362125
0.159233465858126	0.0691205424834073
-0.643183809661681	0.38056035542463
-0.982523524496957	0.486761594884181
0.150139562382428	0.0651438217215166
-1.48605219904784	0.749344647432863
-0.711087963718442	0.24267095162066
1.27775554790304	0.704092651126896
-0.976144621233558	0.48188110802023
-0.0524999145766508	0.022888116622185
0.723818776535975	0.4793554571435
-0.646102383783497	0.382885937478276
1.09536440255863	0.676200316184801
0.0774568642772143	0.0504898559455988
-0.0215399386616283	0.0163410055871311
0.289425799602551	0.244185664197912
-0.185456755206641	0.157131293892565
0.176741195726562	0.102571534057732
0.091272422915805	0.0688003477486088
1.25105781989173	1.38471009377685
1.78183004699586	1.82889987896121
0.752422160524586	0.632885492351829
1.37922571315069	1.28406608771299
0.0436876581923328	0.0256670928413996
0.184416087069725	0.114322886710761
-0.720387072759234	0.872991888032916
0.624336917033713	0.835107701213234
-0.151007396663247	0.130717760620899
0.0989842124530986	0.0966062427355744
-0.358815608854983	0.334099439603036
0.183006791086277	0.106511684391249
0.0302392319997728	0.021894439775947
0.798787474540778	0.481083754662935
0.823888102049168	0.345906037374267
0.801362249298618	0.483204235439641
0.819227685269736	0.343693096468269
0.601367845292949	0.48621372734549
0.0956274481812709	0.0678329375177861
0.795296728757292	0.858546316505336
0.163416752988634	0.0874287866999479
2.12808319231282	1.48897727402334
0.79758584024867	0.480733197525255
1.27594840090958	0.703589438507278
0.824123793599383	0.346058048388568
0.350623477260266	0.196517988829456
0.675232747867266	0.213789953820415
0.531954615713782	0.190517989079214
-1.08216220707151	0.738219150233121
1.77394176971027	1.39172359426127
-0.060024611498635	0.026084130072131
-0.0944036040363931	0.0374576755555379
0.154356688151962	0.059132000415533
-0.0179108945951383	0.00843135103947787
-0.396961071341288	0.165538652512601
0.904543323614089	0.488528122790343
0.699914980996319	0.328077836741601
1.28375636507041	0.708679227071818
-0.781174773057059	0.424812020014943
-0.0554683252383234	0.0241516674699032
-0.766443517958815	0.332594018875036
0.823396795288853	0.345498381775943
0.556183187604962	0.466065771290188
1.27576680597832	0.702365019041069
0.907610028553921	0.491416676527645
0.792157345290119	0.476123605732431
0.817449276595906	0.654428257486931
1.77688104542571	1.3940789746918
-0.0476866589875429	0.0297589440163624
0.128507658225165	0.109861386766931
-0.0358432574749095	0.0229255364640803
-0.325251817886773	0.333486375273328
0.287572339301741	0.250291973920168
-0.379474410376296	0.384644498496369
-0.387064039313077	0.218232203214587
0.0884729412568913	0.0767903066669923
0.6455529455582	0.772868791279577
0.793426120306797	0.477168511145039
0.167209206716082	0.0895720469828946
0.481409929618558	0.444893944150179
-0.172217378602684	0.148005594994736
1.07165571998311	1.66747210194808
0.153190251921686	0.156072594167409
0.399818891088555	0.521210401423796
0.724652210202852	0.48099883106078
1.57665847201362	0.782477729891176
0.398644122519029	0.180402293017227
0.361431462321877	0.347106024088773
0.521316238684457	0.333567481140581
1.78546379556483	0.996996213867252
0.825822744600111	0.346704236374962
0.455008490908681	0.182763030530963
-1.12492122665638	0.338668219085241
1.06632392555289	0.514786948757726
0.823078351695812	0.34550391355806
1.3329197605053	0.581616348611346
-0.527405649697176	0.199462190898153
0.814120105613661	0.341106496712837
-0.396390830144092	0.165162480209876
1.46206486861711	0.914334307401961
0.607143934233885	0.318378591227691
-0.349223570170638	0.0998902155798753
2.11608899731542	0.944050734800592
-0.524661448488648	0.198330026768931
1.06267301350124	0.512698089145544
-0.717804035722151	0.245206559878684
-0.786641966946507	0.519713359028537
1.46166504880046	0.484245680586438
1.96808898021412	1.23145644240108
1.5724348757785	0.779685464655591
0.509285998777159	0.324090135827345
0.679655237519559	0.215244174521264
-0.268724790364443	0.221358044864194
-0.0938526812383048	0.0548700180125849
0.365175361873978	0.330610184087258
-0.337838918117893	0.38160409984099
0.297169043365212	0.234290673758468
0.297474289558561	0.243543943023505
0.0691167397302963	0.0579605298257702
0.0487945981851818	0.0366453345066469
0.344130332590617	0.210468868019923
0.187625866053805	0.116505902352063
0.0547192999950477	0.0321018568541409
0.90913511789833	0.491992888682194
-1.13788828850873	0.982248605089274
0.432445208143831	0.329462636909027
-0.171232017878939	0.167164666211341
0.280730277197118	0.250559809953227
0.515680207837352	0.624987402170487
0.958464201007259	0.652560809352729
0.682154426898716	0.215924774134022
1.11256755671527	0.849422913533087
1.0418455851348	0.393863567086238
1.33147701080788	0.580768770695237
-0.767784421773333	0.333208693201324
-0.625630686390319	0.152156798395567
-0.0869835798092621	0.0345973872397084
-0.518689367219814	0.195747002748462
1.28145307620796	0.707153534209762
-0.130183327063566	0.0732079386967671
-0.216409245079586	0.0696890647462961
-0.142803852729338	0.0510708288410643
-0.336346534706249	0.0963182114993482
0.351289986786256	0.197037561356665
0.69383145169967	0.324529246573498
0.798520070146948	0.480590642280203
0.368367107355622	0.186847173098051
-0.227703013274584	0.113533677281779
0.155977003538966	0.0597564056633356
3.26732978575294	1.1211772426211
0.902753088838839	0.487624012228806
0.795126680362748	0.477745421056939
0.540102428195773	0.193590927960023
0.724127973683944	0.48048135841486
1.01654130052169	1.21938333241935
-0.244431199200343	0.238299717983835
-0.0678934146768218	0.0498366746502181
-0.275843436302782	0.19914470286666
-0.677577620290799	0.535497894157713
-0.481379961947229	0.409395214418426
-0.0979829202235202	0.0785818106965802
-0.276449865145198	0.199683431232994
0.615593649156265	0.665841178219808
-0.0832910817949397	0.0601780822589114
-0.168396981742134	0.111366497894909
0.193028009746802	0.144389531964899
0.204605502597451	0.21302052946244
0.171926751505758	0.0921562025246942
-0.0978052954254206	0.0388254701577361
0.524651996040605	0.455632061852795
-1.16353801085627	0.651564417439985
1.54925697401482	1.34024981318238
0.490017084801152	0.336751442930316
0.00525571674768183	0.00351666974355225
0.124556998311637	0.101109650066177
-0.493796949895754	0.450802123434776
0.26606870437657	0.24820260376852
0.524140365865507	0.454958640528095
1.27466144111769	0.702366463128133
1.96241902011715	1.22504630052969
0.823078351695812	0.34550391355806
-1.27208987432739	0.571097274965283
0.823847907193868	0.345924394320539
-0.714755800696332	0.244129665196273
-0.217250602812229	0.0699944779749174
1.38676749620098	1.2939611557913
-0.305662986710583	0.140445653088562
0.809903121757233	0.646884063139061
-3.08203891306948	0.959069086853276
0.799607296025235	0.482365861956035
0.823642509432085	0.345787097083453
0.151383672100152	0.0579893158462332
0.829680469636183	0.348588071557083
0.155814169148702	0.0596762334714708
0.162954029252909	0.0484564307378685
-1.16009407954438	0.648311800024147
0.724112280328574	0.479868128570335
0.455810449207081	0.183121015357883
0.524529102948712	0.475499715040828
0.786824983561682	0.47221897880701
1.28264121376889	0.708089647408427
-0.301787063680811	0.138662067393646
-0.0204390601950128	0.013137467416338
-0.214661462120942	0.161928367400081
0.0113297159781169	0.00581313619798558
0.169504988117756	0.0824530381609128
-0.397293052306314	0.224846734775352
-0.302755845460388	0.139022247305491
-0.39839159956277	0.225550412913995
0.158364306145836	0.0769893520085495
-0.114884309017517	0.0796028335658662
0.336110310582633	0.204805604082955
0.0947747969726623	0.0694799187571607
1.26019832903952	1.24516342456673
-0.0500508799083141	0.0218568447353884
0.186792795877752	0.108778348059211
1.00774890203177	0.828710002292134
0.181805940179444	0.105772917607235
-0.134918633973245	0.0759709267511411
-0.0493977538513227	0.0308291603473849
-0.130248652216649	0.0732507195044349
0.747414878052545	0.627684315171161
-0.780051727348813	0.596241373525776
-0.934023917960642	1.05970690578824
0.985087887596634	1.07791644331092
0.354358861251438	0.199354043893377
0.445461704797544	0.178650083700245
0.803841693272672	0.485183843906267
0.151421573090131	0.0657050316580239
-0.0620606064849367	0.026946319342853
-0.0952334852114847	0.0377727542002594
-0.519595731781202	0.196299451898154
-1.46702675839386	1.02322795643523
-0.53676030278462	0.339292912520886
0.375897271297076	0.190963961620919
0.0391996653649903	0.0215401516860293
0.619525870397176	0.326140764420472
-0.96904563267112	0.477805118580321
-0.93864145131278	0.574340994425078
0.96441952858833	0.657779002030001
0.159648742075895	0.069305357365933
0.398414725600481	0.180059746605272
1.46166504880046	0.484245680586438
0.637186669626398	0.603193754331306
-0.168406512134344	0.0897339854783386
0.802716241676449	0.638214454818488
-0.00250828158467778	0.00176485125798645
2.40166867789079	2.04886117836206
4.39234644912866	2.2812020125405
0.370366793635265	0.187699969670654
0.626014849303578	0.477598089326863
-1.44199422832357	1.28836115574887
-0.86801113340109	0.794892184862386
0.036960578982045	0.0203130384358393
0.0167470531375109	0.00844369963616393
0.434132028021428	0.348079301484101
0.272505036768783	0.255219439089913
-0.619569144173177	0.553080561344641
-0.330290081251755	0.288176539957105
0.0346868271961739	0.0251304825697438
0.848494770525861	0.896055576841273
-0.0640533820817589	0.0469195678859207
0.0784322900446231	0.0511221500761029
-0.156120365611458	0.106850504303534
0.516895828581918	0.329573100467008
0.937541664684925	1.0578938814165
-0.33272560849483	0.265365018114536
0.279166778372369	0.233876584857163
0.810511334779052	0.772875237008449
0.392764877199563	0.177360356963154
-0.146282635967707	0.0522900631456069
-0.233978597770351	0.116878809658738
0.827869862391494	0.347914518409003
0.323703007617319	0.211346113868628
0.416972494599536	0.331623792082352
-0.22693664906562	0.113161581989509
-0.484585260772315	0.254234720683411
1.11588310125357	0.854582491284182
-0.391456429011002	0.221078503962764
-0.970829454946636	0.478792606908765
0.96594055557778	0.958006894344725
1.04710639471752	0.998091326082205
-0.262371031340253	0.163819046595954
0.464570216041133	0.338360816212452
0.550369888419624	0.459614045620373
0.177382179476864	0.102869820372104
-0.131063583578264	0.0737310442402723
0.534470172870219	0.191495164180491
-1.48972876150321	0.752604664681588
0.39850507584422	0.180004868028267
-1.27058543435475	0.570282948025638
-0.260113726002735	0.162242826172419
0.335806527928341	0.204571679773221
-1.81125207456598	2.0936214948846
-0.768438566212941	0.333785190075404
0.0090111644829883	0.00466990450281015
0.045269632626418	0.0248254975591173
1.1557465144018	1.43261878336231
0.850049890135202	0.897988399528034
-0.280769855279962	0.251578266515684
0.567239346449619	0.563412912307446
-0.557361986373522	0.505398466062854
0.586039043918737	0.587829628672133
0.057761783740362	0.0339136394569907
-0.782021509650785	0.669854389571048
0.805414559579034	0.486925983943528
0.722054485988633	0.477631498439339
0.7945930430563	0.478250741605694
0.353614679511823	0.198772426837242
-0.167343584798434	0.0891843406115808
0.612080179302168	0.321662239077202
2.04196151047531	1.94728203288091
0.520701003611639	0.332688374487369
0.161070851806577	0.0861091785197012
-0.600359615982573	0.287727623131906
0.590788950325224	0.475753055003354
0.514363956624578	0.328033054176852
0.490616249605492	0.337501453937098
0.439169392956293	0.335702651460837
0.973071837991003	0.666998258722406
0.555647985632287	0.465471977742851
0.325976861359322	0.212983393075675
0.803697485006753	0.763837153913008
0.797155670714758	0.861359845934933
0.557868068864017	0.326004721419729
0.151787472514646	0.0514129164609266
-2.10922906064752	1.61616482553385
0.44327215414316	0.17771447008811
0.0225525501779792	0.0113566876363998
0.0756052188392181	0.0492669502314943
0.169147169460665	0.0979030932879895
0.33072181298127	0.201262768336382
1.11851723196832	0.856739034170874
0.0894627019372538	0.0610116207725765
1.37668209220614	2.13590696041748
-0.235011541211492	0.195359633212305
0.807345412833195	0.876846545662088
-0.0469787221812411	0.0293144387889024
0.374941929366542	0.341392937498851
-1.16435058485953	1.18479556300722
1.5108383409771	2.00709197061595
0.420561630692364	0.335143318971869
1.40168706143399	1.08817842328906
0.164144644075768	0.0878120279837853
0.628745129633611	0.481002200561655
0.0417647929154659	0.0229253472941645
1.06831676460878	1.24403827749019
0.459780644007385	0.334196801219256
0.933762833162438	0.817785970460691
0.443350634229174	0.339508315723616
2.17550773590109	2.91458358325421
0.425219280180591	0.339424845299942
0.444354432544762	0.340458674122342
-0.150100730211478	0.102445574011022
0.443884637017661	0.178024692052756
-1.02220030668553	0.403399409057447
-0.141170625545892	0.0505594730534322
-1.81766723004699	0.737367259253776
-0.126238691377214	0.0709307002140662
-1.34562342649687	1.54764298587317
0.490880992237515	0.337758438897744
-0.664491563474615	0.463842599777025
0.55445724350336	0.323233801593728
-0.31867221712807	0.190356034532715
-1.01626761674491	1.13678247561534
-0.341037988211955	0.299635683341923
0.191695538764816	0.132208753438022
1.24053749994854	1.50420463027608
0.38993318952608	0.333374744538297
0.629788711772249	0.594244602037214
0.174409623232255	0.0936008786462472
0.189103294135458	0.135933827138917
0.187972808473499	0.116820104178199
0.621948576515858	0.473877962983414
0.183227849758111	0.119941671505714
0.664084501532112	0.474871195085284
0.197468268446324	0.142525856232121
-0.106388350503004	0.0757158117789155
1.57127591556824	0.779138678761135
-1.12825544522804	0.339732258677114
0.158942567785463	0.0608748549822144
-0.142223285419907	0.0509011547645968
0.186477436794825	0.108695735900391
-0.115215006396838	0.079963882117348
-1.14106230824679	0.988340296271485
-0.524329272614694	0.329499043511828
-0.299530082534786	0.137343268996156
0.0651645447231016	0.0404068181852434
-0.294988511951997	0.238769939989463
-0.476083968523646	0.470440918872747
0.0997035942016821	0.0708323763651407
0.274373617865188	0.25082467529761
0.035453101984931	0.0256885836053846
-0.121489592229875	0.0845777298812975
0.616941826648515	0.577909119558803
1.42424366821329	1.78404750160844
0.182460888273966	0.106150292575242
0.613642409930345	0.466092683225817
0.451536817661984	0.34711604593217
1.08816125338612	1.27912171183729
1.16745487902132	1.56569685878783
0.27827882910481	0.247922387006647
-0.475819735143468	0.470348509715873
-0.0550642122505573	0.0239773625268454
0.683640318298225	0.319212877762994
0.698410982821366	0.327143176269884
0.441381847651395	0.176864768533065
0.151500896861645	0.0735419289130987
-0.0992384506178962	0.0581560535181561
-0.386858048946145	0.218067921747341
-0.762663850038628	0.330792072538344
1.03950346428997	0.98726359156835
0.691591565912048	0.604375104578005
0.195281642523262	0.151550019326867
-0.461923930599113	0.488193763384314
0.0630605393813462	0.0503223228025388
-0.496244259490167	0.453703920309162
0.0568536432833499	0.0452176267287557
0.768912771856404	1.12900617284392
0.340897964868398	0.358132685448607
1.02317063754929	1.31666941757791
0.562133673376818	0.328406662718733
0.168047617405793	0.0498928161895134
0.182907294893789	0.119790667211382
1.57641681681789	0.782645066717777
-0.0955597480171345	0.0379397713124816
-0.150196998613523	0.0536857002626707
-0.524329272614694	0.329499043511828
0.667623266650939	0.478786308075924
-0.517567096912483	0.195373080592303
0.445708556431364	0.178747574863749
0.0648481554113481	0.040212167155229
0.508576980020188	0.457924815352551
0.484649712218799	0.44860559827192
-0.396584181334174	0.348158438883587
0.357525836436879	0.332351650054825
-0.454372890010215	0.42116752136575
0.130310030992998	0.108889300483855
0.180329146489963	0.118009279462468
0.527181543235971	0.458171437510964
-1.32240922552385	0.828665595685249
1.4643296250791	0.917326300360462
0.807468548785975	0.487997464422221
0.51460340955971	0.327792516588856
-0.130896651438299	0.0735411302730496
0.19655227370414	0.152652805981407
-0.25507160547615	0.158669539815565
0.174503749901052	0.0438676710334476
2.03082132651043	1.92415580181581
0.149173995582458	0.0505642485186703
-0.308439169928722	0.141796273064014
-0.556825490262944	0.402563710139735
0.155332098643847	0.0594805360989695
-0.982304761044915	0.485944393851237
0.00623589724728498	0.00330792510825048
-1.13726200002183	0.983875857288461
0.105059467985657	0.0798355649581109
-0.273220863716968	0.243638022245922
-0.233067061219034	0.230105570273045
0.0811048451346351	0.0529139508454732
0.270669534278888	0.266058810557192
-0.564938624484518	0.409552868849433
-0.5315133941086	0.442388172928654
-0.944811349426522	1.00202452840562
-1.32046661788253	0.826240399429006
-1.82705469277149	1.6668137389712
0.82943322207102	0.348499314234927
0.187943688802834	0.134969204573868
0.525858956439561	0.547460292260704
-0.296476202076877	0.136022010919063
0.822267625819136	0.345061712364334
0.678919379952996	0.488697189628297
0.854334268248574	0.780651211927027
-0.00956838113368847	0.00462794885090865
-1.15583588393078	0.645547649225567
-0.530284873159201	0.334406525262548
0.110353640600719	0.0815457313039493
0.0972973775886058	0.069076826835217
-0.0630596132711591	0.0462022044186098
-0.498211414882596	0.456045776501099
0.402678407536007	0.449054918978033
0.273842468599504	0.250215283616401
0.594668067619014	0.657106297730055
-0.993547466714139	1.1818368071981
0.04267538313758	0.0234311408816392
0.151538255863495	0.0513200105304366
0.46329567450442	0.337474857425182
0.33798430666629	0.206426382990511
1.33184695246066	0.580735815343295
1.33916167979563	0.584947246381148
-1.28249202459035	0.577344948417071
0.01285429806907	0.00651598422449331
0.924038468315366	0.806318661779846
0.375436590731639	0.19071502621454
-1.08838288039712	0.744204338973954
1.01195426915582	0.834018499634484
0.77156111612063	0.859075043270195
0.188266015360503	0.150217336967452
0.358544832243413	0.343504531886252
-0.0797645039388106	0.0575555660604763
0.439104465351755	0.533767677490058
0.771338886943163	0.945692100391788
0.266961635911598	0.249209242715331
-0.490854005353807	0.368015775651811
0.325334221466528	0.212471458719328
0.15797913961389	0.0685404779783593
-0.209811786964961	0.135246187456311
-0.482537295037982	0.253114235211192
0.485463786589317	0.333317224390464
-0.145229067230335	0.0519186816977856
0.305366670340194	0.22137711042513
-0.691265407998563	0.605239542667137
-0.515852312190298	0.323066407550717
-1.08534183813487	0.74155812358023
0.316535587415987	0.219095983642454
0.0896871694892141	0.0611593689067399
0.129499124531492	0.105481035017028
0.281015300826184	0.243605837308061
-0.261482589558246	0.252526019310409
-0.100998480705372	0.0717179612977727
0.354337506523456	0.318245506852011
0.204578693005199	0.183878349199835
0.190309789470905	0.152052329936419
0.556020615365632	0.466141760437799
-2.47434464263207	1.37692223381601
0.186190696017927	0.12220319261517
0.607571560069752	0.318671672924684
0.32434409251006	0.211810551964565
0.422592905122276	0.337177476277136
0.161438619795304	0.0784736394480948
0.196017886982824	0.135459683349444
-0.467339484150101	0.394618945622371
-0.59316585392465	0.481868330638108
0.303999119472335	0.230734957004958
-0.380076090600297	0.298613263977258
-1.53987800441777	1.47706852206728
-0.371011889409177	0.320978592126355
-0.342314562781746	0.301027696651922
-0.496926256305151	0.521279742610758
0.47754102150566	0.541674385049081
0.28312351623124	0.237871422132522
0.284696526007603	0.222820309287111
0.275913499755942	0.252379335450506
0.711164364239617	0.899560433836552
-0.220565797120581	0.215696867774458
-1.33882839689953	1.8815677445215
0.123071271820444	0.0998326500428133
-0.130616501072101	0.102218923980364
1.2831280307238	0.708466124862391
0.526808022811829	0.188639363777938
0.183097954614257	0.113607073465014
-0.10004699090783	0.0709904757654769
-0.0198848747943608	0.00928539563028547
0.014163081704635	0.00719059974824763
-1.05538856333245	1.10454253482946
0.11964264067226	0.0992932626929854
0.358758807494659	0.343786858872862
-0.0364864137619657	0.0270099573506228
0.289086746775309	0.266718354986268
0.0226619092792325	0.015810831493545
0.483886407385789	0.536106579924345
0.588971265611781	0.760261748343813
1.00956063163155	1.20684227809709
0.186526365590325	0.133911968054056
0.309695884030293	0.213665530436975
0.803484589661839	0.763909236792801
0.510778415069328	0.325067913312948
0.574049447297144	0.572347894100658
0.116180595718509	0.0888277424246752
-1.07120702214233	1.34456346029696
0.0627118112620161	0.0388608580124153
0.270759099386978	0.25983681154483
0.500900423617426	0.630589437917666
0.729267767336914	0.484507220202342
-0.0182474578704846	0.00857407047196446
-0.126014730878739	0.0707943525107362
0.739391363494421	0.493110440028052
0.796179735186984	0.754396238669053
0.343723575903723	0.326171915063581
0.372829581310333	0.339108753373541
0.773672957860921	1.03120016273967
-0.0573286267803476	0.0473996285718812
0.261440387806902	0.27806917889705
0.485429219007025	0.538958872795698
0.907284577929694	1.34274272513136
0.999659271049199	0.819994114817164
-0.134026223113558	0.0754573563224302
0.745511422222264	0.625410327227911
0.508019782973745	0.457308956364664
0.194376146841722	0.134202432972306
0.51639136410169	0.534053408845364
0.957972227229017	1.17153915104561
1.00345560244001	1.10730449556899
0.715838307648901	0.473281552808397
0.796225433359458	0.859969677425576
0.296719816019823	0.233882944221634
0.963018896066717	0.657288805052054
-0.961936300078895	0.942753475264718
1.09876725037944	1.49484343446085
0.799170967136213	0.959474887831219
0.963085390546013	0.655919179822829
1.03399707744371	1.33837834569678
0.62830444766037	0.48017739405939
