x	y	clickSelects
0.02166879307684	1.37813877346802	89
-0.0672152436755402	0.938052626142087	89
-0.0712196472745599	0.940607959344417	307
-0.10363807891972	1.60908725002222	307
-0.0747895222878499	0.942495644637827	6
-0.0664893400212998	0.937220897064085	6
-0.0712196472745599	0.940607959344417	19
-0.0694476078864801	0.939087813944264	6
-0.0712196472745599	0.940607959344417	6
0.0212460043959799	1.37876400785311	89
-0.0759712592003101	0.94358225331789	307
-0.0712196472745599	0.940607959344417	6
-0.07512110207779	0.943026019639929	19
-0.0664893400212998	0.937220897064085	6
0.02038912855274	1.38030559432412	9
0.0248856577163801	1.37354288578433	6
-0.0664893400212998	0.937220897064085	6
-0.0718108207969399	0.940865439313419	63
-0.06589848871781	0.936900543147092	6
-0.0703641587826298	0.940048810523718	307
-0.07315367869449	0.941414470945238	307
-0.0664893400212998	0.937220897064085	307
-0.0712196472745599	0.940607959344417	6
-0.0164855633021599	2.10851840181231	19
-0.0650380070630199	0.936339193932813	17
-0.0612994205846702	0.933944478436013	18
0.0278069827788701	1.37067578997424	307
-0.06412741380728	0.935290131553989	6
-0.0765624982989999	0.94388365051003	17
-0.0656285679967801	0.936659279965039	54
-0.0691831385200601	0.939212074196618	54
-0.10171161780978	2.32550332522365	6
-0.0694476078864801	0.939087813944264	236
-0.06589848871781	0.936900543147092	151
-0.01390871776848	2.10276828510523	19
0.01954218052868	1.38127194458638	6
-0.0759712592003101	0.94358225331789	6
-0.10995322640213	1.61892297110854	1011
-0.0650380070630199	0.936339193932813	364
-0.0170503168679699	2.10789667565912	19
-0.10997486358034	1.62002314380503	25
-0.06530788404037	0.936496100496138	25
0.07965991964208	1.87579196999944	19
0.0789883780538101	1.87672562379301	1011
-0.0644476925608402	0.935935080561358	63
-0.06530788404037	0.936496100496138	217
-0.0697735253493699	0.939684536075736	1023
-0.0656285679967801	0.936659279965039	236
-0.06589848871781	0.936900543147092	17
0.0410129383048099	2.49033411840592	19
-0.0703641587826298	0.940048810523718	6
0.0746818104925999	1.88545136476885	6
-0.0807443930727398	0.946360409424713	41
-0.0697735253493699	0.939684536075736	17
0.0118947721084199	1.39094468556678	6
-0.01777977066754	2.10997040358024	9
0.0801366423007099	1.87679266005803	9
-0.10241474541748	1.60924053674502	6
-0.0644476925608402	0.935935080561358	6
-0.0644476925608402	0.935935080561358	41
0.0939551961532501	2.33070719953067	414
-0.11115538207076	1.61987171429148	9
-0.0813356876915798	0.946729811424075	41
-0.06589848871781	0.936900543147092	41
-0.0700380410085302	0.939770540845245	41
-0.06247835900079	0.9346666740832	364
0.01463596239906	1.38649456179922	157
-0.0697735253493699	0.939684536075736	17
-0.06247835900079	0.9346666740832	236
0.08383866174215	1.86902662889319	1225
-0.06589848871781	0.936900543147092	6
-0.0676717832639602	0.937475641170911	17
0.02275620629141	1.37527827909641	9
-0.0650380070630199	0.936339193932813	41
-0.0650380070630199	0.936339193932813	17
-0.0694476078864801	0.939087813944264	393
-0.0118122054116201	2.0978206857496	307
-0.0718108207969399	0.940865439313419	9
-0.06471752579984	0.9359945270827	9
0.02082307747495	1.37929036507061	6
-0.10869441048661	1.61854385474362	6
-0.0607103197877801	0.933444656733173	41
0.02038912855274	1.38030559432412	9
-0.06247835900079	0.9346666740832	157
-0.0618887669263102	0.934347484997078	17
-0.0759712592003101	0.94358225331789	17
-0.10591191708591	2.33678716876624	9
-0.0697735253493699	0.939684536075736	9
-0.0638576243013298	0.935433907837447	6
0.01463596239906	1.38649456179922	1011
-0.0618887669263102	0.934347484997078	41
-0.0656285679967801	0.936659279965039	41
-0.06780514452654	0.938309132013353	17
0.00786890236013993	1.39473923977909	17
0.0774444800559699	1.88037233372214	6
-0.0174561074042101	2.10979748571862	157
-0.06530788404037	0.936496100496138	235
-0.0656285679967801	0.936659279965039	17
0.0127578604519001	1.38938765070914	6
-0.0706287207414502	0.940243383198465	41
-0.06530788404037	0.936496100496138	41
-0.0650380070630199	0.936339193932813	41
-0.0703641587826298	0.940048810523718	17
-0.0656285679967801	0.936659279965039	17
-0.0664893400212998	0.937220897064085	1225
-0.0676717832639602	0.937475641170911	6
-0.11871747255442	1.63011769130177	6
-0.10529529474671	1.61043680905511	726
-0.0718108207969399	0.940865439313419	41
-0.0700380410085302	0.939770540845245	217
-0.06530788404037	0.936496100496138	469
-0.0697735253493699	0.939684536075736	469
-0.06530788404037	0.936496100496138	236
-0.0656285679967801	0.936659279965039	17
0.01549625574696	1.38645073308772	6
-0.10695485331098	1.61313705786049	6
-0.06589848871781	0.936900543147092	41
-0.06589848871781	0.936900543147092	364
-0.0664893400212998	0.937220897064085	469
-0.0709550390086799	0.940306066070207	726
-0.0612994205846702	0.933944478436013	157
-0.0759712592003101	0.94358225331789	41
-0.0644476925608402	0.935935080561358	41
-0.0638576243013298	0.935433907837447	217
-0.06708043814016	0.937445840046902	17
-0.06530788404037	0.936496100496138	17
-0.11614603344375	1.62751047910487	19
-0.06471752579984	0.9359945270827	9
-0.06530788404037	0.936496100496138	9
0.0829253311188401	1.87128843682315	349
-0.0666255889110698	0.937689367177516	41
-0.0650380070630199	0.936339193932813	17
-0.0712196472745599	0.940607959344417	17
0.0233266693309799	1.37734026013562	469
-0.06589848871781	0.936900543147092	469
-0.0644476925608402	0.935935080561358	418
0.0479558921751699	2.47536075869581	6
-0.10615201098894	1.6122834359921	6
0.0836258106654999	1.86630197261763	1225
-0.10955275286214	1.61840336273195	6
-0.0660361800451201	0.93721819188179	307
0.02531026892448	1.37276377562396	435
-0.0765624982989999	0.94388365051003	6
-0.12449604556796	1.63833613566551	1225
-0.0650380070630199	0.936339193932813	17
-0.0676717832639602	0.937475641170911	17
-0.0660361800451201	0.93721819188179	219
-0.0739399567083101	0.941940276726097	6
0.0822562257510599	1.87179754259846	1225
-0.0712196472745599	0.940607959344417	469
-0.0745304060083001	0.94259367154612	418
-0.0719735248958502	0.941027671190677	610
-0.0656285679967801	0.936659279965039	319
-0.0718108207969399	0.940865439313419	307
0.01996572381712	1.38083297681597	435
-0.0664893400212998	0.937220897064085	6
0.11056650880638	2.29754495698459	17
0.01868469658734	1.38131674048368	319
-0.06708043814016	0.937445840046902	18
0.0744292416960699	1.88551916138085	349
-0.0709550390086799	0.940306066070207	726
-0.0709550390086799	0.940306066070207	41
-0.0650380070630199	0.936339193932813	217
-0.0697735253493699	0.939684536075736	469
-0.0644476925608402	0.935935080561358	17
0.01996572381712	1.38083297681597	349
-0.0712196472745599	0.940607959344417	349
0.01954218052868	1.38127194458638	6
-0.0706287207414502	0.940243383198465	563
-0.0709550390086799	0.940306066070207	17
-0.06530788404037	0.936496100496138	9
0.01061108474564	1.39130824430096	6
-0.06471752579984	0.9359945270827	6
-0.06589848871781	0.936900543147092	568
-0.0656285679967801	0.936659279965039	41
-0.0697735253493699	0.939684536075736	563
-0.0650380070630199	0.936339193932813	469
-0.0703641587826298	0.940048810523718	65
-0.1078740492717	1.61516329172876	65
-0.0712196472745599	0.940607959344417	157
-0.11951464919793	1.6299483905645	71
0.0248906696904301	1.37322155053487	349
-0.06589848871781	0.936900543147092	36
-0.0712196472745599	0.940607959344417	41
-0.0654470168894101	0.936537817072759	469
-0.0650380070630199	0.936339193932813	469
-0.0618887669263102	0.934347484997078	236
-0.0712196472745599	0.940607959344417	89
-0.0697735253493699	0.939684536075736	6
-0.10156239182452	1.60679142552263	6
-0.0618887669263102	0.934347484997078	157
0.0900018248702401	1.85703173934843	157
-0.0712196472745599	0.940607959344417	36
-0.06530788404037	0.936496100496138	41
-0.0662193755512202	0.93688402425633	568
-0.0712196472745599	0.940607959344417	217
-0.0700380410085302	0.939770540845245	217
-0.07512110207779	0.943026019639929	469
-0.0644476925608402	0.935935080561358	157
-0.0102525753264402	2.09243043912778	6
-0.0700380410085302	0.939770540845245	36
0.02319161387236	1.37464174324834	36
0.0244609074620901	1.37419545853325	307
-0.0644476925608402	0.935935080561358	19
-0.0712196472745599	0.940607959344417	6
-0.0718108207969399	0.940865439313419	6
0.0118947721084199	1.39094468556678	157
0.08560951912329	1.86533062064294	71
0.0798999820335	1.87529399401687	6
-0.0650380070630199	0.936339193932813	17
0.0385806313711501	2.49765285976632	1225
-0.0656285679967801	0.936659279965039	157
-0.0700380410085302	0.939770540845245	157
-0.0618887669263102	0.934347484997078	36
-0.0672152436755402	0.938052626142087	36
-0.0607103197877801	0.933444656733173	563
-0.0691831385200601	0.939212074196618	563
-0.0618887669263102	0.934347484997078	236
0.0186946779899799	1.38187377434525	787
-0.11281108196906	1.62443037423296	6
-0.0712196472745599	0.940607959344417	907
-0.11003022739588	1.61779715784437	65
-0.06780514452654	0.938309132013353	17
-0.0747895222878499	0.942495644637827	236
-0.0664893400212998	0.937220897064085	41
-0.0709550390086799	0.940306066070207	17
-0.0712196472745599	0.940607959344417	513
-0.0712196472745599	0.940607959344417	17
-0.0672152436755402	0.938052626142087	6
-0.06530788404037	0.936496100496138	217
-0.0656285679967801	0.936659279965039	217
-0.0644476925608402	0.935935080561358	6
-0.0700380410085302	0.939770540845245	41
0.02318582165918	1.37563276435432	6
0.0385929579503199	2.49728478246575	698
-0.0709550390086799	0.940306066070207	36
-0.0650380070630199	0.936339193932813	232
-0.0706287207414502	0.940243383198465	232
-0.0133464802465801	2.10161703068878	38
-0.0718108207969399	0.940865439313419	65
0.08147028029923	1.87429761213566	6
-0.0664893400212998	0.937220897064085	65
-0.0697735253493699	0.939684536075736	65
-0.0703641587826298	0.940048810523718	41
0.02708731909642	1.37298656756909	71
0.0188642864912001	1.38259179884499	349
-0.0703641587826298	0.940048810523718	65
-0.0759712592003101	0.94358225331789	65
-0.0664893400212998	0.937220897064085	36
-0.0644476925608402	0.935935080561358	41
-0.0618887669263102	0.934347484997078	232
-0.0697735253493699	0.939684536075736	6
0.0245903979028299	1.37603268473055	698
-0.0650380070630199	0.936339193932813	465
-0.07725276206545	0.944109322005331	41
-0.0697735253493699	0.939684536075736	610
-0.11663603809871	1.62888432936934	6
-0.0712196472745599	0.940607959344417	465
-0.0656285679967801	0.936659279965039	6
-0.0757120451076698	0.943327158757816	513
-0.0745304060083001	0.94259367154612	236
-0.0712196472745599	0.940607959344417	610
-0.0759712592003101	0.94358225331789	75
-0.0759712592003101	0.94358225331789	75
-0.10907385352874	1.61703726051096	38
-0.10948853938635	1.61958869567764	907
0.0178362381625401	1.3819195105957	6
-0.11123289670409	1.61936110339916	65
-0.0709550390086799	0.940306066070207	65
0.0396193889776799	2.49372410740167	307
0.0135974185154799	1.38839620823465	312
0.0804701756347099	1.87633286664569	6
0.0248906696904301	1.37322155053487	6
-0.0712196472745599	0.940607959344417	349
-0.0650380070630199	0.936339193932813	65
0.01762111577292	1.38343094009597	65
-0.0607103197877801	0.933444656733173	65
-0.0650380070630199	0.936339193932813	157
-0.0709550390086799	0.940306066070207	568
-0.0662193755512202	0.93688402425633	17
0.08584028967353	1.86395712210213	71
0.02318170766229	1.37479999977196	65
-0.0664893400212998	0.937220897064085	1267
-0.0664893400212998	0.937220897064085	17
0.01610263261783	1.38666491713039	307
0.01996572381712	1.38083297681597	349
-0.0697735253493699	0.939684536075736	17
0.0730932853451001	1.88782420612025	6
-0.0664893400212998	0.937220897064085	17
-0.0650380070630199	0.936339193932813	900
-0.11242489031641	1.62220664999598	71
-0.0697735253493699	0.939684536075736	65
-0.0697735253493699	0.939684536075736	41
0.01317770793656	1.38895050703388	6
0.0240322921773499	1.37358799091267	349
-0.0745304060083001	0.94259367154612	36
-0.0703641587826298	0.940048810523718	217
-0.0706287207414502	0.940243383198465	17
-0.0664893400212998	0.937220897064085	787
0.0225139560200001	1.37632638502322	6
-0.0656285679967801	0.936659279965039	9
-0.0700380410085302	0.939770540845245	307
-0.0660361800451201	0.93721819188179	75
-0.0650380070630199	0.936339193932813	75
-0.0974549283603099	2.31565200257646	6
0.00873367932824998	1.39469835238061	302
0.0278069827788701	1.37067578997424	59
-0.0712196472745599	0.940607959344417	59
-0.06530788404037	0.936496100496138	144
-0.11538990344703	1.62518743079091	144
-0.0712196472745599	0.940607959344417	435
-0.0703641587826298	0.940048810523718	71
-0.0691831385200601	0.939212074196618	59
-0.0691831385200601	0.939212074196618	59
-0.10489397101967	1.60987863591238	307
-0.10156239182452	1.60679142552263	38
0.0677613374784201	1.89751648468384	349
-0.0662193755512202	0.93688402425633	36
-0.0697735253493699	0.939684536075736	41
-0.0709550390086799	0.940306066070207	217
0.0774444800559699	1.88037233372214	6
-0.0759712592003101	0.94358225331789	592
-0.10987433428471	1.61778011018782	71
-0.06412741380728	0.935290131553989	217
0.02318170766229	1.37479999977196	592
0.0833903784597301	1.86806477857619	6
-0.0144697115751198	2.10231122022604	71
-0.0662193755512202	0.93688402425633	65
-0.10643649518237	2.33500370452442	36
-0.06589848871781	0.936900543147092	36
-0.06530788404037	0.936496100496138	217
-0.0656285679967801	0.936659279965039	17
-0.0697735253493699	0.939684536075736	236
0.0802355200409299	1.87487667946189	6
-0.1121113600976	1.62195030176461	6
-0.0697735253493699	0.939684536075736	6
0.0838292394065101	1.86666150239399	71
0.10494019356233	2.30664084827723	349
-0.0697735253493699	0.939684536075736	336
-0.0638576243013298	0.935433907837447	144
0.0244573754745201	1.37280880281313	6
0.0391599765831601	2.49643040924333	38
-0.0999772323956898	2.32239931571901	592
-0.0612994205846702	0.933944478436013	36
-0.0712196472745599	0.940607959344417	327
0.0775329659900199	1.87977391116675	307
0.0244609074620901	1.37419545853325	6
-0.0765624982989999	0.94388365051003	349
-0.0697735253493699	0.939684536075736	1251
0.01970409646352	1.38216863190726	65
-0.06247835900079	0.9346666740832	36
-0.0650380070630199	0.936339193932813	36
-0.0630681969963902	0.93489075784751	41
-0.0765624982989999	0.94388365051003	9
-0.0703641587826298	0.940048810523718	1222
-0.0759712592003101	0.94358225331789	36
-0.0650380070630199	0.936339193932813	41
-0.0718108207969399	0.940865439313419	217
-0.0644476925608402	0.935935080561358	217
-0.06589848871781	0.936900543147092	217
-0.0759712592003101	0.94358225331789	217
-0.0650380070630199	0.936339193932813	144
-0.11370735492984	1.62457316088925	307
0.01147429985465	1.39126529010837	592
0.01884398287334	1.38292163487246	349
-0.0718108207969399	0.940865439313419	36
-0.0664893400212998	0.937220897064085	217
-0.11163403183947	1.61968307722732	6
-0.11043099454477	1.61841804713108	71
0.0118947721084199	1.39094468556678	71
-0.0656285679967801	0.936659279965039	1251
-0.0644476925608402	0.935935080561358	17
-0.0662193755512202	0.93688402425633	282
-0.0607103197877801	0.933444656733173	17
-0.0712196472745599	0.940607959344417	513
-0.10821106722251	1.61341144362181	282
-0.0656285679967801	0.936659279965039	17
-0.0712196472745599	0.940607959344417	59
-0.06247835900079	0.9346666740832	252
-0.0703641587826298	0.940048810523718	282
-0.0697735253493699	0.939684536075736	302
-0.0656285679967801	0.936659279965039	75
-0.07512110207779	0.943026019639929	75
-0.0765624982989999	0.94388365051003	1202
-0.0712196472745599	0.940607959344417	36
-0.0660361800451201	0.93721819188179	38
-0.0664893400212998	0.937220897064085	17
-0.10203728676714	1.60703002531169	75
-0.11299265778488	1.62196535237193	663
-0.0656285679967801	0.936659279965039	252
-0.0672152436755402	0.938052626142087	42
-0.0706287207414502	0.940243383198465	36
-0.0709550390086799	0.940306066070207	6
-0.0804906116001902	0.946176415871986	71
-0.0798989551005001	0.945806839886223	663
-0.06589848871781	0.936900543147092	307
0.0191184986116	1.38162245445803	38
-0.0239278994841099	2.12193289619592	307
-0.0638576243013298	0.935433907837447	307
-0.06708043814016	0.937445840046902	6
0.01549625574696	1.38645073308772	715
-0.06780514452654	0.938309132013353	36
-0.0745304060083001	0.94259367154612	17
0.07678804643857	1.8818886096107	38
0.01505846950364	1.38610524522227	38
-0.0697735253493699	0.939684536075736	65
-0.0700380410085302	0.939770540845245	36
-0.0662193755512202	0.93688402425633	327
-0.06530788404037	0.936496100496138	1106
-0.0644476925608402	0.935935080561358	17
-0.0618887669263102	0.934347484997078	17
0.02190948169149	1.37627613840117	9
-0.0712196472745599	0.940607959344417	9
-0.0644476925608402	0.935935080561358	17
-0.0664893400212998	0.937220897064085	17
-0.0664893400212998	0.937220897064085	6
-0.0700380410085302	0.939770540845245	984
0.0184236611501201	1.38320192249527	17
-0.0718108207969399	0.940865439313419	17
0.02318170766229	1.37479999977196	17
0.11116417558084	2.29763145970008	437
-0.0747895222878499	0.942495644637827	38
-0.0697735253493699	0.939684536075736	38
-0.1145903331713	1.62458896524433	38
-0.0644476925608402	0.935935080561358	17
-0.06589848871781	0.936900543147092	307
-0.0700380410085302	0.939770540845245	9
-0.11027354919425	1.6203868703506	71
-0.0664893400212998	0.937220897064085	36
-0.0712196472745599	0.940607959344417	965
-0.0656285679967801	0.936659279965039	627
0.08138772784852	1.87404770370882	6
-0.0650380070630199	0.936339193932813	65
-0.0700380410085302	0.939770540845245	36
0.02038912855274	1.38030559432412	6
-0.06589848871781	0.936900543147092	543
0.0167784450998201	1.38451160542443	543
-0.0697735253493699	0.939684536075736	217
-0.06530788404037	0.936496100496138	17
-0.0745304060083001	0.94259367154612	282
-0.0650380070630199	0.936339193932813	282
-0.0618887669263102	0.934347484997078	17
0.07652867231201	1.88181830417519	6
-0.09898046772937	2.32045345148972	6
-0.0664893400212998	0.937220897064085	36
-0.06530788404037	0.936496100496138	217
-0.0656285679967801	0.936659279965039	17
-0.0697735253493699	0.939684536075736	543
-0.0709550390086799	0.940306066070207	242
-0.0666255889110698	0.937689367177516	17
-0.0718108207969399	0.940865439313419	439
-0.0709550390086799	0.940306066070207	41
-0.0712196472745599	0.940607959344417	543
-0.06530788404037	0.936496100496138	36
0.01147429985465	1.39126529010837	242
-0.06530788404037	0.936496100496138	627
-0.0765624982989999	0.94388365051003	65
-0.0650380070630199	0.936339193932813	543
-0.0706287207414502	0.940243383198465	36
-0.0703641587826298	0.940048810523718	6
-0.06589848871781	0.936900543147092	137
-0.10995322640213	1.61892297110854	38
-0.0664893400212998	0.937220897064085	134
-0.06708043814016	0.937445840046902	65
-0.06471752579984	0.9359945270827	81
-0.0807443930727398	0.946360409424713	627
0.0811477986460501	1.87224669105225	71
-0.0664893400212998	0.937220897064085	36
-0.0109921696518001	2.09561264543137	242
-0.0664893400212998	0.937220897064085	6
-0.0644476925608402	0.935935080561358	36
-0.0650380070630199	0.936339193932813	327
-0.0650380070630199	0.936339193932813	327
-0.06708043814016	0.937445840046902	622
-0.1202651338923	1.63425047429409	627
-0.10695485331098	1.61313705786049	627
-0.06708043814016	0.937445840046902	36
-0.0656285679967801	0.936659279965039	36
-0.0703641587826298	0.940048810523718	17
-0.0601214643477301	0.932742677472064	38
-0.1121113600976	1.62195030176461	9
-0.0107508508309802	2.09715029736786	36
-0.10995322640213	1.61892297110854	36
0.0237480496890501	1.37699256397204	36
-0.06589848871781	0.936900543147092	17
-0.0650380070630199	0.936339193932813	151
-0.0685929981056099	0.938529881947211	1193
0.0196842151030201	1.38204959140661	36
0.02318582165918	1.37563276435432	217
-0.0700380410085302	0.939770540845245	17
-0.0703641587826298	0.940048810523718	38
-0.0697735253493699	0.939684536075736	38
0.07855189913287	1.87784362377423	312
-0.0718108207969399	0.940865439313419	36
-0.0662193755512202	0.93688402425633	36
-0.11003022739588	1.61779715784437	38
-0.0691831385200601	0.939212074196618	312
-0.0807443930727398	0.946360409424713	1193
-0.0618887669263102	0.934347484997078	668
-0.0664893400212998	0.937220897064085	312
-0.10575077804364	1.61172489517881	134
-0.0724022414988701	0.940920384238857	36
-0.11043099454477	1.61841804713108	36
-0.10655336938985	1.612754184938	312
-0.0650380070630199	0.936339193932813	627
-0.06708043814016	0.937445840046902	543
-0.0618887669263102	0.934347484997078	36
-0.0712196472745599	0.940607959344417	36
-0.06589848871781	0.936900543147092	38
-0.0712196472745599	0.940607959344417	668
-0.0638576243013298	0.935433907837447	36
-0.0650380070630199	0.936339193932813	159
0.0834880347931499	1.87003670916554	71
-0.0656285679967801	0.936659279965039	36
-0.0709550390086799	0.940306066070207	36
0.0826822741150799	1.87081376991304	38
-0.0706287207414502	0.940243383198465	71
-0.0709550390086799	0.940306066070207	9
-0.0703641587826298	0.940048810523718	75
-0.0712196472745599	0.940607959344417	159
-0.0712196472745599	0.940607959344417	807
0.0118947721084199	1.39094468556678	134
0.01996572381712	1.38083297681597	312
-0.06530788404037	0.936496100496138	807
-0.0759712592003101	0.94358225331789	76
-0.06589848871781	0.936900543147092	36
0.0774444800559699	1.88037233372214	627
0.01996572381712	1.38083297681597	76
-0.0712196472745599	0.940607959344417	9
0.02038912855274	1.38030559432412	9
-0.10454492721284	1.61207934951502	36
-0.0650380070630199	0.936339193932813	36
-0.06530788404037	0.936496100496138	286
-0.0165361860518498	2.10925563666472	159
-0.0612994205846702	0.933944478436013	159
0.10842102460972	2.30245069330722	627
-0.0612994205846702	0.933944478436013	1228
-0.0612994205846702	0.933944478436013	65
-0.0745304060083001	0.94259367154612	36
-0.0759712592003101	0.94358225331789	36
-0.0672152436755402	0.938052626142087	1228
-0.0650380070630199	0.936339193932813	9
-0.0612994205846702	0.933944478436013	9
0.01868469658734	1.38131674048368	307
0.07841380869711	1.8764457155096	38
-0.0171325184410098	2.10948955439031	312
-0.0697735253493699	0.939684536075736	71
-0.0644476925608402	0.935935080561358	807
0.0195325995481499	1.38034974463759	286
-0.0931533203740802	2.30934347954247	307
-0.11290911387815	1.62352153842481	159
-0.11078512437493	2.34454059251376	159
-0.01326096909925	2.10168331820698	71
-0.1019621145271	1.60734723168416	9
-0.0650380070630199	0.936339193932813	9
-0.0713838174616499	0.940596517272425	36
-0.0612994205846702	0.933944478436013	17
-0.0644476925608402	0.935935080561358	827
-0.0759712592003101	0.94358225331789	844
-0.10615201098894	1.6122834359921	1228
-0.11654346783921	1.62791811240694	71
-0.06589848871781	0.936900543147092	9
-0.06681042991569	0.936913767186365	36
-0.0664893400212998	0.937220897064085	286
-0.09784155951766	1.60145882684766	1228
-0.06589848871781	0.936900543147092	159
0.0159182804239799	1.38606182112223	71
0.01868469658734	1.38131674048368	71
-0.10620194690223	1.61105617478282	9
-0.06530788404037	0.936496100496138	65
0.0131553658468799	1.38925175514413	1228
-0.0757120451076698	0.943327158757816	71
-0.10086533146638	2.3257814022574	9
-0.11035382240864	1.61934574350022	65
-0.0706287207414502	0.940243383198465	65
-0.0638576243013298	0.935433907837447	72
-0.06530788404037	0.936496100496138	38
-0.11330817346418	1.62410239816567	159
-0.0697735253493699	0.939684536075736	627
-0.0745304060083001	0.94259367154612	627
-0.10615201098894	1.6122834359921	1228
-0.06530788404037	0.936496100496138	36
-0.0612994205846702	0.933944478436013	668
-0.0709550390086799	0.940306066070207	151
-0.07512110207779	0.943026019639929	81
-0.11330817346418	1.62410239816567	627
-0.0712196472745599	0.940607959344417	71
-0.0664893400212998	0.937220897064085	71
-0.0697735253493699	0.939684536075736	36
-0.0650380070630199	0.936339193932813	1228
-0.0709550390086799	0.940306066070207	36
-0.0712196472745599	0.940607959344417	17
-0.0644476925608402	0.935935080561358	159
-0.0709550390086799	0.940306066070207	159
-0.11242489031641	1.62220664999598	1228
-0.0697735253493699	0.939684536075736	9
0.11185201336726	2.29252692330875	307
-0.0638576243013298	0.935433907837447	159
-0.0694476078864801	0.939087813944264	65
-0.06708043814016	0.937445840046902	36
-0.0662193755512202	0.93688402425633	36
-0.0709550390086799	0.940306066070207	36
0.0406108997919501	2.49278979055623	307
-0.0703641587826298	0.940048810523718	159
0.07431435183811	1.88724996382982	71
0.0821471134783101	1.86995558273363	9
-0.06471752579984	0.9359945270827	9
-0.0650380070630199	0.936339193932813	36
-0.0697735253493699	0.939684536075736	627
-0.06589848871781	0.936900543147092	17
-0.06530788404037	0.936496100496138	159
0.0775329659900199	1.87977391116675	159
-0.0618887669263102	0.934347484997078	36
0.0244609074620901	1.37419545853325	36
-0.0712196472745599	0.940607959344417	36
-0.0666255889110698	0.937689367177516	286
-0.0685929981056099	0.938529881947211	17
-0.0700380410085302	0.939770540845245	36
-0.0638576243013298	0.935433907837447	286
-0.0126989713649102	2.10074434200689	9
-0.06681042991569	0.936913767186365	72
-0.0706287207414502	0.940243383198465	38
-0.11003022739588	1.61779715784437	38
-0.10494868826172	1.61030756500295	134
0.1183231677356	2.27939364750441	9
-0.10283743830554	1.60823709128757	36
-0.0650380070630199	0.936339193932813	613
0.0365772420945401	2.49999670521914	159
-0.0644476925608402	0.935935080561358	9
0.01996572381712	1.38083297681597	36
-0.0618887669263102	0.934347484997078	17
-0.10243730143297	1.60768064262305	159
0.0191184986116	1.38162245445803	9
0.0233266693309799	1.37734026013562	65
-0.0662193755512202	0.93688402425633	17
-0.0618887669263102	0.934347484997078	159
-0.0666255889110698	0.937689367177516	159
0.0241692925213699	1.37655669135624	9
-0.0660361800451201	0.93721819188179	36
-0.0612994205846702	0.933944478436013	159
-0.07512110207779	0.943026019639929	9
-0.0644476925608402	0.935935080561358	81
-0.06247835900079	0.9346666740832	613
-0.06471752579984	0.9359945270827	613
-0.0644476925608402	0.935935080561358	36
0.01762111577292	1.38343094009597	36
-0.0666255889110698	0.937689367177516	75
-0.0700380410085302	0.939770540845245	1092
-0.0706287207414502	0.940243383198465	76
0.02865274675389	1.36925057475869	159
0.0244609074620901	1.37419545853325	9
0.01549625574696	1.38645073308772	36
0.08258806164185	1.86765564549832	159
-0.0644476925608402	0.935935080561358	134
-0.0644476925608402	0.935935080561358	65
0.02275620629141	1.37527827909641	36
-0.0664893400212998	0.937220897064085	17
-0.11743163573905	1.62982473401282	9
-0.0666255889110698	0.937689367177516	75
-0.11163403183947	1.61968307722732	613
-0.0650380070630199	0.936339193932813	65
-0.0694476078864801	0.939087813944264	65
-0.0656285679967801	0.936659279965039	76
-0.07512110207779	0.943026019639929	76
-0.0662193755512202	0.93688402425633	566
-0.0638576243013298	0.935433907837447	566
-0.0644476925608402	0.935935080561358	81
-0.0656285679967801	0.936659279965039	613
-0.06471752579984	0.9359945270827	613
-0.0685929981056099	0.938529881947211	9
-0.11123289670409	1.61936110339916	9
-0.11035382240864	1.61934574350022	36
-0.0656285679967801	0.936659279965039	17
-0.0697735253493699	0.939684536075736	613
-0.0759712592003101	0.94358225331789	9
-0.0703641587826298	0.940048810523718	587
-0.0706287207414502	0.940243383198465	36
-0.0656285679967801	0.936659279965039	17
-0.0612994205846702	0.933944478436013	17
-0.11251017610988	1.62281739772766	613
-0.0747895222878499	0.942495644637827	9
-0.1103724111306	1.62049130849856	36
-0.0804906116001902	0.946176415871986	36
-0.0712196472745599	0.940607959344417	36
-0.0725634785774201	0.941327942943604	613
0.0205433590020301	1.38129779579304	65
-0.0697735253493699	0.939684536075736	36
-0.06530788404037	0.936496100496138	17
-0.06589848871781	0.936900543147092	17
-0.0801533457744399	0.9457465447339	38
-0.0706287207414502	0.940243383198465	159
0.0827176539089101	1.86891473177894	250
0.0844981441376	1.86564171793483	9
-0.06708043814016	0.937445840046902	17
-0.0650380070630199	0.936339193932813	17
-0.0703641587826298	0.940048810523718	17
-0.0810818546466101	0.946306815557682	9
-0.11251017610988	1.62281739772766	76
0.0240360180853501	1.37475445910609	36
0.02318170766229	1.37479999977196	36
-0.0638576243013298	0.935433907837447	286
0.0836856390820999	1.86866168615028	134
-0.06530788404037	0.936496100496138	613
0.01997680861006	1.38007827823445	9
0.01954218052868	1.38127194458638	36
0.07811353861423	1.87912684837421	38
-0.0644476925608402	0.935935080561358	159
-0.0664893400212998	0.937220897064085	65
-0.0664893400212998	0.937220897064085	36
-0.1103724111306	1.62049130849856	36
0.0835941048284199	1.87036019467209	36
-0.06530788404037	0.936496100496138	17
-0.0656285679967801	0.936659279965039	17
-0.0940938815445098	2.31172764994727	613
-0.0703641587826298	0.940048810523718	17
-0.0753802672603001	0.943149552788195	81
-0.0713838174616499	0.940596517272425	75
-0.0691831385200601	0.939212074196618	357
-0.0691831385200601	0.939212074196618	17
0.0186946779899799	1.38187377434525	9
-0.0712196472745599	0.940607959344417	611
-0.0638576243013298	0.935433907837447	36
0.0240360180853501	1.37475445910609	65
-0.07715398474557	0.943970624502734	611
-0.0618887669263102	0.934347484997078	17
-0.0612994205846702	0.933944478436013	250
-0.0753802672603001	0.943149552788195	9
-0.0709550390086799	0.940306066070207	36
-0.0712196472745599	0.940607959344417	17
0.01954218052868	1.38127194458638	307
-0.0666255889110698	0.937689367177516	38
-0.10918013189522	1.6187442867256	38
-0.0753802672603001	0.943149552788195	250
0.0118735511516901	1.38999312153462	9
-0.0759712592003101	0.94358225331789	17
-0.0753802672603001	0.943149552788195	28
-0.10997486358034	1.62002314380503	38
-0.11083188429338	1.61893795267282	159
-0.06589848871781	0.936900543147092	65
-0.0650380070630199	0.936339193932813	65
-0.0664893400212998	0.937220897064085	65
-0.0709550390086799	0.940306066070207	17
-0.06530788404037	0.936496100496138	17
-0.1170337762473	1.62941629887517	65
-0.0638576243013298	0.935433907837447	36
-0.06247835900079	0.9346666740832	36
-0.06471752579984	0.9359945270827	250
-0.10427856226438	2.33314624697865	613
0.0248856577163801	1.37354288578433	65
-0.0644476925608402	0.935935080561358	357
0.01465179241202	1.38687872237835	36
-0.0656285679967801	0.936659279965039	17
-0.0650380070630199	0.936339193932813	611
0.0224688853963699	1.37809073094563	36
-0.06530788404037	0.936496100496138	36
-0.0664893400212998	0.937220897064085	36
-0.06530788404037	0.936496100496138	17
-0.10356222670571	1.60865734331842	9
-0.10995322640213	1.61892297110854	65
-0.0662193755512202	0.93688402425633	156
-0.0703641587826298	0.940048810523718	72
-0.0807443930727398	0.946360409424713	613
-0.0709550390086799	0.940306066070207	611
-0.0712196472745599	0.940607959344417	36
0.0831566397967301	1.86827150034223	38
-0.0644476925608402	0.935935080561358	159
-0.10655336938985	1.612754184938	9
0.02275620629141	1.37527827909641	9
0.02233056540955	1.37567900968113	9
-0.0718108207969399	0.940865439313419	611
0.0227605144569101	1.37595198590423	611
-0.0638576243013298	0.935433907837447	357
0.0227605144569101	1.37595198590423	65
0.0808036263901699	1.87576708963967	65
0.01955346651489	1.38032907891792	9
-0.0703641587826298	0.940048810523718	36
-0.06708043814016	0.937445840046902	36
-0.0697735253493699	0.939684536075736	156
-0.06589848871781	0.936900543147092	78
-0.0644476925608402	0.935935080561358	250
-0.10700521794654	1.61226823373853	134
-0.0656285679967801	0.936659279965039	76
-0.0650380070630199	0.936339193932813	75
0.0228907460910499	1.37774247563731	9
0.0311558037791799	1.36696613682176	38
-0.0644476925608402	0.935935080561358	159
-0.10024123355838	2.32448409287137	65
0.0114528664267901	1.3905487851446	36
-0.0745304060083001	0.94259367154612	78
0.0237340542668101	1.37678136270782	9
-0.0703641587826298	0.940048810523718	335
0.0718388361657101	1.88825063056837	65
-0.06530788404037	0.936496100496138	65
-0.10409169167225	1.6084626074146	36
-0.0644476925608402	0.935935080561358	36
-0.0685929981056099	0.938529881947211	156
-0.06530788404037	0.936496100496138	36
-0.0706287207414502	0.940243383198465	9
-0.06589848871781	0.936900543147092	65
-0.0703641587826298	0.940048810523718	159
-0.0703641587826298	0.940048810523718	250
-0.06530788404037	0.936496100496138	9
-0.06708043814016	0.937445840046902	335
0.02708731909642	1.37298656756909	9
-0.0656285679967801	0.936659279965039	9
-0.0664893400212998	0.937220897064085	9
-0.0664893400212998	0.937220897064085	732
-0.10459370167155	2.33377880887153	307
-0.10995322640213	1.61892297110854	159
-0.0632678020958002	0.934730063300611	159
-0.0706287207414502	0.940243383198465	9
-0.0656285679967801	0.936659279965039	65
-0.0644476925608402	0.935935080561358	9
-0.0664893400212998	0.937220897064085	75
-0.07154616621757	0.940360931397721	38
-0.06530788404037	0.936496100496138	134
-0.0644476925608402	0.935935080561358	9
-0.0765624982989999	0.94388365051003	9
-0.06589848871781	0.936900543147092	75
-0.0650380070630199	0.936339193932813	835
-0.06471752579984	0.9359945270827	9
-0.0664893400212998	0.937220897064085	9
0.0386026995987601	2.49896924284874	76
-0.0664893400212998	0.937220897064085	190
-0.0703641587826298	0.940048810523718	72
-0.0650380070630199	0.936339193932813	9
-0.0706287207414502	0.940243383198465	156
-0.0650380070630199	0.936339193932813	190
-0.0638576243013298	0.935433907837447	190
-0.0638576243013298	0.935433907837447	28
-0.0709550390086799	0.940306066070207	250
0.02501136590828	1.3754099336834	9
-0.1044927700157	1.60922621386079	159
0.02233056540955	1.37567900968113	9
-0.06708043814016	0.937445840046902	9
-0.0650380070630199	0.936339193932813	190
-0.0664893400212998	0.937220897064085	190
-0.0759712592003101	0.94358225331789	28
0.02361098950984	1.375232417412	9
-0.0644476925608402	0.935935080561358	76
-0.0638576243013298	0.935433907837447	1197
-0.06589848871781	0.936900543147092	1197
-0.11904417601523	1.63145727389392	250
-0.0607103197877801	0.933444656733173	9
-0.0650380070630199	0.936339193932813	76
-0.10907385352874	1.61703726051096	335
-0.01390871776848	2.10276828510523	307
-0.0697735253493699	0.939684536075736	307
-0.0703641587826298	0.940048810523718	9
-0.0612994205846702	0.933944478436013	254
-0.06708043814016	0.937445840046902	9
-0.0943510030931698	2.31127899706581	9
-0.06589848871781	0.936900543147092	28
-0.09835052457223	2.32051898459532	9
0.01231510714199	1.39050666625498	250
0.02404142001267	1.37409814408897	85
-0.0664893400212998	0.937220897064085	156
-0.06589848871781	0.936900543147092	307
0.0241692925213699	1.37655669135624	9
-0.10615201098894	1.6122834359921	9
-0.06412741380728	0.935290131553989	830
-0.10997486358034	1.62002314380503	85
0.02038912855274	1.38030559432412	9
0.02531508604641	1.37266362496314	108
0.02319161387236	1.37464174324834	307
-0.0650380070630199	0.936339193932813	9
-0.0706287207414502	0.940243383198465	196
-0.0691831385200601	0.939212074196618	9
-0.0164855633021599	2.10851840181231	9
-0.0712196472745599	0.940607959344417	108
0.0756825676121899	1.88315213218188	9
0.11751613099901	2.28362112124828	9
0.0273838934331401	1.37123198801012	9
-0.0712196472745599	0.940607959344417	108
-0.0656285679967801	0.936659279965039	28
0.02038912855274	1.38030559432412	9
-0.1040385827858	1.60937408161166	76
-0.0706287207414502	0.940243383198465	108
-0.0672152436755402	0.938052626142087	72
-0.0700380410085302	0.939770540845245	9
0.0110320443163601	1.39098717429481	9
0.02233056540955	1.37567900968113	76
-0.107018390407	1.61526317706839	72
-0.0664893400212998	0.937220897064085	1223
-0.10907385352874	1.61703726051096	159
-0.0691831385200601	0.939212074196618	682
-0.0193695783288299	2.1143876384149	159
0.11665977933849	2.28544581286805	9
0.01693846918544	1.38567817486376	9
-0.0706287207414502	0.940243383198465	9
-0.0706287207414502	0.940243383198465	85
-0.0650380070630199	0.936339193932813	189
-0.0656285679967801	0.936659279965039	9
0.0199563429195899	1.3797230970057	159
-0.0712196472745599	0.940607959344417	9
-0.01034350362877	2.09462542886609	9
-0.0700380410085302	0.939770540845245	76
-0.0757120451076698	0.943327158757816	108
-0.06471752579984	0.9359945270827	76
-0.0759712592003101	0.94358225331789	156
-0.0703641587826298	0.940048810523718	108
-0.0656285679967801	0.936659279965039	145
-0.0656285679967801	0.936659279965039	85
-0.06530788404037	0.936496100496138	76
-0.0712196472745599	0.940607959344417	156
-0.0672152436755402	0.938052626142087	159
-0.0662193755512202	0.93688402425633	9
0.116687651561	2.28388697593746	9
-0.0712196472745599	0.940607959344417	108
0.0233124690228299	1.37730600536256	159
-0.0607103197877801	0.933444656733173	72
-0.0069498617701802	2.08965107058043	9
-0.0672152436755402	0.938052626142087	9
0.01233787598713	1.38970759501359	76
0.0191184986116	1.38162245445803	76
-0.0703641587826298	0.940048810523718	76
-0.0703641587826298	0.940048810523718	108
-0.0650380070630199	0.936339193932813	72
0.11116417558084	2.29763145970008	159
0.01954218052868	1.38127194458638	9
0.01996572381712	1.38083297681597	9
-0.0644476925608402	0.935935080561358	44
-0.0618887669263102	0.934347484997078	76
-0.0656285679967801	0.936659279965039	85
-0.06530788404037	0.936496100496138	18
-0.06471752579984	0.9359945270827	76
-0.0712196472745599	0.940607959344417	156
-0.0700380410085302	0.939770540845245	72
-0.0697735253493699	0.939684536075736	28
0.02096278516975	1.38070679897007	522
0.01970409646352	1.38216863190726	9
-0.10947403274013	1.61745921798669	9
-0.0700380410085302	0.939770540845245	9
-0.0810818546466101	0.946306815557682	85
-0.0650380070630199	0.936339193932813	76
-0.0650380070630199	0.936339193932813	72
0.04145401211692	2.48877020085593	9
-0.0691831385200601	0.939212074196618	9
-0.0644476925608402	0.935935080561358	9
-0.0612994205846702	0.933944478436013	156
-0.10575077804364	1.61172489517881	9
-0.0706287207414502	0.940243383198465	682
-0.0656285679967801	0.936659279965039	76
-0.06589848871781	0.936900543147092	407
-0.11242489031641	1.62220664999598	9
0.01996572381712	1.38083297681597	9
-0.10740704194582	1.61273937393389	9
-0.0656285679967801	0.936659279965039	76
-0.0666255889110698	0.937689367177516	85
-0.0753802672603001	0.943149552788195	85
0.02361098950984	1.375232417412	522
-0.06530788404037	0.936496100496138	76
-0.06530788404037	0.936496100496138	85
-0.0703641587826298	0.940048810523718	85
-0.0807443930727398	0.946360409424713	85
0.00744979805162993	1.39524479325163	9
-0.0706287207414502	0.940243383198465	163
-0.0656285679967801	0.936659279965039	163
-0.0691831385200601	0.939212074196618	76
-0.0650380070630199	0.936339193932813	76
-0.10867379658827	1.61651865462631	9
-0.0745304060083001	0.94259367154612	163
0.0191184986116	1.38162245445803	76
-0.0664893400212998	0.937220897064085	85
-0.0697735253493699	0.939684536075736	72
-0.0739399567083101	0.941940276726097	72
0.10262380449105	2.31412660293426	9
-0.0706287207414502	0.940243383198465	108
0.01548083847591	1.38561675168842	9
0.11303338178531	2.29169628025882	9
-0.0694476078864801	0.939087813944264	159
-0.06530788404037	0.936496100496138	9
-0.0725634785774201	0.941327942943604	9
-0.0612994205846702	0.933944478436013	72
-0.0712196472745599	0.940607959344417	69
-0.0745304060083001	0.94259367154612	9
-0.0703641587826298	0.940048810523718	9
0.0159182804239799	1.38606182112223	76
-0.0618887669263102	0.934347484997078	9
-0.0706287207414502	0.940243383198465	76
0.01718352739563	1.38424783376838	9
-0.0660361800451201	0.93721819188179	85
-0.07512110207779	0.943026019639929	85
-0.10780899168288	1.613122713454	9
-0.0709550390086799	0.940306066070207	64
-0.10575077804364	1.61172489517881	163
-0.0753802672603001	0.943149552788195	72
-0.06589848871781	0.936900543147092	301
-0.0706287207414502	0.940243383198465	159
0.0178362381625401	1.3819195105957	634
0.0233124690228299	1.37730600536256	159
-0.0101868998193	2.09723841873019	522
-0.0709550390086799	0.940306066070207	9
0.01997680861006	1.38007827823445	9
0.08282021464519	1.86892354109273	159
-0.0967657729290399	2.3153055828277	9
-0.10653712088219	1.61468444576757	76
-0.06530788404037	0.936496100496138	76
-0.06589848871781	0.936900543147092	9
-0.1091524017264	1.61778268576817	9
-0.11330817346418	1.62410239816567	163
-0.06247835900079	0.9346666740832	9
-0.06530788404037	0.936496100496138	85
-0.0709550390086799	0.940306066070207	72
-0.0644476925608402	0.935935080561358	72
-0.0638576243013298	0.935433907837447	9
0.0831556269196001	1.87049387501382	163
-0.07930755932821	0.945192985809883	163
-0.0672152436755402	0.938052626142087	85
-0.10150312564416	2.32654636357525	634
0.02166879307684	1.37813877346802	9
-0.0709550390086799	0.940306066070207	9
-0.0630681969963902	0.93489075784751	9
-0.06530788404037	0.936496100496138	85
-0.10829752741897	1.61784368009641	9
-0.11003022739588	1.61779715784437	9
0.02823802163807	1.37048673502341	9
-0.0666255889110698	0.937689367177516	163
0.07671111837361	1.8825888615667	85
-0.0650380070630199	0.936339193932813	85
-0.0706287207414502	0.940243383198465	9
-0.06530788404037	0.936496100496138	79
0.0244661143712299	1.3736985819997	9
-0.06589848871781	0.936900543147092	9
0.01954218052868	1.38127194458638	9
0.08594291520909	1.86501998664419	85
0.0156585612444899	1.38698463528121	85
-0.0660361800451201	0.93721819188179	31
-0.0135848062541299	2.10227802971593	9
-0.0612994205846702	0.933944478436013	9
-0.06708043814016	0.937445840046902	9
-0.0656285679967801	0.936659279965039	163
0.01634016720731	1.38557365154008	163
-0.0650380070630199	0.936339193932813	9
0.0737614290830799	1.88691191349847	9
-0.11083188429338	1.61893795267282	85
-0.0753802672603001	0.943149552788195	9
-0.10655336938985	1.612754184938	76
-0.0719735248958502	0.941027671190677	9
-0.0718108207969399	0.940865439313419	76
-0.0697735253493699	0.939684536075736	85
-0.0697735253493699	0.939684536075736	85
-0.0747895222878499	0.942495644637827	75
-0.10661941161028	1.61484284568157	9
-0.0638576243013298	0.935433907837447	163
-0.0656285679967801	0.936659279965039	9
-0.10236195930442	1.60781552722295	9
0.08147028029923	1.87429761213566	9
-0.0719735248958502	0.941027671190677	9
-0.0757120451076698	0.943327158757816	163
-0.10922906064752	1.61616482553385	159
0.01634016720731	1.38557365154008	9
0.0241692925213699	1.37655669135624	9
-0.10741749101595	1.61558252886845	163
-0.06471752579984	0.9359945270827	9
-0.0703641587826298	0.940048810523718	85
-0.06530788404037	0.936496100496138	64
-0.0706287207414502	0.940243383198465	85
-0.06780514452654	0.938309132013353	108
-0.0703641587826298	0.940048810523718	72
-0.06471752579984	0.9359945270827	9
-0.0664893400212998	0.937220897064085	9
-0.06589848871781	0.936900543147092	85
-0.06530788404037	0.936496100496138	85
-0.0607103197877801	0.933444656733173	85
-0.06471752579984	0.9359945270827	9
0.02233056540955	1.37567900968113	9
-0.10995322640213	1.61892297110854	163
-0.0718108207969399	0.940865439313419	163
-0.0706287207414502	0.940243383198465	85
-0.0650380070630199	0.936339193932813	108
0.02611379505564	1.37242242848461	85
-0.06530788404037	0.936496100496138	76
-0.0638576243013298	0.935433907837447	108
-0.0618887669263102	0.934347484997078	69
-0.0672152436755402	0.938052626142087	76
-0.0656285679967801	0.936659279965039	85
-0.0703641587826298	0.940048810523718	85
-0.0712196472745599	0.940607959344417	85
-0.07512110207779	0.943026019639929	9
-0.0638576243013298	0.935433907837447	9
-0.11370735492984	1.62457316088925	9
-0.0664893400212998	0.937220897064085	69
-0.0706287207414502	0.940243383198465	9
-0.10907385352874	1.61703726051096	85
-0.0656285679967801	0.936659279965039	55
-0.0685929981056099	0.938529881947211	58
-0.0666255889110698	0.937689367177516	64
0.0224688853963699	1.37809073094563	85
-0.10655336938985	1.612754184938	9
-0.0712196472745599	0.940607959344417	108
-0.0650380070630199	0.936339193932813	15
0.08215308968727	1.87040660520777	9
-0.11379125144927	1.6235367474677	9
-0.0706287207414502	0.940243383198465	85
-0.00987410763465979	2.09175875285024	85
-0.0644476925608402	0.935935080561358	55
-0.0644476925608402	0.935935080561358	85
-0.10414685283587	1.61118897733186	9
-0.11043099454477	1.61841804713108	9
-0.0666255889110698	0.937689367177516	163
-0.06708043814016	0.937445840046902	85
-0.07512110207779	0.943026019639929	58
-0.06471752579984	0.9359945270827	64
-0.0200155662150898	2.11547324220866	64
-0.0745304060083001	0.94259367154612	163
0.0240360180853501	1.37475445910609	163
0.0191184986116	1.38162245445803	163
-0.0644476925608402	0.935935080561358	163
-0.0664893400212998	0.937220897064085	85
-0.0656285679967801	0.936659279965039	85
-0.1141907312721	1.6241178586141	9
-0.0712196472745599	0.940607959344417	9
0.0156585612444899	1.38698463528121	9
0.02361098950984	1.375232417412	9
-0.0155963118817901	2.10697579808667	9
-0.0612994205846702	0.933944478436013	85
-0.0650380070630199	0.936339193932813	85
-0.0664893400212998	0.937220897064085	58
-0.10573987881128	1.61394588604116	64
0.07841380869711	1.8764457155096	9
-0.0703641587826298	0.940048810523718	1
0.0150740931014	1.38673311342322	76
-0.0691831385200601	0.939212074196618	108
-0.0618887669263102	0.934347484997078	64
-0.0759712592003101	0.94358225331789	85
-0.0664893400212998	0.937220897064085	58
-0.0694476078864801	0.939087813944264	75
-0.0691831385200601	0.939212074196618	9
-0.0691831385200601	0.939212074196618	76
-0.0691831385200601	0.939212074196618	85
0.0841526040392	1.86880288224381	9
0.0244573754745201	1.37280880281313	9
-0.01187883045966	2.09565333306278	9
-0.06589848871781	0.936900543147092	85
-0.0644476925608402	0.935935080561358	575
-0.0666255889110698	0.937689367177516	58
-0.06530788404037	0.936496100496138	58
-0.0706287207414502	0.940243383198465	500
-0.11075454094405	1.61966725432052	64
-0.0685929981056099	0.938529881947211	106
0.01607690091236	1.38643210281165	76
-0.0703641587826298	0.940048810523718	76
-0.0650380070630199	0.936339193932813	575
-0.06589848871781	0.936900543147092	76
0.0191184986116	1.38162245445803	76
-0.06681042991569	0.936913767186365	75
-0.0607103197877801	0.933444656733173	75
-0.0662193755512202	0.93688402425633	85
-0.0700380410085302	0.939770540845245	55
-0.0662193755512202	0.93688402425633	108
-0.0712196472745599	0.940607959344417	58
-0.0656285679967801	0.936659279965039	614
0.01698722366517	1.38185998753998	76
-0.0650380070630199	0.936339193932813	76
0.01762111577292	1.38343094009597	9
0.07560315976584	1.88278121852473	85
-0.06589848871781	0.936900543147092	500
-0.0660361800451201	0.93721819188179	64
-0.0612994205846702	0.933944478436013	106
0.0248856577163801	1.37354288578433	76
-0.06471752579984	0.9359945270827	108
-0.0650380070630199	0.936339193932813	108
-0.0644476925608402	0.935935080561358	58
-0.10875217293262	1.61704537809858	9
-0.0664893400212998	0.937220897064085	76
-0.0650380070630199	0.936339193932813	85
-0.10997486358034	1.62002314380503	76
-0.0697735253493699	0.939684536075736	85
-0.06471752579984	0.9359945270827	58
-0.06708043814016	0.937445840046902	58
-0.0706287207414502	0.940243383198465	9
-0.11450608374754	1.625170650504	55
-0.0650380070630199	0.936339193932813	108
-0.07725276206545	0.944109322005331	9
-0.06530788404037	0.936496100496138	9
-0.07154616621757	0.940360931397721	64
-0.0697735253493699	0.939684536075736	9
-0.06708043814016	0.937445840046902	9
-0.06589848871781	0.936900543147092	9
-0.0718108207969399	0.940865439313419	76
-0.0650380070630199	0.936339193932813	85
-0.0644476925608402	0.935935080561358	76
-0.0650380070630199	0.936339193932813	76
-0.11410665833699	1.62493371894183	85
-0.06530788404037	0.936496100496138	85
-0.1107700799011	1.6208495734135	347
-0.11075454094405	1.61966725432052	85
-0.10948853938635	1.61958869567764	76
0.02038912855274	1.38030559432412	76
-0.0644476925608402	0.935935080561358	85
-0.0664893400212998	0.937220897064085	55
-0.0656285679967801	0.936659279965039	58
0.02040001223819	1.37972846952316	9
-0.0765624982989999	0.94388365051003	9
-0.06589848871781	0.936900543147092	9
-0.0712196472745599	0.940607959344417	85
-0.06471752579984	0.9359945270827	154
-0.06471752579984	0.9359945270827	64
-0.06589848871781	0.936900543147092	493
-0.0719735248958502	0.941027671190677	772
-0.0718108207969399	0.940865439313419	1
-0.0656285679967801	0.936659279965039	1
-0.06471752579984	0.9359945270827	399
-0.0712196472745599	0.940607959344417	18
-0.06589848871781	0.936900543147092	9
-0.0638576243013298	0.935433907837447	9
-0.06589848871781	0.936900543147092	1145
-0.0694476078864801	0.939087813944264	85
-0.0706287207414502	0.940243383198465	55
-0.0618887669263102	0.934347484997078	696
-0.0706287207414502	0.940243383198465	9
-0.0644476925608402	0.935935080561358	85
-0.06589848871781	0.936900543147092	18
-0.10790076519133	1.61698107483318	76
-0.0992950422161099	2.32223056862729	9
-0.0851370733782	0.948767664795424	75
-0.0612994205846702	0.933944478436013	64
-0.0697735253493699	0.939684536075736	76
-0.0712196472745599	0.940607959344417	1
-0.07512110207779	0.943026019639929	76
-0.0650380070630199	0.936339193932813	500
-0.0819272298209199	0.946860351101947	9
-0.06589848871781	0.936900543147092	639
-0.0765624982989999	0.94388365051003	639
-0.0719735248958502	0.941027671190677	1145
-0.06780514452654	0.938309132013353	85
-0.0718108207969399	0.940865439313419	154
-0.0656285679967801	0.936659279965039	500
-0.0719735248958502	0.941027671190677	140
0.08785586115781	1.86219433017195	76
-0.0739399567083101	0.941940276726097	9
0.01954218052868	1.38127194458638	18
0.0244661143712299	1.3736985819997	9
-0.0691831385200601	0.939212074196618	9
-0.06530788404037	0.936496100496138	76
-0.0666255889110698	0.937689367177516	57
-0.0664893400212998	0.937220897064085	18
-0.0685929981056099	0.938529881947211	9
-0.0718108207969399	0.940865439313419	75
-0.0664893400212998	0.937220897064085	385
-0.0718108207969399	0.940865439313419	385
-0.0644476925608402	0.935935080561358	18
-0.06530788404037	0.936496100496138	76
-0.06589848871781	0.936900543147092	76
-0.0700380410085302	0.939770540845245	75
-0.0666255889110698	0.937689367177516	500
-0.0664893400212998	0.937220897064085	76
-0.0636582811016799	0.934920320105424	76
-0.06589848871781	0.936900543147092	108
-0.0664893400212998	0.937220897064085	1
-0.06589848871781	0.936900543147092	57
-0.0672152436755402	0.938052626142087	76
-0.0697735253493699	0.939684536075736	9
-0.06708043814016	0.937445840046902	58
0.01970409646352	1.38216863190726	58
-0.0644476925608402	0.935935080561358	1
-0.06589848871781	0.936900543147092	15
-0.0607103197877801	0.933444656733173	57
-0.0644476925608402	0.935935080561358	385
-0.0666255889110698	0.937689367177516	385
-0.0650380070630199	0.936339193932813	612
-0.0694476078864801	0.939087813944264	76
-0.0718108207969399	0.940865439313419	9
-0.0656285679967801	0.936659279965039	85
0.0743480594846999	1.88596589170351	85
-0.0650380070630199	0.936339193932813	56
-0.0161621970701198	2.10786160000111	108
-0.0706287207414502	0.940243383198465	76
-0.0664893400212998	0.937220897064085	9
-0.0709550390086799	0.940306066070207	9
-0.0765624982989999	0.94388365051003	85
-0.0700380410085302	0.939770540845245	106
-0.0700380410085302	0.939770540845245	76
-0.06589848871781	0.936900543147092	85
0.0835941048284199	1.87036019467209	85
-0.0607103197877801	0.933444656733173	85
-0.06530788404037	0.936496100496138	85
-0.06708043814016	0.937445840046902	500
0.01868469658734	1.38131674048368	9
-0.0630681969963902	0.93489075784751	108
-0.0644476925608402	0.935935080561358	116
-0.0612994205846702	0.933944478436013	116
-0.0703641587826298	0.940048810523718	15
0.02082307747495	1.37929036507061	366
0.01997680861006	1.38007827823445	108
-0.06708043814016	0.937445840046902	57
-0.0697735253493699	0.939684536075736	56
0.0245903979028299	1.37603268473055	116
-0.06530788404037	0.936496100496138	108
-0.0656285679967801	0.936659279965039	85
-0.0703641587826298	0.940048810523718	108
-0.0664893400212998	0.937220897064085	15
-0.0691831385200601	0.939212074196618	9
-0.0161621970701198	2.10786160000111	76
-0.06589848871781	0.936900543147092	285
-0.0700380410085302	0.939770540845245	106
0.0795555295986901	1.87079494506824	85
-0.0703641587826298	0.940048810523718	56
0.02531508604641	1.37266362496314	9
-0.0759712592003101	0.94358225331789	9
0.01634016720731	1.38557365154008	85
-0.0650380070630199	0.936339193932813	15
-0.0712196472745599	0.940607959344417	655
-0.0650380070630199	0.936339193932813	76
-0.0656285679967801	0.936659279965039	537
-0.06589848871781	0.936900543147092	1037
-0.06589848871781	0.936900543147092	612
-0.0712196472745599	0.940607959344417	645
-0.06530788404037	0.936496100496138	1259
-0.0747895222878499	0.942495644637827	366
-0.0618887669263102	0.934347484997078	9
-0.10655336938985	1.612754184938	85
-0.06471752579984	0.9359945270827	56
-0.0700380410085302	0.939770540845245	108
-0.0638576243013298	0.935433907837447	15
-0.06589848871781	0.936900543147092	385
-0.0718108207969399	0.940865439313419	76
-0.0638576243013298	0.935433907837447	9
-0.06471752579984	0.9359945270827	9
-0.0691831385200601	0.939212074196618	76
-0.0691831385200601	0.939212074196618	76
-0.0753802672603001	0.943149552788195	85
-0.06589848871781	0.936900543147092	645
-0.06589848871781	0.936900543147092	15
-0.0650380070630199	0.936339193932813	275
0.01954218052868	1.38127194458638	1037
-0.0709550390086799	0.940306066070207	9
-0.0745304060083001	0.94259367154612	9
-0.11330817346418	1.62410239816567	9
-0.0650380070630199	0.936339193932813	9
-0.1170337762473	1.62941629887517	85
-0.0706287207414502	0.940243383198465	85
-0.06471752579984	0.9359945270827	923
-0.1103724111306	1.62049130849856	53
-0.06681042991569	0.936913767186365	15
-0.0712196472745599	0.940607959344417	15
-0.0691831385200601	0.939212074196618	76
-0.0718108207969399	0.940865439313419	671
-0.0753802672603001	0.943149552788195	56
-0.06412741380728	0.935290131553989	15
-0.0612994205846702	0.933944478436013	57
-0.0685929981056099	0.938529881947211	310
0.02318170766229	1.37479999977196	9
0.0159182804239799	1.38606182112223	85
0.0227605144569101	1.37595198590423	85
0.0233124690228299	1.37730600536256	76
-0.0712196472745599	0.940607959344417	9
-0.0101095044411901	2.09408857605122	85
-0.0813356876915798	0.946729811424075	85
-0.06530788404037	0.936496100496138	53
-0.0765624982989999	0.94388365051003	53
-0.11251017610988	1.62281739772766	366
0.01549625574696	1.38645073308772	76
-0.06530788404037	0.936496100496138	9
-0.0697735253493699	0.939684536075736	116
-0.0706287207414502	0.940243383198465	106
-0.10281167878462	1.60965770381953	85
0.01954218052868	1.38127194458638	85
-0.10947403274013	1.61745921798669	85
-0.10867379658827	1.61651865462631	9
0.02040001223819	1.37972846952316	9
0.02209144359302	1.37738275560739	76
0.02404142001267	1.37409814408897	671
-0.0656285679967801	0.936659279965039	116
-0.06589848871781	0.936900543147092	655
-0.10995322640213	1.61892297110854	85
-0.0650380070630199	0.936339193932813	115
-0.06589848871781	0.936900543147092	7
-0.11043099454477	1.61841804713108	9
0.0265461826486	1.37189855471365	76
-0.06589848871781	0.936900543147092	85
-0.0712196472745599	0.940607959344417	56
-0.06708043814016	0.937445840046902	116
-0.06708043814016	0.937445840046902	601
-0.0691831385200601	0.939212074196618	53
-0.0718108207969399	0.940865439313419	617
0.0287641461157899	1.37066332774797	85
-0.11242489031641	1.62220664999598	115
-0.0703641587826298	0.940048810523718	7
-0.0700380410085302	0.939770540845245	53
-0.0650380070630199	0.936339193932813	76
0.01997680861006	1.38007827823445	76
-0.0739399567083101	0.941940276726097	85
0.01505846950364	1.38610524522227	9
-0.00533403929442988	2.08592128348572	76
-0.10432649828169	2.33290971397978	56
0.0808036263901699	1.87576708963967	85
-0.0718108207969399	0.940865439313419	7
-0.10700521794654	1.61226823373853	53
-0.0644476925608402	0.935935080561358	655
0.01868469658734	1.38131674048368	76
-0.06780514452654	0.938309132013353	115
-0.0706287207414502	0.940243383198465	53
-0.0618887669263102	0.934347484997078	1248
-0.0691831385200601	0.939212074196618	303
0.00703055704239008	1.39561481095388	85
-0.0759712592003101	0.94358225331789	14
0.0244609074620901	1.37419545853325	76
0.0801366423007099	1.87679266005803	671
-0.0650380070630199	0.936339193932813	85
0.0182605368459701	1.38166768053062	85
-0.0712196472745599	0.940607959344417	778
-0.0650380070630199	0.936339193932813	923
-0.0664893400212998	0.937220897064085	53
0.0191184986116	1.38162245445803	303
-0.11035382240864	1.61934574350022	56
-0.0703641587826298	0.940048810523718	612
-0.0683952916533301	0.938363745590852	56
0.0275067306566299	1.37255334837099	688
-0.0706287207414502	0.940243383198465	56
0.0311558037791799	1.36696613682176	53
-0.0644476925608402	0.935935080561358	53
-0.0632678020958002	0.934730063300611	1002
-0.0644476925608402	0.935935080561358	9
-0.0232155705029098	2.12170328249271	9
0.0233266693309799	1.37734026013562	9
0.03199754798428	1.36594163634078	115
0.0823811662414999	1.8691958545995	106
0.0159182804239799	1.38606182112223	85
0.0214788648062301	1.37622468293291	56
-0.0612994205846702	0.933944478436013	1230
-0.0765624982989999	0.94388365051003	56
-0.06589848871781	0.936900543147092	7
-0.0638576243013298	0.935433907837447	53
-0.0644476925608402	0.935935080561358	106
0.0227605144569101	1.37595198590423	9
0.0163569033193001	1.38489973876408	115
-0.0712196472745599	0.940607959344417	9
0.1133370000633	2.29285220763291	76
0.01505846950364	1.38610524522227	76
0.11804258676421	2.28027110963072	76
-0.0706287207414502	0.940243383198465	76
0.0201041257588901	1.38145792335057	115
0.0248856577163801	1.37354288578433	76
-0.0650380070630199	0.936339193932813	7
-0.0718108207969399	0.940865439313419	53
-0.10212236530854	2.32749302044298	76
-0.0662193755512202	0.93688402425633	778
-0.0703641587826298	0.940048810523718	7
0.01549625574696	1.38645073308772	56
-0.0759712592003101	0.94358225331789	56
-0.10615201098894	1.6122834359921	9
0.0689132892958899	1.89549066728354	76
-0.11450608374754	1.625170650504	76
-0.06589848871781	0.936900543147092	7
-0.0718108207969399	0.940865439313419	883
-0.07512110207779	0.943026019639929	76
-0.0666255889110698	0.937689367177516	76
0.0706902406496199	1.8923092416059	9
0.02361098950984	1.375232417412	56
-0.06589848871781	0.936900543147092	56
-0.0703641587826298	0.940048810523718	481
-0.0700380410085302	0.939770540845245	76
-0.0718108207969399	0.940865439313419	9
-0.0650380070630199	0.936339193932813	7
-0.0650380070630199	0.936339193932813	7
-0.0745304060083001	0.94259367154612	64
-0.06780514452654	0.938309132013353	106
-0.0713838174616499	0.940596517272425	9
-0.10807271899196	2.33930055978958	76
-0.0656285679967801	0.936659279965039	53
-0.10615201098894	1.6122834359921	7
-0.0706287207414502	0.940243383198465	106
-0.0618887669263102	0.934347484997078	76
0.02040001223819	1.37972846952316	56
-0.0650380070630199	0.936339193932813	7
-0.0712196472745599	0.940607959344417	106
0.0118947721084199	1.39094468556678	76
-0.0703641587826298	0.940048810523718	9
-0.0644476925608402	0.935935080561358	7
-0.06530788404037	0.936496100496138	481
0.02038912855274	1.38030559432412	76
0.0789883780538101	1.87672562379301	76
-0.0213400967749799	2.11842075958967	56
-0.07512110207779	0.943026019639929	56
0.0114528664267901	1.3905487851446	76
0.10997660990763	2.29804524255007	76
0.0227605144569101	1.37595198590423	9
-0.0650380070630199	0.936339193932813	7
-0.0700380410085302	0.939770540845245	7
-0.0662193755512202	0.93688402425633	64
-0.0706287207414502	0.940243383198465	9
0.11086136890139	2.29711987438777	56
-0.06589848871781	0.936900543147092	7
-0.11043099454477	1.61841804713108	7
-0.06530788404037	0.936496100496138	7
-0.0697735253493699	0.939684536075736	7
-0.0753802672603001	0.943149552788195	106
-0.10713165269329	2.34018185798595	9
-0.11574872019339	1.62697955135036	131
-0.0612994205846702	0.933944478436013	56
-0.0703641587826298	0.940048810523718	7
-0.0691831385200601	0.939212074196618	76
-0.06589848871781	0.936900543147092	778
-0.10827386185664	1.61589917576463	56
-0.0664893400212998	0.937220897064085	7
-0.0650380070630199	0.936339193932813	7
-0.0664893400212998	0.937220897064085	7
-0.0664893400212998	0.937220897064085	481
-0.0612994205846702	0.933944478436013	64
0.0749361344964701	1.88369063916668	76
-0.0664893400212998	0.937220897064085	76
-0.0697735253493699	0.939684536075736	21
-0.06471752579984	0.9359945270827	9
-0.0656285679967801	0.936659279965039	1142
-0.10149380539943	2.32741460626145	229
0.0248856577163801	1.37354288578433	115
0.01997680861006	1.38007827823445	9
-0.11399878663195	1.62521226815661	167
-0.0650380070630199	0.936339193932813	8
-0.0718108207969399	0.940865439313419	616
-0.01479588726537	2.10351808352914	1142
-0.06530788404037	0.936496100496138	9
-0.0650380070630199	0.936339193932813	229
-0.10955275286214	1.61840336273195	778
-0.0745304060083001	0.94259367154612	56
-0.10575077804364	1.61172489517881	131
-0.0672152436755402	0.938052626142087	77
-0.0810818546466101	0.946306815557682	7
-0.0706287207414502	0.940243383198465	7
-0.0694476078864801	0.939087813944264	7
-0.0719735248958502	0.941027671190677	8
-0.06589848871781	0.936900543147092	481
-0.0612994205846702	0.933944478436013	204
0.0233124690228299	1.37730600536256	1142
-0.0697735253493699	0.939684536075736	9
0.12390292547005	2.26800913449066	76
-0.0709550390086799	0.940306066070207	778
-0.06589848871781	0.936900543147092	7
-0.06530788404037	0.936496100496138	481
-0.10615201098894	1.6122834359921	229
-0.06589848871781	0.936900543147092	15
-0.10414685283587	1.61118897733186	1142
-0.06589848871781	0.936900543147092	1142
0.0767750895824599	1.88118662344323	9
-0.0672152436755402	0.938052626142087	131
0.0245903979028299	1.37603268473055	77
-0.0618887669263102	0.934347484997078	77
-0.06471752579984	0.9359945270827	261
0.0279260056305199	1.37203231308805	167
-0.10995322640213	1.61892297110854	167
0.0228907460910499	1.37774247563731	9
-0.0712196472745599	0.940607959344417	56
-0.06247835900079	0.9346666740832	131
-0.0662193755512202	0.93688402425633	56
-0.0660361800451201	0.93721819188179	77
-0.0724022414988701	0.940920384238857	77
0.02611379505564	1.37242242848461	76
0.02038912855274	1.38030559432412	1142
-0.06471752579984	0.9359945270827	9
-0.06530788404037	0.936496100496138	9
-0.0664893400212998	0.937220897064085	229
-0.0813356876915798	0.946729811424075	7
-0.0664893400212998	0.937220897064085	57
-0.0813356876915798	0.946729811424075	77
-0.0187996141376199	2.11344068073505	7
-0.10700521794654	1.61226823373853	77
-0.10655336938985	1.612754184938	77
-0.10948853938635	1.61958869567764	167
-0.0697735253493699	0.939684536075736	7
0.0159182804239799	1.38606182112223	7
0.02038912855274	1.38030559432412	77
-0.06708043814016	0.937445840046902	77
-0.0607103197877801	0.933444656733173	77
-0.0718108207969399	0.940865439313419	22
-0.0644476925608402	0.935935080561358	22
-0.0632678020958002	0.934730063300611	21
-0.0700380410085302	0.939770540845245	229
-0.06589848871781	0.936900543147092	7
-0.0638576243013298	0.935433907837447	170
0.01996572381712	1.38083297681597	56
-0.0660361800451201	0.93721819188179	131
0.0159182804239799	1.38606182112223	131
-0.0706287207414502	0.940243383198465	77
-0.0656285679967801	0.936659279965039	155
-0.06530788404037	0.936496100496138	56
-0.0672152436755402	0.938052626142087	77
-0.0700380410085302	0.939770540845245	76
0.08100833963844	1.87230958491466	155
0.0244661143712299	1.3736985819997	21
-0.0612994205846702	0.933944478436013	64
-0.0712196472745599	0.940607959344417	264
-0.06530788404037	0.936496100496138	264
-0.06589848871781	0.936900543147092	9
-0.0700380410085302	0.939770540845245	264
-0.0706287207414502	0.940243383198465	264
-0.0703641587826298	0.940048810523718	119
-0.0644476925608402	0.935935080561358	77
-0.0691831385200601	0.939212074196618	155
0.01548083847591	1.38561675168842	155
-0.06530788404037	0.936496100496138	155
0.0233124690228299	1.37730600536256	345
0.0282299338606	1.37002627709652	76
-0.0607103197877801	0.933444656733173	229
-0.10609831062033	1.61129019158769	8
0.08106013992555	1.87448219533503	77
-0.0664893400212998	0.937220897064085	77
-0.10580049972782	1.61029167346655	9
0.0167784450998201	1.38451160542443	9
-0.06530788404037	0.936496100496138	7
-0.0759712592003101	0.94358225331789	155
-0.0718108207969399	0.940865439313419	229
0.01147429985465	1.39126529010837	508
-0.07512110207779	0.943026019639929	508
-0.0706287207414502	0.940243383198465	77
0.0167784450998201	1.38451160542443	77
0.02096278516975	1.38070679897007	205
-0.0712196472745599	0.940607959344417	161
0.01463596239906	1.38649456179922	77
-0.07512110207779	0.943026019639929	77
0.01996572381712	1.38083297681597	345
-0.07512110207779	0.943026019639929	9
-0.0650380070630199	0.936339193932813	76
-0.0757120451076698	0.943327158757816	287
-0.06412741380728	0.935290131553989	9
-0.06471752579984	0.9359945270827	229
-0.06530788404037	0.936496100496138	8
0.0167784450998201	1.38451160542443	8
-0.0757120451076698	0.943327158757816	155
-0.0703641587826298	0.940048810523718	345
-0.0700380410085302	0.939770540845245	155
-0.0747895222878499	0.942495644637827	62
0.02361098950984	1.375232417412	155
0.0163569033193001	1.38489973876408	345
0.0236165865384901	1.37441672930366	345
-0.0700380410085302	0.939770540845245	18
-0.0664893400212998	0.937220897064085	29
-0.06681042991569	0.936913767186365	8
-0.0718108207969399	0.940865439313419	293
-0.0650380070630199	0.936339193932813	293
0.02082307747495	1.37929036507061	155
0.02275620629141	1.37527827909641	155
0.0766189447374701	1.87991480679921	155
-0.06471752579984	0.9359945270827	18
-0.06530788404037	0.936496100496138	8
-0.0664893400212998	0.937220897064085	22
0.0203799476529101	1.37896553234573	205
-0.06530788404037	0.936496100496138	155
-0.11242489031641	1.62220664999598	155
-0.0644476925608402	0.935935080561358	119
-0.0691831385200601	0.939212074196618	64
-0.10947403274013	1.61745921798669	161
-0.10661941161028	1.61484284568157	229
-0.0125298807512602	2.09623524243205	77
-0.0697735253493699	0.939684536075736	7
-0.0712196472745599	0.940607959344417	62
-0.06530788404037	0.936496100496138	345
-0.0700380410085302	0.939770540845245	229
-0.0712196472745599	0.940607959344417	22
0.0240360180853501	1.37475445910609	77
-0.0712196472745599	0.940607959344417	205
-0.0725634785774201	0.941327942943604	21
-0.0757120451076698	0.943327158757816	1101
-0.06471752579984	0.9359945270827	222
-0.1145903331713	1.62458896524433	21
0.01165822380361	1.39168486243606	9
-0.0664893400212998	0.937220897064085	204
-0.10340302756601	2.33274785788163	229
-0.0618887669263102	0.934347484997078	131
-0.10861326862959	1.61358839031101	131
-0.0650380070630199	0.936339193932813	7
-0.06530788404037	0.936496100496138	8
-0.0656285679967801	0.936659279965039	22
-0.0656285679967801	0.936659279965039	21
-0.06471752579984	0.9359945270827	76
-0.0697735253493699	0.939684536075736	274
-0.10276192621854	1.60819622876159	77
-0.06589848871781	0.936900543147092	9
-0.0190466955007098	2.11365533554702	222
-0.0851370733782	0.948767664795424	546
-0.0724022414988701	0.940920384238857	131
-0.06530788404037	0.936496100496138	131
-0.10741749101595	1.61558252886845	131
-0.0656285679967801	0.936659279965039	7
-0.0607103197877801	0.933444656733173	77
-0.1170337762473	1.62941629887517	77
-0.0644476925608402	0.935935080561358	21
-0.0672152436755402	0.938052626142087	209
-0.0664893400212998	0.937220897064085	176
0.0740519481112101	1.88670585788407	8
-0.0650380070630199	0.936339193932813	8
-0.0990359012594499	1.60312365728423	77
0.0121069374428699	1.39129430326678	22
-0.0612994205846702	0.933944478436013	229
0.0767750895824599	1.88118662344323	229
-0.0703641587826298	0.940048810523718	22
-0.06530788404037	0.936496100496138	21
-0.0718108207969399	0.940865439313419	200
0.0150740931014	1.38673311342322	229
-0.11490563122348	1.6252439435704	131
-0.0697735253493699	0.939684536075736	7
-0.06530788404037	0.936496100496138	21
-0.0638576243013298	0.935433907837447	209
0.01634016720731	1.38557365154008	170
-0.0656285679967801	0.936659279965039	149
-0.10650312653789	2.33788365421074	229
0.0192641674991001	1.38253510667972	8
-0.06412741380728	0.935290131553989	77
-0.0650380070630199	0.936339193932813	413
-0.11370735492984	1.62457316088925	9
-0.0104278110866201	2.09655783667186	204
-0.0638576243013298	0.935433907837447	200
-0.0713838174616499	0.940596517272425	76
-0.0697735253493699	0.939684536075736	149
-0.0612994205846702	0.933944478436013	149
-0.06589848871781	0.936900543147092	229
-0.06589848871781	0.936900543147092	229
-0.0709550390086799	0.940306066070207	7
-0.06780514452654	0.938309132013353	8
-0.0697735253493699	0.939684536075736	21
0.07254188781183	1.88815402894598	9
-0.0632678020958002	0.934730063300611	149
0.01634016720731	1.38557365154008	229
0.02038912855274	1.38030559432412	131
-0.10867379658827	1.61651865462631	7
-0.0662193755512202	0.93688402425633	7
-0.0650380070630199	0.936339193932813	944
0.02275620629141	1.37527827909641	204
0.0821471134783101	1.86995558273363	204
-0.11499005720891	1.62494995959926	460
-0.0618887669263102	0.934347484997078	22
0.0833903784597301	1.86806477857619	21
0.0224688853963699	1.37809073094563	21
-0.0703641587826298	0.940048810523718	249
-0.0700380410085302	0.939770540845245	76
-0.0691831385200601	0.939212074196618	76
-0.06589848871781	0.936900543147092	131
-0.0662193755512202	0.93688402425633	8
-0.0612994205846702	0.933944478436013	18
-0.06530788404037	0.936496100496138	56
-0.0638576243013298	0.935433907837447	209
-0.0709550390086799	0.940306066070207	8
0.08201294942274	1.87174274764994	21
-0.0724022414988701	0.940920384238857	21
-0.0666255889110698	0.937689367177516	76
-0.06530788404037	0.936496100496138	161
0.0233266693309799	1.37734026013562	77
-0.0618887669263102	0.934347484997078	21
-0.06530788404037	0.936496100496138	21
-0.0700380410085302	0.939770540845245	18
-0.0664893400212998	0.937220897064085	76
-0.10575077804364	1.61172489517881	209
-0.0766630863086499	0.943741421651773	21
-0.0700380410085302	0.939770540845245	229
-0.0666255889110698	0.937689367177516	533
-0.0662193755512202	0.93688402425633	209
0.0245903979028299	1.37603268473055	209
-0.0660361800451201	0.93721819188179	76
-0.06589848871781	0.936900543147092	76
-0.0612994205846702	0.933944478436013	76
-0.06589848871781	0.936900543147092	149
-0.06530788404037	0.936496100496138	7
-0.0664893400212998	0.937220897064085	209
-0.0199382790754501	2.11369259696252	76
-0.0765624982989999	0.94388365051003	7
-0.0712196472745599	0.940607959344417	8
-0.0712196472745599	0.940607959344417	77
-0.0650380070630199	0.936339193932813	209
-0.0697735253493699	0.939684536075736	76
-0.0706287207414502	0.940243383198465	76
-0.0656285679967801	0.936659279965039	8
-0.0162428749957599	2.10794596276786	526
0.0191184986116	1.38162245445803	209
-0.0644476925608402	0.935935080561358	204
-0.0650380070630199	0.936339193932813	9
0.0216585121999999	1.37786332210833	229
0.0761937416249401	1.88228054673186	229
-0.0712196472745599	0.940607959344417	131
0.0214788648062301	1.37622468293291	8
0.07770922478808	1.88141439914691	77
-0.10364849444012	2.33150696464269	204
-0.0707943560847602	0.939944874179626	76
-0.0666255889110698	0.937689367177516	76
-0.07715398474557	0.943970624502734	76
-0.0672152436755402	0.938052626142087	149
0.0244661143712299	1.3736985819997	77
-0.10276192621854	1.60819622876159	8
-0.0703641587826298	0.940048810523718	126
0.0201041257588901	1.38145792335057	126
-0.0644476925608402	0.935935080561358	77
-0.07154616621757	0.940360931397721	526
-0.0662193755512202	0.93688402425633	526
-0.06530788404037	0.936496100496138	179
-0.0706287207414502	0.940243383198465	743
0.01652061891663	1.38623004716117	8
-0.0644476925608402	0.935935080561358	260
-0.06589848871781	0.936900543147092	209
-0.0804906116001902	0.946176415871986	9
0.01231510714199	1.39050666625498	8
-0.11115538207076	1.61987171429148	8
-0.0650380070630199	0.936339193932813	77
-0.0666255889110698	0.937689367177516	839
-0.06780514452654	0.938309132013353	455
-0.0700380410085302	0.939770540845245	9
-0.06530788404037	0.936496100496138	131
-0.0753802672603001	0.943149552788195	7
-0.1141907312721	1.6241178586141	209
-0.0706287207414502	0.940243383198465	21
-0.1091524017264	1.61778268576817	76
-0.0650380070630199	0.936339193932813	76
-0.0709550390086799	0.940306066070207	76
-0.0691831385200601	0.939212074196618	179
-0.0650380070630199	0.936339193932813	149
0.0240322921773499	1.37358799091267	229
-0.0718108207969399	0.940865439313419	743
-0.0703641587826298	0.940048810523718	56
-0.06530788404037	0.936496100496138	1152
-0.0672152436755402	0.938052626142087	7
-0.0656285679967801	0.936659279965039	8
0.01997680861006	1.38007827823445	526
0.0865238789043099	1.86403373177079	76
-0.0712196472745599	0.940607959344417	162
-0.0765624982989999	0.94388365051003	743
-0.06530788404037	0.936496100496138	7
0.0822562257510599	1.87179754259846	77
-0.0703641587826298	0.940048810523718	77
-0.07715398474557	0.943970624502734	77
-0.0650380070630199	0.936339193932813	413
-0.0650380070630199	0.936339193932813	18
-0.0703641587826298	0.940048810523718	434
-0.0765624982989999	0.94388365051003	191
-0.0612994205846702	0.933944478436013	21
-0.0660361800451201	0.93721819188179	149
-0.0147938171727402	2.102801654845	413
-0.06471752579984	0.9359945270827	191
-0.06589848871781	0.936900543147092	179
-0.0638576243013298	0.935433907837447	455
-0.0650380070630199	0.936339193932813	149
-0.0664893400212998	0.937220897064085	1096
-0.0700380410085302	0.939770540845245	131
-0.0650380070630199	0.936339193932813	7
-0.0656285679967801	0.936659279965039	1152
0.08090634625443	1.8737486320799	8
-0.10907385352874	1.61703726051096	77
-0.0656285679967801	0.936659279965039	22
0.02611379505564	1.37242242848461	179
-0.0644476925608402	0.935935080561358	274
-0.0650380070630199	0.936339193932813	7
-0.0697735253493699	0.939684536075736	526
-0.0666255889110698	0.937689367177516	762
-0.0700380410085302	0.939770540845245	191
-0.06412741380728	0.935290131553989	427
-0.0632678020958002	0.934730063300611	162
-0.0161621970701198	2.10786160000111	229
-0.0739399567083101	0.941940276726097	743
-0.0694476078864801	0.939087813944264	56
-0.0703641587826298	0.940048810523718	8
-0.0612994205846702	0.933944478436013	21
-0.0664893400212998	0.937220897064085	762
-0.0706287207414502	0.940243383198465	179
-0.0697735253493699	0.939684536075736	455
-0.0718108207969399	0.940865439313419	149
0.0240322921773499	1.37358799091267	82
0.01147429985465	1.39126529010837	8
-0.0807443930727398	0.946360409424713	77
-0.0719735248958502	0.941027671190677	762
-0.0718108207969399	0.940865439313419	76
0.0237340542668101	1.37678136270782	9
-0.0700380410085302	0.939770540845245	82
0.0806666069740201	1.87363053490291	229
-0.0618887669263102	0.934347484997078	131
-0.0765624982989999	0.94388365051003	7
-0.0697735253493699	0.939684536075736	1152
-0.0644476925608402	0.935935080561358	62
-0.10695485331098	1.61313705786049	146
-0.0650380070630199	0.936339193932813	146
-0.0709550390086799	0.940306066070207	209
0.0278069827788701	1.37067578997424	76
-0.0706287207414502	0.940243383198465	76
-0.0712196472745599	0.940607959344417	964
0.02012379612449	1.38178268586653	229
0.01463596239906	1.38649456179922	229
-0.0757120451076698	0.943327158757816	7
-0.0707943560847602	0.939944874179626	468
-0.0712196472745599	0.940607959344417	22
0.08401992832009	1.86769453096813	204
-0.0706287207414502	0.940243383198465	179
-0.0691831385200601	0.939212074196618	274
-0.06247835900079	0.9346666740832	77
-0.0612994205846702	0.933944478436013	8
-0.0697735253493699	0.939684536075736	21
-0.06247835900079	0.9346666740832	209
-0.0664893400212998	0.937220897064085	1056
-0.0706287207414502	0.940243383198465	162
-0.0703641587826298	0.940048810523718	274
0.01800320225536	1.38334581345858	229
0.02360706959876	1.37424074364393	8
-0.0700380410085302	0.939770540845245	77
-0.0697735253493699	0.939684536075736	21
-0.0666255889110698	0.937689367177516	179
-0.0700380410085302	0.939770540845245	179
-0.0706287207414502	0.940243383198465	179
0.0244573754745201	1.37280880281313	9
-0.0712196472745599	0.940607959344417	77
-0.0656285679967801	0.936659279965039	1152
-0.11410665833699	1.62493371894183	7
-0.0607103197877801	0.933444656733173	126
-0.10747435877139	1.6142700917341	76
0.0159182804239799	1.38606182112223	204
-0.11410665833699	1.62493371894183	427
-0.0706287207414502	0.940243383198465	9
-0.0650380070630199	0.936339193932813	162
-0.11752261991866	1.62890029332299	9
-0.0697735253493699	0.939684536075736	9
0.0269606657478101	1.37170736686012	274
0.0178362381625401	1.3819195105957	274
-0.10740704194582	1.61273937393389	131
-0.06589848871781	0.936900543147092	1152
-0.06530788404037	0.936496100496138	7
-0.0662193755512202	0.93688402425633	8
-0.0724022414988701	0.940920384238857	77
-0.0709550390086799	0.940306066070207	62
-0.0662193755512202	0.93688402425633	1056
-0.0638576243013298	0.935433907837447	1056
0.01996572381712	1.38083297681597	76
-0.1141907312721	1.6241178586141	229
-0.0712196472745599	0.940607959344417	229
0.0227605144569101	1.37595198590423	77
-0.0632678020958002	0.934730063300611	1152
-0.0700380410085302	0.939770540845245	82
-0.0612994205846702	0.933944478436013	56
-0.0724022414988701	0.940920384238857	56
0.0240360180853501	1.37475445910609	56
-0.0712196472745599	0.940607959344417	1152
-0.0703641587826298	0.940048810523718	1120
-0.0650380070630199	0.936339193932813	21
0.0205433590020301	1.38129779579304	427
-0.10827386185664	1.61589917576463	9
-0.0664893400212998	0.937220897064085	9
-0.0650380070630199	0.936339193932813	82
-0.0700380410085302	0.939770540845245	229
-0.0697735253493699	0.939684536075736	103
-0.0712196472745599	0.940607959344417	1152
0.01868469658734	1.38131674048368	7
0.11813866334652	2.28118875606131	204
0.0212355226684999	1.37892168922129	76
-0.07512110207779	0.943026019639929	56
-0.0718108207969399	0.940865439313419	591
-0.0700380410085302	0.939770540845245	146
-0.10827386185664	1.61589917576463	76
-0.0706287207414502	0.940243383198465	179
0.02038912855274	1.38030559432412	179
0.02318170766229	1.37479999977196	964
-0.0706287207414502	0.940243383198465	9
0.07802686962605	1.87817753220124	229
0.0233266693309799	1.37734026013562	8
-0.0691831385200601	0.939212074196618	22
-0.0724022414988701	0.940920384238857	21
0.01868469658734	1.38131674048368	76
-0.0664893400212998	0.937220897064085	76
-0.0706287207414502	0.940243383198465	76
0.02318170766229	1.37479999977196	964
-0.0700380410085302	0.939770540845245	76
-0.0685929981056099	0.938529881947211	9
-0.07512110207779	0.943026019639929	8
-0.10306657221646	2.33062100972803	8
-0.0765624982989999	0.94388365051003	22
-0.06589848871781	0.936900543147092	309
-0.0709550390086799	0.940306066070207	1210
-0.0666255889110698	0.937689367177516	76
-0.06471752579984	0.9359945270827	229
-0.0703641587826298	0.940048810523718	229
-0.0718108207969399	0.940865439313419	935
-0.10735646281697	1.61342524046535	22
-0.0664893400212998	0.937220897064085	21
-0.0759712592003101	0.94358225331789	964
-0.06471752579984	0.9359945270827	146
-0.0712196472745599	0.940607959344417	9
-0.0757120451076698	0.943327158757816	9
-0.0644476925608402	0.935935080561358	146
0.02209144359302	1.37738275560739	82
0.0186946779899799	1.38187377434525	56
0.0223350678265299	1.37617746446312	7
-0.0753802672603001	0.943149552788195	21
-0.0703641587826298	0.940048810523718	8
-0.0691831385200601	0.939212074196618	22
-0.0662193755512202	0.93688402425633	76
-0.0718108207969399	0.940865439313419	22
0.0797573211143601	1.87376795017062	450
-0.10163739424593	1.60626831808386	935
-0.0650380070630199	0.936339193932813	821
-0.11743163573905	1.62982473401282	8
-0.0664893400212998	0.937220897064085	379
0.12000963838295	2.27557965820927	76
0.0775329659900199	1.87977391116675	9
-0.0129372062755801	2.10098198326286	9
-0.0709550390086799	0.940306066070207	935
0.0857417904962201	1.86491277309641	7
-0.0745304060083001	0.94259367154612	77
0.0269606657478101	1.37170736686012	229
0.01996572381712	1.38083297681597	229
0.01549625574696	1.38645073308772	142
0.0118735511516901	1.38999312153462	9
-0.0235369142195601	2.12201267619124	9
-0.10529529474671	1.61043680905511	229
-0.0638576243013298	0.935433907837447	8
-0.0656285679967801	0.936659279965039	8
-0.0706287207414502	0.940243383198465	9
0.01997680861006	1.38007827823445	229
0.10971780925812	2.30028895957393	229
-0.10955275286214	1.61840336273195	142
-0.0644476925608402	0.935935080561358	49
-0.10494312296004	1.6128126108399	76
-0.0644476925608402	0.935935080561358	76
-0.0765624982989999	0.94388365051003	9
-0.0712196472745599	0.940607959344417	229
-0.0672152436755402	0.938052626142087	101
-0.0807443930727398	0.946360409424713	229
-0.10323769744706	1.60870598827024	77
0.0233124690228299	1.37730600536256	77
-0.00718642820014015	2.08887052989362	191
-0.0763032352869302	0.943414026968392	76
-0.10156239182452	1.60679142552263	76
0.0212460043959799	1.37876400785311	179
-0.06708043814016	0.937445840046902	9
-0.11083188429338	1.61893795267282	103
-0.06471752579984	0.9359945270827	142
0.02038912855274	1.38030559432412	935
-0.0709550390086799	0.940306066070207	7
-0.0644476925608402	0.935935080561358	8
0.0850703587586601	1.86749963259586	126
0.0401963339678999	2.49307331574957	126
-0.0759712592003101	0.94358225331789	77
-0.0650380070630199	0.936339193932813	146
0.08282021464519	1.86892354109273	191
-0.0644476925608402	0.935935080561358	56
0.0118947721084199	1.39094468556678	142
-0.11499005720891	1.62494995959926	7
-0.06589848871781	0.936900543147092	8
-0.0697735253493699	0.939684536075736	49
-0.0703641587826298	0.940048810523718	22
-0.0718108207969399	0.940865439313419	22
0.0203799476529101	1.37896553234573	191
0.11142273887308	2.29533361587829	229
0.02415550189802	1.37615793272598	229
0.01868469658734	1.38131674048368	821
0.0798999820335	1.87529399401687	8
-0.0697735253493699	0.939684536075736	229
-0.0638576243013298	0.935433907837447	126
-0.0664893400212998	0.937220897064085	379
-0.0664893400212998	0.937220897064085	1112
0.0825908199090599	1.87160069986045	229
0.04133099802426	2.49252277342477	101
-0.0700380410085302	0.939770540845245	139
-0.0747895222878499	0.942495644637827	191
-0.07715398474557	0.943970624502734	9
-0.0136519562897099	2.10338768929418	229
0.02318170766229	1.37479999977196	8
0.01954218052868	1.38127194458638	8
-0.10695485331098	1.61313705786049	8
-0.0650380070630199	0.936339193932813	49
-0.0656285679967801	0.936659279965039	77
-0.0664893400212998	0.937220897064085	8
-0.06589848871781	0.936900543147092	21
-0.0709550390086799	0.940306066070207	127
-0.0712196472745599	0.940607959344417	229
-0.06589848871781	0.936900543147092	142
-0.0650380070630199	0.936339193932813	142
-0.0706287207414502	0.940243383198465	379
-0.0650380070630199	0.936339193932813	7
-0.10050382272996	2.32452204576938	8
-0.0709550390086799	0.940306066070207	22
-0.0644476925608402	0.935935080561358	191
0.0759489457195901	1.88139085301143	375
-0.0759712592003101	0.94358225331789	8
-0.0697735253493699	0.939684536075736	9
-0.06589848871781	0.936900543147092	49
-0.0706287207414502	0.940243383198465	127
-0.11251017610988	1.62281739772766	9
-0.0650380070630199	0.936339193932813	8
-0.06530788404037	0.936496100496138	22
-0.0691831385200601	0.939212074196618	22
0.0805709747699499	1.87436151204585	9
-0.10489397101967	1.60987863591238	56
-0.0745304060083001	0.94259367154612	21
-0.06589848871781	0.936900543147092	379
0.0758587278177201	1.88263312060027	9
-0.1043441485805	2.33445827679915	142
0.07908573175413	1.8753158976716	191
-0.0666255889110698	0.937689367177516	229
-0.0638576243013298	0.935433907837447	139
-0.11370735492984	1.62457316088925	191
0.01868469658734	1.38131674048368	229
-0.06530788404037	0.936496100496138	7
-0.0664893400212998	0.937220897064085	22
0.01317770793656	1.38895050703388	191
-0.0700380410085302	0.939770540845245	229
-0.06780514452654	0.938309132013353	229
-0.0757120451076698	0.943327158757816	416
-0.0656285679967801	0.936659279965039	22
0.04334529217107	2.48725848605977	191
-0.10875217293262	1.61704537809858	9
-0.0664893400212998	0.937220897064085	229
0.0191184986116	1.38162245445803	229
-0.0650380070630199	0.936339193932813	355
-0.11290911387815	1.62352153842481	9
-0.06412741380728	0.935290131553989	229
-0.0630681969963902	0.93489075784751	139
-0.11663603809871	1.62888432936934	9
-0.0664893400212998	0.937220897064085	9
0.01996572381712	1.38083297681597	101
-0.11743163573905	1.62982473401282	9
-0.0664893400212998	0.937220897064085	49
-0.0712196472745599	0.940607959344417	1308
-0.0676717832639602	0.937475641170911	139
0.07368030931582	1.88663191771598	9
-0.0697735253493699	0.939684536075736	56
-0.0694476078864801	0.939087813944264	142
0.0759489457195901	1.88139085301143	191
0.02404142001267	1.37409814408897	9
-0.0656285679967801	0.936659279965039	7
-0.11370735492984	1.62457316088925	525
0.0830540579702901	1.86853549408404	9
-0.02605143664326	2.12710338703283	525
-0.0697735253493699	0.939684536075736	735
-0.07512110207779	0.943026019639929	4
-0.10988578534075	1.619946397759	9
-0.0807443930727398	0.946360409424713	9
-0.0650380070630199	0.936339193932813	9
-0.0745304060083001	0.94259367154612	375
-0.09378029136233	2.31105046246096	2
0.01634016720731	1.38557365154008	229
0.0777790508076599	1.87980421853266	56
-0.1145903331713	1.62458896524433	56
-0.0664893400212998	0.937220897064085	56
-0.0656285679967801	0.936659279965039	8
-0.0662193755512202	0.93688402425633	22
-0.06247835900079	0.9346666740832	22
-0.0664893400212998	0.937220897064085	9
-0.06471752579984	0.9359945270827	56
0.01505846950364	1.38610524522227	4
-0.0694476078864801	0.939087813944264	112
-0.0712196472745599	0.940607959344417	84
-0.0703641587826298	0.940048810523718	810
-0.0712196472745599	0.940607959344417	56
-0.0706287207414502	0.940243383198465	4
-0.06247835900079	0.9346666740832	112
0.01997680861006	1.38007827823445	9
-0.0703641587826298	0.940048810523718	810
-0.0685929981056099	0.938529881947211	586
-0.0672152436755402	0.938052626142087	4
-0.0656285679967801	0.936659279965039	139
0.0171998492262699	1.3840243964537	127
-0.0644476925608402	0.935935080561358	127
-0.0644476925608402	0.935935080561358	84
-0.0644476925608402	0.935935080561358	7
-0.1053496704894	1.61107192748757	355
-0.0759712592003101	0.94358225331789	127
-0.0706287207414502	0.940243383198465	92
-0.0706287207414502	0.940243383198465	629
-0.0656285679967801	0.936659279965039	112
0.0244609074620901	1.37419545853325	112
-0.0753802672603001	0.943149552788195	355
-0.0685929981056099	0.938529881947211	2
-0.0638576243013298	0.935433907837447	375
0.02387793671854	1.3772920159237	9
0.000810035771529938	1.40365402318257	818
-0.0766630863086499	0.943741421651773	229
-0.0759712592003101	0.94358225331789	56
-0.0644476925608402	0.935935080561358	586
-0.0656285679967801	0.936659279965039	8
-0.0709550390086799	0.940306066070207	2
-0.0759712592003101	0.94358225331789	56
-0.0694476078864801	0.939087813944264	2
-0.06708043814016	0.937445840046902	805
0.02233056540955	1.37567900968113	7
-0.0607103197877801	0.933444656733173	757
-0.06589848871781	0.936900543147092	2
-0.0709550390086799	0.940306066070207	757
0.0767750895824599	1.88118662344323	525
-0.0697735253493699	0.939684536075736	22
-0.0683952916533301	0.938363745590852	498
-0.0712196472745599	0.940607959344417	112
-0.06247835900079	0.9346666740832	112
0.0240360180853501	1.37475445910609	9
-0.06708043814016	0.937445840046902	2
-0.1183190667602	1.62984139792527	7
0.0240360180853501	1.37475445910609	7
-0.06589848871781	0.936900543147092	4
0.01996572381712	1.38083297681597	56
-0.0104337566556101	2.09443218550922	525
-0.0718108207969399	0.940865439313419	22
-0.0706287207414502	0.940243383198465	101
-0.06589848871781	0.936900543147092	234
0.02531026892448	1.37276377562396	9
-0.01010484540152	2.09585905349467	229
-0.0700380410085302	0.939770540845245	101
-0.07715398474557	0.943970624502734	2
0.08282021464519	1.86892354109273	7
-0.0638576243013298	0.935433907837447	498
0.07988731009828	1.87623611391954	2
-0.0700380410085302	0.939770540845245	498
-0.06589848871781	0.936900543147092	139
0.0832597594140601	1.87087315200481	141
-0.0709550390086799	0.940306066070207	2
0.02361098950984	1.375232417412	2
-0.0757120451076698	0.943327158757816	735
-0.0804906116001902	0.946176415871986	22
-0.0656285679967801	0.936659279965039	127
-0.0644476925608402	0.935935080561358	375
-0.0656285679967801	0.936659279965039	2
0.02233056540955	1.37567900968113	2
-0.0703641587826298	0.940048810523718	56
-0.0712196472745599	0.940607959344417	375
-0.11370735492984	1.62457316088925	7
-0.0697735253493699	0.939684536075736	101
0.0167619161729999	1.3849790395723	2
0.10895791244938	2.29900624862501	2
-0.0697735253493699	0.939684536075736	2
-0.0664893400212998	0.937220897064085	127
-0.0765624982989999	0.94388365051003	2
-0.0712196472745599	0.940607959344417	2
0.02360706959876	1.37424074364393	49
-0.0664893400212998	0.937220897064085	284
-0.0664893400212998	0.937220897064085	127
0.07770922478808	1.88141439914691	757
0.0237340542668101	1.37678136270782	22
-0.0691831385200601	0.939212074196618	22
0.0228907460910499	1.37774247563731	4
-0.0724022414988701	0.940920384238857	284
0.0245903979028299	1.37603268473055	2
-0.0650380070630199	0.936339193932813	56
0.01997680861006	1.38007827823445	757
-0.10653712088219	1.61468444576757	2
-0.10529529474671	1.61043680905511	2
-0.06471752579984	0.9359945270827	757
0.0142133170871099	1.38677743309177	2
0.07841380869711	1.8764457155096	7
-0.0662193755512202	0.93688402425633	127
0.0220468868636301	1.37834006932867	141
-0.10265886731741	2.32755943099505	101
0.11000593720704	2.29862308145221	2
-0.0778426973373398	0.944239124829446	2
-0.0706287207414502	0.940243383198465	2
-0.10615201098894	1.6122834359921	284
-0.06471752579984	0.9359945270827	2
-0.0706287207414502	0.940243383198465	2
-0.0753802672603001	0.943149552788195	2
-0.10834825122499	2.3409849092416	22
-0.0706287207414502	0.940243383198465	375
0.01548083847591	1.38561675168842	2
-0.10622055456395	1.61432594733046	2
-0.10955275286214	1.61840336273195	97
-0.10955275286214	1.61840336273195	22
-0.0697735253493699	0.939684536075736	4
-0.10695485331098	1.61313705786049	4
-0.11290911387815	1.62352153842481	22
-0.0656285679967801	0.936659279965039	22
-0.0713838174616499	0.940596517272425	4
-0.06589848871781	0.936900543147092	2
-0.0664893400212998	0.937220897064085	2
-0.0718108207969399	0.940865439313419	7
-0.07715398474557	0.943970624502734	22
-0.06589848871781	0.936900543147092	284
0.11217947735102	2.2919680468966	1034
-0.0650380070630199	0.936339193932813	1034
0.0421897927939701	2.490541039649	2
0.0240360180853501	1.37475445910609	284
0.02318170766229	1.37479999977196	473
-0.0706287207414502	0.940243383198465	284
-0.0697735253493699	0.939684536075736	473
0.02653729964721	1.37210534831412	7
-0.0644476925608402	0.935935080561358	4
-0.0706287207414502	0.940243383198465	2
0.0808880003524901	1.87382760238167	2
-0.06589848871781	0.936900543147092	473
-0.0612994205846702	0.933944478436013	22
-0.06530788404037	0.936496100496138	97
0.0167784450998201	1.38451160542443	284
-0.0706287207414502	0.940243383198465	284
-0.0765624982989999	0.94388365051003	84
-0.0672152436755402	0.938052626142087	2
-0.0612994205846702	0.933944478436013	757
-0.0703641587826298	0.940048810523718	284
-0.06681042991569	0.936913767186365	109
-0.0196925352242601	2.11499241284142	2
-0.06780514452654	0.938309132013353	97
-0.06530788404037	0.936496100496138	97
-0.0650380070630199	0.936339193932813	2
-0.10371666468498	2.33344803805165	2
-0.0759712592003101	0.94358225331789	7
-0.06471752579984	0.9359945270827	757
0.01910871746273	1.38087741409607	757
-0.0666255889110698	0.937689367177516	22
-0.11792078256881	1.6294325608799	4
-0.0638576243013298	0.935433907837447	112
-0.0660361800451201	0.93721819188179	757
-0.0697735253493699	0.939684536075736	757
-0.0712196472745599	0.940607959344417	112
-0.0644476925608402	0.935935080561358	112
-0.10695485331098	1.61313705786049	127
-0.0638576243013298	0.935433907837447	60
-0.0697735253493699	0.939684536075736	101
0.01970409646352	1.38216863190726	757
-0.06530788404037	0.936496100496138	757
-0.0650380070630199	0.936339193932813	49
0.01996572381712	1.38083297681597	49
-0.06589848871781	0.936900543147092	2
-0.11450608374754	1.625170650504	49
-0.0765624982989999	0.94388365051003	109
0.01954218052868	1.38127194458638	2
-0.0712196472745599	0.940607959344417	109
-0.0706287207414502	0.940243383198465	118
-0.10735646281697	1.61342524046535	22
-0.0697735253493699	0.939684536075736	22
-0.06708043814016	0.937445840046902	4
-0.0656285679967801	0.936659279965039	109
-0.0173738788536402	2.10855351603374	7
-0.0999259365788201	2.32368573573413	7
0.0814736775988101	1.87061687602427	22
-0.10356222670571	1.60865734331842	49
-0.0757120451076698	0.943327158757816	22
0.02611379505564	1.37242242848461	259
-0.10661941161028	1.61484284568157	757
0.0789883780538101	1.87672562379301	22
0.0768635199127099	1.88124978830208	97
-0.0618887669263102	0.934347484997078	97
0.0227605144569101	1.37595198590423	2
-0.0142973005972	2.10435492959945	473
-0.11712457874822	1.62823573948013	7
-0.0650380070630199	0.936339193932813	296
-0.06530788404037	0.936496100496138	97
0.0191184986116	1.38162245445803	16
-0.0712196472745599	0.940607959344417	60
0.0150740931014	1.38673311342322	2
0.01634016720731	1.38557365154008	2
0.01548083847591	1.38561675168842	2
0.0273838934331401	1.37123198801012	7
-0.10612095148528	2.33474345042053	473
-0.10459370167155	2.33377880887153	757
-0.0660361800451201	0.93721819188179	127
-0.06530788404037	0.936496100496138	2
0.0802355200409299	1.87487667946189	24
0.07841380869711	1.8764457155096	24
-0.0644476925608402	0.935935080561358	22
-0.0807443930727398	0.946360409424713	49
-0.0650380070630199	0.936339193932813	22
0.07908573175413	1.8753158976716	97
0.0802355200409299	1.87487667946189	97
-0.0700380410085302	0.939770540845245	2
-0.0171325184410098	2.10948955439031	2
-0.0709550390086799	0.940306066070207	2
-0.11003022739588	1.61779715784437	7
-0.0676717832639602	0.937475641170911	22
-0.1053715335586	1.61383581176167	56
-0.07512110207779	0.943026019639929	97
-0.06530788404037	0.936496100496138	284
-0.06471752579984	0.9359945270827	284
-0.0709550390086799	0.940306066070207	473
-0.0672152436755402	0.938052626142087	757
0.0227605144569101	1.37595198590423	284
0.11665977933849	2.28544581286805	2
-0.0745304060083001	0.94259367154612	22
-0.0718108207969399	0.940865439313419	284
0.0127353050299699	1.38995127669372	2
0.0174118004609001	1.38204019925753	2
-0.0662193755512202	0.93688402425633	296
-0.11410665833699	1.62493371894183	284
-0.10875217293262	1.61704537809858	56
0.01505846950364	1.38610524522227	757
-0.0650380070630199	0.936339193932813	22
-0.0703641587826298	0.940048810523718	97
-0.0763032352869302	0.943414026968392	273
-0.0650380070630199	0.936339193932813	109
0.0273923786536601	1.37135891377678	84
0.0118735511516901	1.38999312153462	2
-0.0140602485710901	2.10260735623101	56
0.0841526040392	1.86880288224381	757
-0.06589848871781	0.936900543147092	49
-0.0672152436755402	0.938052626142087	97
-0.0664893400212998	0.937220897064085	2
-0.0719735248958502	0.941027671190677	2
-0.0644476925608402	0.935935080561358	22
-0.0765624982989999	0.94388365051003	97
-0.0691831385200601	0.939212074196618	97
-0.06412741380728	0.935290131553989	2
-0.0650380070630199	0.936339193932813	2
-0.0697735253493699	0.939684536075736	7
-0.0638576243013298	0.935433907837447	7
0.0186946779899799	1.38187377434525	757
-0.0638576243013298	0.935433907837447	49
-0.1162384212319	1.62821996208177	284
-0.0672152436755402	0.938052626142087	2
-0.0685929981056099	0.938529881947211	2
-0.10573987881128	1.61394588604116	284
0.01147429985465	1.39126529010837	16
0.0815779716870699	1.86961855252951	109
0.0430565027888301	2.48824562174525	16
-0.0656285679967801	0.936659279965039	109
-0.06530788404037	0.936496100496138	2
-0.06530788404037	0.936496100496138	97
0.08033112782486	1.87446192921939	22
-0.0630681969963902	0.93489075784751	97
-0.07512110207779	0.943026019639929	118
-0.0709550390086799	0.940306066070207	757
-0.0193695783288299	2.1143876384149	97
0.0790297507151001	1.87647344229885	284
-0.06530788404037	0.936496100496138	118
-0.0718108207969399	0.940865439313419	284
-0.10340302756601	2.33274785788163	284
0.01868469658734	1.38131674048368	16
-0.0712196472745599	0.940607959344417	56
-0.0697735253493699	0.939684536075736	7
0.02823802163807	1.37048673502341	66
0.0818104373947199	1.87033532797978	16
0.0159182804239799	1.38606182112223	2
0.10756582704159	2.30522177588818	757
-0.0753802672603001	0.943149552788195	22
0.0273923786536601	1.37135891377678	420
-0.06708043814016	0.937445840046902	97
0.01955346651489	1.38032907891792	16
0.01549625574696	1.38645073308772	87
-0.1019621145271	1.60734723168416	2
0.01634016720731	1.38557365154008	2
-0.0709550390086799	0.940306066070207	2
0.0716155753449901	1.89083901400843	2
0.02653729964721	1.37210534831412	1163
0.0767750895824599	1.88118662344323	7
-0.0664893400212998	0.937220897064085	757
-0.06589848871781	0.936900543147092	22
-0.06530788404037	0.936496100496138	284
-0.06530788404037	0.936496100496138	2
0.01652061891663	1.38623004716117	473
0.0214788648062301	1.37622468293291	7
-0.0759712592003101	0.94358225331789	97
-0.0765624982989999	0.94388365051003	2
0.0780417623418399	1.88078458420425	2
-0.0700380410085302	0.939770540845245	341
-0.10997486358034	1.62002314380503	404
-0.0718108207969399	0.940865439313419	66
-0.0660361800451201	0.93721819188179	24
-0.0672152436755402	0.938052626142087	87
-0.0644476925608402	0.935935080561358	2
-0.0697735253493699	0.939684536075736	84
-0.0798989551005001	0.945806839886223	2
-0.0644476925608402	0.935935080561358	2
-0.10573987881128	1.61394588604116	577
-0.11163403183947	1.61968307722732	87
-0.0638576243013298	0.935433907837447	87
0.0118947721084199	1.39094468556678	757
-0.0703641587826298	0.940048810523718	637
-0.0650380070630199	0.936339193932813	22
-0.0703641587826298	0.940048810523718	2
-0.06247835900079	0.9346666740832	473
-0.0656285679967801	0.936659279965039	7
-0.06589848871781	0.936900543147092	2
-0.0691831385200601	0.939212074196618	97
-0.0672152436755402	0.938052626142087	4
-0.06471752579984	0.9359945270827	2
-0.0142327036705798	2.10315161937537	2
-0.0139745914587999	2.10392827834105	473
0.10612005176786	2.30551187863175	757
0.02318582165918	1.37563276435432	22
0.0771098263254699	1.88083426618419	24
0.0273923786536601	1.37135891377678	24
-0.10700521794654	1.61226823373853	2
-0.0644476925608402	0.935935080561358	2
0.0244661143712299	1.3736985819997	473
0.0159182804239799	1.38606182112223	7
0.0774444800559699	1.88037233372214	7
0.0244661143712299	1.3736985819997	4
-0.0807443930727398	0.946360409424713	4
-0.07512110207779	0.943026019639929	2
0.01463596239906	1.38649456179922	2
-0.06589848871781	0.936900543147092	22
-0.00929890287395985	2.09474120273428	22
0.0227605144569101	1.37595198590423	16
-0.0632678020958002	0.934730063300611	109
0.01997680861006	1.38007827823445	24
-0.0703641587826298	0.940048810523718	97
-0.0656285679967801	0.936659279965039	16
-0.0759712592003101	0.94358225331789	2
-0.06589848871781	0.936900543147092	2
-0.0718108207969399	0.940865439313419	485
-0.0753802672603001	0.943149552788195	7
-0.0672152436755402	0.938052626142087	97
-0.10529529474671	1.61043680905511	109
0.0192641674991001	1.38253510667972	485
-0.10529529474671	1.61043680905511	24
0.0391599765831601	2.49643040924333	473
0.0159182804239799	1.38606182112223	22
-0.06589848871781	0.936900543147092	97
0.0793241905405999	1.87630776452439	49
-0.0753802672603001	0.943149552788195	97
-0.0807443930727398	0.946360409424713	56
-0.0656285679967801	0.936659279965039	22
0.11579055018454	2.28582995169723	485
-0.0664893400212998	0.937220897064085	24
-0.0662193755512202	0.93688402425633	24
-0.0193695783288299	2.1143876384149	2
0.01549625574696	1.38645073308772	24
-0.0697735253493699	0.939684536075736	404
-0.0709550390086799	0.940306066070207	109
-0.06589848871781	0.936900543147092	118
-0.11752261991866	1.62890029332299	473
-0.06708043814016	0.937445840046902	7
-0.10995322640213	1.61892297110854	4
-0.0706287207414502	0.940243383198465	16
-0.0706287207414502	0.940243383198465	4
-0.0650380070630199	0.936339193932813	16
0.02404142001267	1.37409814408897	2
0.0826822741150799	1.87081376991304	49
-0.06530788404037	0.936496100496138	313
0.0774444800559699	1.88037233372214	16
-0.0188738767412699	2.11152972379084	97
-0.0612994205846702	0.933944478436013	4
0.02361098950984	1.375232417412	109
0.0244609074620901	1.37419545853325	2
-0.0656285679967801	0.936659279965039	16
-0.11299265778488	1.62196535237193	7
0.0228907460910499	1.37774247563731	2
-0.00969513548920986	2.09324649765861	22
0.0244609074620901	1.37419545853325	4
-0.0644476925608402	0.935935080561358	46
-0.10363807891972	1.60908725002222	2
0.074602497931	1.88395967807088	2
-0.11035382240864	1.61934574350022	22
-0.0703641587826298	0.940048810523718	378
-0.0638576243013298	0.935433907837447	2
0.02275620629141	1.37527827909641	4
-0.06530788404037	0.936496100496138	16
-0.0650380070630199	0.936339193932813	681
-0.07715398474557	0.943970624502734	105
-0.0703641587826298	0.940048810523718	22
-0.0638576243013298	0.935433907837447	22
0.0826822741150799	1.87081376991304	97
-0.06471752579984	0.9359945270827	24
-0.10618868388169	2.33718126416119	681
-0.0718108207969399	0.940865439313419	22
-0.10827386185664	1.61589917576463	49
0.0380394462186899	2.49800136234752	681
-0.06530788404037	0.936496100496138	2
-0.0662193755512202	0.93688402425633	2
0.0223350678265299	1.37617746446312	7
-0.0700380410085302	0.939770540845245	378
-0.0712196472745599	0.940607959344417	791
-0.06681042991569	0.936913767186365	16
-0.06589848871781	0.936900543147092	681
-0.10489397101967	1.60987863591238	2
-0.0703641587826298	0.940048810523718	2
-0.0706287207414502	0.940243383198465	22
0.0278152692356799	1.37096150623259	22
0.03890007009694	2.49618276200436	2
0.01996572381712	1.38083297681597	2
0.11636527645503	2.28593005242969	2
-0.0644476925608402	0.935935080561358	22
-0.0638576243013298	0.935433907837447	2
-0.0136519562897099	2.10338768929418	431
0.02361098950984	1.375232417412	22
0.1128957555649	2.29214208302456	888
-0.06247835900079	0.9346666740832	105
-0.06530788404037	0.936496100496138	22
-0.06530788404037	0.936496100496138	381
-0.06589848871781	0.936900543147092	97
0.0192641674991001	1.38253510667972	97
-0.0706287207414502	0.940243383198465	97
-0.0638576243013298	0.935433907837447	262
-0.0709550390086799	0.940306066070207	118
-0.0745304060083001	0.94259367154612	381
-0.0703641587826298	0.940048810523718	35
-0.06247835900079	0.9346666740832	97
-0.0747895222878499	0.942495644637827	2
-0.0650380070630199	0.936339193932813	118
-0.0650380070630199	0.936339193932813	24
-0.0712196472745599	0.940607959344417	105
-0.0713838174616499	0.940596517272425	24
-0.0664893400212998	0.937220897064085	97
0.0278152692356799	1.37096150623259	313
-0.0650380070630199	0.936339193932813	313
0.01718352739563	1.38424783376838	24
0.01762111577292	1.38343094009597	2
-0.06471752579984	0.9359945270827	22
-0.06708043814016	0.937445840046902	22
0.01997680861006	1.38007827823445	35
-0.0607103197877801	0.933444656733173	313
-0.0664893400212998	0.937220897064085	24
-0.0656285679967801	0.936659279965039	49
-0.0719735248958502	0.941027671190677	890
-0.06412741380728	0.935290131553989	1073
0.08047718881723	1.87297686960618	371
0.01607690091236	1.38643210281165	22
-0.0713838174616499	0.940596517272425	105
-0.0650380070630199	0.936339193932813	93
-0.0650380070630199	0.936339193932813	2
-0.11162773402679	1.62092414624234	4
-0.0650380070630199	0.936339193932813	16
0.0192641674991001	1.38253510667972	2
-0.06530788404037	0.936496100496138	2
-0.0650380070630199	0.936339193932813	22
-0.10962958278424	1.61705973579936	35
-0.10569674125938	1.61090735561334	2
-0.0706287207414502	0.940243383198465	97
-0.0656285679967801	0.936659279965039	4
-0.0703641587826298	0.940048810523718	2
-0.0706287207414502	0.940243383198465	381
-0.0759712592003101	0.94358225331789	890
-0.0712196472745599	0.940607959344417	890
-0.0162863841426999	2.10992944688018	2
-0.0697735253493699	0.939684536075736	2
0.02275620629141	1.37527827909641	371
-0.10650000289219	1.61157851571033	4
-0.06589848871781	0.936900543147092	109
0.0210528049313099	1.37632398241547	2
-0.0109921696518001	2.09561264543137	2
0.07409537676342	1.88627888083597	4
-0.0718108207969399	0.940865439313419	4
-0.0691831385200601	0.939212074196618	2
0.0241692925213699	1.37655669135624	2
-0.00735665558201015	2.09061565049606	24
-0.0650380070630199	0.936339193932813	24
-0.0765624982989999	0.94388365051003	2
-0.00986398096500007	2.09675037672554	2
-0.06589848871781	0.936900543147092	4
-0.0712196472745599	0.940607959344417	681
-0.06780514452654	0.938309132013353	371
-0.0650380070630199	0.936339193932813	2
-0.0144697115751198	2.10231122022604	2
-0.0650380070630199	0.936339193932813	22
0.0214788648062301	1.37622468293291	4
-0.0694476078864801	0.939087813944264	109
-0.0697735253493699	0.939684536075736	2
-0.0650380070630199	0.936339193932813	521
-0.06589848871781	0.936900543147092	93
-0.11290911387815	1.62352153842481	2
-0.0700380410085302	0.939770540845245	957
-0.0607103197877801	0.933444656733173	4
0.08090634625443	1.8737486320799	681
0.0756138214873701	1.88195958785814	2
0.09510032619847	2.32943679923609	2
-0.0712196472745599	0.940607959344417	2
-0.0691831385200601	0.939212074196618	4
-0.0632678020958002	0.934730063300611	16
-0.0662193755512202	0.93688402425633	93
-0.0650380070630199	0.936339193932813	118
0.11824028401501	2.27907318534206	4
-0.0718108207969399	0.940865439313419	16
-0.0753802672603001	0.943149552788195	2
-0.0664893400212998	0.937220897064085	581
-0.0155156871399602	2.10617389834517	581
-0.0630681969963902	0.93489075784751	16
-0.1121113600976	1.62195030176461	371
-0.11792078256881	1.6294325608799	97
-0.0697735253493699	0.939684536075736	35
0.0237480496890501	1.37699256397204	2
-0.0612994205846702	0.933944478436013	4
-0.1074039176344	2.33966516409199	22
-0.0656285679967801	0.936659279965039	105
0.0798999820335	1.87529399401687	35
-0.0632678020958002	0.934730063300611	4
-0.0757120451076698	0.943327158757816	1008
-0.0644476925608402	0.935935080561358	24
-0.06530788404037	0.936496100496138	24
0.0269606657478101	1.37170736686012	2
0.01996572381712	1.38083297681597	2
0.02040001223819	1.37972846952316	2
0.02611379505564	1.37242242848461	105
-0.11379125144927	1.6235367474677	681
0.0240322921773499	1.37358799091267	606
-0.06589848871781	0.936900543147092	381
-0.0644476925608402	0.935935080561358	334
-0.0700380410085302	0.939770540845245	334
-0.0700380410085302	0.939770540845245	35
0.0214788648062301	1.37622468293291	2
-0.09309165158133	2.30858242288702	959
-0.06471752579984	0.9359945270827	4
-0.0612994205846702	0.933944478436013	35
-0.0706287207414502	0.940243383198465	35
-0.06589848871781	0.936900543147092	4
0.02318170766229	1.37479999977196	24
-0.0700380410085302	0.939770540845245	2
0.02415550189802	1.37615793272598	2
0.02190478494005	1.37599868018735	22
-0.0664893400212998	0.937220897064085	4
-0.0656285679967801	0.936659279965039	2
-0.01390871776848	2.10276828510523	951
-0.11490563122348	1.6252439435704	35
-0.0662193755512202	0.93688402425633	4
-0.0656285679967801	0.936659279965039	538
-0.07512110207779	0.943026019639929	20
-0.0666255889110698	0.937689367177516	2
-0.06589848871781	0.936900543147092	2
-0.0697735253493699	0.939684536075736	35
-0.10660351962025	1.61170937709805	4
-0.1103724111306	1.62049130849856	2
-0.0229564302408498	2.12164836045001	2
-0.0709550390086799	0.940306066070207	538
-0.0706287207414502	0.940243383198465	16
-0.0986049512725402	2.3197881373837	2
-0.0644476925608402	0.935935080561358	93
0.01549625574696	1.38645073308772	2
-0.11663603809871	1.62888432936934	2
-0.0650380070630199	0.936339193932813	538
0.11751613099901	2.28362112124828	2
0.08818865086395	1.86148550237902	2
-0.0650380070630199	0.936339193932813	381
-0.06589848871781	0.936900543147092	334
0.0244609074620901	1.37419545853325	35
-0.0703641587826298	0.940048810523718	16
0.02190478494005	1.37599868018735	93
-0.0644476925608402	0.935935080561358	20
-0.0703641587826298	0.940048810523718	4
0.01652061891663	1.38623004716117	35
-0.0718108207969399	0.940865439313419	538
-0.0638576243013298	0.935433907837447	100
-0.06247835900079	0.9346666740832	538
-0.06589848871781	0.936900543147092	520
0.0240360180853501	1.37475445910609	951
-0.0656285679967801	0.936659279965039	4
0.0449240128160999	2.48321258897504	4
-0.0724022414988701	0.940920384238857	4
-0.0644476925608402	0.935935080561358	4
-0.1145903331713	1.62458896524433	35
-0.06530788404037	0.936496100496138	24
0.01233787598713	1.38970759501359	2
-0.0697735253493699	0.939684536075736	20
-0.0601214643477301	0.932742677472064	4
0.0167619161729999	1.3849790395723	2
-0.06589848871781	0.936900543147092	4
-0.06530788404037	0.936496100496138	35
-0.0709550390086799	0.940306066070207	606
-0.0724022414988701	0.940920384238857	334
0.0265461826486	1.37189855471365	4
0.0228907460910499	1.37774247563731	606
0.02865274675389	1.36925057475869	2
0.01549625574696	1.38645073308772	2
-0.0712196472745599	0.940607959344417	35
-0.0706287207414502	0.940243383198465	4
-0.0745304060083001	0.94259367154612	510
-0.0656285679967801	0.936659279965039	20
-0.11299265778488	1.62196535237193	2
0.02040001223819	1.37972846952316	4
-0.0630681969963902	0.93489075784751	538
-0.0718108207969399	0.940865439313419	538
-0.06708043814016	0.937445840046902	20
0.0156585612444899	1.38698463528121	2
-0.06471752579984	0.9359945270827	520
-0.10576689457371	1.61440991229294	2
0.0224688853963699	1.37809073094563	4
-0.0706287207414502	0.940243383198465	35
-0.10695485331098	1.61313705786049	4
-0.07512110207779	0.943026019639929	606
0.0498432022328299	2.4680552799708	951
0.0241692925213699	1.37655669135624	538
-0.06589848871781	0.936900543147092	371
-0.0644476925608402	0.935935080561358	2
-0.0618887669263102	0.934347484997078	100
-0.06247835900079	0.9346666740832	520
-0.06530788404037	0.936496100496138	371
-0.06530788404037	0.936496100496138	2
-0.0672152436755402	0.938052626142087	2
0.0192641674991001	1.38253510667972	538
-0.0672152436755402	0.938052626142087	2
-0.0650380070630199	0.936339193932813	100
-0.0644476925608402	0.935935080561358	606
-0.0650380070630199	0.936339193932813	520
-0.10907385352874	1.61703726051096	16
-0.06780514452654	0.938309132013353	606
-0.00477339877808003	2.0844147970563	2
-0.0638576243013298	0.935433907837447	520
-0.10780899168288	1.613122713454	2
-0.0650380070630199	0.936339193932813	35
-0.11370735492984	1.62457316088925	951
-0.0672152436755402	0.938052626142087	4
-0.0725634785774201	0.941327942943604	606
0.02361098950984	1.375232417412	2
-0.0712196472745599	0.940607959344417	148
-0.0706287207414502	0.940243383198465	606
-0.0712196472745599	0.940607959344417	951
-0.0630681969963902	0.93489075784751	756
-0.0101095044411901	2.09408857605122	35
-0.0712196472745599	0.940607959344417	16
0.02096278516975	1.38070679897007	2
-0.06708043814016	0.937445840046902	371
-0.06708043814016	0.937445840046902	2
-0.0719735248958502	0.941027671190677	73
-0.11410665833699	1.62493371894183	371
-0.0650380070630199	0.936339193932813	35
-0.0719735248958502	0.941027671190677	100
-0.0612994205846702	0.933944478436013	239
-0.06589848871781	0.936900543147092	2
-0.10055660092893	2.32516729927428	2
-0.0650380070630199	0.936339193932813	239
-0.01365840105092	2.10040210089246	2
-0.0612994205846702	0.933944478436013	2
0.0224688853963699	1.37809073094563	4
-0.0650380070630199	0.936339193932813	73
-0.07512110207779	0.943026019639929	35
-0.0700380410085302	0.939770540845245	100
-0.06412741380728	0.935290131553989	20
0.02404142001267	1.37409814408897	756
0.02275620629141	1.37527827909641	148
-0.0676717832639602	0.937475641170911	148
-0.0745304060083001	0.94259367154612	35
-0.0703641587826298	0.940048810523718	4
-0.0691831385200601	0.939212074196618	35
-0.0703641587826298	0.940048810523718	4
-0.0747895222878499	0.942495644637827	4
-0.0975025713152302	2.31874463263403	538
0.0233266693309799	1.37734026013562	35
0.0804701756347099	1.87633286664569	148
-0.0662193755512202	0.93688402425633	20
0.0159182804239799	1.38606182112223	2
-0.06589848871781	0.936900543147092	4
-0.0650380070630199	0.936339193932813	100
-0.0854126719276902	0.948787023780051	606
-0.06471752579984	0.9359945270827	2
-0.06589848871781	0.936900543147092	2
-0.06471752579984	0.9359945270827	2
-0.0712196472745599	0.940607959344417	35
-0.0664893400212998	0.937220897064085	118
-0.0765624982989999	0.94388365051003	2
-0.06530788404037	0.936496100496138	2
-0.0990359012594499	1.60312365728423	371
-0.07154616621757	0.940360931397721	35
-0.0672152436755402	0.938052626142087	4
-0.0697735253493699	0.939684536075736	4
-0.0664893400212998	0.937220897064085	35
0.02866063593633	1.36993117976292	1279
0.11359282829337	2.29058103347681	2
-0.01140484481496	2.09769124318778	2
-0.0712196472745599	0.940607959344417	2
-0.0703641587826298	0.940048810523718	100
0.02318582165918	1.37563276435432	606
-0.0706287207414502	0.940243383198465	2
-0.10955275286214	1.61840336273195	2
-0.11035382240864	1.61934574350022	606
-0.0745304060083001	0.94259367154612	786
0.0240360180853501	1.37475445910609	2
-0.0672152436755402	0.938052626142087	2
-0.0703641587826298	0.940048810523718	2
0.0205433590020301	1.38129779579304	35
-0.0129372062755801	2.10098198326286	980
-0.0114726505527898	2.09957829635977	35
0.0233124690228299	1.37730600536256	786
0.0212460043959799	1.37876400785311	372
-0.0753802672603001	0.943149552788195	2
-0.0650380070630199	0.936339193932813	20
-0.0666255889110698	0.937689367177516	35
-0.0697735253493699	0.939684536075736	20
0.11999448437927	2.27752049365599	786
-0.11752261991866	1.62890029332299	2
-0.06708043814016	0.937445840046902	100
-0.10661941161028	1.61484284568157	372
0.11000593720704	2.29862308145221	371
-0.0700380410085302	0.939770540845245	35
-0.06589848871781	0.936900543147092	4
-0.0745304060083001	0.94259367154612	35
0.11626797088289	2.28320118338896	538
-0.06530788404037	0.936496100496138	148
-0.0656285679967801	0.936659279965039	160
0.0777790508076599	1.87980421853266	4
0.01463596239906	1.38649456179922	35
0.0237480496890501	1.37699256397204	2
-0.0644476925608402	0.935935080561358	2
-0.0618887669263102	0.934347484997078	2
-0.0709550390086799	0.940306066070207	35
-0.06589848871781	0.936900543147092	35
-0.0650380070630199	0.936339193932813	251
-0.0745304060083001	0.94259367154612	372
0.02318170766229	1.37479999977196	372
-0.0759712592003101	0.94358225331789	371
0.0167619161729999	1.3849790395723	35
-0.0664893400212998	0.937220897064085	100
-0.0712196472745599	0.940607959344417	100
-0.0700380410085302	0.939770540845245	35
-0.11242489031641	1.62220664999598	35
-0.107018390407	1.61526317706839	251
-0.0759712592003101	0.94358225331789	251
-0.10575077804364	1.61172489517881	20
0.0237340542668101	1.37678136270782	295
-0.10655336938985	1.612754184938	35
0.1211300456675	2.2748131554018	4
-0.0798989551005001	0.945806839886223	4
-0.1121113600976	1.62195030176461	35
-0.0662193755512202	0.93688402425633	35
-0.0703641587826298	0.940048810523718	35
-0.06471752579984	0.9359945270827	251
-0.0656285679967801	0.936659279965039	1130
0.0167784450998201	1.38451160542443	606
-0.0694476078864801	0.939087813944264	277
-0.0697735253493699	0.939684536075736	372
-0.0745304060083001	0.94259367154612	35
-0.10947403274013	1.61745921798669	185
-0.10660351962025	1.61170937709805	35
-0.0706287207414502	0.940243383198465	1130
-0.0666255889110698	0.937689367177516	372
-0.0691831385200601	0.939212074196618	35
-0.0612994205846702	0.933944478436013	4
0.0244609074620901	1.37419545853325	35
-0.0618887669263102	0.934347484997078	70
-0.0745304060083001	0.94259367154612	372
-0.0706287207414502	0.940243383198465	35
-0.0644476925608402	0.935935080561358	4
-0.0807443930727398	0.946360409424713	35
-0.0713838174616499	0.940596517272425	148
-0.0656285679967801	0.936659279965039	20
0.07802686962605	1.87817753220124	606
0.11722176533339	2.28410492269962	4
0.02082307747495	1.37929036507061	4
-0.0765624982989999	0.94388365051003	35
0.02275620629141	1.37527827909641	35
-0.11752261991866	1.62890029332299	1130
-0.0712196472745599	0.940607959344417	118
0.01649510438435	1.38573582738434	277
-0.06471752579984	0.9359945270827	35
0.0773766049643001	1.88192667000474	4
-0.0656285679967801	0.936659279965039	185
-0.0664893400212998	0.937220897064085	2
-0.0664893400212998	0.937220897064085	1130
0.0768635199127099	1.88124978830208	2
-0.11035382240864	1.61934574350022	35
-0.06530788404037	0.936496100496138	606
0.0178362381625401	1.3819195105957	2
0.01401699226299	1.38769804139444	295
-0.0700380410085302	0.939770540845245	2
0.0150740931014	1.38673311342322	35
0.02038912855274	1.38030559432412	277
-0.0697735253493699	0.939684536075736	2
-0.0759712592003101	0.94358225331789	4
-0.0656285679967801	0.936659279965039	35
-0.06530788404037	0.936496100496138	32
-0.06530788404037	0.936496100496138	2
0.0171998492262699	1.3840243964537	4
-0.06530788404037	0.936496100496138	32
-0.0757120451076698	0.943327158757816	2
0.0808036263901699	1.87576708963967	2
0.02275620629141	1.37527827909641	2
-0.0660361800451201	0.93721819188179	91
-0.06708043814016	0.937445840046902	20
-0.107018390407	1.61526317706839	35
-0.0618887669263102	0.934347484997078	606
-0.0703641587826298	0.940048810523718	4
-0.06471752579984	0.9359945270827	35
-0.0753802672603001	0.943149552788195	324
-0.0650380070630199	0.936339193932813	20
-0.06708043814016	0.937445840046902	372
-0.06530788404037	0.936496100496138	20
-0.06589848871781	0.936900543147092	4
0.07811353861423	1.87912684837421	2
-0.0664893400212998	0.937220897064085	4
0.0159182804239799	1.38606182112223	2
-0.0712196472745599	0.940607959344417	2
-0.06708043814016	0.937445840046902	35
0.11274833669487	2.29358696099026	2
-0.0607103197877801	0.933444656733173	4
-0.0656285679967801	0.936659279965039	118
0.0159030693920801	1.38502190236945	2
-0.0638576243013298	0.935433907837447	4
0.11000593720704	2.29862308145221	277
-0.0707943560847602	0.939944874179626	4
0.03887033259075	2.49709293392277	4
-0.0753802672603001	0.943149552788195	372
-0.0747895222878499	0.942495644637827	35
-0.0706287207414502	0.940243383198465	20
0.0240360180853501	1.37475445910609	20
-0.06530788404037	0.936496100496138	160
0.02501136590828	1.3754099336834	2
0.02361098950984	1.375232417412	4
-0.12299256960052	1.63810028150451	35
-0.06471752579984	0.9359945270827	20
0.0127353050299699	1.38995127669372	2
-0.0753802672603001	0.943149552788195	35
-0.0660361800451201	0.93721819188179	2
-0.0739399567083101	0.941940276726097	557
-0.0719735248958502	0.941027671190677	4
-0.0753802672603001	0.943149552788195	2
-0.06247835900079	0.9346666740832	185
-0.11003022739588	1.61779715784437	20
-0.0644476925608402	0.935935080561358	160
-0.10613843903844	1.61436563177778	2
0.0815768396252201	1.87220247389005	2
-0.0644476925608402	0.935935080561358	733
-0.10059569400173	2.32693735095905	606
-0.0700380410085302	0.939770540845245	4
0.0833903784597301	1.86806477857619	4
-0.11290911387815	1.62352153842481	4
-0.06412741380728	0.935290131553989	35
-0.0210179094360901	2.11759350305898	70
0.11392542595221	2.29168593038619	185
-0.0666255889110698	0.937689367177516	2
-0.0765624982989999	0.94388365051003	4
0.02318170766229	1.37479999977196	324
-0.0706287207414502	0.940243383198465	32
0.0152400853069401	1.3874201147585	20
-0.0650380070630199	0.936339193932813	369
-0.0638576243013298	0.935433907837447	2
-0.10655336938985	1.612754184938	532
-0.06412741380728	0.935290131553989	185
-0.06530788404037	0.936496100496138	4
-0.0712196472745599	0.940607959344417	703
-0.06780514452654	0.938309132013353	231
-0.0703641587826298	0.940048810523718	70
-0.105341440139	1.61342961891778	2
-0.0638576243013298	0.935433907837447	4
-0.0703641587826298	0.940048810523718	4
-0.0656285679967801	0.936659279965039	1024
-0.06708043814016	0.937445840046902	2
-0.1078740492717	1.61516329172876	2
0.02361098950984	1.375232417412	544
0.01954218052868	1.38127194458638	2
-0.09765705453772	2.3175973499107	185
-0.10740704194582	1.61273937393389	703
-0.0685929981056099	0.938529881947211	532
-0.06589848871781	0.936900543147092	231
-0.11202625136101	1.62162691918011	2
-0.0650380070630199	0.936339193932813	160
-0.0700380410085302	0.939770540845245	4
-0.0664893400212998	0.937220897064085	160
-0.0712196472745599	0.940607959344417	240
-0.0745304060083001	0.94259367154612	2
-0.0664893400212998	0.937220897064085	4
-0.0656285679967801	0.936659279965039	4
-0.0703641587826298	0.940048810523718	4
-0.10575077804364	1.61172489517881	759
-0.0664893400212998	0.937220897064085	88
-0.10700521794654	1.61226823373853	703
-0.0709550390086799	0.940306066070207	28
0.0120749579821	1.39118237088806	703
-0.06589848871781	0.936900543147092	88
-0.0618887669263102	0.934347484997078	122
-0.1141907312721	1.6241178586141	2
0.0832597594140601	1.87087315200481	4
-0.0700380410085302	0.939770540845245	4
-0.10955275286214	1.61840336273195	28
-0.0712196472745599	0.940607959344417	28
0.01548083847591	1.38561675168842	4
-0.0709550390086799	0.940306066070207	4
-0.0644476925608402	0.935935080561358	160
-0.0700380410085302	0.939770540845245	160
-0.0638576243013298	0.935433907837447	27
-0.0697735253493699	0.939684536075736	28
-0.0700380410085302	0.939770540845245	4
-0.0650380070630199	0.936339193932813	88
-0.06530788404037	0.936496100496138	160
-0.0644476925608402	0.935935080561358	28
-0.06589848871781	0.936900543147092	4
0.0814736775988101	1.87061687602427	2
-0.10279815302033	2.32865030675516	2
0.0829253311188401	1.87128843682315	2
-0.06708043814016	0.937445840046902	459
-0.0650380070630199	0.936339193932813	35
0.01996572381712	1.38083297681597	4
-0.07715398474557	0.943970624502734	4
-0.0700380410085302	0.939770540845245	35
-0.1091524017264	1.61778268576817	88
0.0227605144569101	1.37595198590423	122
0.0240360180853501	1.37475445910609	2
-0.0759712592003101	0.94358225331789	2
-0.06530788404037	0.936496100496138	4
-0.0691831385200601	0.939212074196618	160
-0.10947403274013	1.61745921798669	2
-0.0757120451076698	0.943327158757816	28
0.11607071413373	2.28631270999134	759
-0.0607103197877801	0.933444656733173	759
0.02611379505564	1.37242242848461	224
-0.0813356876915798	0.946729811424075	391
-0.0618887669263102	0.934347484997078	160
-0.0703641587826298	0.940048810523718	160
-0.0709550390086799	0.940306066070207	122
0.11306528671924	2.29021371417688	28
-0.07512110207779	0.943026019639929	35
-0.06247835900079	0.9346666740832	4
-0.06530788404037	0.936496100496138	160
-0.0691831385200601	0.939212074196618	70
-0.0709550390086799	0.940306066070207	2
-0.0694476078864801	0.939087813944264	2
-0.0691831385200601	0.939212074196618	28
-0.0807443930727398	0.946360409424713	246
-0.06708043814016	0.937445840046902	1085
-0.0618887669263102	0.934347484997078	4
-0.0700380410085302	0.939770540845245	28
-0.06530788404037	0.936496100496138	122
-0.0638576243013298	0.935433907837447	2
-0.0712196472745599	0.940607959344417	2
0.07999556539219	1.8751783807464	759
0.0832895953417401	1.86658268057214	28
-0.10613843903844	1.61436563177778	4
-0.0601214643477301	0.932742677472064	4
-0.01034350362877	2.09462542886609	88
-0.06471752579984	0.9359945270827	2
-0.10653712088219	1.61468444576757	28
-0.06589848871781	0.936900543147092	1085
0.02040001223819	1.37972846952316	4
0.0805709747699499	1.87436151204585	28
-0.0618887669263102	0.934347484997078	11
-0.0638576243013298	0.935433907837447	4
-0.0664893400212998	0.937220897064085	33
-0.06589848871781	0.936900543147092	33
-0.06589848871781	0.936900543147092	4
-0.0703641587826298	0.940048810523718	555
-0.0753802672603001	0.943149552788195	2
0.02038912855274	1.38030559432412	2
0.0413225696469901	2.49189856486967	2
0.0774444800559699	1.88037233372214	11
-0.0650380070630199	0.936339193932813	4
-0.0725634785774201	0.941327942943604	2
-0.0706287207414502	0.940243383198465	11
-0.0656285679967801	0.936659279965039	759
-0.0650380070630199	0.936339193932813	88
-0.06530788404037	0.936496100496138	88
-0.06471752579984	0.9359945270827	28
-0.0632678020958002	0.934730063300611	28
-0.0703641587826298	0.940048810523718	160
0.01868469658734	1.38131674048368	160
-0.0159195563536501	2.10751796393695	2
-0.11123289670409	1.61936110339916	759
-0.0712196472745599	0.940607959344417	88
0.01910871746273	1.38087741409607	11
-0.0691831385200601	0.939212074196618	11
-0.0865944113763	0.949535295058234	33
-0.0644476925608402	0.935935080561358	11
-0.10459370167155	2.33377880887153	33
-0.0703641587826298	0.940048810523718	1003
0.02457681199146	1.37540383808327	4
-0.0158389050254502	2.10708479393964	35
-0.0706287207414502	0.940243383198465	33
-0.10454492721284	1.61207934951502	4
-0.0618887669263102	0.934347484997078	35
0.0244609074620901	1.37419545853325	318
-0.06589848871781	0.936900543147092	88
-0.0656285679967801	0.936659279965039	122
0.0806666069740201	1.87363053490291	10
-0.0638576243013298	0.935433907837447	555
-0.0757120451076698	0.943327158757816	33
-0.06589848871781	0.936900543147092	4
-0.0700380410085302	0.939770540845245	10
-0.0700380410085302	0.939770540845245	35
-0.0664893400212998	0.937220897064085	122
0.10753740962371	2.30420598910736	2
0.02082307747495	1.37929036507061	28
-0.0706287207414502	0.940243383198465	1153
-0.10655336938985	1.612754184938	160
0.01505846950364	1.38610524522227	2
0.0789883780538101	1.87672562379301	11
0.0244609074620901	1.37419545853325	4
-0.0656285679967801	0.936659279965039	88
-0.01228990350885	2.09922207138235	2
-0.0697735253493699	0.939684536075736	11
0.0394622185197799	2.49698264312234	28
-0.0650380070630199	0.936339193932813	365
-0.0644476925608402	0.935935080561358	122
-0.10695485331098	1.61313705786049	11
-0.0753802672603001	0.943149552788195	11
-0.06412741380728	0.935290131553989	4
-0.0691831385200601	0.939212074196618	88
-0.0712196472745599	0.940607959344417	555
-0.0601214643477301	0.932742677472064	33
-0.0664893400212998	0.937220897064085	4
-0.06589848871781	0.936900543147092	33
-0.10700521794654	1.61226823373853	28
-0.0712196472745599	0.940607959344417	4
-0.06530788404037	0.936496100496138	4
-0.0700380410085302	0.939770540845245	61
-0.10947403274013	1.61745921798669	553
-0.10338144830413	2.33137470589576	323
-0.0145567639887401	2.10342027949557	1004
-0.10575077804364	1.61172489517881	4
-0.0697735253493699	0.939684536075736	4
-0.0638576243013298	0.935433907837447	323
-0.0664893400212998	0.937220897064085	4
-0.0685929981056099	0.938529881947211	608
-0.0618887669263102	0.934347484997078	122
0.0768635199127099	1.88124978830208	11
-0.0638576243013298	0.935433907837447	2
-0.0685929981056099	0.938529881947211	4
-0.0612994205846702	0.933944478436013	35
0.0241692925213699	1.37655669135624	11
-0.0697735253493699	0.939684536075736	781
-0.0804906116001902	0.946176415871986	33
-0.0697735253493699	0.939684536075736	122
-0.0979729495292001	2.3184355974572	28
-0.0694476078864801	0.939087813944264	4
-0.11290911387815	1.62352153842481	28
0.0180422448147	1.38270113994928	4
-0.0135848062541299	2.10227802971593	4
-0.0712196472745599	0.940607959344417	35
-0.06589848871781	0.936900543147092	318
0.11999448437927	2.27752049365599	13
-0.0644476925608402	0.935935080561358	33
0.0764402697932001	1.88141824814328	4
0.01868469658734	1.38131674048368	35
-0.10156239182452	1.60679142552263	13
-0.06247835900079	0.9346666740832	33
-0.10443920910762	1.60954934290394	4
-0.0703641587826298	0.940048810523718	4
-0.0644476925608402	0.935935080561358	893
-0.06530788404037	0.936496100496138	389
-0.07512110207779	0.943026019639929	11
0.01996572381712	1.38083297681597	13
-0.06530788404037	0.936496100496138	245
-0.0666255889110698	0.937689367177516	11
0.0159030693920801	1.38502190236945	4
-0.0664893400212998	0.937220897064085	122
-0.06589848871781	0.936900543147092	13
-0.0697735253493699	0.939684536075736	13
0.0248906696904301	1.37322155053487	11
-0.11123289670409	1.61936110339916	28
-0.11654346783921	1.62791811240694	4
0.08192154861114	1.87185384568607	4
0.0746818104925999	1.88545136476885	2
-0.0150982461520601	2.10674006815641	13
-0.0712196472745599	0.940607959344417	33
0.0159182804239799	1.38606182112223	28
-0.0700380410085302	0.939770540845245	318
-0.0697735253493699	0.939684536075736	33
-0.0685929981056099	0.938529881947211	28
-0.0644476925608402	0.935935080561358	28
-0.06708043814016	0.937445840046902	4
0.10568252205964	2.3078118067395	33
-0.0672152436755402	0.938052626142087	13
-0.107018390407	1.61526317706839	4
-0.0650380070630199	0.936339193932813	13
0.0273838934331401	1.37123198801012	893
0.0195325995481499	1.38034974463759	11
0.0479558921751699	2.47536075869581	318
-0.0664893400212998	0.937220897064085	13
-0.10622055456395	1.61432594733046	4
-0.06589848871781	0.936900543147092	4
-0.0664893400212998	0.937220897064085	389
-0.01390871776848	2.10276828510523	11
0.02318170766229	1.37479999977196	4
-0.10549007552263	2.33383885847932	4
0.01463596239906	1.38649456179922	4
-0.0703641587826298	0.940048810523718	13
-0.0664893400212998	0.937220897064085	88
-0.0650380070630199	0.936339193932813	318
-0.0618887669263102	0.934347484997078	33
0.0315767445044299	1.36649413271129	11
-0.10907385352874	1.61703726051096	11
-0.0694476078864801	0.939087813944264	4
-0.0706287207414502	0.940243383198465	4
-0.0706287207414502	0.940243383198465	13
-0.10735646281697	1.61342524046535	88
-0.10955275286214	1.61840336273195	11
0.0195325995481499	1.38034974463759	4
-0.0664893400212998	0.937220897064085	245
-0.06412741380728	0.935290131553989	11
0.0850703587586601	1.86749963259586	11
0.01910871746273	1.38087741409607	13
-0.0700380410085302	0.939770540845245	28
-0.10176591653637	2.32750203675389	13
-0.0644476925608402	0.935935080561358	13
-0.0650380070630199	0.936339193932813	13
-0.0664893400212998	0.937220897064085	13
-0.0644476925608402	0.935935080561358	4
0.04159302544295	2.48960904053257	318
0.0152662516355699	1.38715675952237	13
-0.0650380070630199	0.936339193932813	11
-0.10573987881128	1.61394588604116	10
-0.0644476925608402	0.935935080561358	45
0.0237340542668101	1.37678136270782	13
-0.0664893400212998	0.937220897064085	13
-0.0706287207414502	0.940243383198465	12
0.0248856577163801	1.37354288578433	28
-0.06589848871781	0.936900543147092	4
0.0118947721084199	1.39094468556678	4
-0.0700380410085302	0.939770540845245	318
-0.0664893400212998	0.937220897064085	169
0.01954218052868	1.38127194458638	13
-0.10995322640213	1.61892297110854	11
0.0240360180853501	1.37475445910609	11
0.0127578604519001	1.38938765070914	11
0.0756138214873701	1.88195958785814	4
0.0244661143712299	1.3736985819997	4
0.0832597594140601	1.87087315200481	4
-0.06589848871781	0.936900543147092	13
-0.0650380070630199	0.936339193932813	13
-0.10995322640213	1.61892297110854	501
-0.10575077804364	1.61172489517881	4
0.0241692925213699	1.37655669135624	4
-0.06589848871781	0.936900543147092	4
0.01549625574696	1.38645073308772	318
-0.06589848871781	0.936900543147092	13
-0.0664893400212998	0.937220897064085	245
-0.08454690353599	0.948217974636435	11
-0.0753802672603001	0.943149552788195	318
-0.0664893400212998	0.937220897064085	318
-0.0664893400212998	0.937220897064085	12
-0.0644476925608402	0.935935080561358	61
-0.0697735253493699	0.939684536075736	4
0.01549625574696	1.38645073308772	4
-0.0709550390086799	0.940306066070207	13
-0.0644476925608402	0.935935080561358	11
-0.0703641587826298	0.940048810523718	11
-0.0703641587826298	0.940048810523718	11
-0.0759712592003101	0.94358225331789	4
-0.06708043814016	0.937445840046902	322
-0.0700380410085302	0.939770540845245	11
-0.0765624982989999	0.94388365051003	4
-0.0810818546466101	0.946306815557682	169
-0.0644476925608402	0.935935080561358	11
-0.06530788404037	0.936496100496138	11
-0.0703641587826298	0.940048810523718	10
-0.0700380410085302	0.939770540845245	318
0.01868469658734	1.38131674048368	13
-0.06589848871781	0.936900543147092	13
-0.11370735492984	1.62457316088925	12
-0.06589848871781	0.936900543147092	12
-0.0719735248958502	0.941027671190677	834
-0.0798989551005001	0.945806839886223	13
-0.10907385352874	1.61703726051096	11
-0.0697735253493699	0.939684536075736	501
-0.11251017610988	1.62281739772766	501
0.01996572381712	1.38083297681597	11
-0.0672152436755402	0.938052626142087	11
0.08708251128809	1.86286019996996	4
0.02361098950984	1.375232417412	4
0.07999556539219	1.8751783807464	4
-0.10489397101967	1.60987863591238	4
-0.0703641587826298	0.940048810523718	4
-0.06589848871781	0.936900543147092	13
-0.0986049512725402	2.3197881373837	501
-0.10947403274013	1.61745921798669	501
-0.06589848871781	0.936900543147092	4
-0.10834825122499	2.3409849092416	4
0.07769241016477	1.87852929547381	4
0.01762111577292	1.38343094009597	4
-0.0644476925608402	0.935935080561358	13
-0.10957743718897	1.61944518595269	662
-0.0697735253493699	0.939684536075736	13
0.0248856577163801	1.37354288578433	501
-0.10869441048661	1.61854385474362	4
-0.10821106722251	1.61341144362181	4
0.02823802163807	1.37048673502341	4
-0.0718108207969399	0.940865439313419	4
-0.11330817346418	1.62410239816567	4
-0.0759712592003101	0.94358225331789	169
0.0827176539089101	1.86891473177894	11
0.08138772784852	1.87404770370882	11
0.11086136890139	2.29711987438777	4
0.112780119171	2.29233524908004	4
-0.0664893400212998	0.937220897064085	245
0.11393289231182	2.2909350862785	11
-0.0712196472745599	0.940607959344417	10
-0.0697735253493699	0.939684536075736	245
-0.0664893400212998	0.937220897064085	245
0.02082307747495	1.37929036507061	4
-0.0691831385200601	0.939212074196618	4
-0.0662193755512202	0.93688402425633	245
0.0407526355146901	2.49353551961727	4
-0.0703641587826298	0.940048810523718	228
0.0273923786536601	1.37135891377678	4
-0.0759712592003101	0.94358225331789	662
-0.12161990058121	1.63447269823604	4
0.11869300012355	2.28068811297832	4
-0.0703641587826298	0.940048810523718	13
0.03744017618318	2.4995723170501	501
-0.0124393013420199	2.10233005501358	4
0.0182605368459701	1.38166768053062	662
-0.0697735253493699	0.939684536075736	245
0.0768635199127099	1.88124978830208	11
-0.0650380070630199	0.936339193932813	13
0.07999556539219	1.8751783807464	12
-0.0650380070630199	0.936339193932813	245
-0.06471752579984	0.9359945270827	4
-0.0706287207414502	0.940243383198465	4
-0.0753802672603001	0.943149552788195	123
-0.10875217293262	1.61704537809858	11
-0.11115538207076	1.61987171429148	11
-0.0719735248958502	0.941027671190677	13
-0.0937211869218801	2.31014040043925	4
0.01996572381712	1.38083297681597	662
-0.06589848871781	0.936900543147092	662
-0.0644476925608402	0.935935080561358	13
-0.0656285679967801	0.936659279965039	4
-0.10149380539943	2.32741460626145	13
0.01996572381712	1.38083297681597	13
-0.0700380410085302	0.939770540845245	4
-0.06471752579984	0.9359945270827	283
0.11550944824522	2.28641769572209	11
0.01760500095027	1.38321050161318	4
-0.0155963118817901	2.10697579808667	4
0.02318582165918	1.37563276435432	13
-0.10695485331098	1.61313705786049	4
0.0716155753449901	1.89083901400843	11
-0.07512110207779	0.943026019639929	4
0.0167784450998201	1.38451160542443	11
0.0248906696904301	1.37322155053487	4
0.01954218052868	1.38127194458638	1260
0.0248906696904301	1.37322155053487	11
-0.0650380070630199	0.936339193932813	315
-0.0745304060083001	0.94259367154612	1289
0.11145091048034	2.29595041795723	322
0.02823802163807	1.37048673502341	13
-0.0753802672603001	0.943149552788195	318
-0.0697735253493699	0.939684536075736	228
-0.0656285679967801	0.936659279965039	33
-0.0650380070630199	0.936339193932813	315
-0.0706287207414502	0.940243383198465	11
-0.0801533457744399	0.9457465447339	4
0.01910871746273	1.38087741409607	33
-0.0650380070630199	0.936339193932813	4
-0.0697735253493699	0.939684536075736	228
-0.0644476925608402	0.935935080561358	1289
0.07431435183811	1.88724996382982	11
-0.10414709952827	1.60810921284296	4
-0.01777977066754	2.10997040358024	28
-0.0703641587826298	0.940048810523718	11
-0.0607103197877801	0.933444656733173	28
-0.0801533457744399	0.9457465447339	48
-0.0745304060083001	0.94259367154612	99
-0.0694476078864801	0.939087813944264	4
-0.0644476925608402	0.935935080561358	4
0.0178362381625401	1.3819195105957	1260
0.0245903979028299	1.37603268473055	11
-0.0660361800451201	0.93721819188179	4
-0.0644476925608402	0.935935080561358	13
0.0186946779899799	1.38187377434525	1260
-0.0656285679967801	0.936659279965039	4
-0.0712196472745599	0.940607959344417	318
-0.06471752579984	0.9359945270827	662
-0.1091524017264	1.61778268576817	942
-0.0662193755512202	0.93688402425633	28
-0.0724022414988701	0.940920384238857	40
-0.0992950422161099	2.32223056862729	11
-0.0759712592003101	0.94358225331789	4
0.0118735511516901	1.38999312153462	135
-0.0664893400212998	0.937220897064085	662
-0.0644476925608402	0.935935080561358	662
-0.10827386185664	1.61589917576463	40
-0.0712196472745599	0.940607959344417	942
-0.0638576243013298	0.935433907837447	318
0.01548083847591	1.38561675168842	4
-0.06530788404037	0.936496100496138	135
-0.0612994205846702	0.933944478436013	33
-0.0142327036705798	2.10315161937537	11
-0.10613843903844	1.61436563177778	28
-0.0706287207414502	0.940243383198465	11
-0.0644476925608402	0.935935080561358	11
0.01970409646352	1.38216863190726	4
-0.0664893400212998	0.937220897064085	186
-0.0765624982989999	0.94388365051003	28
-0.07512110207779	0.943026019639929	28
-0.0607103197877801	0.933444656733173	28
0.0802355200409299	1.87487667946189	4
0.02361098950984	1.375232417412	318
-0.0644476925608402	0.935935080561358	228
-0.06589848871781	0.936900543147092	33
-0.1141907312721	1.6241178586141	13
-0.0747895222878499	0.942495644637827	99
-0.06530788404037	0.936496100496138	40
-0.0612994205846702	0.933944478436013	13
-0.10283743830554	1.60823709128757	13
-0.0798989551005001	0.945806839886223	11
-0.0753802672603001	0.943149552788195	40
0.0780417623418399	1.88078458420425	4
0.01996572381712	1.38083297681597	228
-0.07512110207779	0.943026019639929	48
-0.0141456804098299	2.10171642017832	4
-0.06471752579984	0.9359945270827	4
-0.06681042991569	0.936913767186365	13
-0.0644476925608402	0.935935080561358	13
-0.0162863841426999	2.10992944688018	11
-0.09777061335474	2.32072729413581	28
-0.0632678020958002	0.934730063300611	318
-0.06471752579984	0.9359945270827	228
-0.0691831385200601	0.939212074196618	28
-0.0612994205846702	0.933944478436013	28
-0.0706287207414502	0.940243383198465	28
-0.0089761791454599	2.0942538572556	11
0.08448476547808	1.8680124469172	11
-0.0612994205846702	0.933944478436013	135
-0.11339189364085	1.62283245904581	1252
0.0842625471489999	1.86903662689266	135
-0.10875217293262	1.61704537809858	135
-0.10740704194582	1.61273937393389	11
-0.06530788404037	0.936496100496138	945
-0.0697735253493699	0.939684536075736	133
-0.10911150949024	2.34300783691222	11
-0.0813356876915798	0.946729811424075	709
0.10753740962371	2.30420598910736	4
-0.0638576243013298	0.935433907837447	318
0.0771982844608099	1.88057192425236	11
-0.06530788404037	0.936496100496138	48
-0.10028161571767	2.32618593844721	48
-0.0664893400212998	0.937220897064085	40
-0.11339189364085	1.62283245904581	11
-0.0672152436755402	0.938052626142087	28
-0.0697735253493699	0.939684536075736	4
-0.0656285679967801	0.936659279965039	48
-0.06589848871781	0.936900543147092	48
-0.0697735253493699	0.939684536075736	945
-0.0718108207969399	0.940865439313419	40
-0.0804906116001902	0.946176415871986	11
0.0114528664267901	1.3905487851446	28
-0.0718108207969399	0.940865439313419	40
-0.06589848871781	0.936900543147092	4
-0.10708928023011	2.33896205847014	4
-0.0697735253493699	0.939684536075736	28
-0.0759712592003101	0.94358225331789	40
-0.0644476925608402	0.935935080561358	1252
-0.0982889150988502	2.31916405149233	28
-0.0691831385200601	0.939212074196618	641
-0.11242489031641	1.62220664999598	40
-0.10677471301273	2.3381218930546	11
-0.11122933825213	1.62005873344376	11
-0.06530788404037	0.936496100496138	1252
0.10868897808733	2.30151718518957	33
0.11174559200334	2.29520632934804	11
-0.0656285679967801	0.936659279965039	48
0.02360706959876	1.37424074364393	11
-0.08454690353599	0.948217974636435	4
-0.0703641587826298	0.940048810523718	318
-0.0703641587826298	0.940048810523718	1320
0.0233124690228299	1.37730600536256	40
-0.0644476925608402	0.935935080561358	4
0.0223350678265299	1.37617746446312	33
-0.10867379658827	1.61651865462631	48
-0.10582181920632	1.6137082605996	33
0.02275620629141	1.37527827909641	33
-0.06589848871781	0.936900543147092	33
-0.0712196472745599	0.940607959344417	33
-0.10790076519133	1.61698107483318	40
-0.0644476925608402	0.935935080561358	40
-0.0691831385200601	0.939212074196618	40
-0.0747895222878499	0.942495644637827	11
-0.10955275286214	1.61840336273195	943
-0.11145325103655	2.34695967227216	28
-0.06589848871781	0.936900543147092	4
-0.0672152436755402	0.938052626142087	40
0.0730932853451001	1.88782420612025	40
-0.0644476925608402	0.935935080561358	28
-0.06589848871781	0.936900543147092	33
-0.11654346783921	1.62791811240694	40
-0.10575077804364	1.61172489517881	48
-0.06589848871781	0.936900543147092	223
-0.0697735253493699	0.939684536075736	48
-0.0712196472745599	0.940607959344417	605
-0.0706287207414502	0.940243383198465	318
0.10885602969843	2.29931969028775	33
0.0780417623418399	1.88078458420425	33
-0.0650380070630199	0.936339193932813	40
-0.0703641587826298	0.940048810523718	28
-0.0662193755512202	0.93688402425633	33
-0.0745304060083001	0.94259367154612	1317
-0.0709550390086799	0.940306066070207	33
0.01548083847591	1.38561675168842	33
-0.0691831385200601	0.939212074196618	11
-0.0697735253493699	0.939684536075736	4
-0.0121357283164101	2.09830966176259	28
-0.0712196472745599	0.940607959344417	39
-0.0691831385200601	0.939212074196618	4
-0.0691831385200601	0.939212074196618	33
-0.0712196472745599	0.940607959344417	40
-0.0691831385200601	0.939212074196618	28
-0.0697735253493699	0.939684536075736	33
-0.0703641587826298	0.940048810523718	4
-0.11450608374754	1.625170650504	4
0.0269693498165	1.37167545542065	33
-0.0662193755512202	0.93688402425633	709
-0.0638576243013298	0.935433907837447	4
0.10785947017761	2.30445262950289	33
-0.0718108207969399	0.940865439313419	943
-0.11330817346418	1.62410239816567	846
0.0205238995410999	1.38073003275704	4
-0.00565705564532015	2.08689176380593	4
-0.0644476925608402	0.935935080561358	39
-0.07512110207779	0.943026019639929	33
-0.0618887669263102	0.934347484997078	33
-0.06530788404037	0.936496100496138	34
0.11142273887308	2.29533361587829	33
0.01610263261783	1.38666491713039	33
-0.06530788404037	0.936496100496138	39
-0.0650380070630199	0.936339193932813	40
-0.06247835900079	0.9346666740832	40
-0.10156239182452	1.60679142552263	4
-0.0990689484017402	2.32243990774975	39
0.0159182804239799	1.38606182112223	40
-0.06589848871781	0.936900543147092	28
-0.06530788404037	0.936496100496138	33
-0.0709550390086799	0.940306066070207	40
-0.0644476925608402	0.935935080561358	40
-0.0644476925608402	0.935935080561358	40
-0.0747895222878499	0.942495644637827	28
-0.06589848871781	0.936900543147092	28
-0.0638576243013298	0.935433907837447	924
-0.06708043814016	0.937445840046902	28
0.0771098263254699	1.88083426618419	34
-0.10997486358034	1.62002314380503	28
-0.06530788404037	0.936496100496138	39
0.0199563429195899	1.3797230970057	356
-0.0612994205846702	0.933944478436013	40
0.0273923786536601	1.37135891377678	40
-0.0694476078864801	0.939087813944264	28
-0.0725634785774201	0.941327942943604	4
-0.0700380410085302	0.939770540845245	40
-0.0697735253493699	0.939684536075736	11
-0.06247835900079	0.9346666740832	4
-0.0664893400212998	0.937220897064085	709
-0.06530788404037	0.936496100496138	52
-0.06589848871781	0.936900543147092	40
-0.06530788404037	0.936496100496138	40
-0.0706287207414502	0.940243383198465	40
-0.0664893400212998	0.937220897064085	33
-0.11290911387815	1.62352153842481	33
-0.0759712592003101	0.94358225331789	33
-0.0664893400212998	0.937220897064085	40
-0.0638576243013298	0.935433907837447	4
-0.0656285679967801	0.936659279965039	40
-0.0697735253493699	0.939684536075736	244
-0.06530788404037	0.936496100496138	28
-0.06589848871781	0.936900543147092	4
0.0771982844608099	1.88057192425236	34
-0.0650380070630199	0.936339193932813	34
-0.0739399567083101	0.941940276726097	33
-0.0712196472745599	0.940607959344417	33
0.00789631779553002	1.39557317293182	11
0.0244609074620901	1.37419545853325	114
-0.0650380070630199	0.936339193932813	40
-0.0660361800451201	0.93721819188179	4
-0.10580049972782	1.61029167346655	28
-0.0105098927161298	2.09761979292726	4
0.0195325995481499	1.38034974463759	281
-0.0691831385200601	0.939212074196618	281
-0.0700380410085302	0.939770540845245	281
-0.0638576243013298	0.935433907837447	40
-0.06412741380728	0.935290131553989	4
-0.0697735253493699	0.939684536075736	4
0.0223350678265299	1.37617746446312	33
-0.0712196472745599	0.940607959344417	4
-0.1074039176344	2.33966516409199	33
-0.0638576243013298	0.935433907837447	4
-0.0660361800451201	0.93721819188179	40
0.02012379612449	1.38178268586653	28
-0.06530788404037	0.936496100496138	40
0.0244609074620901	1.37419545853325	4
-0.06471752579984	0.9359945270827	4
-0.01390871776848	2.10276828510523	34
0.11332857470091	2.29121023586831	4
0.01910871746273	1.38087741409607	4
-0.07512110207779	0.943026019639929	281
-0.0672152436755402	0.938052626142087	859
-0.06247835900079	0.9346666740832	40
-0.10464165559787	2.33316923193247	40
-0.0753802672603001	0.943149552788195	788
-0.0644476925608402	0.935935080561358	34
0.08383866174215	1.86902662889319	40
-0.06412741380728	0.935290131553989	11
-0.10655336938985	1.612754184938	52
0.01505846950364	1.38610524522227	509
-0.10494312296004	1.6128126108399	33
-0.0706287207414502	0.940243383198465	48
0.02275620629141	1.37527827909641	28
-0.0697735253493699	0.939684536075736	34
-0.0121357283164101	2.09830966176259	34
0.01868469658734	1.38131674048368	4
-0.00379735978867002	2.08251069072828	34
0.00831506679155991	1.39520358603938	1179
-0.10909141445536	1.61912114588016	28
0.02166879307684	1.37813877346802	4
0.11418300044609	2.28971145622494	34
-0.0691831385200601	0.939212074196618	11
-0.0706287207414502	0.940243383198465	34
0.11303338178531	2.29169628025882	34
0.02611379505564	1.37242242848461	40
-0.0813356876915798	0.946729811424075	1179
-0.0703641587826298	0.940048810523718	4
0.02361098950984	1.375232417412	52
-0.06708043814016	0.937445840046902	48
-0.06530788404037	0.936496100496138	95
-0.0706287207414502	0.940243383198465	33
-0.0660361800451201	0.93721819188179	4
-0.0700380410085302	0.939770540845245	4
-0.0712196472745599	0.940607959344417	40
-0.0709550390086799	0.940306066070207	34
0.0801417590608999	1.87317511258729	40
-0.0700380410085302	0.939770540845245	4
-0.07512110207779	0.943026019639929	4
-0.0691831385200601	0.939212074196618	28
-0.0700380410085302	0.939770540845245	34
-0.0664893400212998	0.937220897064085	48
0.0220468868636301	1.37834006932867	40
-0.0724022414988701	0.940920384238857	28
-0.0618887669263102	0.934347484997078	40
-0.0644476925608402	0.935935080561358	33
-0.10709724335921	2.33874223108157	4
-0.07715398474557	0.943970624502734	4
-0.07512110207779	0.943026019639929	33
-0.0691831385200601	0.939212074196618	34
-0.0697735253493699	0.939684536075736	4
-0.0712196472745599	0.940607959344417	509
-0.10024123355838	2.32448409287137	28
0.04159302544295	2.48960904053257	34
-0.0638576243013298	0.935433907837447	11
0.0789883780538101	1.87672562379301	40
-0.0691831385200601	0.939212074196618	4
0.01996572381712	1.38083297681597	28
-0.0700380410085302	0.939770540845245	28
-0.0753802672603001	0.943149552788195	654
-0.0672152436755402	0.938052626142087	28
-0.0700380410085302	0.939770540845245	4
0.0864123171787501	1.86406686987158	4
-0.0724022414988701	0.940920384238857	28
-0.0644476925608402	0.935935080561358	28
-0.10821106722251	1.61341144362181	40
0.01549625574696	1.38645073308772	40
-0.10740704194582	1.61273937393389	40
-0.10485948129737	2.33245172111124	33
0.0735103848171901	1.88567436859684	33
-0.11712457874822	1.62823573948013	34
-0.0745304060083001	0.94259367154612	28
0.0311558037791799	1.36696613682176	1018
-0.07512110207779	0.943026019639929	40
0.11306900538159	2.29217323531426	33
-0.06589848871781	0.936900543147092	34
-0.0703641587826298	0.940048810523718	34
0.0386026995987601	2.49896924284874	654
0.02275620629141	1.37527827909641	28
-0.10957743718897	1.61944518595269	33
-0.0753802672603001	0.943149552788195	40
-0.0719735248958502	0.941027671190677	43
-0.0753802672603001	0.943149552788195	28
-0.12065833174529	1.63480075491623	40
-0.0759712592003101	0.94358225331789	33
-0.0607103197877801	0.933444656733173	1018
0.0192641674991001	1.38253510667972	40
-0.11614603344375	1.62751047910487	28
-0.0700380410085302	0.939770540845245	28
-0.0685929981056099	0.938529881947211	551
-0.0664893400212998	0.937220897064085	654
-0.0703641587826298	0.940048810523718	33
-0.0644476925608402	0.935935080561358	40
0.01548083847591	1.38561675168842	125
0.08033112782486	1.87446192921939	28
-0.0664893400212998	0.937220897064085	43
-0.0700380410085302	0.939770540845245	40
-0.0713838174616499	0.940596517272425	28
-0.0718108207969399	0.940865439313419	33
-0.0709550390086799	0.940306066070207	40
-0.0650380070630199	0.936339193932813	33
-0.06530788404037	0.936496100496138	43
-0.06412741380728	0.935290131553989	43
-0.0700380410085302	0.939770540845245	33
-0.10829752741897	1.61784368009641	33
-0.0703641587826298	0.940048810523718	40
0.07888587597048	1.87761324044046	125
-0.10622055456395	1.61432594733046	33
-0.02386384589389	2.1226341070809	40
0.02038912855274	1.38030559432412	43
-0.0753802672603001	0.943149552788195	33
-0.06589848871781	0.936900543147092	40
0.0244609074620901	1.37419545853325	43
-0.0709550390086799	0.940306066070207	33
0.02318582165918	1.37563276435432	33
-0.11531667116214	1.62759823618951	33
-0.0709550390086799	0.940306066070207	40
-0.06471752579984	0.9359945270827	33
-0.0662193755512202	0.93688402425633	33
-0.0105098927161298	2.09761979292726	33
-0.0706287207414502	0.940243383198465	40
0.0407620950533401	2.49236520137586	33
0.01868469658734	1.38131674048368	125
-0.0753802672603001	0.943149552788195	28
-0.06530788404037	0.936496100496138	33
0.0789883780538101	1.87672562379301	37
-0.0607103197877801	0.933444656733173	130
-0.0697735253493699	0.939684536075736	37
-0.0612994205846702	0.933944478436013	33
-0.06589848871781	0.936900543147092	33
-0.10338144830413	2.33137470589576	33
0.02361098950984	1.375232417412	33
-0.0656285679967801	0.936659279965039	33
-0.0612994205846702	0.933944478436013	289
0.01505846950364	1.38610524522227	33
0.11669378077838	2.28382946966117	33
0.02038912855274	1.38030559432412	33
-0.0759712592003101	0.94358225331789	33
-0.10060793609842	2.32320494664392	37
0.0832597594140601	1.87087315200481	33
-0.0120517596296201	2.09944953806261	33
-0.06589848871781	0.936900543147092	514
0.0269606657478101	1.37170736686012	33
-0.0712196472745599	0.940607959344417	33
-0.0656285679967801	0.936659279965039	28
0.02040001223819	1.37972846952316	130
-0.0697735253493699	0.939684536075736	33
-0.0706287207414502	0.940243383198465	514
-0.06589848871781	0.936900543147092	37
-0.0650380070630199	0.936339193932813	37
-0.0700380410085302	0.939770540845245	33
-0.06247835900079	0.9346666740832	33
-0.0618887669263102	0.934347484997078	33
-0.0712196472745599	0.940607959344417	314
-0.06530788404037	0.936496100496138	28
-0.0706287207414502	0.940243383198465	28
-0.0654470168894101	0.936537817072759	33
-0.0703641587826298	0.940048810523718	417
-0.0644476925608402	0.935935080561358	33
0.02082307747495	1.37929036507061	33
-0.0718108207969399	0.940865439313419	150
-0.10987433428471	1.61778011018782	130
-0.0819272298209199	0.946860351101947	28
-0.01010484540152	2.09585905349467	33
0.02012379612449	1.38178268586653	33
0.01868469658734	1.38131674048368	150
-0.06530788404037	0.936496100496138	37
-0.0719735248958502	0.941027671190677	28
0.10783200742037	2.30373448412962	785
-0.0942982294578698	2.31225118219347	33
0.12028823469614	2.27694041262636	785
-0.06530788404037	0.936496100496138	28
-0.0607103197877801	0.933444656733173	150
0.0835941048284199	1.87036019467209	33
-0.0650380070630199	0.936339193932813	33
-0.0664893400212998	0.937220897064085	33
-0.06247835900079	0.9346666740832	33
-0.06530788404037	0.936496100496138	37
0.07652867231201	1.88181830417519	803
0.01954218052868	1.38127194458638	33
-0.0660361800451201	0.93721819188179	33
0.02361098950984	1.375232417412	241
-0.10747435877139	1.6142700917341	28
0.0191184986116	1.38162245445803	33
-0.0930909628277101	2.30741413302949	33
-0.0759712592003101	0.94358225331789	150
-0.06589848871781	0.936900543147092	803
0.02611379505564	1.37242242848461	33
0.01910871746273	1.38087741409607	33
-0.0706287207414502	0.940243383198465	803
-0.0753802672603001	0.943149552788195	33
-0.06471752579984	0.9359945270827	33
-0.0759712592003101	0.94358225331789	33
-0.06471752579984	0.9359945270827	28
-0.0607103197877801	0.933444656733173	33
-0.06589848871781	0.936900543147092	33
0.0782990315615499	1.87962794814989	33
-0.0644476925608402	0.935935080561358	28
-0.06589848871781	0.936900543147092	33
-0.0158389050254502	2.10708479393964	150
-0.11410665833699	1.62493371894183	150
-0.0666255889110698	0.937689367177516	33
-0.0712196472745599	0.940607959344417	150
-0.0638576243013298	0.935433907837447	33
-0.10542320547564	1.61297426601017	28
0.0159030693920801	1.38502190236945	203
-0.06589848871781	0.936900543147092	150
0.01910871746273	1.38087741409607	28
0.04302942951171	2.48609250300782	255
-0.06530788404037	0.936496100496138	33
-0.0700380410085302	0.939770540845245	28
-0.07512110207779	0.943026019639929	203
0.01634016720731	1.38557365154008	33
-0.0709550390086799	0.940306066070207	33
-0.0636582811016799	0.934920320105424	255
-0.0747895222878499	0.942495644637827	255
0.11260127114427	2.29299751770177	33
0.01996572381712	1.38083297681597	33
0.0171998492262699	1.3840243964537	33
-0.0618887669263102	0.934347484997078	33
-0.0700380410085302	0.939770540845245	33
-0.0706287207414502	0.940243383198465	33
-0.0747895222878499	0.942495644637827	28
-0.11123289670409	1.61936110339916	28
-0.0691831385200601	0.939212074196618	33
-0.11075454094405	1.61966725432052	150
-0.0672152436755402	0.938052626142087	33
-0.0719735248958502	0.941027671190677	28
-0.0706287207414502	0.940243383198465	33
-0.06681042991569	0.936913767186365	150
-0.0706287207414502	0.940243383198465	33
-0.06589848871781	0.936900543147092	33
0.03758087382567	2.49934378279965	33
-0.0703641587826298	0.940048810523718	33
-0.10427856226438	2.33314624697865	33
-0.0745304060083001	0.94259367154612	33
-0.06471752579984	0.9359945270827	33
-0.0745304060083001	0.94259367154612	28
-0.10861326862959	1.61358839031101	33
-0.1103724111306	1.62049130849856	28
-0.0656285679967801	0.936659279965039	33
0.0269693498165	1.37167545542065	33
-0.01511799723102	2.10318526108428	255
-0.0697735253493699	0.939684536075736	150
-0.06471752579984	0.9359945270827	33
-0.0239278994841099	2.12193289619592	33
-0.0666255889110698	0.937689367177516	271
-0.11782961663539	1.63010051427917	255
-0.0666255889110698	0.937689367177516	193
-0.1091524017264	1.61778268576817	28
-0.0618887669263102	0.934347484997078	28
-0.0654470168894101	0.936537817072759	28
-0.06780514452654	0.938309132013353	193
-0.11203528976204	1.61988809776464	33
-0.0644476925608402	0.935935080561358	362
-0.00735665558201015	2.09061565049606	28
0.0273838934331401	1.37123198801012	255
0.08167816256117	1.87205543837171	271
0.0679831808301601	1.89696982091419	121
0.01505846950364	1.38610524522227	255
-0.00969513548920986	2.09324649765861	33
-0.06708043814016	0.937445840046902	255
-0.10489397101967	1.60987863591238	33
-0.0664893400212998	0.937220897064085	33
-0.0650380070630199	0.936339193932813	33
-0.0712196472745599	0.940607959344417	33
-0.0765624982989999	0.94388365051003	193
0.02233056540955	1.37567900968113	255
-0.0753802672603001	0.943149552788195	129
0.0167619161729999	1.3849790395723	33
-0.10116279113465	1.6061414947674	255
-0.09765705453772	2.3175973499107	255
0.01996572381712	1.38083297681597	255
-0.06471752579984	0.9359945270827	28
-0.06247835900079	0.9346666740832	33
-0.0697735253493699	0.939684536075736	33
-0.06471752579984	0.9359945270827	255
-0.06471752579984	0.9359945270827	973
-0.0697735253493699	0.939684536075736	255
-0.0709550390086799	0.940306066070207	255
-0.00889566837639011	2.09464710082236	255
-0.0650380070630199	0.936339193932813	33
-0.0650380070630199	0.936339193932813	129
-0.0662193755512202	0.93688402425633	33
-0.0713838174616499	0.940596517272425	255
-0.06471752579984	0.9359945270827	255
-0.0757120451076698	0.943327158757816	33
-0.0724022414988701	0.940920384238857	129
0.0121069374428699	1.39129430326678	129
-0.0607103197877801	0.933444656733173	129
-0.0660361800451201	0.93721819188179	28
0.00870670117135997	1.39309745677797	28
-0.06589848871781	0.936900543147092	129
-0.0638576243013298	0.935433907837447	28
0.07284201405873	1.8870673770241	129
-0.0650380070630199	0.936339193932813	255
-0.0713838174616499	0.940596517272425	129
-0.10622055456395	1.61432594733046	255
-0.0703641587826298	0.940048810523718	33
-0.0638576243013298	0.935433907837447	973
-0.10306657221646	2.33062100972803	129
-0.0697735253493699	0.939684536075736	33
0.0248856577163801	1.37354288578433	129
-0.0694476078864801	0.939087813944264	28
-0.06530788404037	0.936496100496138	129
-0.0753802672603001	0.943149552788195	28
-0.06247835900079	0.9346666740832	129
0.02318582165918	1.37563276435432	129
0.0802209561242999	1.87556099150988	129
-0.10529529474671	1.61043680905511	33
-0.0712196472745599	0.940607959344417	255
-0.06708043814016	0.937445840046902	129
-0.0612994205846702	0.933944478436013	129
-0.07512110207779	0.943026019639929	33
-0.0607103197877801	0.933444656733173	33
-0.0987552037628601	2.32141298529975	300
-0.0757120451076698	0.943327158757816	300
-0.0607103197877801	0.933444656733173	173
-0.0660361800451201	0.93721819188179	33
-0.0759712592003101	0.94358225331789	33
-0.06589848871781	0.936900543147092	300
-0.0660361800451201	0.93721819188179	129
0.01147429985465	1.39126529010837	300
-0.0700380410085302	0.939770540845245	300
-0.0650380070630199	0.936339193932813	815
-0.10615201098894	1.6122834359921	33
-0.0745304060083001	0.94259367154612	33
0.02865274675389	1.36925057475869	300
-0.06530788404037	0.936496100496138	33
-0.06589848871781	0.936900543147092	33
0.02038912855274	1.38030559432412	33
-0.0706287207414502	0.940243383198465	33
0.01549625574696	1.38645073308772	529
-0.11043099454477	1.61841804713108	300
-0.0712196472745599	0.940607959344417	129
-0.0660361800451201	0.93721819188179	33
-0.0607103197877801	0.933444656733173	33
0.11537042095908	2.28826138200719	529
-0.11379125144927	1.6235367474677	529
0.0237340542668101	1.37678136270782	33
-0.11043099454477	1.61841804713108	28
0.02573936351534	1.37201229816694	33
-0.0654470168894101	0.936537817072759	33
-0.0691831385200601	0.939212074196618	33
-0.0807443930727398	0.946360409424713	300
-0.06471752579984	0.9359945270827	300
0.08674745578815	1.86350906202357	300
0.0127353050299699	1.38995127669372	33
-0.0612994205846702	0.933944478436013	28
-0.06589848871781	0.936900543147092	28
-0.0706287207414502	0.940243383198465	28
-0.11251109932706	1.62331666943229	300
-0.0765624982989999	0.94388365051003	28
0.01868469658734	1.38131674048368	28
-0.0712196472745599	0.940607959344417	28
-0.0638576243013298	0.935433907837447	129
-0.06708043814016	0.937445840046902	129
0.11404624559169	2.28784687974189	529
-0.00969513548920986	2.09324649765861	529
-0.10780899168288	1.613122713454	129
-0.00986398096500007	2.09675037672554	306
0.0793241905405999	1.87630776452439	129
-0.0638576243013298	0.935433907837447	306
0.0248906696904301	1.37322155053487	28
-0.0664893400212998	0.937220897064085	129
-0.10203728676714	1.60703002531169	129
-0.0709550390086799	0.940306066070207	129
-0.06589848871781	0.936900543147092	129
-0.0120517596296201	2.09944953806261	129
-0.0804906116001902	0.946176415871986	129
0.0846339557743501	1.86489451355594	129
0.0195325995481499	1.38034974463759	168
0.0127353050299699	1.38995127669372	129
