x	y
1.95879552552655	0.437985228139192
2.75805496536761	0.766752929661107
0.157971563808893	0.0296806747786729
1.95879552552655	0.437985228139192
0.959865181244613	0.254814612498812
1.96141436018454	0.438711417164155
1.95793128711136	0.437766051086387
0.16934280349587	0.0427080042196444
0.159251072645633	0.0298673857617753
-0.342107054910445	0.0979510037894855
1.96141436018454	0.438711417164155
0.959865181244613	0.254814612498812
1.82912964257087	0.714770179842855
-0.217493795516912	0.0700823766807278
0.173940988172143	0.0437550114519682
0.950720958067184	0.252420162622268
1.95793128711136	0.437766051086387
0.157971563808893	0.0296806747786729
1.46209127003869	0.484377128190959
2.75805496536761	0.766752929661107
0.16934280349587	0.0427080042196444
-2.57447078703937	0.657780381714024
-0.3395018260887	0.0972061822975938
1.95879552552655	0.437985228139192
1.95793128711136	0.437766051086387
1.95793128711136	0.437766051086387
0.173378039987466	0.0436162262322836
0.669117736352227	0.211726956826849
0.674015164989584	0.213380808783075
1.46265753359042	0.48460907431551
0.955450516302873	0.253599562429476
0.956021254579335	0.253830462538477
2.75805496536761	0.766752929661107
-1.79763019308962	0.379603777700996
0.159251072645633	0.0298673857617753
3.27129205644114	1.12317050813274
-0.216063671871124	0.0695794401283131
-0.0978550297863506	0.0388181313798155
-0.3395018260887	0.0972061822975938
1.95793128711136	0.437766051086387
3.26630303248094	1.12023058934939
-0.619895187822925	0.150839789138775
-0.337559379634888	0.0966770330278957
-0.610543277167417	0.293330706797562
1.07010886674495	0.517170860438559
-0.523847973197607	0.197922354572038
-0.728677148298953	0.249187525985118
1.95793128711136	0.437766051086387
-0.337924641037297	0.0968088152153293
0.154259314455831	0.0291924198815566
0.956021254579335	0.253830462538477
1.95879552552655	0.437985228139192
-2.57447078703937	0.657780381714024
-1.50634046210702	0.533909618105069
0.956021254579335	0.253830462538477
-1.51042707521765	0.53568486067596
0.159251072645633	0.0298673857617753
2.76197196120423	0.768541369225187
-0.720199314130701	0.246072307343885
-1.81766723004699	0.737367259253776
0.166279076961167	0.0494077549790747
-1.27494539089194	0.572920321326296
0.157546606671046	0.0469737944802553
0.959294652844364	0.254663957360155
-0.335438661955823	0.0961186879895653
-0.617055950695462	0.150241664375452
-0.337559379634888	0.0966770330278957
1.46654605141329	0.485981855384374
-0.718417185790278	0.245411018109158
-0.617491939447093	0.150288713008559
-2.57447078703937	0.657780381714024
0.675232747867266	0.213789953820415
0.157971563808893	0.0296806747786729
1.96141436018454	0.438711417164155
0.955450516302873	0.253599562429476
-0.218821026852739	0.0704981078623005
0.449051374752847	0.180146054252177
-0.625191995446008	0.152059991852936
1.95879552552655	0.437985228139192
-1.13238809108681	0.341172314702962
0.159251072645633	0.0298673857617753
1.46166504880046	0.484245680586438
3.26732978575294	1.1211772426211
0.956021254579335	0.253830462538477
0.15823182603157	0.0297179405544109
0.960305402281055	0.254935680101795
-1.50824112923963	0.534752090600511
0.172385921068679	0.0433875285709768
0.169762747888229	0.0427831084845497
-1.27866440986665	0.57493073370158
0.159251072645633	0.0298673857617753
-0.620326325745573	0.150885642821786
0.670081697347895	0.212111377241056
0.955017933589342	0.253480850166851
-0.624623675797245	0.151937920429117
0.159251072645633	0.0298673857617753
0.158989511121608	0.0298299152293259
0.174933567082256	0.0439573605408891
1.46498308680977	0.485505347800691
0.955450516302873	0.253599562429476
3.27129205644114	1.12317050813274
2.7590679263751	0.76692961097815
2.75805496536761	0.766752929661107
0.157971563808893	0.0296806747786729
1.95793128711136	0.437766051086387
1.46166504880046	0.484245680586438
0.15823182603157	0.0297179405544109
2.75805496536761	0.766752929661107
-1.7975657981284	0.379599665892429
1.95879552552655	0.437985228139192
0.170331293505475	0.0429093144237285
-0.620903335937371	0.151058535991718
-1.79763019308962	0.379603777700996
1.95879552552655	0.437985228139192
0.157971563808893	0.0296806747786729
0.159251072645633	0.0298673857617753
0.15823182603157	0.0297179405544109
0.154259314455831	0.0291924198815566
-1.12949217626836	0.340258306499887
-0.718417185790278	0.245411018109158
1.46364987732708	0.48479584486453
-1.12781381973937	0.339579374120096
0.172385921068679	0.0433875285709768
0.157971563808893	0.0296806747786729
-2.57447078703937	0.657780381714024
-1.79763019308962	0.379603777700996
-1.79763019308962	0.379603777700996
0.157971563808893	0.0296806747786729
1.95879552552655	0.437985228139192
1.95793128711136	0.437766051086387
0.15823182603157	0.0297179405544109
0.159251072645633	0.0298673857617753
2.75805496536761	0.766752929661107
1.95879552552655	0.437985228139192
-0.620903335937371	0.151058535991718
0.15823182603157	0.0297179405544109
2.75805496536761	0.766752929661107
1.95793128711136	0.437766051086387
0.158989511121608	0.0298299152293259
-2.57447078703937	0.657780381714024
-2.57447078703937	0.657780381714024
-1.79763019308962	0.379603777700996
1.95879552552655	0.437985228139192
1.95879552552655	0.437985228139192
0.155282002123357	0.02934225636165
0.158989511121608	0.0298299152293259
1.82851727583204	0.714435845516616
-1.79763019308962	0.379603777700996
-0.212452220411149	0.0684629276040467
-0.620326325745573	0.150885642821786
0.155282002123357	0.02934225636165
0.674015164989584	0.213380808783075
0.15823182603157	0.0297179405544109
1.45652080007828	0.482281887456809
-2.57472877667238	0.65760345889815
0.15823182603157	0.0297179405544109
0.158989511121608	0.0298299152293259
0.173378039987466	0.0436162262322836
0.157971563808893	0.0296806747786729
2.75805496536761	0.766752929661107
0.157971563808893	0.0296806747786729
-0.619895187822925	0.150839789138775
-2.57472877667238	0.65760345889815
-0.628944872553404	0.15292393261527
0.154259314455831	0.0291924198815566
-0.391710846289378	0.162959857875505
0.15823182603157	0.0297179405544109
0.173940988172143	0.0437550114519682
0.16190498991222	0.0302625824147867
1.96141436018454	0.438711417164155
-0.625191995446008	0.152059991852936
-1.79763019308962	0.379603777700996
-1.7975657981284	0.379599665892429
-2.57472877667238	0.65760345889815
2.75704467106166	0.766025498669684
0.158989511121608	0.0298299152293259
0.159251072645633	0.0298673857617753
-3.08160228540496	0.95864568534502
-0.338896474896558	0.0970421752101679
0.154457393639357	0.04608180800409
-0.72955637416089	0.249604745043641
-0.343686146411719	0.0983921171207581
0.178378460373537	0.04470234426639
-0.345163385884169	0.0987990558749255
0.158989511121608	0.0298299152293259
0.958436503493791	0.254416791099759
1.95793128711136	0.437766051086387
2.75805496536761	0.766752929661107
3.26630303248094	1.12023058934939
-0.719307886400812	0.245829792820617
0.155282002123357	0.02934225636165
1.95879552552655	0.437985228139192
1.95879552552655	0.437985228139192
1.46398903776532	0.484992681122713
0.957025852492456	0.254006696314478
0.152200918016515	0.0515403734692646
0.16190498991222	0.0302625824147867
-0.617055950695462	0.150241664375452
0.15823182603157	0.0297179405544109
0.159251072645633	0.0298673857617753
-0.620903335937371	0.151058535991718
0.159251072645633	0.0298673857617753
0.15823182603157	0.0297179405544109
0.157971563808893	0.0296806747786729
0.15823182603157	0.0297179405544109
-0.619895187822925	0.150839789138775
0.16190498991222	0.0302625824147867
0.956455214607419	0.253949648163622
0.174503749901052	0.0438676710334476
1.95793128711136	0.437766051086387
1.96141436018454	0.438711417164155
2.75704467106166	0.766025498669684
0.956021254579335	0.253830462538477
-1.7975657981284	0.379599665892429
-0.619895187822925	0.150839789138775
-0.717804035722151	0.245206559878684
1.95793128711136	0.437766051086387
2.76095211479574	0.768066673537379
2.7590679263751	0.76692961097815
1.95793128711136	0.437766051086387
1.95879552552655	0.437985228139192
0.173940988172143	0.0437550114519682
2.75704467106166	0.766025498669684
-0.625191995446008	0.152059991852936
0.679297187320958	0.21511425797511
0.15823182603157	0.0297179405544109
-0.617055950695462	0.150241664375452
-1.79763019308962	0.379603777700996
-1.7975657981284	0.379599665892429
-1.79763019308962	0.379603777700996
1.95879552552655	0.437985228139192
0.173940988172143	0.0437550114519682
-1.82217140604409	0.73960948313389
0.956021254579335	0.253830462538477
1.96141436018454	0.438711417164155
0.162171049505848	0.0303007576998756
1.95793128711136	0.437766051086387
1.95793128711136	0.437766051086387
1.95793128711136	0.437766051086387
1.95793128711136	0.437766051086387
1.95793128711136	0.437766051086387
0.15823182603157	0.0297179405544109
-2.57447078703937	0.657780381714024
1.95879552552655	0.437985228139192
0.15823182603157	0.0297179405544109
1.95793128711136	0.437766051086387
1.95793128711136	0.437766051086387
1.95879552552655	0.437985228139192
-1.79763019308962	0.379603777700996
-0.619895187822925	0.150839789138775
0.16190498991222	0.0302625824147867
1.95793128711136	0.437766051086387
-2.57472877667238	0.65760345889815
-1.79763019308962	0.379603777700996
-0.621333103088639	0.151104040920032
1.95879552552655	0.437985228139192
1.95793128711136	0.437766051086387
2.75805496536761	0.766752929661107
0.159251072645633	0.0298673857617753
1.95793128711136	0.437766051086387
0.159251072645633	0.0298673857617753
0.15823182603157	0.0297179405544109
0.175496922320134	0.0440701137079318
1.95793128711136	0.437766051086387
0.15823182603157	0.0297179405544109
0.158989511121608	0.0298299152293259
-2.57472877667238	0.65760345889815
1.95879552552655	0.437985228139192
1.95879552552655	0.437985228139192
0.172385921068679	0.0433875285709768
0.956021254579335	0.253830462538477
-2.57447078703937	0.657780381714024
-1.79763019308962	0.379603777700996
1.96141436018454	0.438711417164155
0.15823182603157	0.0297179405544109
1.95879552552655	0.437985228139192
1.95793128711136	0.437766051086387
-2.57447078703937	0.657780381714024
0.960305402281055	0.254935680101795
0.956021254579335	0.253830462538477
-1.79763019308962	0.379603777700996
0.159251072645633	0.0298673857617753
1.95879552552655	0.437985228139192
-1.7975657981284	0.379599665892429
1.95793128711136	0.437766051086387
-2.57472877667238	0.65760345889815
1.95879552552655	0.437985228139192
3.26630303248094	1.12023058934939
0.15823182603157	0.0297179405544109
-3.07793266340176	0.957013587093989
-2.57421277656498	0.657506382974291
-1.7975657981284	0.379599665892429
-2.57472877667238	0.65760345889815
3.26835783601252	1.12163011968705
0.158989511121608	0.0298299152293259
0.158989511121608	0.0298299152293259
0.158989511121608	0.0298299152293259
-0.620326325745573	0.150885642821786
0.159251072645633	0.0298673857617753
-0.620473624670499	0.150917804175241
0.15823182603157	0.0297179405544109
0.955017933589342	0.253480850166851
-0.3395018260887	0.0972061822975938
0.166279076961167	0.0494077549790747
0.827062362966711	0.347535018691045
1.0433448222306	0.394400438672122
3.26732978575294	1.1211772426211
1.95879552552655	0.437985228139192
-2.57447078703937	0.657780381714024
1.95793128711136	0.437766051086387
-0.620903335937371	0.151058535991718
2.75704467106166	0.766025498669684
-0.337559379634888	0.0966770330278957
-3.07750490916701	0.956880231933195
-1.7975657981284	0.379599665892429
0.154259314455831	0.0291924198815566
1.95879552552655	0.437985228139192
0.173378039987466	0.0436162262322836
0.154259314455831	0.0291924198815566
-0.62133920787282	0.151240698635141
-0.620326325745573	0.150885642821786
0.15823182603157	0.0297179405544109
-2.57821111666453	0.659475059970799
-1.80127875869	0.380587746892248
-3.08203891306948	0.959069086853276
-1.7975657981284	0.379599665892429
1.95793128711136	0.437766051086387
1.95793128711136	0.437766051086387
0.157971563808893	0.0296806747786729
-0.339366328033743	0.0972003539018668
-0.338896474896558	0.0970421752101679
0.955017933589342	0.253480850166851
1.95879552552655	0.437985228139192
-0.620473624670499	0.150917804175241
-1.7975657981284	0.379599665892429
-2.57847696185857	0.659529736545688
1.95793128711136	0.437766051086387
1.95793128711136	0.437766051086387
0.959294652844364	0.254663957360155
1.95879552552655	0.437985228139192
0.955017933589342	0.253480850166851
-0.338291342092883	0.0968475173314605
0.159251072645633	0.0298673857617753
0.159251072645633	0.0298673857617753
0.154392805413983	0.0522705690038812
-1.50884424560785	0.535043767502043
-1.7975657981284	0.379599665892429
0.955450516302873	0.253599562429476
0.159251072645633	0.0298673857617753
0.172385921068679	0.0433875285709768
-1.03269742121009	0.408607765317193
1.95879552552655	0.437985228139192
1.95793128711136	0.437766051086387
1.95793128711136	0.437766051086387
1.46067242606004	0.483688692701864
1.95793128711136	0.437766051086387
0.15823182603157	0.0297179405544109
3.27129205644114	1.12317050813274
0.956455214607419	0.253949648163622
0.157971563808893	0.0296806747786729
1.95793128711136	0.437766051086387
1.95793128711136	0.437766051086387
-1.7975657981284	0.379599665892429
1.95879552552655	0.437985228139192
-1.7975657981284	0.379599665892429
0.157971563808893	0.0296806747786729
0.678685727410979	0.214982042405379
1.95879552552655	0.437985228139192
0.16190498991222	0.0302625824147867
-1.12825544522804	0.339732258677114
0.170331293505475	0.0429093144237285
1.96141436018454	0.438711417164155
1.95793128711136	0.437766051086387
0.17351044503084	0.0436385160120603
0.162171049505848	0.0303007576998756
-1.12725353624624	0.339405023147411
-2.57447078703937	0.657780381714024
-3.07793266340176	0.957013587093989
2.75805496536761	0.766752929661107
0.158989511121608	0.0298299152293259
3.26732978575294	1.1211772426211
-0.625630686390319	0.152156798395567
0.674264818482823	0.213402910671394
0.957025852492456	0.254006696314478
0.823847907193868	0.345924394320539
4.17432985406838	2.00006384756967
1.96141436018454	0.438711417164155
2.75805496536761	0.766752929661107
-1.7975657981284	0.379599665892429
1.95879552552655	0.437985228139192
-2.57421277656498	0.657506382974291
0.157971563808893	0.0296806747786729
0.17351044503084	0.0436385160120603
0.15823182603157	0.0297179405544109
-0.619895187822925	0.150839789138775
0.955450516302873	0.253599562429476
-0.338530582329419	0.0969729638077002
0.158989511121608	0.0298299152293259
-0.625191995446008	0.152059991852936
-0.617491939447093	0.150288713008559
-2.57821111666453	0.659475059970799
0.159251072645633	0.0298673857617753
-2.57472877667238	0.65760345889815
2.7590679263751	0.76692961097815
0.157971563808893	0.0296806747786729
0.159251072645633	0.0298673857617753
0.956455214607419	0.253949648163622
0.15823182603157	0.0297179405544109
1.95793128711136	0.437766051086387
-0.621333103088639	0.151104040920032
-2.57472877667238	0.65760345889815
0.157971563808893	0.0296806747786729
0.957461191854986	0.254126256439643
0.17294827606403	0.0435260072159332
1.95879552552655	0.437985228139192
2.75805496536761	0.766752929661107
-1.7975657981284	0.379599665892429
0.15823182603157	0.0297179405544109
1.95793128711136	0.437766051086387
2.75805496536761	0.766752929661107
0.157971563808893	0.0296806747786729
0.674624067917918	0.213658555919133
2.75805496536761	0.766752929661107
-1.7975657981284	0.379599665892429
1.95879552552655	0.437985228139192
0.15823182603157	0.0297179405544109
0.17294827606403	0.0435260072159332
0.16190498991222	0.0302625824147867
0.159251072645633	0.0298673857617753
-2.57447078703937	0.657780381714024
-0.624183598429151	0.151840837481169
1.95793128711136	0.437766051086387
3.27025913837768	1.12233669524588
0.162171049505848	0.0303007576998756
-1.7975657981284	0.379599665892429
0.157971563808893	0.0296806747786729
0.15823182603157	0.0297179405544109
1.95879552552655	0.437985228139192
1.46067242606004	0.483688692701864
1.95879552552655	0.437985228139192
2.11127489590751	0.940656109084481
1.33930721321607	0.584533865666855
1.95879552552655	0.437985228139192
-0.620326325745573	0.150885642821786
-0.620903335937371	0.151058535991718
-1.79763019308962	0.379603777700996
0.956021254579335	0.253830462538477
0.161736914950373	0.0481441679802126
0.956021254579335	0.253830462538477
1.95879552552655	0.437985228139192
1.95879552552655	0.437985228139192
0.159251072645633	0.0298673857617753
0.951724523631597	0.252769110062367
1.95879552552655	0.437985228139192
0.159251072645633	0.0298673857617753
0.159251072645633	0.0298673857617753
0.17294827606403	0.0435260072159332
1.95793128711136	0.437766051086387
0.154259314455831	0.0291924198815566
-0.624623675797245	0.151937920429117
1.95793128711136	0.437766051086387
0.173940988172143	0.0437550114519682
-1.79763019308962	0.379603777700996
-3.07793266340176	0.957013587093989
1.95793128711136	0.437766051086387
0.15823182603157	0.0297179405544109
0.159251072645633	0.0298673857617753
0.956021254579335	0.253830462538477
1.95793128711136	0.437766051086387
2.75805496536761	0.766752929661107
1.96141436018454	0.438711417164155
0.157971563808893	0.0296806747786729
-2.57421277656498	0.657506382974291
0.162171049505848	0.0303007576998756
0.159251072645633	0.0298673857617753
0.158989511121608	0.0298299152293259
1.95879552552655	0.437985228139192
-1.79763019308962	0.379603777700996
-1.12725353624624	0.339405023147411
0.157971563808893	0.0296806747786729
-3.07750490916701	0.956880231933195
0.951724523631597	0.252769110062367
1.95793128711136	0.437766051086387
-0.620903335937371	0.151058535991718
0.158989511121608	0.0298299152293259
2.76197196120423	0.768541369225187
1.95793128711136	0.437766051086387
0.956455214607419	0.253949648163622
-0.619895187822925	0.150839789138775
1.95879552552655	0.437985228139192
-1.79763019308962	0.379603777700996
0.157971563808893	0.0296806747786729
0.177812920485068	0.0445891130396879
-1.81413444396294	0.735290551794613
-2.57447078703937	0.657780381714024
-2.57421277656498	0.657506382974291
1.46265753359042	0.48460907431551
0.957461191854986	0.254126256439643
-3.07793266340176	0.957013587093989
2.75805496536761	0.766752929661107
0.955450516302873	0.253599562429476
1.95793128711136	0.437766051086387
-1.02730920175823	0.406112820022134
-1.02194301820446	0.403479228390162
0.675591354383564	0.213968352567141
0.159251072645633	0.0298673857617753
-1.79763019308962	0.379603777700996
1.95879552552655	0.437985228139192
1.96141436018454	0.438711417164155
1.95793128711136	0.437766051086387
0.159251072645633	0.0298673857617753
1.95879552552655	0.437985228139192
2.76095211479574	0.768066673537379
0.956455214607419	0.253949648163622
-0.619895187822925	0.150839789138775
-0.620473624670499	0.150917804175241
-1.79763019308962	0.379603777700996
-0.337924641037297	0.0968088152153293
-3.07750490916701	0.956880231933195
-2.57472877667238	0.65760345889815
0.157971563808893	0.0296806747786729
-0.619895187822925	0.150839789138775
3.64508196443781	1.43367348655271
0.173940988172143	0.0437550114519682
0.155282002123357	0.02934225636165
0.956021254579335	0.253830462538477
0.157971563808893	0.0296806747786729
1.96141436018454	0.438711417164155
-0.620473624670499	0.150917804175241
0.159251072645633	0.0298673857617753
1.96141436018454	0.438711417164155
-2.57472877667238	0.65760345889815
-0.624623675797245	0.151937920429117
1.96141436018454	0.438711417164155
1.95879552552655	0.437985228139192
1.95793128711136	0.437766051086387
0.157971563808893	0.0296806747786729
2.75704467106166	0.766025498669684
-1.79763019308962	0.379603777700996
1.95879552552655	0.437985228139192
-0.620903335937371	0.151058535991718
3.64101793434512	1.43134239135362
1.95879552552655	0.437985228139192
1.95879552552655	0.437985228139192
2.7590679263751	0.76692961097815
-0.619895187822925	0.150839789138775
2.76095211479574	0.768066673537379
-2.57447078703937	0.657780381714024
0.15823182603157	0.0297179405544109
-1.7975657981284	0.379599665892429
0.15823182603157	0.0297179405544109
-1.7975657981284	0.379599665892429
0.157971563808893	0.0296806747786729
0.157971563808893	0.0296806747786729
0.17294827606403	0.0435260072159332
1.95879552552655	0.437985228139192
0.173378039987466	0.0436162262322836
-1.79763019308962	0.379603777700996
-2.57447078703937	0.657780381714024
1.95793128711136	0.437766051086387
2.75805496536761	0.766752929661107
0.955450516302873	0.253599562429476
2.75805496536761	0.766752929661107
0.159251072645633	0.0298673857617753
-0.620903335937371	0.151058535991718
0.674624067917918	0.213658555919133
0.157971563808893	0.0296806747786729
0.157971563808893	0.0296806747786729
0.157971563808893	0.0296806747786729
-0.620903335937371	0.151058535991718
-3.07707720857862	0.956361112132394
1.96141436018454	0.438711417164155
0.16190498991222	0.0302625824147867
0.957461191854986	0.254126256439643
1.96141436018454	0.438711417164155
-1.79763019308962	0.379603777700996
-2.57421277656498	0.657506382974291
-2.57447078703937	0.657780381714024
-1.79763019308962	0.379603777700996
1.95793128711136	0.437766051086387
-0.61946410648704	0.150698865008898
0.15823182603157	0.0297179405544109
1.95793128711136	0.437766051086387
0.157971563808893	0.0296806747786729
0.159251072645633	0.0298673857617753
2.76095211479574	0.768066673537379
-3.08247559880565	0.958940682858076
0.157971563808893	0.0296806747786729
-0.61946410648704	0.150698865008898
-0.620903335937371	0.151058535991718
-0.616620021012413	0.150099962492625
0.959865181244613	0.254814612498812
-1.79763019308962	0.379603777700996
-1.7975657981284	0.379599665892429
1.95879552552655	0.437985228139192
-1.79763019308962	0.379603777700996
-2.57421277656498	0.657506382974291
-1.7975657981284	0.379599665892429
-1.79763019308962	0.379603777700996
0.15823182603157	0.0297179405544109
0.15823182603157	0.0297179405544109
1.95793128711136	0.437766051086387
1.96141436018454	0.438711417164155
2.7590679263751	0.76692961097815
-1.79763019308962	0.379603777700996
0.163161259039589	0.0412993244326861
1.46166504880046	0.484245680586438
2.75704467106166	0.766025498669684
0.158989511121608	0.0298299152293259
0.159251072645633	0.0298673857617753
1.95879552552655	0.437985228139192
-1.7975657981284	0.379599665892429
1.95793128711136	0.437766051086387
-0.14575574418188	0.0521067853554539
0.159251072645633	0.0298673857617753
-1.79763019308962	0.379603777700996
-1.7975657981284	0.379599665892429
-1.79763019308962	0.379603777700996
-1.80127875869	0.380587746892248
0.950720958067184	0.252420162622268
1.95793128711136	0.437766051086387
1.95793128711136	0.437766051086387
0.157971563808893	0.0296806747786729
-1.7975657981284	0.379599665892429
-1.7975657981284	0.379599665892429
0.158989511121608	0.0298299152293259
0.174370024960364	0.0438183729016174
0.950720958067184	0.252420162622268
0.158989511121608	0.0298299152293259
-1.79763019308962	0.379603777700996
1.95793128711136	0.437766051086387
0.955450516302873	0.253599562429476
-3.07707720857862	0.956361112132394
1.46109938210879	0.484014060767982
-0.620903335937371	0.151058535991718
-0.61946410648704	0.150698865008898
-1.81078809873904	0.73326164335473
-1.80127875869	0.380587746892248
-1.7975657981284	0.379599665892429
0.960305402281055	0.254935680101795
1.96141436018454	0.438711417164155
-1.79763019308962	0.379603777700996
2.7590679263751	0.76692961097815
1.95793128711136	0.437766051086387
-1.79763019308962	0.379603777700996
1.95879552552655	0.437985228139192
1.78659432171653	0.997449726555896
0.17294827606403	0.0435260072159332
-1.7975657981284	0.379599665892429
1.95793128711136	0.437766051086387
-2.57447078703937	0.657780381714024
-1.80127875869	0.380587746892248
-0.617055950695462	0.150241664375452
0.679655237519559	0.215244174521264
0.162171049505848	0.0303007576998756
-2.57421277656498	0.657506382974291
-2.57447078703937	0.657780381714024
-1.79763019308962	0.379603777700996
-0.338896474896558	0.0970421752101679
0.677716162542668	0.214611870267994
1.95793128711136	0.437766051086387
-2.57447078703937	0.657780381714024
-2.57447078703937	0.657780381714024
1.95793128711136	0.437766051086387
0.17351044503084	0.0436385160120603
0.952729371406254	0.252945498225285
-0.722881564981813	0.247143842823858
-1.79763019308962	0.379603777700996
0.158989511121608	0.0298299152293259
0.15823182603157	0.0297179405544109
-1.12825544522804	0.339732258677114
0.158989511121608	0.0298299152293259
-3.07750490916701	0.956880231933195
-1.7975657981284	0.379599665892429
1.95879552552655	0.437985228139192
0.162171049505848	0.0303007576998756
0.15823182603157	0.0297179405544109
-1.79763019308962	0.379603777700996
-1.79763019308962	0.379603777700996
-1.7975657981284	0.379599665892429
-1.80127875869	0.380587746892248
-1.7975657981284	0.379599665892429
-1.7975657981284	0.379599665892429
-1.80127875869	0.380587746892248
0.158989511121608	0.0298299152293259
-0.625191995446008	0.152059991852936
0.15823182603157	0.0297179405544109
-1.7975657981284	0.379599665892429
0.157971563808893	0.0296806747786729
1.96141436018454	0.438711417164155
-1.7975657981284	0.379599665892429
2.76095211479574	0.768066673537379
0.155282002123357	0.02934225636165
0.157971563808893	0.0296806747786729
-2.57447078703937	0.657780381714024
0.158989511121608	0.0298299152293259
0.956455214607419	0.253949648163622
-2.57421277656498	0.657506382974291
-2.57421277656498	0.657506382974291
-1.7975657981284	0.379599665892429
-1.79763019308962	0.379603777700996
-0.617491939447093	0.150288713008559
0.175496922320134	0.0440701137079318
-0.61946410648704	0.150698865008898
-0.338291342092883	0.0968475173314605
-0.619895187822925	0.150839789138775
0.157971563808893	0.0296806747786729
0.157971563808893	0.0296806747786729
-1.7975657981284	0.379599665892429
1.95879552552655	0.437985228139192
1.03729632748488	0.391751460326444
0.159251072645633	0.0298673857617753
0.159251072645633	0.0298673857617753
3.26732978575294	1.1211772426211
0.172385921068679	0.0433875285709768
0.678074042401891	0.214702481365457
-1.7975657981284	0.379599665892429
-0.337318918589577	0.0966140796949229
-2.57847696185857	0.659529736545688
0.173378039987466	0.0436162262322836
0.15823182603157	0.0297179405544109
-0.624183598429151	0.151840837481169
0.158989511121608	0.0298299152293259
0.15823182603157	0.0297179405544109
-0.620903335937371	0.151058535991718
0.16190498991222	0.0302625824147867
-0.621333103088639	0.151104040920032
3.26835783601252	1.12163011968705
1.46654605141329	0.485981855384374
0.159251072645633	0.0298673857617753
1.95879552552655	0.437985228139192
0.159251072645633	0.0298673857617753
1.95879552552655	0.437985228139192
1.95793128711136	0.437766051086387
-2.57447078703937	0.657780381714024
0.157971563808893	0.0296806747786729
-0.620903335937371	0.151058535991718
2.7590679263751	0.76692961097815
1.95793128711136	0.437766051086387
0.159251072645633	0.0298673857617753
-1.79763019308962	0.379603777700996
-0.620903335937371	0.151058535991718
-1.7975657981284	0.379599665892429
-1.12881513859764	0.339906487322227
0.155282002123357	0.02934225636165
-0.617055950695462	0.150241664375452
-1.79763019308962	0.379603777700996
0.158989511121608	0.0298299152293259
-0.338291342092883	0.0968475173314605
1.46265753359042	0.48460907431551
0.157971563808893	0.0296806747786729
0.16190498991222	0.0302625824147867
0.157971563808893	0.0296806747786729
0.15823182603157	0.0297179405544109
1.95879552552655	0.437985228139192
0.159251072645633	0.0298673857617753
0.157971563808893	0.0296806747786729
1.95879552552655	0.437985228139192
2.75805496536761	0.766752929661107
-2.57821111666453	0.659475059970799
1.95793128711136	0.437766051086387
0.168774858509076	0.0425819447497206
0.158989511121608	0.0298299152293259
2.75704467106166	0.766025498669684
0.159251072645633	0.0298673857617753
1.96141436018454	0.438711417164155
0.159251072645633	0.0298673857617753
-0.338530582329419	0.0969729638077002
0.15823182603157	0.0297179405544109
0.158989511121608	0.0298299152293259
-1.79763019308962	0.379603777700996
0.959294652844364	0.254663957360155
1.95793128711136	0.437766051086387
-1.7975657981284	0.379599665892429
-2.57447078703937	0.657780381714024
0.159251072645633	0.0298673857617753
1.82851727583204	0.714435845516616
3.64813638806334	1.43480372807629
1.45750864016971	0.482642955020513
-0.620903335937371	0.151058535991718
0.959294652844364	0.254663957360155
2.75805496536761	0.766752929661107
1.95879552552655	0.437985228139192
1.95879552552655	0.437985228139192
1.95879552552655	0.437985228139192
-1.80127875869	0.380587746892248
-2.57421277656498	0.657506382974291
2.76095211479574	0.768066673537379
0.158989511121608	0.0298299152293259
2.76197196120423	0.768541369225187
0.15823182603157	0.0297179405544109
-1.79763019308962	0.379603777700996
1.95793128711136	0.437766051086387
-1.7975657981284	0.379599665892429
1.96141436018454	0.438711417164155
0.956455214607419	0.253949648163622
0.676200627845659	0.214099921395796
-0.619895187822925	0.150839789138775
0.159251072645633	0.0298673857617753
1.46109938210879	0.484014060767982
1.95793128711136	0.437766051086387
0.157971563808893	0.0296806747786729
-1.7975657981284	0.379599665892429
-1.7975657981284	0.379599665892429
-1.79763019308962	0.379603777700996
-1.79763019308962	0.379603777700996
2.75805496536761	0.766752929661107
0.15823182603157	0.0297179405544109
0.157971563808893	0.0296806747786729
0.15823182603157	0.0297179405544109
-1.79763019308962	0.379603777700996
-1.7975657981284	0.379599665892429
1.95793128711136	0.437766051086387
-1.79763019308962	0.379603777700996
0.956455214607419	0.253949648163622
-1.79763019308962	0.379603777700996
0.158989511121608	0.0298299152293259
-2.57447078703937	0.657780381714024
-1.79763019308962	0.379603777700996
0.957461191854986	0.254126256439643
1.95793128711136	0.437766051086387
1.96141436018454	0.438711417164155
1.95793128711136	0.437766051086387
-1.7975657981284	0.379599665892429
-0.619895187822925	0.150839789138775
0.157971563808893	0.0296806747786729
3.26835783601252	1.12163011968705
-1.7975657981284	0.379599665892429
1.95879552552655	0.437985228139192
0.159251072645633	0.0298673857617753
1.95793128711136	0.437766051086387
0.158989511121608	0.0298299152293259
1.96141436018454	0.438711417164155
1.95879552552655	0.437985228139192
0.957461191854986	0.254126256439643
1.95879552552655	0.437985228139192
1.95793128711136	0.437766051086387
1.95793128711136	0.437766051086387
-2.57447078703937	0.657780381714024
0.956455214607419	0.253949648163622
-0.155171503238085	0.055445001541133
-1.79763019308962	0.379603777700996
3.27025913837768	1.12233669524588
0.158989511121608	0.0298299152293259
0.16934280349587	0.0427080042196444
-1.02220030668553	0.403399409057447
0.155282002123357	0.02934225636165
-1.79763019308962	0.379603777700996
-1.79763019308962	0.379603777700996
0.956455214607419	0.253949648163622
1.95879552552655	0.437985228139192
1.95793128711136	0.437766051086387
1.95793128711136	0.437766051086387
1.95793128711136	0.437766051086387
1.95879552552655	0.437985228139192
1.95879552552655	0.437985228139192
0.157971563808893	0.0296806747786729
0.173940988172143	0.0437550114519682
0.154259314455831	0.0291924198815566
-1.79763019308962	0.379603777700996
1.95879552552655	0.437985228139192
2.76095211479574	0.768066673537379
-1.7975657981284	0.379599665892429
1.95879552552655	0.437985228139192
1.95793128711136	0.437766051086387
1.95793128711136	0.437766051086387
2.76197196120423	0.768541369225187
2.7590679263751	0.76692961097815
0.168774858509076	0.0425819447497206
2.75805496536761	0.766752929661107
1.96141436018454	0.438711417164155
1.95793128711136	0.437766051086387
0.956021254579335	0.253830462538477
0.16934280349587	0.0427080042196444
-1.12881513859764	0.339906487322227
-1.7975657981284	0.379599665892429
0.158989511121608	0.0298299152293259
0.157971563808893	0.0296806747786729
1.95879552552655	0.437985228139192
-1.7975657981284	0.379599665892429
0.670081697347895	0.212111377241056
-1.12825544522804	0.339732258677114
0.16190498991222	0.0302625824147867
1.95793128711136	0.437766051086387
-1.79763019308962	0.379603777700996
1.95793128711136	0.437766051086387
1.96141436018454	0.438711417164155
-1.80127875869	0.380587746892248
1.95793128711136	0.437766051086387
0.157971563808893	0.0296806747786729
0.15823182603157	0.0297179405544109
1.95879552552655	0.437985228139192
0.157971563808893	0.0296806747786729
1.95879552552655	0.437985228139192
1.95793128711136	0.437766051086387
1.95879552552655	0.437985228139192
-1.79763019308962	0.379603777700996
0.956021254579335	0.253830462538477
1.95793128711136	0.437766051086387
0.956455214607419	0.253949648163622
0.956455214607419	0.253949648163622
0.399328666869883	0.180435026771083
2.75704467106166	0.766025498669684
0.155282002123357	0.02934225636165
-1.7975657981284	0.379599665892429
-1.7975657981284	0.379599665892429
1.95879552552655	0.437985228139192
-1.79763019308962	0.379603777700996
-1.7975657981284	0.379599665892429
0.158202431453599	0.0297753629586498
1.95793128711136	0.437766051086387
0.154259314455831	0.0291924198815566
-1.79763019308962	0.379603777700996
1.95879552552655	0.437985228139192
0.15823182603157	0.0297179405544109
1.82851727583204	0.714435845516616
0.16190498991222	0.0302625824147867
1.95879552552655	0.437985228139192
0.15823182603157	0.0297179405544109
3.26630303248094	1.12023058934939
1.95879552552655	0.437985228139192
0.955450516302873	0.253599562429476
0.157971563808893	0.0296806747786729
-0.620903335937371	0.151058535991718
-0.225419719087584	0.0725470038495738
-3.07750490916701	0.956880231933195
2.12175361138722	0.947733160087778
2.75805496536761	0.766752929661107
1.95879552552655	0.437985228139192
1.95879552552655	0.437985228139192
0.154259314455831	0.0291924198815566
2.75704467106166	0.766025498669684
-1.7975657981284	0.379599665892429
0.173940988172143	0.0437550114519682
0.157971563808893	0.0296806747786729
1.95879552552655	0.437985228139192
1.95793128711136	0.437766051086387
3.26630303248094	1.12023058934939
1.95793128711136	0.437766051086387
0.159251072645633	0.0298673857617753
1.95879552552655	0.437985228139192
0.157971563808893	0.0296806747786729
0.957025852492456	0.254006696314478
-1.7975657981284	0.379599665892429
0.52764029394331	0.188938300410242
-0.617491939447093	0.150288713008559
-3.45228414088993	1.22181665198441
-1.79763019308962	0.379603777700996
1.95793128711136	0.437766051086387
1.95793128711136	0.437766051086387
1.96141436018454	0.438711417164155
2.75805496536761	0.766752929661107
0.16190498991222	0.0302625824147867
1.46209127003869	0.484377128190959
1.96141436018454	0.438711417164155
-1.7975657981284	0.379599665892429
-1.79763019308962	0.379603777700996
3.26732978575294	1.1211772426211
1.95879552552655	0.437985228139192
0.154259314455831	0.0291924198815566
1.95793128711136	0.437766051086387
0.15823182603157	0.0297179405544109
0.15823182603157	0.0297179405544109
1.95879552552655	0.437985228139192
0.159251072645633	0.0298673857617753
2.75805496536761	0.766752929661107
-0.715034146888943	0.244213254744201
-0.619895187822925	0.150839789138775
0.672009433869294	0.212657302786874
1.95793128711136	0.437766051086387
1.95879552552655	0.437985228139192
1.95793128711136	0.437766051086387
0.159251072645633	0.0298673857617753
2.76095211479574	0.768066673537379
1.95793128711136	0.437766051086387
-1.7975657981284	0.379599665892429
2.75704467106166	0.766025498669684
0.157971563808893	0.0296806747786729
-1.79763019308962	0.379603777700996
-1.7975657981284	0.379599665892429
0.157971563808893	0.0296806747786729
1.95879552552655	0.437985228139192
0.157971563808893	0.0296806747786729
1.95793128711136	0.437766051086387
0.159251072645633	0.0298673857617753
-1.7975657981284	0.379599665892429
2.75805496536761	0.766752929661107
-2.57421277656498	0.657506382974291
1.46265753359042	0.48460907431551
0.159251072645633	0.0298673857617753
0.158989511121608	0.0298299152293259
1.95793128711136	0.437766051086387
1.95879552552655	0.437985228139192
0.158989511121608	0.0298299152293259
0.155282002123357	0.02934225636165
2.75704467106166	0.766025498669684
1.95793128711136	0.437766051086387
1.95879552552655	0.437985228139192
0.956021254579335	0.253830462538477
0.15823182603157	0.0297179405544109
-1.7975657981284	0.379599665892429
1.95793128711136	0.437766051086387
-2.57447078703937	0.657780381714024
-1.79763019308962	0.379603777700996
0.955017933589342	0.253480850166851
0.960305402281055	0.254935680101795
-0.335438661955823	0.0961186879895653
-0.342718944466085	0.0980961923569006
0.955017933589342	0.253480850166851
1.83009713438939	0.715173729277155
0.158989511121608	0.0298299152293259
0.158989511121608	0.0298299152293259
0.158989511121608	0.0298299152293259
0.158989511121608	0.0298299152293259
1.95879552552655	0.437985228139192
-1.7975657981284	0.379599665892429
2.75704467106166	0.766025498669684
-1.79763019308962	0.379603777700996
-0.61946410648704	0.150698865008898
0.158989511121608	0.0298299152293259
-1.79763019308962	0.379603777700996
-1.79763019308962	0.379603777700996
0.154259314455831	0.0291924198815566
0.158989511121608	0.0298299152293259
3.26732978575294	1.1211772426211
1.95793128711136	0.437766051086387
-1.79763019308962	0.379603777700996
-0.620326325745573	0.150885642821786
0.828676365455995	0.348216635594115
1.95879552552655	0.437985228139192
2.75805496536761	0.766752929661107
2.75704467106166	0.766025498669684
2.75805496536761	0.766752929661107
4.18262191893244	2.0059441468171
-1.7975657981284	0.379599665892429
1.95793128711136	0.437766051086387
1.95793128711136	0.437766051086387
2.75704467106166	0.766025498669684
-1.79763019308962	0.379603777700996
0.159251072645633	0.0298673857617753
-0.620473624670499	0.150917804175241
1.95793128711136	0.437766051086387
0.955450516302873	0.253599562429476
0.155282002123357	0.02934225636165
0.159251072645633	0.0298673857617753
0.159251072645633	0.0298673857617753
1.95879552552655	0.437985228139192
-1.7975657981284	0.379599665892429
-2.57447078703937	0.657780381714024
-2.57421277656498	0.657506382974291
-1.79763019308962	0.379603777700996
1.46498308680977	0.485505347800691
0.15823182603157	0.0297179405544109
-1.7975657981284	0.379599665892429
1.95793128711136	0.437766051086387
3.26732978575294	1.1211772426211
-1.12781381973937	0.339579374120096
0.158989511121608	0.0298299152293259
0.16934280349587	0.0427080042196444
0.159251072645633	0.0298673857617753
-1.79763019308962	0.379603777700996
0.159251072645633	0.0298673857617753
-1.12881513859764	0.339906487322227
0.157971563808893	0.0296806747786729
0.956455214607419	0.253949648163622
-0.337924641037297	0.0968088152153293
0.956021254579335	0.253830462538477
0.955450516302873	0.253599562429476
1.96141436018454	0.438711417164155
-3.07793266340176	0.957013587093989
-2.57847696185857	0.659529736545688
0.159251072645633	0.0298673857617753
1.95793128711136	0.437766051086387
-1.7975657981284	0.379599665892429
1.95879552552655	0.437985228139192
-0.620326325745573	0.150885642821786
0.173940988172143	0.0437550114519682
0.955450516302873	0.253599562429476
2.75805496536761	0.766752929661107
-1.7975657981284	0.379599665892429
-1.7975657981284	0.379599665892429
0.956021254579335	0.253830462538477
1.95793128711136	0.437766051086387
0.956021254579335	0.253830462538477
-1.7975657981284	0.379599665892429
1.0418455851348	0.393863567086238
1.45750864016971	0.482642955020513
1.95793128711136	0.437766051086387
-1.79763019308962	0.379603777700996
-1.79763019308962	0.379603777700996
-1.79763019308962	0.379603777700996
0.154259314455831	0.0291924198815566
0.16934280349587	0.0427080042196444
0.15823182603157	0.0297179405544109
-1.13338534815793	0.341498686250824
-0.212700860727539	0.0685566980358174
0.157971563808893	0.0296806747786729
1.95793128711136	0.437766051086387
0.955450516302873	0.253599562429476
2.75704467106166	0.766025498669684
0.159251072645633	0.0298673857617753
-0.620903335937371	0.151058535991718
-0.616620021012413	0.150099962492625
-1.50982433145335	0.535480148233091
-1.12937501458112	0.339964434622374
2.76489171529978	0.769665555456845
-1.79763019308962	0.379603777700996
1.95879552552655	0.437985228139192
1.95793128711136	0.437766051086387
1.96141436018454	0.438711417164155
0.15823182603157	0.0297179405544109
-1.79763019308962	0.379603777700996
0.173378039987466	0.0436162262322836
0.174503749901052	0.0438676710334476
-2.57447078703937	0.657780381714024
-0.620473624670499	0.150917804175241
0.15823182603157	0.0297179405544109
0.159251072645633	0.0298673857617753
-2.57447078703937	0.657780381714024
1.95879552552655	0.437985228139192
-1.80127875869	0.380587746892248
-0.619895187822925	0.150839789138775
-1.79763019308962	0.379603777700996
-1.7975657981284	0.379599665892429
-0.621333103088639	0.151104040920032
0.955450516302873	0.253599562429476
1.46364987732708	0.48479584486453
-0.338896474896558	0.0970421752101679
0.957025852492456	0.254006696314478
0.157971563808893	0.0296806747786729
-2.57447078703937	0.657780381714024
-2.57447078703937	0.657780381714024
-1.7975657981284	0.379599665892429
3.26835783601252	1.12163011968705
0.15823182603157	0.0297179405544109
0.157971563808893	0.0296806747786729
0.956021254579335	0.253830462538477
-1.79763019308962	0.379603777700996
0.157971563808893	0.0296806747786729
-0.348607690542337	0.0997201825095866
0.674624067917918	0.213658555919133
0.957025852492456	0.254006696314478
-1.79763019308962	0.379603777700996
1.95879552552655	0.437985228139192
1.95879552552655	0.437985228139192
-1.12825544522804	0.339732258677114
1.95793128711136	0.437766051086387
0.15823182603157	0.0297179405544109
0.159251072645633	0.0298673857617753
1.95793128711136	0.437766051086387
1.95793128711136	0.437766051086387
0.158989511121608	0.0298299152293259
-1.7975657981284	0.379599665892429
-2.57421277656498	0.657506382974291
-1.12725353624624	0.339405023147411
-1.7975657981284	0.379599665892429
-2.57447078703937	0.657780381714024
0.158989511121608	0.0298299152293259
0.158989511121608	0.0298299152293259
1.95793128711136	0.437766051086387
1.95793128711136	0.437766051086387
1.83009713438939	0.715173729277155
0.956021254579335	0.253830462538477
0.956021254579335	0.253830462538477
1.95879552552655	0.437985228139192
2.75805496536761	0.766752929661107
0.674624067917918	0.213658555919133
-0.620903335937371	0.151058535991718
0.158989511121608	0.0298299152293259
0.950720958067184	0.252420162622268
-3.07707720857862	0.956361112132394
0.162171049505848	0.0303007576998756
1.95793128711136	0.437766051086387
1.95793128711136	0.437766051086387
-3.08247559880565	0.958940682858076
0.174933567082256	0.0439573605408891
0.956455214607419	0.253949648163622
-1.12725353624624	0.339405023147411
0.157971563808893	0.0296806747786729
-1.79763019308962	0.379603777700996
1.95879552552655	0.437985228139192
0.15823182603157	0.0297179405544109
-1.7975657981284	0.379599665892429
-3.07750490916701	0.956880231933195
1.95793128711136	0.437766051086387
1.95879552552655	0.437985228139192
1.95793128711136	0.437766051086387
1.95879552552655	0.437985228139192
3.27232628525746	1.12331698634376
-0.617055950695462	0.150241664375452
1.95793128711136	0.437766051086387
0.159251072645633	0.0298673857617753
-2.57421277656498	0.657506382974291
-1.7975657981284	0.379599665892429
-3.08247559880565	0.958940682858076
-0.620903335937371	0.151058535991718
0.159251072645633	0.0298673857617753
0.173940988172143	0.0437550114519682
-0.71869462645605	0.245625159522256
0.675591354383564	0.213968352567141
-3.45228414088993	1.22181665198441
-0.624623675797245	0.151937920429117
0.15823182603157	0.0297179405544109
-0.620473624670499	0.150917804175241
-1.12725353624624	0.339405023147411
0.955017933589342	0.253480850166851
2.75805496536761	0.766752929661107
-1.12881513859764	0.339906487322227
0.15823182603157	0.0297179405544109
0.176818183184722	0.0443715906559113
-1.79763019308962	0.379603777700996
0.158989511121608	0.0298299152293259
-0.621333103088639	0.151104040920032
0.157971563808893	0.0296806747786729
1.95879552552655	0.437985228139192
2.75704467106166	0.766025498669684
0.15823182603157	0.0297179405544109
0.168774858509076	0.0425819447497206
0.15823182603157	0.0297179405544109
0.956021254579335	0.253830462538477
0.960305402281055	0.254935680101795
0.159251072645633	0.0298673857617753
0.959865181244613	0.254814612498812
1.95879552552655	0.437985228139192
-1.7975657981284	0.379599665892429
-2.57421277656498	0.657506382974291
1.95879552552655	0.437985228139192
-1.80127875869	0.380587746892248
-1.7975657981284	0.379599665892429
0.674264818482823	0.213402910671394
-1.12837428626612	0.339637586745731
0.956021254579335	0.253830462538477
0.157971563808893	0.0296806747786729
0.157971563808893	0.0296806747786729
-0.620903335937371	0.151058535991718
-1.79763019308962	0.379603777700996
0.157971563808893	0.0296806747786729
-1.80127875869	0.380587746892248
-1.7975657981284	0.379599665892429
1.95793128711136	0.437766051086387
0.162171049505848	0.0303007576998756
-0.620903335937371	0.151058535991718
0.147802728209744	0.0501147268752412
0.15823182603157	0.0297179405544109
0.158989511121608	0.0298299152293259
1.95879552552655	0.437985228139192
-1.79763019308962	0.379603777700996
2.76095211479574	0.768066673537379
0.15823182603157	0.0297179405544109
-0.620473624670499	0.150917804175241
1.95879552552655	0.437985228139192
-2.57847696185857	0.659529736545688
-2.57447078703937	0.657780381714024
0.158989511121608	0.0298299152293259
-0.624623675797245	0.151937920429117
1.95879552552655	0.437985228139192
0.158989511121608	0.0298299152293259
0.697606114857369	0.326668533008129
0.674015164989584	0.213380808783075
1.95793128711136	0.437766051086387
-1.7975657981284	0.379599665892429
-0.619895187822925	0.150839789138775
-0.616620021012413	0.150099962492625
0.174933567082256	0.0439573605408891
0.956021254579335	0.253830462538477
0.157971563808893	0.0296806747786729
-1.7975657981284	0.379599665892429
-1.79763019308962	0.379603777700996
1.95793128711136	0.437766051086387
0.15823182603157	0.0297179405544109
-1.7975657981284	0.379599665892429
-1.12769593434811	0.339436368028373
1.95879552552655	0.437985228139192
0.956021254579335	0.253830462538477
-1.7975657981284	0.379599665892429
1.96141436018454	0.438711417164155
-2.57472877667238	0.65760345889815
-0.61946410648704	0.150698865008898
1.95793128711136	0.437766051086387
-2.57421277656498	0.657506382974291
1.95879552552655	0.437985228139192
1.95793128711136	0.437766051086387
-3.45284250285449	1.22194559695964
-2.57421277656498	0.657506382974291
0.158989511121608	0.0298299152293259
-1.7975657981284	0.379599665892429
-2.57847696185857	0.659529736545688
1.96141436018454	0.438711417164155
0.154259314455831	0.0291924198815566
-1.12725353624624	0.339405023147411
1.95879552552655	0.437985228139192
3.64508196443781	1.43367348655271
0.15823182603157	0.0297179405544109
0.158989511121608	0.0298299152293259
0.157971563808893	0.0296806747786729
0.955450516302873	0.253599562429476
1.95793128711136	0.437766051086387
-0.61946410648704	0.150698865008898
0.959294652844364	0.254663957360155
-2.57447078703937	0.657780381714024
0.158989511121608	0.0298299152293259
3.26835783601252	1.12163011968705
-1.7975657981284	0.379599665892429
-1.79763019308962	0.379603777700996
2.76095211479574	0.768066673537379
1.95879552552655	0.437985228139192
0.157971563808893	0.0296806747786729
1.95793128711136	0.437766051086387
-2.57447078703937	0.657780381714024
0.957461191854986	0.254126256439643
1.95793128711136	0.437766051086387
-2.57472877667238	0.65760345889815
1.95879552552655	0.437985228139192
1.95793128711136	0.437766051086387
3.26732978575294	1.1211772426211
0.15823182603157	0.0297179405544109
0.162171049505848	0.0303007576998756
0.158989511121608	0.0298299152293259
0.1677792397568	0.0498341730879395
-1.12492122665638	0.338668219085241
2.7590679263751	0.76692961097815
0.956455214607419	0.253949648163622
1.95793128711136	0.437766051086387
-2.57447078703937	0.657780381714024
-1.79763019308962	0.379603777700996
1.95879552552655	0.437985228139192
-0.625630686390319	0.152156798395567
1.95793128711136	0.437766051086387
0.174933567082256	0.0439573605408891
-1.80127875869	0.380587746892248
1.95793128711136	0.437766051086387
0.955017933589342	0.253480850166851
0.157971563808893	0.0296806747786729
1.96141436018454	0.438711417164155
-2.57447078703937	0.657780381714024
0.154259314455831	0.0291924198815566
-0.621333103088639	0.151104040920032
1.95793128711136	0.437766051086387
-2.57472877667238	0.65760345889815
-0.337559379634888	0.0966770330278957
1.95793128711136	0.437766051086387
0.154259314455831	0.0291924198815566
-1.80127875869	0.380587746892248
-1.12881513859764	0.339906487322227
0.15823182603157	0.0297179405544109
-1.7975657981284	0.379599665892429
0.159251072645633	0.0298673857617753
3.26630303248094	1.12023058934939
-1.80127875869	0.380587746892248
0.157971563808893	0.0296806747786729
-1.79763019308962	0.379603777700996
1.95793128711136	0.437766051086387
0.15823182603157	0.0297179405544109
1.46209127003869	0.484377128190959
0.164122988767051	0.0488286730136595
1.95879552552655	0.437985228139192
-3.07793266340176	0.957013587093989
-1.7975657981284	0.379599665892429
1.95879552552655	0.437985228139192
-0.620903335937371	0.151058535991718
-2.57421277656498	0.657506382974291
1.95793128711136	0.437766051086387
0.175496922320134	0.0440701137079318
0.15823182603157	0.0297179405544109
-0.33507409718716	0.0959919997809414
0.158989511121608	0.0298299152293259
0.676200627845659	0.214099921395796
-2.57421277656498	0.657506382974291
0.158989511121608	0.0298299152293259
-1.79763019308962	0.379603777700996
0.174933567082256	0.0439573605408891
1.95879552552655	0.437985228139192
-0.338896474896558	0.0970421752101679
0.159251072645633	0.0298673857617753
1.95793128711136	0.437766051086387
0.15823182603157	0.0297179405544109
-2.57821111666453	0.659475059970799
2.75805496536761	0.766752929661107
1.95879552552655	0.437985228139192
-1.7975657981284	0.379599665892429
1.95793128711136	0.437766051086387
0.158989511121608	0.0298299152293259
-1.79763019308962	0.379603777700996
-1.7975657981284	0.379599665892429
1.95879552552655	0.437985228139192
0.157971563808893	0.0296806747786729
-0.620326325745573	0.150885642821786
-0.336346534706249	0.0963182114993482
-2.57847696185857	0.659529736545688
0.158202431453599	0.0297753629586498
0.672560905238846	0.212860180111741
-1.79763019308962	0.379603777700996
-0.617491939447093	0.150288713008559
1.95879552552655	0.437985228139192
0.157971563808893	0.0296806747786729
0.162171049505848	0.0303007576998756
0.158989511121608	0.0298299152293259
1.95793128711136	0.437766051086387
1.95793128711136	0.437766051086387
1.95879552552655	0.437985228139192
-0.619895187822925	0.150839789138775
-1.80127875869	0.380587746892248
-2.57447078703937	0.657780381714024
2.75704467106166	0.766025498669684
0.157971563808893	0.0296806747786729
-2.57447078703937	0.657780381714024
0.158989511121608	0.0298299152293259
-1.79763019308962	0.379603777700996
1.95793128711136	0.437766051086387
0.158989511121608	0.0298299152293259
1.95879552552655	0.437985228139192
0.157971563808893	0.0296806747786729
-0.620903335937371	0.151058535991718
0.173940988172143	0.0437550114519682
1.95879552552655	0.437985228139192
0.158989511121608	0.0298299152293259
1.95793128711136	0.437766051086387
2.76197196120423	0.768541369225187
1.04246313957759	0.393996072509476
0.956455214607419	0.253949648163622
-1.12725353624624	0.339405023147411
-2.57447078703937	0.657780381714024
-1.7975657981284	0.379599665892429
0.158989511121608	0.0298299152293259
-1.7975657981284	0.379599665892429
-1.7975657981284	0.379599665892429
-1.79763019308962	0.379603777700996
-1.7975657981284	0.379599665892429
-1.79763019308962	0.379603777700996
0.16190498991222	0.0302625824147867
1.95793128711136	0.437766051086387
-0.61946410648704	0.150698865008898
0.157971563808893	0.0296806747786729
-1.7975657981284	0.379599665892429
0.174503749901052	0.0438676710334476
0.16190498991222	0.0302625824147867
0.17294827606403	0.0435260072159332
-1.79763019308962	0.379603777700996
-1.7975657981284	0.379599665892429
3.26938718630885	1.12163262119223
1.95879552552655	0.437985228139192
-1.79763019308962	0.379603777700996
0.157971563808893	0.0296806747786729
1.95793128711136	0.437766051086387
0.159251072645633	0.0298673857617753
0.157971563808893	0.0296806747786729
-1.80127875869	0.380587746892248
0.159251072645633	0.0298673857617753
0.159251072645633	0.0298673857617753
0.159251072645633	0.0298673857617753
-0.620326325745573	0.150885642821786
-1.79763019308962	0.379603777700996
-1.7975657981284	0.379599665892429
-1.7975657981284	0.379599665892429
3.26835783601252	1.12163011968705
2.75704467106166	0.766025498669684
0.955450516302873	0.253599562429476
0.957461191854986	0.254126256439643
0.158989511121608	0.0298299152293259
0.16190498991222	0.0302625824147867
-0.337559379634888	0.0966770330278957
0.173940988172143	0.0437550114519682
-1.79763019308962	0.379603777700996
0.162171049505848	0.0303007576998756
0.158989511121608	0.0298299152293259
1.95879552552655	0.437985228139192
1.95879552552655	0.437985228139192
0.15823182603157	0.0297179405544109
3.27129205644114	1.12317050813274
3.26835783601252	1.12163011968705
0.15823182603157	0.0297179405544109
0.157971563808893	0.0296806747786729
-3.08203891306948	0.959069086853276
1.95793128711136	0.437766051086387
0.956021254579335	0.253830462538477
0.174503749901052	0.0438676710334476
-1.7975657981284	0.379599665892429
0.155282002123357	0.02934225636165
-0.619895187822925	0.150839789138775
-1.7975657981284	0.379599665892429
1.95793128711136	0.437766051086387
0.157971563808893	0.0296806747786729
-0.620903335937371	0.151058535991718
-1.12881513859764	0.339906487322227
-1.7975657981284	0.379599665892429
-0.620326325745573	0.150885642821786
0.159251072645633	0.0298673857617753
-2.57847696185857	0.659529736545688
-1.79763019308962	0.379603777700996
-1.79763019308962	0.379603777700996
-1.7975657981284	0.379599665892429
-1.7975657981284	0.379599665892429
-0.620326325745573	0.150885642821786
0.16190498991222	0.0302625824147867
1.46308301616168	0.484563679444736
-3.07836047129561	0.956774727997911
0.159251072645633	0.0298673857617753
1.95879552552655	0.437985228139192
0.15823182603157	0.0297179405544109
-1.79763019308962	0.379603777700996
1.95879552552655	0.437985228139192
0.157971563808893	0.0296806747786729
2.75805496536761	0.766752929661107
-1.7975657981284	0.379599665892429
-1.7975657981284	0.379599665892429
0.959865181244613	0.254814612498812
0.154259314455831	0.0291924198815566
2.75704467106166	0.766025498669684
2.75805496536761	0.766752929661107
-0.619895187822925	0.150839789138775
0.17351044503084	0.0436385160120603
1.95879552552655	0.437985228139192
-1.7975657981284	0.379599665892429
-1.79763019308962	0.379603777700996
-1.7975657981284	0.379599665892429
1.95879552552655	0.437985228139192
2.75805496536761	0.766752929661107
-1.79763019308962	0.379603777700996
2.76095211479574	0.768066673537379
0.159251072645633	0.0298673857617753
-1.7975657981284	0.379599665892429
-2.57421277656498	0.657506382974291
0.15823182603157	0.0297179405544109
0.158989511121608	0.0298299152293259
-1.7975657981284	0.379599665892429
-0.619895187822925	0.150839789138775
2.76095211479574	0.768066673537379
-1.7975657981284	0.379599665892429
-1.7975657981284	0.379599665892429
0.159251072645633	0.0298673857617753
0.958855818540361	0.254543321351908
2.75805496536761	0.766752929661107
-2.57472877667238	0.65760345889815
-2.57421277656498	0.657506382974291
-2.57447078703937	0.657780381714024
0.158989511121608	0.0298299152293259
0.955450516302873	0.253599562429476
0.158989511121608	0.0298299152293259
0.15823182603157	0.0297179405544109
0.957461191854986	0.254126256439643
1.95879552552655	0.437985228139192
1.95879552552655	0.437985228139192
0.159251072645633	0.0298673857617753
1.95879552552655	0.437985228139192
-1.13182284417153	0.340904867919198
-0.620903335937371	0.151058535991718
-2.57472877667238	0.65760345889815
-0.619895187822925	0.150839789138775
0.15823182603157	0.0297179405544109
0.15823182603157	0.0297179405544109
0.956455214607419	0.253949648163622
0.950720958067184	0.252420162622268
0.158989511121608	0.0298299152293259
-0.775325937496498	0.337373229164995
-1.50922180218546	0.535188573690381
0.952729371406254	0.252945498225285
-1.79763019308962	0.379603777700996
1.95879552552655	0.437985228139192
1.46498308680977	0.485505347800691
0.158989511121608	0.0298299152293259
1.95879552552655	0.437985228139192
1.95793128711136	0.437766051086387
-1.12881513859764	0.339906487322227
-1.7975657981284	0.379599665892429
-2.57421277656498	0.657506382974291
0.159251072645633	0.0298673857617753
1.95793128711136	0.437766051086387
0.15823182603157	0.0297179405544109
0.533279274552294	0.190972193500466
0.176253051776925	0.0442319878724308
0.157971563808893	0.0296806747786729
0.958855818540361	0.254543321351908
-1.7975657981284	0.379599665892429
-1.7975657981284	0.379599665892429
-0.620326325745573	0.150885642821786
0.15357905718361	0.0520023014569825
-0.620903335937371	0.151058535991718
2.7590679263751	0.76692961097815
0.15823182603157	0.0297179405544109
0.15823182603157	0.0297179405544109
1.96141436018454	0.438711417164155
0.164122988767051	0.0488286730136595
0.534470172870219	0.191495164180491
0.15823182603157	0.0297179405544109
0.956021254579335	0.253830462538477
-0.620473624670499	0.150917804175241
-3.45284250285449	1.22194559695964
0.675232747867266	0.213789953820415
-0.148000056178146	0.0529246723651301
-0.720182828019212	0.246166050990353
-3.07793266340176	0.957013587093989
2.75704467106166	0.766025498669684
-0.620903335937371	0.151058535991718
1.95879552552655	0.437985228139192
-1.81352302981117	0.735065306555984
0.678327026073525	0.214743904761834
0.168393915595915	0.0499912542478598
0.157971563808893	0.0296806747786729
0.18127730244519	0.0453161194650634
1.95793128711136	0.437766051086387
2.11842867036876	0.945672460079198
2.35556378057502	1.17434088403307
1.28392804206414	0.709138384662028
-1.12825544522804	0.339732258677114
3.26835783601252	1.12163011968705
-0.337924641037297	0.0968088152153293
0.670430931165646	0.212216518896251
0.956021254579335	0.253830462538477
1.96141436018454	0.438711417164155
1.95879552552655	0.437985228139192
-1.79763019308962	0.379603777700996
1.95879552552655	0.437985228139192
0.532438411561851	0.190754397880712
-1.13295352450292	0.341266245931736
0.152200918016515	0.0515403734692646
-1.79763019308962	0.379603777700996
1.95879552552655	0.437985228139192
1.95879552552655	0.437985228139192
2.76095211479574	0.768066673537379
0.530762262945688	0.190122868111177
-1.79763019308962	0.379603777700996
-2.57447078703937	0.657780381714024
0.157971563808893	0.0296806747786729
0.173378039987466	0.0436162262322836
2.36013744660075	1.17813630566845
0.152967816569802	0.0456747746330642
1.96141436018454	0.438711417164155
-1.79763019308962	0.379603777700996
0.956455214607419	0.253949648163622
-0.339009514545445	0.0971276143948088
0.174370024960364	0.0438183729016174
-1.12492122665638	0.338668219085241
0.955017933589342	0.253480850166851
-3.45116795416625	1.22074097588692
-1.4873973794761	0.750418818433531
0.15823182603157	0.0297179405544109
-1.79763019308962	0.379603777700996
-0.403964674174063	0.168634183219593
-1.48995591501932	0.752588622442683
-0.619895187822925	0.150839789138775
-0.220012614431353	0.0708340703939625
1.04577073722875	0.395582052714565
2.76489171529978	0.769665555456845
0.176818183184722	0.0443715906559113
2.75805496536761	0.766752929661107
0.959865181244613	0.254814612498812
2.75704467106166	0.766025498669684
1.95879552552655	0.437985228139192
-1.79763019308962	0.379603777700996
1.95793128711136	0.437766051086387
1.95879552552655	0.437985228139192
0.15823182603157	0.0297179405544109
-1.79763019308962	0.379603777700996
-0.338530582329419	0.0969729638077002
-1.13182284417153	0.340904867919198
-1.79763019308962	0.379603777700996
0.16190498991222	0.0302625824147867
0.15823182603157	0.0297179405544109
2.7590679263751	0.76692961097815
0.165353233252732	0.0491580922731075
-0.629952122229771	0.153143156080765
0.955017933589342	0.253480850166851
0.15823182603157	0.0297179405544109
-1.79763019308962	0.379603777700996
-0.619895187822925	0.150839789138775
1.95879552552655	0.437985228139192
-0.721067114947851	0.246487833064577
2.76095211479574	0.768066673537379
0.15823182603157	0.0297179405544109
0.958855818540361	0.254543321351908
1.95879552552655	0.437985228139192
4.18494111548266	2.00576510433264
-0.335438661955823	0.0961186879895653
1.95793128711136	0.437766051086387
-1.79763019308962	0.379603777700996
0.676200627845659	0.214099921395796
0.955017933589342	0.253480850166851
-1.5094475769206	0.535248673690833
0.958855818540361	0.254543321351908
-1.02194301820446	0.403479228390162
-0.334465167213362	0.0958562903993202
3.6399901361893	1.43067029650081
-0.61946410648704	0.150698865008898
0.157971563808893	0.0296806747786729
0.162171049505848	0.0303007576998756
-3.07793266340176	0.957013587093989
-0.620473624670499	0.150917804175241
1.95879552552655	0.437985228139192
3.26835783601252	1.12163011968705
1.96141436018454	0.438711417164155
-1.79763019308962	0.379603777700996
0.96272254042429	0.255477208819605
0.957461191854986	0.254126256439643
0.17738312662749	0.0444846964186047
-1.7975657981284	0.379599665892429
0.157971563808893	0.0296806747786729
-1.7975657981284	0.379599665892429
1.46398903776532	0.484992681122713
0.178378460373537	0.04470234426639
1.95793128711136	0.437766051086387
1.45750864016971	0.482642955020513
-1.79763019308962	0.379603777700996
2.75805496536761	0.766752929661107
0.162076211336348	0.0482055172019256
0.158989511121608	0.0298299152293259
-0.619895187822925	0.150839789138775
0.957025852492456	0.254006696314478
-0.143369385646991	0.0513198071619975
-1.13238809108681	0.341172314702962
-2.57472877667238	0.65760345889815
-1.7975657981284	0.379599665892429
0.675232747867266	0.213789953820415
1.04027476729854	0.392570446871812
0.958855818540361	0.254543321351908
0.157971563808893	0.0296806747786729
1.95879552552655	0.437985228139192
0.163853552605343	0.0487595972376143
1.33065013736382	0.580048564914345
1.46265753359042	0.48460907431551
-1.50982433145335	0.535480148233091
-1.50982433145335	0.535480148233091
-0.338896474896558	0.0970421752101679
3.26732978575294	1.1211772426211
-1.51396898226758	0.537314617740072
1.96141436018454	0.438711417164155
0.157971563808893	0.0296806747786729
1.95793128711136	0.437766051086387
-1.7975657981284	0.379599665892429
0.157971563808893	0.0296806747786729
-1.02730920175823	0.406112820022134
1.04360842637382	0.394608583742794
-2.57472877667238	0.65760345889815
0.177247192199527	0.0444492499698682
-0.621333103088639	0.151104040920032
-2.57847696185857	0.659529736545688
0.15823182603157	0.0297179405544109
-0.344042706429557	0.0984794926451442
-3.75288411079685	1.47718399320021
1.95879552552655	0.437985228139192
-2.57447078703937	0.657780381714024
-1.7975657981284	0.379599665892429
1.95879552552655	0.437985228139192
0.172643132163515	0.0434132410698589
-1.79763019308962	0.379603777700996
-1.80127875869	0.380587746892248
0.15823182603157	0.0297179405544109
-0.620326325745573	0.150885642821786
3.27129205644114	1.12317050813274
3.6399901361893	1.43067029650081
0.159251072645633	0.0298673857617753
-1.7975657981284	0.379599665892429
0.678074042401891	0.214702481365457
0.172385921068679	0.0433875285709768
-2.57421277656498	0.657506382974291
1.95879552552655	0.437985228139192
3.27025913837768	1.12233669524588
1.04360842637382	0.394608583742794
-1.79763019308962	0.379603777700996
-0.616620021012413	0.150099962492625
-0.334830546749113	0.0959542136262779
-1.50922180218546	0.535188573690381
0.160181680996089	0.0476913583633166
-0.216657809109618	0.0697687117469907
1.95879552552655	0.437985228139192
2.75805496536761	0.766752929661107
0.15823182603157	0.0297179405544109
-1.7975657981284	0.379599665892429
0.154259314455831	0.0291924198815566
-1.12669343566207	0.339109154533815
1.95879552552655	0.437985228139192
1.95879552552655	0.437985228139192
-1.7975657981284	0.379599665892429
-1.80127875869	0.380587746892248
1.95879552552655	0.437985228139192
0.157971563808893	0.0296806747786729
2.36180968699894	1.17953323514936
-0.625191995446008	0.152059991852936
-2.57447078703937	0.657780381714024
2.75805496536761	0.766752929661107
0.159251072645633	0.0298673857617753
1.95879552552655	0.437985228139192
0.159251072645633	0.0298673857617753
1.95879552552655	0.437985228139192
0.956455214607419	0.253949648163622
-1.79763019308962	0.379603777700996
2.75805496536761	0.766752929661107
-1.79763019308962	0.379603777700996
1.95879552552655	0.437985228139192
-1.7975657981284	0.379599665892429
-2.57421277656498	0.657506382974291
-2.57447078703937	0.657780381714024
-1.79763019308962	0.379603777700996
1.95793128711136	0.437766051086387
3.26732978575294	1.1211772426211
-1.7975657981284	0.379599665892429
1.95793128711136	0.437766051086387
-3.07793266340176	0.957013587093989
-2.57447078703937	0.657780381714024
-0.338291342092883	0.0968475173314605
-0.621333103088639	0.151104040920032
-2.57421277656498	0.657506382974291
-0.61946410648704	0.150698865008898
-2.57447078703937	0.657780381714024
0.950720958067184	0.252420162622268
-0.620903335937371	0.151058535991718
2.75704467106166	0.766025498669684
1.95793128711136	0.437766051086387
-1.12892473218138	0.339990619204617
-0.617055950695462	0.150241664375452
-1.7975657981284	0.379599665892429
-3.07793266340176	0.957013587093989
2.75704467106166	0.766025498669684
0.951724523631597	0.252769110062367
-1.7975657981284	0.379599665892429
-1.80127875869	0.380587746892248
-1.7975657981284	0.379599665892429
-2.57421277656498	0.657506382974291
-2.57472877667238	0.65760345889815
2.75704467106166	0.766025498669684
-0.619895187822925	0.150839789138775
-1.51555315465799	0.537846515026164
-0.621333103088639	0.151104040920032
-3.07750490916701	0.956880231933195
0.157971563808893	0.0296806747786729
0.157971563808893	0.0296806747786729
-1.79763019308962	0.379603777700996
-1.79763019308962	0.379603777700996
1.95793128711136	0.437766051086387
-0.518644858635781	0.195729988241304
-1.79763019308962	0.379603777700996
-1.13338534815793	0.341498686250824
-1.12937501458112	0.339964434622374
-1.7975657981284	0.379599665892429
-1.79763019308962	0.379603777700996
0.159251072645633	0.0298673857617753
0.15823182603157	0.0297179405544109
0.15823182603157	0.0297179405544109
1.95793128711136	0.437766051086387
-1.79763019308962	0.379603777700996
-1.81230096904141	0.73434889647897
0.15823182603157	0.0297179405544109
1.96141436018454	0.438711417164155
-1.7975657981284	0.379599665892429
1.95879552552655	0.437985228139192
0.157971563808893	0.0296806747786729
-1.79763019308962	0.379603777700996
0.955017933589342	0.253480850166851
-1.7975657981284	0.379599665892429
-1.7975657981284	0.379599665892429
0.959294652844364	0.254663957360155
-0.624623675797245	0.151937920429117
2.75805496536761	0.766752929661107
1.95793128711136	0.437766051086387
-0.619895187822925	0.150839789138775
-0.619895187822925	0.150839789138775
1.95879552552655	0.437985228139192
0.16190498991222	0.0302625824147867
2.75805496536761	0.766752929661107
-1.7975657981284	0.379599665892429
-0.335438661955823	0.0961186879895653
-1.7975657981284	0.379599665892429
1.95879552552655	0.437985228139192
0.159251072645633	0.0298673857617753
0.674624067917918	0.213658555919133
-0.620326325745573	0.150885642821786
-1.79763019308962	0.379603777700996
0.955017933589342	0.253480850166851
0.158989511121608	0.0298299152293259
-2.57847696185857	0.659529736545688
-1.80127875869	0.380587746892248
0.159251072645633	0.0298673857617753
3.26732978575294	1.1211772426211
1.95793128711136	0.437766051086387
1.95879552552655	0.437985228139192
0.155282002123357	0.02934225636165
-1.79763019308962	0.379603777700996
0.15823182603157	0.0297179405544109
-1.7975657981284	0.379599665892429
1.95793128711136	0.437766051086387
0.159251072645633	0.0298673857617753
0.15823182603157	0.0297179405544109
1.95879552552655	0.437985228139192
1.95793128711136	0.437766051086387
-0.62133920787282	0.151240698635141
1.96141436018454	0.438711417164155
0.155282002123357	0.02934225636165
1.95793128711136	0.437766051086387
-2.57447078703937	0.657780381714024
1.96141436018454	0.438711417164155
-0.620326325745573	0.150885642821786
-1.7975657981284	0.379599665892429
-2.57447078703937	0.657780381714024
-1.7975657981284	0.379599665892429
1.95793128711136	0.437766051086387
0.157971563808893	0.0296806747786729
0.15823182603157	0.0297179405544109
-1.79763019308962	0.379603777700996
-1.79763019308962	0.379603777700996
0.159251072645633	0.0298673857617753
0.158989511121608	0.0298299152293259
0.956021254579335	0.253830462538477
1.95793128711136	0.437766051086387
2.75805496536761	0.766752929661107
-1.12781381973937	0.339579374120096
0.173940988172143	0.0437550114519682
-0.620903335937371	0.151058535991718
0.157971563808893	0.0296806747786729
-1.79763019308962	0.379603777700996
-2.57447078703937	0.657780381714024
0.168774858509076	0.0425819447497206
0.157971563808893	0.0296806747786729
2.76197196120423	0.768541369225187
1.95879552552655	0.437985228139192
-1.7975657981284	0.379599665892429
1.95879552552655	0.437985228139192
-2.57447078703937	0.657780381714024
0.956455214607419	0.253949648163622
-2.57421277656498	0.657506382974291
-1.79763019308962	0.379603777700996
1.46010735547628	0.483457516052687
1.95879552552655	0.437985228139192
-0.724996456084797	0.247901521017459
-1.7975657981284	0.379599665892429
0.159251072645633	0.0298673857617753
-0.616620021012413	0.150099962492625
-1.80127875869	0.380587746892248
0.157971563808893	0.0296806747786729
-1.79763019308962	0.379603777700996
0.955017933589342	0.253480850166851
-1.79763019308962	0.379603777700996
0.158202431453599	0.0297753629586498
-1.79763019308962	0.379603777700996
2.75805496536761	0.766752929661107
-1.79763019308962	0.379603777700996
0.173940988172143	0.0437550114519682
0.15823182603157	0.0297179405544109
0.158989511121608	0.0298299152293259
0.154259314455831	0.0291924198815566
-1.7975657981284	0.379599665892429
-1.79763019308962	0.379603777700996
-0.619895187822925	0.150839789138775
0.159251072645633	0.0298673857617753
-1.7975657981284	0.379599665892429
0.15823182603157	0.0297179405544109
0.157971563808893	0.0296806747786729
-0.61946410648704	0.150698865008898
0.154259314455831	0.0291924198815566
0.173378039987466	0.0436162262322836
-1.7975657981284	0.379599665892429
2.75805496536761	0.766752929661107
1.95879552552655	0.437985228139192
-1.7975657981284	0.379599665892429
0.159251072645633	0.0298673857617753
2.7590679263751	0.76692961097815
-1.12669343566207	0.339109154533815
0.157971563808893	0.0296806747786729
2.7590679263751	0.76692961097815
-1.79763019308962	0.379603777700996
0.16190498991222	0.0302625824147867
-0.620903335937371	0.151058535991718
-0.621333103088639	0.151104040920032
0.157971563808893	0.0296806747786729
0.957461191854986	0.254126256439643
0.157971563808893	0.0296806747786729
0.674015164989584	0.213380808783075
0.158989511121608	0.0298299152293259
-3.08203891306948	0.959069086853276
-1.80127875869	0.380587746892248
0.959865181244613	0.254814612498812
-2.57421277656498	0.657506382974291
1.95793128711136	0.437766051086387
1.95879552552655	0.437985228139192
1.95793128711136	0.437766051086387
-1.12949217626836	0.340258306499887
-1.79763019308962	0.379603777700996
0.172385921068679	0.0433875285709768
-2.57447078703937	0.657780381714024
-2.57447078703937	0.657780381714024
-1.79763019308962	0.379603777700996
-2.57447078703937	0.657780381714024
0.956021254579335	0.253830462538477
-3.07793266340176	0.957013587093989
-3.07793266340176	0.957013587093989
-2.57421277656498	0.657506382974291
-1.80127875869	0.380587746892248
-1.7975657981284	0.379599665892429
0.157971563808893	0.0296806747786729
1.95793128711136	0.437766051086387
-1.79763019308962	0.379603777700996
-3.75718934185265	1.48017499214909
-0.339136742629042	0.0971078731889835
0.159251072645633	0.0298673857617753
-2.57447078703937	0.657780381714024
-0.61946410648704	0.150698865008898
0.157971563808893	0.0296806747786729
0.159251072645633	0.0298673857617753
0.958855818540361	0.254543321351908
-1.79763019308962	0.379603777700996
-1.79763019308962	0.379603777700996
0.15823182603157	0.0297179405544109
0.15823182603157	0.0297179405544109
0.158989511121608	0.0298299152293259
0.957025852492456	0.254006696314478
0.956021254579335	0.253830462538477
0.16190498991222	0.0302625824147867
0.956455214607419	0.253949648163622
2.75805496536761	0.766752929661107
-1.7975657981284	0.379599665892429
-1.7975657981284	0.379599665892429
0.164122988767051	0.0488286730136595
0.956021254579335	0.253830462538477
-2.57472877667238	0.65760345889815
2.76197196120423	0.768541369225187
-2.57447078703937	0.657780381714024
-0.624623675797245	0.151937920429117
0.955450516302873	0.253599562429476
1.95793128711136	0.437766051086387
0.157971563808893	0.0296806747786729
0.155282002123357	0.02934225636165
2.7590679263751	0.76692961097815
0.15823182603157	0.0297179405544109
-2.57472877667238	0.65760345889815
3.26630303248094	1.12023058934939
0.956455214607419	0.253949648163622
-0.720182828019212	0.246166050990353
-2.57447078703937	0.657780381714024
0.17294827606403	0.0435260072159332
-1.7975657981284	0.379599665892429
-2.57447078703937	0.657780381714024
0.956021254579335	0.253830462538477
0.162171049505848	0.0303007576998756
0.157971563808893	0.0296806747786729
1.95879552552655	0.437985228139192
-2.57821111666453	0.659475059970799
-1.79763019308962	0.379603777700996
-0.620903335937371	0.151058535991718
1.45652080007828	0.482281887456809
-0.336346534706249	0.0963182114993482
0.955017933589342	0.253480850166851
-2.57472877667238	0.65760345889815
1.96141436018454	0.438711417164155
1.95793128711136	0.437766051086387
-1.79763019308962	0.379603777700996
-1.7975657981284	0.379599665892429
-2.57421277656498	0.657506382974291
-1.12837428626612	0.339637586745731
0.154259314455831	0.0291924198815566
-1.7975657981284	0.379599665892429
-1.79763019308962	0.379603777700996
-2.57421277656498	0.657506382974291
-1.12825544522804	0.339732258677114
0.158989511121608	0.0298299152293259
-1.7975657981284	0.379599665892429
-1.7975657981284	0.379599665892429
-0.61946410648704	0.150698865008898
1.95793128711136	0.437766051086387
-2.57421277656498	0.657506382974291
0.157971563808893	0.0296806747786729
-1.79763019308962	0.379603777700996
1.95879552552655	0.437985228139192
-0.336952847519868	0.096512855057735
0.173940988172143	0.0437550114519682
0.162338925211519	0.0482955049730846
0.157971563808893	0.0296806747786729
-1.80127875869	0.380587746892248
-0.616620021012413	0.150099962492625
-2.57447078703937	0.657780381714024
-1.80127875869	0.380587746892248
-1.7975657981284	0.379599665892429
-1.79763019308962	0.379603777700996
-1.7975657981284	0.379599665892429
-1.79763019308962	0.379603777700996
1.96141436018454	0.438711417164155
-0.620903335937371	0.151058535991718
1.46166504880046	0.484245680586438
0.158989511121608	0.0298299152293259
-1.12781381973937	0.339579374120096
1.4613936654743	0.484011457273747
0.674015164989584	0.213380808783075
-1.79763019308962	0.379603777700996
0.155282002123357	0.02934225636165
-0.625630686390319	0.152156798395567
-1.7975657981284	0.379599665892429
-1.79763019308962	0.379603777700996
1.95879552552655	0.437985228139192
1.95879552552655	0.437985228139192
0.677716162542668	0.214611870267994
1.95879552552655	0.437985228139192
-1.79763019308962	0.379603777700996
1.95879552552655	0.437985228139192
1.95793128711136	0.437766051086387
-1.79763019308962	0.379603777700996
0.162171049505848	0.0303007576998756
0.674015164989584	0.213380808783075
0.159251072645633	0.0298673857617753
-1.7975657981284	0.379599665892429
1.96141436018454	0.438711417164155
1.95793128711136	0.437766051086387
2.75805496536761	0.766752929661107
1.95793128711136	0.437766051086387
0.957461191854986	0.254126256439643
0.158989511121608	0.0298299152293259
1.4655515469736	0.485738470948645
0.158989511121608	0.0298299152293259
-0.621333103088639	0.151104040920032
-0.222030960133161	0.0715035129856116
-0.516748730928915	0.194980159188936
-0.625630686390319	0.152156798395567
0.16323818852145	0.0485873708307168
-1.7975657981284	0.379599665892429
-1.79763019308962	0.379603777700996
-1.12837428626612	0.339637586745731
-0.620903335937371	0.151058535991718
0.176818183184722	0.0443715906559113
-0.620903335937371	0.151058535991718
0.157971563808893	0.0296806747786729
1.95879552552655	0.437985228139192
0.158989511121608	0.0298299152293259
1.96141436018454	0.438711417164155
-1.79763019308962	0.379603777700996
1.95879552552655	0.437985228139192
0.956021254579335	0.253830462538477
1.46308301616168	0.484563679444736
3.26732978575294	1.1211772426211
0.959865181244613	0.254814612498812
0.159251072645633	0.0298673857617753
3.27025913837768	1.12233669524588
-2.57472877667238	0.65760345889815
-2.57472877667238	0.65760345889815
-1.79763019308962	0.379603777700996
0.157971563808893	0.0296806747786729
-0.619895187822925	0.150839789138775
1.04752875622395	0.396218430849903
-2.57447078703937	0.657780381714024
1.95793128711136	0.437766051086387
-0.621333103088639	0.151104040920032
0.158989511121608	0.0298299152293259
-0.619895187822925	0.150839789138775
-0.620903335937371	0.151058535991718
-0.621333103088639	0.151104040920032
0.955450516302873	0.253599562429476
-2.57421277656498	0.657506382974291
0.173940988172143	0.0437550114519682
-0.621333103088639	0.151104040920032
-0.620473624670499	0.150917804175241
-2.57472877667238	0.65760345889815
1.95879552552655	0.437985228139192
0.957025852492456	0.254006696314478
1.95879552552655	0.437985228139192
0.675591354383564	0.213968352567141
0.15823182603157	0.0297179405544109
2.75704467106166	0.766025498669684
-2.57447078703937	0.657780381714024
-1.7975657981284	0.379599665892429
0.958855818540361	0.254543321351908
-1.50884424560785	0.535043767502043
-0.620903335937371	0.151058535991718
-0.528250870128209	0.199803042210157
-2.57447078703937	0.657780381714024
-0.217250602812229	0.0699944779749174
-0.620326325745573	0.150885642821786
2.75805496536761	0.766752929661107
0.956455214607419	0.253949648163622
-0.3395018260887	0.0972061822975938
2.75805496536761	0.766752929661107
0.956455214607419	0.253949648163622
-0.342463785834028	0.0980578484034576
0.950720958067184	0.252420162622268
0.15823182603157	0.0297179405544109
-2.57447078703937	0.657780381714024
-1.50884424560785	0.535043767502043
0.158989511121608	0.0298299152293259
1.95879552552655	0.437985228139192
1.95793128711136	0.437766051086387
2.12482393991542	0.949177318529429
0.159251072645633	0.0298673857617753
-1.13005980836986	0.340353048236203
0.173940988172143	0.0437550114519682
-1.13338534815793	0.341498686250824
-1.7975657981284	0.379599665892429
-1.51042707521765	0.53568486067596
0.15823182603157	0.0297179405544109
0.530762262945688	0.190122868111177
0.535902929212832	0.192030732305526
1.45849632487227	0.482828278090187
1.95879552552655	0.437985228139192
3.6399901361893	1.43067029650081
-0.620326325745573	0.150885642821786
1.95879552552655	0.437985228139192
-0.619895187822925	0.150839789138775
-0.620473624670499	0.150917804175241
-1.7975657981284	0.379599665892429
-2.57421277656498	0.657506382974291
0.963167670198133	0.255599708567411
0.675591354383564	0.213968352567141
0.172385921068679	0.0433875285709768
-1.12725353624624	0.339405023147411
-3.45228414088993	1.22181665198441
3.27025913837768	1.12233669524588
2.75805496536761	0.766752929661107
1.96141436018454	0.438711417164155
0.159251072645633	0.0298673857617753
0.172385921068679	0.0433875285709768
0.157971563808893	0.0296806747786729
0.157971563808893	0.0296806747786729
-2.57447078703937	0.657780381714024
-1.79763019308962	0.379603777700996
0.157971563808893	0.0296806747786729
2.75704467106166	0.766025498669684
0.173940988172143	0.0437550114519682
0.159251072645633	0.0298673857617753
0.158202431453599	0.0297753629586498
2.76095211479574	0.768066673537379
0.180709566490231	0.0452024551059557
3.26732978575294	1.1211772426211
1.95879552552655	0.437985228139192
1.46498308680977	0.485505347800691
0.157971563808893	0.0296806747786729
1.95879552552655	0.437985228139192
1.95793128711136	0.437766051086387
-2.57447078703937	0.657780381714024
1.95793128711136	0.437766051086387
-1.79763019308962	0.379603777700996
-1.7975657981284	0.379599665892429
-0.61946410648704	0.150698865008898
1.95879552552655	0.437985228139192
-0.620473624670499	0.150917804175241
0.15823182603157	0.0297179405544109
1.95793128711136	0.437766051086387
-2.57472877667238	0.65760345889815
1.96141436018454	0.438711417164155
0.158989511121608	0.0298299152293259
0.957461191854986	0.254126256439643
0.956021254579335	0.253830462538477
0.956455214607419	0.253949648163622
-1.79763019308962	0.379603777700996
-0.620903335937371	0.151058535991718
-1.7975657981284	0.379599665892429
0.159251072645633	0.0298673857617753
0.17294827606403	0.0435260072159332
-0.625630686390319	0.152156798395567
0.174933567082256	0.0439573605408891
-0.597665296721406	0.28605549825664
0.15823182603157	0.0297179405544109
1.95793128711136	0.437766051086387
0.158989511121608	0.0298299152293259
-1.7975657981284	0.379599665892429
-1.7975657981284	0.379599665892429
1.95793128711136	0.437766051086387
0.159251072645633	0.0298673857617753
1.95793128711136	0.437766051086387
-2.57472877667238	0.65760345889815
-0.617491939447093	0.150288713008559
-0.514942080348705	0.194323588932325
0.534117853643867	0.191343177429969
3.27129205644114	1.12317050813274
1.96141436018454	0.438711417164155
0.162338925211519	0.0482955049730846
0.158989511121608	0.0298299152293259
-1.12769593434811	0.339436368028373
1.95879552552655	0.437985228139192
1.95879552552655	0.437985228139192
-1.79763019308962	0.379603777700996
0.674624067917918	0.213658555919133
0.16190498991222	0.0302625824147867
0.173940988172143	0.0437550114519682
2.75704467106166	0.766025498669684
-1.12825544522804	0.339732258677114
-1.79763019308962	0.379603777700996
-0.624623675797245	0.151937920429117
1.95879552552655	0.437985228139192
-1.80127875869	0.380587746892248
-1.12669343566207	0.339109154533815
0.959865181244613	0.254814612498812
1.95879552552655	0.437985228139192
-2.57421277656498	0.657506382974291
-2.57421277656498	0.657506382974291
0.158989511121608	0.0298299152293259
2.75704467106166	0.766025498669684
1.95879552552655	0.437985228139192
2.75704467106166	0.766025498669684
0.15823182603157	0.0297179405544109
2.75805496536761	0.766752929661107
0.158989511121608	0.0298299152293259
0.955017933589342	0.253480850166851
-1.79763019308962	0.379603777700996
-1.80127875869	0.380587746892248
-1.7975657981284	0.379599665892429
0.956455214607419	0.253949648163622
0.956455214607419	0.253949648163622
1.95879552552655	0.437985228139192
0.957025852492456	0.254006696314478
3.26732978575294	1.1211772426211
-3.45228414088993	1.22181665198441
2.75805496536761	0.766752929661107
-0.330743055504182	0.0948165849361726
-1.50861948725752	0.534748868530857
-0.617055950695462	0.150241664375452
0.174933567082256	0.0439573605408891
1.95879552552655	0.437985228139192
-1.12881513859764	0.339906487322227
1.95879552552655	0.437985228139192
0.157971563808893	0.0296806747786729
-1.7975657981284	0.379599665892429
-1.79763019308962	0.379603777700996
-1.13182284417153	0.340904867919198
0.158989511121608	0.0298299152293259
-1.7975657981284	0.379599665892429
-1.79763019308962	0.379603777700996
-1.79763019308962	0.379603777700996
0.15823182603157	0.0297179405544109
-0.620903335937371	0.151058535991718
-0.334465167213362	0.0958562903993202
0.158989511121608	0.0298299152293259
0.954564259091026	0.253482299647149
0.955017933589342	0.253480850166851
-0.620903335937371	0.151058535991718
0.159251072645633	0.0298673857617753
0.956455214607419	0.253949648163622
0.956021254579335	0.253830462538477
-1.79763019308962	0.379603777700996
0.176818183184722	0.0443715906559113
0.148318174858808	0.0568438697441966
0.174370024960364	0.0438183729016174
0.164738242561747	0.0490009495728858
0.15823182603157	0.0297179405544109
0.163853552605343	0.0487595972376143
1.95879552552655	0.437985228139192
-1.12825544522804	0.339732258677114
0.16190498991222	0.0302625824147867
-1.79763019308962	0.379603777700996
-3.07707720857862	0.956361112132394
-1.79763019308962	0.379603777700996
-1.79763019308962	0.379603777700996
0.159251072645633	0.0298673857617753
-1.50824112923963	0.534752090600511
-0.338530582329419	0.0969729638077002
0.158989511121608	0.0298299152293259
0.163853552605343	0.0487595972376143
0.174933567082256	0.0439573605408891
0.173378039987466	0.0436162262322836
0.159251072645633	0.0298673857617753
-0.620903335937371	0.151058535991718
3.26732978575294	1.1211772426211
0.158989511121608	0.0298299152293259
1.95793128711136	0.437766051086387
1.95793128711136	0.437766051086387
1.95793128711136	0.437766051086387
-3.45228414088993	1.22181665198441
-3.75348509589231	1.47731393970503
0.15823182603157	0.0297179405544109
-3.45172595803352	1.22146685013561
0.533279274552294	0.190972193500466
-2.57447078703937	0.657780381714024
-1.12781381973937	0.339579374120096
0.818422599411602	0.343294101023506
1.0418455851348	0.393863567086238
-0.21725219958623	0.0699489287533772
1.46166504880046	0.484245680586438
-3.45116795416625	1.22074097588692
-3.07793266340176	0.957013587093989
-1.7975657981284	0.379599665892429
0.159251072645633	0.0298673857617753
0.15823182603157	0.0297179405544109
0.157971563808893	0.0296806747786729
1.95793128711136	0.437766051086387
1.46109938210879	0.484014060767982
0.159251072645633	0.0298673857617753
0.164145173866849	0.0415246332756727
1.96141436018454	0.438711417164155
-2.57447078703937	0.657780381714024
-2.57472877667238	0.65760345889815
0.158989511121608	0.0298299152293259
-1.79763019308962	0.379603777700996
-0.624623675797245	0.151937920429117
-4.00304350153307	1.7266868827702
-0.625191995446008	0.152059991852936
0.960305402281055	0.254935680101795
-2.57421277656498	0.657506382974291
0.15823182603157	0.0297179405544109
0.956021254579335	0.253830462538477
0.164122988767051	0.0488286730136595
3.27025913837768	1.12233669524588
-1.12825544522804	0.339732258677114
0.678685727410979	0.214982042405379
0.165622192143609	0.0492275837346074
-1.79763019308962	0.379603777700996
1.46166504880046	0.484245680586438
-3.75288411079685	1.47718399320021
-0.216409245079586	0.0696890647462961
-3.4565767152091	1.22430361707387
0.15823182603157	0.0297179405544109
-0.621333103088639	0.151104040920032
0.956021254579335	0.253830462538477
0.15823182603157	0.0297179405544109
-1.7975657981284	0.379599665892429
1.96141436018454	0.438711417164155
-0.620326325745573	0.150885642821786
0.154259314455831	0.0291924198815566
-1.79763019308962	0.379603777700996
0.172385921068679	0.0433875285709768
-2.57472877667238	0.65760345889815
0.673048421642057	0.212994504688281
0.15823182603157	0.0297179405544109
-1.79763019308962	0.379603777700996
-2.57472877667238	0.65760345889815
0.15823182603157	0.0297179405544109
0.174503749901052	0.0438676710334476
-1.79763019308962	0.379603777700996
0.157971563808893	0.0296806747786729
0.956021254579335	0.253830462538477
1.95793128711136	0.437766051086387
0.159251072645633	0.0298673857617753
0.154259314455831	0.0291924198815566
0.15823182603157	0.0297179405544109
-1.80127875869	0.380587746892248
-1.79763019308962	0.379603777700996
0.159251072645633	0.0298673857617753
0.955450516302873	0.253599562429476
-2.57472877667238	0.65760345889815
0.157971563808893	0.0296806747786729
0.822832332666427	0.345345001072504
0.164738242561747	0.0490009495728858
2.75704467106166	0.766025498669684
-0.619895187822925	0.150839789138775
1.3329197605053	0.581616348611346
1.45553280775885	0.48172823735576
-1.7975657981284	0.379599665892429
0.1732138890056	0.0435401196761172
-2.57447078703937	0.657780381714024
-1.79763019308962	0.379603777700996
0.157971563808893	0.0296806747786729
-1.50824112923963	0.534752090600511
-1.79763019308962	0.379603777700996
-1.80127875869	0.380587746892248
-1.79763019308962	0.379603777700996
-0.620326325745573	0.150885642821786
-0.617055950695462	0.150241664375452
-0.620903335937371	0.151058535991718
0.155282002123357	0.02934225636165
-1.12881513859764	0.339906487322227
0.159251072645633	0.0298673857617753
-0.621784192774111	0.151338791569665
0.164738242561747	0.0490009495728858
0.157971563808893	0.0296806747786729
0.158989511121608	0.0298299152293259
-1.79763019308962	0.379603777700996
1.95879552552655	0.437985228139192
2.7590679263751	0.76692961097815
0.955450516302873	0.253599562429476
1.95879552552655	0.437985228139192
0.16190498991222	0.0302625824147867
1.46067242606004	0.483688692701864
-1.81413444396294	0.735290551794613
0.956455214607419	0.253949648163622
-0.620903335937371	0.151058535991718
-0.72168083257444	0.246646753261226
-0.337924641037297	0.0968088152153293
-3.07750490916701	0.956880231933195
0.675591354383564	0.213968352567141
3.64204563210395	1.43174087144813
-0.621333103088639	0.151104040920032
-1.7975657981284	0.379599665892429
-1.7975657981284	0.379599665892429
-3.07750490916701	0.956880231933195
1.46498308680977	0.485505347800691
0.674624067917918	0.213658555919133
-0.620903335937371	0.151058535991718
1.95793128711136	0.437766051086387
-0.61946410648704	0.150698865008898
-0.621333103088639	0.151104040920032
1.95793128711136	0.437766051086387
-2.57472877667238	0.65760345889815
1.95879552552655	0.437985228139192
1.95879552552655	0.437985228139192
1.04603323538674	0.395528149844171
0.959294652844364	0.254663957360155
0.956021254579335	0.253830462538477
-1.7975657981284	0.379599665892429
-2.57472877667238	0.65760345889815
1.95879552552655	0.437985228139192
1.95879552552655	0.437985228139192
-1.79763019308962	0.379603777700996
0.155282002123357	0.02934225636165
-0.620903335937371	0.151058535991718
1.96141436018454	0.438711417164155
-1.7975657981284	0.379599665892429
-0.61946410648704	0.150698865008898
1.83162438273742	0.716000775412828
3.64307322645936	1.43171095761068
0.164122988767051	0.0488286730136595
1.95879552552655	0.437985228139192
-0.621333103088639	0.151104040920032
2.76095211479574	0.768066673537379
0.176818183184722	0.0443715906559113
0.159251072645633	0.0298673857617753
-0.624623675797245	0.151937920429117
-0.620903335937371	0.151058535991718
0.157971563808893	0.0296806747786729
2.75805496536761	0.766752929661107
-2.57421277656498	0.657506382974291
1.95879552552655	0.437985228139192
0.173940988172143	0.0437550114519682
0.955017933589342	0.253480850166851
0.675109449967238	0.21369241449263
-1.7975657981284	0.379599665892429
-0.339136742629042	0.0971078731889835
-1.79763019308962	0.379603777700996
-0.620903335937371	0.151058535991718
3.26835783601252	1.12163011968705
1.95879552552655	0.437985228139192
2.7590679263751	0.76692961097815
1.95793128711136	0.437766051086387
0.956455214607419	0.253949648163622
0.955017933589342	0.253480850166851
0.956455214607419	0.253949648163622
0.168047617405793	0.0498928161895134
-0.62133920787282	0.151240698635141
1.95879552552655	0.437985228139192
-1.7975657981284	0.379599665892429
-3.08203891306948	0.959069086853276
0.670081697347895	0.212111377241056
1.0418455851348	0.393863567086238
0.15823182603157	0.0297179405544109
-0.342718944466085	0.0980961923569006
3.26630303248094	1.12023058934939
-0.720199314130701	0.246072307343885
0.163853552605343	0.0487595972376143
0.15823182603157	0.0297179405544109
-0.337924641037297	0.0968088152153293
0.173378039987466	0.0436162262322836
-1.80127875869	0.380587746892248
-1.79763019308962	0.379603777700996
0.956021254579335	0.253830462538477
0.958855818540361	0.254543321351908
-1.50884424560785	0.535043767502043
-1.7975657981284	0.379599665892429
0.158989511121608	0.0298299152293259
3.26630303248094	1.12023058934939
0.951724523631597	0.252769110062367
-2.57472877667238	0.65760345889815
-1.7975657981284	0.379599665892429
1.95793128711136	0.437766051086387
1.95793128711136	0.437766051086387
1.95793128711136	0.437766051086387
2.75805496536761	0.766752929661107
-3.46203039962393	1.22659715101116
0.677716162542668	0.214611870267994
-0.334830546749113	0.0959542136262779
0.526808022811829	0.188639363777938
-1.7975657981284	0.379599665892429
-1.7975657981284	0.379599665892429
0.15823182603157	0.0297179405544109
0.956021254579335	0.253830462538477
-1.7975657981284	0.379599665892429
-3.07793266340176	0.957013587093989
0.959294652844364	0.254663957360155
1.0418455851348	0.393863567086238
0.159251072645633	0.0298673857617753
0.955450516302873	0.253599562429476
1.95879552552655	0.437985228139192
0.956455214607419	0.253949648163622
1.46789226342383	0.486336319771629
0.173378039987466	0.0436162262322836
0.162171049505848	0.0303007576998756
-1.79763019308962	0.379603777700996
0.173378039987466	0.0436162262322836
0.159251072645633	0.0298673857617753
0.158989511121608	0.0298299152293259
-0.624183598429151	0.151840837481169
-0.720812943512764	0.246218814324999
1.95879552552655	0.437985228139192
-1.50922180218546	0.535188573690381
-3.45284250285449	1.22194559695964
0.158989511121608	0.0298299152293259
1.46109938210879	0.484014060767982
0.17294827606403	0.0435260072159332
0.955450516302873	0.253599562429476
1.95879552552655	0.437985228139192
-0.215815148052618	0.0695090074287807
0.675591354383564	0.213968352567141
0.531004542224133	0.190160354232034
-1.7975657981284	0.379599665892429
1.95879552552655	0.437985228139192
-1.12781381973937	0.339579374120096
-1.50922180218546	0.535188573690381
0.159251072645633	0.0298673857617753
0.16323818852145	0.0485873708307168
0.955450516302873	0.253599562429476
-1.12781381973937	0.339579374120096
-0.620473624670499	0.150917804175241
1.82755032422624	0.713907775987463
0.166549099291362	0.0494747307612768
3.26630303248094	1.12023058934939
-1.51042707521765	0.53568486067596
-0.620903335937371	0.151058535991718
1.95879552552655	0.437985228139192
-2.57447078703937	0.657780381714024
-1.7975657981284	0.379599665892429
0.157971563808893	0.0296806747786729
-0.338530582329419	0.0969729638077002
-2.57447078703937	0.657780381714024
-2.57447078703937	0.657780381714024
0.159251072645633	0.0298673857617753
0.956021254579335	0.253830462538477
0.157971563808893	0.0296806747786729
-0.620473624670499	0.150917804175241
0.172385921068679	0.0433875285709768
0.956021254579335	0.253830462538477
0.15823182603157	0.0297179405544109
0.158989511121608	0.0298299152293259
0.155282002123357	0.02934225636165
1.95879552552655	0.437985228139192
1.95879552552655	0.437985228139192
1.95879552552655	0.437985228139192
0.157971563808893	0.0296806747786729
1.0433448222306	0.394400438672122
-1.50922180218546	0.535188573690381
-0.388894864966052	0.161759502133941
0.679297187320958	0.21511425797511
2.11869185323705	0.945764565994132
-1.7975657981284	0.379599665892429
1.95879552552655	0.437985228139192
3.26732978575294	1.1211772426211
0.153016180557848	0.051821004050093
0.671394166412374	0.212454198010421
-2.06681042991569	0.936913767186365
0.159251072645633	0.0298673857617753
-0.218096087384631	0.0701860099861319
1.95793128711136	0.437766051086387
1.83009713438939	0.715173729277155
2.75805496536761	0.766752929661107
-0.715646834778114	0.244453295526364
-0.337559379634888	0.0966770330278957
-1.7975657981284	0.379599665892429
0.174933567082256	0.0439573605408891
1.96141436018454	0.438711417164155
1.95879552552655	0.437985228139192
-1.12937501458112	0.339964434622374
0.956455214607419	0.253949648163622
2.75805496536761	0.766752929661107
0.174370024960364	0.0438183729016174
0.155282002123357	0.02934225636165
-1.79763019308962	0.379603777700996
-1.79763019308962	0.379603777700996
1.95879552552655	0.437985228139192
0.956021254579335	0.253830462538477
0.956021254579335	0.253830462538477
0.15823182603157	0.0297179405544109
-1.12725353624624	0.339405023147411
-1.7975657981284	0.379599665892429
1.95879552552655	0.437985228139192
1.96141436018454	0.438711417164155
1.95793128711136	0.437766051086387
0.681360884161079	0.215539561640228
-0.148149251429327	0.052900894093501
0.177812920485068	0.0445891130396879
0.956021254579335	0.253830462538477
-1.27432863983107	0.572348730210502
0.445985854243847	0.178925932999787
-0.299471021638452	0.137307152580702
0.16190498991222	0.0302625824147867
-1.7975657981284	0.379599665892429
1.95793128711136	0.437766051086387
-2.58224585205989	0.661106815487816
-1.79763019308962	0.379603777700996
0.174933567082256	0.0439573605408891
-1.08920025570737	0.744263475794166
0.674624067917918	0.213658555919133
0.153830475350601	0.0520893555087474
0.448524252970948	0.179929065158735
0.169762747888229	0.0427831084845497
0.162954029252909	0.0484564307378685
0.16934280349587	0.0427080042196444
0.17294827606403	0.0435260072159332
0.950720958067184	0.252420162622268
-2.57421277656498	0.657506382974291
0.957025852492456	0.254006696314478
-3.07707720857862	0.956361112132394
1.95793128711136	0.437766051086387
0.174503749901052	0.0438676710334476
0.675948496687313	0.213928974911644
-0.620903335937371	0.151058535991718
0.174370024960364	0.0438183729016174
2.75805496536761	0.766752929661107
0.157971563808893	0.0296806747786729
0.956021254579335	0.253830462538477
0.157971563808893	0.0296806747786729
-2.57447078703937	0.657780381714024
0.159251072645633	0.0298673857617753
0.959294652844364	0.254663957360155
1.95879552552655	0.437985228139192
0.155282002123357	0.02934225636165
-1.79763019308962	0.379603777700996
-2.57472877667238	0.65760345889815
3.27232628525746	1.12331698634376
0.157971563808893	0.0296806747786729
-1.79763019308962	0.379603777700996
1.95793128711136	0.437766051086387
0.957461191854986	0.254126256439643
0.151787472514646	0.0514129164609266
1.95793128711136	0.437766051086387
0.171653101789031	0.0431973221484952
0.154259314455831	0.0291924198815566
0.156300364869312	0.0598675951194335
2.76197196120423	0.768541369225187
-0.711087963718442	0.24267095162066
-0.619895187822925	0.150839789138775
-1.12725353624624	0.339405023147411
-1.12825544522804	0.339732258677114
0.157971563808893	0.0296806747786729
0.159251072645633	0.0298673857617753
-0.625630686390319	0.152156798395567
0.956455214607419	0.253949648163622
1.33124526814043	0.580684485642859
-3.07707720857862	0.956361112132394
0.168354166613062	0.0424807140134561
1.04360842637382	0.394608583742794
-1.51457762983225	0.537411268536323
-0.617055950695462	0.150241664375452
-2.57447078703937	0.657780381714024
0.956455214607419	0.253949648163622
0.157971563808893	0.0296806747786729
0.952729371406254	0.252945498225285
-3.45172595803352	1.22146685013561
-0.624623675797245	0.151937920429117
-1.79763019308962	0.379603777700996
3.27025913837768	1.12233669524588
2.75704467106166	0.766025498669684
0.15823182603157	0.0297179405544109
0.174503749901052	0.0438676710334476
0.158989511121608	0.0298299152293259
-0.61946410648704	0.150698865008898
0.16190498991222	0.0302625824147867
-1.7975657981284	0.379599665892429
1.95793128711136	0.437766051086387
0.955450516302873	0.253599562429476
1.96141436018454	0.438711417164155
0.158989511121608	0.0298299152293259
0.157971563808893	0.0296806747786729
-1.7975657981284	0.379599665892429
-2.57472877667238	0.65760345889815
1.96141436018454	0.438711417164155
-1.79763019308962	0.379603777700996
0.157971563808893	0.0296806747786729
1.95879552552655	0.437985228139192
-1.7975657981284	0.379599665892429
1.95793128711136	0.437766051086387
1.96141436018454	0.438711417164155
1.95793128711136	0.437766051086387
1.95793128711136	0.437766051086387
0.347553735600555	0.194824044755188
0.153492350244565	0.0744789500596576
0.168393915595915	0.0499912542478598
1.83633740824933	0.718096082890721
0.950720958067184	0.252420162622268
-0.617055950695462	0.150241664375452
-3.07750490916701	0.956880231933195
1.95879552552655	0.437985228139192
-0.218680421673263	0.0704354728372775
-0.0954294918567521	0.0378870358269543
-0.71869462645605	0.245625159522256
0.174503749901052	0.0438676710334476
0.151873414100974	0.0581755081573951
0.532196819047093	0.190683131950839
0.162968126753743	0.0485024678975847
-0.334830546749113	0.0959542136262779
0.159042375477486	0.0473891494040675
-0.214379875099978	0.069039813976162
1.83126911611682	0.715624907230154
0.159732816031163	0.0694047643085695
-0.38365605986381	0.15933341201776
-0.640468945879974	0.378305685905217
0.15467977779599	0.0592620304168656
-0.625630686390319	0.152156798395567
0.955017933589342	0.253480850166851
-1.12937501458112	0.339964434622374
-1.7975657981284	0.379599665892429
-1.79763019308962	0.379603777700996
1.95793128711136	0.437766051086387
0.159251072645633	0.0298673857617753
1.95793128711136	0.437766051086387
3.27025913837768	1.12233669524588
0.158989511121608	0.0298299152293259
4.38572865870634	2.27686865818088
-0.620903335937371	0.151058535991718
-1.7975657981284	0.379599665892429
-1.7975657981284	0.379599665892429
2.75704467106166	0.766025498669684
0.157971563808893	0.0296806747786729
1.95793128711136	0.437766051086387
0.15823182603157	0.0297179405544109
-0.619895187822925	0.150839789138775
0.956021254579335	0.253830462538477
1.95879552552655	0.437985228139192
0.16190498991222	0.0302625824147867
2.7590679263751	0.76692961097815
1.95879552552655	0.437985228139192
-3.07750490916701	0.956880231933195
-0.620326325745573	0.150885642821786
0.159251072645633	0.0298673857617753
1.95793128711136	0.437766051086387
0.15823182603157	0.0297179405544109
0.173940988172143	0.0437550114519682
1.46010735547628	0.483457516052687
-0.621333103088639	0.151104040920032
-1.79763019308962	0.379603777700996
1.95793128711136	0.437766051086387
0.15823182603157	0.0297179405544109
1.67121135524065	1.58521842321788
0.145944608335059	0.0559782345891112
-0.14575574418188	0.0521067853554539
-0.216657809109618	0.0697687117469907
0.164738242561747	0.0490009495728858
1.5724348757785	0.779685464655591
-0.621333103088639	0.151104040920032
1.95879552552655	0.437985228139192
-1.12937501458112	0.339964434622374
0.168662278675518	0.0500652630774407
0.956455214607419	0.253949648163622
0.158989511121608	0.0298299152293259
-0.529425291778197	0.20023758461862
-0.216657809109618	0.0697687117469907
-1.50922180218546	0.535188573690381
-1.27376859523398	0.572115256020773
0.154392805413983	0.0522705690038812
-0.219770163804213	0.0707569013941891
-0.344653401104561	0.0986243796684527
0.825822744600111	0.346704236374962
-1.50922180218546	0.535188573690381
-1.67477937542259	0.946015245150081
-1.83336057865994	1.15494989474672
-0.400584458545445	0.167094841498618
3.64101793434512	1.43134239135362
-3.45770349111026	1.22440023898504
2.76095211479574	0.768066673537379
-0.3395018260887	0.0972061822975938
1.95879552552655	0.437985228139192
0.17294827606403	0.0435260072159332
-0.337559379634888	0.0966770330278957
-0.144419938894036	0.0516441997824019
0.955017933589342	0.253480850166851
1.96141436018454	0.438711417164155
0.960305402281055	0.254935680101795
0.678074042401891	0.214702481365457
-0.620473624670499	0.150917804175241
-1.7975657981284	0.379599665892429
0.159251072645633	0.0298673857617753
1.83065515075678	0.71528955791634
0.17294827606403	0.0435260072159332
-0.620903335937371	0.151058535991718
0.959294652844364	0.254663957360155
1.95879552552655	0.437985228139192
1.96141436018454	0.438711417164155
0.157971563808893	0.0296806747786729
0.162171049505848	0.0303007576998756
-1.50982433145335	0.535480148233091
0.158989511121608	0.0298299152293259
-1.7975657981284	0.379599665892429
-2.57472877667238	0.65760345889815
1.95879552552655	0.437985228139192
3.26835783601252	1.12163011968705
-1.79763019308962	0.379603777700996
3.26835783601252	1.12163011968705
-0.620326325745573	0.150885642821786
0.166279076961167	0.0494077549790747
0.15823182603157	0.0297179405544109
3.26630303248094	1.12023058934939
-1.51024784902404	0.535717552327617
1.33184695246066	0.580735815343295
0.149422101710692	0.0506397395463473
-0.621333103088639	0.151104040920032
0.149173995582458	0.0505642485186703
0.148679578849909	0.0570173922369955
1.95879552552655	0.437985228139192
0.157971563808893	0.0296806747786729
1.96141436018454	0.438711417164155
1.95879552552655	0.437985228139192
-0.621333103088639	0.151104040920032
0.955450516302873	0.253599562429476
0.159251072645633	0.0298673857617753
0.173940988172143	0.0437550114519682
0.957025852492456	0.254006696314478
0.158989511121608	0.0298299152293259
-1.50861948725752	0.534748868530857
0.162352652580513	0.0483303505238246
-1.7975657981284	0.379599665892429
-3.08160228540496	0.95864568534502
0.692532404089303	0.323793911411476
3.26938718630885	1.12163262119223
0.532438411561851	0.190754397880712
-1.79763019308962	0.379603777700996
3.63896224062815	1.42951913528691
-1.79763019308962	0.379603777700996
0.159251072645633	0.0298673857617753
1.95879552552655	0.437985228139192
0.956455214607419	0.253949648163622
-0.617491939447093	0.150288713008559
0.164738242561747	0.0490009495728858
0.956455214607419	0.253949648163622
0.158989511121608	0.0298299152293259
0.177812920485068	0.0445891130396879
0.955017933589342	0.253480850166851
-1.12825544522804	0.339732258677114
2.75704467106166	0.766025498669684
0.154259314455831	0.0291924198815566
-3.07836047129561	0.956774727997911
-1.79763019308962	0.379603777700996
-1.80127875869	0.380587746892248
-0.620903335937371	0.151058535991718
-1.7975657981284	0.379599665892429
0.159251072645633	0.0298673857617753
-0.336952847519868	0.096512855057735
-1.12725353624624	0.339405023147411
3.64101793434512	1.43134239135362
-0.617055950695462	0.150241664375452
-0.621333103088639	0.151104040920032
3.26835783601252	1.12163011968705
3.64405193165419	1.43312407887711
0.679042954927262	0.214964314584285
1.3374657462467	0.583961413896269
1.95793128711136	0.437766051086387
2.76095211479574	0.768066673537379
-2.57447078703937	0.657780381714024
-2.57472877667238	0.65760345889815
-0.624183598429151	0.151840837481169
1.95879552552655	0.437985228139192
0.15823182603157	0.0297179405544109
1.95879552552655	0.437985228139192
0.18127730244519	0.0453161194650634
0.154259314455831	0.0291924198815566
0.526808022811829	0.188639363777938
1.0418455851348	0.393863567086238
3.6399901361893	1.43067029650081
-0.523336979122945	0.197729833142044
-0.221200715743042	0.0712222587266738
-1.7975657981284	0.379599665892429
-3.45172595803352	1.22146685013561
-0.723225679429377	0.247243051260999
1.78010750791143	0.991734139484939
0.159251072645633	0.0298673857617753
-1.51396898226758	0.537314617740072
-2.076562498299	0.94388365051003
0.162171049505848	0.0303007576998756
2.76197196120423	0.768541369225187
-0.338530582329419	0.0969729638077002
-2.57421277656498	0.657506382974291
0.17738312662749	0.0444846964186047
0.534117853643867	0.191343177429969
-0.338530582329419	0.0969729638077002
1.96141436018454	0.438711417164155
1.46398903776532	0.484992681122713
2.76197196120423	0.768541369225187
0.157971563808893	0.0296806747786729
0.676558588301015	0.214207370803977
-1.79763019308962	0.379603777700996
0.669467631715225	0.211908752948447
-1.81323178459194	0.734779878382509
-2.57472877667238	0.65760345889815
0.528236092469745	0.189119596677675
1.46209127003869	0.484377128190959
-0.336952847519868	0.096512855057735
-3.45172595803352	1.22146685013561
-1.7975657981284	0.379599665892429
0.17294827606403	0.0435260072159332
0.67498185747701	0.213690207850534
-2.57472877667238	0.65760345889815
0.174933567082256	0.0439573605408891
1.46109938210879	0.484014060767982
1.95793128711136	0.437766051086387
-3.07750490916701	0.956880231933195
-2.57421277656498	0.657506382974291
2.7590679263751	0.76692961097815
1.95879552552655	0.437985228139192
3.26630303248094	1.12023058934939
1.95879552552655	0.437985228139192
2.75704467106166	0.766025498669684
0.959865181244613	0.254814612498812
0.158989511121608	0.0298299152293259
-1.12725353624624	0.339405023147411
0.174503749901052	0.0438676710334476
-0.395904040590257	0.164946089819945
-1.27264921265823	0.571489965817473
-0.977786883347887	0.483006958308648
-0.620326325745573	0.150885642821786
0.678685727410979	0.214982042405379
-0.140607226248752	0.0503348682136809
2.75805496536761	0.766752929661107
-1.12669343566207	0.339109154533815
0.67498185747701	0.213690207850534
0.158989511121608	0.0298299152293259
-2.57447078703937	0.657780381714024
0.159251072645633	0.0298673857617753
1.95879552552655	0.437985228139192
0.158989511121608	0.0298299152293259
-2.57472877667238	0.65760345889815
-2.57472877667238	0.65760345889815
1.95879552552655	0.437985228139192
1.06446193612115	0.513329476941823
2.75704467106166	0.766025498669684
1.95879552552655	0.437985228139192
1.46265753359042	0.48460907431551
-2.57847696185857	0.659529736545688
0.955017933589342	0.253480850166851
0.957025852492456	0.254006696314478
-0.344653401104561	0.0986243796684527
0.951724523631597	0.252769110062367
-2.57847696185857	0.659529736545688
-0.620903335937371	0.151058535991718
0.174933567082256	0.0439573605408891
-0.338896474896558	0.0970421752101679
2.75704467106166	0.766025498669684
-1.79763019308962	0.379603777700996
-0.620473624670499	0.150917804175241
1.45652080007828	0.482281887456809
2.75805496536761	0.766752929661107
-1.7975657981284	0.379599665892429
1.95879552552655	0.437985228139192
0.153519510388545	0.0519633960584783
0.174503749901052	0.0438676710334476
1.95879552552655	0.437985228139192
0.15823182603157	0.0297179405544109
1.95793128711136	0.437766051086387
-2.57447078703937	0.657780381714024
0.158989511121608	0.0298299152293259
-0.617055950695462	0.150241664375452
1.95793128711136	0.437766051086387
-0.625630686390319	0.152156798395567
-0.619895187822925	0.150839789138775
-0.617055950695462	0.150241664375452
0.450961924488652	0.181018370719246
-0.095690968409202	0.0379452809309574
1.96141436018454	0.438711417164155
-0.625191995446008	0.152059991852936
-1.80127875869	0.380587746892248
-1.79763019308962	0.379603777700996
-0.620473624670499	0.150917804175241
0.158989511121608	0.0298299152293259
0.15823182603157	0.0297179405544109
-2.07121964727456	0.940607959344417
-0.348607690542337	0.0997201825095866
1.95793128711136	0.437766051086387
-0.945340415001779	0.580000134557246
0.17294827606403	0.0435260072159332
1.04246313957759	0.393996072509476
-0.517567096912483	0.195373080592303
0.675591354383564	0.213968352567141
-0.620903335937371	0.151058535991718
0.674624067917918	0.213658555919133
1.95793128711136	0.437766051086387
0.158989511121608	0.0298299152293259
-1.12837428626612	0.339637586745731
0.827624029735347	0.347817645508971
0.955017933589342	0.253480850166851
-0.61946410648704	0.150698865008898
0.159251072645633	0.0298673857617753
0.956021254579335	0.253830462538477
1.95879552552655	0.437985228139192
0.159251072645633	0.0298673857617753
3.26630303248094	1.12023058934939
-0.620473624670499	0.150917804175241
0.16190498991222	0.0302625824147867
2.75805496536761	0.766752929661107
0.958855818540361	0.254543321351908
-0.619895187822925	0.150839789138775
0.16323818852145	0.0485873708307168
-1.12881513859764	0.339906487322227
-0.215815148052618	0.0695090074287807
0.155282002123357	0.02934225636165
-4.21494314684171	1.9699175614075
-0.619895187822925	0.150839789138775
0.174933567082256	0.0439573605408891
-1.7975657981284	0.379599665892429
1.46166504880046	0.484245680586438
-0.619895187822925	0.150839789138775
2.75704467106166	0.766025498669684
1.95793128711136	0.437766051086387
0.15823182603157	0.0297179405544109
2.7590679263751	0.76692961097815
-2.57472877667238	0.65760345889815
1.95793128711136	0.437766051086387
-2.57447078703937	0.657780381714024
-1.79763019308962	0.379603777700996
0.173378039987466	0.0436162262322836
-0.620473624670499	0.150917804175241
0.956455214607419	0.253949648163622
-0.625191995446008	0.152059991852936
1.96141436018454	0.438711417164155
0.157971563808893	0.0296806747786729
-1.12769593434811	0.339436368028373
0.176253051776925	0.0442319878724308
-0.337559379634888	0.0966770330278957
2.76095211479574	0.768066673537379
1.95793128711136	0.437766051086387
-1.79763019308962	0.379603777700996
-2.57447078703937	0.657780381714024
1.46455689811314	0.485225385720349
0.15823182603157	0.0297179405544109
-2.57447078703937	0.657780381714024
0.15357905718361	0.0520023014569825
0.448524252970948	0.179929065158735
-0.780385468908894	0.424224041950805
-2.06562856799678	0.936659279965039
3.6399901361893	1.43067029650081
0.955017933589342	0.253480850166851
-1.81291187157146	0.734751884578751
3.6399901361893	1.43067029650081
0.823888102049168	0.345906037374267
-3.4565767152091	1.22430361707387
0.955450516302873	0.253599562429476
0.676639067838878	0.214128030995098
-0.619895187822925	0.150839789138775
1.95793128711136	0.437766051086387
-3.45284250285449	1.22194559695964
2.11478246647681	0.943069771338769
2.75704467106166	0.766025498669684
0.670081697347895	0.212111377241056
1.95793128711136	0.437766051086387
1.95879552552655	0.437985228139192
0.956021254579335	0.253830462538477
0.157971563808893	0.0296806747786729
1.96141436018454	0.438711417164155
0.162171049505848	0.0303007576998756
-0.620473624670499	0.150917804175241
-1.80127875869	0.380587746892248
-1.79763019308962	0.379603777700996
-3.07793266340176	0.957013587093989
0.159251072645633	0.0298673857617753
-0.621333103088639	0.151104040920032
-1.7975657981284	0.379599665892429
-2.57447078703937	0.657780381714024
-0.61946410648704	0.150698865008898
0.159251072645633	0.0298673857617753
-0.620326325745573	0.150885642821786
0.174503749901052	0.0438676710334476
2.76095211479574	0.768066673537379
-1.7975657981284	0.379599665892429
0.158989511121608	0.0298299152293259
-1.12937501458112	0.339964434622374
-1.80127875869	0.380587746892248
-1.7975657981284	0.379599665892429
2.7590679263751	0.76692961097815
0.959865181244613	0.254814612498812
-1.12825544522804	0.339732258677114
0.15823182603157	0.0297179405544109
-0.624623675797245	0.151937920429117
-1.13338534815793	0.341498686250824
-1.12825544522804	0.339732258677114
-0.522472487971899	0.197429550059794
0.818422599411602	0.343294101023506
1.57698010039245	0.782710522844369
1.82755032422624	0.713907775987463
1.95879552552655	0.437985228139192
-1.80127875869	0.380587746892248
-1.79763019308962	0.379603777700996
-1.79763019308962	0.379603777700996
0.15823182603157	0.0297179405544109
-3.45116795416625	1.22074097588692
0.15823182603157	0.0297179405544109
1.46010735547628	0.483457516052687
0.824133571632166	0.345861953066953
1.95793128711136	0.437766051086387
-1.51457762983225	0.537411268536323
1.95793128711136	0.437766051086387
1.04272737841263	0.394268038065867
1.04246313957759	0.393996072509476
0.157971563808893	0.0296806747786729
-0.211266830124093	0.0680954468365414
0.157971563808893	0.0296806747786729
3.6399901361893	1.43067029650081
1.95879552552655	0.437985228139192
1.95879552552655	0.437985228139192
0.159251072645633	0.0298673857617753
-1.79763019308962	0.379603777700996
-0.617055950695462	0.150241664375452
0.15823182603157	0.0297179405544109
0.15823182603157	0.0297179405544109
3.26732978575294	1.1211772426211
0.959294652844364	0.254663957360155
1.95793128711136	0.437766051086387
-1.79763019308962	0.379603777700996
-1.7975657981284	0.379599665892429
0.173378039987466	0.0436162262322836
0.169762747888229	0.0427831084845497
0.958855818540361	0.254543321351908
0.956455214607419	0.253949648163622
0.15823182603157	0.0297179405544109
2.76095211479574	0.768066673537379
-0.621333103088639	0.151104040920032
-2.57472877667238	0.65760345889815
-1.79763019308962	0.379603777700996
1.33351744615377	0.581727707383388
0.16566376423511	0.049220972992664
-1.79763019308962	0.379603777700996
3.27129205644114	1.12317050813274
0.173940988172143	0.0437550114519682
-2.57447078703937	0.657780381714024
-0.338530582329419	0.0969729638077002
3.26732978575294	1.1211772426211
0.159251072645633	0.0298673857617753
0.157971563808893	0.0296806747786729
2.75805496536761	0.766752929661107
0.956455214607419	0.253949648163622
0.175540861165604	0.0440256361951589
1.83223894779093	0.716336716062103
3.26732978575294	1.1211772426211
0.683383169319648	0.216338964908015
-0.518386429636852	0.195700313035901
0.532196819047093	0.190683131950839
0.448246823419833	0.17979017346935
2.75805496536761	0.766752929661107
0.158989511121608	0.0298299152293259
2.7590679263751	0.76692961097815
1.95879552552655	0.437985228139192
0.958855818540361	0.254543321351908
-1.12435877083653	0.338493350823416
1.95793128711136	0.437766051086387
2.75704467106166	0.766025498669684
1.33124526814043	0.580684485642859
0.158989511121608	0.0298299152293259
-3.45601360105774	1.22364277502153
-1.12825544522804	0.339732258677114
0.16323818852145	0.0485873708307168
-1.50884424560785	0.535043767502043
0.157971563808893	0.0296806747786729
-0.620903335937371	0.151058535991718
-0.619895187822925	0.150839789138775
-0.337924641037297	0.0968088152153293
0.158989511121608	0.0298299152293259
3.27025913837768	1.12233669524588
1.95793128711136	0.437766051086387
-1.80127875869	0.380587746892248
1.96141436018454	0.438711417164155
0.15823182603157	0.0297179405544109
3.27129205644114	1.12317050813274
1.96141436018454	0.438711417164155
0.15823182603157	0.0297179405544109
0.164738242561747	0.0490009495728858
0.174933567082256	0.0439573605408891
1.95879552552655	0.437985228139192
1.95793128711136	0.437766051086387
0.155282002123357	0.02934225636165
0.957025852492456	0.254006696314478
0.162171049505848	0.0303007576998756
-2.57447078703937	0.657780381714024
-2.57447078703937	0.657780381714024
-1.7975657981284	0.379599665892429
-1.79763019308962	0.379603777700996
0.16190498991222	0.0302625824147867
-2.57472877667238	0.65760345889815
-0.33816613121491	0.0968120886418528
0.15823182603157	0.0297179405544109
3.26938718630885	1.12163262119223
2.75805496536761	0.766752929661107
0.16190498991222	0.0302625824147867
1.95793128711136	0.437766051086387
2.75704467106166	0.766025498669684
-3.07836047129561	0.956774727997911
1.95879552552655	0.437985228139192
0.17294827606403	0.0435260072159332
0.952729371406254	0.252945498225285
-1.7975657981284	0.379599665892429
1.95879552552655	0.437985228139192
2.76197196120423	0.768541369225187
-0.151247302673267	0.0540525343616811
0.69334050166972	0.324281436252243
-0.212452220411149	0.0684629276040467
-0.780295241266989	0.596167966359089
3.26732978575294	1.1211772426211
0.527404119121822	0.188820766466342
0.956455214607419	0.253949648163622
0.174933567082256	0.0439573605408891
-0.339136742629042	0.0971078731889835
1.32647053157539	0.57789155337535
-0.213293977179729	0.0687362131681472
0.161695182389064	0.0702130693217051
-1.02168632234953	0.403201742865738
-0.729821384507876	0.249664211260654
-1.02477806380377	0.404828995968834
-0.624183598429151	0.151840837481169
-0.212452220411149	0.0684629276040467
0.162171049505848	0.0303007576998756
-0.384447885680163	0.159759774680261
0.674624067917918	0.213658555919133
0.165353233252732	0.0491580922731075
-0.619895187822925	0.150839789138775
2.7590679263751	0.76692961097815
3.26835783601252	1.12163011968705
0.960305402281055	0.254935680101795
-0.620473624670499	0.150917804175241
-3.07836047129561	0.956774727997911
0.173378039987466	0.0436162262322836
-1.79763019308962	0.379603777700996
3.26732978575294	1.1211772426211
2.7590679263751	0.76692961097815
-3.07793266340176	0.957013587093989
0.164738242561747	0.0490009495728858
-1.12825544522804	0.339732258677114
0.955017933589342	0.253480850166851
0.158989511121608	0.0298299152293259
-0.620903335937371	0.151058535991718
-2.57421277656498	0.657506382974291
-3.45228414088993	1.22181665198441
0.674624067917918	0.213658555919133
0.157971563808893	0.0296806747786729
-1.79763019308962	0.379603777700996
-2.57447078703937	0.657780381714024
2.75704467106166	0.766025498669684
-0.620903335937371	0.151058535991718
-1.7975657981284	0.379599665892429
-1.7975657981284	0.379599665892429
-1.7975657981284	0.379599665892429
0.174933567082256	0.0439573605408891
1.46010735547628	0.483457516052687
1.95879552552655	0.437985228139192
1.95879552552655	0.437985228139192
0.15823182603157	0.0297179405544109
0.157971563808893	0.0296806747786729
1.95793128711136	0.437766051086387
0.162171049505848	0.0303007576998756
0.15823182603157	0.0297179405544109
-2.57421277656498	0.657506382974291
1.56858772607625	0.777105657890968
1.79183019036247	1.0015681362093
-1.66977405471177	0.941653997896714
0.452044435979438	0.181489264363155
-0.481733888885624	0.25269254955755
1.57100453370132	0.778846529150965
-0.302333923982234	0.138875128958208
-0.147093652274001	0.0525528129665041
0.173378039987466	0.0436162262322836
1.33268267273416	0.581267457492734
-0.620903335937371	0.151058535991718
3.26630303248094	1.12023058934939
0.173940988172143	0.0437550114519682
-1.12781381973937	0.339579374120096
-0.518689367219814	0.195747002748462
-1.4627535887134	1.01730135474184
-0.621333103088639	0.151104040920032
3.93918547569538	1.72417568202982
0.157568112712888	0.0533067915180714
-0.339979595307007	0.0973896500376519
-3.07750490916701	0.956880231933195
-3.07793266340176	0.957013587093989
0.166894126545373	0.0495801423286346
-0.624623675797245	0.151937920429117
-2.57421277656498	0.657506382974291
-1.50922180218546	0.535188573690381
0.678685727410979	0.214982042405379
0.173940988172143	0.0437550114519682
1.46455689811314	0.485225385720349
0.159251072645633	0.0298673857617753
0.159251072645633	0.0298673857617753
-1.79763019308962	0.379603777700996
-1.80127875869	0.380587746892248
0.957461191854986	0.254126256439643
0.176818183184722	0.0443715906559113
-0.620473624670499	0.150917804175241
-3.46089363260511	1.22607174819433
0.164468653517054	0.0489167663284228
-0.620473624670499	0.150917804175241
0.158989511121608	0.0298299152293259
-0.629952122229771	0.153143156080765
-1.13395018438652	0.341592389781504
-1.79763019308962	0.379603777700996
-0.144946030904406	0.0518319984756812
0.157971563808893	0.0296806747786729
1.95879552552655	0.437985228139192
3.26835783601252	1.12163011968705
1.95793128711136	0.437766051086387
-1.7975657981284	0.379599665892429
0.175496922320134	0.0440701137079318
0.15823182603157	0.0297179405544109
0.158989511121608	0.0298299152293259
0.157971563808893	0.0296806747786729
0.15823182603157	0.0297179405544109
-1.12725353624624	0.339405023147411
0.957461191854986	0.254126256439643
0.956455214607419	0.253949648163622
-1.79763019308962	0.379603777700996
-0.625191995446008	0.152059991852936
-1.7975657981284	0.379599665892429
-0.0948604807732728	0.0376299243744259
-0.776656272147858	0.33800925933365
-0.334830546749113	0.0959542136262779
0.149173995582458	0.0505642485186703
0.799645054558684	0.481827358077666
0.164122988767051	0.0488286730136595
3.64204563210395	1.43174087144813
0.677105074382106	0.214332831776124
-0.212452220411149	0.0684629276040467
0.162171049505848	0.0303007576998756
-2.57421277656498	0.657506382974291
0.15823182603157	0.0297179405544109
-0.215469787669442	0.0693747409894077
-0.716259781908703	0.244657557065158
0.178378460373537	0.04470234426639
-0.601920299266109	0.288228010945696
-1.0225353038078	0.403750407139113
0.526808022811829	0.188639363777938
-0.97914902918366	0.484279319220888
0.173940988172143	0.0437550114519682
0.956021254579335	0.253830462538477
0.175496922320134	0.0440701137079318
-2.57821111666453	0.659475059970799
-0.617055950695462	0.150241664375452
2.75805496536761	0.766752929661107
1.95793128711136	0.437766051086387
2.75805496536761	0.766752929661107
1.95879552552655	0.437985228139192
-0.620473624670499	0.150917804175241
1.95879552552655	0.437985228139192
0.15823182603157	0.0297179405544109
2.76095211479574	0.768066673537379
-2.57447078703937	0.657780381714024
-2.57447078703937	0.657780381714024
1.46308301616168	0.484563679444736
-0.212107996589827	0.0683682958385105
2.75704467106166	0.766025498669684
-1.7975657981284	0.379599665892429
1.95793128711136	0.437766051086387
0.158202431453599	0.0297753629586498
-2.57447078703937	0.657780381714024
1.95793128711136	0.437766051086387
0.154259314455831	0.0291924198815566
0.162171049505848	0.0303007576998756
-0.617491939447093	0.150288713008559
0.158989511121608	0.0298299152293259
2.7590679263751	0.76692961097815
2.75704467106166	0.766025498669684
-1.51275234377164	0.536645405278396
0.675232747867266	0.213789953820415
0.157971563808893	0.0296806747786729
0.158989511121608	0.0298299152293259
2.75704467106166	0.766025498669684
3.63896224062815	1.42951913528691
-2.57472877667238	0.65760345889815
-2.57447078703937	0.657780381714024
-1.80127875869	0.380587746892248
-0.334465167213362	0.0958562903993202
0.692420083962482	0.32414977594069
-0.216063671871124	0.0695794401283131
1.46265753359042	0.48460907431551
1.46265753359042	0.48460907431551
2.75805496536761	0.766752929661107
0.956021254579335	0.253830462538477
1.04272737841263	0.394268038065867
-0.151247302673267	0.0540525343616811
0.672009433869294	0.212657302786874
0.151383672100152	0.0579893158462332
-0.149915159045215	0.0535975402652961
0.82625387160176	0.347107129604409
0.174370024960364	0.0438183729016174
-1.83197904578296	1.15184399700159
1.04752875622395	0.396218430849903
0.15823182603157	0.0297179405544109
-0.621333103088639	0.151104040920032
-0.625630686390319	0.152156798395567
2.75704467106166	0.766025498669684
-2.57447078703937	0.657780381714024
-0.616620021012413	0.150099962492625
1.95879552552655	0.437985228139192
-3.08247559880565	0.958940682858076
0.958855818540361	0.254543321351908
0.675591354383564	0.213968352567141
-2.57447078703937	0.657780381714024
-1.12881513859764	0.339906487322227
-0.619895187822925	0.150839789138775
0.159251072645633	0.0298673857617753
0.159251072645633	0.0298673857617753
-3.07750490916701	0.956880231933195
1.95879552552655	0.437985228139192
0.959294652844364	0.254663957360155
1.95879552552655	0.437985228139192
1.95879552552655	0.437985228139192
1.95793128711136	0.437766051086387
2.75704467106166	0.766025498669684
-1.79763019308962	0.379603777700996
0.154259314455831	0.0291924198815566
0.159251072645633	0.0298673857617753
-1.79763019308962	0.379603777700996
-0.621333103088639	0.151104040920032
1.46364987732708	0.48479584486453
0.15823182603157	0.0297179405544109
0.172643132163515	0.0434132410698589
0.957461191854986	0.254126256439643
0.157971563808893	0.0296806747786729
1.95879552552655	0.437985228139192
0.675232747867266	0.213789953820415
0.154259314455831	0.0291924198815566
0.158989511121608	0.0298299152293259
0.15823182603157	0.0297179405544109
2.75805496536761	0.766752929661107
1.95879552552655	0.437985228139192
-1.7975657981284	0.379599665892429
-1.79763019308962	0.379603777700996
0.15823182603157	0.0297179405544109
-3.45116795416625	1.22074097588692
0.5230504060046	0.187062383357568
0.152942021975215	0.0662977362445615
0.168662278675518	0.0500652630774407
1.95879552552655	0.437985228139192
-1.79763019308962	0.379603777700996
-0.33507409718716	0.0959919997809414
0.174933567082256	0.0439573605408891
0.158989511121608	0.0298299152293259
0.678074042401891	0.214702481365457
0.678074042401891	0.214702481365457
0.531358567637365	0.190353154457246
0.674491966739474	0.213488272769245
0.15823182603157	0.0297179405544109
1.95793128711136	0.437766051086387
0.174933567082256	0.0439573605408891
1.04034511892763	0.392920970387567
-1.12937501458112	0.339964434622374
-2.57421277656498	0.657506382974291
1.95879552552655	0.437985228139192
0.825259930104852	0.346551823974158
1.46209127003869	0.484377128190959
3.26835783601252	1.12163011968705
0.956455214607419	0.253949648163622
0.175496922320134	0.0440701137079318
1.95793128711136	0.437766051086387
0.675232747867266	0.213789953820415
0.162622561049093	0.0484009930995383
0.162171049505848	0.0303007576998756
1.95879552552655	0.437985228139192
1.96141436018454	0.438711417164155
1.95879552552655	0.437985228139192
-1.13295352450292	0.341266245931736
-2.57447078703937	0.657780381714024
0.170331293505475	0.0429093144237285
0.174370024960364	0.0438183729016174
-0.620326325745573	0.150885642821786
0.157971563808893	0.0296806747786729
0.157971563808893	0.0296806747786729
0.166237072413587	0.0493846591201304
0.158989511121608	0.0298299152293259
0.950720958067184	0.252420162622268
-1.7975657981284	0.379599665892429
-1.79763019308962	0.379603777700996
-2.57447078703937	0.657780381714024
-1.79763019308962	0.379603777700996
2.75805496536761	0.766752929661107
0.675232747867266	0.213789953820415
0.531358567637365	0.190353154457246
0.958855818540361	0.254543321351908
0.159251072645633	0.0298673857617753
1.95793128711136	0.437766051086387
1.95879552552655	0.437985228139192
2.75805496536761	0.766752929661107
0.955017933589342	0.253480850166851
-0.223733751445273	0.072028552436995
0.168774858509076	0.0425819447497206
0.908225259870637	0.491355951414611
1.95879552552655	0.437985228139192
0.955017933589342	0.253480850166851
0.168662278675518	0.0500652630774407
1.33460347604402	0.582347430988149
0.814681625313355	0.341378008740325
0.157971563808893	0.0296806747786729
-1.02418643534812	0.404584238258454
1.95793128711136	0.437766051086387
-3.07750490916701	0.956880231933195
0.157971563808893	0.0296806747786729
0.957025852492456	0.254006696314478
0.956455214607419	0.253949648163622
0.956021254579335	0.253830462538477
-1.12881513859764	0.339906487322227
0.15823182603157	0.0297179405544109
0.15823182603157	0.0297179405544109
-1.7975657981284	0.379599665892429
-1.51042707521765	0.53568486067596
-0.616620021012413	0.150099962492625
1.95793128711136	0.437766051086387
0.158989511121608	0.0298299152293259
3.26732978575294	1.1211772426211
-1.79763019308962	0.379603777700996
-3.08247559880565	0.958940682858076
-0.625630686390319	0.152156798395567
-0.620473624670499	0.150917804175241
0.158989511121608	0.0298299152293259
0.957461191854986	0.254126256439643
0.960305402281055	0.254935680101795
0.159251072645633	0.0298673857617753
-1.7975657981284	0.379599665892429
1.95793128711136	0.437766051086387
0.152453062620175	0.0516328700929256
2.75704467106166	0.766025498669684
-1.7975657981284	0.379599665892429
2.7590679263751	0.76692961097815
1.95879552552655	0.437985228139192
0.525974790890797	0.188312313683146
-0.620473624670499	0.150917804175241
-0.770356668689897	0.334785804148308
-0.217843743987545	0.0701626212764045
0.151873414100974	0.0581755081573951
0.957025852492456	0.254006696314478
0.954564259091026	0.253482299647149
0.170331293505475	0.0429093144237285
0.149173995582458	0.0505642485186703
0.164738242561747	0.0490009495728858
-3.07750490916701	0.956880231933195
1.46209127003869	0.484377128190959
-1.51042707521765	0.53568486067596
-3.07793266340176	0.957013587093989
1.46654605141329	0.485981855384374
2.75704467106166	0.766025498669684
1.46209127003869	0.484377128190959
1.95793128711136	0.437766051086387
-0.338291342092883	0.0968475173314605
1.95879552552655	0.437985228139192
0.957461191854986	0.254126256439643
1.82755032422624	0.713907775987463
0.162171049505848	0.0303007576998756
0.165007048838445	0.0490553112296366
1.95879552552655	0.437985228139192
0.154259314455831	0.0291924198815566
0.158989511121608	0.0298299152293259
-3.45284250285449	1.22194559695964
3.27232628525746	1.12331698634376
1.95793128711136	0.437766051086387
-3.07707720857862	0.956361112132394
-1.7975657981284	0.379599665892429
-0.620326325745573	0.150885642821786
0.159251072645633	0.0298673857617753
-0.625191995446008	0.152059991852936
0.956455214607419	0.253949648163622
-0.339136742629042	0.0971078731889835
0.158989511121608	0.0298299152293259
0.15823182603157	0.0297179405544109
0.960305402281055	0.254935680101795
-2.57421277656498	0.657506382974291
0.164738242561747	0.0490009495728858
0.157971563808893	0.0296806747786729
-0.621333103088639	0.151104040920032
1.95793128711136	0.437766051086387
0.159251072645633	0.0298673857617753
1.82755032422624	0.713907775987463
-0.216657809109618	0.0697687117469907
-0.517825107309169	0.195474359908123
1.04158071586996	0.393480759170511
-0.722611557468775	0.247018823049159
-0.34307485466429	0.0982470421897248
0.822267625819136	0.345061712364334
0.538672909842541	0.193078624853722
-1.79763019308962	0.379603777700996
0.159251072645633	0.0298673857617753
3.27232628525746	1.12331698634376
-0.715368637354031	0.244333825945774
-0.765918596168096	0.332344936277861
-0.222633069722699	0.0716499874142472
0.174370024960364	0.0438183729016174
0.162171049505848	0.0303007576998756
-0.619895187822925	0.150839789138775
-0.218086982244107	0.0702671839866222
0.16190498991222	0.0302625824147867
0.15823182603157	0.0297179405544109
0.957461191854986	0.254126256439643
0.957461191854986	0.254126256439643
0.157971563808893	0.0296806747786729
0.15823182603157	0.0297179405544109
0.957461191854986	0.254126256439643
1.96141436018454	0.438711417164155
0.173940988172143	0.0437550114519682
0.675591354383564	0.213968352567141
0.158989511121608	0.0298299152293259
0.16934280349587	0.0427080042196444
-1.79763019308962	0.379603777700996
1.95793128711136	0.437766051086387
-0.61946410648704	0.150698865008898
3.27025913837768	1.12233669524588
0.157971563808893	0.0296806747786729
-2.57472877667238	0.65760345889815
1.95793128711136	0.437766051086387
-1.7975657981284	0.379599665892429
-1.0225353038078	0.403750407139113
1.82851727583204	0.714435845516616
0.15823182603157	0.0297179405544109
0.174503749901052	0.0438676710334476
0.956455214607419	0.253949648163622
1.06606733749636	0.514463403746672
3.27232628525746	1.12331698634376
0.153830475350601	0.0520893555087474
-0.149350770848688	0.0533719309123826
-1.81262047956212	0.734554727038592
-0.0948604807732728	0.0376299243744259
-0.212950112008515	0.0686100611095293
-0.625191995446008	0.152059991852936
3.26732978575294	1.1211772426211
0.164122988767051	0.0488286730136595
0.396544322764292	0.179322808464406
-1.50824112923963	0.534752090600511
1.95793128711136	0.437766051086387
-1.12881513859764	0.339906487322227
-2.57447078703937	0.657780381714024
0.163216121532018	0.0485245766457704
-0.718081625995024	0.245384533690959
-0.61946410648704	0.150698865008898
0.158989511121608	0.0298299152293259
2.75704467106166	0.766025498669684
1.95793128711136	0.437766051086387
-2.57447078703937	0.657780381714024
0.174933567082256	0.0439573605408891
1.95793128711136	0.437766051086387
0.157971563808893	0.0296806747786729
-0.617055950695462	0.150241664375452
1.95793128711136	0.437766051086387
0.169762747888229	0.0427831084845497
-1.79763019308962	0.379603777700996
-1.7975657981284	0.379599665892429
-0.342107054910445	0.0979510037894855
-1.7975657981284	0.379599665892429
-3.45340104404634	1.22171831505731
-2.57421277656498	0.657506382974291
1.95879552552655	0.437985228139192
0.158989511121608	0.0298299152293259
-0.619895187822925	0.150839789138775
0.173940988172143	0.0437550114519682
-1.51042707521765	0.53568486067596
0.686516219941277	0.217225649716934
0.157971563808893	0.0296806747786729
0.15823182603157	0.0297179405544109
-0.61946410648704	0.150698865008898
-1.79763019308962	0.379603777700996
-1.7975657981284	0.379599665892429
-2.57847696185857	0.659529736545688
-0.716872988489582	0.244804032031292
-2.57472877667238	0.65760345889815
1.95793128711136	0.437766051086387
0.955450516302873	0.253599562429476
-0.342463785834028	0.0980578484034576
1.95793128711136	0.437766051086387
3.26732978575294	1.1211772426211
0.157546606671046	0.0469737944802553
0.448246823419833	0.17979017346935
-0.146809742742999	0.052468533546798
0.398325956845105	0.180000375040324
1.82710265989491	0.713711178135864
-0.0917238922907269	0.0364457555806338
1.03817079597271	0.392088459196863
1.06471943149371	0.513491425838083
-1.0275611383961	0.406046323242829
1.46166504880046	0.484245680586438
-2.06503800706302	0.936339193932813
0.173378039987466	0.0436162262322836
-1.12725353624624	0.339405023147411
0.956455214607419	0.253949648163622
1.33232181501832	0.581040506436256
0.157971563808893	0.0296806747786729
-0.338530582329419	0.0969729638077002
1.45553280775885	0.48172823735576
0.959294652844364	0.254663957360155
0.157971563808893	0.0296806747786729
0.956021254579335	0.253830462538477
-1.12892473218138	0.339990619204617
-1.12837428626612	0.339637586745731
0.162171049505848	0.0303007576998756
-0.619895187822925	0.150839789138775
-2.57447078703937	0.657780381714024
0.17351044503084	0.0436385160120603
1.96141436018454	0.438711417164155
0.162171049505848	0.0303007576998756
1.95879552552655	0.437985228139192
0.956455214607419	0.253949648163622
0.165353233252732	0.0491580922731075
0.675232747867266	0.213789953820415
-0.625630686390319	0.152156798395567
0.157971563808893	0.0296806747786729
2.75704467106166	0.766025498669684
1.95793128711136	0.437766051086387
-0.625191995446008	0.152059991852936
-1.7975657981284	0.379599665892429
-1.79763019308962	0.379603777700996
0.155282002123357	0.02934225636165
1.95793128711136	0.437766051086387
-1.79763019308962	0.379603777700996
0.1732138890056	0.0435401196761172
-3.75168277240236	1.47633842923476
2.75704467106166	0.766025498669684
0.957025852492456	0.254006696314478
1.95793128711136	0.437766051086387
1.95793128711136	0.437766051086387
0.678685727410979	0.214982042405379
0.955450516302873	0.253599562429476
0.959294652844364	0.254663957360155
0.158989511121608	0.0298299152293259
-0.625630686390319	0.152156798395567
1.95793128711136	0.437766051086387
0.15823182603157	0.0297179405544109
0.956021254579335	0.253830462538477
1.95793128711136	0.437766051086387
0.173940988172143	0.0437550114519682
-0.337924641037297	0.0968088152153293
0.15823182603157	0.0297179405544109
2.75805496536761	0.766752929661107
-1.7975657981284	0.379599665892429
-1.79763019308962	0.379603777700996
0.15823182603157	0.0297179405544109
-1.79763019308962	0.379603777700996
-1.7975657981284	0.379599665892429
-2.57821111666453	0.659475059970799
-1.7975657981284	0.379599665892429
-0.625191995446008	0.152059991852936
-0.620473624670499	0.150917804175241
-0.625630686390319	0.152156798395567
-0.976477680784882	0.482246433333351
0.956455214607419	0.253949648163622
0.174503749901052	0.0438676710334476
-0.21750140385887	0.0700056929839968
0.956455214607419	0.253949648163622
0.167103874197507	0.0812405824947823
-0.0961973175087169	0.0381754760162591
-0.522777207619905	0.197556097300605
-0.677270535352766	0.535790068633022
1.27786391804377	0.703716413131699
0.677716162542668	0.214611870267994
3.64508196443781	1.43367348655271
-0.0563363909327053	0.0245193829487504
-1.50982433145335	0.535480148233091
0.451765865281851	0.181387363507285
0.956455214607419	0.253949648163622
-3.07793266340176	0.957013587093989
0.15823182603157	0.0297179405544109
2.76197196120423	0.768541369225187
3.26732978575294	1.1211772426211
-0.338530582329419	0.0969729638077002
-1.12825544522804	0.339732258677114
-2.28542134277916	1.15258073395903
-0.620903335937371	0.151058535991718
-0.71869462645605	0.245625159522256
2.75805496536761	0.766752929661107
-2.57447078703937	0.657780381714024
0.449051374752847	0.180146054252177
0.955450516302873	0.253599562429476
-1.79763019308962	0.379603777700996
-1.51103003363439	0.535749564246176
1.95879552552655	0.437985228139192
-0.3395018260887	0.0972061822975938
0.178378460373537	0.04470234426639
0.173940988172143	0.0437550114519682
0.157971563808893	0.0296806747786729
-2.57421277656498	0.657506382974291
0.174503749901052	0.0438676710334476
-1.12825544522804	0.339732258677114
1.95793128711136	0.437766051086387
1.95879552552655	0.437985228139192
0.173940988172143	0.0437550114519682
1.95793128711136	0.437766051086387
0.956021254579335	0.253830462538477
1.95793128711136	0.437766051086387
0.157971563808893	0.0296806747786729
-0.619895187822925	0.150839789138775
-0.620473624670499	0.150917804175241
1.95793128711136	0.437766051086387
-1.7975657981284	0.379599665892429
0.158989511121608	0.0298299152293259
-3.07793266340176	0.957013587093989
-0.616620021012413	0.150099962492625
1.95879552552655	0.437985228139192
0.956455214607419	0.253949648163622
-0.621333103088639	0.151104040920032
0.675948496687313	0.213928974911644
-0.518386429636852	0.195700313035901
0.955450516302873	0.253599562429476
0.675591354383564	0.213968352567141
2.7590679263751	0.76692961097815
-3.08160228540496	0.95864568534502
-1.79763019308962	0.379603777700996
0.158989511121608	0.0298299152293259
-1.7975657981284	0.379599665892429
0.157971563808893	0.0296806747786729
-1.79763019308962	0.379603777700996
2.75805496536761	0.766752929661107
0.959294652844364	0.254663957360155
2.75805496536761	0.766752929661107
1.95879552552655	0.437985228139192
0.15823182603157	0.0297179405544109
1.95793128711136	0.437766051086387
-1.7975657981284	0.379599665892429
-1.79763019308962	0.379603777700996
0.956455214607419	0.253949648163622
0.167786821496111	0.0423548811213711
0.159251072645633	0.0298673857617753
-1.79763019308962	0.379603777700996
0.159251072645633	0.0298673857617753
0.158989511121608	0.0298299152293259
1.95793128711136	0.437766051086387
1.96141436018454	0.438711417164155
0.162129341852107	0.0703856105401379
0.163792289086872	0.0795583377825279
1.57219334501409	0.779074773498945
0.957597621094342	0.651664373160458
0.143729092507781	0.048765928371412
0.147185309904108	0.0564336485542795
0.159920372276999	0.0476279199969756
0.153801108434438	0.0666852820754741
-0.344653401104561	0.0986243796684527
-0.336952847519868	0.096512855057735
-0.770879742225566	0.335048419348226
-0.486394825490761	0.255291608555235
1.10742075437231	0.844386431477636
0.903722421764725	0.487918961889201
0.159251072645633	0.0298673857617753
0.15823182603157	0.0297179405544109
-1.7975657981284	0.379599665892429
-1.81200943037821	0.734241478143734
-0.779536258884215	0.423850817385011
-0.719585944508868	0.245867637672296
0.150152135996396	0.0575673673890983
0.822267625819136	0.345061712364334
1.04007667172615	0.392839871352892
-0.766207907419173	0.33246398143222
0.144494835354038	0.0554301003613902
0.143729092507781	0.048765928371412
0.665855845614413	0.210630560292204
0.909499482991742	0.492260798652217
-0.145229067230335	0.0519186816977856
-1.48634888119028	0.74990156261755
0.158989511121608	0.0298299152293259
0.958855818540361	0.254543321351908
0.155282002123357	0.02934225636165
-1.7975657981284	0.379599665892429
-1.7975657981284	0.379599665892429
1.95793128711136	0.437766051086387
-0.620326325745573	0.150885642821786
0.158989511121608	0.0298299152293259
1.95879552552655	0.437985228139192
-1.7975657981284	0.379599665892429
-0.616620021012413	0.150099962492625
0.957025852492456	0.254006696314478
-0.624623675797245	0.151937920429117
0.158989511121608	0.0298299152293259
0.150571240221929	0.0576776917123369
-0.719585944508868	0.245867637672296
-2.57447078703937	0.657780381714024
1.95793128711136	0.437766051086387
-1.79763019308962	0.379603777700996
-3.08203891306948	0.959069086853276
-0.620903335937371	0.151058535991718
-1.7975657981284	0.379599665892429
0.17351044503084	0.0436385160120603
-0.621333103088639	0.151104040920032
0.527404119121822	0.188820766466342
0.18127730244519	0.0453161194650634
0.167508913203689	0.0497372165616833
-0.220268410435273	0.0709328006829342
-0.715646834778114	0.244453295526364
-0.620903335937371	0.151058535991718
-3.08203891306948	0.959069086853276
1.95879552552655	0.437985228139192
0.173378039987466	0.0436162262322836
3.27129205644114	1.12317050813274
1.46067242606004	0.483688692701864
1.82948417010899	0.714838990299682
0.955450516302873	0.253599562429476
1.95793128711136	0.437766051086387
1.82658331770683	0.713161725221294
-0.617055950695462	0.150241664375452
0.157971563808893	0.0296806747786729
-1.80127875869	0.380587746892248
0.15823182603157	0.0297179405544109
-0.400912627780916	0.16720611378997
-1.50982433145335	0.535480148233091
-1.02790181469622	0.406358338825706
0.955017933589342	0.253480850166851
-0.146282635967707	0.0522900631456069
-0.337559379634888	0.0966770330278957
-0.515628502560756	0.194509626863946
0.447441545561864	0.179414714836187
-0.395585131731611	0.223966196044153
0.176914103683631	0.0949993452484569
0.155490335273875	0.0595707244029917
0.669117736352227	0.211726956826849
0.956021254579335	0.253830462538477
-0.529622624603299	0.200237666276881
-0.178352653545581	0.0953588379416915
0.394897738283462	0.338603682104832
0.956455214607419	0.253949648163622
-0.621333103088639	0.151104040920032
0.159251072645633	0.0298673857617753
0.682768911730453	0.216205939655595
1.03729632748488	0.391751460326444
0.15823182603157	0.0297179405544109
0.956455214607419	0.253949648163622
-0.646865270593849	0.383461253142822
0.159304296973707	0.0474668185471716
1.46109938210879	0.484014060767982
-1.02815379565769	0.406346884447955
0.17351044503084	0.0436385160120603
0.170152395104289	0.0910486196668199
0.61130813329899	0.321214319464346
-0.535492698778922	0.338140515762769
-0.523287577810495	0.197683280030088
-2.57447078703937	0.657780381714024
0.15823182603157	0.0297179405544109
1.95793128711136	0.437766051086387
-2.57421277656498	0.657506382974291
-1.7975657981284	0.379599665892429
-1.7975657981284	0.379599665892429
0.16190498991222	0.0302625824147867
-1.7975657981284	0.379599665892429
-1.7975657981284	0.379599665892429
0.162171049505848	0.0303007576998756
1.95793128711136	0.437766051086387
-0.620903335937371	0.151058535991718
-1.12725353624624	0.339405023147411
0.172643132163515	0.0434132410698589
-0.620473624670499	0.150917804175241
-3.45714001185249	1.22455064732533
0.827378067011008	0.347541772420381
-1.83536137344798	1.15669878335431
-1.79763019308962	0.379603777700996
-2.57472877667238	0.65760345889815
-1.81799459045243	0.737492070536281
1.06765362139235	0.515450204982361
0.1732138890056	0.0435401196761172
-1.16019151047035	0.649370989652047
-0.216063671871124	0.0695794401283131
-1.79763019308962	0.379603777700996
0.956021254579335	0.253830462538477
-3.07793266340176	0.957013587093989
-2.57821111666453	0.659475059970799
-0.619895187822925	0.150839789138775
0.17738312662749	0.0444846964186047
0.177812920485068	0.0445891130396879
0.15357905718361	0.0520023014569825
0.172320089463356	0.0838826322951298
2.11998934304499	0.946287331085183
2.35248446067205	1.17236844605826
0.176818183184722	0.0443715906559113
-1.02790181469622	0.406358338825706
-1.79763019308962	0.379603777700996
0.15823182603157	0.0297179405544109
-0.61946410648704	0.150698865008898
0.15403420643743	0.0589839436008072
-0.216657809109618	0.0697687117469907
1.46498308680977	0.485505347800691
1.82948417010899	0.714838990299682
0.162171049505848	0.0303007576998756
0.157971563808893	0.0296806747786729
0.157971563808893	0.0296806747786729
0.823078351695812	0.34550391355806
1.32753298884589	0.578543003685696
0.674015164989584	0.213380808783075
0.174503749901052	0.0438676710334476
-3.07793266340176	0.957013587093989
1.04752875622395	0.396218430849903
0.164122988767051	0.0488286730136595
0.15823182603157	0.0297179405544109
0.168012504537869	0.0423538173654411
0.831620070236954	0.349690062054934
0.96272254042429	0.255477208819605
-2.28082161846008	1.14850527777355
-0.337924641037297	0.0968088152153293
0.956455214607419	0.253949648163622
0.434331558966196	0.173874668383383
-0.394285284062167	0.272316326684777
0.611665906886067	0.321292435915855
1.95793128711136	0.437766051086387
0.396915452026465	0.179527619920334
-0.399514503917984	0.226378310659215
0.158942567785463	0.0608748549822144
0.395325319872142	0.178657386898435
1.04272737841263	0.394268038065867
0.664895970967757	0.210324583821259
0.955017933589342	0.253480850166851
-1.79763019308962	0.379603777700996
3.26938718630885	1.12163262119223
1.95879552552655	0.437985228139192
2.76197196120423	0.768541369225187
0.955573890382782	0.253753322308027
0.955017933589342	0.253480850166851
-1.2697474090826	0.569761376584144
-0.051253284475189	0.022362323690525
-2.22692271447005	1.86431651270543
-0.146148912480088	0.0522970886883919
-0.975657454205629	0.481586388023346
1.06450576027014	0.514077593818255
0.530519377174053	0.189974136950743
0.617016389166068	0.324463322889816
1.32647053157539	0.57789155337535
-0.39541744095324	0.164713810131994
-0.601464544621041	0.288022282058361
0.162171049505848	0.0303007576998756
1.95793128711136	0.437766051086387
-1.79763019308962	0.379603777700996
1.95879552552655	0.437985228139192
-1.79763019308962	0.379603777700996
-1.79763019308962	0.379603777700996
0.16190498991222	0.0302625824147867
-1.79763019308962	0.379603777700996
0.956021254579335	0.253830462538477
1.95793128711136	0.437766051086387
0.159251072645633	0.0298673857617753
-1.79763019308962	0.379603777700996
0.158989511121608	0.0298299152293259
0.17351044503084	0.0436385160120603
0.173940988172143	0.0437550114519682
1.46209127003869	0.484377128190959
-0.34307485466429	0.0982470421897248
-1.80127875869	0.380587746892248
1.33975737931465	0.585056863780139
-1.7975657981284	0.379599665892429
-1.7975657981284	0.379599665892429
-2.57447078703937	0.657780381714024
-3.07836047129561	0.956774727997911
0.147185309904108	0.0564336485542795
0.170331293505475	0.0429093144237285
0.162352652580513	0.0483303505238246
-2.57421277656498	0.657506382974291
-1.81291187157146	0.734751884578751
-0.620903335937371	0.151058535991718
0.159920372276999	0.0476279199969756
-3.45228414088993	1.22181665198441
0.159251072645633	0.0298673857617753
0.162171049505848	0.0303007576998756
0.173940988172143	0.0437550114519682
-3.08247559880565	0.958940682858076
-0.625630686390319	0.152156798395567
1.04360842637382	0.394608583742794
-0.770644401156689	0.334882706894186
-0.624623675797245	0.151937920429117
1.82710265989491	0.713711178135864
-0.338896474896558	0.0970421752101679
0.670081697347895	0.212111377241056
0.15823182603157	0.0297179405544109
-1.12725353624624	0.339405023147411
0.441943033911723	0.177112743935041
-0.0934903546081117	0.0371047509307854
-0.621333103088639	0.151104040920032
1.95793128711136	0.437766051086387
-0.338530582329419	0.0969729638077002
3.93496659153827	1.72160273292352
0.175496922320134	0.0440701137079318
0.155282002123357	0.02934225636165
-1.12725353624624	0.339405023147411
1.95879552552655	0.437985228139192
-2.57421277656498	0.657506382974291
3.9371926868257	1.72364294570268
1.04943567600199	0.39679396861389
0.174503749901052	0.0438676710334476
0.174933567082256	0.0439573605408891
0.14892576642437	0.0504694466811999
-1.27264921265823	0.571489965817473
0.531358567637365	0.190353154457246
1.82755032422624	0.713907775987463
0.955450516302873	0.253599562429476
0.157819787360587	0.0533909827533473
-0.442494815163244	0.292362432819725
0.614960791218191	0.323245454163855
-0.0491861562790663	0.0214937707530699
1.95793128711136	0.437766051086387
1.95793128711136	0.437766051086387
0.159251072645633	0.0298673857617753
-1.48151765035165	0.746422651543402
-1.91842202831293	1.86961855252951
0.448246823419833	0.17979017346935
0.799582303204494	0.758959534584435
0.15823182603157	0.0297179405544109
-3.4565767152091	1.22430361707387
-1.7975657981284	0.379599665892429
1.95879552552655	0.437985228139192
1.95879552552655	0.437985228139192
0.159251072645633	0.0298673857617753
0.17294827606403	0.0435260072159332
1.25465892449932	0.874030506031884
-0.519038139240771	0.196086617266171
-0.955689787379636	0.588785879499325
-0.388079291138713	0.16141108863951
-0.985675741837217	0.488426213022271
-0.538406838239031	0.34043290396176
-0.305236427335287	0.140232050181682
2.75805496536761	0.766752929661107
-0.777410663189407	0.422370649528763
-1.27208987432739	0.571097274965283
-0.690124916255762	0.603894151599491
-0.517006318957255	0.195147442742932
3.63896224062815	1.42951913528691
1.95793128711136	0.437766051086387
0.158989511121608	0.0298299152293259
1.95879552552655	0.437985228139192
1.95793128711136	0.437766051086387
-1.7975657981284	0.379599665892429
0.159251072645633	0.0298673857617753
0.173940988172143	0.0437550114519682
1.96141436018454	0.438711417164155
-0.33816613121491	0.0968120886418528
-1.50884424560785	0.535043767502043
0.671394166412374	0.212454198010421
2.76095211479574	0.768066673537379
-2.57447078703937	0.657780381714024
1.95793128711136	0.437766051086387
3.27025913837768	1.12233669524588
0.173940988172143	0.0437550114519682
-1.50824112923963	0.534752090600511
1.95793128711136	0.437766051086387
0.17738312662749	0.0444846964186047
1.04726688944174	0.396088731238016
0.166549099291362	0.0494747307612768
2.12570455528211	0.949702563350638
-0.333247970373579	0.0954969729659714
1.46166504880046	0.484245680586438
1.95793128711136	0.437766051086387
0.147240848267595	0.0499193503912067
0.168354166613062	0.0424807140134561
-0.336952847519868	0.096512855057735
-1.5094475769206	0.535248673690833
-1.51024784902404	0.535717552327617
-0.21750140385887	0.0700056929839968
-0.232400542938485	0.115975838334179
-0.977786883347887	0.483006958308648
0.15823182603157	0.0297179405544109
1.4655515469736	0.485738470948645
-1.50634046210702	0.533909618105069
-2.46897057868243	1.36998132663069
-1.7975657981284	0.379599665892429
0.955017933589342	0.253480850166851
-0.625630686390319	0.152156798395567
-0.216900861291041	0.0698804747706956
-0.216657809109618	0.0697687117469907
0.178378460373537	0.04470234426639
0.956455214607419	0.253949648163622
0.16190498991222	0.0302625824147867
-0.625630686390319	0.152156798395567
0.956455214607419	0.253949648163622
2.75704467106166	0.766025498669684
0.529922778294509	0.18974393081766
0.159266337352053	0.0610083420113727
0.397739849039334	0.179951666951136
0.674624067917918	0.213658555919133
0.147672628136561	0.0566149649661127
-0.150722043675349	0.0538721596429618
0.675232747867266	0.213789953820415
1.46166504880046	0.484245680586438
2.11842867036876	0.945672460079198
0.173940988172143	0.0437550114519682
0.445985854243847	0.178925932999787
0.499587401240722	0.34492079025809
0.157124305046094	0.0681754043113497
0.00756254873016351	0.00393683796438138
0.358387142544197	0.201614563303894
-1.46487497060702	1.02051119204731
3.26835783601252	1.12163011968705
-0.620903335937371	0.151058535991718
0.157971563808893	0.0296806747786729
0.159251072645633	0.0298673857617753
0.148891911419768	0.0645500524062102
-1.03163629738616	0.822232658013315
0.440335157323605	0.176413387249312
-0.69788652675798	0.663134727979064
0.184679868418714	0.114528502111462
0.906949439359883	0.4902573109951
0.173940988172143	0.0437550114519682
-0.218096087384631	0.0701860099861319
-0.620473624670499	0.150917804175241
1.45849632487227	0.482828278090187
-0.184851238847154	0.0989439328904661
0.00971325275887128	0.00505428343981271
0.156177285178158	0.0759310888818416
-0.392527598762743	0.163297548242261
-0.945812076220285	0.580255089415566
-1.48751142550382	0.751172818824056
1.46038697821947	0.912396665078147
0.162171049505848	0.0303007576998756
-0.150722043675349	0.0538721596429618
-0.522217673493657	0.197342207603961
-1.44030950302818	1.28557124697881
0.691933817668349	0.3238787341333
1.33207374382379	0.581101470070055
1.95793128711136	0.437766051086387
1.95793128711136	0.437766051086387
1.95879552552655	0.437985228139192
-0.212107996589827	0.0683682958385105
1.46209127003869	0.484377128190959
0.15823182603157	0.0297179405544109
-2.57821111666453	0.659475059970799
1.45941385003452	0.483259882361236
0.159251072645633	0.0298673857617753
-2.57821111666453	0.659475059970799
3.6430217955396	1.43205157105291
1.95793128711136	0.437766051086387
0.157971563808893	0.0296806747786729
0.178378460373537	0.04470234426639
0.373767854605413	0.189715003176065
-3.45714001185249	1.22455064732533
0.158989511121608	0.0298299152293259
0.157971563808893	0.0296806747786729
0.44610665972447	0.178783663256665
2.11780862301852	0.945248734413775
0.393220623172696	0.177598536190824
1.04488949167403	0.395085051250541
-0.985342244360658	0.488308566828318
0.678226553256205	0.214653433627451
0.956455214607419	0.253949648163622
0.955573890382782	0.253753322308027
-2.06562856799678	0.936659279965039
0.15823182603157	0.0297179405544109
0.159251072645633	0.0298673857617753
1.95793128711136	0.437766051086387
-0.518644858635781	0.195729988241304
-0.216063671871124	0.0695794401283131
-0.942414342958932	0.577917617198409
-0.014876736402955	0.00705365567309742
-0.517521842180885	0.195198028684367
-1.27376859523398	0.572115256020773
-0.220012614431353	0.0708340703939625
-1.48943440410572	0.752209436067322
-0.712311793750735	0.243113590297176
-1.79763019308962	0.379603777700996
0.154259314455831	0.0291924198815566
0.155282002123357	0.02934225636165
1.46498308680977	0.485505347800691
-4.00304350153307	1.7266868827702
-0.727448344122682	0.248733405286411
-2.57447078703937	0.657780381714024
-1.79763019308962	0.379603777700996
-1.7975657981284	0.379599665892429
-0.338291342092883	0.0968475173314605
0.163853552605343	0.0487595972376143
0.956455214607419	0.253949648163622
0.160181680996089	0.0476913583633166
-0.0127987704867453	0.00610605589691246
1.33832717539423	0.584318770270918
-0.143611532931276	0.051362924221021
0.670430931165646	0.212216518896251
-0.61946410648704	0.150698865008898
1.96141436018454	0.438711417164155
1.46265753359042	0.48460907431551
0.955450516302873	0.253599562429476
1.46498308680977	0.485505347800691
0.827869862391494	0.347914518409003
0.604724526195035	0.317097659647738
-0.145998858470167	0.0521932143692289
1.77268018530127	1.38955760860001
0.673115938657979	0.483838968621856
-0.0944036040363931	0.0374576755555379
-0.137123154547389	0.0491310459310203
0.158989511121608	0.0298299152293259
-2.57447078703937	0.657780381714024
0.17294827606403	0.0435260072159332
-3.45714001185249	1.22455064732533
-0.388408062610022	0.161550493058169
-0.260112208420771	0.162216657112568
0.666113089918518	0.476467260797794
0.463042243669804	0.337172846741401
-0.536208601926821	0.338785681899231
-0.0141717560383149	0.00671779096854338
0.955450516302873	0.253599562429476
-0.620326325745573	0.150885642821786
1.95879552552655	0.437985228139192
0.15823182603157	0.0297179405544109
1.95879552552655	0.437985228139192
1.04638771946291	0.395714063580135
1.2718237687542	0.700626117253064
-0.716259781908703	0.244657557065158
1.04096305100241	0.393348131713795
-1.67030517080325	0.94318681564291
-0.216063671871124	0.0695794401283131
-0.338530582329419	0.0969729638077002
-0.216063671871124	0.0695794401283131
2.35953810209334	1.17764249949515
2.75704467106166	0.766025498669684
0.153057089941679	0.0586178062804625
0.800009771167728	0.482719977476047
0.956021254579335	0.253830462538477
-1.79763019308962	0.379603777700996
-1.7975657981284	0.379599665892429
-0.227084591190055	0.0730386299617289
0.159251072645633	0.0298673857617753
-0.334222652007209	0.0957594598898438
-1.80127875869	0.380587746892248
-1.7975657981284	0.379599665892429
-2.57447078703937	0.657780381714024
0.162171049505848	0.0303007576998756
-2.57447078703937	0.657780381714024
-0.620473624670499	0.150917804175241
0.158989511121608	0.0298299152293259
0.15823182603157	0.0297179405544109
0.157971563808893	0.0296806747786729
0.176818183184722	0.0443715906559113
1.96141436018454	0.438711417164155
2.75805496536761	0.766752929661107
0.1732138890056	0.0435401196761172
0.956021254579335	0.253830462538477
0.527404119121822	0.188820766466342
-0.723767624574779	0.247384332637155
-0.342718944466085	0.0980961923569006
-3.75288411079685	1.47718399320021
-1.51494510157249	0.537750180976637
-1.13395018438652	0.341592389781504
0.158989511121608	0.0298299152293259
1.96141436018454	0.438711417164155
-3.45714001185249	1.22455064732533
-0.721067114947851	0.246487833064577
0.956455214607419	0.253949648163622
-0.718972834438042	0.245626954230634
-0.620473624670499	0.150917804175241
-0.978181502954613	0.483691732047367
-0.222038342595648	0.0714812050319378
1.04422575936648	0.394740889448914
2.76197196120423	0.768541369225187
-1.02874670321027	0.406592521454169
0.955450516302873	0.253599562429476
-0.338896474896558	0.0970421752101679
-0.626100288806693	0.1523229776774
-1.79763019308962	0.379603777700996
-0.339136742629042	0.0971078731889835
-0.619895187822925	0.150839789138775
0.172223255009213	0.0433240097489323
3.93198447308087	1.71970480916132
0.174503749901052	0.0438676710334476
0.159251072645633	0.0298673857617753
-0.216906973772167	0.0698162939158413
0.526808022811829	0.188639363777938
3.27129205644114	1.12317050813274
0.956455214607419	0.253949648163622
0.162622561049093	0.0484009930995383
1.95793128711136	0.437766051086387
3.64508196443781	1.43367348655271
0.959294652844364	0.254663957360155
0.397589917162397	0.17962908279386
0.186577326064379	0.108614745916612
-0.383481560890501	0.159359838809509
-0.675000540014537	0.533378559188995
-0.514942080348705	0.194323588932325
-0.0894092947757984	0.0355456257938817
-0.61946410648704	0.150698865008898
1.95793128711136	0.437766051086387
-1.79763019308962	0.379603777700996
1.83126911611682	0.715624907230154
0.697786560603368	0.327073867555644
-1.46782391900137	1.02416187174169
-1.81703718689063	1.65138166354296
0.621981447429788	0.474436646187318
-0.231142870484642	0.115320995570834
-0.231040230502188	0.115266109772482
1.32981847919987	0.579849240847793
0.152619802685851	0.0516844934618455
0.16323818852145	0.0485873708307168
1.95793128711136	0.437766051086387
-1.79763019308962	0.379603777700996
0.15823182603157	0.0297179405544109
0.157971563808893	0.0296806747786729
0.15823182603157	0.0297179405544109
1.26206159459422	0.881909742627688
-0.765918596168096	0.332344936277861
1.06903480350602	0.516605281541135
0.406784270857004	0.184260399718538
-1.1566717892697	0.645877212077755
0.153868695124602	0.0589460710470917
-2.78406803626511	1.88222510844749
-0.721067114947851	0.246487833064577
-0.090215136401979	0.0358725133972525
-0.645552950215952	0.382048391694127
-1.15595692358567	0.645992582472676
0.458926330732647	0.18432383688375
1.95879552552655	0.437985228139192
-1.79763019308962	0.379603777700996
-1.7975657981284	0.379599665892429
-1.79763019308962	0.379603777700996
0.158989511121608	0.0298299152293259
1.95879552552655	0.437985228139192
0.17294827606403	0.0435260072159332
1.82399204056179	0.712148377760895
-1.79763019308962	0.379603777700996
-1.7975657981284	0.379599665892429
-1.79763019308962	0.379603777700996
0.15823182603157	0.0297179405544109
0.960305402281055	0.254935680101795
0.17351044503084	0.0436385160120603
-0.344042706429557	0.0984794926451442
-1.79763019308962	0.379603777700996
-1.7975657981284	0.379599665892429
0.15823182603157	0.0297179405544109
0.157971563808893	0.0296806747786729
1.95879552552655	0.437985228139192
1.95879552552655	0.437985228139192
-0.149390704801257	0.0534113782231424
-2.46500368766657	1.36752628477688
-0.522777207619905	0.197556097300605
0.164738242561747	0.0490009495728858
-0.212950112008515	0.0686100611095293
-0.717191145070403	0.244966202456728
0.958436503493791	0.254416791099759
-0.621333103088639	0.151104040920032
1.96141436018454	0.438711417164155
0.955450516302873	0.253599562429476
-2.57847696185857	0.659529736545688
-0.624623675797245	0.151937920429117
-2.57472877667238	0.65760345889815
-1.48256073007596	0.747292271784115
-0.714755800696332	0.244129665196273
0.160441464978412	0.0542265991412075
-0.718972834438042	0.245626954230634
-0.719307886400812	0.245829792820617
-0.520286737943472	0.196431895234341
0.16323818852145	0.0485873708307168
0.15823182603157	0.0297179405544109
-3.08203891306948	0.959069086853276
-1.48716983279988	0.75008912622263
0.15823182603157	0.0297179405544109
1.95793128711136	0.437766051086387
0.956455214607419	0.253949648163622
0.958855818540361	0.254543321351908
0.157971563808893	0.0296806747786729
0.155329250171956	0.0463045349654947
0.823011572866799	0.345529818511679
-0.0521568424888667	0.0227541982295842
0.449630843335617	0.18036536102035
0.971544650787191	0.664780257563432
-0.225296743839195	0.112271966666537
0.161924882732393	0.0786010022538368
-2.57472877667238	0.65760345889815
0.162171049505848	0.0303007576998756
0.956455214607419	0.253949648163622
-1.7975657981284	0.379599665892429
-0.0910660369009666	0.0361805406073465
-0.526619857327096	0.331409956685205
0.149666584584426	0.057386385337034
0.157834213782735	0.0766302858653559
-0.376266600642288	0.257813348940394
-0.514641699367006	0.194166196064157
-0.61946410648704	0.150698865008898
-0.722611557468775	0.247018823049159
-3.45228414088993	1.22181665198441
-1.80127875869	0.380587746892248
-1.79763019308962	0.379603777700996
0.155282002123357	0.02934225636165
0.157971563808893	0.0296806747786729
1.46209127003869	0.484377128190959
1.78440047264883	0.995768503418283
-0.397488790591023	0.225015043027872
-0.146282635967707	0.0522900631456069
-0.657018339235432	0.456899579215348
0.15632734084749	0.0678027432546929
-0.534437126948506	0.337618492064396
-0.227679436423927	0.0732382795572757
0.142891606163806	0.0484797827854682
-0.144702604958337	0.0517211408189538
1.95879552552655	0.437985228139192
2.75805496536761	0.766752929661107
-0.620473624670499	0.150917804175241
1.46364987732708	0.48479584486453
3.26732978575294	1.1211772426211
1.95879552552655	0.437985228139192
-1.7975657981284	0.379599665892429
1.95879552552655	0.437985228139192
1.95793128711136	0.437766051086387
1.46209127003869	0.484377128190959
-3.08160228540496	0.95864568534502
0.15823182603157	0.0297179405544109
0.159251072645633	0.0298673857617753
1.95879552552655	0.437985228139192
-1.79763019308962	0.379603777700996
-1.7975657981284	0.379599665892429
1.95879552552655	0.437985228139192
1.95793128711136	0.437766051086387
0.955017933589342	0.253480850166851
-0.620903335937371	0.151058535991718
0.157809365437772	0.0470462908960921
0.536981267153455	0.192450260059129
0.157259696796029	0.0532031124835433
0.955450516302873	0.253599562429476
-1.12825544522804	0.339732258677114
0.157971563808893	0.0296806747786729
-0.620473624670499	0.150917804175241
0.167786821496111	0.0423548811213711
-0.515628502560756	0.194509626863946
0.155329250171956	0.0463045349654947
-0.625191995446008	0.152059991852936
-1.81262047956212	0.734554727038592
-0.305667536286251	0.140433710955756
-0.518386429636852	0.195700313035901
1.95879552552655	0.437985228139192
-1.02477806380377	0.404828995968834
0.532196819047093	0.190683131950839
0.950720958067184	0.252420162622268
-2.57847696185857	0.659529736545688
0.15823182603157	0.0297179405544109
1.95793128711136	0.437766051086387
0.0372800689540828	0.0204874490212457
0.0148323391081555	0.00749760050906721
-0.0939468953498199	0.037282483387852
-0.899019880102565	0.651610631019819
-0.0956056152032114	0.0379043795807342
0.959294652844364	0.254663957360155
2.7590679263751	0.76692961097815
1.95879552552655	0.437985228139192
0.957025852492456	0.254006696314478
-0.0978660616763074	0.0388349500790339
-0.986159381495422	0.488772931885966
0.328401199678515	0.199536320156331
-0.133549936393496	0.0751368173159571
-0.0257011992650514	0.0164612878577977
0.154418943855317	0.0670900081595295
-1.81352302981117	0.735065306555984
4.17525305412324	2.00082473978421
1.96141436018454	0.438711417164155
-1.79763019308962	0.379603777700996
0.157971563808893	0.0296806747786729
0.162171049505848	0.0303007576998756
-0.620903335937371	0.151058535991718
-0.771167851788504	0.335180013603335
-1.27264921265823	0.571489965817473
-0.304814957959042	0.140040338779575
-0.21725219958623	0.0699489287533772
-1.0315123105195	0.407955460099883
1.28183998326887	0.707336736147182
-0.220849649046566	0.0710925897619741
-0.147093652274001	0.0525528129665041
0.162601039894696	0.048342621442819
0.148694909501208	0.0569995815475241
1.11484975317759	0.852394367510714
0.446263382986311	0.179016678797599
1.95793128711136	0.437766051086387
-2.57847696185857	0.659529736545688
0.164738242561747	0.0490009495728858
-1.7975657981284	0.379599665892429
0.956021254579335	0.253830462538477
-1.80127875869	0.380587746892248
-1.7975657981284	0.379599665892429
-1.7975657981284	0.379599665892429
-0.342107054910445	0.0979510037894855
0.173940988172143	0.0437550114519682
1.0418455851348	0.393863567086238
-1.79763019308962	0.379603777700996
0.951724523631597	0.252769110062367
0.158989511121608	0.0298299152293259
-1.7975657981284	0.379599665892429
-2.57421277656498	0.657506382974291
2.75805496536761	0.766752929661107
1.95879552552655	0.437985228139192
-0.621333103088639	0.151104040920032
-1.7975657981284	0.379599665892429
-0.334830546749113	0.0959542136262779
0.178378460373537	0.04470234426639
-0.718972834438042	0.245626954230634
-3.45228414088993	1.22181665198441
-0.337924641037297	0.0968088152153293
2.76095211479574	0.768066673537379
1.95879552552655	0.437985228139192
1.95793128711136	0.437766051086387
0.144752839138962	0.0554813310742322
-0.177974036439842	0.0950988472452781
-0.146148912480088	0.0522970886883919
-2.57821111666453	0.659475059970799
1.4655515469736	0.485738470948645
-1.83100656858587	1.15132880251566
0.15823182603157	0.0297179405544109
-0.217493795516912	0.0700823766807278
-0.620903335937371	0.151058535991718
-0.0173522542132245	0.00816670614212101
0.564174355543711	0.330028634882945
0.447615686514994	0.17964898897905
-0.011174855723958	0.00537356004779475
-0.620326325745573	0.150885642821786
0.157971563808893	0.0296806747786729
2.7590679263751	0.76692961097815
0.167786821496111	0.0423548811213711
0.167870441262744	0.081632198573904
-0.325446825391507	0.194975847764604
-0.912051752872687	0.664797552703119
-0.894967055057342	0.744326856662046
0.34402953185046	0.210477000043248
0.165140220479751	0.0803572139349451
-3.07793266340176	0.957013587093989
-0.338530582329419	0.0969729638077002
-0.221200715743042	0.0712222587266738
-1.79763019308962	0.379603777700996
-1.80127875869	0.380587746892248
-3.08160228540496	0.95864568534502
1.95879552552655	0.437985228139192
1.95879552552655	0.437985228139192
-1.79763019308962	0.379603777700996
0.161723548567026	0.0481135554994663
0.173378039987466	0.0436162262322836
0.151774444034227	0.0658562253697642
-0.302017183338254	0.138552986425589
-1.20910979608385	0.90944439167622
0.148944843976822	0.0570314016911337
0.696629251122635	0.326266216208756
-0.314471902153985	0.187627422873705
-0.147337064662608	0.0526377645979623
0.826816090554278	0.347389878556976
0.52787584274434	0.188919673472965
0.561366395766593	0.328043484201644
1.06499209905866	0.513861468272036
-0.394708036312048	0.164460385069687
1.95879552552655	0.437985228139192
0.956455214607419	0.253949648163622
0.957461191854986	0.254126256439643
1.95793128711136	0.437766051086387
1.95879552552655	0.437985228139192
1.95793128711136	0.437766051086387
-1.80127875869	0.380587746892248
-1.79763019308962	0.379603777700996
1.33268267273416	0.581267457492734
1.95879552552655	0.437985228139192
0.956021254579335	0.253830462538477
-0.619895187822925	0.150839789138775
-1.79763019308962	0.379603777700996
-1.79763019308962	0.379603777700996
-0.339979595307007	0.0973896500376519
0.1677792397568	0.0498341730879395
-1.12781381973937	0.339579374120096
1.95793128711136	0.437766051086387
-0.620326325745573	0.150885642821786
0.159251072645633	0.0298673857617753
0.525974790890797	0.188312313683146
0.956455214607419	0.253949648163622
-3.75718934185265	1.48017499214909
0.67498185747701	0.213690207850534
1.82851727583204	0.714435845516616
-0.620473624670499	0.150917804175241
-2.57821111666453	0.659475059970799
-0.714421718032391	0.243912186782782
2.75805496536761	0.766752929661107
0.170331293505475	0.0429093144237285
-1.0213509823134	0.403162852904808
0.530762262945688	0.190122868111177
-0.517264023236703	0.195228260106643
0.686516219941277	0.217225649716934
1.95879552552655	0.437985228139192
0.17294827606403	0.0435260072159332
-0.393091467495034	0.163750598389289
-0.601008956207657	0.28779238853772
-0.639682316588009	0.378335659376859
0.153584612791313	0.0458452254142868
-1.16325051516968	0.651758201589738
-0.344042706429557	0.0984794926451442
1.57324176500159	0.780282055570826
0.677168456003689	0.214339100225988
-1.27294293869947	0.571418702061829
1.28671689623154	0.711151825681988
1.46010735547628	0.483457516052687
1.96141436018454	0.438711417164155
1.06134777962938	0.511984928791981
0.624812639650457	0.477149565411605
-0.239580717862852	0.119884968840648
0.150004192965373	0.0575373369947617
1.14256694345931	1.03795514267199
-0.38477830082065	0.159944309995376
0.825259930104852	0.346551823974158
-0.300733011892367	0.137899169398
1.83259355517544	0.716473450995655
1.96141436018454	0.438711417164155
0.168354166613062	0.0424807140134561
-1.12725353624624	0.339405023147411
-0.620903335937371	0.151058535991718
1.95793128711136	0.437766051086387
0.956455214607419	0.253949648163622
1.46265753359042	0.48460907431551
-1.83411719917564	1.15347829572286
-0.0412539068824746	0.0181444511167843
-0.297840053841304	0.136593573682291
-0.601316420945295	0.288415299067969
1.09538623508025	0.676056409165149
-0.779651362131214	0.51329078225883
-1.49047763446344	0.752903954055462
0.827869862391494	0.347914518409003
0.674143348272808	0.213431626689393
-0.143894061192775	0.0514470147020874
0.526808022811829	0.188639363777938
1.06956203261337	0.516936934630967
1.95793128711136	0.437766051086387
1.95879552552655	0.437985228139192
-1.79763019308962	0.379603777700996
-0.620903335937371	0.151058535991718
-1.7975657981284	0.379599665892429
1.95879552552655	0.437985228139192
0.158989511121608	0.0298299152293259
-0.150722043675349	0.0538721596429618
0.158202431453599	0.0297753629586498
1.95879552552655	0.437985228139192
-1.51042707521765	0.53568486067596
1.95879552552655	0.437985228139192
2.75704467106166	0.766025498669684
-1.7975657981284	0.379599665892429
0.674624067917918	0.213658555919133
-0.717468884808632	0.245082515543052
0.156194652005494	0.0528469788655222
0.956455214607419	0.253949648163622
-0.620903335937371	0.151058535991718
1.95879552552655	0.437985228139192
1.95879552552655	0.437985228139192
2.7590679263751	0.76692961097815
-1.79763019308962	0.379603777700996
-0.21725219958623	0.0699489287533772
-0.624623675797245	0.151937920429117
0.16190498991222	0.0302625824147867
0.17351044503084	0.0436385160120603
0.956455214607419	0.253949648163622
-1.7975657981284	0.379599665892429
-1.7975657981284	0.379599665892429
0.158426007238141	0.0472279903538101
1.82948417010899	0.714838990299682
1.0433448222306	0.394400438672122
-1.27208987432739	0.571097274965283
-0.625630686390319	0.152156798395567
0.158989511121608	0.0298299152293259
1.95793128711136	0.437766051086387
0.158989511121608	0.0298299152293259
-0.340593087152544	0.0975352685660813
-2.46657097766168	1.36896669402152
-2.57447078703937	0.657780381714024
0.173940988172143	0.0437550114519682
0.829596825544281	0.348448474032368
1.04210966752671	0.393840140799123
0.15823182603157	0.0297179405544109
-0.592147087736366	0.28296730043027
0.148051580974635	0.0501853650280616
1.82851727583204	0.714435845516616
-3.45714001185249	1.22455064732533
-0.147101697978235	0.0526173318662908
0.670430931165646	0.212216518896251
0.159222562374348	0.0691147103012132
0.15823182603157	0.0297179405544109
0.170331293505475	0.0429093144237285
1.46364987732708	0.48479584486453
2.76197196120423	0.768541369225187
0.157971563808893	0.0296806747786729
1.3329197605053	0.581616348611346
0.157819787360587	0.0533909827533473
0.165622192143609	0.0492275837346074
-2.57472877667238	0.65760345889815
-3.75228333635026	1.47685987725686
0.678327026073525	0.214743904761834
-1.12725353624624	0.339405023147411
-3.08203891306948	0.959069086853276
-2.57447078703937	0.657780381714024
-2.57472877667238	0.65760345889815
1.04033415471618	0.393059276990575
0.159251072645633	0.0298673857617753
0.157971563808893	0.0296806747786729
-0.620473624670499	0.150917804175241
1.95793128711136	0.437766051086387
0.155282002123357	0.02934225636165
-0.620903335937371	0.151058535991718
-1.79763019308962	0.379603777700996
0.158989511121608	0.0298299152293259
-1.7975657981284	0.379599665892429
-3.08247559880565	0.958940682858076
-1.7975657981284	0.379599665892429
0.159251072645633	0.0298673857617753
0.158989511121608	0.0298299152293259
0.15823182603157	0.0297179405544109
3.26732978575294	1.1211772426211
1.95793128711136	0.437766051086387
1.46265753359042	0.48460907431551
-1.79763019308962	0.379603777700996
-1.79763019308962	0.379603777700996
1.46364987732708	0.48479584486453
-3.45714001185249	1.22455064732533
3.64204563210395	1.43174087144813
0.157971563808893	0.0296806747786729
-0.212452220411149	0.0684629276040467
0.159251072645633	0.0298673857617753
1.95879552552655	0.437985228139192
0.176818183184722	0.0443715906559113
-1.13698868821346	0.342607629634493
0.157971563808893	0.0296806747786729
0.173940988172143	0.0437550114519682
-1.7975657981284	0.379599665892429
0.15823182603157	0.0297179405544109
-1.79763019308962	0.379603777700996
-0.619895187822925	0.150839789138775
-0.620903335937371	0.151058535991718
-1.12492122665638	0.338668219085241
-0.620903335937371	0.151058535991718
0.157971563808893	0.0296806747786729
0.956455214607419	0.253949648163622
0.174933567082256	0.0439573605408891
0.956455214607419	0.253949648163622
-1.79763019308962	0.379603777700996
0.15823182603157	0.0297179405544109
0.52968127803567	0.189632310501113
0.177247192199527	0.0444492499698682
0.956455214607419	0.253949648163622
-1.12781381973937	0.339579374120096
-0.528810566940987	0.199985225765841
-0.720199314130701	0.246072307343885
-3.07793266340176	0.957013587093989
-2.57447078703937	0.657780381714024
0.959294652844364	0.254663957360155
-3.08616775699942	0.960575893787374
-3.4565767152091	1.22430361707387
0.956455214607419	0.253949648163622
2.76095211479574	0.768066673537379
1.95879552552655	0.437985228139192
1.95793128711136	0.437766051086387
1.96141436018454	0.438711417164155
0.15823182603157	0.0297179405544109
0.16323818852145	0.0485873708307168
0.15823182603157	0.0297179405544109
0.675232747867266	0.213789953820415
-1.12669343566207	0.339109154533815
-3.08160228540496	0.95864568534502
-0.624623675797245	0.151937920429117
0.173378039987466	0.0436162262322836
1.95879552552655	0.437985228139192
0.157971563808893	0.0296806747786729
2.75805496536761	0.766752929661107
2.76197196120423	0.768541369225187
1.95793128711136	0.437766051086387
-1.79763019308962	0.379603777700996
0.159251072645633	0.0298673857617753
-1.79763019308962	0.379603777700996
-0.34307485466429	0.0982470421897248
0.155282002123357	0.02934225636165
2.75704467106166	0.766025498669684
1.95879552552655	0.437985228139192
2.76197196120423	0.768541369225187
1.95793128711136	0.437766051086387
2.76095211479574	0.768066673537379
-1.79763019308962	0.379603777700996
-0.620473624670499	0.150917804175241
0.956021254579335	0.253830462538477
-0.625191995446008	0.152059991852936
0.957025852492456	0.254006696314478
0.677105074382106	0.214332831776124
-4.21730431413777	1.97039904577845
-1.7975657981284	0.379599665892429
3.26835783601252	1.12163011968705
1.95793128711136	0.437766051086387
1.95879552552655	0.437985228139192
1.96141436018454	0.438711417164155
1.95879552552655	0.437985228139192
-2.57447078703937	0.657780381714024
1.96141436018454	0.438711417164155
1.83162438273742	0.716000775412828
1.95793128711136	0.437766051086387
-0.620903335937371	0.151058535991718
1.95793128711136	0.437766051086387
0.16190498991222	0.0302625824147867
-2.57421277656498	0.657506382974291
-1.7975657981284	0.379599665892429
0.162171049505848	0.0303007576998756
0.957461191854986	0.254126256439643
-1.7975657981284	0.379599665892429
0.15823182603157	0.0297179405544109
1.95793128711136	0.437766051086387
0.956455214607419	0.253949648163622
1.95879552552655	0.437985228139192
0.158989511121608	0.0298299152293259
-0.620903335937371	0.151058535991718
0.155282002123357	0.02934225636165
0.158989511121608	0.0298299152293259
1.95793128711136	0.437766051086387
-1.79763019308962	0.379603777700996
0.957461191854986	0.254126256439643
-0.720182828019212	0.246166050990353
0.678685727410979	0.214982042405379
0.157971563808893	0.0296806747786729
2.75805496536761	0.766752929661107
1.95879552552655	0.437985228139192
1.95793128711136	0.437766051086387
0.676200627845659	0.214099921395796
0.955450516302873	0.253599562429476
0.174370024960364	0.0438183729016174
-0.216409245079586	0.0696890647462961
0.158989511121608	0.0298299152293259
-0.620326325745573	0.150885642821786
0.676200627845659	0.214099921395796
0.159251072645633	0.0298673857617753
-1.7975657981284	0.379599665892429
0.15823182603157	0.0297179405544109
1.04272737841263	0.394268038065867
0.158989511121608	0.0298299152293259
0.176818183184722	0.0443715906559113
0.174370024960364	0.0438183729016174
-0.620903335937371	0.151058535991718
0.15823182603157	0.0297179405544109
0.15823182603157	0.0297179405544109
0.175496922320134	0.0440701137079318
0.950720958067184	0.252420162622268
1.95793128711136	0.437766051086387
0.15823182603157	0.0297179405544109
0.158989511121608	0.0298299152293259
0.174503749901052	0.0438676710334476
-1.7975657981284	0.379599665892429
-1.7975657981284	0.379599665892429
1.95879552552655	0.437985228139192
1.95879552552655	0.437985228139192
0.158989511121608	0.0298299152293259
0.157971563808893	0.0296806747786729
0.173940988172143	0.0437550114519682
1.46166504880046	0.484245680586438
0.164145173866849	0.0415246332756727
-2.57847696185857	0.659529736545688
-2.57421277656498	0.657506382974291
1.95793128711136	0.437766051086387
-1.7975657981284	0.379599665892429
-1.79763019308962	0.379603777700996
0.959865181244613	0.254814612498812
0.671045597340039	0.212419421287662
-0.620326325745573	0.150885642821786
0.164468653517054	0.0489167663284228
1.95879552552655	0.437985228139192
-2.57821111666453	0.659475059970799
-1.79763019308962	0.379603777700996
-2.57421277656498	0.657506382974291
0.956455214607419	0.253949648163622
-1.12781381973937	0.339579374120096
2.75704467106166	0.766025498669684
0.532438411561851	0.190754397880712
1.95793128711136	0.437766051086387
-1.79763019308962	0.379603777700996
1.95793128711136	0.437766051086387
1.95793128711136	0.437766051086387
2.76197196120423	0.768541369225187
-2.57447078703937	0.657780381714024
1.96141436018454	0.438711417164155
1.95879552552655	0.437985228139192
2.76197196120423	0.768541369225187
0.157971563808893	0.0296806747786729
-0.625630686390319	0.152156798395567
0.15823182603157	0.0297179405544109
-2.57421277656498	0.657506382974291
-0.342107054910445	0.0979510037894855
0.15823182603157	0.0297179405544109
1.95793128711136	0.437766051086387
1.95793128711136	0.437766051086387
0.959294652844364	0.254663957360155
0.447719113317435	0.179573027507233
-1.13282069800183	0.341231258763963
0.955450516302873	0.253599562429476
0.960305402281055	0.254935680101795
-2.57447078703937	0.657780381714024
-1.80127875869	0.380587746892248
-2.57847696185857	0.659529736545688
0.157971563808893	0.0296806747786729
1.95879552552655	0.437985228139192
-0.620903335937371	0.151058535991718
-0.625191995446008	0.152059991852936
-2.57472877667238	0.65760345889815
-0.342718944466085	0.0980961923569006
0.159251072645633	0.0298673857617753
-0.215221304062718	0.0693199317381142
1.33208469099746	0.58115584608196
2.75805496536761	0.766752929661107
0.957025852492456	0.254006696314478
0.901478880574831	0.4866918089542
0.164738242561747	0.0490009495728858
1.95793128711136	0.437766051086387
-0.717191145070403	0.244966202456728
0.956021254579335	0.253830462538477
0.15823182603157	0.0297179405544109
1.95793128711136	0.437766051086387
0.960305402281055	0.254935680101795
1.46265753359042	0.48460907431551
0.157971563808893	0.0296806747786729
0.159251072645633	0.0298673857617753
0.158989511121608	0.0298299152293259
1.4655515469736	0.485738470948645
0.157971563808893	0.0296806747786729
-1.12881513859764	0.339906487322227
-0.337318918589577	0.0966140796949229
0.955450516302873	0.253599562429476
1.95793128711136	0.437766051086387
0.956021254579335	0.253830462538477
-1.7975657981284	0.379599665892429
0.15823182603157	0.0297179405544109
0.827869862391494	0.347914518409003
-0.771167851788504	0.335180013603335
0.169762747888229	0.0427831084845497
-1.7975657981284	0.379599665892429
-1.7975657981284	0.379599665892429
2.76095211479574	0.768066673537379
1.95793128711136	0.437766051086387
0.15823182603157	0.0297179405544109
0.167786821496111	0.0423548811213711
0.670081697347895	0.212111377241056
3.6430217955396	1.43205157105291
0.155282002123357	0.02934225636165
-1.7975657981284	0.379599665892429
1.96141436018454	0.438711417164155
-1.79763019308962	0.379603777700996
1.46498308680977	0.485505347800691
0.451765865281851	0.181387363507285
-0.235622709836236	0.117761714544928
-0.218086982244107	0.0702671839866222
-1.1591852991788	0.647740506843392
1.82719449155949	0.713494970764503
0.955017933589342	0.253480850166851
-2.28375127456481	1.15120496397154
-4.40643333457573	2.23454174141084
0.535550464072287	0.191953357336806
3.93397258257213	1.72120776019779
0.15823182603157	0.0297179405544109
-0.624623675797245	0.151937920429117
0.960305402281055	0.254935680101795
-1.7975657981284	0.379599665892429
-0.625630686390319	0.152156798395567
2.76197196120423	0.768541369225187
0.172223255009213	0.0433240097489323
0.956455214607419	0.253949648163622
-1.50982433145335	0.535480148233091
0.960305402281055	0.254935680101795
3.27232628525746	1.12331698634376
2.7590679263751	0.76692961097815
-0.619895187822925	0.150839789138775
1.33208469099746	0.58115584608196
1.04272737841263	0.394268038065867
0.173940988172143	0.0437550114519682
-1.79763019308962	0.379603777700996
0.158989511121608	0.0298299152293259
0.677168456003689	0.214339100225988
0.173940988172143	0.0437550114519682
0.674624067917918	0.213658555919133
0.613713906957544	0.322361292212776
2.7590679263751	0.76692961097815
1.95879552552655	0.437985228139192
0.159042375477486	0.0473891494040675
0.530165701430798	0.189830529659283
-0.761618827551024	0.330213519883693
1.46109938210879	0.484014060767982
-1.79763019308962	0.379603777700996
-0.337559379634888	0.0966770330278957
1.95793128711136	0.437766051086387
1.95793128711136	0.437766051086387
1.95793128711136	0.437766051086387
0.155282002123357	0.02934225636165
0.15823182603157	0.0297179405544109
0.955017933589342	0.253480850166851
1.95793128711136	0.437766051086387
-3.08203891306948	0.959069086853276
2.75805496536761	0.766752929661107
0.152684671650055	0.0584811977102453
-0.617491939447093	0.150288713008559
0.159251072645633	0.0298673857617753
0.158989511121608	0.0298299152293259
-0.336952847519868	0.096512855057735
0.956455214607419	0.253949648163622
0.15823182603157	0.0297179405544109
1.46067242606004	0.483688692701864
2.75805496536761	0.766752929661107
2.11842867036876	0.945672460079198
0.165353233252732	0.0491580922731075
1.95879552552655	0.437985228139192
1.95793128711136	0.437766051086387
0.15823182603157	0.0297179405544109
1.96141436018454	0.438711417164155
-0.620903335937371	0.151058535991718
3.93619624132367	1.72285510420218
0.16190498991222	0.0302625824147867
0.155282002123357	0.02934225636165
-0.61946410648704	0.150698865008898
2.75805496536761	0.766752929661107
0.16190498991222	0.0302625824147867
-0.620903335937371	0.151058535991718
-0.621333103088639	0.151104040920032
-2.57447078703937	0.657780381714024
1.46109938210879	0.484014060767982
1.96141436018454	0.438711417164155
0.16190498991222	0.0302625824147867
1.95879552552655	0.437985228139192
0.163853552605343	0.0487595972376143
1.95879552552655	0.437985228139192
0.17738312662749	0.0444846964186047
2.76197196120423	0.768541369225187
3.26630303248094	1.12023058934939
1.46209127003869	0.484377128190959
1.95879552552655	0.437985228139192
0.17294827606403	0.0435260072159332
1.95879552552655	0.437985228139192
1.95793128711136	0.437766051086387
1.46265753359042	0.48460907431551
1.95793128711136	0.437766051086387
1.95793128711136	0.437766051086387
1.95793128711136	0.437766051086387
-0.620473624670499	0.150917804175241
-2.57447078703937	0.657780381714024
-0.616620021012413	0.150099962492625
0.69235801591731	0.323592754044128
1.04577073722875	0.395582052714565
0.176818183184722	0.0443715906559113
0.438637978809687	0.175706749068719
-1.5094475769206	0.535248673690833
-0.61946410648704	0.150698865008898
-2.57472877667238	0.65760345889815
0.955450516302873	0.253599562429476
1.95793128711136	0.437766051086387
-1.02730920175823	0.406112820022134
0.679297187320958	0.21511425797511
0.955573890382782	0.253753322308027
-0.339136742629042	0.0971078731889835
-1.79763019308962	0.379603777700996
-3.07750490916701	0.956880231933195
0.15823182603157	0.0297179405544109
0.956455214607419	0.253949648163622
-3.07793266340176	0.957013587093989
-1.79763019308962	0.379603777700996
-1.79763019308962	0.379603777700996
-0.625630686390319	0.152156798395567
-3.07793266340176	0.957013587093989
0.956455214607419	0.253949648163622
-0.619895187822925	0.150839789138775
0.162171049505848	0.0303007576998756
1.95879552552655	0.437985228139192
1.95879552552655	0.437985228139192
-1.7975657981284	0.379599665892429
0.159251072645633	0.0298673857617753
-0.617055950695462	0.150241664375452
0.687524823750463	0.321169556258556
-0.625191995446008	0.152059991852936
1.95793128711136	0.437766051086387
1.45652080007828	0.482281887456809
3.64813638806334	1.43480372807629
0.670081697347895	0.212111377241056
-1.51494510157249	0.537750180976637
1.95793128711136	0.437766051086387
1.95793128711136	0.437766051086387
1.96141436018454	0.438711417164155
0.154392805413983	0.0522705690038812
0.164738242561747	0.0490009495728858
-0.620473624670499	0.150917804175241
0.159251072645633	0.0298673857617753
0.154259314455831	0.0291924198815566
0.157971563808893	0.0296806747786729
0.15823182603157	0.0297179405544109
0.158989511121608	0.0298299152293259
-1.12825544522804	0.339732258677114
3.27528390840561	1.12443907352294
0.172643132163515	0.0434132410698589
2.75704467106166	0.766025498669684
1.95879552552655	0.437985228139192
-2.57447078703937	0.657780381714024
0.175496922320134	0.0440701137079318
1.83009713438939	0.715173729277155
0.956455214607419	0.253949648163622
0.679655237519559	0.215244174521264
1.82851727583204	0.714435845516616
2.11869185323705	0.945764565994132
-1.27978240891892	0.575496226977634
-2.0632678020958	0.934730063300611
1.46308301616168	0.484563679444736
-0.620903335937371	0.151058535991718
0.157971563808893	0.0296806747786729
-2.57447078703937	0.657780381714024
-0.218924327489335	0.0705078780993664
-3.07750490916701	0.956880231933195
-1.7975657981284	0.379599665892429
1.95793128711136	0.437766051086387
1.04246313957759	0.393996072509476
1.95879552552655	0.437985228139192
1.95793128711136	0.437766051086387
0.17351044503084	0.0436385160120603
0.15823182603157	0.0297179405544109
-1.12881513859764	0.339906487322227
-2.57472877667238	0.65760345889815
0.959865181244613	0.254814612498812
0.956021254579335	0.253830462538477
1.95879552552655	0.437985228139192
1.95879552552655	0.437985228139192
2.75805496536761	0.766752929661107
2.75704467106166	0.766025498669684
1.46265753359042	0.48460907431551
-0.620473624670499	0.150917804175241
1.95879552552655	0.437985228139192
1.95793128711136	0.437766051086387
2.7590679263751	0.76692961097815
1.95879552552655	0.437985228139192
0.678685727410979	0.214982042405379
1.57324176500159	0.780282055570826
0.172329225153654	0.0922958840242662
1.0703619717886	0.517515132381691
0.164122988767051	0.0488286730136595
0.398782740996698	0.180248213061381
0.145886829054601	0.0559355092988888
0.956021254579335	0.253830462538477
-0.344042706429557	0.0984794926451442
0.531954615713782	0.190517989079214
0.670430931165646	0.212216518896251
1.83320872066104	0.716809839835328
1.46166504880046	0.484245680586438
-2.57447078703937	0.657780381714024
-0.523547828805167	0.197923268795224
2.75704467106166	0.766025498669684
-1.83710513368441	1.15777778400716
-0.0580140617270417	0.0252291360318496
-0.230655186219117	0.115067258983086
-3.07750490916701	0.956880231933195
-2.57472877667238	0.65760345889815
0.16323818852145	0.0485873708307168
-0.222633069722699	0.0716499874142472
-1.12781381973937	0.339579374120096
-3.07793266340176	0.957013587093989
-3.08203891306948	0.959069086853276
-0.716578513626022	0.244664612220419
0.174503749901052	0.0438676710334476
-1.0225353038078	0.403750407139113
0.162171049505848	0.0303007576998756
-3.45116795416625	1.22074097588692
-1.48582494700747	0.74955405412154
-1.79763019308962	0.379603777700996
0.145904103768398	0.0494627341887778
-1.01941107455962	0.402225234221499
1.95879552552655	0.437985228139192
2.75805496536761	0.766752929661107
3.64204563210395	1.43174087144813
2.76197196120423	0.768541369225187
3.93397258257213	1.72120776019779
0.173378039987466	0.0436162262322836
3.26835783601252	1.12163011968705
0.674624067917918	0.213658555919133
-2.46687647309564	1.36924337844726
0.153868695124602	0.0589460710470917
1.46265753359042	0.48460907431551
1.95793128711136	0.437766051086387
-3.07793266340176	0.957013587093989
0.174503749901052	0.0438676710334476
3.26835783601252	1.12163011968705
1.95793128711136	0.437766051086387
1.95793128711136	0.437766051086387
-1.7975657981284	0.379599665892429
0.170211653850527	0.0504730190931177
0.956021254579335	0.253830462538477
1.33351744615377	0.581727707383388
0.154259314455831	0.0291924198815566
-0.338530582329419	0.0969729638077002
0.172385921068679	0.0433875285709768
-1.12669343566207	0.339109154533815
1.95793128711136	0.437766051086387
1.04095157071845	0.393332373967802
-0.1446627598823	0.051733083076893
0.480496157114934	0.328750836728041
-0.0897031791441643	0.0356508814453891
0.450961924488652	0.181018370719246
-2.10529529474671	1.61043680905511
-0.234204720657089	0.117116143347749
0.349028466952085	0.195931836276269
0.614978258158874	0.323081911386586
0.534471951018738	0.19143913325364
0.0435127707558244	0.0238582129734571
0.0553324826018105	0.0324643284414822
0.182147873382249	0.125046093519161
-0.248135852134514	0.20781121538724
0.356606547986663	0.200491681537825
0.152705092212536	0.0517022070713414
-3.07793266340176	0.957013587093989
0.15823182603157	0.0297179405544109
2.7590679263751	0.76692961097815
1.95879552552655	0.437985228139192
1.95793128711136	0.437766051086387
-0.61946410648704	0.150698865008898
0.162171049505848	0.0303007576998756
-1.7975657981284	0.379599665892429
-1.7975657981284	0.379599665892429
-3.45172595803352	1.22146685013561
-0.228194333360949	0.113818578445306
-2.57447078703937	0.657780381714024
0.158989511121608	0.0298299152293259
-0.620326325745573	0.150885642821786
1.95879552552655	0.437985228139192
1.95793128711136	0.437766051086387
1.11110299136648	0.849008608361029
-0.177106141596625	0.094659623170723
-0.229068199609935	0.114272463195778
2.12237275162321	0.948156957082224
0.15823182603157	0.0297179405544109
2.7590679263751	0.76692961097815
2.75704467106166	0.766025498669684
-1.79763019308962	0.379603777700996
-1.7975657981284	0.379599665892429
-1.79763019308962	0.379603777700996
1.96141436018454	0.438711417164155
1.95879552552655	0.437985228139192
1.95793128711136	0.437766051086387
0.162622561049093	0.0484009930995383
-1.02194301820446	0.403479228390162
-0.986165517449301	0.489076263495754
-0.767784421773333	0.333208693201324
-0.765682827261857	0.332157438971102
1.26257882923483	0.881452258045607
0.674015164989584	0.213380808783075
0.536145192793524	0.192183675780863
0.630397515337207	0.482308738158444
-1.32900580649274	0.834939016441427
-0.653453998603126	0.453830109224685
-0.0961160112480419	0.0562906395505545
-0.590969720641915	0.479549075664676
-0.446213526533113	0.295413897736406
-0.306937866263386	0.141037565321598
2.3637501294028	2.83039369449216
1.25152881794836	1.06073033774512
-0.0755762693866392	0.0556820515119085
0.0779924301691859	0.052945177593622
0.187701656146744	0.12920131862875
-0.140084201041551	0.0501535768345241
-0.61946410648704	0.150698865008898
0.158989511121608	0.0298299152293259
2.11754480680452	0.94503257477152
0.157971563808893	0.0296806747786729
-1.80127875869	0.380587746892248
0.159251072645633	0.0298673857617753
0.154392805413983	0.0522705690038812
-0.620326325745573	0.150885642821786
1.82719449155949	0.713494970764503
0.158989511121608	0.0298299152293259
0.17738312662749	0.0444846964186047
0.0614388796626607	0.0380885978256197
0.826816090554278	0.347389878556976
1.03791471976137	0.392024637204806
1.57585328800947	0.781914893440029
3.26732978575294	1.1211772426211
0.157971563808893	0.0296806747786729
0.956021254579335	0.253830462538477
1.46498308680977	0.485505347800691
1.95793128711136	0.437766051086387
1.95879552552655	0.437985228139192
1.95793128711136	0.437766051086387
0.15823182603157	0.0297179405544109
0.691605221955175	0.323735244116894
0.0379188236657252	0.0208332423213992
0.673656731319726	0.21327169490293
-0.718972834438042	0.245626954230634
-0.51438298636481	0.194118813219938
1.04272737841263	0.394268038065867
2.7590679263751	0.76692961097815
-1.79763019308962	0.379603777700996
-0.619895187822925	0.150839789138775
1.0444887245408	0.394848386181826
1.46166504880046	0.484245680586438
-2.57421277656498	0.657506382974291
-1.79763019308962	0.379603777700996
4.17525305412324	2.00082473978421
0.956455214607419	0.253949648163622
1.04577073722875	0.395582052714565
-1.02849467792112	0.40651458449095
-0.00621962773951293	0.00313342166285404
-0.785526256559555	0.428571742635926
-0.0207919135346113	0.00969955824664541
-1.16566670503377	0.652663943167123
0.00992020946540743	0.00509612293557882
1.95793128711136	0.437766051086387
0.159251072645633	0.0298673857617753
0.159251072645633	0.0298673857617753
0.158989511121608	0.0298299152293259
0.675591354383564	0.213968352567141
0.158989511121608	0.0298299152293259
1.95879552552655	0.437985228139192
1.95879552552655	0.437985228139192
-2.57447078703937	0.657780381714024
0.525378140173977	0.188039309051153
0.669467631715225	0.211908752948447
0.157007711765635	0.053125881526133
-1.12781381973937	0.339579374120096
-0.344042706429557	0.0984794926451442
-0.217003595344889	0.0698544104353752
-1.12725353624624	0.339405023147411
-2.57421277656498	0.657506382974291
1.4655515469736	0.485738470948645
-2.57447078703937	0.657780381714024
-0.0487821403695745	0.0213233387350772
2.11869185323705	0.945764565994132
0.172385921068679	0.0433875285709768
1.4655515469736	0.485738470948645
3.26835783601252	1.12163011968705
1.45941385003452	0.483259882361236
0.955017933589342	0.253480850166851
0.174503749901052	0.0438676710334476
-0.621333103088639	0.151104040920032
0.678327026073525	0.214743904761834
0.956455214607419	0.253949648163622
0.15823182603157	0.0297179405544109
0.158989511121608	0.0298299152293259
-1.12725353624624	0.339405023147411
-0.617055950695462	0.150241664375452
1.95879552552655	0.437985228139192
-3.07750490916701	0.956880231933195
0.539266647317431	0.19330887981843
0.158989511121608	0.0298299152293259
0.329058000007948	0.215118851858775
1.95879552552655	0.437985228139192
2.75805496536761	0.766752929661107
0.960305402281055	0.254935680101795
2.75805496536761	0.766752929661107
0.157971563808893	0.0296806747786729
-1.12825544522804	0.339732258677114
0.157971563808893	0.0296806747786729
-1.02275196325719	0.403905696700775
0.822832332666427	0.345345001072504
0.673656731319726	0.21327169490293
0.400830084073374	0.181327196807139
-0.339136742629042	0.0971078731889835
0.393676200392675	0.177812483559907
-0.303291425090744	0.139138999695785
0.17294827606403	0.0435260072159332
0.166279076961167	0.0494077549790747
-0.338530582329419	0.0969729638077002
0.524543655069631	0.187663999867334
0.159251072645633	0.0298673857617753
1.46498308680977	0.485505347800691
1.95793128711136	0.437766051086387
1.83223894779093	0.716336716062103
0.174503749901052	0.0438676710334476
0.158989511121608	0.0298299152293259
1.04272737841263	0.394268038065867
-0.336952847519868	0.096512855057735
0.399239355934579	0.180475942649115
-1.79763019308962	0.379603777700996
-0.213293977179729	0.0687362131681472
0.162968126753743	0.0485024678975847
1.95879552552655	0.437985228139192
0.15823182603157	0.0297179405544109
-0.624623675797245	0.151937920429117
-0.338530582329419	0.0969729638077002
-1.79763019308962	0.379603777700996
0.0155799575676098	0.0078932690467974
2.76197196120423	0.768541369225187
1.95793128711136	0.437766051086387
1.95793128711136	0.437766051086387
0.957461191854986	0.254126256439643
1.95879552552655	0.437985228139192
0.15823182603157	0.0297179405544109
0.15823182603157	0.0297179405544109
3.64405193165419	1.43312407887711
0.397957500852408	0.179831860627171
0.688159674696118	0.321532968570594
0.952729371406254	0.252945498225285
-0.0134626072183349	0.00641173906074151
0.164122988767051	0.0488286730136595
0.163216121532018	0.0485245766457704
1.82948417010899	0.714838990299682
-0.137644441445284	0.0493160881207717
-0.620903335937371	0.151058535991718
0.451765865281851	0.181387363507285
-0.625191995446008	0.152059991852936
0.166894126545373	0.0495801423286346
0.951724523631597	0.252769110062367
2.75805496536761	0.766752929661107
0.957461191854986	0.254126256439643
0.170331293505475	0.0429093144237285
3.26835783601252	1.12163011968705
2.75805496536761	0.766752929661107
-1.12881513859764	0.339906487322227
-0.0986841463384019	0.039133725253121
-0.337924641037297	0.0968088152153293
0.825259930104852	0.346551823974158
0.370039295479219	0.187763230969108
-0.393179021448861	0.163534423024658
0.172385921068679	0.0433875285709768
1.95879552552655	0.437985228139192
1.46597699067366	0.485748477491111
1.95879552552655	0.437985228139192
1.57404767215904	0.780807377405224
-1.79763019308962	0.379603777700996
0.451240643407656	0.181143919700285
-2.07095503900868	0.940306066070207
1.82658331770683	0.713161725221294
1.04272737841263	0.394268038065867
0.174933567082256	0.0439573605408891
0.159251072645633	0.0298673857617753
0.16566376423511	0.049220972992664
1.95879552552655	0.437985228139192
1.95879552552655	0.437985228139192
1.95879552552655	0.437985228139192
-3.76273969736211	1.48271215109005
1.27737308094797	0.703647749732919
0.173378039987466	0.0436162262322836
-0.620326325745573	0.150885642821786
0.158989511121608	0.0298299152293259
0.681797110069949	0.21588345629796
0.157568112712888	0.0533067915180714
0.162171049505848	0.0303007576998756
0.153267904345544	0.0519012670754554
1.24798352556197	0.865926829122205
1.46265753359042	0.48460907431551
1.95879552552655	0.437985228139192
1.46398903776532	0.484992681122713
1.95793128711136	0.437766051086387
0.956021254579335	0.253830462538477
0.153868695124602	0.0589460710470917
0.526571184576376	0.188493803820027
-0.386331110072793	0.217779255312235
-1.51042707521765	0.53568486067596
2.7590679263751	0.76692961097815
1.33208469099746	0.58115584608196
0.157971563808893	0.0296806747786729
0.957025852492456	0.254006696314478
2.75805496536761	0.766752929661107
1.95879552552655	0.437985228139192
0.679655237519559	0.215244174521264
1.82912964257087	0.714770179842855
3.26938718630885	1.12163262119223
0.16934280349587	0.0427080042196444
1.96141436018454	0.438711417164155
-2.57821111666453	0.659475059970799
0.959865181244613	0.254814612498812
0.151061641523147	0.0578640062767647
-1.50861948725752	0.534748868530857
1.95793128711136	0.437766051086387
1.95879552552655	0.437985228139192
3.05122071639554	2.27132798428399
-0.334830546749113	0.0959542136262779
0.15823182603157	0.0297179405544109
0.960305402281055	0.254935680101795
1.27855875158651	0.704866524537988
0.956021254579335	0.253830462538477
0.955450516302873	0.253599562429476
0.956021254579335	0.253830462538477
1.95793128711136	0.437766051086387
0.956455214607419	0.253949648163622
2.75805496536761	0.766752929661107
1.46364987732708	0.48479584486453
1.62794620122676	1.14461769043019
0.398414725600481	0.180059746605272
-0.719585944508868	0.245867637672296
0.14975829663456	0.0573602319285313
-1.02227856559557	0.403428109617556
-0.982304761044915	0.485944393851237
1.06214611876241	0.512522872891445
0.403386671025948	0.182633197912926
-0.61946410648704	0.150698865008898
1.95793128711136	0.437766051086387
1.82912964257087	0.714770179842855
-1.7975657981284	0.379599665892429
-0.620903335937371	0.151058535991718
0.168393915595915	0.0499912542478598
0.673656731319726	0.21327169490293
3.26630303248094	1.12023058934939
1.04246313957759	0.393996072509476
1.95793128711136	0.437766051086387
0.674624067917918	0.213658555919133
0.15823182603157	0.0297179405544109
0.176818183184722	0.0443715906559113
0.956021254579335	0.253830462538477
0.15823182603157	0.0297179405544109
0.15823182603157	0.0297179405544109
1.04726688944174	0.396088731238016
2.11780862301852	0.945248734413775
0.675591354383564	0.213968352567141
0.678074042401891	0.214702481365457
-1.79763019308962	0.379603777700996
1.95793128711136	0.437766051086387
-1.79763019308962	0.379603777700996
2.75704467106166	0.766025498669684
0.529325922387399	0.189451846093382
-0.3395018260887	0.0972061822975938
-0.624183598429151	0.151840837481169
0.157971563808893	0.0296806747786729
-0.619895187822925	0.150839789138775
0.536981267153455	0.192450260059129
-0.588475988699014	0.476711503215902
-0.527162562525694	0.331865733837141
0.392764877199563	0.177360356963154
-0.0939468953498199	0.037282483387852
0.15823182603157	0.0297179405544109
0.956021254579335	0.253830462538477
0.15823182603157	0.0297179405544109
1.95793128711136	0.437766051086387
1.96141436018454	0.438711417164155
-0.145472337378192	0.0520149972990822
0.450436111391181	0.180774850838104
0.676558588301015	0.214207370803977
0.446384732504796	0.1789536030377
0.158819332515352	0.0689233785889917
0.173940988172143	0.0437550114519682
-0.641450387435683	0.378933766310571
0.16934280349587	0.0427080042196444
0.533874851755615	0.191264906036687
0.673048421642057	0.212994504688281
0.173378039987466	0.0436162262322836
-0.620903335937371	0.151058535991718
0.675591354383564	0.213968352567141
-0.51438298636481	0.194118813219938
-1.02730920175823	0.406112820022134
0.671394166412374	0.212454198010421
-0.34307485466429	0.0982470421897248
0.175496922320134	0.0440701137079318
-1.79763019308962	0.379603777700996
-1.12881513859764	0.339906487322227
0.15823182603157	0.0297179405544109
-0.145472337378192	0.0520149972990822
1.06499209905866	0.513861468272036
-0.785947821971787	0.42883385958805
0.675591354383564	0.213968352567141
1.95879552552655	0.437985228139192
-1.79763019308962	0.379603777700996
0.159251072645633	0.0298673857617753
-1.02220030668553	0.403399409057447
-0.781170171807402	0.424765166186687
-0.340107395831878	0.0973408882698726
1.95793128711136	0.437766051086387
-2.57847696185857	0.659529736545688
-1.7975657981284	0.379599665892429
2.75805496536761	0.766752929661107
0.182352088308288	0.106118331444535
-0.639700186270435	0.377780570593929
-0.941565276039205	0.576400309689175
0.963018896066717	0.657288805052054
0.394045887655009	0.178028324192935
-0.38055417649815	0.260882227807748
1.3366322141597	0.58354097730275
0.956455214607419	0.253949648163622
3.64405193165419	1.43312407887711
1.96141436018454	0.438711417164155
1.95793128711136	0.437766051086387
0.173940988172143	0.0437550114519682
0.448246823419833	0.17979017346935
-0.717468884808632	0.245082515543052
-1.81860731780454	0.737578883081637
-0.392761947738987	0.16360109959024
1.46166504880046	0.484245680586438
-3.07793266340176	0.957013587093989
1.95793128711136	0.437766051086387
0.674624067917918	0.213658555919133
2.7590679263751	0.76692961097815
0.15823182603157	0.0297179405544109
2.75805496536761	0.766752929661107
-1.13182284417153	0.340904867919198
0.674015164989584	0.213380808783075
1.46209127003869	0.484377128190959
0.157971563808893	0.0296806747786729
1.95879552552655	0.437985228139192
0.159251072645633	0.0298673857617753
-2.57421277656498	0.657506382974291
0.165007048838445	0.0490553112296366
1.57267628537105	0.779552578066682
-1.97638901049016	1.375232417412
2.7590679263751	0.76692961097815
0.956021254579335	0.253830462538477
0.445985854243847	0.178925932999787
1.46308301616168	0.484563679444736
0.157971563808893	0.0296806747786729
-1.79763019308962	0.379603777700996
0.680267294542255	0.215376555237081
1.04515347900522	0.395153426226023
0.162352652580513	0.0483303505238246
-1.27813836358657	0.574579345804312
-0.619895187822925	0.150839789138775
0.158989511121608	0.0298299152293259
-2.57821111666453	0.659475059970799
1.95879552552655	0.437985228139192
0.365436386963589	0.184821741432925
-3.07750490916701	0.956880231933195
-0.777014664289417	0.511329252302976
-0.720182828019212	0.246166050990353
-0.523592418494679	0.197882573952315
0.158989511121608	0.0298299152293259
0.151061641523147	0.0578640062767647
0.819227685269736	0.343693096468269
-1.02646555146412	0.405564715628588
3.26732978575294	1.1211772426211
-0.21413668209253	0.0689782373236906
-2.57421277656498	0.657506382974291
-2.57821111666453	0.659475059970799
1.82302843670005	0.711622876194053
1.95793128711136	0.437766051086387
0.956021254579335	0.253830462538477
0.158989511121608	0.0298299152293259
0.164391642281999	0.0488687543181863
1.46109938210879	0.484014060767982
0.956455214607419	0.253949648163622
0.158989511121608	0.0298299152293259
0.159251072645633	0.0298673857617753
-1.79763019308962	0.379603777700996
-1.79763019308962	0.379603777700996
-1.51042707521765	0.53568486067596
0.950720958067184	0.252420162622268
-2.28138024315686	1.14871094914159
-0.215815148052618	0.0695090074287807
3.26630303248094	1.12023058934939
-0.619895187822925	0.150839789138775
1.0433448222306	0.394400438672122
1.83126911611682	0.715624907230154
-0.335438661955823	0.0961186879895653
-2.57472877667238	0.65760345889815
0.149267042865243	0.0571682270212861
0.154259314455831	0.0291924198815566
-2.57447078703937	0.657780381714024
2.75704467106166	0.766025498669684
1.95793128711136	0.437766051086387
0.16190498991222	0.0302625824147867
1.95793128711136	0.437766051086387
1.95879552552655	0.437985228139192
-0.148000056178146	0.0529246723651301
0.347738761713858	0.194670455447425
0.823078351695812	0.34550391355806
-0.517825107309169	0.195474359908123
-2.46709382249978	1.36925761844377
-0.976810125727647	0.482380932386852
0.144848047757523	0.0491370939506188
1.95793128711136	0.437766051086387
0.956021254579335	0.253830462538477
1.95879552552655	0.437985228139192
0.677716162542668	0.214611870267994
0.150139562382428	0.0651438217215166
0.530155722781082	0.189859919098161
0.163853552605343	0.0487595972376143
1.95793128711136	0.437766051086387
-3.07793266340176	0.957013587093989
-1.7975657981284	0.379599665892429
-0.61946410648704	0.150698865008898
-2.57472877667238	0.65760345889815
1.4604038372023	0.483769829709272
0.157971563808893	0.0296806747786729
0.162954029252909	0.0484564307378685
0.959294652844364	0.254663957360155
-1.7975657981284	0.379599665892429
-1.13295352450292	0.341266245931736
0.960305402281055	0.254935680101795
1.95879552552655	0.437985228139192
-1.12492122665638	0.338668219085241
1.04122776355439	0.393435934346114
0.156001860021276	0.0464886178132163
-0.722881564981813	0.247143842823858
-1.27702255318032	0.574015400729037
-0.619895187822925	0.150839789138775
-2.57421277656498	0.657506382974291
-0.516445778893015	0.194901695063007
0.675109449967238	0.21369241449263
-1.7975657981284	0.379599665892429
0.159251072645633	0.0298673857617753
0.956455214607419	0.253949648163622
1.57300066070252	0.779753450272878
0.396915452026465	0.179527619920334
-0.625630686390319	0.152156798395567
-1.79763019308962	0.379603777700996
0.177812920485068	0.0445891130396879
0.15823182603157	0.0297179405544109
1.95879552552655	0.437985228139192
-0.141175092974388	0.0505326225047206
-0.784813285091012	0.427488417457071
-0.0511735377002978	0.0223217768183221
-1.48821949130137	0.750607100385695
-0.145866306322633	0.052205308942621
-0.0483782520994816	0.0211517007331903
1.04120842920151	0.393430906801103
0.902901337290716	0.487273025265444
2.12325323580269	0.948602765952738
0.827062362966711	0.347535018691045
1.96649418078604	1.22997614348551
3.26630303248094	1.12023058934939
3.64101793434512	1.43134239135362
0.673048421642057	0.212994504688281
1.95793128711136	0.437766051086387
-0.620903335937371	0.151058535991718
-0.624623675797245	0.151937920429117
-0.719921406038465	0.24597629720829
0.956021254579335	0.253830462538477
0.175496922320134	0.0440701137079318
0.956021254579335	0.253830462538477
0.17294827606403	0.0435260072159332
-0.619895187822925	0.150839789138775
-0.23191367114418	0.11572587008237
1.27874799944366	0.705561700431106
0.695128460274153	0.325145696704504
-0.620903335937371	0.151058535991718
0.675948496687313	0.213928974911644
2.11754480680452	0.94503257477152
3.94142925014609	1.72568889876336
-2.57447078703937	0.657780381714024
-2.57447078703937	0.657780381714024
0.959294652844364	0.254663957360155
-1.79763019308962	0.379603777700996
-3.07750490916701	0.956880231933195
1.95879552552655	0.437985228139192
0.158989511121608	0.0298299152293259
0.174503749901052	0.0438676710334476
3.27025913837768	1.12233669524588
-0.766968651898497	0.33281296786619
0.955450516302873	0.253599562429476
-1.81738212013859	0.737229580571004
-1.7975657981284	0.379599665892429
-3.08203891306948	0.959069086853276
-0.342463785834028	0.0980578484034576
-0.340107395831878	0.0973408882698726
-0.617055950695462	0.150241664375452
0.791701761285813	0.475756692654664
0.796722555830228	0.480060401024174
0.823078351695812	0.34550391355806
0.679297187320958	0.21511425797511
1.46654605141329	0.485981855384374
0.674624067917918	0.213658555919133
1.33124526814043	0.580684485642859
2.1258858405555	1.48419399265321
0.157971563808893	0.0296806747786729
0.825691409963229	0.346699820369323
0.177812920485068	0.0445891130396879
1.12041407346523	0.858501806337891
0.955450516302873	0.253599562429476
1.95793128711136	0.437766051086387
0.957461191854986	0.254126256439643
0.157971563808893	0.0296806747786729
1.04427198623154	0.394656801502761
1.83126911611682	0.715624907230154
-0.519768829568746	0.196162419845737
-0.343432234206214	0.0982903961052269
-2.57421277656498	0.657506382974291
-3.07750490916701	0.956880231933195
1.95879552552655	0.437985228139192
0.158989511121608	0.0298299152293259
2.11784059999101	0.945083067174483
1.95879552552655	0.437985228139192
0.1677792397568	0.0498341730879395
0.527044238798593	0.188665151211694
-0.343432234206214	0.0982903961052269
-1.7975657981284	0.379599665892429
1.04752875622395	0.396218430849903
0.832458092735039	0.35002618793994
3.26630303248094	1.12023058934939
1.95793128711136	0.437766051086387
-1.79763019308962	0.379603777700996
-1.79763019308962	0.379603777700996
0.173940988172143	0.0437550114519682
0.39096762687501	0.176568513596774
2.75805496536761	0.766752929661107
0.15823182603157	0.0297179405544109
0.15823182603157	0.0297179405544109
1.83162438273742	0.716000775412828
0.795084205836182	0.477916152341859
1.46109938210879	0.484014060767982
1.3366322141597	0.58354097730275
-1.81291187157146	0.734751884578751
2.13374080225114	1.49407663008764
3.27129205644114	1.12317050813274
2.75805496536761	0.766752929661107
0.158989511121608	0.0298299152293259
1.95879552552655	0.437985228139192
-0.61946410648704	0.150698865008898
-3.45340104404634	1.22171831505731
0.157971563808893	0.0296806747786729
-2.57421277656498	0.657506382974291
0.171653101789031	0.0431973221484952
-1.81139863683783	0.733838743939283
-0.338896474896558	0.0970421752101679
1.46209127003869	0.484377128190959
-1.79763019308962	0.379603777700996
0.15823182603157	0.0297179405544109
-1.80127875869	0.380587746892248
-1.79763019308962	0.379603777700996
-1.7975657981284	0.379599665892429
-0.0922060904674837	0.0366063341437637
-0.723225679429377	0.247243051260999
-0.216657809109618	0.0697687117469907
-2.57472877667238	0.65760345889815
0.154259314455831	0.0291924198815566
-1.7975657981284	0.379599665892429
-0.715368637354031	0.244333825945774
1.57722144544452	0.783207973163534
0.162969200134662	0.0707674964489709
0.696140528705959	0.32596537413612
0.17294827606403	0.0435260072159332
2.75805496536761	0.766752929661107
-2.57447078703937	0.657780381714024
-1.79763019308962	0.379603777700996
-0.621333103088639	0.151104040920032
0.155282002123357	0.02934225636165
1.95793128711136	0.437766051086387
0.175496922320134	0.0440701137079318
0.173378039987466	0.0436162262322836
0.450961924488652	0.181018370719246
0.675591354383564	0.213968352567141
1.33550128529197	0.582683565731176
1.57380699802241	0.780349499816827
2.76095211479574	0.768066673537379
0.159251072645633	0.0298673857617753
-0.0487821403695745	0.0213233387350772
0.678226553256205	0.214653433627451
-1.79763019308962	0.379603777700996
-1.12379649940684	0.33819735561451
-0.143853906865524	0.0514402627084585
3.26835783601252	1.12163011968705
2.12087192734391	0.947138368475404
0.525974790890797	0.188312313683146
-1.12881513859764	0.339906487322227
1.95793128711136	0.437766051086387
0.16190498991222	0.0302625824147867
1.95793128711136	0.437766051086387
-1.79763019308962	0.379603777700996
-1.7975657981284	0.379599665892429
-1.12781381973937	0.339579374120096
0.676200627845659	0.214099921395796
-0.0895494395829712	0.0356214113071249
1.83572003024131	0.717758246473073
0.157971563808893	0.0296806747786729
0.158989511121608	0.0298299152293259
-0.71869462645605	0.245625159522256
0.173940988172143	0.0437550114519682
2.76095211479574	0.768066673537379
-1.79763019308962	0.379603777700996
0.955450516302873	0.253599562429476
0.154954894721934	0.0524399678344355
-0.050914915482691	0.0222154143295593
0.173940988172143	0.0437550114519682
1.95793128711136	0.437766051086387
0.15823182603157	0.0297179405544109
-1.7975657981284	0.379599665892429
-1.79763019308962	0.379603777700996
0.956021254579335	0.253830462538477
-0.21725219958623	0.0699489287533772
-0.724110175343364	0.247660897147714
0.158989511121608	0.0298299152293259
-1.7975657981284	0.379599665892429
-0.619895187822925	0.150839789138775
0.15823182603157	0.0297179405544109
-0.621784192774111	0.151338791569665
-0.338896474896558	0.0970421752101679
0.164738242561747	0.0490009495728858
0.823888102049168	0.345906037374267
2.12114370861784	1.47940414619728
0.156463480688109	0.0599361206234149
0.1732138890056	0.0435401196761172
0.162961140902381	0.070777537538833
1.78063734566247	0.992628395554554
1.77950391586502	0.992441144266195
1.04096305100241	0.393348131713795
0.157971563808893	0.0296806747786729
0.955017933589342	0.253480850166851
0.957025852492456	0.254006696314478
1.95793128711136	0.437766051086387
0.956455214607419	0.253949648163622
0.951724523631597	0.252769110062367
0.674264818482823	0.213402910671394
-1.7975657981284	0.379599665892429
1.46846293168858	0.486570444742071
0.530165701430798	0.189830529659283
-1.81352302981117	0.735065306555984
-1.12881513859764	0.339906487322227
-1.51494510157249	0.537750180976637
2.75704467106166	0.766025498669684
0.956455214607419	0.253949648163622
0.157971563808893	0.0296806747786729
-2.57447078703937	0.657780381714024
1.46166504880046	0.484245680586438
1.46209127003869	0.484377128190959
-0.729206528732148	0.249387911798509
1.04272737841263	0.394268038065867
-0.0492553063669846	0.0215229817396632
-1.81827955350507	0.737738285564138
0.15823182603157	0.0297179405544109
-2.57421277656498	0.657506382974291
2.11521181576845	0.943205228800713
1.33460347604402	0.582347430988149
-2.57447078703937	0.657780381714024
2.11780862301852	0.945248734413775
-1.27208987432739	0.571097274965283
1.0433448222306	0.394400438672122
-0.141938715394053	0.0508009980270485
0.15823182603157	0.0297179405544109
-0.619895187822925	0.150839789138775
0.153179217844522	0.0518679803975777
0.174503749901052	0.0438676710334476
-1.79763019308962	0.379603777700996
-1.79763019308962	0.379603777700996
0.679655237519559	0.215244174521264
0.154259314455831	0.0291924198815566
1.04338239124327	0.394137643784005
0.956455214607419	0.253949648163622
-1.50884424560785	0.535043767502043
0.159251072645633	0.0298673857617753
1.95793128711136	0.437766051086387
0.956021254579335	0.253830462538477
2.75805496536761	0.766752929661107
-0.3395018260887	0.0972061822975938
0.950720958067184	0.252420162622268
1.95793128711136	0.437766051086387
1.46109938210879	0.484014060767982
-0.716259781908703	0.244657557065158
0.164468653517054	0.0489167663284228
0.531358567637365	0.190353154457246
0.15823182603157	0.0297179405544109
0.164738242561747	0.0490009495728858
0.15823182603157	0.0297179405544109
1.46265753359042	0.48460907431551
-0.61946410648704	0.150698865008898
0.158989511121608	0.0298299152293259
-2.57421277656498	0.657506382974291
-3.07750490916701	0.956880231933195
-0.719307886400812	0.245829792820617
-0.719585944508868	0.245867637672296
1.04908296441077	0.396700954123175
-1.79763019308962	0.379603777700996
0.82202118409377	0.344824422480644
0.157546606671046	0.0469737944802553
1.95879552552655	0.437985228139192
1.95793128711136	0.437766051086387
0.174933567082256	0.0439573605408891
0.83189871028874	0.349744092651029
-1.51494510157249	0.537750180976637
0.394870973019122	0.178443807229182
-1.79763019308962	0.379603777700996
1.96141436018454	0.438711417164155
-0.61946410648704	0.150698865008898
0.163853552605343	0.0487595972376143
3.26835783601252	1.12163011968705
0.158989511121608	0.0298299152293259
0.158202431453599	0.0297753629586498
1.95879552552655	0.437985228139192
0.158989511121608	0.0298299152293259
-0.213543270792488	0.0687986075063655
2.12019415973984	0.946583637874322
-0.139561388216709	0.049967650089781
0.177812920485068	0.0445891130396879
0.145564180353465	0.0558080382468443
1.07116116689747	0.51803508033569
0.53471313464826	0.191636123836102
1.46109938210879	0.484014060767982
0.154259314455831	0.0291924198815566
0.955017933589342	0.253480850166851
2.12175361138722	0.947733160087778
0.699914980996319	0.328077836741601
0.959865181244613	0.254814612498812
1.46067242606004	0.483688692701864
0.178378460373537	0.04470234426639
-1.79763019308962	0.379603777700996
-0.718972834438042	0.245626954230634
-0.210674512949727	0.0678922136943536
-2.57447078703937	0.657780381714024
2.11931178949686	0.946188348024025
0.15823182603157	0.0297179405544109
0.154259314455831	0.0291924198815566
-1.7975657981284	0.379599665892429
-1.7975657981284	0.379599665892429
-0.518947990401155	0.195906357411418
0.814681625313355	0.341378008740325
-0.619895187822925	0.150839789138775
-1.81200943037821	0.734241478143734
0.157971563808893	0.0296806747786729
0.158989511121608	0.0298299152293259
-0.3395018260887	0.0972061822975938
-0.337559379634888	0.0966770330278957
-0.517567096912483	0.195373080592303
3.26835783601252	1.12163011968705
-0.620473624670499	0.150917804175241
-0.149109006987793	0.0533158375998453
0.399239355934579	0.180475942649115
-3.07836047129561	0.956774727997911
-1.12881513859764	0.339906487322227
1.95793128711136	0.437766051086387
-3.08616775699942	0.960575893787374
1.95793128711136	0.437766051086387
1.04487260095226	0.394873910276673
-0.302027309342575	0.138536807446133
0.696629251122635	0.326266216208756
-1.50982433145335	0.535480148233091
1.83320872066104	0.716809839835328
0.162622561049093	0.0484009930995383
0.178378460373537	0.04470234426639
1.46010735547628	0.483457516052687
0.158989511121608	0.0298299152293259
2.75805496536761	0.766752929661107
0.673656731319726	0.21327169490293
0.174933567082256	0.0439573605408891
0.535550464072287	0.191953357336806
-0.720453666514924	0.246264037870489
-1.79763019308962	0.379603777700996
-0.620903335937371	0.151058535991718
0.155282002123357	0.02934225636165
-1.80127875869	0.380587746892248
0.678226553256205	0.214653433627451
0.52849022154644	0.189177901504486
-3.07836047129561	0.956774727997911
1.95793128711136	0.437766051086387
0.159251072645633	0.0298673857617753
-0.334465167213362	0.0958562903993202
2.7590679263751	0.76692961097815
1.95793128711136	0.437766051086387
2.11692464856437	0.944608977413808
0.165007048838445	0.0490553112296366
4.17525305412324	2.00082473978421
0.173940988172143	0.0437550114519682
2.75805496536761	0.766752929661107
-3.07793266340176	0.957013587093989
-1.80127875869	0.380587746892248
-2.57847696185857	0.659529736545688
0.69235801591731	0.323592754044128
-0.619895187822925	0.150839789138775
2.76197196120423	0.768541369225187
-1.79763019308962	0.379603777700996
0.15823182603157	0.0297179405544109
-1.80127875869	0.380587746892248
-1.7975657981284	0.379599665892429
-1.79763019308962	0.379603777700996
1.95793128711136	0.437766051086387
0.957025852492456	0.254006696314478
0.155282002123357	0.02934225636165
0.153784739713925	0.0666752947243333
-1.51396898226758	0.537314617740072
1.04182554907797	0.393703969965548
0.82202118409377	0.344824422480644
0.149422101710692	0.0506397395463473
2.12175361138722	0.947733160087778
2.75704467106166	0.766025498669684
1.45750864016971	0.482642955020513
3.26732978575294	1.1211772426211
-0.720182828019212	0.246166050990353
-2.57472877667238	0.65760345889815
0.673048421642057	0.212994504688281
0.158202431453599	0.0297753629586498
-0.516748730928915	0.194980159188936
0.162171049505848	0.0303007576998756
0.173378039987466	0.0436162262322836
0.158202431453599	0.0297753629586498
0.158426007238141	0.0472279903538101
1.95879552552655	0.437985228139192
0.162338925211519	0.0482955049730846
-2.57447078703937	0.657780381714024
3.26835783601252	1.12163011968705
0.158989511121608	0.0298299152293259
1.95879552552655	0.437985228139192
1.83009713438939	0.715173729277155
0.822267625819136	0.345061712364334
-3.07836047129561	0.956774727997911
-2.57821111666453	0.659475059970799
1.95879552552655	0.437985228139192
1.95879552552655	0.437985228139192
-1.79763019308962	0.379603777700996
-0.3395018260887	0.0972061822975938
0.150249356563049	0.0575466478816129
0.533275066051755	0.191011050930048
0.158380279982801	0.068744394324432
-0.620903335937371	0.151058535991718
-0.336952847519868	0.096512855057735
0.159251072645633	0.0298673857617753
0.17294827606403	0.0435260072159332
0.956021254579335	0.253830462538477
-1.80127875869	0.380587746892248
-0.619895187822925	0.150839789138775
-1.79763019308962	0.379603777700996
1.95879552552655	0.437985228139192
0.176818183184722	0.0443715906559113
-0.769127416093656	0.333628839363112
0.69334050166972	0.324281436252243
1.83009713438939	0.715173729277155
1.82816209415628	0.714241631039221
0.174933567082256	0.0439573605408891
-0.21725219958623	0.0699489287533772
2.76197196120423	0.768541369225187
3.26835783601252	1.12163011968705
3.26732978575294	1.1211772426211
0.159251072645633	0.0298673857617753
2.76095211479574	0.768066673537379
1.95793128711136	0.437766051086387
0.176253051776925	0.0442319878724308
1.95793128711136	0.437766051086387
0.956455214607419	0.253949648163622
-2.46739968754565	1.3696315423107
-0.338530582329419	0.0969729638077002
0.956455214607419	0.253949648163622
0.155282002123357	0.02934225636165
-0.719307886400812	0.245829792820617
0.533034126671957	0.190984669183042
0.675591354383564	0.213968352567141
0.959294652844364	0.254663957360155
-0.619895187822925	0.150839789138775
0.159251072645633	0.0298673857617753
-0.620326325745573	0.150885642821786
0.173940988172143	0.0437550114519682
2.11692464856437	0.944608977413808
-1.7975657981284	0.379599665892429
0.956455214607419	0.253949648163622
-2.57821111666453	0.659475059970799
0.15823182603157	0.0297179405544109
0.158989511121608	0.0298299152293259
1.95879552552655	0.437985228139192
0.610832247789423	0.320238661988538
-1.81738212013859	0.737229580571004
0.15823182603157	0.0297179405544109
0.955450516302873	0.253599562429476
0.15823182603157	0.0297179405544109
-1.79763019308962	0.379603777700996
0.955450516302873	0.253599562429476
-1.81352302981117	0.735065306555984
0.678074042401891	0.214702481365457
0.673656731319726	0.21327169490293
1.32670292523954	0.578086333025382
0.674624067917918	0.213658555919133
1.62668664687551	1.14308894519384
1.82948417010899	0.714838990299682
0.676200627845659	0.214099921395796
-1.12781381973937	0.339579374120096
0.955450516302873	0.253599562429476
-2.57472877667238	0.65760345889815
1.95879552552655	0.437985228139192
-1.7975657981284	0.379599665892429
0.170331293505475	0.0429093144237285
-0.141699082635289	0.0507192347670775
0.674624067917918	0.213658555919133
2.12710429564193	1.48542901360864
-0.218924327489335	0.0705078780993664
0.956455214607419	0.253949648163622
0.959865181244613	0.254814612498812
0.356764394700604	0.200579873691848
3.26630303248094	1.12023058934939
0.157971563808893	0.0296806747786729
0.957025852492456	0.254006696314478
-0.763186677226542	0.331039800418733
0.163583337686415	0.0486596187400795
-0.483017021091847	0.253044587728059
-1.80127875869	0.380587746892248
0.15823182603157	0.0297179405544109
-1.79763019308962	0.379603777700996
1.95793128711136	0.437766051086387
-1.79763019308962	0.379603777700996
0.157971563808893	0.0296806747786729
0.159251072645633	0.0298673857617753
-1.7975657981284	0.379599665892429
-1.79763019308962	0.379603777700996
1.46067242606004	0.483688692701864
-1.12548386699252	0.338727340170484
1.83223894779093	0.716336716062103
-1.7975657981284	0.379599665892429
-1.80127875869	0.380587746892248
0.956455214607419	0.253949648163622
0.535308159768992	0.19186644934071
1.04122776355439	0.393435934346114
0.532438411561851	0.190754397880712
0.173378039987466	0.0436162262322836
0.15823182603157	0.0297179405544109
4.1775492339406	2.00268622652006
0.451240643407656	0.181143919700285
0.958855818540361	0.254543321351908
-1.02279263404674	0.40371590748429
4.38659904054758	2.27731623821124
-1.12825544522804	0.339732258677114
-1.13238809108681	0.341172314702962
0.158989511121608	0.0298299152293259
0.955450516302873	0.253599562429476
0.955017933589342	0.253480850166851
0.959294652844364	0.254663957360155
-0.723225679429377	0.247243051260999
0.529922778294509	0.18974393081766
2.56550634810569	1.42179042251005
-0.764580582126126	0.331551866510041
-2.57472877667238	0.65760345889815
-1.79763019308962	0.379603777700996
0.957461191854986	0.254126256439643
1.3366322141597	0.58354097730275
1.4655515469736	0.485738470948645
1.33184695246066	0.580735815343295
0.957025852492456	0.254006696314478
-0.976965501384897	0.482541778931257
1.06134777962938	0.511984928791981
0.956455214607419	0.253949648163622
0.15823182603157	0.0297179405544109
-1.7975657981284	0.379599665892429
-3.07793266340176	0.957013587093989
1.95879552552655	0.437985228139192
-2.57447078703937	0.657780381714024
0.154259314455831	0.0291924198815566
-1.7975657981284	0.379599665892429
-1.7975657981284	0.379599665892429
1.042990826383	0.394180541091972
-0.521658376564381	0.197103710433116
-0.149109006987793	0.0533158375998453
1.3374657462467	0.583961413896269
-3.07793266340176	0.957013587093989
0.159251072645633	0.0298673857617753
-1.79763019308962	0.379603777700996
-1.80127875869	0.380587746892248
-0.337924641037297	0.0968088152153293
2.90601276307395	1.95971829830162
3.26835783601252	1.12163011968705
0.677105074382106	0.214332831776124
4.1775492339406	2.00268622652006
1.33148644921435	0.580580180008122
0.174370024960364	0.0438183729016174
0.69284935645393	0.323980193410431
-0.61946410648704	0.150698865008898
0.678327026073525	0.214743904761834
2.76489171529978	0.769665555456845
-1.7975657981284	0.379599665892429
0.159251072645633	0.0298673857617753
3.64204563210395	1.43174087144813
0.159251072645633	0.0298673857617753
-0.973169059064484	0.480406925756106
0.0145012882218419	0.00735702015983302
-3.08247559880565	0.958940682858076
1.33496226972162	0.582380892606042
4.18354239000766	2.00645925415005
1.95793128711136	0.437766051086387
0.675591354383564	0.213968352567141
0.1677792397568	0.0498341730879395
0.143468878898531	0.0550304540342121
-2.2797050672784	1.14779045828185
-1.79763019308962	0.379603777700996
-1.79763019308962	0.379603777700996
2.75805496536761	0.766752929661107
2.76095211479574	0.768066673537379
0.16190498991222	0.0302625824147867
0.15823182603157	0.0297179405544109
-1.7975657981284	0.379599665892429
0.16190498991222	0.0302625824147867
1.95879552552655	0.437985228139192
3.26835783601252	1.12163011968705
2.56631141480294	1.42259834993299
0.157971563808893	0.0296806747786729
-0.517567096912483	0.195373080592303
-0.342718944466085	0.0980961923569006
0.162352652580513	0.0483303505238246
0.526808022811829	0.188639363777938
-1.13338534815793	0.341498686250824
-1.7975657981284	0.379599665892429
0.673048421642057	0.212994504688281
0.158989511121608	0.0298299152293259
0.159251072645633	0.0298673857617753
0.175496922320134	0.0440701137079318
-1.7975657981284	0.379599665892429
0.15823182603157	0.0297179405544109
0.164738242561747	0.0490009495728858
1.95879552552655	0.437985228139192
1.46209127003869	0.484377128190959
0.451487521828411	0.181235009163182
2.7590679263751	0.76692961097815
0.157971563808893	0.0296806747786729
-0.61946410648704	0.150698865008898
1.04272737841263	0.394268038065867
1.95793128711136	0.437766051086387
-0.620903335937371	0.151058535991718
-0.216900861291041	0.0698804747706956
0.164738242561747	0.0490009495728858
1.27657020644103	0.703033270984241
1.04969895669497	0.397129939971893
1.95879552552655	0.437985228139192
-2.57447078703937	0.657780381714024
-1.7975657981284	0.379599665892429
0.158989511121608	0.0298299152293259
0.157971563808893	0.0296806747786729
0.159251072645633	0.0298673857617753
0.957025852492456	0.254006696314478
0.456332736512093	0.183336741097112
0.824133571632166	0.345861953066953
1.57698010039245	0.782710522844369
1.3329197605053	0.581616348611346
-0.215567228616167	0.0694084736962232
1.46166504880046	0.484245680586438
-0.617491939447093	0.150288713008559
-0.981638083817257	0.485818639771448
-1.4807002761444	0.745928431536675
0.158989511121608	0.0298299152293259
2.75805496536761	0.766752929661107
0.443548397616714	0.177839700183466
0.674624067917918	0.213658555919133
-0.333856458330646	0.0956917261764247
1.56882554792314	0.77724413358726
0.155633462099864	0.0526590412092563
0.155282002123357	0.02934225636165
1.95793128711136	0.437766051086387
3.64101793434512	1.43134239135362
-0.616620021012413	0.150099962492625
0.158989511121608	0.0298299152293259
0.159251072645633	0.0298673857617753
0.158426007238141	0.0472279903538101
0.803335445768181	0.484710402892684
-0.718081625995024	0.245384533690959
1.95793128711136	0.437766051086387
0.15823182603157	0.0297179405544109
1.95793128711136	0.437766051086387
-2.57447078703937	0.657780381714024
1.95793128711136	0.437766051086387
-3.45284250285449	1.22194559695964
-1.7975657981284	0.379599665892429
1.95793128711136	0.437766051086387
-1.7975657981284	0.379599665892429
-1.79763019308962	0.379603777700996
-2.57447078703937	0.657780381714024
0.166279076961167	0.0494077549790747
-0.347643262540899	0.0994886132277101
-0.608806503575433	0.292446552009385
-0.216063671871124	0.0695794401283131
-1.68041139177786	0.950954257724151
0.17294827606403	0.0435260072159332
0.530762262945688	0.190122868111177
-0.216657809109618	0.0697687117469907
-0.619895187822925	0.150839789138775
0.162171049505848	0.0303007576998756
-3.45714001185249	1.22455064732533
-0.619895187822925	0.150839789138775
-0.181772158988526	0.0972402748026943
0.673177180799231	0.213063750844139
-0.619895187822925	0.150839789138775
-1.79763019308962	0.379603777700996
1.46166504880046	0.484245680586438
-1.02671683891162	0.40581238098729
-1.13238809108681	0.341172314702962
-1.7975657981284	0.379599665892429
-0.620903335937371	0.151058535991718
0.15823182603157	0.0297179405544109
-0.641345220457882	0.378910725460891
-1.12725353624624	0.339405023147411
1.95793128711136	0.437766051086387
-0.62133920787282	0.151240698635141
-2.57821111666453	0.659475059970799
1.95879552552655	0.437985228139192
1.96141436018454	0.438711417164155
-2.57447078703937	0.657780381714024
-1.79763019308962	0.379603777700996
1.95879552552655	0.437985228139192
-1.79763019308962	0.379603777700996
0.158989511121608	0.0298299152293259
0.532438411561851	0.190754397880712
-0.601008956207657	0.28779238853772
0.369647227649343	0.187243075044899
-0.717804035722151	0.245206559878684
-3.45172595803352	1.22146685013561
-1.02338521131779	0.403987205196149
0.157971563808893	0.0296806747786729
-2.57447078703937	0.657780381714024
-1.81169032201894	0.73377138384342
0.150893737042406	0.057797466335679
-1.51042707521765	0.53568486067596
1.46398903776532	0.484992681122713
-1.79763019308962	0.379603777700996
0.175496922320134	0.0440701137079318
-0.393256111824043	0.222259747389289
2.35783908683091	1.17632259504716
-0.620326325745573	0.150885642821786
-1.7975657981284	0.379599665892429
-1.12725353624624	0.339405023147411
0.531004542224133	0.190160354232034
0.159304296973707	0.0474668185471716
-0.719307886400812	0.245829792820617
-1.7975657981284	0.379599665892429
0.957025852492456	0.254006696314478
0.159251072645633	0.0298673857617753
0.957025852492456	0.254006696314478
1.95879552552655	0.437985228139192
-1.79763019308962	0.379603777700996
0.157971563808893	0.0296806747786729
-1.79763019308962	0.379603777700996
-2.57447078703937	0.657780381714024
-1.7975657981284	0.379599665892429
0.177247192199527	0.0444492499698682
-0.396390830144092	0.165162480209876
-0.0974799324302441	0.0386746458615092
-0.3395018260887	0.0972061822975938
0.170331293505475	0.0429093144237285
0.159251072645633	0.0298673857617753
0.16190498991222	0.0302625824147867
0.148612908401246	0.0503807422085685
0.154954894721934	0.0524399678344355
0.146375004827764	0.0561236835186149
-0.718081625995024	0.245384533690959
1.95879552552655	0.437985228139192
-1.79763019308962	0.379603777700996
0.15823182603157	0.0297179405544109
0.605067940563383	0.316806691690102
2.11608899731542	0.944050734800592
0.676200627845659	0.214099921395796
1.95793128711136	0.437766051086387
-2.57447078703937	0.657780381714024
0.676200627845659	0.214099921395796
-0.145472337378192	0.0520149972990822
-0.147780320252787	0.0528373849570037
0.556684058926643	0.324993158730778
-1.7975657981284	0.379599665892429
1.95793128711136	0.437766051086387
0.956455214607419	0.253949648163622
1.95879552552655	0.437985228139192
0.154259314455831	0.0291924198815566
3.27025913837768	1.12233669524588
-1.79763019308962	0.379603777700996
-1.7975657981284	0.379599665892429
-1.79763019308962	0.379603777700996
0.174503749901052	0.0438676710334476
2.76095211479574	0.768066673537379
0.147240848267595	0.0499193503912067
0.952729371406254	0.252945498225285
1.32919020701751	0.579189593944469
0.172223255009213	0.0433240097489323
0.675109449967238	0.21369241449263
0.161723548567026	0.0481135554994663
3.64101793434512	1.43134239135362
-1.79763019308962	0.379603777700996
-0.0566814312347692	0.024663840569163
0.162338925211519	0.0482955049730846
0.15823182603157	0.0297179405544109
0.162171049505848	0.0303007576998756
-1.80127875869	0.380587746892248
-0.620903335937371	0.151058535991718
-0.216657809109618	0.0697687117469907
1.0444887245408	0.394848386181826
0.533629585575437	0.191149248838921
2.75805496536761	0.766752929661107
1.96141436018454	0.438711417164155
1.46209127003869	0.484377128190959
-1.7975657981284	0.379599665892429
1.95879552552655	0.437985228139192
1.95879552552655	0.437985228139192
-1.79763019308962	0.379603777700996
0.15823182603157	0.0297179405544109
0.157971563808893	0.0296806747786729
0.955017933589342	0.253480850166851
-1.26863293361844	0.569140007440593
0.699428692498699	0.327777619884817
-2.57472877667238	0.65760345889815
2.7590679263751	0.76692961097815
-3.45172595803352	1.22146685013561
0.174933567082256	0.0439573605408891
-1.50922180218546	0.535188573690381
0.156447071209317	0.052937950851718
0.157819787360587	0.0533909827533473
1.95879552552655	0.437985228139192
0.960305402281055	0.254935680101795
-1.7975657981284	0.379599665892429
2.76197196120423	0.768541369225187
1.95793128711136	0.437766051086387
2.7590679263751	0.76692961097815
0.674264818482823	0.213402910671394
1.46265753359042	0.48460907431551
0.159251072645633	0.0298673857617753
-1.7975657981284	0.379599665892429
0.955017933589342	0.253480850166851
0.158989511121608	0.0298299152293259
-1.80127875869	0.380587746892248
0.159251072645633	0.0298673857617753
0.15823182603157	0.0297179405544109
-0.338896474896558	0.0970421752101679
1.46455689811314	0.485225385720349
0.956455214607419	0.253949648163622
0.671045597340039	0.212419421287662
-1.02109432881299	0.402930914701451
0.155167108781228	0.0594478482028144
1.79130719964909	1.00157415773096
0.157971563808893	0.0296806747786729
1.03817079597271	0.392088459196863
0.15823182603157	0.0297179405544109
-1.81352302981117	0.735065306555984
0.150637496826969	0.0577366339636488
0.452290871775091	0.181603858248631
1.95879552552655	0.437985228139192
-2.57421277656498	0.657506382974291
-2.57447078703937	0.657780381714024
0.174933567082256	0.0439573605408891
0.157971563808893	0.0296806747786729
2.75704467106166	0.766025498669684
0.159251072645633	0.0298673857617753
0.67498185747701	0.213690207850534
-0.625191995446008	0.152059991852936
-0.396231405174348	0.165050944203962
-1.48278493948057	0.747432336001216
3.6399901361893	1.43067029650081
1.96141436018454	0.438711417164155
-2.57472877667238	0.65760345889815
-1.7975657981284	0.379599665892429
1.3374657462467	0.583961413896269
1.33148644921435	0.580580180008122
-1.7975657981284	0.379599665892429
-1.7975657981284	0.379599665892429
0.157971563808893	0.0296806747786729
0.159251072645633	0.0298673857617753
1.04665020030324	0.395956904990197
-2.57847696185857	0.659529736545688
1.95793128711136	0.437766051086387
-1.48605219904784	0.749344647432863
-0.620473624670499	0.150917804175241
-1.7975657981284	0.379599665892429
-1.51494510157249	0.537750180976637
2.75704467106166	0.766025498669684
-0.473781376581169	0.247723262959612
-1.50884424560785	0.535043767502043
1.95879552552655	0.437985228139192
0.173940988172143	0.0437550114519682
0.956455214607419	0.253949648163622
1.95879552552655	0.437985228139192
-1.80127875869	0.380587746892248
-2.57821111666453	0.659475059970799
1.96141436018454	0.438711417164155
1.95879552552655	0.437985228139192
1.95879552552655	0.437985228139192
1.95879552552655	0.437985228139192
0.157971563808893	0.0296806747786729
0.956021254579335	0.253830462538477
-1.02168632234953	0.403201742865738
-0.216657809109618	0.0697687117469907
0.158426007238141	0.0472279903538101
0.158989511121608	0.0298299152293259
-1.02587348343702	0.405264690821028
-1.8195049713298	0.738087686678667
0.167164301060576	0.0496616909525181
-1.79763019308962	0.379603777700996
-1.79763019308962	0.379603777700996
-0.339136742629042	0.0971078731889835
-2.57472877667238	0.65760345889815
-1.81200943037821	0.734241478143734
0.174503749901052	0.0438676710334476
1.57561119411556	0.781990254778656
-2.57821111666453	0.659475059970799
-0.620473624670499	0.150917804175241
-0.717804035722151	0.245206559878684
0.164122988767051	0.0488286730136595
2.74054805253802	1.67395048245209
1.95793128711136	0.437766051086387
-1.7975657981284	0.379599665892429
0.16190498991222	0.0302625824147867
-1.7975657981284	0.379599665892429
0.15823182603157	0.0297179405544109
-1.7975657981284	0.379599665892429
3.26835783601252	1.12163011968705
-1.79763019308962	0.379603777700996
1.95879552552655	0.437985228139192
0.955017933589342	0.253480850166851
0.167026625019445	0.0421393465448363
-3.45172595803352	1.22146685013561
-0.340107395831878	0.0973408882698726
-0.717468884808632	0.245082515543052
0.158989511121608	0.0298299152293259
0.157971563808893	0.0296806747786729
-0.397206118004299	0.165500382515154
-1.48612101543646	0.74933813457945
0.174503749901052	0.0438676710334476
-0.133277670088634	0.074976009761873
-0.980818677805339	0.485155955888674
-1.7975657981284	0.379599665892429
-2.57447078703937	0.657780381714024
0.152060146321035	0.0514888060008141
0.157971563808893	0.0296806747786729
1.95879552552655	0.437985228139192
0.958855818540361	0.254543321351908
1.45553280775885	0.48172823735576
-3.07836047129561	0.956774727997911
-0.216657809109618	0.0697687117469907
1.4655515469736	0.485738470948645
0.955017933589342	0.253480850166851
0.173378039987466	0.0436162262322836
-0.620473624670499	0.150917804175241
0.163853552605343	0.0487595972376143
-0.620903335937371	0.151058535991718
0.675591354383564	0.213968352567141
-2.57447078703937	0.657780381714024
-0.619895187822925	0.150839789138775
0.169276668042905	0.0502222390274525
0.158989511121608	0.0298299152293259
-0.620903335937371	0.151058535991718
-2.57447078703937	0.657780381714024
0.157819787360587	0.0533909827533473
-0.340107395831878	0.0973408882698726
-2.57847696185857	0.659529736545688
-1.81200943037821	0.734241478143734
-1.12937501458112	0.339964434622374
1.0418455851348	0.393863567086238
0.158989511121608	0.0298299152293259
0.955450516302873	0.253599562429476
0.956021254579335	0.253830462538477
0.678074042401891	0.214702481365457
-1.50922180218546	0.535188573690381
1.0418455851348	0.393863567086238
-0.619895187822925	0.150839789138775
-0.337924641037297	0.0968088152153293
-0.722881564981813	0.247143842823858
-1.50982433145335	0.535480148233091
-3.07750490916701	0.956880231933195
1.95879552552655	0.437985228139192
1.82755032422624	0.713907775987463
-1.79763019308962	0.379603777700996
-2.57421277656498	0.657506382974291
-0.338530582329419	0.0969729638077002
-3.45228414088993	1.22181665198441
0.957025852492456	0.254006696314478
-1.01738053439372	0.401259074889294
1.46010735547628	0.483457516052687
1.46364987732708	0.48479584486453
-1.79763019308962	0.379603777700996
-2.57821111666453	0.659475059970799
-0.721997705010856	0.24672678000295
-1.7975657981284	0.379599665892429
-1.7975657981284	0.379599665892429
-3.45172595803352	1.22146685013561
0.168354166613062	0.0424807140134561
0.173378039987466	0.0436162262322836
-3.07793266340176	0.957013587093989
-4.006279107083	1.72987826782451
-3.07793266340176	0.957013587093989
-2.57472877667238	0.65760345889815
-0.619895187822925	0.150839789138775
1.46166504880046	0.484245680586438
-0.336952847519868	0.096512855057735
-3.07836047129561	0.956774727997911
-0.221795146446767	0.0713909265902863
-3.07707720857862	0.956361112132394
-1.79763019308962	0.379603777700996
-3.45601360105774	1.22364277502153
-0.619895187822925	0.150839789138775
-1.7975657981284	0.379599665892429
0.677105074382106	0.214332831776124
0.956021254579335	0.253830462538477
0.446786935248547	0.179292535994645
1.04122776355439	0.393435934346114
0.158989511121608	0.0298299152293259
0.159251072645633	0.0298673857617753
0.155282002123357	0.02934225636165
-0.619895187822925	0.150839789138775
-1.50982433145335	0.535480148233091
-2.57421277656498	0.657506382974291
-0.624623675797245	0.151937920429117
-1.7975657981284	0.379599665892429
-0.619895187822925	0.150839789138775
-0.720812943512764	0.246218814324999
-1.12781381973937	0.339579374120096
0.159251072645633	0.0298673857617753
-0.145472337378192	0.0520149972990822
-0.713530904693494	0.24358896051996
0.53471313464826	0.191636123836102
-0.212107996589827	0.0683682958385105
-2.57421277656498	0.657506382974291
1.95793128711136	0.437766051086387
-2.57472877667238	0.65760345889815
0.676558588301015	0.214207370803977
-0.334830546749113	0.0959542136262779
0.153519510388545	0.0519633960584783
2.75805496536761	0.766752929661107
0.172385921068679	0.0433875285709768
0.173940988172143	0.0437550114519682
-0.621784192774111	0.151338791569665
-2.57821111666453	0.659475059970799
0.158989511121608	0.0298299152293259
-1.7975657981284	0.379599665892429
0.167786821496111	0.0423548811213711
1.82806846311762	0.714181490452948
0.174933567082256	0.0439573605408891
0.676200627845659	0.214099921395796
-0.619895187822925	0.150839789138775
-3.07750490916701	0.956880231933195
-1.12769593434811	0.339436368028373
1.95793128711136	0.437766051086387
-1.13182284417153	0.340904867919198
-0.625630686390319	0.152156798395567
0.15823182603157	0.0297179405544109
2.7590679263751	0.76692961097815
-1.81262047956212	0.734554727038592
0.157971563808893	0.0296806747786729
0.168662278675518	0.0500652630774407
-1.13182284417153	0.340904867919198
-0.485055250851019	0.254552546447149
0.164738242561747	0.0490009495728858
-0.337318918589577	0.0966140796949229
-0.718972834438042	0.245626954230634
0.955017933589342	0.253480850166851
0.159251072645633	0.0298673857617753
0.15823182603157	0.0297179405544109
0.172385921068679	0.0433875285709768
3.27129205644114	1.12317050813274
-0.620326325745573	0.150885642821786
-0.337924641037297	0.0968088152153293
2.11842867036876	0.945672460079198
-0.620903335937371	0.151058535991718
-1.79763019308962	0.379603777700996
2.7590679263751	0.76692961097815
1.83259355517544	0.716473450995655
0.960305402281055	0.254935680101795
-0.480473267651593	0.251559164273348
0.911536630346096	0.49371697175901
0.158989511121608	0.0298299152293259
-1.7975657981284	0.379599665892429
-0.61946410648704	0.150698865008898
-2.06589848871781	0.936900543147092
-1.7975657981284	0.379599665892429
0.159251072645633	0.0298673857617753
-0.620326325745573	0.150885642821786
0.152453062620175	0.0516328700929256
-1.02338521131779	0.403987205196149
0.175496922320134	0.0440701137079318
0.956021254579335	0.253830462538477
-2.57447078703937	0.657780381714024
1.95879552552655	0.437985228139192
-0.619895187822925	0.150839789138775
-0.619895187822925	0.150839789138775
1.06956203261337	0.516936934630967
-0.607488115560571	0.29138199021732
-1.7975657981284	0.379599665892429
-3.07793266340176	0.957013587093989
0.956021254579335	0.253830462538477
-3.45284250285449	1.22194559695964
1.46597699067366	0.485748477491111
3.64611189084925	1.43374127140597
0.158989511121608	0.0298299152293259
0.168774858509076	0.0425819447497206
0.447441545561864	0.179414714836187
-0.142803852729338	0.0510708288410643
-0.395904040590257	0.164946089819945
-0.620326325745573	0.150885642821786
0.177247192199527	0.0444492499698682
1.46364987732708	0.48479584486453
0.956455214607419	0.253949648163622
-3.07793266340176	0.957013587093989
-1.02612472596118	0.405418891515416
-1.13698868821346	0.342607629634493
-3.07836047129561	0.956774727997911
-1.0225353038078	0.403750407139113
0.955017933589342	0.253480850166851
-0.338896474896558	0.0970421752101679
-3.07750490916701	0.956880231933195
0.15823182603157	0.0297179405544109
2.75805496536761	0.766752929661107
-0.719921406038465	0.24597629720829
0.956021254579335	0.253830462538477
-2.57447078703937	0.657780381714024
-0.61946410648704	0.150698865008898
1.95879552552655	0.437985228139192
-2.57447078703937	0.657780381714024
0.155282002123357	0.02934225636165
-0.216312796922935	0.0696114202500776
-0.766733199789823	0.33273995230155
-2.57421277656498	0.657506382974291
-2.57447078703937	0.657780381714024
0.174370024960364	0.0438183729016174
-0.619895187822925	0.150839789138775
-3.07793266340176	0.957013587093989
-1.7975657981284	0.379599665892429
-1.7975657981284	0.379599665892429
1.95793128711136	0.437766051086387
-2.06944760788648	0.939087813944264
0.162352652580513	0.0483303505238246
-0.617055950695462	0.150241664375452
-0.620903335937371	0.151058535991718
-0.624183598429151	0.151840837481169
-1.79763019308962	0.379603777700996
0.677716162542668	0.214611870267994
-2.57821111666453	0.659475059970799
-0.517264023236703	0.195228260106643
0.158989511121608	0.0298299152293259
-1.7975657981284	0.379599665892429
-1.28360592091245	0.577973343301217
-3.4565767152091	1.22430361707387
-0.625630686390319	0.152156798395567
