x	y
-0.246751745014215	0.182818360158629
-0.0266956377954644	0.0170911594828809
-0.129009410561089	0.100857831013311
-0.48738540993895	0.364799654401825
-0.246569035494447	0.182670387520683
-0.475057225345348	0.402796967286549
-0.971902475852402	0.957400874915289
-0.206009068078105	0.172679299397674
-0.384688435218612	0.364550078310476
-1.51306841340892	1.70228763594137
0.102659391444977	0.0730331798822065
-0.0654326324001757	0.0396509200996724
-0.523523658957324	0.433813717250977
1.87243659351592	2.46217748444847
0.50897352192603	0.541092828596299
-0.330285045070844	0.23393171151
-0.588475988699014	0.476711503215902
-0.3425774833028	0.301290632996072
0.0846913171254151	0.0576388443136668
-1.22668965688764	1.59263110786828
-1.68655779883516	2.43241924358609
-0.341711783666669	0.30029706054831
-0.219040190092347	0.165656166913806
0.0689599994318718	0.0428001128833351
0.319061602572182	0.221031449618428
0.0735970870554662	0.0457089863489752
-0.374244480846851	0.256182045814172
-0.520516535055609	0.430426804386915
-0.8693448558813	0.870869537228067
-0.858818434484509	0.922582886520648
-0.303871570259985	0.24737071563887
-0.142405879332539	0.112253868529869
-0.222057488931156	0.168200547208131
-0.260774045203628	0.213815820677706
-0.402326174281983	0.373701709286
-0.180946586025842	0.120433443306095
-0.448225225278251	0.296799961552174
0.286934035617763	0.224894840300736
-0.554657775551119	0.502293424144364
-0.482117357052174	0.359869514302749
-0.693513662391438	0.607444220929284
-0.967164969148836	0.950660317553173
-0.487666096370568	0.365092805282828
-0.260676630764845	0.162624348194912
-1.22001473260673	0.921566076435239
-0.223354533878852	0.14485758117116
-0.18101938228692	0.120465939539142
-0.128978991155388	0.0725086264930362
-0.418319295842029	0.358204512083438
-0.213476489802384	0.137875613587032
0.19201605136866	0.132442462638274
-0.376172806412237	0.294852380723796
-0.243760076068645	0.180244209655096
0.00632443709180517	0.0033298972886529
-0.104699291211894	0.0744625847209126
-0.868036714965621	0.868311106342613
-0.528456702127899	0.43911986331627
-0.138545628386598	0.108957008034309
-0.655575341396691	0.718495663241733
-0.410495770352849	0.383416444591967
0.631521140202979	0.483740318303476
0.0341715926169298	0.0247605050375955
0.531336092882221	0.462897895067871
0.752637539244579	0.633508611953532
-0.930181212929309	1.05394246251929
-0.213854794903942	0.161229809881603
-0.579671083190949	0.566250331345684
-0.91927873828248	1.03527232240075
-0.00921798527061606	0.00604199053197822
0.00776952641769018	0.00406003340869518
-0.519652185650919	0.429631789828181
-0.117651312247907	0.0817546034831632
0.0856778497878703	0.0582929726454807
-0.626961731571414	0.561877326015918
0.96823233326257	1.18994100956666
-0.141185874816745	0.111202137357206
0.00890145155068947	0.00461834965445894
-0.378661569769199	0.297319154812474
0.403411338500599	0.333590526509604
-0.218344646737202	0.141109589187547
-0.579180322842469	0.565723059764602
0.883294922696747	1.01956311537192
0.204546979597889	0.174587841600262
0.695135003603595	0.801904315314854
-0.220987175123777	0.167265610645128
-0.625624230190313	0.560365751892506
-0.162297630603873	0.126168880786067
-0.380297010633474	0.33094111550001
-0.588433249427326	0.610876777729463
-0.374493787465357	0.293264628270368
0.328949513508767	0.215234150707898
-0.500152489085417	0.458450652694196
-0.56405761264083	0.408755417545393
-0.779883507526493	0.667205110944912
-0.131748508281183	0.0921412590509535
-0.886424439399306	0.733667041287615
-0.255768674415764	0.208979676874321
-0.34171713848285	0.300404775831797
0.018201866756383	0.00921187988427907
-0.309191997615378	0.252229836045422
-0.132062691420222	0.0923928456303488
-0.185201307027154	0.0991537266845267
-0.280027450892685	0.202680761939561
-0.418183769234476	0.35825084410468
-0.702626209054056	0.669889430591349
-0.443633468113509	0.293361362500656
0.0412355719480606	0.0226564051987184
-1.59147686760961	1.21990367602176
0.0197369271673948	0.00992873908442527
-0.77604185725883	0.592350062025429
-0.611089864162562	0.293732658735451
-1.12881513859764	0.339906487322227
-0.464341350312189	0.391054629838578
1.66441918992938	1.57406073537488
0.648907115333427	0.587546915124737
-0.111077638845701	0.0792469391883098
-0.783111834531419	0.599874865852646
1.00347192680528	0.825081347539967
-0.671604250284254	0.529507644588916
-0.516822562764738	0.42664429673061
-0.327338911166459	0.231649672797993
-0.441791882909305	0.291688207320559
0.019173918645001	0.0154385665718759
-0.912572241431873	0.665991797171921
-0.122893341336465	0.0855944476305087
-0.211446221209695	0.159177577448829
-0.319575556340014	0.190973749084399
-0.132269863397719	0.0744399651256665
-1.16475997280583	0.652055038681966
-1.34682380433986	1.54979573929731
0.181350473828578	0.112254851688593
-0.330092577740852	0.233930747682243
-1.21568959949212	0.916234719642608
0.0890204973039667	0.0606728659008617
-0.222876920203916	0.0717168348737093
1.12203088818944	0.86065463736855
-0.663396384351468	0.463035799383252
-1.02914883453926	0.819538702817637
-1.8096357686653	1.63803424353127
-0.882176622722237	0.813342388255404
-0.177797951633515	0.118153699070304
-0.117679069004518	0.0817399325708662
-0.0948544084297694	0.0555321514464605
0.345629904555273	0.193549418695857
-0.314556729761926	0.187701730485336
0.04267538313758	0.0234311408816392
0.670179000513829	0.481001324719519
0.696770346835643	0.610684657302097
-1.04059807912206	0.832902453509612
-1.3329622737679	1.3272231364492
-0.957764086935976	0.936778545959516
-0.04464951008707	0.0278608115082702
0.179733560917424	0.10446044038544
0.549220598573148	0.319462304713769
-0.412913624812662	0.3525847121741
-0.211632968447512	0.136573105219788
-0.101594229693079	0.0595603102941152
-1.70525888846511	1.42765774802301
-0.170387147179007	0.0908577531326779
-0.593839393345636	0.482529636877023
-0.395904040590257	0.164946089819945
-1.32868531541087	1.09382381150535
-1.18145529457631	1.21217069685982
-0.208442071789882	0.134194313182773
-0.232283236390686	0.116055656485938
-0.291567573747912	0.212302233342703
-0.435457387955466	0.286838693958913
-0.311660698002066	0.185632277679799
0.386522826781722	0.329806728617311
0.435187895936873	0.332029678071045
0.445505543416886	0.341489602276847
0.03816099579053	0.0209683310138754
-0.0684849727439357	0.0415161661334061
-0.490310394724109	0.367569725770304
-0.219217300485823	0.141935132117484
-0.790367296129004	0.74414016300939
0.338887923149961	0.20706331991097
1.24569570645288	1.51410294748248
0.373332919989668	0.189672153065914
-0.445957386884872	0.295151964304279
-0.778246486131776	0.512994170981447
-1.58603442554564	1.21277332491602
-0.774430638737967	0.590688161777639
-0.0118371255026767	0.00567467837001029
-0.322587446594097	0.193014098960486
0.618160249247585	0.579380597662425
0.440159441547816	0.336623543623481
0.184755459045363	0.132477659619123
-0.524557094407633	0.434832731653821
-0.0745314224284025	0.045230969019997
-1.32778501159759	1.09277735215279
0.187701656146744	0.12920131862875
-1.2453196423614	1.16262371018639
0.0647806164816132	0.0401788430985241
-0.184281986016237	0.122839910396918
0.185904685250268	0.121870962295631
-0.283003552409512	0.20514719776397
1.46116199661137	1.66941671995462
0.871957906953083	0.648559519263103
0.158888580196269	0.0690437427047099
-0.64379594980138	0.381051956690908
-0.0657888430415119	0.0398669205373632
-0.654891636817506	0.455527008795891
-0.170250407782085	0.0908285229035235
-0.614372481771596	0.547365094421052
-0.0194836254044762	0.00913382440538839
-0.783674730416518	0.600471751738208
-0.375956345432021	0.257553504418344
-0.56943606949627	0.414204453172209
0.534432461844356	0.466127334954109
-0.890696392327116	0.739158783609941
1.06341331455328	1.13314622263996
1.33674097946676	1.57496517964154
0.795412460771472	0.952782074502944
-0.454694945968035	0.302205582269697
-0.663765413795497	0.463565743902531
-0.780401254885319	0.731085706533146
0.933908289327168	1.05251394774858
0.0109718123968075	0.00565895195320354
-0.386553992940509	0.266037365331033
-0.445733464799112	0.294994507260242
-0.152509539971219	0.104206803070167
-0.467802948135577	0.394839521938313
-0.373654883715901	0.292549938792237
0.695082260455	0.727171268828935
-0.0198708910196319	0.0127808491491714
-0.425122847236443	0.400508006711297
0.180933299834332	0.105220771607054
-0.000521915973947527	0.000258099829659965
-0.1291358298828	0.0726203101419025
-0.186290102633415	0.124255363072904
-0.0942308851980743	0.0551547132356792
0.456844501305924	0.331622776993216
-0.391122883945723	0.220878870449554
-0.39839159956277	0.225550412913995
-1.15550969985143	0.645561286070948
-0.990092243376206	0.885254737997413
-0.521296887512164	0.431551468686429
-0.43620318126892	0.336270640134054
-0.0387569647848412	0.02480165021165
-0.50298306686989	0.461687395487425
0.190934842232953	0.152586113719
0.0474474742457916	0.0366152730621654
0.4610363730797	0.335424244962763
-1.0875562048201	1.04444689386697
-0.00662636077000439	0.00504827706477216
0.464852124933331	0.441649935282943
1.25215626857996	1.23292233580722
-0.424875285272895	0.365381325978393
-0.328952024527372	0.232983350792187
-0.518644858635781	0.195729988241304
-0.790654231701521	0.860647279819992
0.695365722103867	0.609241438951451
-1.15685185318578	0.646687914907679
-0.777483709503446	0.592973180481406
-0.890594818347831	0.739495863952026
-0.429206183459547	0.329453368168808
0.0342925221067722	0.0188333270113707
0.181402464557022	0.124410533962264
0.324148689376502	0.225121919788184
-1.19641798052585	1.39008081445633
0.555182251254769	0.464631514753782
0.184514149597071	0.121007628412578
0.313276271444652	0.227885168439168
-0.269626819490933	0.194017791187298
0.185052058276757	0.107695607101476
-0.940291162890935	0.575343465420091
-2.465830667233	1.36818927454357
-0.176339164839844	0.0942083976572149
-0.479232981955332	0.250930418735319
-0.127929699506731	0.0719106134669982
-0.277890663915358	0.230098466003532
-0.0892738099211194	0.0521864814805278
-0.207627206381348	0.156006338095686
0.290814488983152	0.253487652369436
0.435748996431105	0.332433497793111
-0.52563659110615	0.436054399691079
0.524996417635314	0.456002301695416
0.0793719065872649	0.051758786493836
-0.135411388372501	0.0762358003872979
-0.0718353228358659	0.0435750387896564
-0.173660690128308	0.092728523985244
-0.430740683122502	0.331097134899264
-0.86265928852704	0.860555445618748
-1.14315659253268	0.990712834181142
0.723268451821551	0.479697319610706
-1.27702255318032	0.574015400729037
-0.445181566627144	0.294527565276744
-0.0691998562531367	0.0419393651718644
-1.43688842615425	1.28060244713985
-0.479987226032396	0.251576905570161
-0.718417185790278	0.245411018109158
-0.640575636371148	0.37838477921287
-0.491221838595892	0.368405726069001
0.188378493179671	0.135379847045745
-0.477872359529388	0.355705175295879
-0.443876020184272	0.293510284446048
-1.02815074804821	0.818723850748193
-0.124851839550775	0.0700813195131181
-0.0551476098918511	0.0344247920478982
0.0672358950500049	0.0417084299847836
0.186864903545886	0.108822637663466
0.462195812323051	0.336428627739056
-1.53927970917156	1.47919009225353
-0.987101366181309	0.880857766056565
-0.520357046235834	0.326745274871262
-1.43990330223884	1.28549651156727
-0.428953572519652	0.329200780740428
-0.0169613996484803	0.00796910477256852
0.818422599411602	0.343294101023506
0.331359226860167	0.217066799010507
-0.393420605926519	0.222347828477551
-0.393420370607224	0.163835415649594
-0.602219542447504	0.2882815036102
-0.102659327368018	0.0406921800416788
-0.523834298478865	0.197935349485881
-0.0732794971102688	0.0444619578562704
0.190567392736093	0.137101654009599
-0.240852632416044	0.1778680439705
-0.332987784886165	0.265692843727403
1.00880145909483	1.20455481188435
0.464344841385099	0.441045416759421
0.37463719866602	0.341080869458445
-0.148920341907277	0.101568582536382
-0.849004673860761	0.969074822249143
0.691170496357766	0.795316158113734
-0.634226733019614	0.612112078302717
0.79585996158556	0.479351048375134
-0.623423671271689	0.558052991674412
-0.572132603124456	0.41635012855393
-0.380098994654459	0.260804527057824
-1.4735921072319	1.030360876411
-0.498666604452341	0.456596579171313
-0.558775347853813	0.507005357908615
-0.128617270844111	0.0722324737706643
0.0192403523092646	0.00970926569453126
0.749993381654857	0.63005564608572
-0.789330622141955	0.803024585410549
-0.0543822401678632	0.0339645839917997
-0.598757323243043	0.48755659204803
-0.676645152350872	0.534762282131874
-0.232212645447412	0.192628205948439
-0.216524436627128	0.163463121491953
-0.00164185921455122	0.000997198509693122
0.085414145582878	0.0603188203897453
0.17209462288118	0.0997550876026366
0.301266188972132	0.228437582181451
-0.490331014446863	0.367055401377234
0.524941887940373	0.455657181031494
0.801235740142366	0.760881380660386
0.54752711213304	0.558053234623486
0.125271044272278	0.0990733996568462
-0.488222118387366	0.365637829753934
-1.25697086521293	1.36181143078923
0.336705336032298	0.205140270151684
-0.494576641595219	0.371242713739526
-0.993466496838777	0.890557132513349
-0.560094092238201	0.508584537135174
-0.483377060947579	0.253513245542951
0.750608689098064	0.631389683415
0.392764877199563	0.177360356963154
0.372948974419816	0.189234293625505
-0.595699591434426	0.484355478015171
-0.0170195952263289	0.00802529345622593
-1.82414912935439	1.66066590349055
-0.538010153822897	0.340217503029315
-0.147065903950549	0.100222805955809
-1.14539067015148	0.993721574637371
-0.295749761347382	0.23959901687891
0.30721031469012	0.222921590064897
-0.496450773562026	0.373303679696525
0.0108781881001674	0.00724919456385955
-0.464881570624442	0.392024167570653
1.32265479754443	1.6994327121832
0.576406104375065	0.575209804371124
0.316952236910223	0.230971808257188
-0.176552363033707	0.117226162986653
1.23774881343785	1.36244128622764
-1.13387804534138	0.979727445129546
-0.148904326017454	0.101558075219417
-0.605473142038928	0.290709046607198
0.179005131413427	0.104021852411757
-0.561361519703125	0.40676342527485
-1.49243090205618	0.754654094951224
0.324976659392064	0.212149851193368
-0.561849565546524	0.406952585992454
-0.86801113340109	0.794892184862386
-0.397290918634171	0.165682294158686
-0.380642188767081	0.261264080402826
1.15728676825317	1.43629249728479
-0.143084791820299	0.0972619629649778
0.291055229231926	0.237479729974254
-1.04933686323232	1.09508458265755
1.13360498830589	1.15836276397125
-0.59308842431104	0.729020327908341
0.842517041082881	0.887094902328849
0.801540335542087	0.761581456480271
0.00840474870172399	0.00560453115365379
0.928708436269906	1.04455312675104
-0.447095906710721	0.296148980802575
0.00174506534080798	0.000936289277614764
-0.218053484244187	0.141122987854788
-0.177448381740041	0.117908396740211
-0.556636159060928	0.504631106270288
0.653248547776931	0.593022038141932
-0.0955121225935303	0.0559134627391954
0.182850926572793	0.119769873284871
1.04425646373355	0.394601045991464
-0.0341113841526703	0.0213247261556077
0.549708454185518	0.459376834050253
0.716200856336983	0.724925029662143
-1.46239849075277	1.01843398569317
-0.163835682011916	0.127441540361434
0.303184124179892	0.230142517999059
0.0224726169838342	0.0156711922664215
0.69545063738862	0.80251445155406
-0.626586863424749	0.764706872583746
-0.293420495893925	0.237243609775177
-0.33720099864768	0.318818488947831
-0.181797648643374	0.138903369583841
0.443058228822662	0.339157266094335
0.486229513399567	0.333862868825251
-0.530586748146302	0.593822443183065
0.402183704197422	0.332225681453393
0.710866399969573	0.717585266807012
-0.99200440666709	1.17904786724055
-0.771613528867862	0.657865163148333
0.348108824118572	0.194919271326922
0.0761202131551008	0.0473050151196303
-0.940393650690573	0.995045579390453
-1.14543344076917	0.994058976774551
0.340930489801264	0.208195113444315
1.33232181501832	0.581040506436256
0.187092040058885	0.116133064140356
0.106196460090154	0.0783032738507971
-0.240095399315465	0.200165252556402
-1.59829566006311	1.22855002655319
0.185207120636398	0.147502190881875
-0.491780406648397	0.368982684365166
-0.206935079116719	0.173539955446426
0.957964359208003	1.17157104635151
1.72268871419436	2.34917760741135
-0.0196033408624331	0.0147572497936602
0.349422348103042	0.342458811668704
-0.07905440966281	0.0651018820603378
-0.0776458651667932	0.0471602416726773
-0.683366822236267	0.595550074100042
-0.472768451738987	0.466329142551099
-0.109766085939052	0.0782635247333116
0.701268757609152	0.615689565717827
0.523256525999211	0.335160680508015
0.177416843576816	0.109806285571815
-0.0733898388726455	0.0444902301806131
-0.779743693993802	0.595724290707018
-0.325954725312326	0.230386491869614
-1.08821308203793	1.04576261660722
-0.20496046529415	0.131816922904717
0.902901337290716	0.487273025265444
-0.0102830716659371	0.00497013012306037
0.0646011590037156	0.0400500723160997
0.669120932782783	0.479502714223731
-1.02815379565769	0.406346884447955
-0.918976114113734	1.10436967169294
-1.12307602758827	1.46633400694747
-0.221664240309632	0.182592022723927
-0.343547675784736	0.302262026389698
0.765718137997446	0.850543787678959
-0.0677334114408091	0.0486155630980117
0.192237260606873	0.126487172017178
-0.146379252019442	0.099704164234617
0.0742525801025539	0.048346609134714
-0.161613382143828	0.125587528758884
0.0560742573619385	0.0329216839724769
0.269102859907301	0.245028058865136
0.321086923531866	0.222740877050202
0.36905582184022	0.323502990025345
-0.207650550319571	0.1560244974764
-0.213944551847756	0.192452971965642
0.337998789041069	0.20631788442856
0.600905651261272	0.583746601709442
-0.327607547186267	0.196395794863571
0.0899108548036527	0.0613248449268097
-0.0934903546081117	0.0371047509307854
-0.0970946160508959	0.0568565587444724
-0.538209355370878	0.34039357400902
0.450700396118305	0.346318829877531
-1.34808192572236	1.55193408947499
-1.97596770782265	1.37358799091267
-1.19995520130385	1.39580059704594
-0.630713042921209	0.771947616892424
0.0954460333292478	0.0652349640841274
-0.0332711743978375	0.0212619253734901
-0.555254706448891	0.612987148776608
-0.194411428514503	0.149619545904018
-0.233579523328793	0.193952440575455
0.187649120796697	0.166658862993453
0.00644132125572799	0.00429955283404105
0.0736704577223305	0.047982254082544
-0.178989436262006	0.118939180803461
0.807587691061944	0.973441346133151
-1.33505776283264	1.33066280617017
0.676064643505625	0.700282792307115
0.192825569058612	0.133068535245053
0.745955581036276	0.625442964043961
0.466401267036436	0.340244924632186
-0.775643139665769	0.59190846229557
0.0797701813378853	0.0520415444782729
-0.219315662316811	0.165889563863966
-0.126787897730544	0.0712416887928061
-0.67468028575536	0.533061993240483
-0.0291185726207705	0.0186340105084571
-0.213095371751417	0.179401894613939
-0.248689208464666	0.184478136374083
0.305728751657431	0.221640295400843
0.177234333593771	0.126573240816224
0.396621773674032	0.340338392179726
-0.186199516446871	0.142637758327579
0.0425815315524913	0.0328095728325269
-0.428364820619064	0.328681010611307
-0.0764157901891574	0.0563237768074182
0.38997705024091	0.346191346557918
0.504402650453276	0.453271237529175
0.197598928876789	0.123203219563977
-0.253037371698528	0.188098815813641
-0.211792109039877	0.136649650365144
-0.676411546158585	0.534934155073929
-0.008589910211523	0.00564760920978672
-0.378945730460069	0.259996289490474
-0.476876138499782	0.404605204680733
0.0643233748938624	0.0398507169973315
-1.48812224637195	1.88723981022842
0.0780718847839636	0.050906348791913
1.08263674257389	1.2700101502623
-0.239501997490279	0.214172514998941
0.629504805976845	0.593864491187414
0.341444983380383	0.224610076733537
0.188080749474524	0.140371873993711
-0.213749918055794	0.179964196342921
-1.21241950050203	1.41947079753916
1.24300603746028	1.3713214264403
-0.713389235990206	0.732016042578765
0.405257275687804	0.335471587044237
-0.449914236035341	0.298192391506361
-0.213848981587071	0.138056884481232
-0.591001189155915	0.479642956437168
-0.43531217295015	0.335335845584735
-0.173489609398405	0.115054704967919
0.0900209589841744	0.0613956285104439
-0.142396346046328	0.0968262730934535
-0.00533413411610163	0.00356315409427995
0.968379367813535	0.961451548755277
-0.127697297286478	0.0891427412777521
0.180396304903274	0.104784037126068
-0.145164315108056	0.0987884088265775
0.528301727974214	0.459352647689368
-0.774963145024771	0.836439938707327
-0.780396746762771	0.596406809029882
0.190899899022961	0.16157313414059
0.571734964110019	0.662916915770372
-0.678836755806048	0.537490620334077
-0.563867189586098	0.409119994318452
-0.506324265403358	0.465471329815372
-0.545684586542004	0.491615952687621
-1.05074956005581	1.09692275269161
-0.320824679937256	0.191899708439747
-0.468207304154681	0.395484883987029
-0.78234170963843	0.516432137504609
-0.668935827924303	0.526428259447639
-0.789438670086921	0.858313785478425
-0.955341987695989	0.93326889640759
0.107543967342893	0.0818330342288679
0.866169746950103	1.09686641031678
-0.64596544782749	0.666885799763598
-0.164159834078469	0.127750160919324
-0.127400170060975	0.101809998852396
0.511116872746544	0.544265414652057
0.877141886740116	1.00896414131632
0.598171938682862	0.580377792731077
-0.249013656745002	0.184725024316206
0.607667530431932	0.676820054624395
0.964513915564399	1.37841395039303
0.420853423916875	0.335400835946336
0.292139414006166	0.229629860370185
-0.109769939343736	0.0868215134895713
-0.275604365636953	0.198998184941869
-0.627536462604693	0.562642042320178
-0.958927836171401	0.938821778949009
-0.848247615869061	0.967895021903862
0.0549141520580747	0.0322393477545512
-0.120336317865439	0.0837319142287261
-0.194544494511459	0.149708757383018
-0.205780961092946	0.154428214029331
-0.331734214422446	0.264414843632769
-0.64914830684173	0.671370066911023
-1.44174131270283	1.28839533514011
0.19890494800956	0.178105969649932
0.682264454145124	0.70894624390015
0.19340536241617	0.13348968932744
0.330426168578608	0.336332900056251
-0.178866350440179	0.0955977557928065
-0.532472968578904	0.443196312835916
-0.236739369640748	0.174426112696791
-0.568345837961137	0.412862475914879
-0.782597477490594	0.900122511960568
0.100847845117408	0.0741564058599887
0.101596668611853	0.0747485962607043
-0.381363467377235	0.261707604169356
-0.428414667084965	0.329004471136821
-0.0774225131826366	0.0557885584997029
-0.0818774813492032	0.0591402905819299
-0.336542226476182	0.269057077796913
-0.411016263632832	0.384011422585885
0.683030409013955	0.710276636864404
0.195010319376865	0.156251544201484
0.291318778152277	0.219702093373414
-0.0829762945128906	0.0599472338064831
0.435549956019749	0.434118691915268
0.527436577485314	0.549571525677563
-0.417787296137114	0.357764572267889
0.580566322307716	0.656747160795354
0.612310730920984	0.572177852821749
1.50844479909913	2.00203143170749
-0.467627363095517	0.394956458054537
-1.23994814127135	1.15387074547465
0.0688358448245327	0.0447577233537015
-0.348567097844459	0.35480145855627
-0.18747377034879	0.159138877251971
0.0169958733316939	0.0118814917122938
1.17046752369803	1.45996362925118
0.0163245221207768	0.0108754381687851
-0.302073488935738	0.245651213907492
-0.0261405325519268	0.0167398388684079
-0.153488663298541	0.11868021910952
-0.304652653851539	0.269695977942706
-0.656327204500861	0.681669266510403
-0.104996200439306	0.0746789331899992
-0.587247466332978	0.609227663297923
0.444793626518975	0.431962570656353
-0.722534447358959	0.916912294583253
0.288762675793499	0.243502374772977
0.287953719340559	0.250563217466017
-0.595364323485263	0.620675113451551
-0.305234087787852	0.248470647962351
0.106211327123903	0.0807617343410812
-0.0540870714444324	0.0446293793885371
-0.157366455087833	0.125036317604079
0.449359884421056	0.422659925607172
-0.594356030846425	0.483001347764452
-0.0653744886904484	0.0396021813976134
-0.282196088809814	0.204494096233781
-0.411761621968826	0.384833131828301
-0.599684063977835	0.488674783593133
0.104600992813033	0.0770632554598253
-0.00395095116987039	0.00252060217768675
0.855586951270928	0.781934039030617
0.0566244638882709	0.0332474964753283
-0.338977223097315	0.271350409520136
0.193285481587414	0.133321197926916
0.109803889730469	0.0811166890295287
-0.160989126468024	0.125037372535368
-1.27856542820152	1.56967772735322
-0.429122432060735	0.329452021252799
0.642210422205029	0.579321935746937
0.1011680671148	0.0719518011511441
0.706417781615212	0.7113278020249
0.67384331156858	0.69670619437351
1.41533981908463	1.76409585655954
0.670275124445928	0.691958472571913
-0.17470351557364	0.115893075429418
0.30567117171569	0.23224066232202
-0.056797750210576	0.0415013495424085
-0.213641849355201	0.161067275970935
-0.421175851179151	0.361465862381184
-0.376250901682987	0.294974575085718
-0.214064900100329	0.161429857820175
-0.7734135239907	0.722158560311942
-0.37987567680641	0.26076154120987
-0.149915159045215	0.0535975402652961
-0.448547180169818	0.414155809308614
0.593756727368914	0.574743406469176
-0.536754115282867	0.531558719444676
-0.0187010749147088	0.0121741983009681
-0.383462560951695	0.263446652187953
-0.140749794949696	0.110797667561522
-0.634335102371514	0.611749483048814
-0.151311562482841	0.1032843426157
0.0440719310375889	0.0241685701228236
0.0880234269989401	0.0643086945859976
-0.708623024069123	0.852636025540255
1.03491309344681	1.34003790935795
0.85696801067136	0.784043834523454
0.375568692874051	0.341834585971694
-0.960070047863914	0.940297942114629
-0.562806512135669	0.407720798759817
-0.136546953545103	0.107211598504928
-0.523829157363528	0.434048127093763
-0.388419541748902	0.267692043161674
-1.62968633913463	1.665365513798
-0.789418451264886	0.74265413320377
-0.519769790677106	0.640821887778038
0.188413611058802	0.16743562092696
0.397372838123063	0.451902160343611
-0.723809039309189	0.879715925945833
-0.588441039480488	0.720857936453928
-0.334448858251779	0.292615621957597
-0.574011027771552	0.55891357187861
0.057433765499458	0.0445440337511968
-0.046550590243665	0.0345600383741966
-0.123339646035916	0.0859467186883363
-0.0833582370633189	0.0676003108615904
-0.321748155352051	0.329088570736226
0.0724295261377946	0.0595120119901829
-0.111514450029632	0.0902231344828905
-0.178273913603509	0.150372264815928
0.397938043756657	0.442379193923517
0.773105747762025	1.0300952252043
-0.337278300815229	0.269782766128796
0.0396691926888105	0.02969936101167
0.132432714190501	0.108035053210293
0.0931535916737909	0.0828026243930026
-0.185699306027898	0.157463800582852
-0.618890783980608	0.687695628694226
0.915293874092423	1.14403844964516
0.396667249472988	0.326682494989121
-0.0972829185247489	0.0780160848657575
-0.713348152784822	0.777603307256781
0.102382449097746	0.075301310813394
-0.2650291446814	0.165620554286477
-0.145495848431208	0.111936929313196
0.000935151317283281	0.000610423873327164
-0.168593187340507	0.144496897673478
-1.24083911946459	1.15579937232856
-0.0934605011579531	0.0546899592999272
-0.259156160545139	0.161572261811423
-0.375170404294376	0.293939978132005
-0.175417905715086	0.116413686582718
0.18835725053069	0.140600581185009
-0.213789693858159	0.161189158936757
-0.380083822388511	0.298514754091027
-0.328306578417704	0.232339998400606
0.596220901450838	0.577874455753705
0.399886908407494	0.330034412742894
0.188708601034945	0.123977556131706
-0.692255179776238	0.656236565973602
0.000653776392191651	0.000240484765781727
0.147662771676962	0.133697575078262
0.0762168638768342	0.0496611900390316
-0.237570897532237	0.235220897436598
-0.632387121673172	0.609591787360005
-0.442677491261154	0.442152393507392
-0.27986190592384	0.267662000126385
0.649375763613907	0.779273266321439
-0.14724305794676	0.116387869758876
-0.485697997083842	0.483016848139885
-0.343941624937262	0.326726487499104
-0.49463466314589	0.451879209619721
0.188968813993043	0.141121454681
-0.843927439058477	0.960462440410237
-0.0445334810880674	0.0277866722163646
-0.06016174166395	0.0440318274447589
0.0434594625655302	0.0325765563390103
0.288315061722572	0.243075937458219
-0.307092302633961	0.250385120746096
-0.216812313149898	0.140212995913711
-0.0400384093485083	0.0249890123467622
-0.505238527750443	0.464427037563602
-0.688984125780521	0.602463875285753
-0.336542226476182	0.269057077796913
-0.205057174949584	0.153734093555064
-0.526150478999022	0.436697470930799
-0.0427817098577679	0.0266991675035984
0.0889042326019778	0.0606181032912949
-0.313537267272385	0.186858559683089
0.0578499043235967	0.033973480949348
-0.133606227062551	0.0751710817469865
0.525856585792484	0.336806220857581
-1.13992975265083	0.986229591537584
-0.601779515552208	0.532126972893719
0.182029485461667	0.112816048696957
-0.849280131399637	0.907700738033226
-0.586892543715032	0.475157852674542
-0.114071516896867	0.0791133805858033
-0.774517404546929	0.590688846173212
0.172428174086415	0.0839550921690624
1.55839906081672	1.90087013307814
0.173576320032587	0.0930057755007085
0.20433962388693	0.164550844713646
-0.491640303242496	0.368649370141713
1.47361434355602	2.10266776210473
-1.25782806819673	1.36454819527887
0.107285568083863	0.0816235149431723
0.800827045733548	0.760505076475618
-0.903933574395971	0.656951092874573
-0.438059495461324	0.43645191307667
-0.609613629128383	0.541429135662258
-0.564693402504756	0.409769659249613
-0.0380653808415628	0.0237648950185733
-0.688204381157892	0.601031605207845
1.00337797519947	1.19522620433448
0.000244861137894739	0.000233456297402809
-0.776249440920366	0.725359664017538
0.0759513762615098	0.0494892616781683
0.443359894406908	0.339432355482894
0.0552225751825717	0.0427824173954431
-1.12383845067947	1.24007731819108
-0.336494223185765	0.239151438949064
0.285184570957005	0.231901356809903
-0.852637697400799	0.974946657117917
-1.26331360246203	1.37399025078223
-0.721067114947851	0.246487833064577
-0.212794792928511	0.137389245197163
-0.631228087647657	0.60818696552436
-0.71710052375591	0.867850930780514
0.0680172221982886	0.0421990387723034
0.626759586761063	0.590275399950084
0.0425579719910048	0.0250357156973265
0.0804809558302616	0.0525160275084651
-1.05481499374648	1.10377898263551
-0.0656746719013447	0.039783039468465
0.187432866509619	0.116469777817005
-0.0985913118218103	0.0699344685917701
-0.549649967241618	0.495968583023626
-0.34447824481072	0.327221198930842
-0.0799743705261909	0.0577173191108251
0.111086498394513	0.084686612984999
0.954639990874155	1.16563716087562
0.311909658112831	0.215237501456478
-0.129084245374551	0.10084976284013
-0.00421401526103019	0.00284816012917455
0.896310410971224	0.915267371317651
-0.608889850881337	0.540584929087184
1.18302397023154	1.90527983721923
0.31429917028979	0.217222430974616
0.550496338223966	0.562088102846048
-0.0575592940626648	0.0420680970772185
-0.121071385352385	0.0842686952896277
-0.499058549095973	0.457139063789322
0.191833455452779	0.138063311188139
-0.392604647440234	0.310370957227314
-0.429237027743593	0.369900486822082
0.101640472444643	0.0747783184234571
0.922155772899094	0.80348772655028
0.462472356802273	0.45379738974455
0.194559114465031	0.15575586412912
0.383674731330858	0.339392342376355
0.0524745048674917	0.030773356760731
-0.374949400599383	0.324782387256402
0.523173789861913	0.453912554762828
0.188149877735637	0.129532636505119
-1.01814433180312	1.13936610881733
0.583743794110351	0.661626436828234
0.391989986194572	0.335528934298262
-0.271866340853694	0.264685836597816
-0.10257027429589	0.0807547080482966
-0.281606645186814	0.203981771442781
0.291420426751492	0.237755615790438
-0.376188744608514	0.38059481452251
-0.714926310289476	0.822981950983046
-1.34404803035617	1.54549353452625
-0.834897330323898	1.10891932792574
-0.105588546086268	0.0751212174009611
-1.04449144188473	1.08776184407041
-0.564444752677813	0.409540207677442
-0.21387893494599	0.138142626712268
-0.776649969485198	0.51103990619871
-0.235622709836236	0.117761714544928
-0.253562499828222	0.188514207058655
1.25403686179727	1.06391799553975
1.26292129326052	0.882819315305164
-0.390406248237941	0.162374844905515
-0.396809026795074	0.165457833662611
0.0393842058771251	0.0216568417539001
-0.0902375746558826	0.0358652242220136
-0.261373853304264	0.163063859647689
0.320895117527544	0.222451784700259
-1.13643008373722	1.2609797292969
0.156189770610872	0.0757862947321544
-0.662960710293333	0.462645436385547
1.53992218829884	1.8644444243542
0.352546290094507	0.197861076773174
-0.527166713047576	0.332020635983802
0.588989311821784	0.473574553968527
-1.63583036450912	1.67750025797041
0.550997678679176	0.321141339364318
0.758429960448973	0.639644149985541
-0.525920611670292	0.330886042615131
-1.21004062089458	0.909793913336454
-0.671015652586171	0.528475372560613
-0.264291291289467	0.165151784467414
-0.0665061870281525	0.0403022627317002
0.722932583085379	0.478632679096503
-1.20557574732442	0.905064381958335
-0.309861012796588	0.184464899020182
0.169122415572756	0.0822726119997544
0.491213817260374	0.337759141510332
-0.640063558502411	0.378619540365194
-0.0479854245388951	0.0209872318396057
0.616076342084982	0.468584380039269
1.37951161741512	1.28424480672812
-0.977847249321332	0.483702312796229
-0.227172394149918	0.113386152400002
0.491815007936174	0.338611326840855
0.5570399179427	0.570676197816047
-1.04541879640481	1.55482755170071
-0.241514744694373	0.178345558596416
-0.00435239395935968	0.00336559968467529
-0.191002845148044	0.1895492093455
0.552857592920475	0.46243847901224
-0.233757653846248	0.116766669097254
0.195033360654253	0.160915576069154
-0.880164007687943	1.21371347017017
-0.329843581984104	0.233713439233815
0.333988847886541	0.203669893612272
-1.08197092912443	0.737026880466187
1.04985309413306	1.00287424137907
-1.14372451563873	0.992618367132177
-0.116219452606459	0.0806970183471819
-1.16325051516968	0.651758201589738
-0.77288260382674	0.658476866243235
0.874574667792948	0.650408990094978
-1.17125018810509	0.657338744449601
-0.441839628139536	0.291726265622968
-0.448552663734519	0.297047935208324
-0.391935825849876	0.221536965619423
-0.534407016152022	0.337424860993591
-1.32903535369836	1.09259981677817
-0.22471947357728	0.145803933773156
-0.257190113324216	0.160133540671484
-0.76847466542308	0.584072243383288
-1.13363282793502	0.978170324323207
-0.394317545459924	0.222878131032238
-0.164624115669713	0.0876488215577673
1.1125473655677	0.851201139539831
1.25614352028421	1.06672611639019
-1.46315613812959	1.01772329155257
0.469819554088608	0.343282631494867
1.41886150811978	1.11063497882151
1.25269884361507	1.23388892521275
-0.178749161709564	0.118848889509912
-1.21641995379135	0.917108376745884
-1.13816783429027	0.984267337917775
-0.23190075414511	0.11586214692898
0.194185232398481	0.134020127790399
-0.438582328114722	0.289384159510836
-1.71031015365992	1.43232921954076
-0.0304487054248111	0.0194730440647145
0.180332905008769	0.104900929525457
0.159693729817513	0.0775522093291562
0.512163783859262	0.326526030054979
-1.15911308029621	0.647562051097037
0.45553137225796	0.182978916553521
0.367442087045085	0.186273353696411
-1.67429418664846	0.945476272330104
1.11763512456463	0.855614031027025
0.665690563107693	0.607916745042997
0.802527111390543	0.484146305872589
-0.770140342546408	0.926322065478891
-0.963534875323145	0.944929516348562
-0.376471610791015	0.405588187829502
-0.424713692377976	0.399907133130171
0.576083698352132	0.460497836136912
-0.533663258512443	0.33648289160573
-0.708526315618658	0.725368010434607
-0.548787984056744	0.49502160603544
0.0964536679950759	0.0659460964754889
-0.0684849727439357	0.0415161661334061
-0.23366940748405	0.194054260627764
0.193305105409695	0.144627944092469
-0.789708238362029	0.911683159310529
-0.85861323116611	0.922168693342007
-0.62879381471197	0.604764881966789
-0.184831464316728	0.123231486345898
0.168454772614457	0.0902779752178728
-1.60297663954311	1.23500532039218
0.179221215572305	0.104155280865034
-1.03909057160728	0.831369282066816
0.849704135956205	0.897694294308759
-0.525546734823884	0.435817404791644
-0.589651006750837	0.478159605795094
-0.383630607441571	0.263743103251002
-0.885294277568956	0.733077727463596
-0.769013288169199	0.654627107039758
0.383220020986235	0.326397352687938
-0.94123524764876	0.996434197374871
-0.0756626189408108	0.0459256940964514
-0.484450458313421	0.481399016742472
0.622540719758473	0.475011957389543
1.49544919093611	1.51600627204798
-0.618772132830823	0.552513538750188
-0.601368089899541	0.628985289037674
-0.0626114445483013	0.0379228715466775
0.200936620914727	0.175708952419377
-0.212412476308201	0.137050125432433
-0.370794349949243	0.32079062617165
0.371372323412668	0.337471987937237
-0.0836863789524215	0.0604867211532323
-0.169806742768504	0.0905190704083934
1.25237546776266	1.23331411847577
0.609542343546943	0.319584682617334
-0.0762061423918863	0.0462615971640211
-0.670923827999154	0.52907020547564
0.455716645414484	0.330703740086765
0.0665254277509769	0.0412644651101048
0.0354898044159178	0.0194830036126595
0.292908826812604	0.23038612160279
0.183059261741644	0.11993734901971
0.0187221791629097	0.0094263235670165
-0.232394866782442	0.116104599071209
-0.521542163167013	0.431829633166146
-0.778078217440048	0.787028778346536
-0.482403702259623	0.360104381842749
-1.08628684177962	0.741827835959789
-1.16392287487267	0.65180150630095
-0.178276423666214	0.118436084764932
1.50527617707216	1.99493448390399
-0.555514410754245	0.503285159209327
-0.142342206655617	0.112203231664462
-0.319000176087722	0.224788905755767
-0.504161171281827	0.463039692726813
-0.776502453773624	0.784354853486774
-0.509733723076795	0.539274896310375
-0.149761826877568	0.102182674023562
-0.526933693825959	0.519009887562534
-0.7700612186413	0.655396645902546
-1.55217847189381	2.05689107150589
0.10616663717958	0.0782696976869594
0.4931430338042	0.339462346773095
0.557061412366222	0.467263974170343
-0.170925380261619	0.0911557014026681
0.335190943492179	0.219787403440794
0.995583113308449	1.09455186901177
-0.0273953112856997	0.0175330004665272
0.0847735208677362	0.0577114260405505
-0.770313315905589	0.586139777868291
-0.283306804187631	0.235240081148392
-0.0880825836035789	0.0514508844558123
-0.452880885445259	0.419367009413835
-0.0622054836375653	0.0376552721407417
-0.692440283404846	0.606519121947849
-0.371761079496234	0.290670922541312
-0.313747302356465	0.187107841504746
-0.455307306140952	0.302437444126893
-1.34016673979997	1.5377394189666
-0.779289475967652	0.595062679373989
-0.999031592119433	0.897164639879893
-0.245021553430471	0.204888435981829
-0.185728076078213	0.142283518883451
0.194781614699607	0.156044242680552
0.419974438097074	0.426833660998809
0.310849469078741	0.2259107238962
0.177854334048823	0.11013198461767
0.106260491413682	0.0783533763922888
0.742692620420728	0.622331419334991
-0.308959784206896	0.183848229219418
-0.995124819459204	0.891969902128516
0.466713644478497	0.340537461793298
0.0382501933794915	0.0209901702110899
-3.02561161747093	2.43152952332409
0.828185454384309	0.347969212421182
-0.479893050715414	0.407709007095175
-0.429505700596104	0.329965015935093
0.025871323775695	0.0180538818890068
0.0836147797542329	0.0568859065415375
-0.244895925302001	0.181258869992379
1.01108601737789	0.83411831662752
0.0817863069868445	0.0533622286840859
-0.59404705815088	0.482847112190769
-1.07470990897628	1.35067253979424
0.194228476416198	0.155488619551573
-0.033309651266018	0.02503631569042
-0.633481486953919	0.611077688785316
0.155138614491414	0.0753329574025009
-0.276230169104173	0.199518047499509
-0.0405681124485959	0.025307344195018
0.0643058311072908	0.0398682152281211
1.25237546776266	1.23331411847577
0.0607299090627157	0.0356500520157799
-0.564577955080326	0.546834985255556
-0.0675725251356813	0.049585578870494
0.0436041675422618	0.0256299978869574
0.0319923994845435	0.0175844108169621
-0.322798417263985	0.227872132085897
0.0889276084620693	0.0606120270335886
-1.87569888553496	2.670116504428
-1.22745172021335	1.59343391107933
-0.59654696661193	0.485338491974158
-0.945088802847993	1.00270281104482
0.0110943057700514	0.00738536071880752
0.291110330975754	0.237509416083157
0.0896588150365713	0.0634341130211167
0.31722680614958	0.231308634984297
0.340249703191793	0.207719531746859
-0.176625261958272	0.134568809923299
-0.140826419701412	0.0956722482265507
-0.469544105194369	0.396916660008238
0.570091159416716	0.334587900857949
1.17155018143532	1.57391802123439
-0.561108967674628	0.406467291956958
-0.102153763674455	0.0725515728915565
0.675591354383564	0.213968352567141
0.665450922463772	0.475793452187603
0.367518640081065	0.18605117605044
0.362805869467362	0.204388113956396
-0.397122871929765	0.22479707022336
-0.216657809109618	0.0697687117469907
-1.23905883226705	1.15263521819051
-1.02859103362155	0.818216981693425
-1.09512589398449	1.29440720986516
-0.858125718003468	0.854539756940433
0.0530887365332783	0.0311327129990545
0.0373735964628199	0.0205127421953274
-0.0690835594213462	0.0418877002893414
-0.224865038066509	0.170568656147929
0.0353350718309061	0.0194500091320002
0.0652887146636673	0.0521638908754125
0.0894668284490771	0.0632721847251015
-0.209280758088397	0.134866195312783
-0.263965030881859	0.164922214832836
1.09166246488573	0.67290529952685
-0.0682422169541453	0.0413719656033146
-0.910569118705581	0.663693752005182
-0.12946193580292	0.072811538338726
1.12028395388786	0.858793134914183
-0.325075110159252	0.194653597531424
0.0665716297327445	0.0412844184081588
-0.378859121889121	0.357796381905412
-0.213914011445769	0.161307125215273
1.045780877472	0.996288804125036
-1.08651203776465	1.04396216499848
-1.71682532630749	1.44347631258777
-0.331014278505342	0.263791743718553
-0.492084448545751	0.369242894077742
0.0285531410987335	0.0143307218053284
-0.30625549880206	0.249609778866035
-0.174011527400798	0.132338945640557
-0.405345609229013	0.344417416619712
0.0656864840293649	0.0407388023793831
-0.661217126314363	0.461293267942762
-0.206953520200402	0.155408072355429
-0.116173888441849	0.0922520429249744
0.0393618362601299	0.0216223812242622
-1.12598248932792	1.24384604605557
-0.219869399521986	0.14238215865677
0.187529747812673	0.134707803983926
0.097624161780345	0.0692972614284927
-0.577639054742013	0.563943521822653
0.461568564242987	0.335917385407043
0.335899398213065	0.20494277673178
1.07090850459027	0.517633754232434
-0.878274469284884	0.80865614904734
-0.0915473955303068	0.0535364943818557
-0.485614906156439	0.36309275817469
0.0266727405344426	0.019298073700829
0.313149336336722	0.227955071025862
-0.384513512316846	0.264483019386494
-0.917455057184024	0.670253023899677
-0.941538613605212	0.577270307527647
-0.486272673296776	0.363838470968343
-0.392200046625833	0.163170242246941
-0.259395538857053	0.16160512537941
-0.998884077000877	1.19142637604526
-0.143407208047398	0.0975452621317712
-1.2731800418229	1.55930016333743
1.07232009150447	1.14681192804918
-0.0480471997380234	0.0299803605130004
0.619517173649551	0.581170152728822
1.08408208164641	1.27213032419681
-0.215040183678962	0.138973262988554
-0.884960874663227	0.817243264118974
-0.846335997614862	0.902723127673561
-0.650795562257632	0.451252520812329
0.184033920140807	0.114163637733424
0.525384836475041	0.456475831533157
-1.09025548548983	1.28559560837518
-0.470821382751362	0.398166811742316
0.676673477859123	0.487083594125474
-0.488080653302326	0.365052965649556
-1.04906001998256	1.09451528955943
-0.886246009059822	0.734447986165826
0.299413853119303	0.236390424860914
0.504961378821727	0.453926514079146
-0.323105280713675	0.228064989724805
-0.878586213376069	0.808661571437094
0.0832291850183103	0.0543331941096448
-0.00346859016768037	0.00237304380998195
0.591422940643463	0.571711714486973
0.415640002492187	0.330331981866866
-0.30371528996835	0.247139236882167
0.0486946781424024	0.0286065232120195
-0.449510524253234	0.298050284749543
0.998903386143079	0.818958847622595
0.0421099686229904	0.0231222070848756
0.483653967243153	0.331810831473296
-0.012013958859682	0.00573840134572213
-1.21939269432172	0.920762225480103
-0.485523813446123	0.254818668174171
-1.01475800056494	1.13388658185725
-0.786944323976869	0.42901329804606
0.174059769992235	0.0933969117649826
-0.453207558671278	0.300785063473057
-0.393256111824043	0.222259747389289
-0.254191941046578	0.158089102492927
0.333416571753777	0.203204703400116
0.0133766472738003	0.00679821197962409
0.182142393075269	0.119257418188869
0.0406462433538476	0.0222926811767876
-0.875717592697432	0.879857939306696
-0.789290809811463	0.43084717024469
-1.46487497060702	1.02051119204731
1.2538650069425	0.871090930523024
0.793818426140744	0.476781561811253
-1.14175973330975	0.990111893226992
-0.173310877090145	0.0925311864271927
-0.784574784961476	0.736673190957418
-0.560649163940217	0.405884077328436
-0.636848852183794	0.375948882295874
0.582324633024167	0.46691385924223
1.11991616692021	0.858245019184799
-0.170599072506629	0.0910246283349193
-0.773230811741756	0.588933071889825
-0.319914581264998	0.191189219874049
-0.475186757217418	0.402773648152442
-1.24277301207705	1.15813530578318
-0.661140986259148	0.461129835730047
0.167209206716082	0.0895720469828946
1.54416901804734	1.87446850785809
-0.126132477191875	0.0708276431629581
-0.650167154304348	0.386208862996824
0.161242186193186	0.0784364211130085
-0.396718666437249	0.165283623451939
-0.0496563679962075	0.0216916030653625
0.156696670796637	0.0679846166585309
-0.303962951467418	0.139601782141782
-0.230144844202686	0.114934671371571
-0.973169059064484	0.480406925756106
-0.767235035798567	0.333249238762615
-0.716259781908703	0.244657557065158
-0.778997810880932	0.423951526016963
-2.07095503900868	0.940306066070207
-1.08021318651922	0.73583488248677
0.0105618189017449	0.00541215285369115
-1.02657715210608	0.817475948064685
0.180524028447	0.1048105075993
-0.389692359791775	0.220097117246087
1.58891531137793	1.72352522602383
0.451119342701078	0.326699881836144
0.178908194185049	0.103802919738106
-0.23162914825964	0.11555680789247
0.302832895346499	0.229833457064238
-0.427228686235108	0.327608494651291
-0.232400542938485	0.115975838334179
-0.390566752350856	0.162403893268319
-0.888262958115544	0.735692658681862
-0.56397972804184	0.408664477447402
-0.776508820338769	0.592953404348253
-0.530247735110905	0.334016821579853
-0.420987212512365	0.321900888586768
-0.487202954324084	0.255756920602924
-0.488011130981858	0.365390362692707
-0.491158782357355	0.368249691181317
-1.13953201284448	0.986646745076039
-0.658593927048067	0.458631287199725
-0.890337889586052	0.739184526966026
1.54690224285946	1.87995590145875
-1.83665312266639	1.15732926774418
-0.263257975894857	0.164433779424986
-0.0438083300787611	0.0273336135401524
0.0743791297879711	0.0462194391413254
-1.97710925390895	1.37774247563731
0.588373626214447	0.472963911967969
1.13831230258432	1.03296018796379
-0.171338848858891	0.091421562855423
-1.16392287487267	0.65180150630095
0.408641718727264	0.338765317666487
0.0398906809422612	0.021879337906953
-0.146285626904058	0.0996573903444672
0.160490857024349	0.0696630535367041
-0.388831393929054	0.161801785701268
-0.231518387466866	0.11566093929134
-0.476690586704974	0.249449034382059
-0.0872238265812237	0.0346927945162504
-1.31669796796202	0.823014706600757
0.393009326724146	0.177660635944489
-0.610473182516547	0.293186856398948
0.0828078675283608	0.0563221825739543
-0.480459820598873	0.25192771972448
-0.229885447471913	0.114649741890301
-3.33018388415126	3.33879645143089
0.706503838364825	0.621871643841943
0.429544438302957	0.326411776187393
-0.531152035305683	0.334711391471799
-0.87309259385234	0.801741923462927
-0.775599362485144	0.662608227714621
-0.146144745018546	0.0994962491725677
1.39532052536702	1.08243994658934
-0.447421770694323	0.296421431199456
-0.484276291845917	0.254271988143479
-0.234204720657089	0.117116143347749
0.180396304903274	0.104784037126068
-0.228503735714419	0.114033001416476
-0.167677192822937	0.0893545186443883
0.307965802862874	0.223605600520333
-0.642089239262701	0.379887415213769
-0.216063671871124	0.0695794401283131
-0.172961156781053	0.0923281973625119
-0.484652094619214	0.254311639904431
-0.388501806646537	0.16172016306946
-0.657892231934057	0.458258874119817
0.151774444034227	0.0658562253697642
-0.386140470987286	0.217808308385859
-0.446610955890768	0.295661992267506
-1.21044415686139	0.911548075269083
-0.942438956768803	0.578015021208957
-0.485561868030926	0.254991852747355
-0.389525298010212	0.219707517484793
-0.387107194557662	0.160981730893828
-0.659941912794096	0.45991577185928
-1.16752718533796	0.655126179603142
-0.596306260130342	0.285248215573832
-1.32743791085796	1.09224012938094
-0.945006875266451	0.579449094042414
0.151551849507361	0.0580445602818356
-1.2335056589605	1.14529731987484
-1.84532086783015	1.16633253046823
-0.129152080035977	0.0725970819406848
-0.0980516265028415	0.0389205135041605
-0.76214123352966	0.33051798936009
0.0188707365389282	0.00954234230032779
-0.941161792659957	0.577226998246193
-0.23551436807044	0.117706127549983
-0.049242131747504	0.0215141965671336
-0.208984273744917	0.0673817472542538
-0.301486473443409	0.138481308496135
0.163296853998436	0.079414060042824
-0.0698615552249983	0.0423576320690468
-1.12781381973937	0.339579374120096
3.04728179224774	2.26767247175624
-1.31948417472367	0.826584420078606
0.906678165839764	0.490089840090147
0.17878627242418	0.10374800746138
1.06930848273844	0.516650768430238
-0.657356452201755	0.457216607556002
-0.217493795516912	0.0700823766807278
-0.0554073166805172	0.0241246483782008
-0.783581013064998	0.517898447962073
0.44214738965994	0.338517940435856
-1.16738238111136	1.19021706533511
-0.375813624739838	0.25747747653384
-0.601464544621041	0.288022282058361
0.36960618338522	0.18730928481309
0.364983266030806	0.184548693872394
-1.21364240792543	0.915105823524683
-2.43945230886668	2.38720696072344
-0.564696859924028	0.409249002058093
-0.561924168206292	0.406945703964165
-0.46544825905046	0.392624222485527
-1.13515671982009	0.979508177951424
-0.782884615453481	0.670870541844371
-0.253885642889194	0.188827786090401
0.0100429838186681	0.00513290067991741
-0.634500335687903	0.612475267749368
0.561465609605624	0.328151542608786
-0.482162807865697	0.253017954371916
0.165530272619282	0.0804572609978174
0.404827879249596	0.334747509361455
-0.51972720086695	0.429778889115768
-0.44910153198912	0.297482918802101
-0.122474320673086	0.0853078077885463
0.157972940065562	0.0605102309192581
-0.236848240541265	0.118444934155229
-0.17373643323003	0.115199500205162
0.665624031053683	0.476667077270042
1.57623465012129	0.782310402653821
-0.0168850388968208	0.0108992364862371
-0.298589475987375	0.137055967025704
-2.23117881747911	1.87246584636889
-0.906045708319094	0.65878755769241
0.377103789245565	0.19162411409462
-0.479293835591801	0.251119451005711
-0.53548349980372	0.338443988953196
-0.720453666514924	0.246264037870489
0.164468653517054	0.0489167663284228
-1.32886226089064	1.09388352684684
-0.37860413971713	0.297207625775027
0.335899398213065	0.20494277673178
-1.08698730395398	0.743315511003353
0.424979606391436	0.339257768718736
-0.147221485939203	0.100326927677731
-0.175814485819801	0.116740581423985
-0.767258704524236	0.332989408243179
-1.59480535817608	1.89544667611553
0.189532362525181	0.141581864080753
-0.222332940148182	0.168438394093139
-1.12442922175937	1.24082708427873
-1.25783089936957	1.3639554172768
0.176186184431431	0.115109198424015
-0.0369859696970454	0.0230950838400453
-0.00989432538764669	0.0064799539086811
-0.105432094207885	0.0618729482780904
-0.488067418975178	0.256316376154236
-0.776767791307327	0.593366856914767
-0.874680293522393	0.804072851429443
-0.321379436344968	0.192160872537002
-0.913647651339145	0.666407491704682
-0.776563952368862	0.421852707259846
-0.671453646646812	0.529689933249012
-0.320021722440588	0.191384017388695
-0.588804926688923	0.477296513919678
-0.00747100815160255	0.00493002820941863
0.366298036696607	0.185335195598535
-0.629863333926697	0.370957929173615
0.969966063469227	0.963105997424164
1.12096601142202	0.860393990539483
1.33019203470482	1.56133608376684
0.672438015608786	0.482616320441574
0.1699253080074	0.091047952172446
-0.213573866076344	0.137907001698284
0.907860868398317	0.491129446313725
0.564556522165561	0.330284439282805
0.796260265082681	0.479988183815008
-0.908772208810098	0.661985088776621
-0.169456545839112	0.0903298025284572
-0.599720779126613	0.287079952787025
-0.51438298636481	0.194118813219938
-1.6715752434094	0.942543044226196
-0.720199314130701	0.246072307343885
-0.513265508496353	0.193649815889796
-1.49387342722454	0.755322975826553
-0.167518148501539	0.0892523119966563
-0.164469228670005	0.0875434876328786
-0.0945143270203933	0.0552994754252504
-0.0707643728926343	0.0429105445129406
-0.779177271389781	0.513297582743656
-0.27546260562603	0.227622975847149
-0.186409416672383	0.14277190489063
-0.49280723600561	0.449654854081712
-0.321162965839587	0.226570903484122
-0.7163408076946	0.782004319621432
-0.551950174355128	0.580280627280535
-0.521627163087804	0.512190497030899
-0.194875315546452	0.166226062769037
-0.291360167574059	0.235408255334369
-0.690124916255762	0.603894151599491
-0.096035414785977	0.0680331277327015
-0.173652856152066	0.145995001479427
-0.316567869202574	0.189052580018625
-0.671274105767057	0.816934729210646
-0.240940532683303	0.200990936893866
0.0974778358647563	0.0715637178019731
-0.0925201053017567	0.0671481896007431
-0.380949965651182	0.331533623040609
-0.293844959485786	0.237739127679756
0.206380666449348	0.166443096518587
-0.313352831631115	0.186909412125501
0.974267779225919	0.968419140116315
0.829977082734177	1.06893404646161
-0.704043570653909	0.671731323170364
-0.776291538201516	0.663494142772954
0.509309992929247	0.458801971284671
-0.892508682875299	0.741912540858671
-0.0951662750781736	0.0557171232947311
0.031099314449608	0.0171742167116432
-0.908974660336292	0.662158829998892
0.0163660621130198	0.00827768785336735
-0.20496046529415	0.131816922904717
-0.781413864210205	0.6691585879013
0.154141692684137	0.0521718492986209
1.04095157071845	0.393332373967802
0.535308159768992	0.19186644934071
-2.07512110207779	0.943026019639929
0.184818475929877	0.121180011246952
0.0659810606984385	0.0428901062187153
0.103949459663325	0.0789294072749616
0.0036856605553197	0.0024873243366211
-0.16494638163889	0.128356226717043
0.615629504570562	0.576439322917405
-0.136181705672298	0.0766786788686129
-0.433631395933076	0.333895315972794
0.0517953371311339	0.0410874899589444
-0.696871444522705	0.661926743471928
0.321633919598723	0.223175837260347
0.0596206505287765	0.0369377761532461
-0.349850851262205	0.30897358978412
-0.477772000261733	0.472837628388521
-1.15523759763596	1.65200194106808
-0.453185071526987	0.419664199118886
-0.71250519004917	0.776114049456161
-0.856849196873425	0.981910232881218
0.419671264217708	0.438681615217567
-0.179001218836815	0.11900670030168
-0.48866371812351	0.36605880051454
-0.327757013488657	0.26063117471538
-0.217782623602427	0.164543184891674
-0.453926626847402	0.420363682914451
-0.454557595962825	0.301905778119214
0.195549475024105	0.14098902522859
-0.682679749948324	0.594710435054711
-0.382427738947186	0.300699664757397
-0.210380462230467	0.135611316736263
-0.376384346986415	0.326694144046817
-0.287105787493135	0.208455299015616
-0.377158054168023	0.327407265211618
-0.695471394647162	0.660393299668523
-0.0493977538513227	0.0308291603473849
0.173189542398581	0.084334774956922
-1.24267766294854	1.15656562202862
0.923522484228924	1.03497918197798
0.302323119102302	0.229343529814085
-0.657223286479343	0.457647397520513
-0.552534298725328	0.499738226910494
0.487751290267135	0.334769372033603
-0.981971733617563	0.486008124035347
-0.591267568951044	0.479856703032324
-1.1566717892697	0.645877212077755
-0.973169059064484	0.480406925756106
-1.83925455094126	1.1607607812252
-0.231023151465072	0.115404851913362
-0.643751796710615	0.381353159356079
-0.212107996589827	0.0683682958385105
0.173940988172143	0.0437550114519682
-0.337924641037297	0.0968088152153293
-1.02050258479106	0.402614988151568
-0.155694879698833	0.0556284997981947
0.433705126802732	0.33034969276217
-0.230051908661552	0.11492368728982
-0.0668119107022707	0.0404735652333603
0.424436383011648	0.338759404175643
0.353249629656757	0.198548830333796
0.650657739540115	0.589649034866516
1.05934225536642	1.12674313856063
-1.54019903138496	1.48026351300498
-0.719506050347511	0.787026971600323
-0.08554836944849	0.0618776386041968
-0.21875396713063	0.141555078586057
0.297763228079082	0.234793013327094
0.801202198670611	0.761167638655012
-0.577079739942002	0.562809231951671
-0.00932780035456857	0.00612001945169156
-0.192288445586431	0.147762256233152
0.715214522060855	0.723220335661005
-0.527034048949721	0.437509306288833
-1.23794178361785	1.15137004159768
-0.239572784419012	0.232855199518729
-0.772477941985916	0.658968417147088
0.130713611657639	0.11193246020061
-0.156120365611458	0.106850504303534
0.00722199118376115	0.00377037632149579
-0.492084448545751	0.369242894077742
-0.171128990250508	0.113339512878536
-0.652983373050783	0.676710843307333
-0.285149775066839	0.229468689142856
-0.279738644957521	0.20245099821407
-0.233869084454057	0.116845734574565
-0.725059292029418	0.748312776561869
-0.563799238603349	0.409025771822803
-0.499086738140313	0.456899309409184
0.318040643014471	0.220139882102157
0.0779969514783751	0.0508613421318185
-0.368215824444469	0.251271423085263
-0.268932272182215	0.221620128105578
-1.08821308203793	1.04576261660722
-1.21268327820122	0.912149234295849
-1.27272243083283	0.571491680820156
-0.213293977179729	0.0687362131681472
-1.53657295116098	1.47402423146099
-1.02867456921593	0.819884654530341
-0.316794926604793	0.189183944773879
-0.212700860727539	0.0685566980358174
-4.21494314684171	1.9699175614075
0.532196819047093	0.190683131950839
0.674624067917918	0.213658555919133
-0.333856458330646	0.0956917261764247
-1.67910550569438	0.950492953562996
-0.717804035722151	0.245206559878684
0.0119601958185464	0.00607496743077261
0.723953694707819	0.480485437980684
-0.517258543695923	0.427104023438492
-0.484423631396431	0.361904142796396
0.460722548565691	0.335155882738484
1.45145738867229	1.65251467038025
0.341824026423521	0.208818773128726
-0.182137069885426	0.139232770460176
-0.265377512417096	0.218223669011193
0.19904604703913	0.164700559485322
1.02789556866417	1.23910198957696
0.279982042992886	0.226941107294166
-0.660847316495677	0.460635211365372
0.0963670275918917	0.0683720916481948
-1.20381603371365	1.40415394252889
0.273976448028439	0.228952032531193
0.0393618362601299	0.0216223812242622
-0.180985216842755	0.12044997332305
0.189827171300042	0.130803872837875
-0.0232390148260981	0.0151144136231996
-0.514333504000795	0.502609722680368
-1.67541073406904	0.947021413493557
-0.695182693432471	0.659936919070756
-0.57896375456145	0.565622538063456
0.176221546998317	0.094511451313379
-0.775818218443729	0.725165067882455
-0.372961434680724	0.255020567838084
-0.154706891622887	0.105816849522212
-0.0476866589875429	0.0297589440163624
-0.332791948099385	0.236054380838889
-0.382463409929382	0.262845790304386
1.38115185914404	1.28586821713625
0.551537805743448	0.46127137002156
0.0409725249484677	0.0240998127175829
-0.441160257884039	0.291400982980513
0.395835515136097	0.325823310301937
-0.319236618476657	0.190747670004172
0.337939019318616	0.205998612594186
0.144820047500927	0.0628352763329139
0.459652936753881	0.18472455597885
1.04210966752671	0.393840140799123
0.482577369806087	0.330924627280784
-1.03919836639107	1.07873954532641
-0.102583833491218	0.0406562522592335
1.09538623508025	0.676056409165149
-1.49602058833848	0.756782609894967
-0.774804746858058	0.337089418232418
0.690747659774184	0.323057454960142
-0.518225727777109	0.195715971680491
-1.32858252156155	0.834644723164507
0.872455472408274	0.802730684994862
-1.13603326083454	0.980390047232956
0.556053990743902	0.465924090406345
-0.320592645892629	0.191774940415494
-0.0924839772391272	0.0540866580485472
1.01095224375947	1.20874514115901
-0.114823564331105	0.0911142043535581
-0.246941470313771	0.182890944553046
-0.180572790917639	0.137909048529702
-0.235702198900542	0.195966356946883
-0.292700660974202	0.21323774351087
0.893348360781513	1.21044879831988
0.207327180524775	0.191205968117386
-1.03655861224421	1.3605626726781
-0.0602320734427337	0.0440781939891485
0.704465907259217	0.61952718270309
0.0612139403387476	0.0379431182319829
0.472737105714864	0.451158031925536
-0.525979063922831	0.436403025519974
-1.08782939294078	1.04541947056586
-0.330636933294929	0.234342913876733
-0.250080399914461	0.155294653296748
-0.776782211851592	0.785156061177271
0.0281199265377661	0.0203582484573792
0.0792699912856439	0.0516841625234635
0.809491283683827	0.64592597834162
-0.262879305890067	0.164087849485818
-0.181225948382592	0.0969271685916764
-0.185163308723621	0.123466588063097
0.955872657853645	0.94317628922622
0.314118671158958	0.217204518664103
-0.530247735110905	0.334016821579853
0.155138614491414	0.0753329574025009
-0.644562633459371	0.381599531724609
-0.311414601119043	0.143223047272683
-0.948607687065059	0.58281103609524
0.801540335542087	0.761581456480271
0.616221549193829	0.324183104652652
1.46496714552386	0.917244156963407
-0.508710638898664	0.191694940614962
-2.2797050672784	1.14779045828185
-2.06444769256084	0.935935080561358
-1.0225353038078	0.403750407139113
-0.142223285419907	0.0509011547645968
0.183276846461182	0.113725753830447
-0.444977615597628	0.294252470967181
0.807950096177988	0.644840369380844
0.69956471873984	0.614144012985073
1.60376080745126	1.7510872344111
-0.0893973240806111	0.052267023399945
0.18161256344895	0.124656285390182
-0.128454211906831	0.0897130733297932
-0.884111029641149	0.731883983422539
-0.281752836587681	0.204002120961517
-0.0299212224102573	0.0221523273967917
-0.26890191224538	0.239050463837401
0.389312179384031	0.332667764038365
0.192447997851252	0.158590380129443
0.391209202535392	0.334741382862735
0.521060916246273	0.451704765491412
0.475093138083077	0.437376307381308
0.535415867995045	0.560559454725848
0.413259821450276	0.343466839811985
0.179846717336599	0.117699592887727
-0.15527801200049	0.106230937704544
-0.0498752007849085	0.0311232153088666
-1.23533043523302	1.14778104346415
-0.0534280390438461	0.0232913489992016
-0.339196558876426	0.297671711732572
0.0131415035532886	0.00670880153224456
-0.524992092014075	0.516334504783641
-0.859956617676255	0.857073577768628
-1.33557770910853	1.10193340304262
0.810874211904528	0.647474156549379
1.01267012388286	0.834948889763284
-0.69269821324913	0.606778682553263
0.796227743046887	0.754500017300404
-0.317809189932604	0.189859512506505
0.180258757948443	0.111628844624566
-0.523900951951218	0.329340043025605
-0.435063825830525	0.335240578319652
-0.28016147783233	0.202746621519945
0.723110761260718	0.479522138198632
0.149173995582458	0.0505642485186703
-0.227810792454775	0.113627800030682
-0.310086265508131	0.184613195442707
-0.49826982027412	0.374958489242617
-0.768149146543914	0.333720628444705
-0.214627712908801	0.0691154905123542
0.53471313464826	0.191636123836102
-0.721067114947851	0.246487833064577
-0.725635056863387	0.248108846658688
-2.06780514452654	0.938309132013353
-1.02691119546067	0.817864498048755
-0.209665230447622	0.135153423602846
-0.133934862955753	0.0753623190308221
1.69600933393872	1.97706869299938
0.399430095360758	0.329395972706349
-0.0218460540101353	0.014026156915269
-0.12279884491691	0.106314748051312
-0.550232323429368	0.577861792000778
-0.781512728651726	0.846445167763332
-0.659838473237986	0.761810710841391
0.213904933643981	0.198123287294775
-0.0486231640544893	0.0481809197793274
-1.15481986262781	1.96663095813543
-0.836464235320134	1.05932810463821
0.195399952332259	0.165883009731844
0.0936479052665984	0.0848526047655594
-1.22651207884683	1.59173600317666
0.28592746252436	0.240757029081111
-0.0926488396290052	0.0672394783392669
0.0841347905116559	0.0549648162129931
0.490109455912697	0.455097497815945
0.0352943352435047	0.0263950896689188
-0.184620293498636	0.156438833933518
-0.662939419994185	0.72959833700498
-0.085669924234726	0.0749156720330394
-0.971894424789179	1.21730037292502
0.289487826659058	0.244306233619848
-0.215736361230962	0.162845231107951
-0.24481730357631	0.181213228357472
-0.936357656457135	1.06437741755815
0.183597583425012	0.150390246055808
0.192056312672115	0.143628685704227
0.442257883927775	0.442627506701826
0.844147688431596	0.88940939609154
0.738910787284542	0.840757769995127
-0.871200098197778	0.873670492647665
1.1368666710855	1.0310479015889
-0.602298673244211	0.288435916936057
-0.589072400251943	0.477325994919199
0.906221476980774	0.4898154096859
0.680267294542255	0.215376555237081
-0.778155131734846	0.423425476942395
-2.07256347857742	0.941327942943604
0.0335266013595565	0.0184427314465499
0.196667360807625	0.162489490756561
0.564471886281022	0.559770268301284
0.188283412689749	0.129634154772954
-1.1314530940447	0.975542672859968
-0.450433155489607	0.416515462405446
-0.152766480152079	0.1180782183196
-0.225117537095046	0.2041402237998
0.559068679167825	0.46938425503732
-0.827589208109388	1.09452510691908
-1.00678595969356	1.20539947969901
0.442822220689904	0.443500873268029
-0.497015821165562	0.521478635094658
-0.571108006267926	0.55542373776496
-0.282562215558348	0.204754115690719
-0.0049319832979519	0.00315541331884767
0.449332134347269	0.451733380387368
0.184568232154375	0.132377560620694
0.484133151413117	0.447904732585659
-0.214443901267778	0.180709082222326
-0.422504067023075	0.362815578852186
-0.181730349817493	0.120947656541775
-0.541311347755667	0.565575172334758
-0.565940446641503	0.410658222134837
1.06159114171714	1.13010343291806
0.0720011154201204	0.0447012373193904
1.00622401284373	0.828400316827054
0.213354261629227	0.183075892772855
-0.329599592346668	0.287488473635785
0.184257788964278	0.11432738534984
0.306540130957198	0.22221728720139
-0.180290026151846	0.119940791414818
-0.17821722762436	0.118463824442697
-0.389827931113801	0.220236135223933
0.173378039987466	0.0436162262322836
-0.531528650854849	0.335335136553358
-0.675848392612873	0.586490084572938
0.675232747867266	0.213789953820415
1.04007667172615	0.392839871352892
-2.07062872074145	0.940243383198465
0.384925100727907	0.340605998855378
-1.03145202511769	0.822030811654735
-0.781050107611243	0.596959732813622
-0.530785826557016	0.334829379481014
-0.466524059667905	0.393573902015644
-0.651599918747949	0.674570038380069
-0.0726075421137084	0.0440481869814736
0.0948100334506335	0.0672305885547434
-0.149785064743026	0.115563662666482
0.0953811511161027	0.0676038587364283
0.383196032128758	0.338839597048992
0.510750443501569	0.543707962389052
0.208541941459364	0.178541773758092
0.525905302658042	0.547509155366149
-0.64627656045288	0.627381085470663
-0.406630342939235	0.408464168553358
0.773311508805239	0.9492232746863
0.049139430009297	0.038937317499027
-0.239669854254155	0.176858281539348
-0.488222118387366	0.365637829753934
0.375392979885565	0.341883490851745
0.180380380648204	0.123698017758321
-0.249300426903971	0.184979899730647
-0.550858082934821	0.579085897376978
-0.508511430104963	0.46827619710227
-0.327466294281276	0.231646816295483
-0.556636159060928	0.504631106270288
-1.49034242994921	1.89169396934482
-0.247720459852979	0.183578945770451
-0.247214520580935	0.183163001134074
-0.492169249954115	0.369354797513828
0.106968912831445	0.0813561568328522
-0.132187368465625	0.0743454328279497
-0.333394974156127	0.291484247880541
-0.383415518242947	0.263619792206809
0.438466939250795	0.335069089727137
-0.209137581659417	0.134799109766934
0.28465077981996	0.231395271095475
-0.0628605097484493	0.0380639771431894
-0.481468778217006	0.359191542128538
1.34469068854831	1.588430630972
0.701818387447341	0.616540862630013
-1.09200706832361	0.747414637519892
1.79077167367723	1.84801512909512
0.16957382105947	0.0908505613457886
-1.49520645990374	0.756602076948961
0.0521670946042651	0.0305917279919109
-0.176497256544072	0.0942174665944672
-0.38477830082065	0.159944309995376
-0.780433701716491	0.339946126539818
-1.79763019308962	0.379603777700996
-1.27840133122234	0.575024543685974
-0.590374210925773	0.4788683271728
-0.303558335446055	0.268461960354158
-0.71463018188891	0.778973682334636
0.109754513779514	0.0810795676684446
-0.57896375456145	0.565622538063456
-0.2309361186901	0.191437583890541
1.04241516394837	0.992527977286439
-0.537599406460314	0.532719535247805
-0.910906736827013	1.09026094514083
0.697072647732534	0.611019969733939
0.196549457458627	0.162409391855489
-0.640555257961129	0.65912851030825
-0.777047024759376	0.663742336239265
1.00412813415301	1.19679255930235
-0.0535721664842777	0.0334501987489318
-0.0977192567152246	0.0572305061163013
-0.505581409366416	0.464728368113189
-0.0943190238643748	0.0374192018035695
0.441923870359653	0.338088380710113
-0.244881583249122	0.181276992916672
-0.0874887405814086	0.0511210292782736
-0.172187654169165	0.114138237116707
-0.220608199242609	0.142883598425837
0.193091476126241	0.139056349183631
-0.102668085194869	0.0729614687596786
-0.00819547061057307	0.00539293616834398
-0.242739234579694	0.179468042971205
-0.154763458342972	0.105833587678444
0.064163497381984	0.039790642617589
-0.587350374472565	0.609262321986001
-0.388962141023087	0.219604218028816
-0.483942349218105	0.361609480495313
-0.0119677275146203	0.0091316146467491
-0.301772550458951	0.245260830437395
-0.390997292692867	0.220561724406851
-0.868857351743966	0.795941236336623
-0.0281199724095881	0.0179979245763519
-1.2130360716139	0.913968702094279
0.720594791569551	0.477376246258931
-0.0940020640074766	0.0550205607507568
0.593452874831065	0.478253742774974
0.187432866509619	0.116469777817005
-0.129773570726722	0.0729487232320418
0.0352369196109699	0.0193900752059727
1.32551316297218	1.70585086539351
-0.304814957959042	0.140040338779575
0.0282475825872172	0.0156317611360254
0.336541857079234	0.205306803574778
-1.507638227659	0.53431243522829
-1.16758116575042	0.655078974853089
-1.02220030668553	0.403399409057447
-0.729206528732148	0.249387911798509
-1.02815379565769	0.406346884447955
-0.278752049765395	0.249534777955544
-0.308459132495735	0.273743109293649
-0.379616129561287	0.384806177609752
0.627105658745607	0.764247935832471
-0.134859662687052	0.105774029787549
-0.0850561880909963	0.0615174340708607
-0.332860990533695	0.26552892454536
-0.0783389277383796	0.0564921132842133
-0.322752855676624	0.310336012701644
-0.660416833789379	0.687124970831635
-0.385070699132354	0.216974509465629
0.615058180546072	0.664884029386532
0.498126684942203	0.446061648193246
0.649582701912993	0.588383773536671
-0.233165773728965	0.193591106953475
-0.338795189489901	0.271053762354232
-0.72202142273352	0.79054569127446
-0.783450964233272	0.901440226557072
-0.575579796780772	0.56120074099222
0.0411392161219595	0.031676109420086
0.806214976614097	0.971492127637912
0.0215424054126123	0.0156132651862829
-0.0891270201902949	0.0628737702219798
0.185423954819441	0.121629264318659
0.727675797024671	0.824112300869484
-0.0466621976164409	0.0291186247332256
0.629599964505076	0.686472164339343
0.0739263880093895	0.0481405625648609
-0.709627249365531	0.726871070144556
-0.781723569968002	0.669595168656197
-0.0573875399318246	0.0474354667448031
-0.332432504656416	0.265160210673387
-0.355293883999621	0.339938609021999
0.172408301008542	0.0925154486142624
0.307406802083456	0.222971551023907
-0.0466864250114144	0.0204309423741643
0.747512170838596	0.627784157761162
0.0963407632537814	0.0683560327307687
0.189982212008516	0.118053346111768
0.480381133849198	0.328910591298012
0.0337847280307014	0.018606683327378
0.619797288355592	0.472235166532263
-1.08787529847293	0.744081300868491
-0.51812811293967	0.195578845806807
0.451487521828411	0.181235009163182
0.06591591889658	0.0408903908528037
-0.552514473749351	0.499753189677346
-0.530436641011968	0.334586422868553
-0.444202290537005	0.293788462596286
-0.919011788928457	0.671718527838809
-0.307262009809162	0.27251760277595
0.429885436965205	0.426847498235296
-0.00888036723031799	0.00583355653544937
0.192279631330211	0.158437244679513
0.848780245543361	0.89655898447477
0.0716600980242267	0.0588613398735109
0.191318921588904	0.152867915206207
-0.66656167136405	0.808600441578098
0.526785850506428	0.643335852477322
0.846309374891797	0.892638387548656
0.96620830596853	1.38258019018439
0.191724635237901	0.157932642202221
-0.0496464419047594	0.021686134811476
0.920962461991792	0.801998521881137
0.012804904290777	0.00654273194140126
0.370167497794005	0.324673398387781
-0.415975949150266	0.389528837592102
-0.305418377653254	0.270343818030796
-0.457542129287901	0.481928909099442
0.62458519322921	0.587576313416355
0.877608064690164	1.00995243259087
-0.18016422130656	0.137548084812895
0.08244968630132	0.0538410281838526
-0.124143789883737	0.0864963695565965
-0.298319404949319	0.242012258300569
0.188034136499189	0.145280862655671
-0.8867086469034	0.734750452402157
0.742462975353651	0.846915897846009
0.194993555913222	0.140563124484527
-0.344033508905938	0.302844698401906
0.69265827193776	0.723702350101149
-0.780474160638277	0.896597416071837
0.203068876016749	0.158255077224786
-0.128574022158107	0.102852350586916
0.188340506188069	0.123728157111851
-1.5065938429569	1.69265826797596
-1.014114649544	1.13303755614349
0.465770337259565	0.339407030720476
-0.214794542627757	0.138806579794916
-0.432572934548498	0.332661479921625
0.416194406883398	0.33077684636352
0.184274122797342	0.107308476367865
-0.0215839274554185	0.0100815528892238
0.322901980810932	0.210588097117009
-0.789152783740083	0.522276055249545
-0.316860031612497	0.188929913624689
0.150578021997727	0.0653275546392976
-0.777074928340056	0.511032926627809
-0.156499670275822	0.0558896883385912
-0.766207907419173	0.33246398143222
-1.33571826813274	1.10235121427609
-0.781481075617604	0.425667053139429
-1.63316039021147	1.67442611033736
0.00843082239576582	0.00706288964028041
-0.0196403869962842	0.0147781728421008
-0.1015413932928	0.0972152304838198
0.898180968028636	1.22048248797997
-0.0300240918709039	0.0225556450653037
-0.311659135690427	0.316392762551804
-0.562866723485754	0.624029368192571
-0.343603587054177	0.389880629706616
0.0343626134914949	0.029180813839248
-0.847489355426734	1.02444022857542
0.458727643114459	0.526912829914655
-0.314878119816072	0.320493841557391
0.0861453693479532	0.0608521290244274
0.0633848646170247	0.0505827127563309
-0.87446822508123	0.877836203268313
-0.0842699921899849	0.0683105201382059
-0.913848488020087	1.09547516661201
-0.356635059451742	0.387465481868828
-0.0626656411988827	0.0510885922119778
-0.209806945439536	0.157838252571578
-0.187183422630835	0.158808142331258
-0.312987384127691	0.298933293956416
-0.730095542332123	0.890571837970588
-0.279948494959081	0.202608964643622
-0.198303500889166	0.169495029557678
-0.300166268004504	0.264778084999199
-0.374520807129251	0.324554270050102
0.528810685652377	0.551376938035268
0.799809530183321	0.865476038773813
-0.10072733285198	0.0715220611355702
-0.0154544492080013	0.0100660572780067
-0.582787939274561	0.683251152740664
0.118104934422883	0.0929864877364505
-0.461622884672979	0.388517154327494
-0.071235161423826	0.0431793714420354
-0.0199860412069628	0.0130083926642109
-0.218242507508537	0.184351047147583
-1.08462745546962	1.2751086074963
0.180772438649911	0.12934303709079
0.528572684284551	0.551234125990879
0.0593025120516047	0.0367544298771699
-0.448225225278251	0.296799961552174
0.961088906319124	0.950958456008863
-0.21437062165384	0.0690921017805448
-0.664560838914181	0.464263650525428
-0.599266126452726	0.286811122544549
-1.58977277731883	1.21713177051139
0.623823894955144	0.47563653202725
-0.653542044831192	0.454120746126358
-0.323096650463519	0.228141031309986
0.178226307945018	0.13683568516083
-0.259039030411227	0.249884142719119
-0.125868519506137	0.100527262988156
-0.241481977977748	0.247716991689277
-0.447098176443167	0.412542897001806
-0.661280996253871	0.727195403702998
-0.864576182154236	0.864228315300258
-0.835720267713543	1.05764341354836
0.931549615355255	1.24245562734876
-0.329439235297169	0.262310278806621
0.101387142867361	0.0720949347100653
-0.21438664562254	0.161683572890098
-0.182675258776814	0.139691094566482
-0.393295855792083	0.344697702661655
-0.59404705815088	0.482847112190769
-0.0640533820817589	0.0469195678859207
-0.528131508289828	0.438826892015163
-0.262939139744326	0.164223142789837
-0.35324087294196	0.312662074319094
-0.0480088083737375	0.029958420163445
0.190305630895866	0.147274071040052
0.487643197544124	0.452140950395296
-0.485570546817697	0.363022645534464
0.191161650216682	0.125662918511778
0.0203613128056735	0.014208116449351
-0.206935079116719	0.173539955446426
-1.87453885547147	2.6673814574881
-0.769853100142364	0.774808301068396
-0.487613798812895	0.365010158378365
-0.526827811170399	0.518520766754049
0.285480822452115	0.223623461637669
-0.16919204009483	0.0902243789386112
0.756642794844638	0.744350008801669
0.936334382623448	1.05672618782455
-0.293035845010785	0.236985194438133
0.406515003284057	0.336596262217737
0.00583281148722173	0.00389765820553773
-0.388631285999459	0.219134773654552
-0.545106436119203	0.490884012225268
-0.672021297814368	0.530174792266922
0.876985412359773	0.653517154018281
0.151283893074384	0.0580076734817705
-0.298166966011736	0.136855825076629
-0.0458465975504637	0.0286083196167543
-0.283927860295145	0.205731735087794
-1.16521325697557	0.652383823403328
-0.48878934592009	0.257071110274364
0.00476855866224868	0.00258845368907855
-0.149982664289774	0.10234275611358
-0.217082183366136	0.140318324535756
-0.407878162462353	0.410099190414596
-0.0486655198802689	0.0361541948002161
-0.0444268977520714	0.0329505120361104
0.416096921418166	0.330833174680507
-0.617988132583557	0.718511329630901
-1.23600060335628	1.75051004555049
0.596918057040202	0.660335061535017
0.680348558264396	0.706558557876517
0.00908572439504873	0.00605087712615403
-0.457906062853093	0.515609785008477
-0.243118369744826	0.203057103659809
-0.206528777316363	0.155078469284231
-0.554360570760127	0.501704303910533
-0.588036049824432	0.476159370150028
-0.272574360618394	0.196439393084163
-0.418646862626867	0.39269344415024
-0.140210472337419	0.0952140332420259
0.194741465228881	0.140334708833135
1.8704803908926	2.4584266517414
-0.694988574929514	0.659650518789849
0.0632704485632921	0.0371498479159051
0.659204069477726	0.600152611248296
1.08286948780836	1.26931798021731
-1.3418980470848	1.5410252559959
0.501486816747892	0.449949494664833
-0.0640505625367657	0.0388054947529388
-0.327297197830047	0.260190151945162
-0.0924190344286799	0.0367263417359668
1.33294654888077	0.581242808712831
0.151768107443001	0.0581883604843956
-0.781454775352876	0.732483658864271
-0.393791062444293	0.163948186602514
-1.46782391900137	1.02416187174169
0.014163081704635	0.00719059974824763
-0.0177283496383568	0.0149923414415864
-0.686466244714413	0.880119167232282
-0.684735462836241	0.982349697468695
-0.657518668148096	0.721281334769355
-0.264270257011871	0.255787358772273
0.192324746406554	0.138436867262834
-0.0281912160877643	0.0180348842211082
-0.939135386610323	1.28891885664948
0.142467670178827	0.13635880187486
-0.191554308433744	0.147170792525391
0.00695129285227711	0.00463724936776095
-0.377201289620162	0.327551790465863
0.469855992031892	0.447619501794885
-0.119876717782515	0.0954038679348478
-0.0104455555430116	0.00683929373896578
-0.0142812300650542	0.00931090280715527
0.110960295222628	0.0845543736250696
-0.419186524067354	0.35910237061679
-0.459984707006388	0.42769901689072
-0.665323640152038	0.733220471377606
0.388366495419768	0.331789734565229
-0.176452642941926	0.152140511477662
-0.228498668936284	0.207739955658083
-0.301495583189848	0.245112185820174
-0.285638528315544	0.207259783688692
-0.622708280312126	0.557118009057854
-0.988535710037695	0.882768520843116
0.186394506473454	0.148519868816379
0.50457384581794	0.453422657589493
-0.0220262248470106	0.0141332061693881
0.180124758760551	0.138444010189826
-0.964696282051973	0.947223113113253
-0.224108475395146	0.145377557319757
-0.777003865705656	0.59346686633512
0.17846197106551	0.103669790837196
1.83474856422576	0.717102751489695
0.184774410298914	0.114587462834044
-1.27074777054295	1.5543552238467
-0.239669854254155	0.176858281539348
-0.982042798661068	0.486468525599167
-1.12435877083653	0.338493350823416
-0.51270712425316	0.193366428601883
0.954882481812712	0.649450043052242
0.32377802462275	0.211249641575738
0.0350162910402472	0.0192768158750176
-0.777321942116783	0.664457536153394
-0.3411180566317	0.273417253970683
0.18573177585486	0.138420533253397
-0.232517707328025	0.211976094785735
0.119543389907465	0.0942088863582411
-0.444140281084489	0.408985013925471
-0.142867911788166	0.122991488969893
-0.389510581393665	0.340667141853874
0.530928768405585	0.462430630217012
-0.17421788652313	0.146537222286044
-0.415998289534077	0.38975678054701
-0.0721444115312109	0.0518775410410717
-0.27858681419504	0.249373490601868
-0.586147605334926	0.574844667302312
0.0275756284336091	0.0199650576799491
-0.217220450453185	0.140504337186817
-0.859853328170965	0.857061535692336
0.190691043370626	0.142524373443735
0.445786889171816	0.447265008918526
-0.145380109620421	0.0989978233840829
1.42219960307107	1.77828981582039
1.15135467969443	1.18670050363885
0.967968963784315	1.18987480839046
0.594823494651259	0.575975367474796
-0.0286839270823798	0.0183581208646038
0.111061588167069	0.0846593985105156
1.12026578763282	1.72498553299822
-0.432565993258877	0.37352407946641
-0.988064681485569	0.883275978496581
-1.32380793061182	1.08740560066513
0.374084878976525	0.190091971341468
0.519186735783889	0.33189518866596
0.0837252135818675	0.0569708976088325
-0.0517286698286768	0.0225651316331864
0.157865091107165	0.0767305022200075
-0.391710846289378	0.162959857875505
0.53471313464826	0.191636123836102
0.17294827606403	0.0435260072159332
-0.721997705010856	0.24672678000295
-0.174904640114297	0.0934227718578892
-0.481332374340611	0.252453037367173
-0.596067728666248	0.285285328990055
-0.0225648228551754	0.0144779152231986
-0.06886961779553	0.0505735791909273
0.0469562243068241	0.0409980940769483
0.276383974829601	0.238849982619545
0.0889276084620693	0.0606120270335886
-0.0685128398715672	0.0619947027264288
-0.376322765543571	0.354793863934259
-0.0137157481711215	0.00894456288382806
0.285184570957005	0.231901356809903
-0.0726242405841151	0.0522320456826843
-0.405241773283691	0.377154111832289
-0.348315663462307	0.331780726321698
-0.277977532743088	0.248734226949113
-0.344658449246393	0.27669992794332
-0.0742480766974616	0.0534448962175869
-0.219312808634859	0.142008088226094
0.109225066807309	0.0831885278714669
0.960878768261029	1.1769853647864
-0.0996326936924127	0.0583905301588657
1.0581677805401	1.12509456022096
0.807345336107153	0.973350034883319
-0.049327307577883	0.030777879258107
0.502814042555231	0.451195145901759
-0.602859874528338	0.491862509073121
0.478373780499748	0.441196262921101
0.0529852461851782	0.0409866123458294
0.288852822921273	0.243639294723321
0.851377200023783	0.900485320098539
0.0131415035532886	0.00670880153224456
0.674015164989584	0.213380808783075
0.87240832590745	0.647841234418211
-0.481992129967377	0.359776832648007
-0.323010629115277	0.193419335888682
0.012360595640394	0.00630033700736596
-1.02216112938711	0.403514019139426
0.163853552605343	0.0487595972376143
0.326348504234898	0.198276840430388
-0.530634067086278	0.334711284806395
-0.434851790353692	0.43232439455196
-1.05768609870673	1.31886474864287
-0.0200846106753102	0.0152609594851376
-0.78222609344382	0.948380357655286
-0.052286813147701	0.0467908606322162
-0.194799710076377	0.166165124132474
-0.568061688481314	0.731552520288812
-0.0269607842617833	0.0202525340929083
-0.227413464733173	0.223561523376198
-0.30338046490391	0.246768400021953
-0.552375661120443	0.580788651004515
-1.54744612236221	2.7013835924732
-0.554214793542966	0.501688501438418
-0.721716642625573	0.790200280771354
-0.163973843441885	0.140179087058023
0.0757405727988686	0.0493109862015682
-0.23467294118514	0.194912461988786
-0.157496036492318	0.134065238925998
-0.00262443863919917	0.00205893935694211
-0.551380938126362	0.49825058054808
0.451398169263228	0.44012721729158
-0.321358146863968	0.328497326968055
0.426044474627694	0.447251578387555
0.00776223289303751	0.00517396445295541
0.20444436289121	0.19677821363845
0.0311042306156211	0.0232459733474723
-0.281763946301205	0.203988556425637
0.61802978466354	0.66925968643346
2.45094036819198	3.11022214164181
-0.608889850881337	0.540584929087184
-0.0434318605414184	0.0322029809554671
-0.591267568951044	0.479856703032324
0.859346082977011	0.787114765257457
0.514957908138106	0.328067426415809
-0.783911781108715	0.517446210487425
0.307749253084867	0.2233976654963
0.288642031178345	0.235194657816496
0.187121024960123	0.11626056594096
-0.694007423397484	0.608457478982973
0.159304296973707	0.0474668185471716
-1.83191334274501	1.15236550996434
0.168393915595915	0.0499912542478598
-0.140603403104578	0.0792714519531607
-0.428662438748428	0.329206464503708
-1.32857072759149	0.834480295458618
-1.09268858886642	1.05271930309363
-0.452539301207992	0.418882813846685
-1.673160897551	2.0922985249474
-0.49458880812788	0.5780790829762
0.0379581649322338	0.0373354520073958
-0.233121344093969	0.242040500996841
0.605605439549526	0.6737358985205
-0.45330834113814	0.604683059587838
-0.11161313850798	0.09023895541091
-0.72859841784634	0.929181553476895
-0.0191701110647391	0.0160642322977666
0.27281073444772	0.28685694159959
-0.0964078895994862	0.098408432760588
0.462328391137425	0.54574734785708
-0.32552886208562	0.353224319837936
-0.0972829185247489	0.0780160848657575
-0.358839946389344	0.344095539359784
0.153014807402179	0.145033004557771
0.893280581403884	1.21085451307522
-0.356466151247494	0.364765147925022
-0.301489027029247	0.29273398764655
-0.404259731570465	0.405699890355616
-0.713610091828289	0.777986453095385
-0.187771651963575	0.14399821609429
0.263215807147683	0.257337220232767
1.0144348989008	1.21586840660727
-0.224072430567711	0.202937419292743
0.500594225769116	0.448966957156174
-0.408868931968591	0.41159154149584
0.749993381654857	0.63005564608572
3.2105906857243	4.71868951852693
0.437825972301893	0.423011570008548
0.0940384373345979	0.0666539970883398
-0.451286494453191	0.417572960302605
0.604530830892661	0.588184618077856
1.13513637285503	1.02867124491149
-0.638091699872827	0.617054802511821
0.323836924054882	0.224861467564033
-0.78105253403948	0.425271134047997
0.186573017012629	0.128349368255285
-0.633240269276238	0.610664948382471
-0.214733232210661	0.161962384599842
-0.32103031108003	0.226399413375884
-0.30553936288701	0.140473585348861
-0.211266830124093	0.0680954468365414
-0.777988740326835	0.338441681408983
-0.336346534706249	0.0963182114993482
0.170112265727263	0.0911569625592715
0.057343008262868	0.0336465883255873
0.188175744582466	0.123528276707717
0.673729501444283	0.696863965291359
-0.413783627992076	0.386995779543962
-0.572423914119685	0.557010349360964
-0.584019585856776	0.685063855501262
-0.525879043381737	0.436363131725733
-0.0715356521619111	0.0433938071688274
-0.0210875931928834	0.0158575101104827
-0.258855827058373	0.234593255604575
-0.0434105857322473	0.0327268860896081
-0.271361290517013	0.223934924312375
0.0707864251525341	0.0581131491720828
0.186509787016874	0.153113834062334
-0.154551796085273	0.131219923112293
-0.290545808351248	0.234653905482247
-0.0426464015082502	0.034991599750325
-0.0571102441550832	0.0417401599541605
0.278623785188642	0.241170237919755
-0.920161856291017	1.37252981995437
-0.264514436361241	0.217338856925419
-0.246937369264831	0.1829362355416
-0.652246695168989	0.675982835797939
-0.472005793085062	0.39960577153392
-0.335841275089369	0.238578969905215
-0.146793981961561	0.100015748956937
-0.585539857096501	0.573862115103441
0.186899375999091	0.134151890020009
-1.34648111907082	1.54915203855523
0.0789503103330985	0.0536192257822787
0.379956273810731	0.335341542184052
-0.607064163982467	0.636879506036231
0.702235971728345	0.617285180858291
0.487428503520186	0.334878705628692
0.0122963447697434	0.00628899042080496
-0.174204350296086	0.0930327346159763
-0.1152393761296	0.0799599430025386
1.24911926925574	1.38225286653716
-0.781898544595991	0.59861755164334
0.506534169551319	0.455717008707973
-1.67449531448454	0.946925575339219
-0.0754957967599452	0.0458272639622925
0.461603874594854	0.33584808011044
-1.15911308029621	0.647562051097037
0.349516210616609	0.195786267570021
-1.46487957083353	1.01872956013109
-0.389860050857414	0.220141580663656
0.147185309904108	0.0564336485542795
-2.08541267192769	0.948787023780051
-1.12669343566207	0.339109154533815
-1.13855169954589	0.343119921986708
-0.481745010753019	0.252326365035342
-0.877239635388757	0.806484523912294
-0.715646834778114	0.244453295526364
-0.701254797233311	0.668093370418372
0.0247611996155004	0.0172782235080445
0.966140589475817	0.957747511982149
-0.385681701621092	0.265438382621259
0.125751376702597	0.10480313625547
-0.415184533457259	0.355045517987133
-0.484688553393409	0.541611736491744
-0.179097272635278	0.119111340167529
-0.728658074061661	0.80053350500531
-1.09375254134687	1.29214628967094
0.657577384102081	0.598012593365798
0.188927429385337	0.14605619607258
-0.064421545375485	0.0472172391088661
-0.772821885142173	0.978456532079602
-0.929874075387586	1.05330703951639
-1.26984672838299	1.55183436745973
-0.783810556144342	0.735852619842804
-0.673479351983529	0.531424195115578
-0.886673272371567	0.734961608474768
-0.714739604744199	0.821909822164629
-1.029994726477	0.821489510441196
-0.488222118387366	0.365637829753934
-0.304204101327781	0.247435936131652
-0.996533420538912	1.1873757320944
-0.114363461420252	0.0793373510214301
-0.598201294764201	0.487235121413675
-0.10426606300463	0.061169193476872
0.194112888901194	0.145351926276671
-0.102661353890875	0.0729457534071043
-0.525482146529331	0.435929782061848
-0.00608207739533825	0.00403617686104193
-0.261996975274207	0.163471345186743
0.417379179812436	0.332046701311973
-0.441611946665793	0.441026736205056
-0.174190083995341	0.0930271000172731
0.0160683800794198	0.00810918711484995
0.184521517638308	0.120977306245757
-0.151953448658315	0.103796953373437
-0.189084837791585	0.126289713984843
-0.777827746791131	0.786700221949841
-0.225272787944023	0.146202244726214
-0.867758425662979	0.794528681774717
-0.389559037851705	0.307516133267302
-0.522876124875831	0.433219981027279
-0.886880860079897	0.735158871083562
0.183690026882862	0.113958414804769
0.178348215470516	0.103615451754711
0.447441545561864	0.179414714836187
-0.385964801770031	0.217534946227677
0.154659612540197	0.0670509969315273
-0.491506006968878	0.368517011121879
-0.316230062333992	0.188827728697431
-1.27891712596236	0.575261513918185
-1.12881513859764	0.339906487322227
-1.52010033072948	0.539771315169944
-0.784815933983922	0.427662984945857
-0.620903335937371	0.151058535991718
-1.44479713709471	1.29282220082364
-0.607791492532218	0.539487229600513
-0.495755602830149	0.372515244794423
-0.317119500003019	0.282895563362859
0.0407794325203205	0.034749026467834
0.435065359566257	0.459001291491548
-0.080610358786969	0.0581818959221314
0.197185735695069	0.184679122315057
-0.0435864263527097	0.0323191183042104
-0.347133920025526	0.33043123960107
0.54589930389814	0.455242203872623
0.576958714156111	0.65131879230715
0.204009528126446	0.164329730808194
0.506300339329986	0.455501427970432
-0.61057446184205	0.54263504268319
-0.305031563616978	0.24846908488906
-0.0194752833478992	0.0126738797559332
-0.00531607311607278	0.00355083814025071
0.00321096655834621	0.00218433739478066
-0.702389311855038	0.669632526414798
0.644664909307732	0.682981385547561
0.00997441205984165	0.00664061163636658
-0.149257729746227	0.101833199027946
-0.59202173756152	0.480534275276681
-0.780326241800794	0.730955613420477
0.204138282111591	0.178958658164925
-0.00773388085438673	0.00597612639681937
0.189916877780971	0.1365622068375
-0.692113050237252	0.606188976902932
-1.16724943480858	1.4511526608685
-0.122782738275934	0.0855398508647468
0.0394865328269091	0.0232582442031496
-0.179940997787853	0.119717378132297
-0.596770402989574	0.485470284280751
-0.252915512283277	0.187814470015733
-0.673890283075105	0.531611998029874
-0.612802843994382	0.545444528018245
-0.876897012711815	0.806731117403431
-0.184785877800415	0.141462981931944
-0.776506290041403	0.784830932543723
1.36061833477033	1.44773433629485
-0.177106141596625	0.094659623170723
0.533874851755615	0.191264906036687
-0.677661814932896	0.536173846562072
-1.75185902370965	2.2998345708778
-1.21784793770717	0.919911976648454
-1.16168525506372	1.44074172371115
-0.488200010180093	0.365319055855985
-0.454584718128113	0.421478913621307
-0.679936941484991	0.53828031477904
0.526412512566873	0.457158599138964
0.0487975457378193	0.0286595280583396
-0.291066424542408	0.211842613347339
-0.217350140204464	0.140562312463985
-0.598247043668752	0.487184355609491
0.0384867989674686	0.0211150365759825
0.178996698926088	0.110858920673488
0.178348215470516	0.103615451754711
-1.08585108922676	0.742195433111349
-0.166786128283319	0.0888521385891962
-0.396757057346443	0.224562849088262
0.441011632426855	0.337426590678071
-0.302433919731897	0.138730919662706
-0.647367999102158	0.38380173443171
0.481898911855335	0.329954057848411
0.368429550372925	0.186580645875435
-0.0905628564283723	0.0529697481105115
-0.247391116923031	0.153404237236896
0.154627783040726	0.0670481096414267
0.874220767397848	0.650011480185248
-0.175637920714937	0.0938060493934567
-0.2302702585623	0.114861955576054
0.194389423847721	0.145588093910329
-1.13775588929801	0.983926376538706
0.958260303981333	0.653251344364149
-1.09465360216068	0.75023444648287
0.446913247781489	0.179197436924564
-0.0584194075312199	0.0253985214305702
1.09125908081993	0.672316472010038
-0.391310840677549	0.162957321542088
-0.484599068253229	0.254494611426703
-1.32268524697251	0.829749141493256
-1.15880206221804	0.647196384687243
-0.239694731803715	0.119923102296541
-0.313980593115007	0.187190263495007
0.822832332666427	0.345345001072504
0.690747659774184	0.323057454960142
0.795043583875751	0.477731454178597
-1.0225353038078	0.403750407139113
-0.565452456414045	0.410343296758242
-0.519038139240771	0.196086617266171
-0.319388856759271	0.190821556822807
-0.202712806023968	0.151826148486654
-0.0459086704647368	0.0388620575276657
0.124929187008384	0.104059863652476
-0.201457592082985	0.197936440091584
-0.51168311203723	0.541925396376908
0.197554369434399	0.204367111173495
0.269915609472511	0.265151514765655
0.0115094356782315	0.00896729636753189
-0.29699514683107	0.240764681609362
-0.176890657427222	0.149059691336162
0.282465959618738	0.292895511231546
-0.282590634103993	0.270777435643153
0.835981893096456	1.08074319687539
0.0824079013020484	0.0581090956324191
0.202491619855436	0.157744128701134
-0.24294805104928	0.202955433536129
-0.641985594314416	0.661341690215154
0.195332923762017	0.151560856185839
0.648322520774437	0.777335477114048
0.199522160186192	0.191329710230367
-0.377661143442091	0.328125463984182
0.485639384920561	0.553767785440475
0.0594373973634891	0.0461391538553704
0.491649912900501	0.54772710441576
-0.78263968484296	0.848230828936161
0.402522537961438	0.448903793221534
0.657546874825485	0.876657878227912
0.273644342587405	0.24999844392431
0.117390776793131	0.0870472307440254
-0.423276597010464	0.363600056625497
-0.951358340940877	1.01194245727732
0.0789119588166988	0.0514689414759216
-0.379175690890288	0.329738168351629
-0.0069034554473622	0.0045663138846866
-0.320436675942634	0.225951888943893
-0.295366659492424	0.239066391882638
1.1114720898264	0.849498585744677
0.0362909652135173	0.0199624518043379
-0.381359239366947	0.299864007617242
0.0517555512048778	0.0303813114203946
-0.972683812436132	0.480079206151412
-0.625630686390319	0.152156798395567
-1.27840133122234	0.575024543685974
0.0745395077124624	0.0485428159479527
-0.98679705708366	0.881554258640845
-0.671041634396761	1.22085017970537
-0.0628170303018617	0.0512302457541303
-0.25612281690792	0.231641915329855
-0.21056557057988	0.204349574263417
-0.379548019774525	0.409805868670585
-0.409703022959805	0.483589382062669
-0.0924633821705051	0.0891798776867006
0.0138334030609838	0.0120927399914688
0.620966401436343	0.673863283525707
0.645024491566078	0.683894214261246
0.0825169877016643	0.0538655249113016
-0.844041725425385	0.960758608808317
-0.303755322998823	0.247105400799108
-0.0237753092890358	0.0180592212843605
-0.482332287189129	0.478755896197769
-0.0323080745536067	0.0246304127789442
0.093049072546107	0.0843184147511634
-0.295864492348669	0.260334390056293
0.209462074821424	0.179385425083961
-0.717214237945602	0.783182984438038
-0.777038391145399	0.839784800874432
-0.335529484372639	0.293802912187665
0.193050348447349	0.16361045103468
-0.286554847714618	0.208012490384321
-0.368547737413033	0.318322798974801
0.026916201907272	0.0201332545392616
-0.297111437534474	0.240918530101167
-0.0271158357402127	0.0203682305668265
0.627102535371647	0.590861909982788
-0.21929718608573	0.165808281960773
-0.677006557665879	0.826760434083957
0.208001445066237	0.182717890004865
0.186269995576109	0.115694232418341
0.280772939274574	0.219260518496295
-0.553641187143387	0.501070489103297
-0.409064820197635	0.381695238605918
-0.569757805194879	0.553671254285351
-0.376795452128654	0.327074826417723
-0.241946373466903	0.178649861164665
0.195117266922442	0.146124834441819
-1.32813220203017	1.09324826062644
-0.948190414465363	0.583042083125805
-0.204406803946201	0.131429863585176
-0.00647079225699709	0.00428920281065602
-0.0950314848133708	0.0555916312884045
0.16566376423511	0.049220972992664
-1.02815379565769	0.406346884447955
-2.44105559731383	2.38976373657766
-0.778358871669078	0.593803522173892
-0.674199408180198	1.29045131224979
-0.73338793913529	1.35222975659091
-0.525879043381737	0.436363131725733
-0.326196861783883	0.230741059202368
-0.0476486308950491	0.0297228900811063
-0.775242691678497	0.724433978932787
0.304355919963823	0.220474682340593
-0.618208379226842	0.551791310878441
0.394946785728955	0.338579504136695
-0.236453627748151	0.174152096031523
0.0533860485190652	0.0413053181302141
0.101060714775368	0.0743328800241229
-0.414617449776757	0.388219741209252
-0.162839027476543	0.126625562246596
-0.612165222422491	0.544297302346615
-0.517443291673237	0.427291262572432
-0.467521656194119	0.394522771643131
-0.328869609819249	0.261725638137137
0.447996914446478	0.17968538770428
0.0566244638882709	0.0332474964753283
-0.558787240913754	0.507172908546349
0.0309485795761196	0.0170635271674784
-0.195462008664233	0.150565349911055
0.0083685388642574	0.00594484801896087
-0.223484870373106	0.144901176461435
-0.689832762141412	0.603528343639009
0.730894373771715	0.829353500782283
-0.703227345998753	0.670662661843296
-0.380985352098698	0.261656492184158
-0.948607687065059	0.58281103609524
-1.08609858626083	0.742248830558923
-1.13613606335123	0.982260248615295
-1.12512895104091	1.24230540854251
-0.871958386646945	0.800452689038892
-0.542069495034636	0.566596997071197
0.312720737747743	0.216068189029882
0.439772454251778	0.336203300565329
1.25016625576926	1.23078463960501
-0.320440916355621	0.225931154993292
-2.10370162323239	2.92827070031441
0.333324225758134	0.218401326357236
-0.290989835128788	0.21179734578796
-0.787606428329761	0.5208810261848
0.163679082630976	0.0796091015588358
-0.234924602441883	0.117491723232303
-1.23963078800517	1.15338405750591
-1.33176683149282	1.09707255873763
-0.241230869492606	0.17816077467948
-1.97681417834082	1.37563276435432
-0.84361508387798	1.07274407398456
-0.286791838975869	0.275704849982891
-1.17594061696549	1.20341072337876
-0.77844633239779	0.512745760188357
-0.180652727562507	0.120210916834748
-0.385776862669459	0.217556384018295
0.530630257620772	0.461896481491847
1.36885328661761	1.26751381689596
-0.0177185133593223	0.00833310884475783
-0.532761462891637	0.443466343612852
-0.218704632789784	0.141569729493617
0.661320677711912	0.602607266876021
-1.24410274872979	1.15997106359042
-0.257600162868891	0.160485773363323
-0.789066208467672	0.678068385757953
0.32653252981357	0.213406382045626
-0.426974033547995	0.327614206318372
-1.32411139231445	0.830304549060213
-2.11035382240864	1.61934574350022
-1.08572015610719	0.741929499503302
-0.173310877090145	0.0925311864271927
-0.912750488994534	0.665548700894298
1.62997317136777	1.14689324295438
0.666683497661351	0.476978878202007
-0.948685413778171	0.582943166194018
-0.305236427335287	0.140232050181682
-1.45859950625364	1.01443067524039
-2.33557970250808	2.11996407750405
-0.936124034211435	0.572010575231026
-0.914193895434075	0.666796852044576
-0.662974944382202	0.462745642985674
-0.619895187822925	0.150839789138775
-0.890980739416043	0.74008730480821
0.367964036686046	0.186598331400352
0.185540944539606	0.115230242768456
-0.105486423605511	0.0850356688872482
-0.0446922034820721	0.0195917452135841
-0.218425261083872	0.228315655436199
-1.03621982018741	1.36108634643453
-0.180649117789472	0.0965768047141514
0.160441464978412	0.0542265991412075
0.360135287332822	0.345430923762979
-0.101199368978281	0.0968894248250642
0.342009315452008	0.435743196782041
-0.122884975819729	0.13316309907725
0.665031125864531	1.08254838331026
-0.911939123549718	1.52414183110357
0.661520728839483	0.942508251250069
-0.277491747213269	0.200550311575935
-0.683615178508115	1.10421136531421
-0.440515489535446	0.593403064503692
-0.215809061307455	0.256072564381555
0.61185439882667	0.760272262549735
-0.194254945296727	0.179991837739562
-0.834651556771892	1.05594771302031
0.376949536511294	0.331995341526344
0.288164562149937	0.242917190960864
-0.182886997507506	0.121806744154531
0.0709191577354039	0.0595352628925565
-0.465728534853576	0.392918196890426
-0.645385760559573	0.70269436853084
-0.617032862479125	0.550174364425551
-0.566836703309536	0.630074551680247
0.932767171997891	1.05136680126623
-0.189945353591314	0.145854492887959
-0.534208005049861	0.44522075807663
-1.06194163344942	1.32645813320737
-0.213028126356125	0.160568581463048
-0.994577333900859	0.891676125074704
-0.944515782626463	1.00179023893759
0.0559917816794832	0.0328660292628629
-0.29412301587865	0.23807792764134
-0.324183046998284	0.228828192754649
-0.337281184726397	0.239714358664874
-0.449010589676058	0.414803840671723
-0.379476669014706	0.260375395803273
-0.525920611670292	0.330886042615131
-0.664895941343955	0.464540888921698
-0.467854567991544	0.395179418655311
-1.02825260334103	0.817911273361683
0.30578397541889	0.221752187660193
-0.778921579243875	0.842833274472587
0.0421350368831188	0.0247770514969661
0.123275254517807	0.10004122636177
-0.516813528157594	0.549113215824895
0.0638972275946261	0.039615476400973
-0.23645449827704	0.196729648580237
-0.772758462649923	0.931925284938609
0.688472136913841	0.717965898222395
0.00897483017189242	0.00699929272017945
0.113281301243986	0.086455533879135
-0.116205820806695	0.102081688674893
-0.590450819728985	0.613745612243877
0.124830896310799	0.103928483042979
-0.319094864638127	0.190803949029917
-0.559517140806439	1.1530307860592
-0.337198369394314	0.508762004067639
-0.362458450946369	0.960460757063411
-0.1397756804093	0.24703583142322
-0.214984458317708	0.388437175060535
-0.240032027459268	0.403495545241712
-0.499981847626024	1.00416908168214
-1.07397685767783	3.14511189101303
-1.40123146869666	5.28961359354406
-0.766873992244049	1.7898529939148
-0.491672498997515	0.69491652243292
-0.201208513209129	0.226906870324096
-0.0251030709025832	0.023184554119365
-0.197249175065038	0.183086502959228
0.0986388205257994	0.0897750651321498
-0.496298554814593	0.616251015242306
-0.339862320128794	0.32196734011167
-0.14937866071758	0.141615339262741
-0.13753427604842	0.129191999335437
0.342271410198084	0.351431579517695
0.131411290013062	0.10993558567415
-0.181129480351083	0.153064377827859
-1.05918226915857	1.32136516598507
-0.972514840586667	1.21943955890218
-0.079131626026196	0.0651951014817119
-0.136359700984989	0.107086618669048
0.0246885301786824	0.0172192306422673
-0.242043411662354	0.202056644528542
-0.703277391242238	0.670031118246802
-0.10109354062324	0.0812717085233723
-0.18230797425923	0.154187624454998
-0.952537370054852	1.01410211940137
-0.7038680227758	0.718727012154501
-0.131015287204438	0.0736219827484777
-1.0216422688436	0.811404046400458
0.0809578580381896	0.0550321452294145
-0.733082007977015	0.894866569414188
-0.710584812319781	0.728295975353707
0.0948660521812001	0.0648384730610014
-0.0606999041622658	0.036759964383269
-1.30260873813475	2.07084400064033
-0.673890283075105	0.531611998029874
-0.690126773704835	0.603467513048351
-0.135083547772952	0.0760468968228833
-0.514082532309656	0.193921443427214
-1.81200943037821	0.734241478143734
0.531358567637365	0.190353154457246
-0.765918596168096	0.332344936277861
0.181478347459798	0.105572801222481
-0.889069896030452	0.737847414794186
-0.337589264443934	0.270035496577752
-0.435121849258381	0.432461267880081
-0.300217087113738	0.422866311685361
-0.118550153880989	0.144508528941198
-0.399632110908653	0.89518259242527
-0.154383273596561	0.301007554733908
-0.526523201030142	1.60042780921127
-0.347532141506577	0.768424750660807
-0.462937876023936	1.20065308942545
-0.947314894603597	3.66855284586695
-0.313824116938992	0.584035755427172
-0.275831771659988	0.543721632093745
-0.495522969880097	1.0700370556494
-0.487329442769494	0.967171910354974
-0.549994978838205	1.17305728062446
-0.455391134984409	0.820859294286101
-0.0269622551258107	0.0302485770780354
-0.709622582940384	1.59864713848924
-1.19901816731404	4.17695979297857
-0.689823638567087	0.958489595830603
-1.07369464011399	2.05606442403104
-0.17705294735	0.176923048226398
0.191368042698234	0.148122869253947
-0.386313445589075	0.457669163300584
-0.789903055893871	1.05648046746852
0.68691323715279	0.715763897366078
-0.37922098130789	0.329752371540487
-0.158445514443804	0.134905566721079
-0.22967669525261	0.190258036301657
-0.46999306150391	0.586144187259714
-1.59247152533311	2.41037509693035
-0.144046632979303	0.124104651779346
0.857752040347021	1.17932699072288
-0.10143159231652	0.0815391841083826
-0.899231834145093	1.19428129912643
-0.409047399295447	0.381551607366991
-0.699894452251521	0.666358988342102
0.114657043751771	0.087579176172597
0.601751399596537	0.668072170403294
0.166014791693089	0.0808038311602498
0.684175502678115	0.711858841271752
-0.285423268972265	0.207092080996199
-0.524860259041759	0.435383734360421
0.153801108434438	0.0666852820754741
-0.910917775008149	0.664010200119605
0.301601470638498	0.218251284237846
0.323353641547689	0.224562724076645
-0.628334995110288	0.604159121527675
0.0956274481812709	0.0678329375177861
-0.317980057959633	0.223878317959063
-0.380288344995761	0.298847293934945
-1.53754444197264	1.47566083416083
-0.559775172113855	0.405105780192432
0.436324658197741	0.333063801364947
0.0634394300828405	0.0393276062070057
0.522287386131936	0.333967907708335
0.558249329010355	0.326210054550013
-0.781174773057059	0.424812020014943
-0.089783731268869	0.0356915480451247
-1.83327472440317	1.15337546649379
-0.63286084480196	0.373051097543548
-0.156076702417231	0.0557603942809301
-0.149915159045215	0.0535975402652961
-0.289201771624788	0.570777815441348
-0.36813194576967	0.941884132825649
-0.0298584384240917	0.0486177323049767
-0.272734753587921	0.541220146967922
-0.322162970646612	0.766904898846683
-0.134989551743612	0.22939629701808
-0.298627260428964	0.579809799165335
-0.489898416598715	1.20528156083975
-0.356890437740922	0.689086347520118
-0.432119215721663	0.744148872899829
-0.585743947852315	1.25815401183183
0.0179509822366912	0.0220313882159428
-0.756828671361021	1.68039951864018
-0.813095636342371	1.99480854310278
-0.736527548066978	1.77249204647549
-0.224575105137419	0.242386907010701
-0.181267862080812	0.19297794285555
-0.157095519498498	0.166259643663369
0.575415121089945	0.66859991684901
-0.225823619669263	0.204878422748385
-0.401807301463442	0.373124329937623
-0.70280964857947	1.05596259515941
0.00774611188564938	0.00552914568066311
-0.938492983023784	1.54875902980824
-0.161786129474145	0.152075254059225
-0.342735614792378	0.368623982490966
0.1980436113405	0.168380494238842
-0.699098160764548	0.665363487757412
-0.157034011800596	0.14435375829426
-0.913472093333913	1.09488196051398
-0.383212168740054	0.301476715181517
-0.516431084224051	0.504771961884638
-0.594759722683732	0.619611586920947
-0.31968925634323	0.326440841350415
-0.00608207739533825	0.00403617686104193
-0.507850042325061	0.536279784776292
-0.518936411153433	0.576714406159148
-0.540531053538369	0.608459232307421
0.115418280938829	0.0882154831490737
-0.183180587602822	0.168358658019551
-0.781225937646598	0.946796790136802
-1.25641144986871	1.36067288285256
-0.425079655078918	0.325741538707205
0.373352967107064	0.189397035349668
-0.692809430021454	0.656873543761623
0.00776223289303751	0.00517396445295541
-1.35285104835553	1.91389513825802
-0.0687237072524106	0.0416632691197047
-0.602100425909334	0.491075852863756
1.09536440255863	0.676200316184801
0.173518199274578	0.0930901248062684
-0.0914455052703552	0.0646396580609616
-0.781373137341815	0.846618662712302
-1.14227246381504	0.989817989984283
-0.37479077233238	0.256607430152758
-0.296562807464278	0.13594503269146
-0.296994554179138	0.136182501478573
-0.014876736402955	0.00705365567309742
-0.484704159976697	1.14877474192836
-0.268637176182711	0.519256249858149
-0.24398640144512	0.450569544950542
0.0551336875604391	0.0921291717213976
0.115548596544469	0.242144607839054
-0.270692792250888	0.749341141160523
-0.15180349561593	0.298324081700756
-0.588183684520841	1.99634775287528
-0.310366910281417	0.72616029949336
0.0614954302636883	0.0812570672867841
-0.123620354046519	0.189226406468935
-0.456167590133371	1.02211730384868
-0.00466520872370223	0.00545733615116709
-0.239390021708063	0.394960234965024
-0.682564980743367	1.60241261009427
-0.77831906932656	1.71825651421947
-0.797741023608501	1.87683740180002
-0.949757511364445	2.54055394512373
-0.581035213228123	0.966390471416278
0.737972433291471	1.288665838929
0.0821892166687632	0.0710229150468975
0.0212058169433698	0.0147960020094998
-0.319103261636098	0.306107322266965
-0.111526346904782	0.088311264878049
-0.381034683483971	0.331570649712784
-0.518108182569341	0.575347853655856
-0.209310628140603	0.175844174582111
-0.00466212866254721	0.00403186971931271
0.0811768953416524	0.057202976216665
0.0971177798946338	0.06638241909667
-0.29020924032471	0.211151452895132
-0.609492573836829	0.54149779944251
0.599058998940554	0.581316871616794
0.508264862284669	0.54018518693198
0.0862110018048157	0.0587111192715155
-0.12250436307453	0.0853317556098038
0.879668792635549	1.01259554111544
0.208570586397835	0.168429295946412
-0.642464352906842	0.622603335769544
-0.513853654453501	0.423357069895207
-0.136089232698281	0.10686179171864
0.0539972856125685	0.0316972474929744
-0.556358953570159	0.504306625284287
0.86202805480072	0.7905582575121
0.465962183394864	0.443025996109625
-1.24245614940007	1.15761008966131
0.104359580070186	0.0743061984459764
-0.275892427746595	0.199250899883135
-0.0216195360761156	0.0100766114790436
0.0144821199601201	0.00963708008379043
-0.560632442149675	0.509130705165606
-0.217843321387687	0.140967179895527
1.03956028838295	0.987089811501002
-0.306083635615693	0.140620276756392
-0.0914396186092432	0.0363139127358329
-0.375269910114222	0.293995593476038
-0.425154319748981	0.325906901028493
-1.2082675507206	1.41202124711659
-0.219897382548538	0.608825452545673
-0.318188255080635	0.912320029155501
-0.447768393811762	1.01739486578428
-0.24506655628714	0.56570258289044
-0.32756971126563	0.861543354622696
-0.340967174321957	0.910378238502106
-0.0120010243187866	0.0168274755719445
-0.30646361289404	0.652419847733204
-0.788604298113161	2.11054967609151
-0.525953415642698	1.12494276955992
-0.706412066859892	1.58101073070229
-0.086962497261818	0.0913964526724444
-0.364355348242295	0.474350991016666
-0.221820886315784	0.296936927400445
-0.797146043186517	1.80375932943707
-0.590893650092107	0.85261516319418
-0.658543954479773	1.12710333875753
-0.276709360374319	0.352759322046188
-0.397032860135036	0.423459724984056
0.376624053774515	0.421929407254155
-0.0315157372893662	0.0201575570728553
0.0450804205537505	0.0247368593697342
-0.54829684121464	0.575318590154371
0.10253250993945	0.0729632941224712
-0.697069914104503	0.61196325919863
-0.495219759569184	0.452616466459846
-0.207008440989537	0.18957555911969
0.100286397063289	0.0712902059427131
0.179115974894508	0.103951785263043
-0.491000958682227	0.368240897887146
0.0145012882218419	0.00735702015983302
-0.148904326017454	0.101558075219417
0.306429708371012	0.233002849548706
-1.13219855114457	0.976349135787382
-0.590692531710221	0.478776631185942
0.0366075524231449	0.0201211873083865
-0.321162147408809	0.192131317861716
-1.03231188906825	0.82292424110221
0.316419435116983	0.230692777513166
-1.08594717254364	1.04313898594111
-0.301588982342985	0.138344748128235
-0.161033320577648	0.0856349032198401
0.325976861359322	0.212983393075675
0.907860868398317	0.491129446313725
-0.210926960040045	0.136068842226505
0.439087340836525	0.335698568698383
-1.33550907783421	1.10167176243337
0.148449870206043	0.064383190097446
-0.134754073789685	0.0943668840626208
-1.82660709695062	1.66575599964473
0.427425948127308	0.341810544493633
-0.249992810463667	0.155189744774561
0.438637978809687	0.175706749068719
-0.479293835591801	0.251119451005711
-0.387107194557662	0.160981730893828
-0.980181829650338	0.48486731656345
-1.71275867172562	1.43732474735024
-0.785056379343587	0.601187293556373
-0.396718666437249	0.165283623451939
-0.385240893808817	0.217261035032584
-0.989701760364299	0.884031246300804
-0.209636652225982	0.908506781224776
-0.195674808982017	0.784239257847463
-0.203913532041928	0.651946851111317
-0.452670387996252	2.17912480005015
-0.423205850752788	2.19243909222935
-0.448292030339386	2.19317239319511
-0.316673566729078	1.00315175693123
-0.626116673361684	3.061966456272
-0.413226225054142	1.38521175886903
-0.133743200701328	0.291078186411868
-0.316712985091983	0.871646000896841
-0.829701699366693	3.54337459662973
-0.396537498607879	0.821446203022296
-0.244215328107141	0.392144839619835
-0.576658133450033	1.18969559066101
-0.524401709940774	0.984580812563785
-0.440789048713929	0.765262669147739
-0.395125213639823	0.620005988227679
-0.190035985480067	0.188428649462675
-0.739479246829892	1.03135095011018
-1.10035363953827	2.40047410095314
-1.27048837000339	3.07212906662493
0.124148467657825	0.100771280066081
-0.557152610210348	0.687132382969227
-0.0916318021543776	0.0647615983831669
-0.638091699872827	0.617054802511821
-0.944938046864451	0.579664952317925
-0.173660690128308	0.092728523985244
0.182046825711968	0.112796767776135
-0.0134626072183349	0.00641173906074151
0.469151281908389	0.342474298703549
0.484918729457637	0.332876673019525
-0.150439826851979	0.0537776490722372
1.7822791940456	0.994155868981732
0.669120932782783	0.479502714223731
-0.674933074054135	0.533232496761796
-0.475051431482705	0.248452952711088
-1.16347036001034	0.651424341697294
-0.0175419451445443	0.00826411741406173
-0.0936463953141711	0.0547707059557643
-0.28245006029117	0.204686032468659
0.152997901332851	0.0742434958665902
-0.031289014869777	0.0235163330712425
-0.0706954928801818	0.0428760076485052
-1.32004047269421	0.825936249800549
0.555917697794309	0.324491924551048
-0.78847017644863	0.801630655238021
-0.477190345075677	0.405026288796017
-0.169442252243676	0.112142856210575
0.0318578390814121	0.0230698681250586
-0.052767475591792	0.0392712787722373
-0.51983195764058	0.429891484369046
-1.08716971383632	0.742679200961319
-1.02199564975355	0.811181465854219
-0.125717206413104	0.589118432403127
-0.223585471901134	1.00382076432032
-0.175756774111099	0.713445031458192
-0.242190818409102	0.862303458364957
-0.192549483669771	0.646356348841855
-0.481790266319735	2.55757376797732
-0.532939520588475	2.81785897325264
-0.24055347913784	0.724033641140762
-0.180862816825955	0.495702104734217
-0.408581493870884	1.42238514482979
-0.423162718512119	1.33474776865713
-0.457285583114465	1.43630996402353
-0.298252823633602	0.580739268292714
-0.305479218493764	0.492120870243347
-0.299378419409007	0.324966127290905
-0.364991365717887	0.454894931229156
-0.773376140196385	1.06887989608889
-1.073398186884	2.12757277231613
-1.04993044930427	1.73459784567336
-0.308722788388114	0.273947489255295
-0.586359268086597	0.474416492395828
-0.182821224768994	0.13979347390859
-0.872216234398807	0.800847236590511
0.515069053439673	0.32858016138706
-2.46604834033822	1.36857910380457
-0.496060562377351	0.372796150253592
0.348478779233078	0.195153318584021
-0.123437152486075	0.069304077199916
-0.319918190961791	0.191324313743749
-0.518386429636852	0.195700313035901
-0.0200133891587307	0.00937774117018858
-0.767917017400225	0.33352370210299
-0.212107996589827	0.0683682958385105
0.351096347149468	0.19711149631605
-0.290781710140535	0.133132630889782
-0.0517286698286768	0.0225651316331864
-0.213172561526717	0.137658427551326
0.15388857651959	0.0668281633089699
0.186782327322575	0.139274930342483
0.396868033340508	0.340584884144074
1.58044007528964	0.785210824870142
1.06792550004102	0.515823496339435
-0.378932642089113	0.259909827503618
-0.257142550413263	0.160157171814319
-0.182082913541897	0.121260670980376
0.173697941908364	0.100775505481347
-0.004901743136222	0.00312922128607944
0.535233940852482	0.467367877458267
-0.687386734306012	0.60059392890057
-0.476690586704974	0.249449034382059
-0.2970597238049	1.35522133120168
-0.226387162945483	0.833371510479296
-0.345750778867706	0.731190397247446
-0.572681421966542	1.59654658418226
-0.547770507652759	0.961788383357472
-0.133701386698158	0.135157691320307
-0.365108187710536	0.433908588354031
-0.549276904356041	0.885161626816409
0.60235815149267	0.743824736649391
-0.181419398096329	0.181811582166907
-0.718218003396904	0.869792924488855
-0.784915992504387	0.673176876104054
-0.655892376171195	0.456021430468722
-1.13839793940199	0.984441294704187
-0.974625925240719	0.481177581466315
0.41242309130217	0.342622411830305
-0.318596713835213	0.224215227816816
-0.868605240949607	0.795962719331997
-1.81275061304638	2.09702786975094
-0.0189516923212509	0.00890530420637408
-0.781116664930555	0.514630867726772
1.07930057131258	1.26359970162464
-0.382780847090886	0.215493933222748
-0.145062117775154	0.0519160893174986
-0.303291425090744	0.139138999695785
-0.393091467495034	0.163750598389289
2.56631141480294	1.42259834993299
0.45396208599648	0.182233185169961
0.830240426965074	0.348995445837094
0.347764192111155	0.194941510301172
-0.914662991595511	0.667526543755277
-0.315746848125544	0.18827395295596
-1.4859541700703	1.88265121265631
0.337255970475449	0.205523048145933
-0.421450209818986	0.361755926947573
-0.328104942599741	0.232302182218726
0.315654506100365	0.229959159929255
0.874928471724657	0.650732662953552
0.330896728869651	0.216544958683881
0.516092506895759	0.329523394152295
0.934219466339551	1.05229486002045
0.345364759932065	0.211331650442821
-1.40491600031789	1.88280496728006
-0.732016155744432	0.894000576393813
-0.377689194002371	0.258942684160564
-0.283089977238643	1.41683274200033
-0.960552011743038	1.99104193364647
-0.952156922629027	1.5232035646147
-0.664795294341135	0.769477914844323
-0.66352353552458	0.803133080692095
0.198683578964781	0.173476038256527
0.0629235526679098	0.0513987494737445
-0.24037677520007	0.233717182961754
-0.585087737705271	0.605970056328485
0.34648508026304	0.338876870809128
-1.30198895008509	1.92495196855212
-0.600098277665444	0.287273474188645
-0.389285046929893	0.219898532325286
0.152346609586538	0.0515961830574703
-0.257829782575817	0.160579233004383
0.176818183184722	0.0443715906559113
-0.0491283130960262	0.021464750149949
-0.348259745862849	0.0996587901178654
1.04360842637382	0.394608583742794
1.82851727583204	0.714435845516616
2.35783908683091	1.17632259504716
1.57561119411556	0.781990254778656
-1.50824112923963	0.534752090600511
-0.154569780351251	0.0552287366446184
-1.12435877083653	0.338493350823416
0.0656217210867157	0.0407063187932227
-0.17420459026257	0.11555923064914
0.802527111390543	0.484146305872589
-0.379524844904091	0.358505130907373
0.856741210689927	0.783288345569157
-0.786035136603961	0.519767211807947
0.72006383219462	0.476970801864166
-0.122195511841893	0.0851041738710336
0.385890416609376	0.444831524190601
-0.375146059159796	0.379116259547833
0.38341975086535	0.44135622482107
-0.582780383248326	0.570545433800104
0.292506270890271	0.238874499926465
-0.684194232900916	1.10569054742589
-0.577532120355402	0.934215152594887
-0.31617348466359	0.37522617106514
-0.411204959565254	0.459333056173643
-0.765991615133563	1.22084610779626
-0.954408660721855	1.72365901125151
-0.657694651265303	0.457510681231074
-0.474970642700882	0.402609107331955
-0.0558725660185328	0.0243241185740513
-0.2381441361514	0.119015852649262
-0.640468945879974	0.378305685905217
-0.232014787123655	0.115769806963663
0.798787474540778	0.481083754662935
0.69824111539747	0.327181998415599
0.563966793262005	0.329912577701312
-1.02768778194851	0.817240394244665
1.13442278007921	1.02645164663058
0.338463704957459	0.18914172989919
0.718309044593174	0.475159085732212
0.191479758147186	0.1431627037565
0.191112536673632	0.137505206677335
0.76154050409565	0.751125647282968
-0.866155018311714	0.792674578586754
0.463516507989928	0.337640781364365
0.929812004434825	0.812712133782492
-0.000681249712534012	0.000378253021946104
-0.070476304297724	0.0517890474904468
-0.782433942147208	0.847604435475279
0.459711198070651	0.435386060782656
0.579062374512996	0.654591797509721
-0.475066535541391	0.469417979466002
0.180698496433272	0.111996325750675
0.167559622100697	0.0897720189143442
0.171624064985638	0.0918993425325736
-0.409449555437748	0.493504901975528
-0.40852136831764	0.4111549284299
-0.934828620145413	1.06185477445773
-0.993972075633106	1.64389055779926
-1.46572643841145	1.02128534433061
0.367111902248978	0.185829330662902
0.150994380793524	0.0655243509407242
-0.599266126452726	0.286811122544549
0.159106942179868	0.0609315260961706
-0.222633069722699	0.0716499874142472
0.151350026308301	0.0512415084792654
0.818422599411602	0.343294101023506
-0.986159381495422	0.488772931885966
0.17661473060358	0.0947250383262984
0.167164301060576	0.0496616909525181
-0.392607099730254	0.163535650618449
0.401429434946344	0.181746113038182
1.63573618503848	1.1536543078269
-0.0529584631667283	0.0230814398326921
-0.212950112008515	0.0686100611095293
-0.175254924403678	0.0936093879989107
-1.53690783179771	1.47231107218772
1.46281006246704	0.916455895114484
0.531004542224133	0.190160354232034
0.322822573440729	0.210673785074168
-0.885295318235604	0.732476957298624
-1.17127437419346	1.1959912898024
-0.87500040701426	0.804449049895522
-0.384972746309644	0.264914426417271
0.300678365134668	0.237505110161172
-0.454413330232809	0.301652003505133
-0.770591392983714	0.334757723037643
-0.69771062435501	1.00994780587646
-0.947175920398498	1.5719047270479
-1.24417102581362	2.3816419527249
-0.47144091911154	0.39900690436658
-0.885613796175224	0.732832883492831
-1.15628795615165	0.645853318378977
-1.98322155490018	1.38451160542443
-0.388894864966052	0.161759502133941
-0.976965501384897	0.482541778931257
-0.179249001543105	0.0958467293248462
-0.146282635967707	0.0522900631456069
-1.83282076766457	1.15311428288178
0.190967513313104	0.118752942306598
-0.518225727777109	0.195715971680491
-0.769546213301875	0.334267393787853
-0.945742908267119	0.580297100500899
-0.406962084446046	0.223834409781845
-0.602024542804735	0.288689795193288
0.0574228669122378	0.0337072347702331
-0.909322852578413	0.662552542841522
-0.942071932465116	0.997942017367288
0.551411266896688	0.461162890514438
-0.23191367114418	0.11572587008237
0.805105254430546	0.486206792629284
-0.0643596390430907	0.0389644846521667
0.538863020293089	0.54620721880756
-0.266428443792089	0.219170396528155
-1.12957036874777	1.25003677398617
-0.619569144173177	0.553080561344641
-0.555718891190605	0.613588195469331
-1.00051771451557	1.87268032162259
-0.643204034626146	0.858177420672644
-0.313303083053668	0.186701154640905
0.179352349022027	0.104269415162963
0.166665409963992	0.0892607115412303
-0.597793297725385	0.286267705763696
-0.781275295860393	0.597242933126844
-0.383506430576066	0.36297493369072
-0.52479466440698	0.330030336053037
0.281375832176191	0.243940903220353
-1.59249044118143	1.2222664685216
-0.123049720617107	0.0857099205538288
0.609972458584996	0.319855855998895
-0.118790657805974	0.082576908548817
0.904726865980702	1.12428299809416
-0.0187079415367735	0.0143462535073236
0.46072178045856	0.436406791088248
-0.26609540114249	0.218790396522116
-0.296713728719227	0.24037949681685
-0.775286305388841	1.02848611792537
-1.39780114039431	2.21212628014593
-0.950366939317251	0.584124906174073
-0.981971733617563	0.486008124035347
-1.42557591228953	1.51416732697624
-0.561361519703125	0.40676342527485
-0.767548516176215	0.333001950403129
-1.02874670321027	0.406592521454169
-0.392037934072589	0.163074575803985
0.159733696909757	0.0694099223779847
0.0107257564699743	0.00546758028959811
-0.29917840734028	0.263606654928105
0.525378140173977	0.188039309051153
0.19198984353734	0.158121987983415
-0.37871004406664	0.329117704612039
1.40534785848519	1.09358727985335
-0.320513623968846	0.191703644623816
-0.245050336960537	0.181317978157151
0.0617262938341937	0.0593704847158498
-0.383727257244359	0.390110063877795
0.474822883042044	0.624965508611302
0.693503652577954	0.894019709698205
0.11927887693541	0.094007657314084
-0.206599350040669	0.173242904110588
-0.622870393045982	0.693440185596193
-0.835952429370957	1.05810393976508
-2.22445470132194	1.85864988381463
-0.897723410685862	0.747364101266258
-0.903324764496344	0.656053426678741
-1.32889458114806	1.09265628032602
0.46700071204602	0.340726107194938
-1.01765314947024	0.806014927140011
0.0753999470237308	0.0491195357411889
0.446766164037845	0.43446516490839
-1.03419151785759	0.8255677296076
-0.089783731268869	0.0356915480451247
0.312233389319281	0.227167835041465
-0.187008470865243	0.143287545040829
-0.776551374342043	0.784559244606283
-0.00218651549111682	0.00161734543420953
0.28713177428353	0.233680943052699
-0.185986627189839	0.15768675084346
-0.395668067701233	0.421481069728937
-0.99296316906572	1.42072366875097
-1.92197313037395	1.87817753220124
0.696947392942228	0.326440852008827
-0.336739237329337	0.239256877040183
0.448524252970948	0.179929065158735
-0.442776987747455	0.442422822359429
-2.16707915100853	3.13201749786743
-1.72935607482999	1.88933116584028
-0.636837690264272	0.376277038011125
0.0437200456701962	0.0239736575798256
-0.864323113087504	1.3407891667009
0.0932176247003348	0.066061419302312
0.516100724376164	0.625637986324053
-0.469309123046615	0.584830415732975
-0.427215527021339	0.453370741461333
-0.209769486986181	0.157824285549385
-0.481434565120543	0.624721434597835
-0.446450063065391	0.546946490123486
-1.66183941699565	0.935179925131858
0.152764340567892	0.0517217106607349
-0.147716537348578	0.0528304646853377
-0.388894864966052	0.161759502133941
0.635039461120641	0.600416731045742
0.795402939993157	0.478878610214746
-0.0891454009847038	0.0521259506355214
-0.635846285226201	0.375656128662802
-0.788269054574625	0.604595872065674
-0.313336281092223	0.186864386622596
-0.59951311083561	0.626508648339335
-0.499295291515932	0.457452061146095
0.984346113911288	1.29671911405524
-0.612437132619954	0.544731764422108
-0.622574831236385	0.557013179642532
-0.244254223076752	0.180743412148155
-0.102998066720515	0.0731734664409062
-0.593748981818719	0.757921222820337
-0.223468131219755	0.273105435515089
-0.534869837933497	0.689917324095827
-0.149109006987793	0.0533158375998453
-0.229172742766224	0.114323617655912
-0.664491563474615	0.463842599777025
-1.46568570391317	1.01940010185986
1.23241393365678	1.73411584851321
-0.478829626655498	0.250698129625062
0.172408301008542	0.0925154486142624
-0.0625608755037095	0.0378795390416777
-0.671293804679224	0.529192718209251
-1.21361641171048	0.912995119896
-0.91579563650167	0.668534961741493
0.627111491957271	0.47902181083005
0.182611713771135	0.130819081518671
0.173281144315756	0.100539382940606
0.178386155383511	0.0957518099967671
0.47098157572043	0.344338656382145
-0.132733130163113	0.0746652727469131
-0.341622242751356	0.510629440191478
-0.211156775186613	0.297949768609461
-1.0441711207993	2.9160694593987
-0.383884482065174	0.624783772117184
-1.21515190304169	0.915896052747584
-0.959967415685344	0.940079541462165
-0.00906692360806574	0.00594913749523212
-0.677340610263645	0.535881425822392
-1.81583015451616	1.64901382936371
0.871817566013464	0.6480955757755
-0.533449152365387	0.527328558181409
0.180403997080798	0.118008020191312
-0.567266675357286	0.412207704758834
-0.779054720952973	0.729608547659587
2.40551787925279	2.05299451847875
-0.532958058765273	0.335987984242517
0.161557524205252	0.0545946857697164
1.15583469715266	1.19414675946006
-0.171842645160465	0.091712657313242
-0.600930596321389	0.287685874026161
-0.139786227754166	0.185000468775905
-0.793201905102832	2.13878903749733
-0.907265089669714	2.22005289722487
-0.384895355399859	0.585984788838896
-0.217179257010031	0.164069313601968
-0.791219387501221	0.805339585522937
-0.151884077591317	0.103706289106522
-0.190215179532556	0.146075980608546
-0.924146366595575	1.04428249351025
0.93058787951739	0.814433666259204
0.183311941655418	0.125749129552337
0.718287061166381	0.727295445014732
-0.783946286064323	0.850508716400253
-1.12098976093504	1.23460867070604
-0.778864625041174	0.594817366015277
0.672946378251737	0.482800955512636
-0.387921450068097	0.161329379903918
-1.59389944706818	1.22100562873284
0.792108308613032	0.476030881124814
-0.781825973433151	0.597669165586031
-0.260357245472838	0.16240061435387
-0.417865731579279	0.880604458447535
-0.0550037724304969	0.0685065044427296
-0.324751568547818	0.566022736286722
-0.695939306625951	1.56681462786875
-0.157683716103556	0.166972673998961
-0.253731247554839	0.305042705230158
-0.980667059935446	0.485228161537934
0.0555250589034076	0.0325929967402116
-0.0389073269415857	0.0242877076054988
0.181311543303447	0.124405140572703
-0.557970922889338	0.50606033743859
0.517411209547028	0.330406044329529
0.933809094942258	1.05290019047844
0.666305152840396	0.477298909941798
0.386859773849695	0.330095741965253
0.92150795292071	0.802684884322534
-0.206946672813962	0.15537150402854
-1.02828421590476	0.81862209649068
-2.06530788404037	0.936496100496138
0.154659612540197	0.0670509969315273
0.670081697347895	0.212111377241056
-0.0978550297863506	0.0388181313798155
0.335077070005071	0.219698481727468
-1.08595449139255	0.741374172878572
-0.51019179966264	1.16425331751247
-0.293792299383955	0.495620506892192
-0.348341980907193	0.641473466488972
-0.103602350834717	0.113099684335764
0.0965602750881262	0.0660328242750856
-0.0155592575714342	0.00734957685268148
-0.0993721083622827	0.0705025555993385
-0.381445638528933	0.26185963733198
-0.0355217084699001	0.0227254604498599
0.203433446422279	0.168724209533651
-0.669365438769777	0.739499394038543
-0.699854091861154	0.665789593875827
-0.58649787456048	0.60813023684074
-1.18894367506075	1.22381586981391
-0.3031810447765	0.139234770943231
0.0832006085601613	0.0566017233389758
0.0844940719321086	0.0575111261927111
0.813651477797826	0.65045026622762
0.161929154643963	0.078731946001689
-0.519851545134888	0.196357066685966
0.674264818482823	0.213402910671394
-0.766733199789823	0.33273995230155
0.33333372022408	0.202943728900254
-0.0454789155262837	0.0199269367208018
-0.644131961879263	0.381653991935152
-0.782995365975788	2.94321507592712
-0.149260061768456	0.268082626372654
-0.466331347827531	1.04544644312892
-0.95822208452894	3.13284035908683
-0.287505426656643	0.502526892449407
-0.620590872053306	1.07206622540343
-1.50593806963171	1.6886672765926
0.187322597344865	0.134524492311391
0.191054043823693	0.118814508327186
1.09057575787324	1.28329205203257
0.68503808920681	0.713124032202604
-0.0736426738010167	0.0446639561414179
-0.486428085277074	0.363818000955495
0.861424635266044	0.789535390942814
0.605478259584673	0.317250000565942
0.717098864702694	0.474442585749988
-1.17624629464997	1.20450047255556
0.200083137975629	0.155661663128193
-1.59618901651943	1.22670804437182
0.485815582131852	0.333033908920737
-1.02815379565769	0.406346884447955
0.903572081870201	0.488303798738093
-0.610925473728824	0.2934367498925
-0.51438298636481	0.194118813219938
-1.50884424560785	0.535043767502043
-0.254496739628376	0.610293918065569
-0.227637351369121	0.435908217944916
-0.289661609145425	0.562647399925648
-0.439534931968038	0.945419920617667
-0.587299027519287	1.26893887205875
-0.00355275472710053	0.00334010409716237
-0.706983473500169	1.52599253631761
-0.862413644213831	1.43694102187564
-0.668375458707901	1.00495775024225
-0.185660194137926	0.142218291615153
-0.774819491020808	0.781843095238173
-1.80649543741333	2.0836458168847
-0.956252639069506	1.25881803282399
0.176721901511558	0.102457029605212
0.293897687639224	0.240117481598861
-0.326196861783883	0.230741059202368
-0.132733130163113	0.0746652727469131
-1.48699143152288	0.75079493779101
-0.0738140775964827	0.0447834072692448
-0.525909035668278	0.517742507405503
-0.531503875716375	0.334967173168119
0.701205183631668	0.328821806891723
0.694843553438091	0.325066931356544
-0.219770163804213	0.0707569013941891
-0.395576056680887	0.164799016115278
-0.767022641863621	0.33272570428858
-0.497472760288983	0.373996016294099
-0.387921450068097	0.161329379903918
-0.294001819181536	0.605421047353364
-0.328946150216481	0.711290149818325
-0.80304919411509	2.29829818679134
-0.16343373827222	0.227860119828633
-0.3053938036606	0.417678760864734
-0.340368536139717	0.412187940617678
-0.257957690529825	0.160590440048804
0.000418485927393946	0.000506233038949523
-0.0682422169541453	0.0413719656033146
0.584318379418105	0.662552442525116
-0.871344480036152	0.799611061460032
0.582554883623527	0.467190754012619
-1.51077756850784	1.70062822539477
-0.415055050847513	0.354937265727043
-0.593553117038055	0.482142469296768
0.552361254509748	0.321260425602494
0.66627530151436	0.476224324706293
-1.34337152105292	1.34352714785967
0.423808654904086	0.33833616992343
-0.173638446571607	0.0926169810885559
0.799549927843517	0.482258518726194
-1.51103003363439	0.535749564246176
0.673177180799231	0.213063750844139
-0.723767624574779	0.247384332637155
-0.389381857263005	0.161954697910528
0.612429100181466	0.321549368250389
-1.03096104702028	0.821356758918465
-0.0982036735000309	0.057502557044393
-0.494418196213762	1.59202119458686
-0.700970201673885	2.61458535480587
-0.0305235314650803	0.0195305084217147
-0.779445576917881	0.730165132979459
-0.126043215645288	0.0879497560501257
-0.993532601394344	0.890550262574379
0.327013990879946	0.213839565896647
0.578741007239228	0.57845125580218
-0.173862117428357	0.11530055710499
-0.467356326570834	0.459311801552618
-0.259975693795214	0.212972740777117
0.655563961502893	0.595627088566643
-1.15985778701285	1.43748511473913
-0.435030794438633	0.335211257528647
0.688331321462894	0.321686308305393
-0.0146874980875254	0.00692965293689483
-0.0767909734947552	0.0553271753114032
0.0532218417277454	0.0312423146760606
-0.056741056109785	0.0246921392211106
-0.214126734230818	0.0690216704197056
2.74815917402298	1.68079281951982
-1.02671683891162	0.40581238098729
0.452044435979438	0.181489264363155
-1.28304885582667	0.577697102313377
-0.628337573387625	0.767726161018342
-0.388178344443735	0.267455653269607
-1.59249044118143	1.2222664685216
0.641466955533438	0.67860162530923
0.303240000875376	0.230041813885958
1.01056406178035	1.20887013809201
-0.562094612004344	0.510907447857386
-0.451834228566722	0.299953060632369
-0.0694980173465616	0.0421323429494539
0.0568720378063866	0.0352313993472454
-0.163036190530329	0.0867637099021325
-0.0180159339088003	0.00846534754152321
0.195210858799435	0.140730878625782
0.0944932079842915	0.0645320767412579
-0.309523723508087	0.184246457037102
-0.658361967102109	0.45854198189789
-0.659941912794096	0.45991577185928
-0.48087757367477	0.25182351403956
-2.06188876692631	0.934347484997078
0.672009433869294	0.212657302786874
-0.770356668689897	0.334785804148308
0.15403420643743	0.0589839436008072
-0.0711750506713094	0.0431560678502963
-0.338488018931617	0.438215735843473
-0.281422446328521	0.252369161251187
-0.439863370004736	0.438788797099584
0.0142852963190565	0.0115006107631086
-0.119174677915747	0.104885325038939
-0.299375343567177	0.308112461685638
-0.16573655756308	0.12906025431044
-0.281639822462711	0.204047528600965
-0.244338259893313	0.180708091409243
0.19915046064954	0.173951162768649
0.680898573987224	0.707046544969936
-0.210044536787229	0.158049325439219
-0.111697604294244	0.0883890022972358
0.474379730496383	0.436372099243968
1.01497177043557	1.21625418584304
0.717805122260845	0.7272307669879
-0.301171436236874	0.138150028470051
0.314464368824386	0.229000832239391
0.195822785395793	0.152001916487786
0.626587396185778	0.478749471833023
0.193008781654786	0.120140565922758
0.609708792392691	0.320390115629612
1.04360842637382	0.394608583742794
0.531954615713782	0.190517989079214
-0.481332374340611	0.252453037367173
-1.49099956258303	0.753146525714335
-0.475051431482705	0.248452952711088
-0.617594275941443	0.550874467670916
-0.826443545308063	2.00676962560007
-0.124840606420792	0.138510464057645
-0.404027446263081	0.405202728378352
0.495566886218802	0.635658315228543
-0.212781321722917	0.210953885757392
-0.476518138628434	0.50819404377892
-0.14984416479516	0.139616524336324
0.203179297941902	0.21510593018435
-0.168466844186954	0.153093276648312
-0.24141434594115	0.178307552609852
-0.297809543495899	0.241493302640791
-0.395542376086926	0.421268247683691
-0.0151027435483917	0.0128820006715788
-0.286162161720967	0.257258341138327
-0.972959079683906	1.4442509360186
-0.568429338865735	0.632707436728974
-1.03816425636435	1.36467216571698
-0.260965871446668	0.213992333666924
0.206657648958163	0.194935093058637
-0.0560874343439718	0.0339543299954067
-0.416178881006923	0.466717586188439
-0.659314895633982	0.724526565047105
1.36156436061303	1.44901965122705
-0.386161010837523	0.304304356407652
-0.659267748561522	0.459327926834107
0.279460809006458	0.242014512066793
0.619889792491814	0.672243286384868
0.756596566225538	0.743729220766369
-1.32267920349773	1.08496599089738
0.871285587035445	0.647628697665529
-0.0572037550952883	0.0248847304563801
-0.784815933983922	0.427662984945857
0.828430976330302	0.348196975987414
-1.2878307893109	0.579926513946317
0.174647764184004	0.101394382109087
0.0774408636031446	0.0504900668935407
-0.311098972410561	0.185269105598323
-0.347451230777224	0.471744781190975
-0.139796257002982	0.18691550310995
-0.147182464665192	0.145845733590789
-0.353561455613831	0.383350904353292
-0.186141300336883	0.171295465674718
-0.0697417417596658	0.0560920569101974
-0.766061372409314	1.05360451380538
-0.139828248944811	0.131578515943639
-0.354656876812587	0.362406002256242
-0.689315260396479	0.992209063573721
-0.904525221944233	1.20435211865351
-0.346901886029401	0.394724549153131
0.787339292269676	1.02379134668003
-0.149836398664597	0.148814397323619
-0.16599218664494	0.142102571999773
-0.171049605727584	0.146942724872244
-0.777427331766452	0.840140952060061
-0.30189282219375	0.245448552451791
-0.318147451235388	0.190062322834563
0.957293125426665	1.36339125168564
-0.583115599423344	0.570902409347838
0.343412691411705	0.335144632955487
-0.566873803547541	0.549802628866334
-0.0215645454071577	0.0138491834931388
-0.378054214791008	0.328508266534521
-0.524989604058955	0.435164070668757
0.79585996158556	0.479351048375134
-0.334557841204691	0.267186339184195
0.00707805962231722	0.00472565495572769
0.526794711861213	0.458077525410414
-0.283449434192317	0.205442793160755
-0.149915159045215	0.0535975402652961
1.77603048664526	1.39287840377691
1.04943567600199	0.39679396861389
0.819789802467897	0.343878443922083
-0.913494217995542	0.665957941302579
-0.476288324323294	0.249186684204196
0.406332541186093	0.184095297565198
-0.537310574111545	0.339734910961796
-0.242769952322109	0.337943351030073
-0.209437446344495	0.276790224375549
-0.214128024866442	0.223050029681791
-0.114967969205443	0.10085222445565
-0.213675535291487	0.211851376324831
0.02245382449461	0.0162726475239052
-0.168433663818923	0.16713024992493
0.562381843737526	0.731233574574603
-0.293206095834273	0.316726483770283
0.103452041697267	0.0926327661017857
-0.499616011352261	0.525268608294671
-0.382833209598352	0.362342779316579
0.416883678862153	0.446718356806471
-0.491253858824325	0.551244808738751
-0.480468010212309	0.408447299132208
-0.689080938051299	0.602544087814773
-0.328865730413208	0.261767685028417
-0.529726057146162	0.522510464535253
-0.0565709424824062	0.0421723884495146
-0.505793864409985	0.46500333158064
-0.301855411592363	0.245330206004225
0.276955086452615	0.260371453023636
0.303815090854527	0.230573204838887
-0.69848646505138	0.664545551839118
0.161055121947285	0.078159792666116
-0.532461319770362	0.335881518267947
0.285075657952077	0.223132839822159
-0.612519871296668	0.545128222570395
0.44366149451604	0.3396875616312
1.13169118326123	1.02362934373942
-0.765918596168096	0.332344936277861
-1.60297663954311	1.23500532039218
1.0433448222306	0.394400438672122
0.610810426785884	0.320410564160423
-0.785177881792558	0.518555666061047
-1.68041139177786	0.950954257724151
-0.309288798070564	0.142266768832962
-0.782884615453481	0.670870541844371
-0.0666819152913774	0.0611114020787151
-0.739159298945832	1.03051563838198
-0.206195204639247	0.213146130514182
0.314897880551077	0.353881632639203
0.497513426693495	0.624901211287139
0.710887042043515	1.14575927019071
-0.684968080900273	0.948646870159096
-0.940879676431246	1.61469179012781
-0.432300006573355	0.460208114119764
-0.347287370169181	0.330601006733648
-0.131673391002828	0.13085538000404
0.536768082685168	0.642883470957001
-0.417203495959346	0.357178313375008
-1.21955728535141	1.5774375689502
-0.243974161284981	0.180496643484309
-0.778376491325072	0.89266916768108
-0.195894665018894	0.162992796292445
0.0119602489235747	0.00840702360165012
0.204172801541841	0.153686133907834
0.0864906855950675	0.058910687655372
0.506625988333029	0.455679032266602
0.349999029885906	0.343090421690893
-1.41410929683799	1.70772296724506
-0.821902635960779	1.18259398907155
-1.14050287789484	1.26773290753858
-0.0641193662977367	0.0388392789256721
0.645589437540314	0.684603099508265
-0.0896275750327678	0.0523884880025639
-0.892479358606276	0.74139151793587
-0.675309902167818	0.533693504299188
4.38398512814509	2.27525247793181
0.797930571545942	0.480294630815865
-1.01915358936262	0.402069935250146
-0.229763318053721	0.11473419486447
-1.31240853814264	0.820026433057416
-1.83497227478431	1.15595790147585
-0.86784596712289	0.868311592079539
-0.281957597131898	0.43797635574253
-0.355470235500687	0.485976243359024
-0.103291072760911	0.116392906961072
-0.498196444969629	0.674357468264866
-0.772692609117289	1.23710485089901
-0.201107382613737	0.197510974048189
-0.376204099349619	0.38049542024052
0.277569412377184	0.280424391833263
0.260027643217347	0.270742203808547
-0.224599166229299	0.260879149710011
-0.573136580195092	0.667911004621649
-0.096426145061112	0.0849619055070018
-1.30135942853427	2.20628491185933
-0.00546665211124784	0.0046601355530565
-0.023851550842743	0.0181273627628929
0.759964488532964	0.841346192664166
-0.675508013798387	0.824356856985843
-0.779603249101666	0.991349927265659
-0.206108465115483	0.188587810250155
-0.311562627700155	0.297283768315014
-0.142461093431734	0.112273880731176
0.0574658988563675	0.0445657883244285
-0.782276650458192	0.670173912312366
-0.488446027097029	0.36556694667566
-0.215697050648302	0.162704493061243
-1.22128445792018	1.95084320200334
-0.704407877123002	0.719530243239275
-0.210911087588652	0.158774878648354
-0.32196548147685	0.227140484373443
-0.474127035492154	0.401731953895147
-0.78464593664459	0.851570123800741
-0.129576855727467	0.0905483461685739
-0.237292180491104	0.118757070209463
-0.116790009348721	0.0811261147806533
-1.58384837495408	2.38649282530201
-0.889338319112332	0.7376083229494
0.900625561076723	0.486191449022938
-0.0885029937124332	0.0351965326396043
-0.236883299717319	0.11840536967826
1.33207374382379	0.581101470070055
-0.222038342595648	0.0714812050319378
-0.212107996589827	0.0683682958385105
-0.43755430836745	0.771668124146443
-0.245779260900578	0.328560900029142
-0.376590947791746	0.560456902265103
-0.396618097191135	0.579520994093247
-0.22880773894592	0.25214554334384
0.0971022522832492	0.102018262998676
0.292444979251067	0.353437255690342
-0.253183886727542	0.262152893841726
-0.409752884238502	0.558431383509232
-0.455071922002935	0.620193346857167
-0.62270106251991	0.86913751456426
0.098033907958447	0.089173233993463
-0.691748838651976	0.96234777374456
-1.1619655373855	1.78256187440412
0.196980125216276	0.180329972917603
-0.260868987216257	0.271550046138288
-0.182806493062009	0.154486864050523
-0.235097347846215	0.227711577224518
-1.08167859342801	1.65638101865258
-0.245271777335049	0.20512404840122
-0.496540621195398	0.651327542264075
0.261987872726664	0.255889715897778
0.609984565767454	0.756985657316926
-0.187821638119835	0.17312906392908
0.428835317216265	0.438454090318654
0.195675793982925	0.182994899816873
-0.23654555421152	0.234087693835801
-0.461723639642083	0.48793251888212
-0.192260332344657	0.147811089925295
-0.562442622526463	0.623792860941166
-0.279792335751492	0.202494083424118
-0.72312341567172	0.918837693169385
-0.343087176328015	0.301770808097206
0.0505956780342352	0.0296977276265619
-0.242636423503528	0.179327205019035
-0.450534748645822	0.452300325819767
-0.576397533920059	0.562292893272249
-0.135149002640275	0.0761180138231825
-0.397772997793488	0.165887368876099
0.347948916303422	0.213305119121882
-0.76214123352966	0.33051798936009
-3.14304740171882	2.75015383116772
-1.46367474358129	1.01933618661434
-0.390558341896313	0.766676127910415
-0.276512034981715	0.365601805122733
-0.465341030382908	0.627018677099393
-0.192907784234423	0.215981689597401
-0.628219978477293	0.939215404423712
-0.486260635960284	0.652377158904432
-1.16833030015436	2.30869097916221
-0.0821658722705024	0.0728800709329476
0.077997910458022	0.0672173661749842
-0.0374546058113466	0.0371735566253161
-0.142758823282274	0.134618587872741
-0.372533869226307	0.375900005974366
0.102183703432758	0.101579814514542
0.33739558566744	0.353715330489356
-0.368676384934215	0.439776784105315
0.266180066440693	0.272714945430589
-0.407188406451646	0.479806075078168
-0.228793417226216	0.225142584849903
0.265793607170756	0.241478707401103
-0.579231781344977	0.565978370837886
-0.147957964357515	0.127793678208984
-0.781140632998556	1.08528499620082
-0.702970215894783	0.717126916593958
-0.0885658769394474	0.0720387044949825
-0.347971047350239	0.331435468357128
-0.0498213787709077	0.0409999032484858
-0.184179734168986	0.15597711265547
-0.372276888853626	0.322303007779261
-0.929899511958337	1.39442638444607
0.0874678460413131	0.0596071148306362
0.575942201904875	0.574918424545253
-0.439996761162724	0.438975978287934
-0.283185887815733	0.205191966115774
-0.97914902918366	0.484279319220888
-1.1911576186868	1.62933156098277
-0.904461711746523	1.20410876113232
-0.332138787487396	0.264895882165918
-0.788512257033247	0.521623453843209
-0.384294569533419	0.159737126640957
-0.389692359791775	0.220097117246087
-0.388792850371707	0.219531098235124
-0.59455410016391	0.78668390851978
0.262177257331739	0.289948793535055
-0.646602361969411	0.864331948014179
-0.494197988326338	0.613063959006132
-0.69594972450851	0.970617853630966
-0.139043355528418	0.12170545159692
-0.313299492400787	0.278836758175987
0.0106755634895765	0.00753014603055294
-1.27839845826495	2.25499514085582
0.199408848493905	0.190993099873475
0.199988644694059	0.187661290201284
-0.368894158998534	0.371333721572769
0.115546423478796	0.0956186774362579
-0.642717223567586	0.662383526767016
0.00678397812021997	0.00452539229754914
0.120210754535203	0.0947959091521713
-0.504192556110454	0.463025016921119
-0.219217300485823	0.141935132117484
-0.235011541211492	0.195359633212305
-0.0328845234048251	0.0247008113685498
-0.15827306400398	0.108364870400324
-0.446937856932822	0.295892959493408
0.647129520788253	0.686613387854422
-0.322562507592815	0.193121513686665
-0.52768919988566	0.438076543028174
-0.258149729184356	0.160791314461097
-0.944278488617099	1.0011038883254
-0.0626218841638844	0.0458635714071227
-0.650019094842032	0.710216548349656
-0.317352164705894	0.189511850445621
-0.00220211073092765	0.00187361872593747
0.812751914417063	0.775879946245247
-0.71190693860489	0.730085176650222
0.159966920234587	0.0776995197781835
-1.27465265651181	0.572799544614502
-0.477092975017433	0.249695453759264
-0.12333656627996	0.0692145343777155
-2.47632423193606	1.37907318283468
-0.241728234278635	0.321746433127649
-0.52142101379203	0.95734665580597
-0.485549836208708	0.917293157080583
0.162065718385905	0.192769676364674
-0.00628225937492972	0.00589508173222945
-0.293521935758417	0.388669095265397
-0.376303462756165	0.568184797934194
-0.54451955999393	0.706927664313867
-0.2562639994572	0.28396528512888
0.115452926203819	0.119677603775138
0.652604157786593	1.00085554521979
-0.145255957879431	0.145955948673653
-0.680655351130248	0.939668571246245
-0.294300721001273	0.318074179140945
0.473657666301767	0.535383401885491
-0.271326380505998	0.326214793275285
-0.391922079919954	0.489956391789121
0.317349987864639	0.335376163675799
0.0810095119233822	0.0713748332022001
-0.69023469503428	0.923493466187964
-0.265804945125306	0.218576623744992
0.344823119273062	0.345791563489797
-0.25851903153654	0.2280777173208
-0.265993090172399	0.242186112023776
-0.115394308023519	0.0915893372902785
0.040665104885857	0.030444866531933
0.647705899767658	0.68788230539211
-0.91183247979054	1.092418456908
-0.432936091909271	0.333175851709456
-2.77320731116216	5.63679534995113
0.560563041915553	0.575099200360815
0.42587917907296	0.340296201854073
-0.153417500321047	0.133051348073808
-0.0671523071627978	0.0492838331832255
-1.6438197369789	2.5734760522397
-1.0534206617202	1.10143598760072
-1.83542307908063	1.15640506299273
-0.98627788485422	0.880763001738303
-0.262371031340253	0.163819046595954
-0.785958038223911	0.428805865516443
-0.981638083817257	0.485818639771448
-0.766733199789823	0.33273995230155
-0.981638083817257	0.485818639771448
-0.239182397302471	0.363133274294846
0.282113926476552	0.47036892695138
-0.583207153046537	0.97168913653785
0.148353068944188	0.181445268182463
0.136435795235504	0.15479080892076
-0.236227724806478	0.287914837663671
0.489973479457209	0.625645201039124
-0.235982704493277	0.291676613127204
-0.219236652612222	0.229276551780275
-0.732076467977417	1.09366146882446
0.212562305621781	0.238557891103646
-1.11779152912826	1.84976317863315
-0.126186766642467	0.119445171331875
0.208672755416665	0.225841545856827
0.318813484213831	0.373625814881188
-0.392653685954417	0.417516553575089
-0.511092919249895	0.541173575984067
0.269899833786724	0.252499090545318
0.281497498778619	0.291697838405313
-0.373710818068864	0.447380133514193
0.371040961218851	0.347968316124292
0.449683801675262	0.43803946074885
-0.518995398889836	0.508399711359359
0.333858903566554	0.332325920186942
-0.685752576006771	0.950308247226312
0.272425168203642	0.241891813745493
-1.33524354439617	1.33090451206286
0.29435541747948	0.249052400600215
-0.721077685735543	0.788858282441082
-0.0107541981163449	0.00703492197889996
0.0826019317763011	0.0561861217942519
0.070866993791397	0.0439835667793497
0.0934462737631767	0.0638177393959857
0.268932545413022	0.257720920983292
-0.471765591008934	0.46511701714894
-0.776533529040233	0.784840549440079
-0.148425180727811	0.101194611430552
-1.51103003363439	0.535749564246176
-1.20892836791748	0.909498513760128
-0.414093188118631	0.815468995576565
-0.112192054593511	0.170931933508468
0.107004141049588	0.12429329200282
-0.0263914968868608	0.0262478532078717
-0.156643156095357	0.198050564492333
-0.637777263926634	1.12383805874874
-0.244260104318584	0.336560401566464
0.125955770117274	0.164719045440599
-0.221005735326972	0.231329424749719
0.0484355742568357	0.0439265687703581
0.49219213463187	0.763302154297828
0.152365272041597	0.152560560577735
-0.094791998617179	0.0915509945237702
0.034178556772791	0.0330294138452081
0.297368338622862	0.373246056913195
0.00927961167157503	0.0078732343926603
-0.20477992387504	0.237089890401696
0.10210191182263	0.0949205783829317
0.0616268268050036	0.0564179735323242
0.214083533093379	0.216235575487077
-0.451695511770143	0.506637291434515
-0.333800191983099	0.383511763741459
-0.353935014069344	0.33832745752013
0.00095982349156375	0.000691570962883942
-0.645567542196965	0.830107721881944
-0.118795608606596	0.111825408903854
-0.210602237319695	0.158477356306954
0.247110023165126	0.264832772037982
-0.719158370240686	0.871227543137601
-0.478874345908936	0.474318290758121
1.10098037841066	1.49909771548564
0.286164901775741	0.240993354784505
-0.0080644815317033	0.00621019406576599
-0.883170343508792	1.21957053639191
-0.0442736724536467	0.0328376466151507
-0.506566389244884	0.534822342581717
-0.130225021491317	0.177194104589013
-0.606589450259644	1.48538675079554
-0.519877315487684	0.866430885349413
-0.307474141353727	0.400056055226973
-0.10172960662935	0.110846495999806
-0.189081685822679	0.240156034615733
-0.0350622277465659	0.0343705945803539
0.188942062118518	0.226654001427925
-0.0147206112386454	0.0148034341535681
-0.0190769383661275	0.016129682693036
-0.231317977402218	0.239924827220292
-0.117401681667594	0.101251079432329
0.0131183084766523	0.0135151391044393
-0.162163993024559	0.184022736373227
-0.061693213339598	0.0633392108924304
0.155683731131936	0.147813862767998
-0.735836463700436	1.17719406973838
-0.420772310241784	0.568236317158383
-0.0523476411968367	0.0431607196445505
-0.223109371836225	0.20206386937946
-0.0859209070750604	0.0764288882908047
0.492524505573612	0.54929562920693
-1.07152004247769	1.53526679741619
-0.826041164292974	1.19078235830832
-0.556653308233875	0.686221065077723
0.896179362306302	1.0404417059054
0.0524985426357819	0.0383029337713539
-0.449905737699984	0.503742917082178
-0.31254503797046	0.27796798277614
-0.10889250981523	0.0951090247491196
0.349090236511388	0.342049807296709
-0.142043338221727	0.122190400317
-0.34713807373945	0.330412038027427
-1.14420567842639	1.6273294183402
-1.58977665721696	1.88491178462415
-0.0589566683991037	0.0838147382008396
-0.056647189079255	0.0770003149842224
-0.354490852362871	0.592768743462073
0.0348841599804406	0.0381671661067899
-0.203172895252136	0.238333923572687
0.146986410247917	0.177371622687035
0.100386187420203	0.124032642560811
0.36065095447537	0.433980713784316
0.0218234375153976	0.0206303861692783
-0.743878283453739	1.56322297646251
-0.284038279460776	0.304511988266911
-1.53381922214527	4.14439860533828
0.339591388793971	0.453441716744341
-0.335831750780141	0.451303482087193
0.0870112059115447	0.0918966037131402
-0.776435151108538	1.32781486647461
-0.133490318160818	0.132899743575295
0.135387087656056	0.126582730220869
0.47112828619777	0.619195902571698
-0.248256141481677	0.256024070658223
-0.0998619597104893	0.0881929357849192
-0.0341823770866758	0.028351825789763
-0.255634467835985	0.245878571639619
0.094209804355153	0.0886127680859473
0.85887357445225	1.36559493223789
-0.431904651201705	0.459953491708997
-0.72858588505831	0.800303868375914
-1.00736076807739	1.37783109801402
-0.251301474354009	0.259648367683323
-0.609585272210039	0.815861446503122
0.360458955026021	0.335819524460339
-0.719949018127005	0.912975050546111
-0.0457012315035497	0.0339214908150282
0.103293933037501	0.078397464930489
-0.309441579126343	0.274762070909678
-0.0411225845980668	0.0256595689552085
-0.0936973003438628	0.0372243353271805
-0.213617880694049	0.471719995469117
0.102442881255379	0.163286504688068
-0.170928471751688	0.273061519185656
-0.0134921073433152	0.0170846143291541
-0.268240735018758	0.380773892961314
-0.311689252229983	0.567934975321158
-0.00691361607688219	0.00807008108093372
-0.247053410048292	0.349753017422167
0.308100727634806	0.500485188981724
0.0163458897503611	0.0181235908814053
-0.304435022401051	0.394853802739076
-0.0974481066701736	0.123956538153119
0.0946610382549264	0.103398370064056
-0.579735119356418	1.02818358252714
0.543825647071248	0.856652662061605
-0.0280076062127708	0.0299994881001389
-0.147866495823245	0.14897355003242
-1.11549281494694	2.20446998836208
0.055621544562286	0.0540489780635323
-1.00646460856702	1.60775826901752
0.28486839496146	0.353603087643468
0.0384506017126462	0.0367243082140821
0.543154296407869	0.653330122808015
0.0945679266123015	0.087411241534341
-0.148160410192877	0.146971307287708
-0.570996371708123	0.85440285199215
-0.0705408491138987	0.0578125043137994
-0.525546734823884	0.435817404791644
-0.570565466888281	0.635951483064851
-0.702567241234663	0.947211510529632
0.655926044671314	0.790169499276643
0.0381460376499095	0.0285296233552123
-0.0419405888157047	0.0349114229445626
-0.619347607033598	0.721107805901083
-0.470242926162985	0.554182625858832
-0.209050076581638	0.175552215424187
-0.486627646380728	0.255699842186732
-0.70205643048078	0.669004231224101
-0.316307116785003	0.322302962696333
-0.955802372649846	0.933290027296741
-2.10059569400173	2.32693735095905
-0.271665442698393	0.64433788411876
-0.00484474419948433	0.00680445260170081
-0.184483925366432	0.316083228663971
-0.306646049661196	0.560714051567537
-0.707413795819725	1.71084827715486
0.318106506325798	0.543340757897021
-0.218349442024597	0.338847409578305
0.0952838139592279	0.108061869913195
-0.123898291145349	0.140825458798826
-0.529234553309191	0.929196139254237
-0.253637951018619	0.325898600948764
0.231307610017065	0.330869318908299
0.501410713482061	0.783351937067485
-0.196880905704735	0.237818061103399
-0.608753460965741	0.94416613007541
0.138564847257618	0.167734264237581
-0.208414175102911	0.242121823543602
0.411943891195766	0.587013988233612
0.0599026633790992	0.0592607476754796
0.0553755191507351	0.0513311096358356
-0.106743671883599	0.10102463422787
-0.420856985896288	0.501133749998903
-0.261175314921186	0.252299556182897
-0.140033315089415	0.131782262762184
-0.314642873443601	0.338313189729984
0.986332523698511	1.3017201238533
0.445884338029739	0.532466938443354
-0.375397301385011	0.35377326872512
0.151929005410607	0.143903461196885
-0.207795950557502	0.190381858057481
-1.2137493494034	1.93151459377661
-0.386006338005087	0.336933221005312
0.561746582245156	0.746994569383765
-0.723445354702537	0.792718459543407
-0.464548753306711	0.491893668514327
-1.85189507269187	2.96614366282698
-0.0537707278649188	0.0234237385324447
-0.924373640855125	1.32103383944232
-0.633440289089879	0.776295209759411
-0.17226621015242	0.369318643458336
0.241965735815513	0.528040401303047
0.324696881901288	0.720022360381453
-0.344433739161936	0.698517494291385
0.072889142920414	0.101475302324276
-0.1576033797711	0.252316837617923
-0.337347831163128	0.535155525169984
-0.0655273103391125	0.0793042253912336
0.285397259675689	0.437873189840749
0.144967066501358	0.187079104815182
0.0362364112751472	0.0426186039002167
-0.350231640076589	0.613665658365258
-0.478708280030305	0.853121766400325
0.343041156302964	0.534094429051352
-0.500930655358557	0.803242575012443
-0.0218576533631715	0.0220807183761773
-0.420705992542231	0.666046714475136
-0.74132706135722	1.44739350210828
0.0169854919652552	0.017498585426727
0.283413219196024	0.394665503115253
-0.732496734252698	1.09454698570923
0.603438467948388	0.92187101021469
-0.375446436666826	0.505691848482905
-0.265522150557375	0.291478816338984
0.215128367895271	0.229947684286087
0.44067550865	0.59923148261206
-0.182973408616522	0.180514446939293
0.428623316790071	0.51704224911805
-0.0361517525771018	0.0304280249293394
-0.857911659670901	1.325463674963
-1.00264124605825	1.59808237481952
-0.905167100782064	1.73430690276843
-1.3131605295871	2.51398412311323
-0.852645238591096	1.36232792459835
-1.85988124910935	2.62853558929682
-0.378766328150401	0.259552479059034
-0.49245048952254	0.449261979458865
-0.498925764654969	0.562534621538255
-0.232896729156306	0.756668407448016
-0.36835684879381	1.20357641776408
-0.175894872218331	0.394233668876533
0.0960225078057999	0.165117221879318
-0.099672591552339	0.16741878728347
-0.13670705537408	0.241250499924508
-0.32771526243523	0.707654494648443
0.314911326792751	0.56140490545342
-0.0983991862314383	0.13880537122041
-0.0315405408569566	0.0390801313929137
0.113921029637932	0.142523737244894
-0.787035232858469	2.0738366353316
0.225433996446204	0.362485118893273
-0.301813112270739	0.45134863846649
-0.713981011292694	1.51638760546782
-0.0903249229285631	0.11116073445736
-0.376444374209293	0.556977428891961
0.379429400460039	0.529646998450903
-0.0522083746308796	0.0473349883679471
0.126637826764546	0.142303909783948
-1.09027957031986	2.19890476941579
0.123425388393597	0.12892672291945
0.578282228514378	0.901403395440785
0.292108990580004	0.399143321299508
0.259428089271631	0.286124313474013
0.419190327663366	0.437967208648156
-0.121262654174219	0.123057843838194
-0.942957374753156	1.2977997723976
0.0523886086797015	0.0459076416282931
0.000582188230048203	0.000554852111518931
0.383573988977022	0.44166408679681
0.0983764131639151	0.0895080847371882
0.379553437732964	0.426004646062332
0.471443627449985	0.449499680849626
-0.918253069574451	1.36781958486219
-0.078668772435544	0.0636054878195951
-0.772088046846744	0.658185277953223
-0.749830623815487	1.21088768083736
-0.281977965836645	1.29479519750389
-0.18111348067098	0.415256007733004
0.07279377409989	0.120361868870274
0.208821735430383	0.421908033371691
-0.0207382873603163	0.032037265639757
-0.0364083844404001	0.0491964562115337
0.356240127581261	0.742341864537349
-0.492536713945542	1.10406699160032
-0.596442226468848	1.29958995872219
-0.235529347381082	0.386815392621358
-0.128024270397061	0.186949494880412
-0.115703413492251	0.161620503110497
-0.42251352106341	0.743928299705332
-0.541941735325545	1.10855113410271
-0.181045698981289	0.223829467197751
-0.158589507481699	0.228401254444774
0.155483081346811	0.20509834923373
0.357868040815566	0.584415157364834
0.0745177451882666	0.0857839768461844
-0.625868759366253	1.01017419932237
0.149855313758979	0.174537368846866
-0.0520530673202643	0.0547883057757324
-0.306466203500428	0.373537613852109
-0.520473132498748	0.701165119844948
-0.301460315400825	0.375098693372057
-0.117972202519424	0.119394244183511
-0.0418766783727454	0.038207404840318
-0.47725283461461	0.617516486689427
0.182345089697722	0.212451384269864
-0.545956773167916	0.733406950036
-0.456710825457263	0.63998312755987
-0.157229240996664	0.157127070664124
-0.28035653716916	0.311385050543914
0.385964827296414	0.329265314674482
-0.145607189087022	0.0991236574767637
-0.559143375247854	0.618779644136148
-0.0560531406460785	0.100661988076643
0.49968354929678	1.32869823052153
0.172772659339252	0.33242987170315
0.0216654439400684	0.030163616317877
0.18776149253319	0.310980747021229
-0.228963196593856	0.359596443060319
-0.033577253372026	0.0388799225473605
-0.276815522296296	0.396471076544307
0.554739406970606	1.07297293959572
-0.14705389332393	0.186098500504703
-0.121702920976015	0.152017253459057
-0.368413114635967	0.624810578138827
0.162301500342342	0.20791359573958
0.0776624331726735	0.0768596835209486
-0.71038177417274	1.43960625038846
-0.0124900157143162	0.01302585328503
0.378542140861293	0.527936874048847
-0.49326707770604	0.717302767772291
-1.21432426916081	2.38412642282444
0.382129044444728	0.448969761261504
0.299070344716536	0.369722266649392
-0.873443380271013	1.57701898192423
0.557309569348461	0.703966566635393
-0.107232986289196	0.101546192492031
0.599615476463789	0.582044804243237
0.20520063787358	0.201783659042781
0.0168904310578049	0.013200466198484
-0.27771769131154	0.28721513181387
-0.159815635799082	0.147229262277142
-1.30133856878114	2.20608125567222
-0.161742387235835	0.13808234897912
-1.35347859421103	2.52210168641429
-0.583702441802172	0.604083238814935
0.334871001790411	0.219531844364724
-0.836779899358434	1.11196168879628
-0.657778591011219	0.721939017254726
-0.186775994147342	0.143141860199382
-0.195343206852197	0.548815316559817
0.0968810944519278	0.195129592804851
-0.0792083966946153	0.148217949156837
-0.116006095285855	0.216249293796854
-0.0709033604928816	0.114333275530037
-0.126300038645606	0.200967015516064
-0.0929851482625077	0.150455420190024
-0.313106579184189	0.612746753636439
0.00829707437746986	0.010742997003833
0.00759895008571886	0.00951644540948733
-0.00101599370998877	0.00122916326162532
0.129086934328785	0.167659750793229
-0.594148834090186	1.314648045024
-0.474431206863475	0.797358884047252
0.535151061018943	1.0315283634642
-0.0486487235540701	0.054756408364465
-0.607627427773813	1.13443051489686
-0.217938296116949	0.302808148601253
-1.10541877924048	2.50858071167217
-0.184836933587801	0.170066667759751
-0.238105237199049	0.290836695447498
0.0981455666330323	0.101833569441733
0.40312157642285	0.438983312353726
-0.509732084113	0.770455280579555
-0.529242405471166	0.679984554796713
0.10424829058088	0.105416688071648
-0.230276895416239	0.268938916292118
-0.0289716801707681	0.0243034400303906
0.437106085750993	0.530576276336296
-0.270753757877149	0.330552000804839
-0.122141927796385	0.115241937837575
-0.942693340312084	1.61923183458299
-0.055267760988058	0.045638429963183
-0.778851117076553	0.666509404921754
-1.1207590501922	1.66604020900918
-0.654451379271499	0.911244740404325
-0.427655832907203	0.453943853171564
-0.781253302329347	0.897492652386365
-1.08433498695747	0.73923029290333
-0.0301290048468295	0.0591572121434963
-0.164278427402879	0.345510233824331
-0.23203909797213	0.568086715256728
-0.191872637184873	0.299384789311451
-0.637694923443992	1.67995276058487
-0.257835604886726	0.386455949447204
-0.353983010099434	0.642185862428127
-0.38872408565773	0.703699847761454
-0.66603196826111	1.25893946852328
-0.279551813459562	0.406576224740571
0.245179573500875	0.339185302446153
-0.265740166194632	0.340394498066302
-0.208516990519272	0.229541075257434
0.142824820453372	0.131664374174624
0.205973950633638	0.233482781252762
-0.427966592380064	0.621894855414935
0.31343219105713	0.385715808625623
-0.0952402611227516	0.0957668453733433
0.035569429729413	0.0302149956897595
-0.0714013216045853	0.0638309980010601
0.581051199276362	0.829314601021002
-0.159851910578128	0.160152440062077
-0.319462279481788	0.362898926004339
0.105369203282009	0.105062759726535
0.038603219436325	0.0328563532627997
0.327774401049543	0.349262305546094
-0.321530532522246	0.365975591923329
-0.396010780723327	0.394900493301634
-0.595446441333568	0.484303930934142
-0.011076495192072	0.00940670174928971
-0.453637683716234	0.509529842291089
-1.09128382679205	1.28778098281414
-0.194820171759343	0.587202673125319
-0.280993849292547	0.803582985235967
-0.447420329689283	0.923040589402429
-0.231665581584101	0.348895456776695
0.280492735763922	0.428097460448995
-0.0941388309349303	0.115227683640254
0.110382009651176	0.128617114949939
-0.000734848001052521	0.000716686523324628
0.622726349300222	0.994158932377872
0.180528306147338	0.232973037885088
0.607653860547182	1.05994376496548
-0.228896029786829	0.236963548942867
-0.281629283019765	0.3158607100801
0.212405131253891	0.234525301120991
-0.213063299124845	0.221643470663684
-0.107790556149097	0.11810876178932
0.25487005704697	0.253286382332975
0.275882619799369	0.313904325038183
0.561458903762436	0.822980467157393
-0.419907392309306	0.541353115647265
-0.408964885119237	0.48248644972549
-0.694224884178875	0.658684246116276
-0.0861687211785403	0.0623621194813019
-0.182386823546314	0.182954639440153
-0.431613874983929	0.561368072831255
-0.381819035622669	0.332488700568098
-0.119192578395103	0.283717626525029
-0.343068441853214	0.671157428422721
-0.545241772707556	1.06861311655706
-0.138657268586229	0.175762725026397
-0.161359768684609	0.194158951483191
0.219738573618307	0.248095180518406
-0.23127971736305	0.255463854064671
-0.275424183854794	0.31875798569539
0.342581320966969	0.473167360308356
-0.1763706046214	0.197343704050128
0.42639329412566	0.54634742048147
-0.118625357884349	0.113439778808257
-1.25245290740148	1.78715270504468
-0.618330954056456	0.937788746775839
-0.978232910573125	1.45643647108757
0.41220835219442	0.440382402960998
-0.231340757503461	0.26626724961214
-0.963184067065365	1.48688496515038
-0.770196333409684	1.10608251948945
-0.874756935327113	1.25778572951963
-0.288633364352054	0.232807220000405
-0.555648009013352	0.503049309161883
0.201624979439751	0.176400353852627
-0.106727196524245	0.0860833961884542
-0.643043892145699	0.662947308037356
-0.655670008369471	0.718520801394834
-1.32034728575346	0.827039230531486
-0.0566726680120749	0.139682227706265
-0.112428761489779	0.15766619578459
-0.0932751392849613	0.136686793892126
-0.0779241343013078	0.0867797630564461
-0.246296582456496	0.329405413445335
-0.24739216373022	0.362658974144966
-0.0965111800219228	0.104641588731035
-0.923339867284409	1.9109148892852
-0.231713817639555	0.299499448379263
-0.357653329664705	0.462755654102875
0.208260433206915	0.236614027637976
-0.285421949052003	0.347361859254589
-0.397366760304597	0.48908109193876
-0.147883659078675	0.146605519238329
-0.785636101842125	1.26739645851989
-0.599152373085353	0.768390875994255
-0.577655659525159	0.800477462793509
0.560915135155527	0.745858080711144
-0.471143823899134	0.655001640758577
-0.566531050239635	0.728899115519343
-1.02639958986916	1.96507220598206
-0.190189415864327	0.188687363709326
-0.663059990416907	0.462803365005465
-0.817786529347463	1.22156442088778
-0.34540454411375	0.328310218909141
-0.222408037301132	0.183295393240603
-0.216247219376244	0.39585621606976
-0.826370814027213	1.92109894768652
-0.501228303990659	1.02499156266634
-0.289412720996935	0.514876649926186
-0.346443461543042	0.554871729891032
-0.114467625934867	0.147057184116664
-0.458227433199964	0.69920063349154
0.0337514147335374	0.0356347593614991
0.0173149203682451	0.018327894449634
-0.515919758317646	0.928202154046259
0.416320745247244	0.585496878285146
-0.573668666480686	0.900597911247957
1.186173217149	2.56202331738305
0.155453863188223	0.166586708735029
-0.326869814017806	0.432798103449695
0.133156287032788	0.116831582814621
-0.188814912187351	0.199115553726569
-0.28102211484387	0.354383934693782
-0.0251718151886994	0.0250040791427715
-0.433939943414975	0.554296735182439
0.514207930567988	0.638096011360124
-0.271361290517013	0.223934924312375
-0.332788669910567	0.355139180346034
-0.0847830188364369	0.0812516911913927
-0.628269064475601	0.767521179870516
-0.839651256573447	1.01066470011013
-0.294947004167068	0.725646214169454
-0.107052189303508	0.198023565873096
-0.254670809531713	0.526894965132347
-0.0837451621784705	0.1317447072613
-0.462735425392333	0.922928863918684
0.267238459377563	0.461736348843643
0.0786201507226815	0.103336496947681
-0.209268855333375	0.336082107095318
-0.0926857816735985	0.117246552723703
-0.215263358595144	0.2773512335702
-0.343198836789005	0.506667783283677
0.301751839589488	0.484622677953438
0.121788537072409	0.16163160651457
0.373607714430308	0.543026080076241
-0.601187443890327	0.97169582335849
-0.440641869003269	0.593657320327746
-0.421409852395475	0.569108165478341
-0.0514472044436541	0.0505055184426483
-0.451413710211772	0.584882583641065
-0.994811442319331	1.91964627075664
-0.633836479329344	1.11326283713488
-0.926016738470176	1.68775862836313
-1.11151660303587	2.26863566640637
-0.843578719797129	1.0722547173854
-0.251313178630916	0.18657608099847
0.341747956044481	0.375849105016318
-0.529178688176673	0.760897976523896
0.0768493645404175	0.063328309389801
0.279504841595652	0.263136002634821
0.201328248895787	0.17608078167741
-1.05513649623509	1.10461264043525
-0.175326552880921	0.385981133101457
0.0201341126736487	0.031823065492748
-0.428684002388492	1.1621975248251
0.153467121683306	0.25395514893563
-0.134721709577363	0.20297791547528
-0.0318572366360056	0.0395329522719908
0.0458239948478482	0.0544596271512174
-0.0177706535511313	0.0205541052270089
-0.123090522631568	0.145889142528803
-0.827191789853855	2.08369794175341
-0.359211562566303	0.530932812779052
-0.377193664293477	0.558413374279496
0.448637596272966	0.747029995689607
-0.437032660767623	0.586982386006006
-0.412483298237055	0.553223103902653
0.25904863465434	0.306136862309644
-0.24879473656783	0.224003467160732
-0.569998693884866	0.8282799029308
0.394407959995889	0.530460198639052
-0.479613407364196	0.639936480247236
-0.349645212612254	0.410609046549888
-0.925449701073631	1.57306679445913
0.428909431486753	0.438515717905257
-0.526378388973536	0.652166439181461
-1.1155840157923	1.45088398652515
-3.86808005251537	5.36647348421019
-0.438032970454843	0.436377053149808
0.490221019166423	0.626463678477394
-0.620300868526964	0.722347538194857
-1.13087962323959	1.48188423671547
-0.178252922439762	0.11849791210854
-0.646881020339338	0.383666001416678
-0.096284424569299	0.195057298747908
-0.283410709195948	0.756432895280006
-0.160528607295871	0.300647602914999
-0.0632852868360058	0.0971815511729584
0.149603273237568	0.240245808898997
-0.0835738949028373	0.112506358864418
0.0366547743411579	0.0462652241699035
-0.169691340950419	0.240693442002692
0.0112848471436951	0.0135611641372653
0.458149698280149	0.818637447139085
0.0780881962318488	0.0891749119430514
-0.191025372143179	0.235611927456791
-0.000985056921134096	0.000978997052898936
0.115694508089892	0.137194847520139
-0.406554852443777	0.599158111056119
0.146286312299318	0.132358160380862
0.259545960287315	0.27568820692897
0.29222171956178	0.376678439665257
-0.27007675183358	0.329399628976644
0.264513039417738	0.29832361056357
-0.660330530967037	1.04070411032726
-0.58935891701325	0.824044537756219
-1.4031444229669	3.17186192018415
-0.353970999769248	0.405121779561723
-0.700647008973318	0.667220047443944
-0.196835166569695	0.178897811858968
-0.516926255800804	0.750847714841307
-0.361115695307449	0.361359575992209
-0.923646574860125	1.11296347773932
-0.0504183871752197	0.0220160258293582
-0.914376133939263	0.667344185146248
-0.342661169335805	1.55907475909822
-0.161601391846689	0.446798862084835
-0.153339373431552	0.379802346600806
-0.208685186233509	0.466282313265718
-0.105245542789295	0.187953896752977
-0.295622571418267	0.609890092709337
0.301821481462586	0.653250877971743
-0.275514236105825	0.558703602125743
0.270019385776044	0.497943615124848
0.0942993691759798	0.131686381291143
-0.0490458609129441	0.0611370812997068
-0.221466689274141	0.33657775025976
-0.0151749207639891	0.017510857691516
-0.201415303209471	0.252480050942226
0.667052385558917	1.290712552552
0.0798525780743957	0.089321794712941
0.207906870145919	0.239575314608415
-0.0379641203515053	0.0372922724556349
-0.729035397323092	1.46328914859394
0.124932380010231	0.136382298003992
-0.320524101997598	0.398749374032909
-0.0466673559927477	0.0488779338164957
-0.391789524064213	0.525794566523084
-0.981299195287436	2.25611062640138
-0.460595881149278	0.519791792093323
-0.72684529760618	0.884776269009518
-0.091457611960308	0.0868588779508166
-0.8319079494014	1.67782742521861
0.0544951484822879	0.0487422237723979
-0.349437718486568	0.355902115913107
-0.379507131214189	0.298091585549652
-0.777535175533622	0.664519221724431
-1.32815937615299	0.834284479654334
-0.117994239524163	0.280129533046262
0.0446993058923702	0.0744735725303828
-0.0295274740291764	0.0476873585434079
-0.29494908889888	0.581293198551011
0.358021536097923	0.766612929920846
-0.21784720956088	0.364352761513061
-0.0964895393135118	0.134752652781464
0.146298178393768	0.210695997235987
-0.0806059291267409	0.095566817610365
-0.443312181997926	0.80056400902062
0.00593170772878308	0.00717728535820323
-0.627404044704747	1.19694794195396
-0.135295354568899	0.169073624419029
-0.336663694597784	0.484057990790823
0.155829500364204	0.156498596748146
-0.208316520943632	0.232902257581442
-0.0293219857588009	0.0311578567401678
-0.74307215759828	1.34385161560076
-0.54341152545441	0.728768794373004
-0.532932944555574	0.993237128926021
0.202699221791989	0.229142716216628
-0.698920713050487	1.04757358428579
-1.19146153924273	1.97139457617863
-0.789262245186062	0.858666289039131
-0.777786392769065	1.1656096815893
0.319068267242518	0.401204129838918
0.26985117632884	0.26505814271622
-0.673155932320222	0.783613204298971
-0.439028091302654	0.289542388360343
-0.158614310244073	0.542093389429015
-0.253161861625262	0.840490744840197
0.118232225106592	0.269078191623087
-0.111452983703575	0.201973095786539
-0.342834401731505	0.884719749677175
-0.0892314450262907	0.145247585952076
-0.196872697827816	0.325010150907318
0.224293398566017	0.425460195434574
-0.20065855751201	0.29183406780453
-0.295534364363404	0.489244758606623
-0.378965074088193	0.762669351784679
0.0110631100756307	0.0129134175835532
-0.232523063983124	0.328049846504038
-0.389325696696558	0.628433443753938
0.0959957096646475	0.107608902730174
-0.258612736069327	0.352229214709387
-0.0364285302334781	0.0415984037889964
-0.816727106097543	1.75751075371706
-1.09919084248188	2.56275881005869
-0.181421257845596	0.243806118288165
-0.870029475669219	1.71555481216647
-0.423724114888869	0.521539427390184
-0.333627204228624	0.401731677052024
-1.08429021899117	1.47739556126251
-1.48237016218275	3.69603234942822
-0.880982606633846	1.85831123039168
-0.88960628160049	1.46737880020787
-0.0305223537120845	0.0998603628721052
0.160932196235428	0.515090762655672
0.0763427677053697	0.177207304784929
-0.142884243806595	0.323920418162479
0.267384077473647	0.685504704078702
-0.189428902659622	0.420858218877457
0.0170260481126728	0.0256895396441688
0.0597885961577162	0.0887814468707929
0.211308299052906	0.344492313315801
0.0347018236983136	0.0447339341467371
-0.134411325676201	0.21181718540544
-0.100732895038367	0.147804478453509
-0.350245012659386	0.587124682968555
-0.425367223120288	0.760908067891515
0.342437215500738	0.519464378617854
-0.537478273204566	0.950732062469898
0.0420722645076522	0.0472816722579286
-0.00587754870812756	0.00646019665331794
0.103777367552642	0.127346109407863
-0.277633280093595	0.398006631917493
-0.828530478971944	1.71146500742912
-0.508925523528788	0.768994656502258
-0.375089615709147	0.403686637590355
-0.895458770455164	1.18675451082835
-0.55017328154708	0.826457734159992
-1.68581760119857	4.41350748902418
-0.662374863966679	0.927526444133516
-0.783713170885281	1.13445868972786
0.166178433291247	1.02437003534415
0.0737022861741301	0.272543463024096
-0.0824162546760493	0.226213302729893
0.118064616736812	0.282761647331188
0.048578512488339	0.0936188660146597
0.132818711978461	0.286389357121736
-0.00190025403597427	0.00292948894645299
-0.0877574871004358	0.144826235518222
0.0703064288744466	0.110358010492166
0.302932211469496	0.566007909836185
0.0411063608534489	0.0588650423666769
-0.227765633900838	0.407692363751427
0.29305847455884	0.473859905038876
-0.563549814789099	1.25925146363877
0.000234352954469081	0.0000950118742881859
-0.20729486737837	0.302336424308584
-0.279080297832707	0.425277401964729
-0.512106631867558	0.932543588122484
-0.286958387297958	0.446037966731374
-0.266325404420027	0.391360785196614
-0.934851619755594	2.01562384193765
-0.891489906737213	1.84626037816173
-0.812456559882379	1.39028947369113
-0.727333079973166	0.885546337330325
-0.637643516777753	0.98813065917994
-0.463784471906881	0.756017403555495
-0.213974142114393	0.236595456482818
-1.13120109315914	1.98817623872567
0.0617564445325477	0.262934657027342
0.00748306988750989	0.0223055809486616
0.00921489648009819	0.020302711399283
0.0536886094218933	0.117118766719486
0.0553448607590128	0.101067922734377
0.28085247439801	0.7083919530197
-0.155260035475676	0.296968566453735
-0.223330937103201	0.396188430846119
0.319592649860191	0.638223003475453
0.668582847457279	2.14660240992838
-0.251104010687535	0.464179043989285
-0.312900018926057	0.524726924252262
-0.557098476644788	1.10345169946733
0.241768114969615	0.312318233816953
-0.258718541278999	0.383919271148261
-0.0522783984465522	0.0683476281658098
0.36913380324026	0.526878395204388
-0.487308980342785	0.736628542086621
-0.574130042260957	1.09274312566736
-0.527707702095759	0.870228667786524
-0.934459246207043	2.01541012595107
0.181501312672072	0.211282351417637
-0.379944970595944	0.298509485749302
-0.364715753465772	0.502923470710766
-0.592340366449825	1.0853368873875
-0.875320185184037	1.63378996272932
0.0680042454115783	0.302941980757528
0.0140406155034518	0.0411785888120019
-0.0723089603607381	0.193877459312774
-0.0276085815298343	0.0562824512009349
-0.184246832602805	0.464598520277619
-0.367037298564647	0.999327589494147
0.294738166535314	0.650700754616629
-0.110707375505239	0.1779946194682
-0.0387072305546084	0.059706841127114
-0.552374583863599	1.43170348130889
-0.159452242421546	0.253988113097148
-0.433491378518526	0.901009435991737
-0.239204132208774	0.359434999785521
-0.298387379898998	0.508442078181224
-0.202450506011179	0.314161855055321
-0.283607798295868	0.444250296618252
-0.271094335530573	0.439602356979223
-0.552233830385398	1.18088944495162
-0.435446636582592	0.636820930581534
-0.961288975586415	2.23893341574806
-0.392670628505135	0.491107531624741
-0.661053858876336	0.988796440841013
-0.438494852814905	0.709452894100635
-0.969122754813752	2.3983515195566
-0.765401539241239	1.52105280563475
-0.601379988308231	0.77236710206194
-0.866797425802802	0.934516456972439
0.0912202272873114	0.411278509595505
-0.0451868566009088	0.148751114548987
-0.00876131454003397	0.0190332350387236
-0.183878108358709	0.477355812978635
0.0936942720965913	0.190602422988938
0.118301084750209	0.200221775826282
-0.140650442262404	0.237366395746683
-0.151554690657393	0.277923785083492
-0.249760803595273	0.481857333993015
-0.0706983506577321	0.0922160742984351
-0.483708883124073	1.09736477526286
-0.835439075397201	1.99893738124849
-0.274896331715191	0.426614544647667
0.108415237529136	0.137932078217308
-0.487049718725548	0.832646625550254
-0.373558116680006	0.647773558326187
-0.288288665775064	0.485541059450152
-0.976236663845707	2.23638862279348
0.166041896289426	0.176821538712164
-0.283290651081881	0.315109996450915
-0.28614310311855	0.257375135194437
0.00892193363588627	0.00864327546731536
-0.348102436852439	0.498622979987781
-0.712147040189297	1.21653872580036
-0.531072362368099	0.524308955088451
-0.38152191959789	0.214696181491542
-0.450240922335884	0.298466041884104
-0.0811326572769935	0.372529186278595
-0.0301832545947818	0.0967328225247523
-0.178772887597972	0.599227419076959
-0.0933317888395953	0.219228606280875
0.0709653902551724	0.133038860404166
0.222786601885844	0.485008883106933
-0.113130680309526	0.227815479366604
0.0781633492902863	0.133110348235691
-0.22580127171863	0.41979400326908
0.305365511723371	0.595053999174785
0.112485698310053	0.153644375903711
-0.278580079724746	0.475641084474784
-0.190349019877099	0.302799908159547
0.0123372290182951	0.0148295130189591
-0.527000545595107	1.02989191884305
-0.288397559890636	0.55311243337819
-0.327877522244681	0.575794612355215
-0.709042225014039	1.50045438203271
-0.614053778417197	1.10690159906687
-0.423286820700014	0.476969021670441
-0.737215467674196	1.6984250336963
-0.528270799242428	1.06677754190107
-0.685500596686526	1.17289303651597
0.0869917241615672	0.412741342351475
0.0387820714336335	0.128648514582439
0.190791096553233	0.648480617057821
-0.258880488759379	0.783636811675686
0.0746508723892718	0.146824766236207
0.156773807278017	0.365281764590459
-0.133516738553238	0.256814408978258
0.299312701018881	0.643379001000886
-0.350669509718656	0.797335186684212
-0.291524262844717	0.493041761675825
0.0466328395340263	0.0610148932398868
-0.340190296262519	0.620913587736617
-0.832440763289751	2.25144300725983
-0.386153562839813	0.700846619869566
-0.281901854440727	0.505538927296688
-0.406723174801519	0.710829627989965
-0.477126528567257	0.881806162964127
-0.975190172411137	2.29286102523025
-0.183929333326784	0.169155337311134
-1.29468698493077	4.12886886273009
-0.266310239942052	0.377402212330314
-0.00191696436932283	0.00174763735023006
-0.967809402467429	1.76284539068577
-0.546133865071608	0.572435301819405
0.0645337380623038	0.280248702150208
-0.0139322254763626	0.0417057359054446
0.381027192958473	1.71104977005125
-0.0229338888242195	0.0443282249898408
-0.035794291023761	0.0701431705062656
-0.0786627549217785	0.147645379898411
0.0846887237632424	0.141434474616892
0.195492086870193	0.383225061373194
-0.272038574369394	0.525525281154038
-0.369842028481188	0.719947339619297
-0.00057644672465322	0.00088514496176631
-0.301499834517091	0.523154173015978
-0.415496190057026	0.86777063828071
-0.777609214419481	2.06113486511814
-1.03690299765617	3.00137091730639
-0.612262866755769	1.39992555800825
-0.699036354938769	1.30615687646469
-0.23449884475459	0.243875328480397
-0.223607062058067	0.31784357017461
-0.607576238086712	1.31874402254701
-0.402388968298039	0.544731445405373
-0.749619473669534	1.32498989059027
0.0245205760349326	0.0931294061390227
-0.113447208085551	0.428611385288771
-0.168330380640556	0.52346363980987
-0.108978307780992	0.275113390034067
-0.206220006276983	0.541608375440751
0.0706339936141564	0.125347387878232
0.193356140276644	0.398995281546013
-0.332271596917302	0.653891317391924
-0.0397594431683656	0.0602817874539404
-0.801258866520552	2.62036290230299
-0.141061507889741	0.211925023730701
-0.343304101154768	0.652816288389107
-0.413520220211765	0.941007639144687
-0.261930818147161	0.480605071612151
-0.810188204902073	2.25458756089885
-0.38639158873666	0.613049448224435
-0.856089510995536	1.3716248664379
-0.681086051557732	1.64716565955175
-0.3845291362674	0.67742621275069
-0.310204916438151	0.441227504757307
-0.689768879735984	1.11889971698746
0.0932422257842409	0.433884475266374
-0.0510111958373349	0.16233042514637
-0.0622130379813265	0.127745506235095
-0.12744335390702	0.241844682110905
-0.299662986024834	0.709819485391992
-0.247744222008317	0.44742672755632
-0.810635417766805	2.48701765067165
-0.369365151366289	0.726013463805324
-0.391342673796928	0.749712164537416
-0.595732739803502	1.49826565654642
-0.404874338190343	0.761041413611497
-1.1587008408637	3.662257251335
-0.695193370251754	1.29505069385268
-0.465562621538924	0.657196659826988
-0.674581805581432	1.52174413258926
-0.934805046077428	2.57949582500721
0.159668990776107	0.184613352603382
-0.319197737181331	0.412901186406011
-0.354319697175401	1.09678262287804
-0.230619197196256	0.473586819995123
-0.734916474269169	2.43834782149251
-0.143086195460093	0.239183038234399
-0.732466929599139	2.495344479117
-0.161784737480807	0.274643287775273
-0.839335117432884	2.77371852022587
-1.15472867964084	4.06573654811855
-0.618936494391074	1.16591057564858
-1.64234049614432	3.95998864780101
-1.01489351501468	3.07658897777559
-0.201285607615354	0.321747622909453
-0.231236711897265	0.31825442937907
-0.561005643985555	0.895633071939607
-0.464972758133753	1.58516145128707
-0.171330645822906	0.385739855993072
-0.24657765792884	0.634140155725054
-0.512638103360724	1.59880504742654
-0.442306241024228	1.19011723886289
-0.446982174370832	1.33571342890206
-0.294094373991735	0.620896738182915
-0.824493692324994	3.0071482100987
-0.571844561057047	1.41153067979753
-0.821060792774784	1.84911866968771
-0.651340689082703	1.75687934729648
-0.325884965794581	0.735567188140324
0.180267512669632	0.261813246601995
-0.0701791569641717	0.0814840920988189
-0.24514712338355	0.929356470683452
-0.344637615261253	1.18561237804054
-0.116433656033398	0.269635439824051
-0.129671960021091	0.297400517674798
0.0560887875533603	0.0999652696088393
-0.0992770625349908	0.19225585958571
-0.149437103808142	0.287685593677958
-0.485761947030945	1.34652605108908
-0.721243006849874	2.49723785249253
-0.991375028749057	3.76114265342148
-0.556060864543879	1.00482680040527
-0.693163671650793	2.03942648261833
-0.158243805297348	0.266262204824211
-0.383163794615708	0.654273685231842
0.0129086877082282	0.0132329688660429
-0.263413532496576	0.773236230451752
0.0917892767122104	0.195569376238947
-0.224968971420392	0.534229651980163
-0.42267453457037	1.15298796424406
-0.521730609749111	1.53583680414024
-0.091989944533619	0.147381913628288
-1.10925971725462	4.50644077874082
-0.404846326832687	0.912365318970752
-0.401333785996874	0.588663717511522
-0.830432781430398	2.79227586185127
-0.29363018414157	0.566780419288932
-0.0574926387018975	0.0712118303458396
-0.147298712770666	0.169202317823539
-0.113226656649925	0.097364000407028
-0.596431609551673	0.73433840829247
-0.357749463640241	1.37892626625015
-0.530106362433741	2.24940299105949
-0.385334425082864	1.18681202137351
-0.451060804278002	1.49049055683801
-0.492706646222136	1.42812077089143
-0.300689683666916	0.667612993418797
-0.602750282907179	1.51567933215494
-1.09937167170298	2.72897416720694
-0.856283309484888	3.05344033127723
-0.411584198637802	1.08419368499989
-0.451467081152509	0.911244506840537
0.100681594713379	0.124149614098241
-0.435140571587175	0.51189952672502
-0.476640449505307	1.95280012177149
-0.183847511751469	0.435678527291116
-0.187550434193855	0.448209931010864
-0.411510145594089	1.11131909891862
-0.560270615565808	1.68842348091413
-0.61221645540305	1.56971115341961
-0.751399824435747	1.32983954550491
-0.312394299851214	0.678511671083571
-0.274798907090762	0.532494312164737
0.0411003808772404	0.0393267774382385
-0.0948130701504278	0.075860652512243
-0.328706029061774	1.10063685717566
-0.4770703780582	1.7337925998753
-0.759398266159138	3.18493022288025
-0.696687142487039	1.60822197839659
-0.238557161548508	0.974457205132569
-0.254667823317574	0.787882074015823
-0.382045015569754	1.51362635131238
