x	y
0.68720832635001	0.320760804366966
0.957461191854986	0.254126256439643
0.173940988172143	0.0437550114519682
0.159251072645633	0.0298673857617753
0.155282002123357	0.02934225636165
-2.57447078703937	0.657780381714024
-1.7975657981284	0.379599665892429
0.957025852492456	0.254006696314478
-1.7975657981284	0.379599665892429
1.95879552552655	0.437985228139192
2.75805496536761	0.766752929661107
0.157971563808893	0.0296806747786729
-1.7975657981284	0.379599665892429
0.956021254579335	0.253830462538477
0.159251072645633	0.0298673857617753
-2.57447078703937	0.657780381714024
-2.57472877667238	0.65760345889815
2.7590679263751	0.76692961097815
1.95879552552655	0.437985228139192
1.95793128711136	0.437766051086387
-0.621333103088639	0.151104040920032
1.95793128711136	0.437766051086387
0.957461191854986	0.254126256439643
0.15823182603157	0.0297179405544109
-1.7975657981284	0.379599665892429
1.95793128711136	0.437766051086387
-1.7975657981284	0.379599665892429
-0.3395018260887	0.0972061822975938
-1.80127875869	0.380587746892248
-1.7975657981284	0.379599665892429
-1.79763019308962	0.379603777700996
1.95879552552655	0.437985228139192
0.159251072645633	0.0298673857617753
1.95793128711136	0.437766051086387
1.96141436018454	0.438711417164155
1.95793128711136	0.437766051086387
1.46265753359042	0.48460907431551
2.75704467106166	0.766025498669684
0.955450516302873	0.253599562429476
-2.57447078703937	0.657780381714024
-0.338530582329419	0.0969729638077002
-1.79763019308962	0.379603777700996
0.157971563808893	0.0296806747786729
-1.79763019308962	0.379603777700996
-2.57472877667238	0.65760345889815
-0.340593087152544	0.0975352685660813
1.95793128711136	0.437766051086387
2.75805496536761	0.766752929661107
2.76095211479574	0.768066673537379
1.83162438273742	0.716000775412828
1.04210966752671	0.393840140799123
-0.620473624670499	0.150917804175241
0.82625387160176	0.347107129604409
1.95793128711136	0.437766051086387
0.16190498991222	0.0302625824147867
-2.57421277656498	0.657506382974291
1.95793128711136	0.437766051086387
1.95879552552655	0.437985228139192
1.95793128711136	0.437766051086387
3.26835783601252	1.12163011968705
-1.7975657981284	0.379599665892429
1.96141436018454	0.438711417164155
1.95879552552655	0.437985228139192
1.95793128711136	0.437766051086387
1.95793128711136	0.437766051086387
0.16190498991222	0.0302625824147867
-0.621784192774111	0.151338791569665
-1.82278415867688	0.739928845893393
-0.213887346146808	0.0689012281325662
-0.61946410648704	0.150698865008898
-2.57447078703937	0.657780381714024
3.27528390840561	1.12443907352294
0.956021254579335	0.253830462538477
-0.620326325745573	0.150885642821786
0.15823182603157	0.0297179405544109
1.04272737841263	0.394268038065867
0.163830930776267	0.0486854133663851
1.95793128711136	0.437766051086387
-1.80127875869	0.380587746892248
-1.79763019308962	0.379603777700996
-1.7975657981284	0.379599665892429
0.956455214607419	0.253949648163622
-1.79763019308962	0.379603777700996
-0.620903335937371	0.151058535991718
0.158989511121608	0.0298299152293259
-1.7975657981284	0.379599665892429
-2.57421277656498	0.657506382974291
0.173940988172143	0.0437550114519682
1.95879552552655	0.437985228139192
2.76095211479574	0.768066673537379
-0.619895187822925	0.150839789138775
0.157971563808893	0.0296806747786729
0.158989511121608	0.0298299152293259
1.95793128711136	0.437766051086387
2.7590679263751	0.76692961097815
1.95793128711136	0.437766051086387
1.95793128711136	0.437766051086387
-1.79763019308962	0.379603777700996
0.15823182603157	0.0297179405544109
1.95793128711136	0.437766051086387
0.955017933589342	0.253480850166851
1.95879552552655	0.437985228139192
0.157971563808893	0.0296806747786729
-2.57447078703937	0.657780381714024
0.157971563808893	0.0296806747786729
1.95879552552655	0.437985228139192
1.95793128711136	0.437766051086387
1.95793128711136	0.437766051086387
2.7590679263751	0.76692961097815
-3.07793266340176	0.957013587093989
-3.07836047129561	0.956774727997911
-1.79763019308962	0.379603777700996
2.75805496536761	0.766752929661107
1.95879552552655	0.437985228139192
-1.7975657981284	0.379599665892429
-1.7975657981284	0.379599665892429
-1.79763019308962	0.379603777700996
-1.7975657981284	0.379599665892429
-3.08203891306948	0.959069086853276
-0.212943202203746	0.0686370682572926
-3.75288411079685	1.47718399320021
-2.57447078703937	0.657780381714024
-0.334465167213362	0.0958562903993202
3.26630303248094	1.12023058934939
-2.57472877667238	0.65760345889815
-1.7975657981284	0.379599665892429
-1.79763019308962	0.379603777700996
0.173940988172143	0.0437550114519682
1.4604038372023	0.483769829709272
0.164738242561747	0.0490009495728858
-0.216657809109618	0.0697687117469907
3.93397258257213	1.72120776019779
0.956021254579335	0.253830462538477
3.26835783601252	1.12163011968705
1.95879552552655	0.437985228139192
1.95879552552655	0.437985228139192
0.158989511121608	0.0298299152293259
1.95879552552655	0.437985228139192
0.15823182603157	0.0297179405544109
0.16190498991222	0.0302625824147867
1.95879552552655	0.437985228139192
1.95879552552655	0.437985228139192
0.17294827606403	0.0435260072159332
1.46455689811314	0.485225385720349
2.76095211479574	0.768066673537379
2.75704467106166	0.766025498669684
1.46209127003869	0.484377128190959
0.675232747867266	0.213789953820415
1.95879552552655	0.437985228139192
-0.620903335937371	0.151058535991718
0.956021254579335	0.253830462538477
1.3304117173365	0.579951806427702
1.96141436018454	0.438711417164155
1.95793128711136	0.437766051086387
0.956455214607419	0.253949648163622
0.158989511121608	0.0298299152293259
3.26835783601252	1.12163011968705
1.95879552552655	0.437985228139192
-0.620903335937371	0.151058535991718
-1.50922180218546	0.535188573690381
0.539860130057183	0.19347257336536
-3.07707720857862	0.956361112132394
-1.79763019308962	0.379603777700996
1.46265753359042	0.48460907431551
-1.7975657981284	0.379599665892429
0.955017933589342	0.253480850166851
2.7590679263751	0.76692961097815
2.75805496536761	0.766752929661107
-0.526561140910557	0.19905394165146
0.154259314455831	0.0291924198815566
0.178378460373537	0.04470234426639
-1.79763019308962	0.379603777700996
-1.7975657981284	0.379599665892429
-1.79763019308962	0.379603777700996
-3.08203891306948	0.959069086853276
0.159251072645633	0.0298673857617753
-2.57447078703937	0.657780381714024
-0.717804035722151	0.245206559878684
0.15823182603157	0.0297179405544109
-1.7975657981284	0.379599665892429
0.159251072645633	0.0298673857617753
-0.625630686390319	0.152156798395567
0.163853552605343	0.0487595972376143
0.454485395539984	0.182519969842576
-0.220012614431353	0.0708340703939625
1.78599007914645	0.996994253232233
1.08594238936362	0.668365290589252
1.95879552552655	0.437985228139192
1.95879552552655	0.437985228139192
0.158989511121608	0.0298299152293259
0.159251072645633	0.0298673857617753
0.157971563808893	0.0296806747786729
1.95793128711136	0.437766051086387
0.154259314455831	0.0291924198815566
0.162171049505848	0.0303007576998756
0.157971563808893	0.0296806747786729
2.75805496536761	0.766752929661107
0.1677792397568	0.0498341730879395
0.162171049505848	0.0303007576998756
1.95879552552655	0.437985228139192
0.159251072645633	0.0298673857617753
0.955450516302873	0.253599562429476
1.95879552552655	0.437985228139192
-0.624183598429151	0.151840837481169
-0.620473624670499	0.150917804175241
0.956021254579335	0.253830462538477
0.157971563808893	0.0296806747786729
0.158687948318654	0.0472850694532285
-0.213543270792488	0.0687986075063655
0.173940988172143	0.0437550114519682
-0.616620021012413	0.150099962492625
0.157971563808893	0.0296806747786729
-1.7975657981284	0.379599665892429
3.27424476347588	1.12391188707828
0.154259314455831	0.0291924198815566
3.27129205644114	1.12317050813274
0.15823182603157	0.0297179405544109
-1.7975657981284	0.379599665892429
-1.7975657981284	0.379599665892429
-2.57447078703937	0.657780381714024
0.159251072645633	0.0298673857617753
0.159251072645633	0.0298673857617753
-0.719307886400812	0.245829792820617
0.956021254579335	0.253830462538477
0.16190498991222	0.0302625824147867
-1.01822870012939	0.401639644709784
-1.7975657981284	0.379599665892429
1.95879552552655	0.437985228139192
-0.337924641037297	0.0968088152153293
-0.397045882475609	0.165343492828885
1.82851727583204	0.714435845516616
0.607999040113574	0.318916069592101
0.529918814853225	0.189819007683608
0.161460812920862	0.048044569646078
0.162171049505848	0.0303007576998756
0.955017933589342	0.253480850166851
1.95879552552655	0.437985228139192
1.96141436018454	0.438711417164155
0.159251072645633	0.0298673857617753
1.46498308680977	0.485505347800691
-0.620903335937371	0.151058535991718
0.158989511121608	0.0298299152293259
-1.80127875869	0.380587746892248
1.95793128711136	0.437766051086387
1.46010735547628	0.483457516052687
0.148364367533412	0.0502983007600852
0.149173995582458	0.0505642485186703
0.163853552605343	0.0487595972376143
0.159251072645633	0.0298673857617753
2.76095211479574	0.768066673537379
1.95793128711136	0.437766051086387
0.159251072645633	0.0298673857617753
-3.08160228540496	0.95864568534502
1.95879552552655	0.437985228139192
-0.34307485466429	0.0982470421897248
0.535308159768992	0.19186644934071
1.78360454245044	0.995014608352168
0.16323818852145	0.0485873708307168
1.07359982425497	0.519417428828948
1.46109938210879	0.484014060767982
-3.08203891306948	0.959069086853276
-0.621333103088639	0.151104040920032
1.95793128711136	0.437766051086387
-2.57472877667238	0.65760345889815
0.15823182603157	0.0297179405544109
2.75704467106166	0.766025498669684
0.955017933589342	0.253480850166851
0.159251072645633	0.0298673857617753
-2.57447078703937	0.657780381714024
0.159251072645633	0.0298673857617753
-1.7975657981284	0.379599665892429
-1.79763019308962	0.379603777700996
-1.79763019308962	0.379603777700996
-1.79763019308962	0.379603777700996
-1.7975657981284	0.379599665892429
1.4613936654743	0.484011457273747
0.158989511121608	0.0298299152293259
-0.343686146411719	0.0983921171207581
-3.08616775699942	0.960575893787374
-1.79763019308962	0.379603777700996
-2.57847696185857	0.659529736545688
0.956455214607419	0.253949648163622
1.04603323538674	0.395528149844171
-0.620326325745573	0.150885642821786
-1.13282069800183	0.341231258763963
-0.339136742629042	0.0971078731889835
-0.715034146888943	0.244213254744201
-1.79763019308962	0.379603777700996
-0.625630686390319	0.152156798395567
1.95879552552655	0.437985228139192
1.95793128711136	0.437766051086387
0.955017933589342	0.253480850166851
0.956021254579335	0.253830462538477
1.95879552552655	0.437985228139192
0.157971563808893	0.0296806747786729
1.95793128711136	0.437766051086387
-0.625191995446008	0.152059991852936
0.955017933589342	0.253480850166851
0.17294827606403	0.0435260072159332
1.46308301616168	0.484563679444736
0.174503749901052	0.0438676710334476
0.955017933589342	0.253480850166851
2.7590679263751	0.76692961097815
0.159251072645633	0.0298673857617753
-1.79763019308962	0.379603777700996
0.17351044503084	0.0436385160120603
-2.57447078703937	0.657780381714024
1.46455689811314	0.485225385720349
0.151889703183871	0.0514338266751557
0.176113840866569	0.0441531244194344
-2.06503800706302	0.936339193932813
-1.0213509823134	0.403162852904808
0.172385921068679	0.0433875285709768
0.158989511121608	0.0298299152293259
0.952729371406254	0.252945498225285
1.95793128711136	0.437766051086387
1.46654605141329	0.485981855384374
0.955450516302873	0.253599562429476
1.95879552552655	0.437985228139192
2.75704467106166	0.766025498669684
2.75704467106166	0.766025498669684
-1.79763019308962	0.379603777700996
-1.79763019308962	0.379603777700996
-1.7975657981284	0.379599665892429
-1.7975657981284	0.379599665892429
-0.621784192774111	0.151338791569665
-1.79763019308962	0.379603777700996
0.15823182603157	0.0297179405544109
0.955017933589342	0.253480850166851
1.96141436018454	0.438711417164155
1.95793128711136	0.437766051086387
0.15823182603157	0.0297179405544109
0.15823182603157	0.0297179405544109
-1.7975657981284	0.379599665892429
0.159251072645633	0.0298673857617753
-2.57447078703937	0.657780381714024
0.157971563808893	0.0296806747786729
-1.7975657981284	0.379599665892429
-1.7975657981284	0.379599665892429
1.95793128711136	0.437766051086387
-3.07750490916701	0.956880231933195
-1.7975657981284	0.379599665892429
-0.337924641037297	0.0968088152153293
0.675591354383564	0.213968352567141
0.673656731319726	0.21327169490293
1.82851727583204	0.714435845516616
0.154081774580399	0.0521624398881256
-0.216063671871124	0.0695794401283131
1.26252031070407	0.882412018426886
-0.762663850038628	0.330792072538344
1.27744308109646	0.703546895125155
3.93619624132367	1.72285510420218
-3.75779539313074	1.48038803127513
-1.79763019308962	0.379603777700996
0.956021254579335	0.253830462538477
1.95793128711136	0.437766051086387
1.46265753359042	0.48460907431551
0.956021254579335	0.253830462538477
0.157809365437772	0.0470462908960921
1.46109938210879	0.484014060767982
0.956455214607419	0.253949648163622
1.95793128711136	0.437766051086387
0.17351044503084	0.0436385160120603
-0.621333103088639	0.151104040920032
0.157971563808893	0.0296806747786729
1.95879552552655	0.437985228139192
1.95879552552655	0.437985228139192
-0.620903335937371	0.151058535991718
-2.076562498299	0.94388365051003
-0.392278057175622	0.163402162916292
-1.46568570391317	1.01940010185986
-0.711087963718442	0.24267095162066
0.149666584584426	0.057386385337034
0.823396795288853	0.345498381775943
1.95879552552655	0.437985228139192
0.959865181244613	0.254814612498812
1.04272737841263	0.394268038065867
0.159251072645633	0.0298673857617753
1.95793128711136	0.437766051086387
1.96141436018454	0.438711417164155
-1.7975657981284	0.379599665892429
-0.617055950695462	0.150241664375452
-0.620473624670499	0.150917804175241
1.46209127003869	0.484377128190959
0.678685727410979	0.214982042405379
0.158989511121608	0.0298299152293259
0.1732138890056	0.0435401196761172
0.158989511121608	0.0298299152293259
0.15823182603157	0.0297179405544109
1.46109938210879	0.484014060767982
-3.07750490916701	0.956880231933195
0.175496922320134	0.0440701137079318
3.26835783601252	1.12163011968705
0.159251072645633	0.0298673857617753
1.96141436018454	0.438711417164155
0.15823182603157	0.0297179405544109
-3.07793266340176	0.957013587093989
0.178378460373537	0.04470234426639
-0.779786843030118	0.339441235647642
-1.12881513859764	0.339906487322227
0.40128520889548	0.181574932992367
1.04577073722875	0.395582052714565
0.956455214607419	0.253949648163622
-2.57421277656498	0.657506382974291
0.164738242561747	0.0490009495728858
1.78930214993351	0.999712925648805
-0.395576056680887	0.164799016115278
-1.59301914414521	1.22080154455285
0.70448380673729	0.330577084858224
-0.385108110020622	0.160048252995175
-0.723495739913315	0.247436366504984
-0.71869462645605	0.245625159522256
-0.625630686390319	0.152156798395567
-3.07836047129561	0.956774727997911
0.162171049505848	0.0303007576998756
0.15823182603157	0.0297179405544109
2.75805496536761	0.766752929661107
1.95793128711136	0.437766051086387
0.178378460373537	0.04470234426639
0.957461191854986	0.254126256439643
2.75805496536761	0.766752929661107
0.154259314455831	0.0291924198815566
1.4655515469736	0.485738470948645
3.26835783601252	1.12163011968705
0.157971563808893	0.0296806747786729
-0.335438661955823	0.0961186879895653
-0.617055950695462	0.150241664375452
-1.02671683891162	0.40581238098729
-0.620903335937371	0.151058535991718
-0.216657809109618	0.0697687117469907
0.52849022154644	0.189177901504486
-0.484249064737132	0.254052854966018
0.158814030193091	0.0771133194798548
-1.59789083297049	1.22684890463107
0.177812920485068	0.0445891130396879
1.96141436018454	0.438711417164155
2.7590679263751	0.76692961097815
1.95879552552655	0.437985228139192
1.95793128711136	0.437766051086387
0.155282002123357	0.02934225636165
0.159251072645633	0.0298673857617753
-1.12725353624624	0.339405023147411
-0.517264023236703	0.195228260106643
-1.79763019308962	0.379603777700996
0.52968127803567	0.189632310501113
-0.620903335937371	0.151058535991718
0.176253051776925	0.0442319878724308
0.15823182603157	0.0297179405544109
0.52849022154644	0.189177901504486
-0.71869462645605	0.245625159522256
0.163853552605343	0.0487595972376143
-3.45284250285449	1.22194559695964
-0.620903335937371	0.151058535991718
0.173940988172143	0.0437550114519682
1.95793128711136	0.437766051086387
0.960305402281055	0.254935680101795
1.95879552552655	0.437985228139192
0.670081697347895	0.212111377241056
-0.150478601161076	0.053750303379393
0.159251072645633	0.0298673857617753
0.172385921068679	0.0433875285709768
-0.337318918589577	0.0966140796949229
0.674264818482823	0.213402910671394
-3.4565767152091	1.22430361707387
1.82948417010899	0.714838990299682
1.46109938210879	0.484014060767982
-1.7975657981284	0.379599665892429
-3.07750490916701	0.956880231933195
0.157971563808893	0.0296806747786729
-1.12837428626612	0.339637586745731
0.15823182603157	0.0297179405544109
-1.79763019308962	0.379603777700996
-0.724110175343364	0.247660897147714
2.11780862301852	0.945248734413775
0.669467631715225	0.211908752948447
0.160181680996089	0.0476913583633166
2.5647002899395	1.42082936204324
-0.34307485466429	0.0982470421897248
-0.33816613121491	0.0968120886418528
-0.619895187822925	0.150839789138775
1.82816209415628	0.714241631039221
0.173378039987466	0.0436162262322836
0.956021254579335	0.253830462538477
0.157007711765635	0.053125881526133
-1.51912822307193	0.53933700716578
0.678074042401891	0.214702481365457
-1.50694617487396	0.533975869850246
-0.620473624670499	0.150917804175241
-0.620903335937371	0.151058535991718
0.158426007238141	0.0472279903538101
1.95793128711136	0.437766051086387
1.46010735547628	0.483457516052687
-1.12379649940684	0.33819735561451
1.95793128711136	0.437766051086387
3.26732978575294	1.1211772426211
3.26938718630885	1.12163262119223
2.75704467106166	0.766025498669684
0.159251072645633	0.0298673857617753
0.674143348272808	0.213431626689393
2.76095211479574	0.768066673537379
0.162171049505848	0.0303007576998756
1.95793128711136	0.437766051086387
-1.79763019308962	0.379603777700996
0.154259314455831	0.0291924198815566
-3.08160228540496	0.95864568534502
-2.57847696185857	0.659529736545688
1.95879552552655	0.437985228139192
-0.619895187822925	0.150839789138775
-2.57447078703937	0.657780381714024
3.27232628525746	1.12331698634376
-3.45228414088993	1.22181665198441
1.46654605141329	0.485981855384374
0.956021254579335	0.253830462538477
0.15823182603157	0.0297179405544109
1.46789226342383	0.486336319771629
-0.620903335937371	0.151058535991718
1.95793128711136	0.437766051086387
0.174370024960364	0.0438183729016174
-0.218874322777729	0.10891526612488
0.1732138890056	0.0435401196761172
-1.13338534815793	0.341498686250824
0.173940988172143	0.0437550114519682
-0.61946410648704	0.150698865008898
-3.08203891306948	0.959069086853276
0.669117736352227	0.211726956826849
-3.07707720857862	0.956361112132394
-0.149915159045215	0.0535975402652961
1.46265753359042	0.48460907431551
-0.624623675797245	0.151937920429117
-0.619895187822925	0.150839789138775
0.956455214607419	0.253949648163622
-1.13238809108681	0.341172314702962
2.75805496536761	0.766752929661107
3.27025913837768	1.12233669524588
0.174370024960364	0.0438183729016174
-0.145998858470167	0.0521932143692289
-3.45714001185249	1.22455064732533
0.162352652580513	0.0483303505238246
1.45750864016971	0.482642955020513
-1.51042707521765	0.53568486067596
-1.50512968650064	0.533411802331246
-3.45714001185249	1.22455064732533
3.26732978575294	1.1211772426211
-0.620473624670499	0.150917804175241
3.64405193165419	1.43312407887711
0.159251072645633	0.0298673857617753
-0.766207907419173	0.33246398143222
0.677716162542668	0.214611870267994
0.15357905718361	0.0520023014569825
0.678074042401891	0.214702481365457
0.157971563808893	0.0296806747786729
0.159190175417772	0.0538236405320066
1.95879552552655	0.437985228139192
0.951724523631597	0.252769110062367
0.818179749289425	0.34304118495458
1.83223894779093	0.716336716062103
-0.144419938894036	0.0516441997824019
1.04033415471618	0.393059276990575
0.163216121532018	0.0485245766457704
0.959294652844364	0.254663957360155
1.82710265989491	0.713711178135864
0.162968126753743	0.0485024678975847
0.164122988767051	0.0488286730136595
0.159251072645633	0.0298673857617753
0.168774858509076	0.0425819447497206
1.95793128711136	0.437766051086387
0.158989511121608	0.0298299152293259
-3.07750490916701	0.956880231933195
0.158989511121608	0.0298299152293259
0.16190498991222	0.0302625824147867
0.174370024960364	0.0438183729016174
0.674624067917918	0.213658555919133
-3.07793266340176	0.957013587093989
0.954564259091026	0.253482299647149
-1.79763019308962	0.379603777700996
-2.57421277656498	0.657506382974291
-1.79763019308962	0.379603777700996
-1.12837428626612	0.339637586745731
0.956021254579335	0.253830462538477
-0.620903335937371	0.151058535991718
0.678327026073525	0.214743904761834
0.174503749901052	0.0438676710334476
0.15823182603157	0.0297179405544109
0.670081697347895	0.212111377241056
1.04210966752671	0.393840140799123
2.75805496536761	0.766752929661107
-3.45284250285449	1.22194559695964
-0.619895187822925	0.150839789138775
0.951724523631597	0.252769110062367
-1.79763019308962	0.379603777700996
0.159251072645633	0.0298673857617753
-1.79763019308962	0.379603777700996
-1.79763019308962	0.379603777700996
3.64101793434512	1.43134239135362
2.11608899731542	0.944050734800592
0.174503749901052	0.0438676710334476
0.17738312662749	0.0444846964186047
0.957025852492456	0.254006696314478
0.960305402281055	0.254935680101795
-1.03689826097007	0.41042984913235
0.819227685269736	0.343693096468269
-0.339366328033743	0.0972003539018668
-2.57847696185857	0.659529736545688
1.83223894779093	0.716336716062103
1.04515347900522	0.395153426226023
-1.0275611383961	0.406046323242829
-1.12769593434811	0.339436368028373
0.172223255009213	0.0433240097489323
-1.50573496603534	0.533703959061235
-0.141699082635289	0.0507192347670775
0.159251072645633	0.0298673857617753
1.4655515469736	0.485738470948645
0.152453062620175	0.0516328700929256
0.960305402281055	0.254935680101795
-1.7975657981284	0.379599665892429
-0.771691513742003	0.335443022402567
-1.02050258479106	0.402614988151568
-0.716259781908703	0.244657557065158
0.157259696796029	0.0532031124835433
0.53471313464826	0.191636123836102
-1.81200943037821	0.734241478143734
0.157971563808893	0.0296806747786729
-0.33507409718716	0.0959919997809414
-2.28221715774755	1.14933615358638
-1.12725353624624	0.339405023147411
0.958855818540361	0.254543321351908
0.533034126671957	0.190984669183042
1.04510594650726	0.394980612745183
-0.617055950695462	0.150241664375452
-0.619895187822925	0.150839789138775
0.154259314455831	0.0291924198815566
0.157971563808893	0.0296806747786729
0.169762747888229	0.0427831084845497
0.161460812920862	0.048044569646078
-3.76212830237287	1.4828021686528
-2.57472877667238	0.65760345889815
0.532438411561851	0.190754397880712
0.174370024960364	0.0438183729016174
0.674264818482823	0.213402910671394
3.93297854230234	1.72057752612902
1.46209127003869	0.484377128190959
0.675232747867266	0.213789953820415
1.82851727583204	0.714435845516616
-0.335438661955823	0.0961186879895653
1.32813102430531	0.578875818998384
0.15823182603157	0.0297179405544109
0.177247192199527	0.0444492499698682
0.671045597340039	0.212419421287662
0.157809365437772	0.0470462908960921
1.46265753359042	0.48460907431551
0.174370024960364	0.0438183729016174
1.46209127003869	0.484377128190959
-0.620903335937371	0.151058535991718
-3.45228414088993	1.22181665198441
0.173378039987466	0.0436162262322836
-1.7975657981284	0.379599665892429
1.46265753359042	0.48460907431551
-2.57421277656498	0.657506382974291
-0.334830546749113	0.0959542136262779
-0.616620021012413	0.150099962492625
1.95793128711136	0.437766051086387
0.673656731319726	0.21327169490293
-2.06589848871781	0.936900543147092
0.157971563808893	0.0296806747786729
0.956455214607419	0.253949648163622
0.679297187320958	0.21511425797511
-0.616620021012413	0.150099962492625
1.46209127003869	0.484377128190959
1.95793128711136	0.437766051086387
0.958855818540361	0.254543321351908
-1.50982433145335	0.535480148233091
-0.146671241838456	0.0524820954965394
2.75805496536761	0.766752929661107
0.176818183184722	0.0443715906559113
2.76095211479574	0.768066673537379
0.155282002123357	0.02934225636165
-1.79763019308962	0.379603777700996
-1.79763019308962	0.379603777700996
-1.7975657981284	0.379599665892429
-1.7975657981284	0.379599665892429
0.173378039987466	0.0436162262322836
-3.07707720857862	0.956361112132394
-2.57447078703937	0.657780381714024
-0.338530582329419	0.0969729638077002
-1.79763019308962	0.379603777700996
-3.07707720857862	0.956361112132394
-1.7975657981284	0.379599665892429
-2.57447078703937	0.657780381714024
0.673177180799231	0.213063750844139
-1.02671683891162	0.40581238098729
-0.338530582329419	0.0969729638077002
-2.57472877667238	0.65760345889815
-0.778685596548827	0.423343746828921
0.17351044503084	0.0436385160120603
-0.620326325745573	0.150885642821786
-0.984859269726089	0.48796239854525
0.149173995582458	0.0505642485186703
-2.57421277656498	0.657506382974291
-0.617055950695462	0.150241664375452
0.176818183184722	0.0443715906559113
1.46209127003869	0.484377128190959
0.675591354383564	0.213968352567141
1.46265753359042	0.48460907431551
-0.146282635967707	0.0522900631456069
-1.13182284417153	0.340904867919198
-3.45770349111026	1.22440023898504
-0.712311793750735	0.243113590297176
0.534470172870219	0.191495164180491
0.163583337686415	0.0486596187400795
-1.79763019308962	0.379603777700996
0.158989511121608	0.0298299152293259
0.955450516302873	0.253599562429476
-2.57472877667238	0.65760345889815
-0.620903335937371	0.151058535991718
0.831264102402323	0.349295716744597
-2.06977352534937	0.939684536075736
-0.337924641037297	0.0968088152153293
-0.216409245079586	0.0696890647462961
-1.27320878623511	0.571826806588651
-4.22058211144075	1.97536904202371
2.75805496536761	0.766752929661107
-0.343432234206214	0.0982903961052269
-3.45228414088993	1.22181665198441
-0.625191995446008	0.152059991852936
-0.724110175343364	0.247660897147714
-1.13698868821346	0.342607629634493
-0.624183598429151	0.151840837481169
3.26835783601252	1.12163011968705
-2.57447078703937	0.657780381714024
-0.625191995446008	0.152059991852936
1.95879552552655	0.437985228139192
-2.57847696185857	0.659529736545688
0.173940988172143	0.0437550114519682
0.159251072645633	0.0298673857617753
0.17738312662749	0.0444846964186047
0.679042954927262	0.214964314584285
1.83162438273742	0.716000775412828
0.153016180557848	0.051821004050093
-0.338896474896558	0.0970421752101679
0.173940988172143	0.0437550114519682
-0.517825107309169	0.195474359908123
-1.12769593434811	0.339436368028373
0.15163725378301	0.0513522427960234
0.959865181244613	0.254814612498812
0.157971563808893	0.0296806747786729
0.159251072645633	0.0298673857617753
-1.12825544522804	0.339732258677114
0.674624067917918	0.213658555919133
1.95879552552655	0.437985228139192
-2.57447078703937	0.657780381714024
-3.08203891306948	0.959069086853276
1.95879552552655	0.437985228139192
-3.07750490916701	0.956880231933195
0.955017933589342	0.253480850166851
-0.619895187822925	0.150839789138775
3.26732978575294	1.1211772426211
-3.07750490916701	0.956880231933195
-2.57421277656498	0.657506382974291
-1.7975657981284	0.379599665892429
1.46498308680977	0.485505347800691
3.27129205644114	1.12317050813274
1.46265753359042	0.48460907431551
-1.7975657981284	0.379599665892429
-1.12825544522804	0.339732258677114
0.15823182603157	0.0297179405544109
-1.7975657981284	0.379599665892429
-1.7975657981284	0.379599665892429
2.75805496536761	0.766752929661107
-2.57421277656498	0.657506382974291
-2.57472877667238	0.65760345889815
-0.624183598429151	0.151840837481169
2.7590679263751	0.76692961097815
1.95879552552655	0.437985228139192
-1.12937501458112	0.339964434622374
-1.79763019308962	0.379603777700996
0.154259314455831	0.0291924198815566
-1.7975657981284	0.379599665892429
-0.61946410648704	0.150698865008898
-1.27238367185372	0.571130757873106
0.166260955203852	0.0493457353508282
0.173940988172143	0.0437550114519682
1.83162438273742	0.716000775412828
0.447996914446478	0.17968538770428
-0.34307485466429	0.0982470421897248
-0.333856458330646	0.0956917261764247
0.679297187320958	0.21511425797511
0.17294827606403	0.0435260072159332
2.11696526038276	0.944641047228561
-1.79763019308962	0.379603777700996
2.76197196120423	0.768541369225187
-3.75168277240236	1.47633842923476
-1.80127875869	0.380587746892248
1.33460347604402	0.582347430988149
-0.335438661955823	0.0961186879895653
0.446913247781489	0.179197436924564
1.46109938210879	0.484014060767982
0.674015164989584	0.213380808783075
-0.629952122229771	0.153143156080765
1.46209127003869	0.484377128190959
0.148364367533412	0.0502983007600852
1.46209127003869	0.484377128190959
-3.46146192307772	1.22662947407805
1.04665020030324	0.395956904990197
0.164738242561747	0.0490009495728858
1.46067242606004	0.483688692701864
0.158989511121608	0.0298299152293259
-1.03269742121009	0.408607765317193
0.173940988172143	0.0437550114519682
0.52764029394331	0.188938300410242
-0.715646834778114	0.244453295526364
-1.12669343566207	0.339109154533815
0.172385921068679	0.0433875285709768
-1.81262047956212	0.734554727038592
0.15823182603157	0.0297179405544109
0.159251072645633	0.0298673857617753
-1.13338534815793	0.341498686250824
0.157971563808893	0.0296806747786729
-2.57821111666453	0.659475059970799
-3.45172595803352	1.22146685013561
1.46209127003869	0.484377128190959
2.76095211479574	0.768066673537379
0.158989511121608	0.0298299152293259
-0.620903335937371	0.151058535991718
0.17738312662749	0.0444846964186047
0.956021254579335	0.253830462538477
0.534471951018738	0.19143913325364
0.951724523631597	0.252769110062367
1.95793128711136	0.437766051086387
1.45750864016971	0.482642955020513
1.95879552552655	0.437985228139192
2.11869185323705	0.945764565994132
-0.339979595307007	0.0973896500376519
0.957461191854986	0.254126256439643
-1.80127875869	0.380587746892248
-0.723840071113924	0.247402192075027
-0.218924327489335	0.0705078780993664
0.957025852492456	0.254006696314478
3.27528390840561	1.12443907352294
0.15823182603157	0.0297179405544109
-0.724110175343364	0.247660897147714
0.162171049505848	0.0303007576998756
0.160181680996089	0.0476913583633166
1.06956203261337	0.516936934630967
1.82948417010899	0.714838990299682
0.531004542224133	0.190160354232034
0.168774858509076	0.0425819447497206
0.96272254042429	0.255477208819605
1.0455067302297	0.395217247583679
-0.61946410648704	0.150698865008898
0.17351044503084	0.0436385160120603
0.674624067917918	0.213658555919133
2.76095211479574	0.768066673537379
-0.620903335937371	0.151058535991718
0.956455214607419	0.253949648163622
0.173940988172143	0.0437550114519682
-1.80127875869	0.380587746892248
-2.58224585205989	0.661106815487816
0.157971563808893	0.0296806747786729
-2.57821111666453	0.659475059970799
-1.12725353624624	0.339405023147411
-1.7975657981284	0.379599665892429
-3.07793266340176	0.957013587093989
0.162171049505848	0.0303007576998756
-1.7975657981284	0.379599665892429
0.675591354383564	0.213968352567141
-1.12825544522804	0.339732258677114
-1.7975657981284	0.379599665892429
0.158989511121608	0.0298299152293259
-1.80127875869	0.380587746892248
-1.79763019308962	0.379603777700996
-1.7975657981284	0.379599665892429
0.15823182603157	0.0297179405544109
-1.13182284417153	0.340904867919198
-2.57447078703937	0.657780381714024
1.96141436018454	0.438711417164155
-0.620903335937371	0.151058535991718
-1.12825544522804	0.339732258677114
0.151135708355577	0.0450988820807879
0.677105074382106	0.214332831776124
-2.57421277656498	0.657506382974291
1.82302843670005	0.711622876194053
-0.336952847519868	0.096512855057735
0.444073873433415	0.178068157695179
-0.330743055504182	0.0948165849361726
-1.81230096904141	0.73434889647897
-0.620473624670499	0.150917804175241
-3.45228414088993	1.22181665198441
-0.718972834438042	0.245626954230634
-0.625191995446008	0.152059991852936
0.157971563808893	0.0296806747786729
-0.230775293600825	0.0742360705312825
0.173378039987466	0.0436162262322836
-1.13338534815793	0.341498686250824
0.158989511121608	0.0298299152293259
-0.620473624670499	0.150917804175241
-0.617055950695462	0.150241664375452
-0.391221837165235	0.162737262551864
-3.45116795416625	1.22074097588692
-1.81139863683783	0.733838743939283
0.448524252970948	0.179929065158735
-0.517825107309169	0.195474359908123
-1.50982433145335	0.535480148233091
2.75805496536761	0.766752929661107
0.67498185747701	0.213690207850534
0.956455214607419	0.253949648163622
-0.76237336501545	0.330560802166081
1.82302843670005	0.711622876194053
3.26835783601252	1.12163011968705
-1.03210474073006	0.408333117568325
-0.719569672768412	0.245942451655049
-1.51494510157249	0.537750180976637
0.15823182603157	0.0297179405544109
-0.617055950695462	0.150241664375452
1.83223894779093	0.716336716062103
0.17294827606403	0.0435260072159332
0.159251072645633	0.0298673857617753
0.163853552605343	0.0487595972376143
-1.12769593434811	0.339436368028373
0.955450516302873	0.253599562429476
-2.57421277656498	0.657506382974291
3.27129205644114	1.12317050813274
0.166894126545373	0.0495801423286346
0.157971563808893	0.0296806747786729
1.56641713746733	0.775455479488456
0.955450516302873	0.253599562429476
2.75805496536761	0.766752929661107
0.955017933589342	0.253480850166851
0.523689490980787	0.187329359793969
-0.217493795516912	0.0700823766807278
0.15823182603157	0.0297179405544109
0.675591354383564	0.213968352567141
-3.45284250285449	1.22194559695964
0.396306489651409	0.178953566977426
1.33351744615377	0.581727707383388
-1.7975657981284	0.379599665892429
-1.12825544522804	0.339732258677114
0.164468653517054	0.0489167663284228
0.158989511121608	0.0298299152293259
1.46265753359042	0.48460907431551
0.168662278675518	0.0500652630774407
0.673656731319726	0.21327169490293
-0.621333103088639	0.151104040920032
0.159251072645633	0.0298673857617753
1.95879552552655	0.437985228139192
-1.12881513859764	0.339906487322227
-1.12825544522804	0.339732258677114
-0.620473624670499	0.150917804175241
-0.61946410648704	0.150698865008898
1.95793128711136	0.437766051086387
0.157971563808893	0.0296806747786729
-1.7975657981284	0.379599665892429
-0.620473624670499	0.150917804175241
-3.45770349111026	1.22440023898504
-2.57421277656498	0.657506382974291
1.46166504880046	0.484245680586438
-1.7975657981284	0.379599665892429
0.172385921068679	0.0433875285709768
2.75704467106166	0.766025498669684
0.157971563808893	0.0296806747786729
-2.57821111666453	0.659475059970799
0.162954029252909	0.0484564307378685
0.178378460373537	0.04470234426639
0.157971563808893	0.0296806747786729
-0.620903335937371	0.151058535991718
0.15823182603157	0.0297179405544109
2.7590679263751	0.76692961097815
0.154259314455831	0.0291924198815566
-0.218924327489335	0.0705078780993664
1.96141436018454	0.438711417164155
2.7590679263751	0.76692961097815
-1.12825544522804	0.339732258677114
-3.08160228540496	0.95864568534502
-0.61946410648704	0.150698865008898
1.78280786545783	0.994156831140078
-0.145229067230335	0.0519186816977856
0.690283893862909	0.322952535534475
1.0361636458939	0.391113445211294
-1.66466604873405	0.937480951896466
0.162076211336348	0.0482055172019256
1.83417843227406	0.717062027537897
1.28055085015533	0.706910840666328
-1.80832523237299	0.732158700929159
0.173940988172143	0.0437550114519682
1.04272737841263	0.394268038065867
-0.624183598429151	0.151840837481169
0.679655237519559	0.215244174521264
-3.08160228540496	0.95864568534502
-0.338530582329419	0.0969729638077002
1.0418455851348	0.393863567086238
3.26630303248094	1.12023058934939
-0.338291342092883	0.0968475173314605
0.164468653517054	0.0489167663284228
-0.619895187822925	0.150839789138775
-1.7975657981284	0.379599665892429
0.532196819047093	0.190683131950839
-0.719307886400812	0.245829792820617
2.5731398064809	1.42770113856746
0.168774858509076	0.0425819447497206
-3.07836047129561	0.956774727997911
-0.348259745862849	0.0996587901178654
1.06214611876241	0.512522872891445
1.45849632487227	0.482828278090187
0.158426007238141	0.0472279903538101
3.26732978575294	1.1211772426211
-0.765104708702663	0.33182690354178
-1.81200943037821	0.734241478143734
0.174503749901052	0.0438676710334476
-3.45172595803352	1.22146685013561
0.174503749901052	0.0438676710334476
-1.12825544522804	0.339732258677114
-1.02696873123005	0.40565270369469
-0.334222652007209	0.0957594598898438
-0.338291342092883	0.0968475173314605
0.153267904345544	0.0519012670754554
0.669117736352227	0.211726956826849
2.12087192734391	0.947138368475404
-3.45116795416625	1.22074097588692
-1.81200943037821	0.734241478143734
-0.208734961364574	0.0673140088709551
1.0418455851348	0.393863567086238
1.95879552552655	0.437985228139192
0.168662278675518	0.0500652630774407
0.447996914446478	0.17968538770428
0.668954723733744	0.211640160593954
-0.346678897629289	0.0991926518828899
1.83162438273742	0.716000775412828
0.174370024960364	0.0438183729016174
-0.215815148052618	0.0695090074287807
0.17294827606403	0.0435260072159332
0.530762262945688	0.190122868111177
3.6399901361893	1.43067029650081
0.959865181244613	0.254814612498812
-1.81200943037821	0.734241478143734
-3.07707720857862	0.956361112132394
0.831620070236954	0.349690062054934
1.95793128711136	0.437766051086387
1.96141436018454	0.438711417164155
0.956455214607419	0.253949648163622
-0.621333103088639	0.151104040920032
-1.7975657981284	0.379599665892429
3.26732978575294	1.1211772426211
-0.334465167213362	0.0958562903993202
-2.57821111666453	0.659475059970799
0.164738242561747	0.0490009495728858
2.7590679263751	0.76692961097815
-2.57472877667238	0.65760345889815
-0.625191995446008	0.152059991852936
-1.01738053439372	0.401259074889294
-3.46146192307772	1.22662947407805
-2.57447078703937	0.657780381714024
0.957025852492456	0.254006696314478
-1.12725353624624	0.339405023147411
1.95793128711136	0.437766051086387
1.95793128711136	0.437766051086387
0.957025852492456	0.254006696314478
1.45652080007828	0.482281887456809
0.15823182603157	0.0297179405544109
-1.12769593434811	0.339436368028373
1.82816209415628	0.714241631039221
-0.624183598429151	0.151840837481169
3.26630303248094	1.12023058934939
1.96141436018454	0.438711417164155
1.95793128711136	0.437766051086387
-1.12825544522804	0.339732258677114
-1.7975657981284	0.379599665892429
0.673526469252074	0.213227712607827
-0.620473624670499	0.150917804175241
0.177812920485068	0.0445891130396879
-0.621333103088639	0.151104040920032
0.827624029735347	0.347817645508971
1.03945896002248	0.392566838580962
1.46789226342383	0.486336319771629
-2.57447078703937	0.657780381714024
-0.147193783410667	0.0526611796507401
0.670081697347895	0.212111377241056
1.82912964257087	0.714770179842855
-0.232224307153116	0.0746902142847007
-1.51790082908318	0.538814801452401
-0.338530582329419	0.0969729638077002
0.157971563808893	0.0296806747786729
-0.214962812935331	0.069276196002314
2.36121094029696	1.17903949937985
-1.12435877083653	0.338493350823416
-0.718417185790278	0.245411018109158
-1.5094475769206	0.535248673690833
-0.222876920203916	0.0717168348737093
0.960305402281055	0.254935680101795
-0.213293977179729	0.0687362131681472
-1.02338521131779	0.403987205196149
-2.57421277656498	0.657506382974291
1.06524974359316	0.513615345632472
0.956455214607419	0.253949648163622
-0.215815148052618	0.0695090074287807
1.07359982425497	0.519417428828948
-1.12669343566207	0.339109154533815
-0.720199314130701	0.246072307343885
-0.620903335937371	0.151058535991718
-1.02477806380377	0.404828995968834
0.175496922320134	0.0440701137079318
-0.214627712908801	0.0691154905123542
0.167164301060576	0.0496616909525181
0.157971563808893	0.0296806747786729
0.531358567637365	0.190353154457246
1.82302843670005	0.711622876194053
0.669467631715225	0.211908752948447
-2.57421277656498	0.657506382974291
-2.57847696185857	0.659529736545688
1.04515347900522	0.395153426226023
-3.45770349111026	1.22440023898504
3.64204563210395	1.43174087144813
-1.12881513859764	0.339906487322227
0.669467631715225	0.211908752948447
0.174503749901052	0.0438676710334476
-1.51494510157249	0.537750180976637
-0.519293636480079	0.196119529083062
0.956455214607419	0.253949648163622
0.173940988172143	0.0437550114519682
0.168354166613062	0.0424807140134561
0.959294652844364	0.254663957360155
0.676558588301015	0.214207370803977
0.533034126671957	0.190984669183042
0.157316312063474	0.0531969082099052
0.157971563808893	0.0296806747786729
1.83320872066104	0.716809839835328
1.95879552552655	0.437985228139192
-1.0225353038078	0.403750407139113
-1.31918769388841	0.824874894102987
-0.148149251429327	0.052900894093501
0.957461191854986	0.254126256439643
0.39901565702822	0.180594799666875
2.7590679263751	0.76692961097815
0.158989511121608	0.0298299152293259
2.75805496536761	0.766752929661107
0.162171049505848	0.0303007576998756
2.11696526038276	0.944641047228561
0.162171049505848	0.0303007576998756
1.95879552552655	0.437985228139192
-1.7975657981284	0.379599665892429
1.46166504880046	0.484245680586438
-2.57421277656498	0.657506382974291
0.173940988172143	0.0437550114519682
-0.624623675797245	0.151937920429117
-0.620473624670499	0.150917804175241
0.162171049505848	0.0303007576998756
-1.79763019308962	0.379603777700996
0.167786821496111	0.0423548811213711
-3.07750490916701	0.956880231933195
-1.7975657981284	0.379599665892429
3.26732978575294	1.1211772426211
0.157971563808893	0.0296806747786729
0.17351044503084	0.0436385160120603
0.173940988172143	0.0437550114519682
-0.620903335937371	0.151058535991718
-0.625191995446008	0.152059991852936
3.26938718630885	1.12163262119223
1.95793128711136	0.437766051086387
-2.57821111666453	0.659475059970799
1.46067242606004	0.483688692701864
0.955017933589342	0.253480850166851
-1.7975657981284	0.379599665892429
0.174933567082256	0.0439573605408891
1.95879552552655	0.437985228139192
-1.79763019308962	0.379603777700996
3.26732978575294	1.1211772426211
-1.12825544522804	0.339732258677114
-2.57447078703937	0.657780381714024
2.75805496536761	0.766752929661107
-0.621333103088639	0.151104040920032
1.83223894779093	0.716336716062103
-0.517264023236703	0.195228260106643
0.15823182603157	0.0297179405544109
0.173940988172143	0.0437550114519682
-0.301588982342985	0.138344748128235
-0.61946410648704	0.150698865008898
1.95793128711136	0.437766051086387
0.157971563808893	0.0296806747786729
-0.343432234206214	0.0982903961052269
0.956021254579335	0.253830462538477
-0.213293977179729	0.0687362131681472
-3.07793266340176	0.957013587093989
2.75704467106166	0.766025498669684
0.159251072645633	0.0298673857617753
0.955017933589342	0.253480850166851
0.956455214607419	0.253949648163622
-1.79763019308962	0.379603777700996
-0.719307886400812	0.245829792820617
-0.766968651898497	0.33281296786619
-1.79763019308962	0.379603777700996
1.33579772039654	0.583034617768404
-1.01941107455962	0.402225234221499
-2.57421277656498	0.657506382974291
-0.619895187822925	0.150839789138775
-2.06977352534937	0.939684536075736
-0.608355605466429	0.292167767708582
0.723971906750191	0.479976410800383
1.3329197605053	0.581616348611346
-0.715646834778114	0.244453295526364
0.448662660656707	0.180055741516578
0.539266647317431	0.19330887981843
-0.71869462645605	0.245625159522256
-0.620903335937371	0.151058535991718
2.11842867036876	0.945672460079198
-1.50982433145335	0.535480148233091
-3.07750490916701	0.956880231933195
-3.08203891306948	0.959069086853276
0.675232747867266	0.213789953820415
-1.51275234377164	0.536645405278396
0.956455214607419	0.253949648163622
-1.13338534815793	0.341498686250824
0.956021254579335	0.253830462538477
-3.07750490916701	0.956880231933195
-1.12825544522804	0.339732258677114
-1.7975657981284	0.379599665892429
1.95793128711136	0.437766051086387
1.4604038372023	0.483769829709272
0.151538255863495	0.0513200105304366
0.449855196190117	0.180482719429868
1.46166504880046	0.484245680586438
0.529922778294509	0.18974393081766
1.08959547045898	0.670778651403613
0.152346609586538	0.0515961830574703
-0.338395647029448	0.0969382934539019
0.674264818482823	0.213402910671394
1.46297943467279	0.914749292592502
0.16323818852145	0.0485873708307168
0.829236925917971	0.348498849117085
0.955017933589342	0.253480850166851
0.163853552605343	0.0487595972376143
-1.02227856559557	0.403428109617556
0.679655237519559	0.215244174521264
0.959865181244613	0.254814612498812
0.158989511121608	0.0298299152293259
-0.620903335937371	0.151058535991718
-0.717468884808632	0.245082515543052
2.75805496536761	0.766752929661107
0.157971563808893	0.0296806747786729
-1.12492122665638	0.338668219085241
1.46209127003869	0.484377128190959
-3.07707720857862	0.956361112132394
-3.08616775699942	0.960575893787374
0.173378039987466	0.0436162262322836
1.96141436018454	0.438711417164155
0.16190498991222	0.0302625824147867
0.165128927197839	0.0417247285037095
-0.624623675797245	0.151937920429117
-0.620903335937371	0.151058535991718
-1.79763019308962	0.379603777700996
1.96141436018454	0.438711417164155
1.95793128711136	0.437766051086387
-1.50573496603534	0.533703959061235
0.955450516302873	0.253599562429476
-1.7975657981284	0.379599665892429
-3.4565767152091	1.22430361707387
-2.57447078703937	0.657780381714024
-1.12781381973937	0.339579374120096
-1.7975657981284	0.379599665892429
3.27528390840561	1.12443907352294
-0.61946410648704	0.150698865008898
-2.57421277656498	0.657506382974291
0.172385921068679	0.0433875285709768
0.175496922320134	0.0440701137079318
-0.620326325745573	0.150885642821786
1.4655515469736	0.485738470948645
-2.06767178326396	0.937475641170911
-3.07707720857862	0.956361112132394
0.157971563808893	0.0296806747786729
0.155913299008795	0.0676212095555359
-0.217846843502484	0.0701143757601707
-1.13338534815793	0.341498686250824
1.34059061290131	0.585523081425484
1.32836208436611	0.578930457014918
-0.338530582329419	0.0969729638077002
0.176818183184722	0.0443715906559113
3.27025913837768	1.12233669524588
-0.620903335937371	0.151058535991718
-0.625191995446008	0.152059991852936
0.158989511121608	0.0298299152293259
-1.12881513859764	0.339906487322227
-1.81799459045243	0.737492070536281
0.159251072645633	0.0298673857617753
-2.47127579562868	1.37412610584272
-1.12881513859764	0.339906487322227
0.173378039987466	0.0436162262322836
1.95793128711136	0.437766051086387
0.16323818852145	0.0485873708307168
-1.51396898226758	0.537314617740072
-2.46635346637224	1.36876488508961
-0.61946410648704	0.150698865008898
-3.07750490916701	0.956880231933195
-3.07793266340176	0.957013587093989
-1.79763019308962	0.379603777700996
-0.620903335937371	0.151058535991718
1.46109938210879	0.484014060767982
0.16323818852145	0.0485873708307168
-3.07707720857862	0.956361112132394
0.157971563808893	0.0296806747786729
0.960305402281055	0.254935680101795
0.951724523631597	0.252769110062367
-3.08203891306948	0.959069086853276
-1.50884424560785	0.535043767502043
0.674015164989584	0.213380808783075
0.158989511121608	0.0298299152293259
-1.81738212013859	0.737229580571004
-3.07707720857862	0.956361112132394
0.531954615713782	0.190517989079214
-1.12781381973937	0.339579374120096
-0.0939468953498199	0.037282483387852
0.165353233252732	0.0491580922731075
-2.57447078703937	0.657780381714024
-1.79763019308962	0.379603777700996
1.82851727583204	0.714435845516616
1.46209127003869	0.484377128190959
0.958855818540361	0.254543321351908
-2.57421277656498	0.657506382974291
-1.12825544522804	0.339732258677114
1.04272737841263	0.394268038065867
-0.215815148052618	0.0695090074287807
3.26835783601252	1.12163011968705
0.673656731319726	0.21327169490293
1.46265753359042	0.48460907431551
0.674624067917918	0.213658555919133
1.95879552552655	0.437985228139192
-0.334830546749113	0.0959542136262779
1.04603323538674	0.395528149844171
1.95879552552655	0.437985228139192
0.15823182603157	0.0297179405544109
1.95793128711136	0.437766051086387
-3.07836047129561	0.956774727997911
0.16934280349587	0.0427080042196444
-0.71869462645605	0.245625159522256
-1.80127875869	0.380587746892248
-2.57472877667238	0.65760345889815
0.165353233252732	0.0491580922731075
-1.13395018438652	0.341592389781504
-0.335278829649113	0.0960600697551945
-3.46203039962393	1.22659715101116
0.956455214607419	0.253949648163622
-0.339136742629042	0.0971078731889835
3.6399901361893	1.43067029650081
-1.7975657981284	0.379599665892429
1.95879552552655	0.437985228139192
-0.617491939447093	0.150288713008559
-1.80127875869	0.380587746892248
0.15823182603157	0.0297179405544109
0.157971563808893	0.0296806747786729
-0.621333103088639	0.151104040920032
0.158989511121608	0.0298299152293259
1.95879552552655	0.437985228139192
1.95793128711136	0.437766051086387
-1.79763019308962	0.379603777700996
0.675591354383564	0.213968352567141
2.36013744660075	1.17813630566845
-0.391548460852062	0.162837516757791
0.165007048838445	0.0490553112296366
-0.236883299717319	0.11840536967826
-0.154046525879766	0.055056913430986
-1.51042707521765	0.53568486067596
0.148364367533412	0.0502983007600852
0.17294827606403	0.0435260072159332
0.166549099291362	0.0494747307612768
0.157971563808893	0.0296806747786729
2.76197196120423	0.768541369225187
0.677716162542668	0.214611870267994
1.04272737841263	0.394268038065867
0.44246969756749	0.177341431396767
-1.02109432881299	0.402930914701451
-0.620903335937371	0.151058535991718
-1.50824112923963	0.534752090600511
4.18354239000766	2.00645925415005
-1.80127875869	0.380587746892248
0.169762747888229	0.0427831084845497
-0.216657809109618	0.0697687117469907
3.27528390840561	1.12443907352294
0.535308159768992	0.19186644934071
0.528236092469745	0.189119596677675
-0.625630686390319	0.152156798395567
0.174503749901052	0.0438676710334476
0.15823182603157	0.0297179405544109
2.7590679263751	0.76692961097815
0.173940988172143	0.0437550114519682
1.82755032422624	0.713907775987463
-0.22660846787133	0.0729201203567204
0.157971563808893	0.0296806747786729
0.688820508958976	0.321859304874548
-0.337924641037297	0.0968088152153293
0.675109449967238	0.21369241449263
-0.145472337378192	0.0520149972990822
-0.333856458330646	0.0956917261764247
0.15467977779599	0.0592620304168656
-4.00689064630181	1.73027814606556
0.956021254579335	0.253830462538477
0.956021254579335	0.253830462538477
-0.222038342595648	0.0714812050319378
-2.57421277656498	0.657506382974291
0.526571184576376	0.188493803820027
-3.75168277240236	1.47633842923476
0.170331293505475	0.0429093144237285
-1.32046643255705	0.826246772333148
-1.50922180218546	0.535188573690381
0.956021254579335	0.253830462538477
0.17294827606403	0.0435260072159332
0.159251072645633	0.0298673857617753
0.164122988767051	0.0488286730136595
0.164122988767051	0.0488286730136595
0.174503749901052	0.0438676710334476
0.955017933589342	0.253480850166851
-0.620326325745573	0.150885642821786
-0.338530582329419	0.0969729638077002
0.956021254579335	0.253830462538477
-2.06503800706302	0.936339193932813
-0.523592418494679	0.197882573952315
-0.779013544628253	0.594334028113598
-2.46687647309564	1.36924337844726
-0.1446627598823	0.051733083076893
1.46455689811314	0.485225385720349
0.676200627845659	0.214099921395796
-0.620903335937371	0.151058535991718
0.15823182603157	0.0297179405544109
-0.61946410648704	0.150698865008898
-1.50824112923963	0.534752090600511
0.159251072645633	0.0298673857617753
2.75805496536761	0.766752929661107
-3.07707720857862	0.956361112132394
-0.625191995446008	0.152059991852936
-2.57821111666453	0.659475059970799
0.678685727410979	0.214982042405379
0.173378039987466	0.0436162262322836
-2.57421277656498	0.657506382974291
-3.07707720857862	0.956361112132394
-3.07707720857862	0.956361112132394
0.676200627845659	0.214099921395796
-0.621333103088639	0.151104040920032
2.76197196120423	0.768541369225187
-3.07750490916701	0.956880231933195
0.668504270521836	0.211524693005927
1.96141436018454	0.438711417164155
1.03904434951612	0.392325411809604
-2.57447078703937	0.657780381714024
-0.617055950695462	0.150241664375452
0.956021254579335	0.253830462538477
0.159251072645633	0.0298673857617753
-0.620903335937371	0.151058535991718
-1.13755914818091	0.342794698074757
0.174503749901052	0.0438676710334476
0.957461191854986	0.254126256439643
-2.57472877667238	0.65760345889815
0.154259314455831	0.0291924198815566
-3.07836047129561	0.956774727997911
-0.338896474896558	0.0970421752101679
-1.08628684177962	0.741827835959789
-1.13395018438652	0.341592389781504
-1.5094475769206	0.535248673690833
0.173940988172143	0.0437550114519682
1.04577073722875	0.395582052714565
0.675948496687313	0.213928974911644
-0.338896474896558	0.0970421752101679
-1.12881513859764	0.339906487322227
0.156353407339644	0.0678883482231124
0.673048421642057	0.212994504688281
-1.27291486245835	0.571319673568139
0.153840893380625	0.0459113648780663
0.958855818540361	0.254543321351908
0.164468653517054	0.0489167663284228
-0.393017455051046	0.163508285723509
0.157819787360587	0.0533909827533473
-0.214627712908801	0.0691154905123542
-1.7975657981284	0.379599665892429
-1.12492122665638	0.338668219085241
0.158989511121608	0.0298299152293259
3.27232628525746	1.12331698634376
-1.7975657981284	0.379599665892429
-0.154363554761836	0.0551692242474553
0.15823182603157	0.0297179405544109
0.17294827606403	0.0435260072159332
0.173940988172143	0.0437550114519682
-2.29003553500489	1.15608107416031
-0.724381910046542	0.247676943012395
-0.617055950695462	0.150241664375452
0.532196819047093	0.190683131950839
0.956455214607419	0.253949648163622
1.04096305100241	0.393348131713795
-2.28402463064472	1.15100938701749
2.12149136184524	0.947562188308172
1.46265753359042	0.48460907431551
-1.50884424560785	0.535043767502043
-0.218086982244107	0.0702671839866222
1.57324176500159	0.780282055570826
0.154954894721934	0.0524399678344355
-1.81291187157146	0.734751884578751
0.817859684062547	0.34292547743413
0.176253051776925	0.0442319878724308
0.159251072645633	0.0298673857617753
-0.620903335937371	0.151058535991718
2.75805496536761	0.766752929661107
-0.333856458330646	0.0956917261764247
0.180709566490231	0.0452024551059557
-0.334465167213362	0.0958562903993202
-1.7975657981284	0.379599665892429
-0.619895187822925	0.150839789138775
-0.145583469920947	0.0520945736894888
-0.340107395831878	0.0973408882698726
-0.3395018260887	0.0972061822975938
0.172385921068679	0.0433875285709768
0.675591354383564	0.213968352567141
0.152362963176244	0.0583559062318995
-1.51555315465799	0.537846515026164
-1.12881513859764	0.339906487322227
-0.625630686390319	0.152156798395567
1.96141436018454	0.438711417164155
1.95879552552655	0.437985228139192
-0.214718877792028	0.0691893974176591
1.95793128711136	0.437766051086387
1.46109938210879	0.484014060767982
1.95793128711136	0.437766051086387
0.159042375477486	0.0473891494040675
-0.222633069722699	0.0716499874142472
0.173940988172143	0.0437550114519682
1.95793128711136	0.437766051086387
0.16323818852145	0.0485873708307168
-0.216657809109618	0.0697687117469907
-1.12725353624624	0.339405023147411
0.176253051776925	0.0442319878724308
2.7590679263751	0.76692961097815
0.159251072645633	0.0298673857617753
-2.57472877667238	0.65760345889815
-1.13395018438652	0.341592389781504
0.167786821496111	0.0423548811213711
0.676200627845659	0.214099921395796
-4.0012123706462	1.7257737241768
0.158163268458023	0.0471349639719474
-0.343432234206214	0.0982903961052269
0.955017933589342	0.253480850166851
0.959865181244613	0.254814612498812
1.04515347900522	0.395153426226023
1.95793128711136	0.437766051086387
0.157971563808893	0.0296806747786729
0.678685727410979	0.214982042405379
0.17351044503084	0.0436385160120603
-3.45228414088993	1.22181665198441
2.76197196120423	0.768541369225187
0.15823182603157	0.0297179405544109
0.159251072645633	0.0298673857617753
3.6430217955396	1.43205157105291
0.174933567082256	0.0439573605408891
0.157971563808893	0.0296806747786729
-2.06188876692631	0.934347484997078
-0.624623675797245	0.151937920429117
1.07088838940081	0.517635794440579
0.16350747165244	0.0486421723506342
0.534465649479292	0.191405660737174
1.32587189831581	0.577558696272949
0.52764029394331	0.188938300410242
-1.81291187157146	0.734751884578751
0.163161259039589	0.0412993244326861
-0.220606538471739	0.071036835690658
0.409640099480333	0.185714175592156
0.167164301060576	0.0496616909525181
0.167164301060576	0.0496616909525181
0.828430976330302	0.348196975987414
0.955017933589342	0.253480850166851
-0.621333103088639	0.151104040920032
0.159251072645633	0.0298673857617753
1.95879552552655	0.437985228139192
-0.34307485466429	0.0982470421897248
1.46010735547628	0.483457516052687
2.12632242307751	0.950125877513062
0.159266337352053	0.0610083420113727
-1.81352302981117	0.735065306555984
-0.767258704524236	0.332989408243179
-1.12881513859764	0.339906487322227
0.826816090554278	0.347389878556976
0.16323818852145	0.0485873708307168
0.673048421642057	0.212994504688281
0.153830475350601	0.0520893555087474
-0.396718666437249	0.165283623451939
1.45750864016971	0.482642955020513
1.46010735547628	0.483457516052687
4.17432985406838	2.00006384756967
-3.45116795416625	1.22074097588692
1.06789815028109	0.516122362698594
-0.0554683252383234	0.0241516674699032
-0.771455721138399	0.335142375900149
0.158071334427349	0.0534552109956331
1.46109938210879	0.484014060767982
0.174933567082256	0.0439573605408891
0.15823182603157	0.0297179405544109
1.95793128711136	0.437766051086387
-1.81262047956212	0.734554727038592
1.04422575936648	0.394740889448914
1.82948417010899	0.714838990299682
0.1732138890056	0.0435401196761172
-0.61946410648704	0.150698865008898
0.823888102049168	0.345906037374267
-0.21725219958623	0.0699489287533772
1.45992837843541	0.911552548617097
-2.07597125920031	0.94358225331789
-1.51396898226758	0.537314617740072
0.823324250399777	0.345498976757898
-1.12492122665638	0.338668219085241
0.678685727410979	0.214982042405379
0.158989511121608	0.0298299152293259
0.958855818540361	0.254543321351908
-0.620326325745573	0.150885642821786
-1.12725353624624	0.339405023147411
-1.7975657981284	0.379599665892429
0.163853552605343	0.0487595972376143
1.04943567600199	0.39679396861389
-2.57447078703937	0.657780381714024
0.154392805413983	0.0522705690038812
0.157971563808893	0.0296806747786729
1.95879552552655	0.437985228139192
-0.515201103368893	0.194390956127506
-0.718081625995024	0.245384533690959
-3.07793266340176	0.957013587093989
-0.619895187822925	0.150839789138775
1.03791471976137	0.392024637204806
-1.7975657981284	0.379599665892429
0.173940988172143	0.0437550114519682
0.173378039987466	0.0436162262322836
0.159251072645633	0.0298673857617753
-0.619895187822925	0.150839789138775
-0.619895187822925	0.150839789138775
0.17294827606403	0.0435260072159332
-0.334830546749113	0.0959542136262779
-0.215221304062718	0.0693199317381142
1.4655515469736	0.485738470948645
-1.79763019308962	0.379603777700996
0.17738312662749	0.0444846964186047
0.168774858509076	0.0425819447497206
1.03636092917379	0.391112808122351
0.675591354383564	0.213968352567141
-1.7975657981284	0.379599665892429
-0.338291342092883	0.0968475173314605
0.958855818540361	0.254543321351908
0.446786935248547	0.179292535994645
1.27496288218597	0.701642667176307
0.17351044503084	0.0436385160120603
-0.524948656950275	0.198433554776159
-0.215221304062718	0.0693199317381142
-2.06780514452654	0.938309132013353
-2.57447078703937	0.657780381714024
1.95793128711136	0.437766051086387
1.33460347604402	0.582347430988149
0.532438411561851	0.190754397880712
1.46209127003869	0.484377128190959
-1.13338534815793	0.341498686250824
1.95793128711136	0.437766051086387
-3.75597788230646	1.47886830823836
0.956455214607419	0.253949648163622
-2.57447078703937	0.657780381714024
-1.7975657981284	0.379599665892429
-0.343432234206214	0.0982903961052269
-3.07793266340176	0.957013587093989
-0.718081625995024	0.245384533690959
-1.28449579524158	0.578183918536646
-1.02372062493212	0.404119656895659
-1.99213109763986	1.39473923977909
-0.387529474001917	0.218354243991012
-2.57421277656498	0.657506382974291
-3.75288411079685	1.47718399320021
0.164122988767051	0.0488286730136595
-0.149390704801257	0.0534113782231424
-1.01991109008906	0.40221120986456
-0.309713825767811	0.142475060617199
2.36898004802157	1.18383040208386
0.692906157846988	0.324320950565024
1.46209127003869	0.484377128190959
-1.5094475769206	0.535248673690833
-0.3395018260887	0.0972061822975938
3.64101793434512	1.43134239135362
-4.00243287233861	1.72656513084757
0.670430931165646	0.212216518896251
0.17294827606403	0.0435260072159332
1.95879552552655	0.437985228139192
-0.339366328033743	0.0972003539018668
0.1732138890056	0.0435401196761172
0.174503749901052	0.0438676710334476
0.162622561049093	0.0484009930995383
0.16190498991222	0.0302625824147867
1.4655515469736	0.485738470948645
-1.12725353624624	0.339405023147411
1.96141436018454	0.438711417164155
-0.217493795516912	0.0700823766807278
-1.16131517912039	0.648868252974818
0.671045597340039	0.212419421287662
-0.483422417586588	0.253278553252598
0.37087354035561	0.188076558730028
-0.604458749673287	0.289930015833069
-0.216063671871124	0.0695794401283131
-0.337924641037297	0.0968088152153293
-0.337318918589577	0.0966140796949229
0.15823182603157	0.0297179405544109
-0.719585944508868	0.245867637672296
-2.57447078703937	0.657780381714024
-3.07707720857862	0.956361112132394
-0.715646834778114	0.244453295526364
0.679297187320958	0.21511425797511
0.669117736352227	0.211726956826849
-0.724724871482414	0.247820170566985
-0.624183598429151	0.151840837481169
-0.619895187822925	0.150839789138775
-0.514641699367006	0.194166196064157
-1.79763019308962	0.379603777700996
-0.392037934072589	0.163074575803985
3.27129205644114	1.12317050813274
-0.941062313539554	0.576660396385865
0.172385921068679	0.0433875285709768
0.158989511121608	0.0298299152293259
0.157971563808893	0.0296806747786729
0.667992595753649	0.211274985737684
-1.50922180218546	0.535188573690381
2.76489171529978	0.769665555456845
-1.12492122665638	0.338668219085241
-0.620903335937371	0.151058535991718
0.955017933589342	0.253480850166851
0.959294652844364	0.254663957360155
0.16934280349587	0.0427080042196444
3.26938718630885	1.12163262119223
-0.620473624670499	0.150917804175241
-1.80127875869	0.380587746892248
1.3366322141597	0.58354097730275
1.95793128711136	0.437766051086387
0.176253051776925	0.0442319878724308
0.674015164989584	0.213380808783075
0.15823182603157	0.0297179405544109
0.531004542224133	0.190160354232034
0.525378140173977	0.188039309051153
1.06792550004102	0.515823496339435
-0.335438661955823	0.0961186879895653
-1.02646555146412	0.405564715628588
-1.27208987432739	0.571097274965283
1.27236078434705	0.700193229726986
-1.79763019308962	0.379603777700996
-0.620903335937371	0.151058535991718
1.32503991282937	0.576891765271228
0.172385921068679	0.0433875285709768
-1.03210474073006	0.408333117568325
-4.0012123706462	1.7257737241768
1.95879552552655	0.437985228139192
-3.4565767152091	1.22430361707387
-3.45228414088993	1.22181665198441
-0.222624406519452	0.071676838791264
0.959294652844364	0.254663957360155
-1.5094475769206	0.535248673690833
-0.337924641037297	0.0968088152153293
0.700719755640438	0.328576052812794
0.558551405297471	0.325948438551991
-0.513824129140511	0.193894300368019
1.0703619717886	0.517515132381691
-2.06562856799678	0.936659279965039
0.157809365437772	0.0470462908960921
-0.340107395831878	0.0973408882698726
0.902901337290716	0.487273025265444
0.818985271608812	0.343479725639711
0.905727888818826	0.489265039771664
0.674624067917918	0.213658555919133
0.448801914188458	0.180022361022821
0.161055121947285	0.078159792666116
1.06659631817428	0.51499569547802
0.16190498991222	0.0302625824147867
-1.7975657981284	0.379599665892429
1.96141436018454	0.438711417164155
0.956455214607419	0.253949648163622
0.675591354383564	0.213968352567141
0.158989511121608	0.0298299152293259
0.452290871775091	0.181603858248631
-1.79763019308962	0.379603777700996
1.95879552552655	0.437985228139192
0.956021254579335	0.253830462538477
-0.212700860727539	0.0685566980358174
-0.723225679429377	0.247243051260999
-0.516748730928915	0.194980159188936
0.535550464072287	0.191953357336806
1.77771024060545	0.989359986576013
-0.214973425440132	0.0692286309045475
-0.339623607104268	0.0972733866332868
0.157971563808893	0.0296806747786729
1.46109938210879	0.484014060767982
0.158989511121608	0.0298299152293259
-1.13338534815793	0.341498686250824
-0.338291342092883	0.0968475173314605
0.172223255009213	0.0433240097489323
-3.07793266340176	0.957013587093989
0.174503749901052	0.0438676710334476
-1.27922329184621	0.575244381232172
2.36180968699894	1.17953323514936
-0.719585944508868	0.245867637672296
0.175496922320134	0.0440701137079318
0.173940988172143	0.0437550114519682
0.158426007238141	0.0472279903538101
-3.76212830237287	1.4828021686528
-0.61946410648704	0.150698865008898
-0.718359983709028	0.245324841773925
-1.12825544522804	0.339732258677114
0.157971563808893	0.0296806747786729
0.166894126545373	0.0495801423286346
0.16323818852145	0.0485873708307168
-0.620473624670499	0.150917804175241
1.32503991282937	0.576891765271228
0.159251072645633	0.0298673857617753
0.157971563808893	0.0296806747786729
1.82755032422624	0.713907775987463
-2.57447078703937	0.657780381714024
2.75704467106166	0.766025498669684
0.17351044503084	0.0436385160120603
1.96141436018454	0.438711417164155
0.15823182603157	0.0297179405544109
0.676558588301015	0.214207370803977
0.441943033911723	0.177112743935041
0.536145192793524	0.192183675780863
0.451765865281851	0.181387363507285
0.532438411561851	0.190754397880712
0.675232747867266	0.213789953820415
0.401505969088906	0.181847082822463
-2.07036415878263	0.940048810523718
0.447996914446478	0.17968538770428
0.158379638686509	0.0535717951029833
-2.57472877667238	0.65760345889815
-1.7975657981284	0.379599665892429
-1.13238809108681	0.341172314702962
-0.342107054910445	0.0979510037894855
2.75805496536761	0.766752929661107
1.09129051200373	0.672206693180715
0.174933567082256	0.0439573605408891
-0.724381910046542	0.247676943012395
-0.150439826851979	0.0537776490722372
1.07248484375352	0.518617409977682
0.15357905718361	0.0520023014569825
-1.021608229039	0.402994857983997
1.06632392555289	0.514786948757726
-1.12769593434811	0.339436368028373
1.04577073722875	0.395582052714565
2.74898555756477	1.68202114658008
2.11842867036876	0.945672460079198
0.827378067011008	0.347541772420381
3.27025913837768	1.12233669524588
0.148612908401246	0.0503807422085685
0.1677792397568	0.0498341730879395
-0.216657714135014	0.0698098910080456
-1.7975657981284	0.379599665892429
0.159251072645633	0.0298673857617753
0.157971563808893	0.0296806747786729
1.46398903776532	0.484992681122713
1.95879552552655	0.437985228139192
-2.06562856799678	0.936659279965039
-0.145472337378192	0.0520149972990822
-0.0182474578704846	0.00857407047196446
-0.227427367526851	0.113430169254292
0.350105004307057	0.196151459136046
0.162352652580513	0.0483303505238246
1.04272737841263	0.394268038065867
1.95793128711136	0.437766051086387
0.157971563808893	0.0296806747786729
2.75805496536761	0.766752929661107
1.33124867503934	0.580623928642544
0.164468653517054	0.0489167663284228
0.955017933589342	0.253480850166851
-2.46657097766168	1.36896669402152
-0.34307485466429	0.0982470421897248
-0.216312796922935	0.0696114202500776
0.950720958067184	0.252420162622268
-0.218086982244107	0.0702671839866222
0.174503749901052	0.0438676710334476
-3.08160228540496	0.95864568534502
-2.57472877667238	0.65760345889815
-2.57472877667238	0.65760345889815
0.176253051776925	0.0442319878724308
-0.620903335937371	0.151058535991718
2.75805496536761	0.766752929661107
-3.45116795416625	1.22074097588692
0.675591354383564	0.213968352567141
-1.50884424560785	0.535043767502043
2.75704467106166	0.766025498669684
1.46498308680977	0.485505347800691
0.173378039987466	0.0436162262322836
0.158989511121608	0.0298299152293259
-0.620473624670499	0.150917804175241
2.76095211479574	0.768066673537379
-0.616620021012413	0.150099962492625
-1.13395018438652	0.341592389781504
-0.624183598429151	0.151840837481169
0.167164301060576	0.0496616909525181
0.533034126671957	0.190984669183042
-0.336346534706249	0.0963182114993482
-1.81799459045243	0.737492070536281
-2.57472877667238	0.65760345889815
0.950720958067184	0.252420162622268
3.94142925014609	1.72568889876336
-0.342107054910445	0.0979510037894855
1.46498308680977	0.485505347800691
0.673048421642057	0.212994504688281
0.154356688151962	0.059132000415533
-0.0970260863016381	0.0384986477357376
-1.46239849075277	1.01843398569317
-0.524408606515689	0.19813675860559
1.33124526814043	0.580684485642859
-0.3395018260887	0.0972061822975938
-0.145866306322633	0.052205308942621
1.57106042527095	0.778277136038596
-0.71869462645605	0.245625159522256
-0.221200715743042	0.0712222587266738
0.452290871775091	0.181603858248631
0.164122988767051	0.0488286730136595
-1.81262047956212	0.734554727038592
-0.142210051572564	0.0509204624525839
-2.57447078703937	0.657780381714024
0.162171049505848	0.0303007576998756
0.158989511121608	0.0298299152293259
0.154259314455831	0.0291924198815566
0.678685727410979	0.214982042405379
0.67498185747701	0.213690207850534
1.46010735547628	0.483457516052687
-2.57421277656498	0.657506382974291
-3.07707720857862	0.956361112132394
-1.13005980836986	0.340353048236203
0.173378039987466	0.0436162262322836
0.180709566490231	0.0452024551059557
0.172223255009213	0.0433240097489323
-0.218680421673263	0.0704354728372775
1.27465193487975	0.700924952270517
0.450157247009531	0.180608889469783
0.540102428195773	0.193590927960023
1.04515347900522	0.395153426226023
0.168393915595915	0.0499912542478598
3.26835783601252	1.12163011968705
3.93198447308087	1.71970480916132
0.157809365437772	0.0470462908960921
0.163853552605343	0.0487595972376143
-0.723225679429377	0.247243051260999
0.158163268458023	0.0471349639719474
0.158989511121608	0.0298299152293259
0.176818183184722	0.0443715906559113
-2.06562856799678	0.936659279965039
1.95879552552655	0.437985228139192
1.46498308680977	0.485505347800691
0.157819787360587	0.0533909827533473
-0.337924641037297	0.0968088152153293
-3.45228414088993	1.22181665198441
-1.7975657981284	0.379599665892429
-0.714143223212392	0.243889779741797
-0.620903335937371	0.151058535991718
-1.50884424560785	0.535043767502043
2.75704467106166	0.766025498669684
0.958855818540361	0.254543321351908
1.04422575936648	0.394740889448914
-0.336952847519868	0.096512855057735
0.174503749901052	0.0438676710334476
-0.625630686390319	0.152156798395567
0.956021254579335	0.253830462538477
1.95793128711136	0.437766051086387
-1.13238809108681	0.341172314702962
0.671045597340039	0.212419421287662
0.159251072645633	0.0298673857617753
0.157971563808893	0.0296806747786729
0.174370024960364	0.0438183729016174
0.824451710034132	0.346189076295124
0.16323818852145	0.0485873708307168
2.75805496536761	0.766752929661107
0.675109449967238	0.21369241449263
0.163853552605343	0.0487595972376143
0.532196819047093	0.190683131950839
0.822513949918738	0.345096883744715
-0.338291342092883	0.0968475173314605
0.172643132163515	0.0434132410698589
0.158989511121608	0.0298299152293259
1.95793128711136	0.437766051086387
1.95879552552655	0.437985228139192
0.163853552605343	0.0487595972376143
-0.513265508496353	0.193649815889796
2.7590679263751	0.76692961097815
-0.221443869104186	0.0712956025102242
-1.01881976284329	0.401954931656393
-1.27784299590365	0.574711166317859
-0.719585944508868	0.245867637672296
-0.337318918589577	0.0966140796949229
1.33184695246066	0.580735815343295
1.46166504880046	0.484245680586438
-3.07793266340176	0.957013587093989
0.171653101789031	0.0431973221484952
1.06540289518417	0.514719544781792
1.46109938210879	0.484014060767982
-4.57515555739009	2.51025924781649
1.46308301616168	0.484563679444736
1.95879552552655	0.437985228139192
0.16323818852145	0.0485873708307168
0.167164301060576	0.0496616909525181
0.157809365437772	0.0470462908960921
0.157819787360587	0.0533909827533473
-1.02000263547267	0.402451186762966
0.157971563808893	0.0296806747786729
-1.12881513859764	0.339906487322227
1.95879552552655	0.437985228139192
0.824133571632166	0.345861953066953
-0.0991392165791822	0.0393103762506958
-4.40205240011668	2.22888827188466
0.157971563808893	0.0296806747786729
1.95793128711136	0.437766051086387
0.158989511121608	0.0298299152293259
0.16934280349587	0.0427080042196444
1.83106456718648	0.715380743752126
0.956021254579335	0.253830462538477
1.95793128711136	0.437766051086387
0.177812920485068	0.0445891130396879
0.535308159768992	0.19186644934071
0.15823182603157	0.0297179405544109
0.157971563808893	0.0296806747786729
0.174503749901052	0.0438676710334476
-1.12435877083653	0.338493350823416
-0.34307485466429	0.0982470421897248
-0.625630686390319	0.152156798395567
-0.516188497981474	0.194754919907515
0.162171049505848	0.0303007576998756
-0.523592418494679	0.197882573952315
-1.13282069800183	0.341231258763963
-1.7975657981284	0.379599665892429
-1.12937501458112	0.339964434622374
-2.57447078703937	0.657780381714024
-0.51438298636481	0.194118813219938
0.173940988172143	0.0437550114519682
-0.3395018260887	0.0972061822975938
0.955017933589342	0.253480850166851
1.03703963555181	0.391624153547078
0.174933567082256	0.0439573605408891
0.167786821496111	0.0423548811213711
0.173940988172143	0.0437550114519682
0.15823182603157	0.0297179405544109
1.46265753359042	0.48460907431551
-0.619895187822925	0.150839789138775
-0.620473624670499	0.150917804175241
-1.7975657981284	0.379599665892429
-0.715034146888943	0.244213254744201
0.955017933589342	0.253480850166851
-1.7975657981284	0.379599665892429
1.78631428324579	0.99750871578369
0.155654248259732	0.0596277325693144
-0.34307485466429	0.0982470421897248
0.1677792397568	0.0498341730879395
0.153267904345544	0.0519012670754554
0.956021254579335	0.253830462538477
1.45849855088531	0.911727625777987
-0.338530582329419	0.0969729638077002
0.960305402281055	0.254935680101795
-1.79763019308962	0.379603777700996
1.46109938210879	0.484014060767982
0.675591354383564	0.213968352567141
0.162954029252909	0.0484564307378685
-0.141699082635289	0.0507192347670775
-1.01738053439372	0.401259074889294
-2.06708043814016	0.937445840046902
0.153830475350601	0.0520893555087474
-0.337924641037297	0.0968088152153293
0.149436561860214	0.0572178786113694
-0.0499591199116416	0.0218090728179932
-0.720453666514924	0.246264037870489
0.174503749901052	0.0438676710334476
3.26835783601252	1.12163011968705
0.17351044503084	0.0436385160120603
-0.212700860727539	0.0685566980358174
0.447996914446478	0.17968538770428
-0.338530582329419	0.0969729638077002
-2.06530788404037	0.936496100496138
-3.45172595803352	1.22146685013561
0.674015164989584	0.213380808783075
0.158989511121608	0.0298299152293259
-1.7975657981284	0.379599665892429
-0.336952847519868	0.096512855057735
0.533034126671957	0.190984669183042
0.175496922320134	0.0440701137079318
0.152093820899615	0.0454234140899325
0.824133571632166	0.345861953066953
-0.621333103088639	0.151104040920032
1.95879552552655	0.437985228139192
1.46455689811314	0.485225385720349
1.33375387884323	0.582007204647003
0.17294827606403	0.0435260072159332
0.956021254579335	0.253830462538477
1.95879552552655	0.437985228139192
1.95879552552655	0.437985228139192
0.162171049505848	0.0303007576998756
-1.79763019308962	0.379603777700996
0.959865181244613	0.254814612498812
1.042990826383	0.394180541091972
-0.620473624670499	0.150917804175241
-1.12825544522804	0.339732258677114
-0.717804035722151	0.245206559878684
-0.619895187822925	0.150839789138775
0.177812920485068	0.0445891130396879
-1.12825544522804	0.339732258677114
0.955450516302873	0.253599562429476
-1.81200943037821	0.734241478143734
0.674015164989584	0.213380808783075
0.16323818852145	0.0485873708307168
-0.722611557468775	0.247018823049159
-1.12725353624624	0.339405023147411
-0.620903335937371	0.151058535991718
-0.620903335937371	0.151058535991718
-1.12725353624624	0.339405023147411
0.173940988172143	0.0437550114519682
-0.338530582329419	0.0969729638077002
-0.620473624670499	0.150917804175241
-0.340107395831878	0.0973408882698726
-1.51457762983225	0.537411268536323
-0.724110175343364	0.247660897147714
-0.620473624670499	0.150917804175241
-0.216900861291041	0.0698804747706956
0.165622192143609	0.0492275837346074
3.26835783601252	1.12163011968705
0.957461191854986	0.254126256439643
-1.7975657981284	0.379599665892429
3.27232628525746	1.12331698634376
-1.80127875869	0.380587746892248
-1.12881513859764	0.339906487322227
-1.7975657981284	0.379599665892429
-0.620326325745573	0.150885642821786
0.157971563808893	0.0296806747786729
1.33268267273416	0.581267457492734
-2.57472877667238	0.65760345889815
3.27129205644114	1.12317050813274
-0.0893300542784814	0.0355154444573409
0.174370024960364	0.0438183729016174
-0.517825107309169	0.195474359908123
0.955017933589342	0.253480850166851
0.174503749901052	0.0438676710334476
1.45652080007828	0.482281887456809
1.95793128711136	0.437766051086387
1.09206698581737	0.673295030461313
1.33148644921435	0.580580180008122
-2.57447078703937	0.657780381714024
-0.141175092974388	0.0505326225047206
-1.02671683891162	0.40581238098729
1.33148644921435	0.580580180008122
-1.16437555319867	0.652129915424744
1.33208469099746	0.58115584608196
0.153830475350601	0.0520893555087474
0.156929680383718	0.0467922138042666
-2.46792310986484	1.36992299268718
-1.15076071580581	0.641612490829926
-0.633508051190965	0.373486556565107
0.17351044503084	0.0436385160120603
-2.06503800706302	0.936339193932813
0.15823182603157	0.0297179405544109
-0.723225679429377	0.247243051260999
-0.216657809109618	0.0697687117469907
-0.218330843122104	0.0703229401018074
0.674015164989584	0.213380808783075
-2.07121964727456	0.940607959344417
0.955450516302873	0.253599562429476
0.535902929212832	0.192030732305526
2.75704467106166	0.766025498669684
1.95879552552655	0.437985228139192
1.46010735547628	0.483457516052687
0.17351044503084	0.0436385160120603
0.177247192199527	0.0444492499698682
-1.80127875869	0.380587746892248
-0.334465167213362	0.0958562903993202
-0.214973425440132	0.0692286309045475
0.174370024960364	0.0438183729016174
0.955017933589342	0.253480850166851
0.174503749901052	0.0438676710334476
0.826816090554278	0.347389878556976
-0.625630686390319	0.152156798395567
1.04272737841263	0.394268038065867
1.95879552552655	0.437985228139192
0.172385921068679	0.0433875285709768
0.157971563808893	0.0296806747786729
-0.341495388738576	0.0977618699341296
-3.46146192307772	1.22662947407805
-1.12949217626836	0.340258306499887
-0.625191995446008	0.152059991852936
-2.57447078703937	0.657780381714024
0.157971563808893	0.0296806747786729
-0.3395018260887	0.0972061822975938
1.33268267273416	0.581267457492734
-0.617491939447093	0.150288713008559
2.75805496536761	0.766752929661107
-0.340593087152544	0.0975352685660813
0.157971563808893	0.0296806747786729
-0.342107054910445	0.0979510037894855
0.956455214607419	0.253949648163622
0.157971563808893	0.0296806747786729
0.158989511121608	0.0298299152293259
-2.57447078703937	0.657780381714024
0.178378460373537	0.04470234426639
-1.80127875869	0.380587746892248
-1.7975657981284	0.379599665892429
-1.7975657981284	0.379599665892429
-1.7975657981284	0.379599665892429
-0.620903335937371	0.151058535991718
0.165007048838445	0.0490553112296366
-1.7975657981284	0.379599665892429
-0.344042706429557	0.0984794926451442
-1.79763019308962	0.379603777700996
-3.07793266340176	0.957013587093989
1.57722144544452	0.783207973163534
-0.396877809741666	0.165363075656421
-0.394276336796569	0.164179509947552
2.11998934304499	0.946287331085183
-0.629952122229771	0.153143156080765
2.36495485023909	1.18150532804969
-0.338530582329419	0.0969729638077002
2.12394240921657	0.94837113679342
0.679042954927262	0.214964314584285
1.0418455851348	0.393863567086238
-2.57447078703937	0.657780381714024
1.95793128711136	0.437766051086387
0.673526469252074	0.213227712607827
0.16323818852145	0.0485873708307168
0.150571240221929	0.0576776917123369
-1.51372965066287	0.537081101324459
-1.28032222654875	0.575997469645504
-3.07836047129561	0.956774727997911
0.155078266263128	0.0524623107900143
3.64204563210395	1.43174087144813
0.164738242561747	0.0490009495728858
0.157971563808893	0.0296806747786729
0.532792572738207	0.190847845049574
0.397739849039334	0.179951666951136
-3.08247559880565	0.958940682858076
-1.79763019308962	0.379603777700996
-4.00811448471922	1.7302496467022
0.700401077190125	0.328323832749525
1.57802507560287	0.783680554981409
0.673048421642057	0.212994504688281
-1.83320825254888	1.15287664174656
0.677716162542668	0.214611870267994
1.95879552552655	0.437985228139192
0.168662278675518	0.0500652630774407
0.563584244494861	0.329656572952111
0.351809889529325	0.197378209021133
4.18262191893244	2.0059441468171
0.823642509432085	0.345787097083453
1.06903480350602	0.516605281541135
1.96141436018454	0.438711417164155
2.75805496536761	0.766752929661107
0.955017933589342	0.253480850166851
1.03636092917379	0.391112808122351
0.673048421642057	0.212994504688281
1.45750864016971	0.482642955020513
0.678685727410979	0.214982042405379
-2.57421277656498	0.657506382974291
0.159251072645633	0.0298673857617753
1.46010735547628	0.483457516052687
-0.523592418494679	0.197882573952315
0.155282002123357	0.02934225636165
3.26835783601252	1.12163011968705
0.672560905238846	0.212860180111741
0.157971563808893	0.0296806747786729
1.46209127003869	0.484377128190959
1.46166504880046	0.484245680586438
-1.12781381973937	0.339579374120096
0.159251072645633	0.0298673857617753
0.157971563808893	0.0296806747786729
1.46498308680977	0.485505347800691
-0.617055950695462	0.150241664375452
-0.216063671871124	0.0695794401283131
0.158989511121608	0.0298299152293259
0.958855818540361	0.254543321351908
-3.45284250285449	1.22194559695964
0.167786821496111	0.0423548811213711
-0.338530582329419	0.0969729638077002
-0.619895187822925	0.150839789138775
1.46166504880046	0.484245680586438
-1.7975657981284	0.379599665892429
-2.57447078703937	0.657780381714024
-1.7975657981284	0.379599665892429
-1.7975657981284	0.379599665892429
-0.621333103088639	0.151104040920032
0.955450516302873	0.253599562429476
-3.08160228540496	0.95864568534502
-1.12825544522804	0.339732258677114
0.162171049505848	0.0303007576998756
-1.79763019308962	0.379603777700996
-2.57447078703937	0.657780381714024
0.535325764361022	0.191728708586411
-0.338530582329419	0.0969729638077002
-3.08247559880565	0.958940682858076
0.530519377174053	0.189974136950743
-1.51433726696095	0.537497293520418
1.46166504880046	0.484245680586438
2.56312502021138	1.4192552129809
1.46789226342383	0.486336319771629
-2.57447078703937	0.657780381714024
-1.7975657981284	0.379599665892429
-1.80127875869	0.380587746892248
-0.3395018260887	0.0972061822975938
-2.57821111666453	0.659475059970799
-0.339136742629042	0.0971078731889835
0.15823182603157	0.0297179405544109
-0.624183598429151	0.151840837481169
-3.07750490916701	0.956880231933195
-0.220849649046566	0.0710925897619741
-0.34307485466429	0.0982470421897248
0.155282002123357	0.02934225636165
0.16934280349587	0.0427080042196444
0.955450516302873	0.253599562429476
-0.393017455051046	0.163508285723509
-3.75348509589231	1.47731393970503
1.5724348757785	0.779685464655591
0.955017933589342	0.253480850166851
-0.61946410648704	0.150698865008898
0.532176273221489	0.190578655668338
0.159251072645633	0.0298673857617753
-0.143050051228383	0.0512185935431295
1.82851727583204	0.714435845516616
1.06579457323925	0.514454684207409
0.159251072645633	0.0298673857617753
0.153840893380625	0.0459113648780663
1.96141436018454	0.438711417164155
-0.141414888169625	0.0506240183742795
1.57267628537105	0.779552578066682
1.46109938210879	0.484014060767982
0.15823182603157	0.0297179405544109
2.76197196120423	0.768541369225187
0.15796546595019	0.0685584613876696
0.954564259091026	0.253482299647149
1.46498308680977	0.485505347800691
0.163161259039589	0.0412993244326861
-0.621333103088639	0.151104040920032
1.95879552552655	0.437985228139192
0.959865181244613	0.254814612498812
0.16323818852145	0.0485873708307168
-0.76214123352966	0.33051798936009
1.83320872066104	0.716809839835328
0.955017933589342	0.253480850166851
-1.79763019308962	0.379603777700996
2.7590679263751	0.76692961097815
0.168774858509076	0.0425819447497206
-1.79763019308962	0.379603777700996
-2.57821111666453	0.659475059970799
-0.625191995446008	0.152059991852936
1.95879552552655	0.437985228139192
-0.620326325745573	0.150885642821786
0.157971563808893	0.0296806747786729
-2.57447078703937	0.657780381714024
-1.7975657981284	0.379599665892429
-0.347643262540899	0.0994886132277101
-1.7975657981284	0.379599665892429
-0.620903335937371	0.151058535991718
-0.625191995446008	0.152059991852936
-1.7975657981284	0.379599665892429
2.76197196120423	0.768541369225187
0.819469971966766	0.343684638975882
1.57324176500159	0.780282055570826
0.162171049505848	0.0303007576998756
-0.220606538471739	0.071036835690658
-4.22117260218346	1.97551244803549
-2.57447078703937	0.657780381714024
0.67498185747701	0.213690207850534
0.164738242561747	0.0490009495728858
-0.945340415001779	0.580000134557246
1.0433448222306	0.394400438672122
2.36495485023909	1.18150532804969
0.452290871775091	0.181603858248631
4.1775492339406	2.00268622652006
-2.57421277656498	0.657506382974291
-1.7975657981284	0.379599665892429
0.157971563808893	0.0296806747786729
1.95793128711136	0.437766051086387
0.675232747867266	0.213789953820415
-1.79763019308962	0.379603777700996
-2.06503800706302	0.936339193932813
-1.01797130384778	0.401574087179109
-0.724110175343364	0.247660897147714
1.04726688944174	0.396088731238016
0.828430976330302	0.348196975987414
0.450157247009531	0.180608889469783
1.3366322141597	0.58354097730275
0.82105118508176	0.34453306763659
-0.596380596267231	0.285372967250367
-0.337559379634888	0.0966770330278957
0.672009433869294	0.212657302786874
-1.7975657981284	0.379599665892429
-0.14575574418188	0.0521067853554539
0.158989511121608	0.0298299152293259
1.95793128711136	0.437766051086387
0.827378067011008	0.347541772420381
3.26835783601252	1.12163011968705
0.955450516302873	0.253599562429476
-1.7975657981284	0.379599665892429
-2.06767178326396	0.937475641170911
-0.522777207619905	0.197556097300605
0.15823182603157	0.0297179405544109
0.16190498991222	0.0302625824147867
0.158989511121608	0.0298299152293259
0.157971563808893	0.0296806747786729
2.7590679263751	0.76692961097815
0.951724523631597	0.252769110062367
0.16190498991222	0.0302625824147867
-3.08203891306948	0.959069086853276
-1.79763019308962	0.379603777700996
-1.7975657981284	0.379599665892429
1.95793128711136	0.437766051086387
1.95793128711136	0.437766051086387
-1.7975657981284	0.379599665892429
-0.620903335937371	0.151058535991718
-1.79763019308962	0.379603777700996
1.95879552552655	0.437985228139192
0.162171049505848	0.0303007576998756
-1.79763019308962	0.379603777700996
0.15823182603157	0.0297179405544109
-1.02646555146412	0.405564715628588
-1.7975657981284	0.379599665892429
-1.80127875869	0.380587746892248
-1.7975657981284	0.379599665892429
0.451765865281851	0.181387363507285
1.46597699067366	0.485748477491111
-0.334465167213362	0.0958562903993202
1.95793128711136	0.437766051086387
0.534955479672592	0.191660301050033
-0.670203371540775	0.528043932067809
0.0149565040437235	0.00755636640306419
-0.917725357123997	0.671199084941904
-0.0820435025242862	0.03269920759669
0.69284935645393	0.323980193410431
-0.487607209049928	0.255958535526793
2.75704467106166	0.766025498669684
0.158989511121608	0.0298299152293259
0.175496922320134	0.0440701137079318
0.165007048838445	0.0490553112296366
-2.28054036426075	1.14841429828622
-0.177271462354291	0.0947066156547375
-0.0948604807732728	0.0376299243744259
0.687524823750463	0.321169556258556
-1.50982433145335	0.535480148233091
1.83259355517544	0.716473450995655
1.83572003024131	0.717758246473073
-0.624183598429151	0.151840837481169
-1.7975657981284	0.379599665892429
0.956455214607419	0.253949648163622
-0.625630686390319	0.152156798395567
1.33460347604402	0.582347430988149
0.361387904957093	0.203506874098943
0.673048421642057	0.212994504688281
-1.12837428626612	0.339637586745731
-0.089783731268869	0.0356915480451247
-1.01881976284329	0.401954931656393
-1.12825544522804	0.339732258677114
3.26732978575294	1.1211772426211
0.951724523631597	0.252769110062367
3.27232628525746	1.12331698634376
1.95879552552655	0.437985228139192
0.157971563808893	0.0296806747786729
-0.621333103088639	0.151104040920032
1.95793128711136	0.437766051086387
2.76095211479574	0.768066673537379
-1.79763019308962	0.379603777700996
-0.619895187822925	0.150839789138775
-1.80127875869	0.380587746892248
2.75805496536761	0.766752929661107
-1.79763019308962	0.379603777700996
-0.625630686390319	0.152156798395567
-0.620326325745573	0.150885642821786
0.158989511121608	0.0298299152293259
-1.7975657981284	0.379599665892429
-1.13238809108681	0.341172314702962
0.155282002123357	0.02934225636165
0.15823182603157	0.0297179405544109
1.96141436018454	0.438711417164155
-1.79763019308962	0.379603777700996
-3.45116795416625	1.22074097588692
-1.7975657981284	0.379599665892429
-1.81705516328656	0.73681238944662
-1.79763019308962	0.379603777700996
-0.620903335937371	0.151058535991718
-0.771691513742003	0.335443022402567
-3.08203891306948	0.959069086853276
1.04665020030324	0.395956904990197
-3.08616775699942	0.960575893787374
-1.79763019308962	0.379603777700996
-0.337924641037297	0.0968088152153293
-0.0198708910196319	0.0127808491491714
-0.659267748561522	0.459327926834107
-0.211736628139208	0.159467697673759
1.95793128711136	0.437766051086387
0.159251072645633	0.0298673857617753
0.958855818540361	0.254543321351908
0.0737254061063969	0.047995039317053
-1.88943349119362	2.29754495698459
-0.305662986710583	0.140445653088562
3.26938718630885	1.12163262119223
2.7590679263751	0.76692961097815
3.64101793434512	1.43134239135362
0.955017933589342	0.253480850166851
-3.07793266340176	0.957013587093989
-2.57847696185857	0.659529736545688
0.827624029735347	0.347817645508971
0.157971563808893	0.0296806747786729
-0.344042706429557	0.0984794926451442
0.17738312662749	0.0444846964186047
0.618361908458419	0.470800314391325
1.82912964257087	0.714770179842855
1.57561119411556	0.781990254778656
0.371278343995124	0.188314441533233
1.04726688944174	0.396088731238016
3.26630303248094	1.12023058934939
0.157971563808893	0.0296806747786729
0.154259314455831	0.0291924198815566
2.76095211479574	0.768066673537379
0.958855818540361	0.254543321351908
0.15823182603157	0.0297179405544109
1.95793128711136	0.437766051086387
-2.57447078703937	0.657780381714024
-1.79763019308962	0.379603777700996
-1.7975657981284	0.379599665892429
-1.79763019308962	0.379603777700996
0.950720958067184	0.252420162622268
-2.57472877667238	0.65760345889815
1.95793128711136	0.437766051086387
-1.79763019308962	0.379603777700996
-1.79763019308962	0.379603777700996
-2.57472877667238	0.65760345889815
0.15823182603157	0.0297179405544109
0.15823182603157	0.0297179405544109
-1.7975657981284	0.379599665892429
-1.21140434000628	0.912412662340462
-0.335438661955823	0.0961186879895653
0.173378039987466	0.0436162262322836
1.06686894193237	0.514959325608844
-0.0491873236093911	0.0214920229189867
0.447191186095611	0.179329255309907
0.166894126545373	0.0495801423286346
0.150571240221929	0.0576776917123369
0.152959680335823	0.0663022352705164
0.173940988172143	0.0437550114519682
0.15823182603157	0.0297179405544109
-3.07793266340176	0.957013587093989
-1.7975657981284	0.379599665892429
0.957025852492456	0.254006696314478
0.167786821496111	0.0423548811213711
0.958855818540361	0.254543321351908
0.16934280349587	0.0427080042196444
0.173940988172143	0.0437550114519682
0.440521910055726	0.17650846914802
0.174503749901052	0.0438676710334476
0.149829380345836	0.0574107409853003
0.533034126671957	0.190984669183042
-0.518386429636852	0.195700313035901
0.392851372688938	0.177366315467011
0.149990431790691	0.0575128021093227
0.16323818852145	0.0485873708307168
-3.07793266340176	0.957013587093989
-0.619895187822925	0.150839789138775
0.957461191854986	0.254126256439643
-1.021608229039	0.402994857983997
-0.218096087384631	0.0701860099861319
-0.620903335937371	0.151058535991718
-3.4565767152091	1.22430361707387
0.44957827995086	0.18031750975252
1.04272737841263	0.394268038065867
1.82399204056179	0.712148377760895
1.95793128711136	0.437766051086387
0.677105074382106	0.214332831776124
-1.12769593434811	0.339436368028373
0.159251072645633	0.0298673857617753
1.95879552552655	0.437985228139192
1.95793128711136	0.437766051086387
2.75805496536761	0.766752929661107
-1.13395018438652	0.341592389781504
-3.45340104404634	1.22171831505731
-1.7975657981284	0.379599665892429
3.64204563210395	1.43174087144813
-2.57421277656498	0.657506382974291
-2.57421277656498	0.657506382974291
1.95793128711136	0.437766051086387
-0.617491939447093	0.150288713008559
-1.79763019308962	0.379603777700996
-2.57421277656498	0.657506382974291
-1.7975657981284	0.379599665892429
0.956021254579335	0.253830462538477
-0.625191995446008	0.152059991852936
-2.06444769256084	0.935935080561358
-1.7975657981284	0.379599665892429
-2.57447078703937	0.657780381714024
2.7590679263751	0.76692961097815
-1.79763019308962	0.379603777700996
0.15823182603157	0.0297179405544109
-2.57421277656498	0.657506382974291
-1.8195049713298	0.738087686678667
1.04387123564615	0.394420385845529
-0.766733199789823	0.33273995230155
-2.28542134277916	1.15258073395903
1.57561119411556	0.781990254778656
-0.71869462645605	0.245625159522256
1.46498308680977	0.485505347800691
-0.629952122229771	0.153143156080765
-3.45284250285449	1.22194559695964
1.46265753359042	0.48460907431551
0.165007048838445	0.0490553112296366
0.155282002123357	0.02934225636165
-0.620473624670499	0.150917804175241
0.681183225722083	0.215602714602321
-1.51540051100815	0.53784570711347
-0.522777207619905	0.197556097300605
1.78175030165094	0.993260985318806
-1.12492122665638	0.338668219085241
1.95793128711136	0.437766051086387
1.82948417010899	0.714838990299682
0.528471599490047	0.189192775823016
0.827869862391494	0.347914518409003
0.176253051776925	0.0442319878724308
0.158989511121608	0.0298299152293259
-2.07095503900868	0.940306066070207
-3.75348509589231	1.47731393970503
-3.07836047129561	0.956774727997911
-0.602146888310994	0.288778351776837
2.75805496536761	0.766752929661107
1.33375387884323	0.582007204647003
-1.0213509823134	0.403162852904808
-1.27126584317639	0.570402539019269
0.158989511121608	0.0298299152293259
1.04577073722875	0.395582052714565
2.11869185323705	0.945764565994132
1.46498308680977	0.485505347800691
1.95879552552655	0.437985228139192
2.76095211479574	0.768066673537379
-2.58224585205989	0.661106815487816
-0.620903335937371	0.151058535991718
-1.79763019308962	0.379603777700996
2.7590679263751	0.76692961097815
0.15823182603157	0.0297179405544109
1.95879552552655	0.437985228139192
0.174933567082256	0.0439573605408891
0.173940988172143	0.0437550114519682
1.4655515469736	0.485738470948645
-2.57447078703937	0.657780381714024
-1.7975657981284	0.379599665892429
0.157971563808893	0.0296806747786729
0.959865181244613	0.254814612498812
0.158202431453599	0.0297753629586498
1.95793128711136	0.437766051086387
2.76197196120423	0.768541369225187
-3.07750490916701	0.956880231933195
-0.621333103088639	0.151104040920032
-1.7975657981284	0.379599665892429
-3.07750490916701	0.956880231933195
-1.7975657981284	0.379599665892429
2.75805496536761	0.766752929661107
-0.620903335937371	0.151058535991718
-2.57447078703937	0.657780381714024
-1.79763019308962	0.379603777700996
0.16190498991222	0.0302625824147867
0.675232747867266	0.213789953820415
0.450961924488652	0.181018370719246
0.159251072645633	0.0298673857617753
-1.50922180218546	0.535188573690381
-1.26919005446438	0.56947477022477
0.165128927197839	0.0417247285037095
-0.626100288806693	0.1523229776774
0.159251072645633	0.0298673857617753
-0.718417185790278	0.245411018109158
0.174503749901052	0.0438676710334476
-0.719307886400812	0.245829792820617
3.93619624132367	1.72285510420218
1.0433448222306	0.394400438672122
2.75805496536761	0.766752929661107
0.675591354383564	0.213968352567141
2.75805496536761	0.766752929661107
-0.619895187822925	0.150839789138775
-1.15880206221804	0.647196384687243
-0.982123877660898	0.486048635639571
0.157568112712888	0.0533067915180714
-0.3395018260887	0.0972061822975938
0.826500453888607	0.347127630775895
0.679042954927262	0.214964314584285
1.82948417010899	0.714838990299682
-0.341495388738576	0.0977618699341296
-1.12825544522804	0.339732258677114
0.963167670198133	0.255599708567411
1.95793128711136	0.437766051086387
0.155282002123357	0.02934225636165
2.75805496536761	0.766752929661107
-3.07793266340176	0.957013587093989
2.7590679263751	0.76692961097815
-1.5094475769206	0.535248673690833
0.16190498991222	0.0302625824147867
-1.79763019308962	0.379603777700996
0.177812920485068	0.0445891130396879
1.95879552552655	0.437985228139192
1.46498308680977	0.485505347800691
0.675232747867266	0.213789953820415
-1.12825544522804	0.339732258677114
0.956455214607419	0.253949648163622
0.159251072645633	0.0298673857617753
-0.337559379634888	0.0966770330278957
2.75805496536761	0.766752929661107
0.158989511121608	0.0298299152293259
0.174933567082256	0.0439573605408891
-2.57447078703937	0.657780381714024
0.16190498991222	0.0302625824147867
0.957025852492456	0.254006696314478
0.157971563808893	0.0296806747786729
2.75704467106166	0.766025498669684
-1.13005980836986	0.340353048236203
1.95793128711136	0.437766051086387
-0.61946410648704	0.150698865008898
3.64508196443781	1.43367348655271
-1.02874670321027	0.406592521454169
0.690738655348233	0.322586043409797
0.679042954927262	0.214964314584285
0.17294827606403	0.0435260072159332
0.958855818540361	0.254543321351908
-0.3395018260887	0.0972061822975938
0.16190498991222	0.0302625824147867
3.64508196443781	1.43367348655271
0.674624067917918	0.213658555919133
0.173378039987466	0.0436162262322836
1.95793128711136	0.437766051086387
1.46498308680977	0.485505347800691
1.0455067302297	0.395217247583679
-0.222633069722699	0.0716499874142472
0.532196819047093	0.190683131950839
-2.57447078703937	0.657780381714024
1.83223894779093	0.716336716062103
-0.310138995991383	0.142669655716783
-0.225406425524749	0.112391472836315
-0.0978550297863506	0.0388181313798155
-0.0893300542784814	0.0355154444573409
3.26835783601252	1.12163011968705
-0.786810905134062	0.429180845412588
-3.07750490916701	0.956880231933195
-0.226013966669181	0.0727462696607693
-1.50824112923963	0.534752090600511
-0.619895187822925	0.150839789138775
1.95879552552655	0.437985228139192
-0.71869462645605	0.245625159522256
0.678327026073525	0.214743904761834
-1.5094475769206	0.535248673690833
-0.620903335937371	0.151058535991718
0.675232747867266	0.213789953820415
-1.80127875869	0.380587746892248
-0.333247970373579	0.0954969729659714
-0.3395018260887	0.0972061822975938
1.96141436018454	0.438711417164155
-0.334830546749113	0.0959542136262779
0.675232747867266	0.213789953820415
0.956455214607419	0.253949648163622
-1.7975657981284	0.379599665892429
-1.7975657981284	0.379599665892429
0.533870485766569	0.191241233041242
-1.12781381973937	0.339579374120096
-1.7975657981284	0.379599665892429
-1.79763019308962	0.379603777700996
0.956021254579335	0.253830462538477
0.957025852492456	0.254006696314478
-1.80127875869	0.380587746892248
0.158989511121608	0.0298299152293259
2.75805496536761	0.766752929661107
0.956021254579335	0.253830462538477
-0.34307485466429	0.0982470421897248
-2.57447078703937	0.657780381714024
-2.57421277656498	0.657506382974291
-0.336346534706249	0.0963182114993482
0.958855818540361	0.254543321351908
-1.79763019308962	0.379603777700996
0.152967816569802	0.0456747746330642
0.174933567082256	0.0439573605408891
-2.57447078703937	0.657780381714024
0.158989511121608	0.0298299152293259
0.957461191854986	0.254126256439643
0.162968126753743	0.0485024678975847
0.441943033911723	0.177112743935041
0.455287948259215	0.182878051821182
-0.76214123352966	0.33051798936009
-0.390566752350856	0.162403893268319
0.158630874356642	0.053642970835874
2.36097404633539	1.17890696118846
0.401505969088906	0.181847082822463
0.694955137035722	0.325170996930225
1.06686894193237	0.514959325608844
1.04577073722875	0.395582052714565
0.169762747888229	0.0427831084845497
-0.221443869104186	0.0712956025102242
-1.02300392636396	0.403892782949621
-2.28109906238932	1.14881626005237
0.531600808944957	0.190452833446827
-0.144946030904406	0.0518319984756812
-0.517567096912483	0.195373080592303
-0.517567096912483	0.195373080592303
0.157568112712888	0.0533067915180714
-1.4866453190493	0.749741297142212
0.1732138890056	0.0435401196761172
0.158989511121608	0.0298299152293259
2.76095211479574	0.768066673537379
0.167786821496111	0.0423548811213711
-0.718972834438042	0.245626954230634
-1.12825544522804	0.339732258677114
-0.336952847519868	0.096512855057735
0.174933567082256	0.0439573605408891
-0.339136742629042	0.0971078731889835
0.173940988172143	0.0437550114519682
0.152967816569802	0.0456747746330642
-0.620473624670499	0.150917804175241
0.960305402281055	0.254935680101795
-1.13238809108681	0.341172314702962
3.64307322645936	1.43171095761068
0.959865181244613	0.254814612498812
0.157971563808893	0.0296806747786729
0.15823182603157	0.0297179405544109
0.176818183184722	0.0443715906559113
0.173940988172143	0.0437550114519682
-1.12881513859764	0.339906487322227
-1.51336055363438	0.537061579976289
2.76095211479574	0.768066673537379
0.162352652580513	0.0483303505238246
0.173378039987466	0.0436162262322836
0.168354166613062	0.0424807140134561
2.76095211479574	0.768066673537379
-2.57472877667238	0.65760345889815
0.16190498991222	0.0302625824147867
0.16190498991222	0.0302625824147867
0.956021254579335	0.253830462538477
0.173378039987466	0.0436162262322836
1.82912964257087	0.714770179842855
0.154643798015002	0.0523504544120162
0.447310273049599	0.179520616473123
0.533275066051755	0.191011050930048
1.82816209415628	0.714241631039221
1.95879552552655	0.437985228139192
0.151383672100152	0.0579893158462332
0.17351044503084	0.0436385160120603
1.33208469099746	0.58115584608196
0.159920372276999	0.0476279199969756
0.452569065982633	0.181732592483672
-1.26919005446438	0.56947477022477
-0.980667059935446	0.485228161537934
-0.147193783410667	0.0526611796507401
-1.27320878623511	0.571826806588651
4.17525305412324	2.00082473978421
0.173378039987466	0.0436162262322836
-0.211859399211248	0.068283609988555
-0.216409245079586	0.0696890647462961
1.46498308680977	0.485505347800691
0.531004542224133	0.190160354232034
0.399239355934579	0.180475942649115
0.150571240221929	0.0576776917123369
-0.216657809109618	0.0697687117469907
-0.212107996589827	0.0683682958385105
-0.524408606515689	0.19813675860559
0.164738242561747	0.0490009495728858
-1.12937501458112	0.339964434622374
0.16350747165244	0.0486421723506342
0.955450516302873	0.253599562429476
0.15823182603157	0.0297179405544109
-0.61946410648704	0.150698865008898
1.83023041744975	0.714813896967788
0.526808022811829	0.188639363777938
-1.46568570391317	1.01940010185986
0.168774858509076	0.0425819447497206
1.82399204056179	0.712148377760895
0.673048421642057	0.212994504688281
2.75704467106166	0.766025498669684
-0.619895187822925	0.150839789138775
0.955450516302873	0.253599562429476
-1.79763019308962	0.379603777700996
-1.7975657981284	0.379599665892429
-0.338530582329419	0.0969729638077002
0.158989511121608	0.0298299152293259
-0.221443869104186	0.0712956025102242
0.174933567082256	0.0439573605408891
-1.79763019308962	0.379603777700996
0.678074042401891	0.214702481365457
-1.13182284417153	0.340904867919198
1.33351744615377	0.581727707383388
0.956455214607419	0.253949648163622
-0.719307886400812	0.245829792820617
2.75805496536761	0.766752929661107
1.46364987732708	0.48479584486453
0.172385921068679	0.0433875285709768
0.955450516302873	0.253599562429476
-1.81413444396294	0.735290551794613
-0.61946410648704	0.150698865008898
0.827062362966711	0.347535018691045
0.16350747165244	0.0486421723506342
0.151551849507361	0.0580445602818356
0.156463480688109	0.0599361206234149
-3.07793266340176	0.957013587093989
-0.765918596168096	0.332344936277861
-0.765104708702663	0.33182690354178
-0.348259745862849	0.0996587901178654
0.956455214607419	0.253949648163622
0.169762747888229	0.0427831084845497
0.956021254579335	0.253830462538477
0.158989511121608	0.0298299152293259
0.154392805413983	0.0522705690038812
0.173378039987466	0.0436162262322836
0.532196819047093	0.190683131950839
0.159251072645633	0.0298673857617753
1.04272737841263	0.394268038065867
-0.625630686390319	0.152156798395567
-1.13395018438652	0.341592389781504
-0.150990796917609	0.0540018284131618
0.16323818852145	0.0485873708307168
0.673656731319726	0.21327169490293
0.14975829663456	0.0573602319285313
-0.218096087384631	0.0701860099861319
-1.27976639763153	0.575722216320703
0.955450516302873	0.253599562429476
0.677716162542668	0.214611870267994
2.12658425033012	0.949962755629466
0.533874851755615	0.191264906036687
0.397739849039334	0.179951666951136
0.153830475350601	0.0520893555087474
-1.01856232210606	0.401844162864408
-0.142747701481568	0.0510783991590262
-2.28026322655765	1.14819190684206
-0.342107054910445	0.0979510037894855
0.165622192143609	0.0492275837346074
0.153179217844522	0.0518679803975777
-2.57447078703937	0.657780381714024
0.157971563808893	0.0296806747786729
0.15823182603157	0.0297179405544109
0.957025852492456	0.254006696314478
0.154259314455831	0.0291924198815566
0.959294652844364	0.254663957360155
2.76095211479574	0.768066673537379
0.1674326840069	0.0497058243208494
-0.334830546749113	0.0959542136262779
-1.12825544522804	0.339732258677114
-3.45228414088993	1.22181665198441
0.955017933589342	0.253480850166851
0.670430931165646	0.212216518896251
0.17294827606403	0.0435260072159332
0.176818183184722	0.0443715906559113
0.675232747867266	0.213789953820415
0.956455214607419	0.253949648163622
-0.625630686390319	0.152156798395567
3.64101793434512	1.43134239135362
-2.57447078703937	0.657780381714024
-0.220012614431353	0.0708340703939625
-0.620903335937371	0.151058535991718
0.955450516302873	0.253599562429476
2.75704467106166	0.766025498669684
0.951724523631597	0.252769110062367
-1.79763019308962	0.379603777700996
-2.57472877667238	0.65760345889815
0.955017933589342	0.253480850166851
1.95793128711136	0.437766051086387
2.76197196120423	0.768541369225187
0.677716162542668	0.214611870267994
-1.79763019308962	0.379603777700996
2.75704467106166	0.766025498669684
-0.347295985392695	0.0993628531922885
-1.7975657981284	0.379599665892429
-2.57447078703937	0.657780381714024
-0.716259781908703	0.244657557065158
-1.12825544522804	0.339732258677114
-1.12825544522804	0.339732258677114
-2.57447078703937	0.657780381714024
1.62914431420455	1.14566347349454
1.33460347604402	0.582347430988149
0.176818183184722	0.0443715906559113
3.93496659153827	1.72160273292352
-1.81676990665961	0.736858778572184
0.955450516302873	0.253599562429476
1.83259355517544	0.716473450995655
0.173940988172143	0.0437550114519682
0.16323818852145	0.0485873708307168
0.956455214607419	0.253949648163622
1.95879552552655	0.437985228139192
0.157971563808893	0.0296806747786729
0.152902047465616	0.0517513298848065
0.535550464072287	0.191953357336806
-0.776656272147858	0.33800925933365
0.155003475763351	0.0593792158543485
0.164738242561747	0.0490009495728858
-0.143050051228383	0.0512185935431295
-1.66977405471177	0.941653997896714
0.153267904345544	0.0519012670754554
0.689035410360964	0.322348585743753
0.16323818852145	0.0485873708307168
0.609134809363086	0.319277999610395
0.682410767649726	0.216016306234615
1.03817079597271	0.392088459196863
-1.67672199497319	0.947368915952786
0.163698707656984	0.0552615081125688
0.16323818852145	0.0485873708307168
1.0444887245408	0.394848386181826
0.907405238842073	0.490765880723695
-0.391710846289378	0.162959857875505
0.612877358254467	0.321759810355529
2.36121094029696	1.17903949937985
-1.81200943037821	0.734241478143734
-0.724996456084797	0.247901521017459
-0.762895816582609	0.330778159541224
0.958855818540361	0.254543321351908
0.955450516302873	0.253599562429476
3.26732978575294	1.1211772426211
-1.27702255318032	0.574015400729037
0.161736914950373	0.0481441679802126
1.82851727583204	0.714435845516616
0.16323818852145	0.0485873708307168
1.06499209905866	0.513861468272036
0.147802728209744	0.0501147268752412
0.168393915595915	0.0499912542478598
0.956021254579335	0.253830462538477
-0.619895187822925	0.150839789138775
0.157971563808893	0.0296806747786729
-0.21750140385887	0.0700056929839968
1.04034511892763	0.392920970387567
-1.80127875869	0.380587746892248
-1.7975657981284	0.379599665892429
0.157971563808893	0.0296806747786729
-0.3395018260887	0.0972061822975938
1.46364987732708	0.48479584486453
-3.07707720857862	0.956361112132394
-0.724110175343364	0.247660897147714
0.162352652580513	0.0483303505238246
0.159251072645633	0.0298673857617753
1.46498308680977	0.485505347800691
0.442746084081858	0.177485883285209
1.95879552552655	0.437985228139192
-1.51336055363438	0.537061579976289
-1.79763019308962	0.379603777700996
1.95793128711136	0.437766051086387
0.15823182603157	0.0297179405544109
0.15823182603157	0.0297179405544109
0.159251072645633	0.0298673857617753
-0.620903335937371	0.151058535991718
-1.51948712338084	0.539626951504098
-0.61946410648704	0.150698865008898
0.956455214607419	0.253949648163622
1.95793128711136	0.437766051086387
-0.617055950695462	0.150241664375452
0.159251072645633	0.0298673857617753
-0.625191995446008	0.152059991852936
-3.07793266340176	0.957013587093989
0.158989511121608	0.0298299152293259
-4.00689064630181	1.73027814606556
0.164122988767051	0.0488286730136595
-0.9832784200599	0.486536577403832
0.90913511789833	0.491992888682194
0.675591354383564	0.213968352567141
1.04422575936648	0.394740889448914
1.95793128711136	0.437766051086387
1.95879552552655	0.437985228139192
0.162338925211519	0.0482955049730846
0.163853552605343	0.0487595972376143
0.162622561049093	0.0484009930995383
0.157007711765635	0.053125881526133
0.910264466202408	0.49259499299441
0.455810449207081	0.183121015357883
0.174933567082256	0.0439573605408891
-2.9027576923658	2.13845366457511
0.676200627845659	0.214099921395796
-1.49077274586718	0.75343807840734
1.06499209905866	0.513861468272036
1.04122776355439	0.393435934346114
2.36435710504025	1.18101199315333
1.57778417402392	0.783272898824577
0.142175839614641	0.0545513603182291
-2.46604834033822	1.36857910380457
-3.75348509589231	1.47731393970503
0.824133571632166	0.345861953066953
-0.213543270792488	0.0687986075063655
-1.12825544522804	0.339732258677114
-0.621333103088639	0.151104040920032
-0.391710846289378	0.162959857875505
-2.57447078703937	0.657780381714024
0.172385921068679	0.0433875285709768
-0.761329093119882	0.330039919631922
0.163216121532018	0.0485245766457704
-3.75408629178645	1.47707900873706
0.174503749901052	0.0438676710334476
0.675232747867266	0.213789953820415
3.27025913837768	1.12233669524588
1.95793128711136	0.437766051086387
-0.620903335937371	0.151058535991718
-1.51396898226758	0.537314617740072
-1.81413444396294	0.735290551794613
-0.621333103088639	0.151104040920032
0.955450516302873	0.253599562429476
0.16323818852145	0.0485873708307168
-0.722881564981813	0.247143842823858
2.12175361138722	0.947733160087778
-0.344042706429557	0.0984794926451442
-1.51396898226758	0.537314617740072
-0.621333103088639	0.151104040920032
-0.619895187822925	0.150839789138775
-3.45284250285449	1.22194559695964
0.167786821496111	0.0423548811213711
0.1677792397568	0.0498341730879395
-3.07793266340176	0.957013587093989
1.0433448222306	0.394400438672122
-1.7975657981284	0.379599665892429
0.678074042401891	0.214702481365457
0.157971563808893	0.0296806747786729
1.4655515469736	0.485738470948645
-0.338530582329419	0.0969729638077002
0.173940988172143	0.0437550114519682
-2.57447078703937	0.657780381714024
0.15823182603157	0.0297179405544109
3.26732978575294	1.1211772426211
0.676200627845659	0.214099921395796
0.669467631715225	0.211908752948447
0.173940988172143	0.0437550114519682
0.957461191854986	0.254126256439643
0.15823182603157	0.0297179405544109
-0.617055950695462	0.150241664375452
0.963167670198133	0.255599708567411
0.157971563808893	0.0296806747786729
0.167786821496111	0.0423548811213711
0.956455214607419	0.253949648163622
-2.57447078703937	0.657780381714024
-2.57421277656498	0.657506382974291
-1.7975657981284	0.379599665892429
-0.620903335937371	0.151058535991718
1.95879552552655	0.437985228139192
1.46109938210879	0.484014060767982
0.955017933589342	0.253480850166851
2.75805496536761	0.766752929661107
1.95879552552655	0.437985228139192
1.04182554907797	0.393703969965548
3.9371926868257	1.72364294570268
0.450381512800541	0.180653903003855
0.151061641523147	0.0578640062767647
2.74623391003023	1.67929174095854
1.62422145462892	1.1396922429355
-0.51438298636481	0.194118813219938
-0.516445778893015	0.194901695063007
0.153179217844522	0.0518679803975777
0.15720106235998	0.0682873543298083
-0.400584458545445	0.167094841498618
-0.523032334451301	0.197668387893991
0.674015164989584	0.213380808783075
0.14524068546092	0.0630163055971016
0.529323457472478	0.189545567502798
-0.339136742629042	0.0971078731889835
0.174933567082256	0.0439573605408891
-1.02898348346107	0.406801986959436
-0.719030595483876	0.245557497516708
-1.13238809108681	0.341172314702962
-0.220606538471739	0.071036835690658
-0.727448344122682	0.248733405286411
0.154392805413983	0.0522705690038812
-1.27347474159349	0.571712615994456
-0.338530582329419	0.0969729638077002
-1.8089357158134	0.732560649928647
-0.517825107309169	0.195474359908123
-1.12881513859764	0.339906487322227
2.75805496536761	0.766752929661107
-1.02194301820446	0.403479228390162
-3.45284250285449	1.22194559695964
-1.7975657981284	0.379599665892429
-1.51042707521765	0.53568486067596
-2.57472877667238	0.65760345889815
2.76197196120423	0.768541369225187
-2.06503800706302	0.936339193932813
-1.80127875869	0.380587746892248
0.163853552605343	0.0487595972376143
-3.46203039962393	1.22659715101116
0.956455214607419	0.253949648163622
-0.621333103088639	0.151104040920032
0.158989511121608	0.0298299152293259
0.955450516302873	0.253599562429476
-0.720182828019212	0.246166050990353
0.164122988767051	0.0488286730136595
-1.12492122665638	0.338668219085241
0.679297187320958	0.21511425797511
0.956021254579335	0.253830462538477
0.958855818540361	0.254543321351908
-2.57472877667238	0.65760345889815
-0.3395018260887	0.0972061822975938
0.163853552605343	0.0487595972376143
0.951724523631597	0.252769110062367
-0.619895187822925	0.150839789138775
-3.07750490916701	0.956880231933195
0.155282002123357	0.02934225636165
0.175496922320134	0.0440701137079318
0.159251072645633	0.0298673857617753
-0.719585944508868	0.245867637672296
-0.33507409718716	0.0959919997809414
0.173940988172143	0.0437550114519682
0.178378460373537	0.04470234426639
-1.7975657981284	0.379599665892429
0.15823182603157	0.0297179405544109
-3.75288411079685	1.47718399320021
-2.57447078703937	0.657780381714024
0.173378039987466	0.0436162262322836
0.15823182603157	0.0297179405544109
-1.80127875869	0.380587746892248
-1.12881513859764	0.339906487322227
-0.338896474896558	0.0970421752101679
-1.81139863683783	0.733838743939283
1.95879552552655	0.437985228139192
0.960305402281055	0.254935680101795
2.12325323580269	0.948602765952738
0.159042375477486	0.0473891494040675
3.64101793434512	1.43134239135362
1.04820337717753	0.396233859144257
1.95879552552655	0.437985228139192
0.154141692684137	0.0521718492986209
0.155654248259732	0.0596277325693144
1.45750864016971	0.482642955020513
0.827062362966711	0.347535018691045
-0.608806503575433	0.292446552009385
2.36121094029696	1.17903949937985
-0.212700860727539	0.0685566980358174
0.956455214607419	0.253949648163622
0.165007048838445	0.0490553112296366
-0.388565623699071	0.161605945390862
0.819227685269736	0.343693096468269
2.11869185323705	0.945764565994132
-0.718081625995024	0.245384533690959
-0.718081625995024	0.245384533690959
-0.0894092947757984	0.0355456257938817
-0.620473624670499	0.150917804175241
-0.620326325745573	0.150885642821786
0.159251072645633	0.0298673857617753
-2.57821111666453	0.659475059970799
3.26732978575294	1.1211772426211
-0.217846843502484	0.0701143757601707
0.159251072645633	0.0298673857617753
-0.510379067126921	0.192441822441501
0.152710912659065	0.0455938151669409
0.669117736352227	0.211726956826849
0.957025852492456	0.254006696314478
-1.02790181469622	0.406358338825706
-1.79763019308962	0.379603777700996
0.15357905718361	0.0520023014569825
-0.620326325745573	0.150885642821786
1.82755032422624	0.713907775987463
0.173378039987466	0.0436162262322836
0.174933567082256	0.0439573605408891
-0.720199314130701	0.246072307343885
-2.57472877667238	0.65760345889815
0.673656731319726	0.21327169490293
-0.76214123352966	0.33051798936009
0.675591354383564	0.213968352567141
-0.3395018260887	0.0972061822975938
-0.724110175343364	0.247660897147714
-2.57421277656498	0.657506382974291
-1.81413444396294	0.735290551794613
0.956021254579335	0.253830462538477
-3.08160228540496	0.95864568534502
-3.75288411079685	1.47718399320021
0.955450516302873	0.253599562429476
0.535792147849724	0.191926967879844
-3.07793266340176	0.957013587093989
0.674015164989584	0.213380808783075
-0.620903335937371	0.151058535991718
3.26732978575294	1.1211772426211
0.67498185747701	0.213690207850534
0.154259314455831	0.0291924198815566
1.95793128711136	0.437766051086387
1.95879552552655	0.437985228139192
0.174933567082256	0.0439573605408891
-1.81352302981117	0.735065306555984
0.157971563808893	0.0296806747786729
-1.7975657981284	0.379599665892429
0.159251072645633	0.0298673857617753
-0.718081625995024	0.245384533690959
0.175496922320134	0.0440701137079318
2.76197196120423	0.768541369225187
2.75704467106166	0.766025498669684
0.157971563808893	0.0296806747786729
-0.624183598429151	0.151840837481169
-1.12725353624624	0.339405023147411
-1.7975657981284	0.379599665892429
0.157971563808893	0.0296806747786729
-2.57472877667238	0.65760345889815
0.155282002123357	0.02934225636165
1.82613678624155	0.713003331156764
2.11780862301852	0.945248734413775
-1.12435877083653	0.338493350823416
0.677105074382106	0.214332831776124
0.159251072645633	0.0298673857617753
0.675232747867266	0.213789953820415
0.15823182603157	0.0297179405544109
1.3329197605053	0.581616348611346
1.07552022967252	0.520537976775802
-0.338395647029448	0.0969382934539019
1.96141436018454	0.438711417164155
2.12482393991542	0.949177318529429
0.542398569184694	0.194373596774309
0.525378140173977	0.188039309051153
0.174503749901052	0.0438676710334476
-1.51494510157249	0.537750180976637
0.530762262945688	0.190122868111177
2.75805496536761	0.766752929661107
2.1121531485807	0.941533736053687
0.173940988172143	0.0437550114519682
-0.523547828805167	0.197923268795224
-3.45228414088993	1.22181665198441
0.676200627845659	0.214099921395796
-2.06780514452654	0.938309132013353
-1.02194301820446	0.403479228390162
-1.5094475769206	0.535248673690833
-3.07793266340176	0.957013587093989
-1.51042707521765	0.53568486067596
0.16190498991222	0.0302625824147867
2.75805496536761	0.766752929661107
2.12237275162321	0.948156957082224
3.26938718630885	1.12163262119223
-0.335438661955823	0.0961186879895653
0.823642509432085	0.345787097083453
-1.79763019308962	0.379603777700996
0.16323818852145	0.0485873708307168
0.676200627845659	0.214099921395796
-2.57447078703937	0.657780381714024
-0.221443869104186	0.0712956025102242
-3.08247559880565	0.958940682858076
0.159304296973707	0.0474668185471716
2.12087192734391	0.947138368475404
-1.81139863683783	0.733838743939283
-1.12669343566207	0.339109154533815
-3.45172595803352	1.22146685013561
1.83259355517544	0.716473450995655
-3.07836047129561	0.956774727997911
-2.62880003263337	1.60629319399017
-1.12937501458112	0.339964434622374
-0.628944872553404	0.15292393261527
0.157971563808893	0.0296806747786729
-1.12781381973937	0.339579374120096
0.158989511121608	0.0298299152293259
1.96141436018454	0.438711417164155
2.75805496536761	0.766752929661107
-1.50634046210702	0.533909618105069
2.12149136184524	0.947562188308172
-1.12937501458112	0.339964434622374
2.76095211479574	0.768066673537379
-0.625191995446008	0.152059991852936
1.95793128711136	0.437766051086387
-2.57821111666453	0.659475059970799
0.176818183184722	0.0443715906559113
2.75805496536761	0.766752929661107
0.159251072645633	0.0298673857617753
0.955450516302873	0.253599562429476
0.955450516302873	0.253599562429476
-1.79763019308962	0.379603777700996
-1.79763019308962	0.379603777700996
-1.80127875869	0.380587746892248
0.162171049505848	0.0303007576998756
-0.222038342595648	0.0714812050319378
-1.12825544522804	0.339732258677114
1.46209127003869	0.484377128190959
2.76197196120423	0.768541369225187
3.27025913837768	1.12233669524588
2.11780862301852	0.945248734413775
-2.57447078703937	0.657780381714024
2.76095211479574	0.768066673537379
-1.7975657981284	0.379599665892429
-0.620326325745573	0.150885642821786
0.158989511121608	0.0298299152293259
-1.13338534815793	0.341498686250824
-0.620326325745573	0.150885642821786
0.158989511121608	0.0298299152293259
-2.57447078703937	0.657780381714024
-0.34307485466429	0.0982470421897248
1.46109938210879	0.484014060767982
2.75704467106166	0.766025498669684
2.75805496536761	0.766752929661107
0.956021254579335	0.253830462538477
0.161251818326068	0.0544824959834337
1.33627269313236	0.583274378319538
2.11869185323705	0.945764565994132
0.673656731319726	0.21327169490293
0.395695877646277	0.178843013676337
1.042990826383	0.394180541091972
0.16323818852145	0.0485873708307168
0.14330731122188	0.0549792272833062
-0.222038342595648	0.0714812050319378
-3.4565767152091	1.22430361707387
0.674624067917918	0.213658555919133
0.821702674554677	0.344654791656887
-3.4565767152091	1.22430361707387
-1.12725353624624	0.339405023147411
-1.8149232942067	0.735809301570227
0.536386835238158	0.192220018139766
-1.80832523237299	0.732158700929159
1.83417843227406	0.717062027537897
-0.620903335937371	0.151058535991718
0.159251072645633	0.0298673857617753
1.46166504880046	0.484245680586438
0.15823182603157	0.0297179405544109
-3.07793266340176	0.957013587093989
-0.620326325745573	0.150885642821786
-0.337924641037297	0.0968088152153293
-3.07793266340176	0.957013587093989
0.15823182603157	0.0297179405544109
-1.13182284417153	0.340904867919198
-1.12881513859764	0.339906487322227
0.167164301060576	0.0496616909525181
-0.214973425440132	0.0692286309045475
-1.12725353624624	0.339405023147411
0.165128927197839	0.0417247285037095
1.46398903776532	0.484992681122713
2.74246173720788	1.67440004660635
-0.621333103088639	0.151104040920032
0.442746084081858	0.177485883285209
3.93198447308087	1.71970480916132
0.16190498991222	0.0302625824147867
-1.01881976284329	0.401954931656393
1.95793128711136	0.437766051086387
-0.145998858470167	0.0521932143692289
0.158989511121608	0.0298299152293259
2.76197196120423	0.768541369225187
1.46010735547628	0.483457516052687
1.04577073722875	0.395582052714565
-1.79763019308962	0.379603777700996
0.16934280349587	0.0427080042196444
-2.57447078703937	0.657780381714024
0.956021254579335	0.253830462538477
1.95879552552655	0.437985228139192
-3.07836047129561	0.956774727997911
0.174503749901052	0.0438676710334476
0.956455214607419	0.253949648163622
-2.57447078703937	0.657780381714024
-2.57472877667238	0.65760345889815
-1.12379649940684	0.33819735561451
-0.344042706429557	0.0984794926451442
-3.45284250285449	1.22194559695964
3.9371926868257	1.72364294570268
-0.3395018260887	0.0972061822975938
0.177247192199527	0.0444492499698682
-3.07750490916701	0.956880231933195
-1.80127875869	0.380587746892248
-1.7975657981284	0.379599665892429
-0.616620021012413	0.150099962492625
-2.57472877667238	0.65760345889815
0.668504270521836	0.211524693005927
0.172385921068679	0.0433875285709768
0.171653101789031	0.0431973221484952
-0.3395018260887	0.0972061822975938
2.76489171529978	0.769665555456845
-2.57847696185857	0.659529736545688
-3.07793266340176	0.957013587093989
0.158989511121608	0.0298299152293259
0.15823182603157	0.0297179405544109
0.674624067917918	0.213658555919133
0.157971563808893	0.0296806747786729
0.164122988767051	0.0488286730136595
3.27129205644114	1.12317050813274
-2.57421277656498	0.657506382974291
2.11842867036876	0.945672460079198
0.153840893380625	0.0459113648780663
1.82851727583204	0.714435845516616
-0.394761800291529	0.164395031124499
-0.509822689539423	0.192218875495193
-1.12781381973937	0.339579374120096
-0.71869462645605	0.245625159522256
0.444874852039873	0.178402850014281
0.168774858509076	0.0425819447497206
-0.334830546749113	0.0959542136262779
-0.719307886400812	0.245829792820617
-2.07095503900868	0.940306066070207
-0.047974491399514	0.0209785835113129
0.151873414100974	0.0581755081573951
0.155633462099864	0.0526590412092563
-0.337559379634888	0.0966770330278957
-0.0983094882699554	0.0389944655091387
0.15823182603157	0.0297179405544109
0.149267042865243	0.0571682270212861
-0.619895187822925	0.150839789138775
-0.342107054910445	0.0979510037894855
1.95879552552655	0.437985228139192
1.46265753359042	0.48460907431551
0.956021254579335	0.253830462538477
2.76197196120423	0.768541369225187
0.159251072645633	0.0298673857617753
1.46789226342383	0.486336319771629
2.76095211479574	0.768066673537379
-1.79763019308962	0.379603777700996
1.46398903776532	0.484992681122713
0.175496922320134	0.0440701137079318
0.16190498991222	0.0302625824147867
3.6430217955396	1.43205157105291
-3.07793266340176	0.957013587093989
0.157971563808893	0.0296806747786729
-1.7975657981284	0.379599665892429
3.93297854230234	1.72057752612902
-0.337924641037297	0.0968088152153293
1.95793128711136	0.437766051086387
-1.02671683891162	0.40581238098729
2.7590679263751	0.76692961097815
0.153830475350601	0.0520893555087474
-0.620903335937371	0.151058535991718
-2.57472877667238	0.65760345889815
0.15823182603157	0.0297179405544109
0.957461191854986	0.254126256439643
0.17294827606403	0.0435260072159332
1.45941385003452	0.483259882361236
0.17351044503084	0.0436385160120603
0.15823182603157	0.0297179405544109
-0.340107395831878	0.0973408882698726
1.4655515469736	0.485738470948645
3.26938718630885	1.12163262119223
-0.619895187822925	0.150839789138775
-2.07121964727456	0.940607959344417
0.15823182603157	0.0297179405544109
0.159251072645633	0.0298673857617753
0.673656731319726	0.21327169490293
-3.4565767152091	1.22430361707387
0.960305402281055	0.254935680101795
1.95793128711136	0.437766051086387
1.46010735547628	0.483457516052687
2.75805496536761	0.766752929661107
1.96141436018454	0.438711417164155
0.173378039987466	0.0436162262322836
1.95793128711136	0.437766051086387
-3.07750490916701	0.956880231933195
0.174503749901052	0.0438676710334476
-2.57447078703937	0.657780381714024
-2.57421277656498	0.657506382974291
-3.07750490916701	0.956880231933195
-0.620473624670499	0.150917804175241
3.64611189084925	1.43374127140597
-1.79763019308962	0.379603777700996
-0.217493795516912	0.0700823766807278
0.956455214607419	0.253949648163622
-0.620903335937371	0.151058535991718
0.820031775910475	0.344053152724765
-0.517264023236703	0.195228260106643
0.676639067838878	0.214128030995098
1.32563884437594	0.577224524227625
0.956455214607419	0.253949648163622
-0.617055950695462	0.150241664375452
0.957461191854986	0.254126256439643
0.158989511121608	0.0298299152293259
0.960305402281055	0.254935680101795
2.36037500052639	1.17841315078791
2.35723904585872	1.17582872753309
-0.715646834778114	0.244453295526364
-0.523032334451301	0.197668387893991
3.93297854230234	1.72057752612902
0.535308159768992	0.19186644934071
-1.7975657981284	0.379599665892429
-0.60574529374761	0.29060491643883
1.04427198623154	0.394656801502761
-1.7975657981284	0.379599665892429
1.33710585560825	0.583558054446079
1.46789226342383	0.486336319771629
-2.57472877667238	0.65760345889815
-0.339979595307007	0.0973896500376519
-0.222876920203916	0.0717168348737093
-1.5094475769206	0.535248673690833
0.16105524064842	0.0782846255028592
0.955450516302873	0.253599562429476
1.95879552552655	0.437985228139192
0.957461191854986	0.254126256439643
2.75805496536761	0.766752929661107
2.7590679263751	0.76692961097815
-1.12725353624624	0.339405023147411
-1.12669343566207	0.339109154533815
1.04272737841263	0.394268038065867
0.956455214607419	0.253949648163622
-0.216657809109618	0.0697687117469907
0.168774858509076	0.0425819447497206
0.157971563808893	0.0296806747786729
1.95879552552655	0.437985228139192
-3.45228414088993	1.22181665198441
0.955017933589342	0.253480850166851
1.95879552552655	0.437985228139192
1.04122776355439	0.393435934346114
-0.215221304062718	0.0693199317381142
0.52764029394331	0.188938300410242
1.34229832146927	0.58625118773815
0.675232747867266	0.213789953820415
0.168662278675518	0.0500652630774407
-0.335438661955823	0.0961186879895653
0.669467631715225	0.211908752948447
1.33208469099746	0.58115584608196
-2.57421277656498	0.657506382974291
2.75805496536761	0.766752929661107
-2.57447078703937	0.657780381714024
0.172385921068679	0.0433875285709768
0.157971563808893	0.0296806747786729
3.64611189084925	1.43374127140597
2.75704467106166	0.766025498669684
-1.80954645465925	0.732873371181045
1.95793128711136	0.437766051086387
0.157971563808893	0.0296806747786729
2.75805496536761	0.766752929661107
0.957025852492456	0.254006696314478
0.176818183184722	0.0443715906559113
0.174503749901052	0.0438676710334476
-3.08203891306948	0.959069086853276
-1.50982433145335	0.535480148233091
-0.335438661955823	0.0961186879895653
0.957461191854986	0.254126256439643
-1.12781381973937	0.339579374120096
0.15823182603157	0.0297179405544109
-1.7975657981284	0.379599665892429
-1.7975657981284	0.379599665892429
0.159251072645633	0.0298673857617753
-1.81291187157146	0.734751884578751
-1.79763019308962	0.379603777700996
-1.7975657981284	0.379599665892429
-2.57447078703937	0.657780381714024
0.159251072645633	0.0298673857617753
-1.50982433145335	0.535480148233091
3.26835783601252	1.12163011968705
1.042990826383	0.394180541091972
-1.7975657981284	0.379599665892429
-3.45116795416625	1.22074097588692
-0.61946410648704	0.150698865008898
0.160441464978412	0.0542265991412075
-0.337318918589577	0.0966140796949229
-0.625191995446008	0.152059991852936
-0.523287577810495	0.197683280030088
0.157971563808893	0.0296806747786729
1.95879552552655	0.437985228139192
-1.79763019308962	0.379603777700996
0.160074286117218	0.0613076127048796
0.159251072645633	0.0298673857617753
2.7590679263751	0.76692961097815
-0.337924641037297	0.0968088152153293
-0.767548516176215	0.333001950403129
-0.596963280437047	0.285905141190798
1.95879552552655	0.437985228139192
-0.718081625995024	0.245384533690959
1.83223894779093	0.716336716062103
-3.07750490916701	0.956880231933195
-0.619895187822925	0.150839789138775
0.818422599411602	0.343294101023506
0.53158177076108	0.190397794536914
0.154643798015002	0.0523504544120162
0.534117853643867	0.191343177429969
0.675591354383564	0.213968352567141
-0.0922060904674837	0.0366063341437637
-0.0902375746558826	0.0358652242220136
0.163853552605343	0.0487595972376143
-0.337318918589577	0.0966140796949229
0.958855818540361	0.254543321351908
0.675591354383564	0.213968352567141
0.678685727410979	0.214982042405379
-3.08247559880565	0.958940682858076
-0.338291342092883	0.0968475173314605
0.151383672100152	0.0579893158462332
0.156699366808556	0.053003974525284
1.33124526814043	0.580684485642859
-0.728062611221892	0.249009139075467
-3.08247559880565	0.958940682858076
1.95879552552655	0.437985228139192
0.955017933589342	0.253480850166851
0.162622561049093	0.0484009930995383
1.95793128711136	0.437766051086387
1.95793128711136	0.437766051086387
1.04603323538674	0.395528149844171
0.172385921068679	0.0433875285709768
1.33232181501832	0.581040506436256
0.673656731319726	0.21327169490293
-1.79763019308962	0.379603777700996
-1.51912822307193	0.53933700716578
2.76095211479574	0.768066673537379
-3.07793266340176	0.957013587093989
0.167786821496111	0.0423548811213711
0.178378460373537	0.04470234426639
-1.5094475769206	0.535248673690833
1.46038697821947	0.912396665078147
-0.617055950695462	0.150241664375452
2.36013744660075	1.17813630566845
0.679297187320958	0.21511425797511
-1.13238809108681	0.341172314702962
-1.50884424560785	0.535043767502043
0.678074042401891	0.214702481365457
1.33375387884323	0.582007204647003
0.173940988172143	0.0437550114519682
2.75704467106166	0.766025498669684
0.158687948318654	0.0472850694532285
0.173940988172143	0.0437550114519682
-0.334465167213362	0.0958562903993202
0.956021254579335	0.253830462538477
-1.81799459045243	0.737492070536281
3.64101793434512	1.43134239135362
1.83126911611682	0.715624907230154
-0.619895187822925	0.150839789138775
1.95879552552655	0.437985228139192
0.168354166613062	0.0424807140134561
1.95793128711136	0.437766051086387
-3.07793266340176	0.957013587093989
-0.619895187822925	0.150839789138775
-1.80127875869	0.380587746892248
-1.12781381973937	0.339579374120096
0.173940988172143	0.0437550114519682
0.957025852492456	0.254006696314478
-0.621333103088639	0.151104040920032
0.157971563808893	0.0296806747786729
-0.61946410648704	0.150698865008898
0.960305402281055	0.254935680101795
1.46654605141329	0.485981855384374
1.46166504880046	0.484245680586438
0.669467631715225	0.211908752948447
3.27232628525746	1.12331698634376
-1.81827955350507	0.737738285564138
0.958855818540361	0.254543321351908
0.15823182603157	0.0297179405544109
-0.620903335937371	0.151058535991718
1.95879552552655	0.437985228139192
0.954564259091026	0.253482299647149
1.95793128711136	0.437766051086387
1.82816209415628	0.714241631039221
-2.57472877667238	0.65760345889815
0.158989511121608	0.0298299152293259
-0.624183598429151	0.151840837481169
3.27025913837768	1.12233669524588
-0.343432234206214	0.0982903961052269
0.159251072645633	0.0298673857617753
-1.51433726696095	0.537497293520418
-2.57447078703937	0.657780381714024
-2.57447078703937	0.657780381714024
0.169762747888229	0.0427831084845497
0.158989511121608	0.0298299152293259
-1.79763019308962	0.379603777700996
0.160181680996089	0.0476913583633166
-2.57447078703937	0.657780381714024
3.64101793434512	1.43134239135362
-1.7975657981284	0.379599665892429
-1.79763019308962	0.379603777700996
0.168774858509076	0.0425819447497206
-0.144419938894036	0.0516441997824019
0.162622561049093	0.0484009930995383
-0.339979595307007	0.0973896500376519
2.75805496536761	0.766752929661107
0.165007048838445	0.0490553112296366
-1.81262047956212	0.734554727038592
3.26630303248094	1.12023058934939
1.46265753359042	0.48460907431551
3.64508196443781	1.43367348655271
1.0418455851348	0.393863567086238
1.82755032422624	0.713907775987463
0.959294652844364	0.254663957360155
0.17294827606403	0.0435260072159332
-1.12781381973937	0.339579374120096
-0.625630686390319	0.152156798395567
0.174503749901052	0.0438676710334476
0.955450516302873	0.253599562429476
-0.393420370607224	0.163835415649594
4.18170057785173	2.00511479061407
-0.51438298636481	0.194118813219938
0.177812920485068	0.0445891130396879
-0.213293977179729	0.0687362131681472
1.04158071586996	0.393480759170511
0.669117736352227	0.211726956826849
0.167164301060576	0.0496616909525181
0.956455214607419	0.253949648163622
1.46209127003869	0.484377128190959
0.678074042401891	0.214702481365457
0.162171049505848	0.0303007576998756
0.172385921068679	0.0433875285709768
0.17294827606403	0.0435260072159332
0.670430931165646	0.212216518896251
0.173378039987466	0.0436162262322836
-1.12669343566207	0.339109154533815
-0.342107054910445	0.0979510037894855
0.16190498991222	0.0302625824147867
0.957025852492456	0.254006696314478
2.75805496536761	0.766752929661107
1.95793128711136	0.437766051086387
0.535308159768992	0.19186644934071
0.17294827606403	0.0435260072159332
0.158989511121608	0.0298299152293259
1.04665020030324	0.395956904990197
2.76095211479574	0.768066673537379
0.173940988172143	0.0437550114519682
-0.337559379634888	0.0966770330278957
-1.12492122665638	0.338668219085241
-3.45116795416625	1.22074097588692
1.95793128711136	0.437766051086387
-0.620903335937371	0.151058535991718
-0.620903335937371	0.151058535991718
0.173940988172143	0.0437550114519682
1.82912964257087	0.714770179842855
-0.620903335937371	0.151058535991718
0.159251072645633	0.0298673857617753
-1.12725353624624	0.339405023147411
-1.51336055363438	0.537061579976289
0.955573890382782	0.253753322308027
-0.624623675797245	0.151937920429117
1.95879552552655	0.437985228139192
-1.7975657981284	0.379599665892429
0.154259314455831	0.0291924198815566
-2.57421277656498	0.657506382974291
0.959865181244613	0.254814612498812
3.64405193165419	1.43312407887711
0.957025852492456	0.254006696314478
0.15823182603157	0.0297179405544109
0.955017933589342	0.253480850166851
-0.620903335937371	0.151058535991718
0.157971563808893	0.0296806747786729
-2.57447078703937	0.657780381714024
1.46067242606004	0.483688692701864
-0.619895187822925	0.150839789138775
-0.620903335937371	0.151058535991718
-1.12781381973937	0.339579374120096
-1.12781381973937	0.339579374120096
-0.3395018260887	0.0972061822975938
-2.57447078703937	0.657780381714024
-3.07750490916701	0.956880231933195
0.15823182603157	0.0297179405544109
0.15823182603157	0.0297179405544109
-0.625191995446008	0.152059991852936
1.95879552552655	0.437985228139192
1.95879552552655	0.437985228139192
-1.7975657981284	0.379599665892429
-0.715034146888943	0.244213254744201
0.15823182603157	0.0297179405544109
0.956021254579335	0.253830462538477
0.669467631715225	0.211908752948447
-0.338530582329419	0.0969729638077002
0.823642509432085	0.345787097083453
0.160845141692418	0.0478627209943367
-1.50922180218546	0.535188573690381
-0.765393886375822	0.332069371790106
1.05974888306597	0.51069632906127
0.145398461013712	0.0557365202339078
0.674143348272808	0.213431626689393
-0.518386429636852	0.195700313035901
0.534470172870219	0.191495164180491
0.665855845614413	0.210630560292204
1.3329197605053	0.581616348611346
0.175496922320134	0.0440701137079318
0.155282002123357	0.02934225636165
0.958855818540361	0.254543321351908
2.11842867036876	0.945672460079198
0.959294652844364	0.254663957360155
1.95879552552655	0.437985228139192
-0.221795146446767	0.0713909265902863
1.04422575936648	0.394740889448914
1.46498308680977	0.485505347800691
0.15823182603157	0.0297179405544109
0.145407797690339	0.0493107212790436
-1.12937501458112	0.339964434622374
0.682410767649726	0.216016306234615
0.675948496687313	0.213928974911644
0.82202118409377	0.344824422480644
0.668954723733744	0.211640160593954
2.35723904585872	1.17582872753309
-0.342718944466085	0.0980961923569006
1.82851727583204	0.714435845516616
0.172385921068679	0.0433875285709768
1.57641681681789	0.782645066717777
-1.0275611383961	0.406046323242829
0.154392805413983	0.0522705690038812
-0.337924641037297	0.0968088152153293
-0.718972834438042	0.245626954230634
3.93198447308087	1.71970480916132
0.176818183184722	0.0443715906559113
-1.0213509823134	0.403162852904808
1.82755032422624	0.713907775987463
0.158989511121608	0.0298299152293259
0.167164301060576	0.0496616909525181
0.951724523631597	0.252769110062367
0.674624067917918	0.213658555919133
1.95879552552655	0.437985228139192
-1.79763019308962	0.379603777700996
0.158989511121608	0.0298299152293259
0.174503749901052	0.0438676710334476
2.76197196120423	0.768541369225187
0.15823182603157	0.0297179405544109
-0.625630686390319	0.152156798395567
2.75805496536761	0.766752929661107
-0.621333103088639	0.151104040920032
0.165128927197839	0.0417247285037095
-0.61946410648704	0.150698865008898
-0.620903335937371	0.151058535991718
0.673656731319726	0.21327169490293
0.955450516302873	0.253599562429476
-1.7975657981284	0.379599665892429
-2.57447078703937	0.657780381714024
0.159042375477486	0.0473891494040675
0.16190498991222	0.0302625824147867
0.955450516302873	0.253599562429476
-0.620326325745573	0.150885642821786
0.162171049505848	0.0303007576998756
3.26732978575294	1.1211772426211
0.166279076961167	0.0494077549790747
-0.337559379634888	0.0966770330278957
-2.57421277656498	0.657506382974291
-1.12769593434811	0.339436368028373
0.444073873433415	0.178068157695179
1.03071537054146	0.388537763130569
-1.79763019308962	0.379603777700996
0.954564259091026	0.253482299647149
2.75805496536761	0.766752929661107
3.6399901361893	1.43067029650081
-2.57847696185857	0.659529736545688
2.75704467106166	0.766025498669684
-3.07750490916701	0.956880231933195
0.157971563808893	0.0296806747786729
-2.57472877667238	0.65760345889815
0.172643132163515	0.0434132410698589
-0.624183598429151	0.151840837481169
0.16934280349587	0.0427080042196444
3.26835783601252	1.12163011968705
0.162968126753743	0.0485024678975847
-0.629952122229771	0.153143156080765
-0.334465167213362	0.0958562903993202
1.95879552552655	0.437985228139192
1.46498308680977	0.485505347800691
1.4604038372023	0.483769829709272
0.173940988172143	0.0437550114519682
2.75704467106166	0.766025498669684
-1.7975657981284	0.379599665892429
0.960305402281055	0.254935680101795
-0.624183598429151	0.151840837481169
-3.07750490916701	0.956880231933195
-1.13395018438652	0.341592389781504
-3.07750490916701	0.956880231933195
0.174933567082256	0.0439573605408891
-0.715034146888943	0.244213254744201
1.3329197605053	0.581616348611346
-0.216409245079586	0.0696890647462961
1.82755032422624	0.713907775987463
0.452290871775091	0.181603858248631
-3.45228414088993	1.22181665198441
-0.723495739913315	0.247436366504984
-3.07750490916701	0.956880231933195
0.174370024960364	0.0438183729016174
0.956021254579335	0.253830462538477
0.672009433869294	0.212657302786874
0.902664347437834	0.487839394618679
1.04577073722875	0.395582052714565
3.6399901361893	1.43067029650081
0.827624029735347	0.347817645508971
0.156786369735488	0.0600531003016552
0.963167670198133	0.255599708567411
3.26630303248094	1.12023058934939
0.16934280349587	0.0427080042196444
0.168354166613062	0.0424807140134561
0.157971563808893	0.0296806747786729
-0.620473624670499	0.150917804175241
0.159251072645633	0.0298673857617753
0.176253051776925	0.0442319878724308
0.448801914188458	0.180022361022821
0.955450516302873	0.253599562429476
-1.12725353624624	0.339405023147411
2.75805496536761	0.766752929661107
1.95793128711136	0.437766051086387
3.26732978575294	1.1211772426211
1.46265753359042	0.48460907431551
0.158202431453599	0.0297753629586498
0.16934280349587	0.0427080042196444
-2.57847696185857	0.659529736545688
-0.338896474896558	0.0970421752101679
-0.517668923750522	0.195479102918633
-0.213293977179729	0.0687362131681472
3.93596056683758	1.72156267859286
0.956021254579335	0.253830462538477
0.158989511121608	0.0298299152293259
0.163853552605343	0.0487595972376143
2.7590679263751	0.76692961097815
-1.81553520956245	0.735895954481222
-1.79763019308962	0.379603777700996
0.957461191854986	0.254126256439643
0.172385921068679	0.0433875285709768
1.4604038372023	0.483769829709272
-0.621333103088639	0.151104040920032
1.95879552552655	0.437985228139192
-1.0225353038078	0.403750407139113
-1.12769593434811	0.339436368028373
-2.57447078703937	0.657780381714024
2.7590679263751	0.76692961097815
0.956455214607419	0.253949648163622
-0.619895187822925	0.150839789138775
0.956021254579335	0.253830462538477
-1.80127875869	0.380587746892248
-3.45172595803352	1.22146685013561
3.27232628525746	1.12331698634376
1.46109938210879	0.484014060767982
1.46498308680977	0.485505347800691
-0.148657964089298	0.0531605470203103
0.157971563808893	0.0296806747786729
0.159251072645633	0.0298673857617753
2.75805496536761	0.766752929661107
-1.79763019308962	0.379603777700996
-2.57847696185857	0.659529736545688
-0.620326325745573	0.150885642821786
1.95793128711136	0.437766051086387
1.95879552552655	0.437985228139192
2.75805496536761	0.766752929661107
2.75704467106166	0.766025498669684
1.95879552552655	0.437985228139192
1.95793128711136	0.437766051086387
1.95793128711136	0.437766051086387
1.95879552552655	0.437985228139192
-1.7975657981284	0.379599665892429
-3.07750490916701	0.956880231933195
-0.337924641037297	0.0968088152153293
1.45941385003452	0.483259882361236
-0.160489250037665	0.0573083156767174
-0.61946410648704	0.150698865008898
0.158989511121608	0.0298299152293259
0.174503749901052	0.0438676710334476
0.159251072645633	0.0298673857617753
-0.620903335937371	0.151058535991718
1.95793128711136	0.437766051086387
1.95879552552655	0.437985228139192
0.157971563808893	0.0296806747786729
-1.7975657981284	0.379599665892429
-1.12781381973937	0.339579374120096
0.679042954927262	0.214964314584285
0.172385921068679	0.0433875285709768
-2.57472877667238	0.65760345889815
0.956021254579335	0.253830462538477
0.15823182603157	0.0297179405544109
2.12149136184524	0.947562188308172
0.17294827606403	0.0435260072159332
1.04360842637382	0.394608583742794
0.955450516302873	0.253599562429476
0.15823182603157	0.0297179405544109
1.46109938210879	0.484014060767982
1.03642094901871	0.391350967824649
-0.619895187822925	0.150839789138775
1.0433448222306	0.394400438672122
0.154259314455831	0.0291924198815566
0.15823182603157	0.0297179405544109
3.93596056683758	1.72156267859286
0.956021254579335	0.253830462538477
0.151787472514646	0.0514129164609266
-1.02397803869404	0.404213941370604
1.83045100463037	0.715045718111181
-0.619895187822925	0.150839789138775
-2.57421277656498	0.657506382974291
0.157971563808893	0.0296806747786729
2.75805496536761	0.766752929661107
1.95879552552655	0.437985228139192
1.96141436018454	0.438711417164155
0.157971563808893	0.0296806747786729
0.162171049505848	0.0303007576998756
-3.45284250285449	1.22194559695964
-0.619895187822925	0.150839789138775
0.957461191854986	0.254126256439643
1.46654605141329	0.485981855384374
0.166279076961167	0.0494077549790747
0.158989511121608	0.0298299152293259
-1.12881513859764	0.339906487322227
0.532196819047093	0.190683131950839
-1.7975657981284	0.379599665892429
-1.79763019308962	0.379603777700996
-0.335438661955823	0.0961186879895653
-0.719307886400812	0.245829792820617
-1.80127875869	0.380587746892248
1.04272737841263	0.394268038065867
0.162171049505848	0.0303007576998756
0.67498185747701	0.213690207850534
2.75805496536761	0.766752929661107
0.957461191854986	0.254126256439643
1.95879552552655	0.437985228139192
1.95793128711136	0.437766051086387
1.95793128711136	0.437766051086387
0.158989511121608	0.0298299152293259
0.956021254579335	0.253830462538477
0.15823182603157	0.0297179405544109
-0.620903335937371	0.151058535991718
0.157971563808893	0.0296806747786729
1.95879552552655	0.437985228139192
0.676200627845659	0.214099921395796
0.15823182603157	0.0297179405544109
1.95879552552655	0.437985228139192
-0.616620021012413	0.150099962492625
0.157971563808893	0.0296806747786729
0.174933567082256	0.0439573605408891
0.157971563808893	0.0296806747786729
2.75805496536761	0.766752929661107
0.169762747888229	0.0427831084845497
-0.624183598429151	0.151840837481169
2.75805496536761	0.766752929661107
1.95879552552655	0.437985228139192
0.956455214607419	0.253949648163622
1.95793128711136	0.437766051086387
2.75805496536761	0.766752929661107
0.15823182603157	0.0297179405544109
1.95793128711136	0.437766051086387
1.95793128711136	0.437766051086387
-2.57447078703937	0.657780381714024
1.95879552552655	0.437985228139192
-2.57447078703937	0.657780381714024
1.95793128711136	0.437766051086387
-3.07750490916701	0.956880231933195
-0.723495739913315	0.247436366504984
0.15823182603157	0.0297179405544109
0.956021254579335	0.253830462538477
0.159251072645633	0.0298673857617753
-1.79763019308962	0.379603777700996
0.955450516302873	0.253599562429476
1.33124867503934	0.580623928642544
0.515250516706957	0.328766410075895
-0.0507764477113014	0.022152615614573
-0.302333923982234	0.138875128958208
-2.46687647309564	1.36924337844726
0.34890237433008	0.213795903067663
-0.177271462354291	0.0947066156547375
1.57561119411556	0.781990254778656
-0.3395018260887	0.0972061822975938
0.151383672100152	0.0579893158462332
-1.12492122665638	0.338668219085241
-0.620903335937371	0.151058535991718
2.75805496536761	0.766752929661107
0.158989511121608	0.0298299152293259
0.15823182603157	0.0297179405544109
1.46455689811314	0.485225385720349
3.64204563210395	1.43174087144813
0.15823182603157	0.0297179405544109
1.32813102430531	0.578875818998384
-0.33816613121491	0.0968120886418528
1.83356266561645	0.716725323466989
0.959294652844364	0.254663957360155
-1.13295352450292	0.341266245931736
0.965738201396014	0.660029886603797
0.174370024960364	0.0438183729016174
0.699428692498699	0.327777619884817
2.9088905502814	1.96408794615016
-0.089783731268869	0.0356915480451247
0.145667118465497	0.0632180480350639
-0.396390830144092	0.165162480209876
-0.590168957239124	0.281806250295729
0.146375004827764	0.0561236835186149
0.174370024960364	0.0438183729016174
-1.12781381973937	0.339579374120096
0.154081774580399	0.0521624398881256
1.82495557630994	0.712549465993881
-0.781904194935902	0.425947278062809
-0.975025690161475	0.481805341823015
-0.945742908267119	0.580297100500899
-1.02790181469622	0.406358338825706
-0.303966593051303	0.139618829901122
0.532438411561851	0.190754397880712
-0.097933945147825	0.0388472358046986
-1.02312783931858	0.403977027889059
0.16190498991222	0.0302625824147867
0.154392805413983	0.0522705690038812
1.46654605141329	0.485981855384374
2.7590679263751	0.76692961097815
-1.80127875869	0.380587746892248
1.95879552552655	0.437985228139192
3.64405193165419	1.43312407887711
1.96141436018454	0.438711417164155
-0.619895187822925	0.150839789138775
-3.07836047129561	0.956774727997911
0.157971563808893	0.0296806747786729
0.171653101789031	0.0431973221484952
1.95879552552655	0.437985228139192
0.15823182603157	0.0297179405544109
1.95879552552655	0.437985228139192
2.7590679263751	0.76692961097815
1.95879552552655	0.437985228139192
-1.80127875869	0.380587746892248
0.174933567082256	0.0439573605408891
-1.7975657981284	0.379599665892429
2.75704467106166	0.766025498669684
0.158989511121608	0.0298299152293259
1.4655515469736	0.485738470948645
-1.7975657981284	0.379599665892429
1.95793128711136	0.437766051086387
-1.80127875869	0.380587746892248
1.95793128711136	0.437766051086387
-2.57421277656498	0.657506382974291
1.95879552552655	0.437985228139192
2.76197196120423	0.768541369225187
0.168774858509076	0.0425819447497206
0.442219797808921	0.177210101023049
0.526808022811829	0.188639363777938
2.75805496536761	0.766752929661107
0.956021254579335	0.253830462538477
0.177812920485068	0.0445891130396879
-0.621333103088639	0.151104040920032
0.173378039987466	0.0436162262322836
1.04272737841263	0.394268038065867
-1.79763019308962	0.379603777700996
0.613344492823399	0.322549869736739
0.371199086805428	0.188470096104154
0.157971563808893	0.0296806747786729
-1.7975657981284	0.379599665892429
0.16190498991222	0.0302625824147867
-1.01424801820938	0.399650153844491
0.957025852492456	0.254006696314478
-1.79763019308962	0.379603777700996
-0.621333103088639	0.151104040920032
-1.7975657981284	0.379599665892429
0.554181506197905	0.322713312515279
0.187529747812673	0.134707803983926
0.962941959517666	0.656131797864151
-0.522777207619905	0.197556097300605
-0.768149146543914	0.333720628444705
-0.088956061212454	0.0353722813966378
1.06930848273844	0.516650768430238
0.956455214607419	0.253949648163622
1.95793128711136	0.437766051086387
0.162968126753743	0.0485024678975847
0.161404916560829	0.0479527859441183
0.162171049505848	0.0303007576998756
-0.340107395831878	0.0973408882698726
0.15823182603157	0.0297179405544109
0.173940988172143	0.0437550114519682
-0.61946410648704	0.150698865008898
1.46364987732708	0.48479584486453
1.83572003024131	0.717758246473073
3.27025913837768	1.12233669524588
0.447719113317435	0.179573027507233
-0.239580717862852	0.119884968840648
0.146375004827764	0.0561236835186149
0.164555098479067	0.0800303580220346
-1.12669343566207	0.339109154533815
0.164738242561747	0.0490009495728858
0.152453062620175	0.0516328700929256
1.08426807016626	0.666829226700969
0.530762262945688	0.190122868111177
-1.02730920175823	0.406112820022134
-0.0928698189527956	0.0369039896605711
-0.216063671871124	0.0695794401283131
-1.81200943037821	0.734241478143734
-0.387107194557662	0.160981730893828
0.164122988767051	0.0488286730136595
1.07412410759908	0.519536396231744
-1.50634046210702	0.533909618105069
0.955450516302873	0.253599562429476
-0.339136742629042	0.0971078731889835
-1.66928713365743	0.941180191290827
0.67498185747701	0.213690207850534
-0.338395647029448	0.0969382934539019
-0.145472337378192	0.0520149972990822
0.67498185747701	0.213690207850534
0.689625814508517	0.322344289067171
0.956021254579335	0.253830462538477
0.956455214607419	0.253949648163622
-0.338530582329419	0.0969729638077002
1.0433448222306	0.394400438672122
-1.7975657981284	0.379599665892429
-2.57421277656498	0.657506382974291
3.26630303248094	1.12023058934939
-1.79763019308962	0.379603777700996
-1.79763019308962	0.379603777700996
-2.57472877667238	0.65760345889815
2.76095211479574	0.768066673537379
1.95879552552655	0.437985228139192
-1.79763019308962	0.379603777700996
3.26835783601252	1.12163011968705
-0.621784192774111	0.151338791569665
2.76197196120423	0.768541369225187
-1.13395018438652	0.341592389781504
-0.624623675797245	0.151937920429117
-2.57447078703937	0.657780381714024
1.95793128711136	0.437766051086387
0.173940988172143	0.0437550114519682
2.75805496536761	0.766752929661107
0.157971563808893	0.0296806747786729
-0.619895187822925	0.150839789138775
-1.7975657981284	0.379599665892429
2.75805496536761	0.766752929661107
0.958855818540361	0.254543321351908
0.955017933589342	0.253480850166851
-2.57847696185857	0.659529736545688
0.676558588301015	0.214207370803977
-0.514925432906484	0.194355451022956
0.174503749901052	0.0438676710334476
-0.620903335937371	0.151058535991718
-0.625191995446008	0.152059991852936
0.158989511121608	0.0298299152293259
0.158202431453599	0.0297753629586498
1.82816209415628	0.714241631039221
1.95793128711136	0.437766051086387
0.958855818540361	0.254543321351908
-0.51438298636481	0.194118813219938
1.95793128711136	0.437766051086387
2.12544210384278	0.949600697707754
-0.34307485466429	0.0982470421897248
0.955450516302873	0.253599562429476
-3.07750490916701	0.956880231933195
0.823888102049168	0.345906037374267
0.813846347284269	0.340963765880833
-0.724110175343364	0.247660897147714
1.04246313957759	0.393996072509476
1.95879552552655	0.437985228139192
0.159251072645633	0.0298673857617753
0.956455214607419	0.253949648163622
1.04246313957759	0.393996072509476
0.176253051776925	0.0442319878724308
0.827062362966711	0.347535018691045
0.164122988767051	0.0488286730136595
0.154230433238886	0.0668711002687059
2.36121094029696	1.17903949937985
1.0444887245408	0.394848386181826
1.04272737841263	0.394268038065867
1.82851727583204	0.714435845516616
-0.344653401104561	0.0986243796684527
1.46398903776532	0.484992681122713
0.162366771761904	0.0548503548438613
1.83065515075678	0.71528955791634
0.173940988172143	0.0437550114519682
0.158989511121608	0.0298299152293259
1.04210966752671	0.393840140799123
0.173940988172143	0.0437550114519682
-0.517825107309169	0.195474359908123
1.83259355517544	0.716473450995655
2.7590679263751	0.76692961097815
0.150314894435015	0.0576211643796822
-0.302333923982234	0.138875128958208
0.957025852492456	0.254006696314478
1.04122776355439	0.393435934346114
1.9614803029177	1.22559854836396
0.174503749901052	0.0438676710334476
-1.67828345103121	0.949468294564251
1.82851727583204	0.714435845516616
-1.50884424560785	0.535043767502043
0.960305402281055	0.254935680101795
-0.62133920787282	0.151240698635141
-1.12881513859764	0.339906487322227
0.172385921068679	0.0433875285709768
1.83223894779093	0.716336716062103
0.168662278675518	0.0500652630774407
0.150799488780929	0.0578200275109856
0.538672909842541	0.193078624853722
-1.81474611422927	0.735349939090998
0.676639067838878	0.214128030995098
-1.50884424560785	0.535043767502043
1.95879552552655	0.437985228139192
0.153830475350601	0.0520893555087474
2.7590679263751	0.76692961097815
2.75805496536761	0.766752929661107
0.158989511121608	0.0298299152293259
-0.222876920203916	0.0717168348737093
0.170331293505475	0.0429093144237285
1.0433448222306	0.394400438672122
1.83259355517544	0.716473450995655
1.46067242606004	0.483688692701864
-3.07750490916701	0.956880231933195
-0.619895187822925	0.150839789138775
-2.57421277656498	0.657506382974291
2.75704467106166	0.766025498669684
0.956021254579335	0.253830462538477
0.173940988172143	0.0437550114519682
0.177247192199527	0.0444492499698682
0.157971563808893	0.0296806747786729
0.157971563808893	0.0296806747786729
1.95879552552655	0.437985228139192
1.95879552552655	0.437985228139192
-1.80127875869	0.380587746892248
1.95879552552655	0.437985228139192
3.26835783601252	1.12163011968705
1.95879552552655	0.437985228139192
3.26732978575294	1.1211772426211
-0.619895187822925	0.150839789138775
1.95879552552655	0.437985228139192
1.95879552552655	0.437985228139192
-1.12881513859764	0.339906487322227
2.75704467106166	0.766025498669684
0.15823182603157	0.0297179405544109
1.95793128711136	0.437766051086387
1.95793128711136	0.437766051086387
-1.48203908604626	0.746891494666068
0.17738312662749	0.0444846964186047
0.173378039987466	0.0436162262322836
0.157971563808893	0.0296806747786729
0.533034126671957	0.190984669183042
-2.57421277656498	0.657506382974291
0.955017933589342	0.253480850166851
0.158989511121608	0.0298299152293259
0.158989511121608	0.0298299152293259
0.154259314455831	0.0291924198815566
0.15823182603157	0.0297179405544109
-0.61946410648704	0.150698865008898
1.82755032422624	0.713907775987463
0.15823182603157	0.0297179405544109
1.82851727583204	0.714435845516616
0.159251072645633	0.0298673857617753
1.96141436018454	0.438711417164155
-0.620903335937371	0.151058535991718
-1.79763019308962	0.379603777700996
0.956455214607419	0.253949648163622
0.16350747165244	0.0486421723506342
1.57186884386259	0.778956117918399
0.957461191854986	0.254126256439643
0.172223255009213	0.0433240097489323
0.451505571560505	0.18132195330532
4.18446198620603	2.00646921571738
1.0433448222306	0.394400438672122
-1.79763019308962	0.379603777700996
0.168774858509076	0.0425819447497206
1.95879552552655	0.437985228139192
0.172385921068679	0.0433875285709768
-1.12837428626612	0.339637586745731
1.04210966752671	0.393840140799123
-0.537660317915323	0.339988226603744
2.7590679263751	0.76692961097815
2.56711548567586	1.42327373895936
-0.342463785834028	0.0980578484034576
-0.052962153679929	0.0230952520302929
0.162171049505848	0.0303007576998756
0.159251072645633	0.0298673857617753
-1.15890616149022	0.648281483772975
0.168525477759409	0.0819386244744173
0.823642509432085	0.345787097083453
0.157487840942961	0.0603189608864188
1.83633740824933	0.718096082890721
0.159565625906121	0.0475096222585406
0.522224196958967	0.186810075724149
-1.71084633130579	1.43317197502104
-0.781601375106703	0.425080681399984
0.153830475350601	0.0520893555087474
-0.527405649697176	0.199462190898153
-0.98115247794995	0.485543284727628
-0.714755800696332	0.244129665196273
-4.22387999340416	1.9779121631119
2.75704467106166	0.766025498669684
-1.51887413840601	0.539249413623567
-1.7975657981284	0.379599665892429
-1.79763019308962	0.379603777700996
-2.57421277656498	0.657506382974291
-3.07793266340176	0.957013587093989
-2.06621937555122	0.93688402425633
-3.45284250285449	1.22194559695964
-0.341495388738576	0.0977618699341296
0.15823182603157	0.0297179405544109
-1.79763019308962	0.379603777700996
3.27129205644114	1.12317050813274
0.956455214607419	0.253949648163622
0.164738242561747	0.0490009495728858
0.178378460373537	0.04470234426639
1.04122776355439	0.393435934346114
-2.57821111666453	0.659475059970799
-1.13338534815793	0.341498686250824
-1.7975657981284	0.379599665892429
-1.01915358936262	0.402069935250146
0.958855818540361	0.254543321351908
1.95879552552655	0.437985228139192
0.158989511121608	0.0298299152293259
-1.12825544522804	0.339732258677114
-1.51042707521765	0.53568486067596
1.95879552552655	0.437985228139192
-1.12781381973937	0.339579374120096
-0.718417185790278	0.245411018109158
-1.51042707521765	0.53568486067596
-1.7975657981284	0.379599665892429
0.675948496687313	0.213928974911644
1.0361636458939	0.391113445211294
0.15823182603157	0.0297179405544109
0.159251072645633	0.0298673857617753
0.164122988767051	0.0488286730136595
-0.619895187822925	0.150839789138775
-0.339136742629042	0.0971078731889835
-1.79763019308962	0.379603777700996
-0.716259781908703	0.244657557065158
1.95793128711136	0.437766051086387
0.159251072645633	0.0298673857617753
-0.343432234206214	0.0982903961052269
0.15823182603157	0.0297179405544109
0.955017933589342	0.253480850166851
2.75704467106166	0.766025498669684
-0.3395018260887	0.0972061822975938
1.95879552552655	0.437985228139192
0.952729371406254	0.252945498225285
1.46364987732708	0.48479584486453
1.95879552552655	0.437985228139192
1.95879552552655	0.437985228139192
-0.619895187822925	0.150839789138775
-1.79763019308962	0.379603777700996
2.75805496536761	0.766752929661107
0.963167670198133	0.255599708567411
0.957461191854986	0.254126256439643
0.157971563808893	0.0296806747786729
-1.79763019308962	0.379603777700996
0.172385921068679	0.0433875285709768
1.82816209415628	0.714241631039221
-1.12881513859764	0.339906487322227
0.164122988767051	0.0488286730136595
-0.338896474896558	0.0970421752101679
-0.620473624670499	0.150917804175241
1.46109938210879	0.484014060767982
0.955450516302873	0.253599562429476
1.83009713438939	0.715173729277155
0.178378460373537	0.04470234426639
1.95793128711136	0.437766051086387
3.26938718630885	1.12163262119223
3.27232628525746	1.12331698634376
0.528471599490047	0.189192775823016
-0.213293977179729	0.0687362131681472
-0.220606538471739	0.071036835690658
0.158687948318654	0.0472850694532285
3.26835783601252	1.12163011968705
-0.344042706429557	0.0984794926451442
1.46209127003869	0.484377128190959
0.16190498991222	0.0302625824147867
0.533877616113606	0.191258268949281
-3.07793266340176	0.957013587093989
0.606318194482406	0.317828333610251
-0.59319701741301	0.283661461411976
-2.22196725235021	1.85471658043017
0.822832332666427	0.345345001072504
-1.15583588393078	0.645547649225567
-1.32409828272992	0.829755967290393
0.176818183184722	0.0443715906559113
0.451240643407656	0.181143919700285
-0.21725219958623	0.0699489287533772
0.14892576642437	0.0504694466811999
4.17525305412324	2.00082473978421
1.83009713438939	0.715173729277155
0.153830475350601	0.0520893555087474
0.676200627845659	0.214099921395796
-0.3395018260887	0.0972061822975938
-0.0893300542784814	0.0355154444573409
1.95793128711136	0.437766051086387
0.955017933589342	0.253480850166851
-0.21437062165384	0.0690921017805448
-0.975657454205629	0.481586388023346
-2.2908626416343	1.15670010225606
0.155471151845197	0.0674154186316515
1.83356266561645	0.716725323466989
0.164122988767051	0.0488286730136595
-0.214627712908801	0.0691154905123542
0.531345582827114	0.190314424621574
0.674624067917918	0.213658555919133
-0.344653401104561	0.0986243796684527
1.03878889357161	0.392361575468581
-0.717804035722151	0.245206559878684
0.176253051776925	0.0442319878724308
0.177812920485068	0.0445891130396879
-0.144137039360479	0.0515503896111279
0.158687948318654	0.0472850694532285
-1.12937501458112	0.339964434622374
0.679655237519559	0.215244174521264
0.956455214607419	0.253949648163622
1.45941385003452	0.483259882361236
1.83259355517544	0.716473450995655
0.673526469252074	0.213227712607827
0.15823182603157	0.0297179405544109
2.75805496536761	0.766752929661107
-0.720199314130701	0.246072307343885
3.27232628525746	1.12331698634376
-2.57447078703937	0.657780381714024
0.17294827606403	0.0435260072159332
-0.338896474896558	0.0970421752101679
-0.620326325745573	0.150885642821786
-0.220364044448608	0.0709420855610054
-1.12937501458112	0.339964434622374
-0.337924641037297	0.0968088152153293
0.174933567082256	0.0439573605408891
0.16323818852145	0.0485873708307168
-0.617055950695462	0.150241664375452
1.3329197605053	0.581616348611346
-4.21940186089714	1.97447623308519
-0.625630686390319	0.152156798395567
1.46265753359042	0.48460907431551
0.956021254579335	0.253830462538477
0.163583337686415	0.0486596187400795
1.5810016022159	0.785274495012863
-2.57847696185857	0.659529736545688
0.178378460373537	0.04470234426639
2.7590679263751	0.76692961097815
1.82851727583204	0.714435845516616
0.174503749901052	0.0438676710334476
-0.723495739913315	0.247436366504984
1.46010735547628	0.483457516052687
0.16934280349587	0.0427080042196444
1.33148644921435	0.580580180008122
-0.338896474896558	0.0970421752101679
0.538078917426918	0.192785248204834
1.33124867503934	0.580623928642544
-2.57421277656498	0.657506382974291
-0.621333103088639	0.151104040920032
-2.0664893400213	0.937220897064085
-0.620473624670499	0.150917804175241
0.677168456003689	0.214339100225988
-0.625191995446008	0.152059991852936
-0.715646834778114	0.244453295526364
0.669467631715225	0.211908752948447
0.158989511121608	0.0298299152293259
2.35929989252378	1.17708387208299
0.174503749901052	0.0438676710334476
1.95793128711136	0.437766051086387
-1.12881513859764	0.339906487322227
-0.620903335937371	0.151058535991718
-1.13395018438652	0.341592389781504
0.15823182603157	0.0297179405544109
0.956021254579335	0.253830462538477
-0.61946410648704	0.150698865008898
1.95879552552655	0.437985228139192
-2.57472877667238	0.65760345889815
1.82851727583204	0.714435845516616
0.956455214607419	0.253949648163622
0.173378039987466	0.0436162262322836
-3.08203891306948	0.959069086853276
-0.617491939447093	0.150288713008559
0.682768911730453	0.216205939655595
-0.625191995446008	0.152059991852936
0.159251072645633	0.0298673857617753
-0.620473624670499	0.150917804175241
1.04880274691921	0.396287970594525
0.821612971150663	0.344902213197152
0.16350747165244	0.0486421723506342
0.450381512800541	0.180653903003855
0.396674079345216	0.179153047470352
-0.336952847519868	0.096512855057735
-0.336952847519868	0.096512855057735
1.46498308680977	0.485505347800691
0.955017933589342	0.253480850166851
-0.61946410648704	0.150698865008898
2.36180968699894	1.17953323514936
-0.338291342092883	0.0968475173314605
1.46265753359042	0.48460907431551
-1.12881513859764	0.339906487322227
-1.67040899911506	0.941671517408299
0.159190175417772	0.0538236405320066
0.150249356563049	0.0575466478816129
-0.620903335937371	0.151058535991718
-0.518386429636852	0.195700313035901
0.531004542224133	0.190160354232034
0.153830475350601	0.0520893555087474
-1.491295051315	0.753754014189643
-0.385108110020622	0.160048252995175
0.163853552605343	0.0487595972376143
0.535550464072287	0.191953357336806
-0.220606538471739	0.071036835690658
-0.720199314130701	0.246072307343885
0.17351044503084	0.0436385160120603
0.15823182603157	0.0297179405544109
2.36121094029696	1.17903949937985
-1.46447669501543	1.01830734216444
0.151873414100974	0.0581755081573951
-0.51438298636481	0.194118813219938
1.34313154847474	0.586839429169235
-0.598497602799417	0.286396050400422
-1.81169032201894	0.73377138384342
-0.0566814312347692	0.024663840569163
0.157971563808893	0.0296806747786729
-1.12669343566207	0.339109154533815
0.158202431453599	0.0297753629586498
-0.620473624670499	0.150917804175241
-0.619895187822925	0.150839789138775
0.159251072645633	0.0298673857617753
0.955017933589342	0.253480850166851
-0.151247302673267	0.0540525343616811
-0.718417185790278	0.245411018109158
1.95793128711136	0.437766051086387
0.959865181244613	0.254814612498812
1.95793128711136	0.437766051086387
1.04246313957759	0.393996072509476
-0.218096087384631	0.0701860099861319
1.46209127003869	0.484377128190959
1.46308301616168	0.484563679444736
0.958855818540361	0.254543321351908
-0.221200715743042	0.0712222587266738
2.75704467106166	0.766025498669684
-2.57421277656498	0.657506382974291
-3.08661343960983	0.960737795489789
0.675948496687313	0.213928974911644
-0.33816613121491	0.0968120886418528
-1.80127875869	0.380587746892248
-0.39541744095324	0.164713810131994
0.16190498991222	0.0302625824147867
-0.621333103088639	0.151104040920032
3.64101793434512	1.43134239135362
-1.80127875869	0.380587746892248
3.26835783601252	1.12163011968705
0.159251072645633	0.0298673857617753
0.957461191854986	0.254126256439643
0.675591354383564	0.213968352567141
0.157971563808893	0.0296806747786729
0.177812920485068	0.0445891130396879
0.15209770843841	0.0514906185860695
0.674143348272808	0.213431626689393
0.676558588301015	0.214207370803977
-1.12825544522804	0.339732258677114
1.95879552552655	0.437985228139192
0.159251072645633	0.0298673857617753
-0.620903335937371	0.151058535991718
0.178378460373537	0.04470234426639
0.158989511121608	0.0298299152293259
0.15467977779599	0.0592620304168656
1.96141436018454	0.438711417164155
-0.620903335937371	0.151058535991718
0.174933567082256	0.0439573605408891
0.957461191854986	0.254126256439643
-0.215469787669442	0.0693747409894077
-2.57421277656498	0.657506382974291
0.158989511121608	0.0298299152293259
-0.337924641037297	0.0968088152153293
0.154259314455831	0.0291924198815566
-0.344653401104561	0.0986243796684527
0.158989511121608	0.0298299152293259
1.96141436018454	0.438711417164155
-0.620903335937371	0.151058535991718
-0.628944872553404	0.15292393261527
-1.79763019308962	0.379603777700996
-2.57447078703937	0.657780381714024
0.677716162542668	0.214611870267994
-0.61946410648704	0.150698865008898
2.75805496536761	0.766752929661107
-0.617055950695462	0.150241664375452
2.75704467106166	0.766025498669684
0.162171049505848	0.0303007576998756
1.95793128711136	0.437766051086387
2.75805496536761	0.766752929661107
0.162968126753743	0.0485024678975847
0.168047617405793	0.0498928161895134
-0.620473624670499	0.150917804175241
-0.337559379634888	0.0966770330278957
1.82658331770683	0.713161725221294
0.173940988172143	0.0437550114519682
2.75805496536761	0.766752929661107
1.09002588945441	0.671211219366245
0.151787472514646	0.0514129164609266
1.46597699067366	0.485748477491111
0.525974790890797	0.188312313683146
-0.717804035722151	0.245206559878684
0.951724523631597	0.252769110062367
0.15163725378301	0.0513522427960234
1.33939955440594	0.584836454304115
0.164738242561747	0.0490009495728858
-2.57472877667238	0.65760345889815
0.176818183184722	0.0443715906559113
0.674015164989584	0.213380808783075
0.449051374752847	0.180146054252177
0.151228096540693	0.0512175185194389
0.157971563808893	0.0296806747786729
-0.333247970373579	0.0954969729659714
0.531600808944957	0.190452833446827
-2.06977352534937	0.939684536075736
0.157971563808893	0.0296806747786729
2.75805496536761	0.766752929661107
0.959294652844364	0.254663957360155
0.173940988172143	0.0437550114519682
0.163853552605343	0.0487595972376143
3.93496659153827	1.72160273292352
0.17294827606403	0.0435260072159332
-0.338530582329419	0.0969729638077002
0.682154426898716	0.215924774134022
1.96141436018454	0.438711417164155
-0.337318918589577	0.0966140796949229
0.16323818852145	0.0485873708307168
-0.0487244646049329	0.021297361544409
0.158426007238141	0.0472279903538101
-1.02671683891162	0.40581238098729
-0.761618827551024	0.330213519883693
-0.2161612848291	0.0695736762343304
0.531954615713782	0.190517989079214
-0.766443517958815	0.332594018875036
0.53471313464826	0.191636123836102
0.161588697335525	0.0618735214570711
0.139527540816132	0.0473908629644081
0.147802728209744	0.0501147268752412
2.76095211479574	0.768066673537379
-2.57447078703937	0.657780381714024
-1.02075919593971	0.402758433461041
0.444599133575251	0.178247278613312
0.144586305910739	0.0554207768920488
-4.00689064630181	1.73027814606556
-0.33816613121491	0.0968120886418528
-1.81860731780454	0.737578883081637
-0.782327454721843	0.426196496433304
-3.45228414088993	1.22181665198441
-0.61946410648704	0.150698865008898
0.15823182603157	0.0297179405544109
0.173378039987466	0.0436162262322836
1.95879552552655	0.437985228139192
1.27514843013463	0.702952272201877
2.76095211479574	0.768066673537379
3.26835783601252	1.12163011968705
-0.514641699367006	0.194166196064157
-0.720453666514924	0.246264037870489
-0.718972834438042	0.245626954230634
-1.7975657981284	0.379599665892429
-0.619895187822925	0.150839789138775
-0.621333103088639	0.151104040920032
1.46209127003869	0.484377128190959
1.96141436018454	0.438711417164155
1.46498308680977	0.485505347800691
2.11303049784645	0.942168146660762
1.95879552552655	0.437985228139192
1.95793128711136	0.437766051086387
-0.337924641037297	0.0968088152153293
0.159251072645633	0.0298673857617753
0.154259314455831	0.0291924198815566
1.46166504880046	0.484245680586438
2.7590679263751	0.76692961097815
0.173940988172143	0.0437550114519682
-1.12825544522804	0.339732258677114
1.95793128711136	0.437766051086387
3.93297854230234	1.72057752612902
0.159251072645633	0.0298673857617753
1.96141436018454	0.438711417164155
0.676558588301015	0.214207370803977
3.64204563210395	1.43174087144813
-1.7975657981284	0.379599665892429
-0.621333103088639	0.151104040920032
0.174933567082256	0.0439573605408891
0.15823182603157	0.0297179405544109
-3.07836047129561	0.956774727997911
-0.619895187822925	0.150839789138775
-0.620903335937371	0.151058535991718
0.158989511121608	0.0298299152293259
-1.7975657981284	0.379599665892429
0.17351044503084	0.0436385160120603
0.157971563808893	0.0296806747786729
0.16323818852145	0.0485873708307168
0.157971563808893	0.0296806747786729
0.15823182603157	0.0297179405544109
0.159251072645633	0.0298673857617753
0.955017933589342	0.253480850166851
3.64508196443781	1.43367348655271
-0.71869462645605	0.245625159522256
0.158202431453599	0.0297753629586498
-0.510379067126921	0.192441822441501
0.174933567082256	0.0439573605408891
0.960305402281055	0.254935680101795
-0.767258704524236	0.332989408243179
-0.142223285419907	0.0509011547645968
-1.02790181469622	0.406358338825706
-1.09238850525103	0.747681129163796
0.172385921068679	0.0433875285709768
0.53158177076108	0.190397794536914
0.956021254579335	0.253830462538477
1.03817079597271	0.392088459196863
1.46654605141329	0.485981855384374
-0.21725219958623	0.0699489287533772
0.174933567082256	0.0439573605408891
0.165353233252732	0.0491580922731075
-0.338896474896558	0.0970421752101679
1.57267628537105	0.779552578066682
0.1677792397568	0.0498341730879395
1.83009713438939	0.715173729277155
-0.625191995446008	0.152059991852936
-1.27320878623511	0.571826806588651
0.156001860021276	0.0464886178132163
1.57722144544452	0.783207973163534
0.174933567082256	0.0439573605408891
0.164122988767051	0.0488286730136595
-0.519038139240771	0.196086617266171
-1.01881976284329	0.401954931656393
0.56021459565258	0.327174826499393
0.957025852492456	0.254006696314478
0.448801914188458	0.180022361022821
0.676200627845659	0.214099921395796
0.367038415397899	0.186065733367347
0.331660867200502	0.201901451394506
0.370416768952181	0.187803559470115
0.151350026308301	0.0512415084792654
-2.91213642146171	2.15333100028017
0.339146154738811	0.206909155419837
0.532679390127669	0.190718524092007
3.26835783601252	1.12163011968705
-0.221200715743042	0.0712222587266738
-2.57447078703937	0.657780381714024
0.676558588301015	0.214207370803977
0.532196819047093	0.190683131950839
-0.146809742742999	0.052468533546798
-1.15827717575799	0.646999164380605
0.800097850699203	0.482217785284407
-1.79763019308962	0.379603777700996
0.166237072413587	0.0493846591201304
-1.7975657981284	0.379599665892429
0.158989511121608	0.0298299152293259
-0.518386429636852	0.195700313035901
1.95793128711136	0.437766051086387
0.827869862391494	0.347914518409003
3.64916866273425	1.43502236868829
2.75805496536761	0.766752929661107
0.157971563808893	0.0296806747786729
0.674624067917918	0.213658555919133
-1.12881513859764	0.339906487322227
-1.81799459045243	0.737492070536281
-1.0225353038078	0.403750407139113
0.155282002123357	0.02934225636165
0.159251072645633	0.0298673857617753
0.173940988172143	0.0437550114519682
-0.718359983709028	0.245324841773925
-2.57821111666453	0.659475059970799
0.158989511121608	0.0298299152293259
0.158989511121608	0.0298299152293259
-1.12781381973937	0.339579374120096
0.956455214607419	0.253949648163622
1.82851727583204	0.714435845516616
3.64405193165419	1.43312407887711
0.956021254579335	0.253830462538477
1.46364987732708	0.48479584486453
0.678685727410979	0.214982042405379
2.7590679263751	0.76692961097815
0.176818183184722	0.0443715906559113
1.95879552552655	0.437985228139192
0.959865181244613	0.254814612498812
0.17294827606403	0.0435260072159332
2.7590679263751	0.76692961097815
0.531600808944957	0.190452833446827
2.75805496536761	0.766752929661107
-1.12825544522804	0.339732258677114
-3.07793266340176	0.957013587093989
-2.57447078703937	0.657780381714024
1.82851727583204	0.714435845516616
0.157971563808893	0.0296806747786729
0.957025852492456	0.254006696314478
1.04210966752671	0.393840140799123
2.75805496536761	0.766752929661107
2.7590679263751	0.76692961097815
0.157971563808893	0.0296806747786729
0.951724523631597	0.252769110062367
-0.216657809109618	0.0697687117469907
-0.333856458330646	0.0956917261764247
-2.57821111666453	0.659475059970799
-2.0664893400213	0.937220897064085
0.158426007238141	0.0472279903538101
-0.624623675797245	0.151937920429117
-2.57421277656498	0.657506382974291
1.46265753359042	0.48460907431551
0.168047617405793	0.0498928161895134
3.27129205644114	1.12317050813274
-3.07750490916701	0.956880231933195
0.957025852492456	0.254006696314478
-0.719307886400812	0.245829792820617
0.158989511121608	0.0298299152293259
2.75805496536761	0.766752929661107
1.95793128711136	0.437766051086387
-0.619895187822925	0.150839789138775
0.157259696796029	0.0532031124835433
-0.222038342595648	0.0714812050319378
0.16323818852145	0.0485873708307168
2.12237275162321	0.948156957082224
0.609189438674207	0.319760109553724
-1.27264921265823	0.571489965817473
-0.768074603217935	0.333251677673885
-0.150353602855012	0.0537602171886514
-1.13238809108681	0.341172314702962
3.26835783601252	1.12163011968705
0.150893737042406	0.057797466335679
0.177812920485068	0.0445891130396879
-3.07750490916701	0.956880231933195
-3.4565767152091	1.22430361707387
0.151873414100974	0.0581755081573951
0.174503749901052	0.0438676710334476
-0.518947990401155	0.195906357411418
0.526571184576376	0.188493803820027
0.15991897901503	0.0475435863711037
-0.140891273851129	0.05044238952326
0.173378039987466	0.0436162262322836
-0.3395018260887	0.0972061822975938
1.83009713438939	0.715173729277155
-0.766297763348821	0.33275350855907
1.83572003024131	0.717758246473073
-0.337924641037297	0.0968088152153293
0.958855818540361	0.254543321351908
-0.0530250207955019	0.0231197619554746
-0.145998858470167	0.0521932143692289
-0.937770004241301	0.573698781395977
-0.76609995255186	0.651051862348767
0.449051374752847	0.180146054252177
-1.83236697381102	1.15277482234501
1.04272737841263	0.394268038065867
-0.719307886400812	0.245829792820617
1.46067242606004	0.483688692701864
-1.79763019308962	0.379603777700996
0.173378039987466	0.0436162262322836
-1.02279263404674	0.40371590748429
-0.517825107309169	0.195474359908123
0.1674326840069	0.0497058243208494
-0.301599300893382	0.138348943997046
-1.50922180218546	0.535188573690381
0.673656731319726	0.21327169490293
0.959294652844364	0.254663957360155
-1.79763019308962	0.379603777700996
-1.80127875869	0.380587746892248
0.162171049505848	0.0303007576998756
0.956021254579335	0.253830462538477
0.157971563808893	0.0296806747786729
-0.144379254670362	0.0516178856417709
0.450149052844676	0.18072138153306
-1.02790181469622	0.406358338825706
0.669467631715225	0.211908752948447
1.07468801705292	0.520141618255016
1.33999521271986	0.585413722027566
0.447719113317435	0.179573027507233
0.959294652844364	0.254663957360155
1.33208469099746	0.58115584608196
-1.50884424560785	0.535043767502043
3.26732978575294	1.1211772426211
3.6512090534019	1.4352976791398
2.75805496536761	0.766752929661107
1.83223894779093	0.716336716062103
0.157971563808893	0.0296806747786729
1.95793128711136	0.437766051086387
-0.215221304062718	0.0693199317381142
0.956455214607419	0.253949648163622
0.16566376423511	0.049220972992664
1.46597699067366	0.485748477491111
1.96141436018454	0.438711417164155
0.956021254579335	0.253830462538477
1.46010735547628	0.483457516052687
0.668504270521836	0.211524693005927
-0.334465167213362	0.0958562903993202
0.450157247009531	0.180608889469783
-0.349223570170638	0.0998902155798753
0.17294827606403	0.0435260072159332
-0.620326325745573	0.150885642821786
-1.79763019308962	0.379603777700996
3.26732978575294	1.1211772426211
0.165007048838445	0.0490553112296366
-1.79763019308962	0.379603777700996
2.75704467106166	0.766025498669684
-0.71869462645605	0.245625159522256
0.157971563808893	0.0296806747786729
-1.7975657981284	0.379599665892429
0.173940988172143	0.0437550114519682
0.157971563808893	0.0296806747786729
-2.57447078703937	0.657780381714024
-3.08203891306948	0.959069086853276
0.168774858509076	0.0425819447497206
-1.27895990127277	0.575276106133442
-3.07707720857862	0.956361112132394
-1.12725353624624	0.339405023147411
0.955450516302873	0.253599562429476
2.76197196120423	0.768541369225187
-2.57472877667238	0.65760345889815
0.955017933589342	0.253480850166851
0.163853552605343	0.0487595972376143
-0.619895187822925	0.150839789138775
-1.7975657981284	0.379599665892429
0.675591354383564	0.213968352567141
1.95793128711136	0.437766051086387
1.95793128711136	0.437766051086387
-1.7975657981284	0.379599665892429
-0.624623675797245	0.151937920429117
0.157971563808893	0.0296806747786729
2.36097404633539	1.17890696118846
0.176818183184722	0.0443715906559113
0.149173995582458	0.0505642485186703
0.536145192793524	0.192183675780863
3.93397258257213	1.72120776019779
-1.66943552132408	0.941042212637803
0.155056433506276	0.0672447287127954
0.165423813155535	0.071856546794936
1.45941385003452	0.483259882361236
2.35867500117237	1.17688948319321
0.677716162542668	0.214611870267994
0.159304296973707	0.0474668185471716
-3.07750490916701	0.956880231933195
-1.83366264425994	1.15321657928719
1.95793128711136	0.437766051086387
0.168662278675518	0.0500652630774407
-0.338291342092883	0.0968475173314605
0.154643798015002	0.0523504544120162
0.530519377174053	0.189974136950743
-0.336346534706249	0.0963182114993482
0.157971563808893	0.0296806747786729
-1.81413444396294	0.735290551794613
0.173378039987466	0.0436162262322836
0.454485395539984	0.182519969842576
0.878493765376673	0.654542919140404
0.149422101710692	0.0506397395463473
1.77575432139452	1.39119475069169
0.611219568946179	0.320671286500288
0.529067099824167	0.189373935970576
-0.0258771889757612	0.0120408003501774
0.367518640081065	0.18605117605044
1.56778547869697	0.776513427014314
-1.50922180218546	0.535188573690381
-0.21725219958623	0.0699489287533772
-0.766968651898497	0.33281296786619
0.151383672100152	0.0579893158462332
0.912355083175536	0.494275693970257
0.17351044503084	0.0436385160120603
-1.81352302981117	0.735065306555984
2.76095211479574	0.768066673537379
2.74570471120983	1.67868826049854
-0.520409690032529	0.196570138845147
0.533034126671957	0.190984669183042
-0.722611557468775	0.247018823049159
-0.763186677226542	0.331039800418733
0.16323818852145	0.0485873708307168
0.166549099291362	0.0494747307612768
0.151706314931825	0.0581034094524229
-2.57447078703937	0.657780381714024
2.75704467106166	0.766025498669684
1.46209127003869	0.484377128190959
0.171653101789031	0.0431973221484952
-1.79763019308962	0.379603777700996
2.75805496536761	0.766752929661107
-0.344042706429557	0.0984794926451442
-1.81323178459194	0.734779878382509
1.32670292523954	0.578086333025382
-1.4910676126572	0.753241782317099
-2.57821111666453	0.659475059970799
1.07010886674495	0.517170860438559
-0.338896474896558	0.0970421752101679
-0.619895187822925	0.150839789138775
3.93918547569538	1.72417568202982
0.157971563808893	0.0296806747786729
0.956455214607419	0.253949648163622
-0.620326325745573	0.150885642821786
-0.61946410648704	0.150698865008898
3.64101793434512	1.43134239135362
0.959294652844364	0.254663957360155
2.75704467106166	0.766025498669684
0.15823182603157	0.0297179405544109
1.95879552552655	0.437985228139192
-0.76214123352966	0.33051798936009
1.46209127003869	0.484377128190959
-1.7975657981284	0.379599665892429
1.95879552552655	0.437985228139192
-2.57472877667238	0.65760345889815
-0.61946410648704	0.150698865008898
-1.7975657981284	0.379599665892429
-1.7975657981284	0.379599665892429
0.956455214607419	0.253949648163622
0.958855818540361	0.254543321351908
0.958855818540361	0.254543321351908
-0.72168083257444	0.246646753261226
-2.07062872074145	0.940243383198465
0.162968126753743	0.0485024678975847
0.15357905718361	0.0520023014569825
3.64204563210395	1.43174087144813
1.95793128711136	0.437766051086387
0.168393915595915	0.0499912542478598
2.75704467106166	0.766025498669684
-0.621333103088639	0.151104040920032
0.169762747888229	0.0427831084845497
0.678685727410979	0.214982042405379
-1.7975657981284	0.379599665892429
-0.617055950695462	0.150241664375452
0.157971563808893	0.0296806747786729
0.951724523631597	0.252769110062367
0.957461191854986	0.254126256439643
0.159251072645633	0.0298673857617753
0.678685727410979	0.214982042405379
0.393220623172696	0.177598536190824
0.164122988767051	0.0488286730136595
2.7590679263751	0.76692961097815
0.15823182603157	0.0297179405544109
0.158989511121608	0.0298299152293259
-0.620473624670499	0.150917804175241
1.95793128711136	0.437766051086387
3.64508196443781	1.43367348655271
2.75704467106166	0.766025498669684
-0.620903335937371	0.151058535991718
-0.523592418494679	0.197882573952315
1.77327109132426	0.986438929762965
-1.16910298719689	0.65553425202208
-1.32119282345533	0.827870946969779
-0.26230169035354	0.163774365219358
0.157538615921888	0.060353709781201
0.142237830505853	0.0545996957301802
-0.149915159045215	0.0535975402652961
0.904543323614089	0.488528122790343
-1.51396898226758	0.537314617740072
-0.620903335937371	0.151058535991718
2.12918514893115	1.48910883688736
-0.944465253997891	0.579286928609055
-0.418668870158061	0.358717674746313
-0.529896346951747	0.333744184017453
-1.7107931422555	1.43622780745081
0.347962472932418	0.194781896208306
1.46862604332125	0.920716680510973
-0.475919915739907	0.248878032990047
0.168662278675518	0.0500652630774407
-1.27320878623511	0.571826806588651
-0.142223285419907	0.0509011547645968
1.46498308680977	0.485505347800691
-0.231405213439168	0.115598039635443
0.530519377174053	0.189974136950743
-0.973502586345859	0.480383213414904
-0.233697909905748	0.116835697883783
0.173940988172143	0.0437550114519682
-1.0880518720723	0.743361246666321
-0.0534280390438461	0.0232913489992016
-0.216906973772167	0.0698162939158413
-1.51396898226758	0.537314617740072
1.46166504880046	0.484245680586438
0.162171049505848	0.0303007576998756
-1.7975657981284	0.379599665892429
0.15823182603157	0.0297179405544109
0.956021254579335	0.253830462538477
0.162171049505848	0.0303007576998756
1.95879552552655	0.437985228139192
2.76197196120423	0.768541369225187
0.157971563808893	0.0296806747786729
1.95793128711136	0.437766051086387
-0.619895187822925	0.150839789138775
3.27528390840561	1.12443907352294
0.531358567637365	0.190353154457246
-1.27465265651181	0.572799544614502
0.159251072645633	0.0298673857617753
-1.7975657981284	0.379599665892429
-1.7975657981284	0.379599665892429
-0.341495388738576	0.0977618699341296
1.03642094901871	0.391350967824649
0.166894126545373	0.0495801423286346
-0.3395018260887	0.0972061822975938
-0.147093652274001	0.0525528129665041
-0.604458749673287	0.289930015833069
1.96141436018454	0.438711417164155
0.158989511121608	0.0298299152293259
-1.79763019308962	0.379603777700996
-0.619895187822925	0.150839789138775
0.157971563808893	0.0296806747786729
-1.7975657981284	0.379599665892429
0.159251072645633	0.0298673857617753
1.95793128711136	0.437766051086387
0.829680469636183	0.348588071557083
1.95793128711136	0.437766051086387
1.95793128711136	0.437766051086387
2.7590679263751	0.76692961097815
1.95879552552655	0.437985228139192
-3.08203891306948	0.959069086853276
-2.57447078703937	0.657780381714024
-1.80127875869	0.380587746892248
-1.12825544522804	0.339732258677114
0.695215892078373	0.325685543065246
-0.946214864560229	0.580590711468436
-0.065731856808677	0.0398336363057698
-0.212700860727539	0.0685566980358174
-0.337924641037297	0.0968088152153293
0.166279076961167	0.0494077549790747
0.161736914950373	0.0481441679802126
0.0530172885888545	0.0310963628471522
0.15823182603157	0.0297179405544109
0.674264818482823	0.213402910671394
-2.57847696185857	0.659529736545688
-0.619895187822925	0.150839789138775
1.95793128711136	0.437766051086387
-0.653452002082526	0.388361562159243
0.0362877167643711	0.0199477570516104
0.729958669363082	0.485631454094608
0.199063711446667	0.13775726085423
0.154642861292626	0.067062802898247
-0.212107996589827	0.0683682958385105
-0.96952801063483	0.478096130299065
-2.46635346637224	1.36876488508961
2.75805496536761	0.766752929661107
-0.215815148052618	0.0695090074287807
-1.79763019308962	0.379603777700996
-0.068899759973651	0.0417517663216235
0.623460605606816	0.586203841701822
0.622494584280665	0.474211649874362
-0.990737658572001	0.886861054805258
2.27762346393168	1.76731759342594
0.614960791218191	0.323245454163855
-0.910764535647642	0.663921198091563
1.46166504880046	0.484245680586438
-1.12825544522804	0.339732258677114
0.955450516302873	0.253599562429476
1.95879552552655	0.437985228139192
1.95879552552655	0.437985228139192
0.956455214607419	0.253949648163622
-1.7975657981284	0.379599665892429
0.16190498991222	0.0302625824147867
0.15823182603157	0.0297179405544109
0.158989511121608	0.0298299152293259
-0.620326325745573	0.150885642821786
-3.08247559880565	0.958940682858076
2.7590679263751	0.76692961097815
0.15823182603157	0.0297179405544109
1.95793128711136	0.437766051086387
1.95879552552655	0.437985228139192
2.75805496536761	0.766752929661107
-1.79763019308962	0.379603777700996
0.173378039987466	0.0436162262322836
0.174370024960364	0.0438183729016174
-1.12837428626612	0.339637586745731
0.678074042401891	0.214702481365457
1.82658331770683	0.713161725221294
1.95793128711136	0.437766051086387
0.15823182603157	0.0297179405544109
-1.7975657981284	0.379599665892429
-2.57447078703937	0.657780381714024
0.173940988172143	0.0437550114519682
0.956021254579335	0.253830462538477
-0.593877462376406	0.283884128251787
-0.781304381842825	0.515638716026988
1.95879552552655	0.437985228139192
1.95793128711136	0.437766051086387
0.951724523631597	0.252769110062367
1.95879552552655	0.437985228139192
1.96141436018454	0.438711417164155
0.171653101789031	0.0431973221484952
0.15823182603157	0.0297179405544109
0.955450516302873	0.253599562429476
-1.79763019308962	0.379603777700996
1.96141436018454	0.438711417164155
0.15823182603157	0.0297179405544109
2.75805496536761	0.766752929661107
0.158426007238141	0.0472279903538101
-0.149672167333605	0.0534889520443878
-0.223497745170305	0.144917711550392
0.556300937150809	0.324762668180875
-0.396231405174348	0.165050944203962
0.162338925211519	0.0482955049730846
1.95793128711136	0.437766051086387
0.158989511121608	0.0298299152293259
0.303190268052614	0.219594494598853
0.186644537151248	0.128396173028762
1.37561955348802	1.27701768536264
3.26835783601252	1.12163011968705
1.46265753359042	0.48460907431551
-3.07750490916701	0.956880231933195
0.957025852492456	0.254006696314478
-0.340107395831878	0.0973408882698726
-1.20610158506931	1.40815682615323
-0.423520860583695	0.324369385028005
0.172969026458302	0.100295202272578
0.471100567787897	0.344208434299282
-0.920464646858704	0.673409157851198
-0.718417185790278	0.245411018109158
-3.45228414088993	1.22181665198441
-0.617055950695462	0.150241664375452
0.16190498991222	0.0302625824147867
-0.150196998613523	0.0536857002626707
0.15823182603157	0.0297179405544109
-0.393663598485163	0.222643000183935
0.179781679736356	0.104558697666245
-1.4198913635543	1.5048371815645
-0.789290809811463	0.43084717024469
-0.339979595307007	0.0973896500376519
-1.0838682275516	1.03999988933273
0.180297486587166	0.111656628575004
3.64101793434512	1.43134239135362
0.159251072645633	0.0298673857617753
0.955450516302873	0.253599562429476
0.16190498991222	0.0302625824147867
1.95793128711136	0.437766051086387
0.951724523631597	0.252769110062367
1.95879552552655	0.437985228139192
1.95879552552655	0.437985228139192
-1.7975657981284	0.379599665892429
0.15823182603157	0.0297179405544109
0.159251072645633	0.0298673857617753
-1.79763019308962	0.379603777700996
2.75704467106166	0.766025498669684
1.96141436018454	0.438711417164155
0.956455214607419	0.253949648163622
0.15823182603157	0.0297179405544109
1.82851727583204	0.714435845516616
0.673656731319726	0.21327169490293
-0.220606538471739	0.071036835690658
0.704641926837779	0.330523940957879
0.157971563808893	0.0296806747786729
-2.57447078703937	0.657780381714024
0.174370024960364	0.0438183729016174
1.95793128711136	0.437766051086387
0.164583679644913	0.0714614062839943
-1.32502493662097	1.31410956527532
0.15823182603157	0.0297179405544109
-0.624623675797245	0.151937920429117
0.158989511121608	0.0298299152293259
0.676200627845659	0.214099921395796
0.957025852492456	0.254006696314478
1.46455689811314	0.485225385720349
2.7590679263751	0.76692961097815
0.173940988172143	0.0437550114519682
0.173940988172143	0.0437550114519682
0.159251072645633	0.0298673857617753
1.82948417010899	0.714838990299682
0.15823182603157	0.0297179405544109
-3.07750490916701	0.956880231933195
-1.7975657981284	0.379599665892429
2.75805496536761	0.766752929661107
1.46109938210879	0.484014060767982
-2.57472877667238	0.65760345889815
-0.513824129140511	0.193894300368019
0.150567043919069	0.0653372419032198
-1.27866440986665	0.57493073370158
-0.780748313030906	0.424517163624666
-1.16528140063828	0.652629636359614
-0.395089929817484	0.164583031256368
-1.01738053439372	0.401259074889294
2.36121094029696	1.17903949937985
0.451765865281851	0.181387363507285
0.158989511121608	0.0298299152293259
2.36662264031119	1.18231218741998
-0.766968651898497	0.33281296786619
0.159042375477486	0.0473891494040675
0.332865142158273	0.202601607083581
2.11780862301852	0.945248734413775
0.795942148597965	0.478635044407131
-0.787582912031695	0.429559105859332
1.5810016022159	0.785274495012863
-0.485552076968323	0.255033697935954
-1.27922329184621	0.575244381232172
0.678685727410979	0.214982042405379
-0.524408606515689	0.19813675860559
-1.0213509823134	0.403162852904808
-0.640960370558726	0.378658565277232
0.453371523175927	0.182039657843618
-0.715368637354031	0.244333825945774
-1.27376859523398	0.572115256020773
-1.79763019308962	0.379603777700996
0.678685727410979	0.214982042405379
1.5724348757785	0.779685464655591
-1.7975657981284	0.379599665892429
0.159251072645633	0.0298673857617753
3.27232628525746	1.12331698634376
0.160065163116268	0.0694725137269296
-0.335438661955823	0.0961186879895653
-0.21725219958623	0.0699489287533772
0.958436503493791	0.254416791099759
0.16190498991222	0.0302625824147867
0.174503749901052	0.0438676710334476
-0.620473624670499	0.150917804175241
-1.50884424560785	0.535043767502043
0.174503749901052	0.0438676710334476
-0.3395018260887	0.0972061822975938
2.75805496536761	0.766752929661107
2.76197196120423	0.768541369225187
0.674015164989584	0.213380808783075
-1.7975657981284	0.379599665892429
0.177247192199527	0.0444492499698682
-1.7975657981284	0.379599665892429
-2.57472877667238	0.65760345889815
0.15823182603157	0.0297179405544109
-0.617055950695462	0.150241664375452
0.173378039987466	0.0436162262322836
0.157971563808893	0.0296806747786729
-1.7975657981284	0.379599665892429
1.96141436018454	0.438711417164155
0.955450516302873	0.253599562429476
0.958855818540361	0.254543321351908
0.960305402281055	0.254935680101795
0.158989511121608	0.0298299152293259
1.95879552552655	0.437985228139192
-2.57821111666453	0.659475059970799
-2.57472877667238	0.65760345889815
3.27528390840561	1.12443907352294
-0.220364044448608	0.0709420855610054
0.16350747165244	0.0486421723506342
1.04095157071845	0.393332373967802
-0.621333103088639	0.151104040920032
0.15823182603157	0.0297179405544109
-1.13855169954589	0.343119921986708
-1.7975657981284	0.379599665892429
-0.212107996589827	0.0683682958385105
0.67498185747701	0.213690207850534
-1.12825544522804	0.339732258677114
2.7590679263751	0.76692961097815
-0.228274535688335	0.0734123457921641
-2.57447078703937	0.657780381714024
-2.57447078703937	0.657780381714024
-3.07793266340176	0.957013587093989
0.162171049505848	0.0303007576998756
0.956021254579335	0.253830462538477
0.157971563808893	0.0296806747786729
-0.217846843502484	0.0701143757601707
0.180709566490231	0.0452024551059557
0.173940988172143	0.0437550114519682
0.16323818852145	0.0485873708307168
1.04752875622395	0.396218430849903
-0.725611262900054	0.248060804815242
0.16323818852145	0.0485873708307168
-0.212700860727539	0.0685566980358174
0.823324250399777	0.345498976757898
1.04122776355439	0.393435934346114
-0.770879742225566	0.335048419348226
1.0418455851348	0.393863567086238
0.177812920485068	0.0445891130396879
-0.778278797812975	0.512520827230444
0.535550464072287	0.191953357336806
-1.27406217828399	0.571772462422604
0.151551849507361	0.0580445602818356
1.0433448222306	0.394400438672122
1.46455689811314	0.485225385720349
-0.301588982342985	0.138344748128235
-0.306089689293404	0.140648698595043
0.0125136012190829	0.00634895885023224
-0.636354679476395	0.375564145449307
0.172385921068679	0.0433875285709768
1.46846293168858	0.486570444742071
-1.51042707521765	0.53568486067596
0.168774858509076	0.0425819447497206
0.676200627845659	0.214099921395796
0.159251072645633	0.0298673857617753
-3.07750490916701	0.956880231933195
0.532196819047093	0.190683131950839
-1.48448213695818	0.74830387585009
0.148861327445666	0.0504443931621673
0.956021254579335	0.253830462538477
1.04691208503382	0.395789758105508
1.82816209415628	0.714241631039221
-0.621333103088639	0.151104040920032
-1.81676990665961	0.736858778572184
0.159251072645633	0.0298673857617753
0.956455214607419	0.253949648163622
-2.57447078703937	0.657780381714024
1.06632392555289	0.514786948757726
-1.02312783931858	0.403977027889059
-1.50824112923963	0.534752090600511
-0.212700860727539	0.0685566980358174
1.95793128711136	0.437766051086387
1.82851727583204	0.714435845516616
-1.50573496603534	0.533703959061235
0.176818183184722	0.0443715906559113
-0.342463785834028	0.0980578484034576
-0.724110175343364	0.247660897147714
0.158989511121608	0.0298299152293259
-1.13295352450292	0.341266245931736
-1.79763019308962	0.379603777700996
-2.57447078703937	0.657780381714024
0.15823182603157	0.0297179405544109
1.95793128711136	0.437766051086387
0.158989511121608	0.0298299152293259
-0.620903335937371	0.151058535991718
-1.12669343566207	0.339109154533815
0.956021254579335	0.253830462538477
3.6399901361893	1.43067029650081
0.174503749901052	0.0438676710334476
0.159251072645633	0.0298673857617753
0.159251072645633	0.0298673857617753
0.957461191854986	0.254126256439643
-0.336346534706249	0.0963182114993482
-3.75288411079685	1.47718399320021
0.158989511121608	0.0298299152293259
-1.79763019308962	0.379603777700996
0.162171049505848	0.0303007576998756
-0.620903335937371	0.151058535991718
-1.13395018438652	0.341592389781504
1.46166504880046	0.484245680586438
-1.79763019308962	0.379603777700996
0.157971563808893	0.0296806747786729
1.95793128711136	0.437766051086387
0.956021254579335	0.253830462538477
-1.7975657981284	0.379599665892429
0.159251072645633	0.0298673857617753
1.46109938210879	0.484014060767982
-1.79763019308962	0.379603777700996
-0.621333103088639	0.151104040920032
0.157809365437772	0.0470462908960921
2.75704467106166	0.766025498669684
1.95879552552655	0.437985228139192
-2.57447078703937	0.657780381714024
-1.03269742121009	0.408607765317193
0.15823182603157	0.0297179405544109
1.46209127003869	0.484377128190959
-0.217493795516912	0.0700823766807278
-0.341495388738576	0.0977618699341296
-1.79763019308962	0.379603777700996
-1.12825544522804	0.339732258677114
0.158989511121608	0.0298299152293259
-0.620903335937371	0.151058535991718
0.531600808944957	0.190452833446827
0.82188945961011	0.344975872577652
1.4655515469736	0.485738470948645
-1.81370026014743	0.735177636322616
-1.80832523237299	0.732158700929159
0.451487521828411	0.181235009163182
-0.213543270792488	0.0687986075063655
0.69123132077792	0.322973341727953
-2.57421277656498	0.657506382974291
-0.624183598429151	0.151840837481169
2.75805496536761	0.766752929661107
-1.49047763446344	0.752903954055462
0.158989511121608	0.0298299152293259
0.151787472514646	0.0514129164609266
-0.0926618573180851	0.036786603271242
1.95879552552655	0.437985228139192
1.46209127003869	0.484377128190959
0.678074042401891	0.214702481365457
0.15467977779599	0.0592620304168656
0.153784739713925	0.0666752947243333
0.824451710034132	0.346189076295124
0.621133829264601	0.327189955137791
0.673526469252074	0.213227712607827
3.26732978575294	1.1211772426211
-0.624623675797245	0.151937920429117
-1.12769593434811	0.339436368028373
0.16323818852145	0.0485873708307168
0.158989511121608	0.0298299152293259
-0.724381910046542	0.247676943012395
-0.2161612848291	0.0695736762343304
-1.66977405471177	0.941653997896714
0.173940988172143	0.0437550114519682
0.956455214607419	0.253949648163622
0.157971563808893	0.0296806747786729
-2.57447078703937	0.657780381714024
1.95793128711136	0.437766051086387
-0.61946410648704	0.150698865008898
2.75704467106166	0.766025498669684
3.26732978575294	1.1211772426211
0.67498185747701	0.213690207850534
-1.80771500413629	0.731582889941307
-1.5094475769206	0.535248673690833
-1.79763019308962	0.379603777700996
-0.338896474896558	0.0970421752101679
-0.342107054910445	0.0979510037894855
1.04122776355439	0.393435934346114
0.959294652844364	0.254663957360155
0.957025852492456	0.254006696314478
0.15823182603157	0.0297179405544109
-0.624623675797245	0.151937920429117
0.675948496687313	0.213928974911644
1.46109938210879	0.484014060767982
0.957461191854986	0.254126256439643
-1.50982433145335	0.535480148233091
1.46109938210879	0.484014060767982
0.176818183184722	0.0443715906559113
-0.337559379634888	0.0966770330278957
1.82719449155949	0.713494970764503
0.674624067917918	0.213658555919133
-0.620473624670499	0.150917804175241
0.158989511121608	0.0298299152293259
-1.79763019308962	0.379603777700996
-0.215815148052618	0.0695090074287807
-0.338896474896558	0.0970421752101679
-1.13295352450292	0.341266245931736
0.173940988172143	0.0437550114519682
-0.620903335937371	0.151058535991718
-1.7975657981284	0.379599665892429
-1.81139863683783	0.733838743939283
-1.79763019308962	0.379603777700996
2.75805496536761	0.766752929661107
0.163830930776267	0.0486854133663851
1.46654605141329	0.485981855384374
0.166279076961167	0.0494077549790747
0.16190498991222	0.0302625824147867
0.677105074382106	0.214332831776124
0.15823182603157	0.0297179405544109
0.163583337686415	0.0486596187400795
-3.08203891306948	0.959069086853276
-2.57472877667238	0.65760345889815
0.958855818540361	0.254543321351908
0.162968126753743	0.0485024678975847
0.16190498991222	0.0302625824147867
-0.221200715743042	0.0712222587266738
1.95879552552655	0.437985228139192
-0.619895187822925	0.150839789138775
1.95793128711136	0.437766051086387
0.159251072645633	0.0298673857617753
0.17351044503084	0.0436385160120603
1.46109938210879	0.484014060767982
0.17294827606403	0.0435260072159332
-0.625630686390319	0.152156798395567
-1.7975657981284	0.379599665892429
3.9351997649523	1.72156487670113
-3.45172595803352	1.22146685013561
-3.75348509589231	1.47731393970503
1.95879552552655	0.437985228139192
0.15823182603157	0.0297179405544109
-0.617491939447093	0.150288713008559
-1.81291187157146	0.734751884578751
0.669117736352227	0.211726956826849
2.12570455528211	0.949702563350638
2.75704467106166	0.766025498669684
-0.339009514545445	0.0971276143948088
0.957025852492456	0.254006696314478
3.64101793434512	1.43134239135362
0.17294827606403	0.0435260072159332
-1.12825544522804	0.339732258677114
-0.337924641037297	0.0968088152153293
-0.3395018260887	0.0972061822975938
-0.516445778893015	0.194901695063007
1.82912964257087	0.714770179842855
1.95793128711136	0.437766051086387
-2.57421277656498	0.657506382974291
3.64813638806334	1.43480372807629
-1.79763019308962	0.379603777700996
0.521993434713534	0.186738203755917
-1.16009407954438	0.648311800024147
1.33232181501832	0.581040506436256
3.26630303248094	1.12023058934939
0.171707889808857	0.050888867940594
0.445675086555631	0.178702151714275
1.06903480350602	0.516605281541135
-0.620903335937371	0.151058535991718
-0.778261798228775	0.423083885583591
-0.766586272807067	0.332936802950959
0.163853552605343	0.0487595972376143
-3.08203891306948	0.959069086853276
-1.7975657981284	0.379599665892429
-1.13182284417153	0.340904867919198
3.27129205644114	1.12317050813274
-0.335438661955823	0.0961186879895653
1.95793128711136	0.437766051086387
-0.1446627598823	0.051733083076893
-0.71869462645605	0.245625159522256
-1.27347474159349	0.571712615994456
0.157971563808893	0.0296806747786729
-1.79763019308962	0.379603777700996
-0.617491939447093	0.150288713008559
0.157971563808893	0.0296806747786729
0.155282002123357	0.02934225636165
3.26732978575294	1.1211772426211
-0.620326325745573	0.150885642821786
-0.337924641037297	0.0968088152153293
-1.51336055363438	0.537061579976289
-1.13182284417153	0.340904867919198
2.75805496536761	0.766752929661107
2.76095211479574	0.768066673537379
1.95793128711136	0.437766051086387
1.95879552552655	0.437985228139192
0.159251072645633	0.0298673857617753
0.159251072645633	0.0298673857617753
-1.13238809108681	0.341172314702962
0.174933567082256	0.0439573605408891
0.958855818540361	0.254543321351908
-2.57472877667238	0.65760345889815
-0.619895187822925	0.150839789138775
0.157971563808893	0.0296806747786729
-2.57847696185857	0.659529736545688
0.15823182603157	0.0297179405544109
2.75805496536761	0.766752929661107
0.16190498991222	0.0302625824147867
0.176818183184722	0.0443715906559113
0.955017933589342	0.253480850166851
0.168354166613062	0.0424807140134561
-3.07707720857862	0.956361112132394
0.955017933589342	0.253480850166851
-2.57472877667238	0.65760345889815
3.26630303248094	1.12023058934939
-0.620903335937371	0.151058535991718
0.158989511121608	0.0298299152293259
4.1770951524333	2.00171151199338
1.46265753359042	0.48460907431551
-3.07750490916701	0.956880231933195
0.176818183184722	0.0443715906559113
-0.34307485466429	0.0982470421897248
0.157971563808893	0.0296806747786729
-2.57447078703937	0.657780381714024
-1.12825544522804	0.339732258677114
-0.620903335937371	0.151058535991718
-3.45714001185249	1.22455064732533
0.173940988172143	0.0437550114519682
-0.335438661955823	0.0961186879895653
2.75805496536761	0.766752929661107
-1.7975657981284	0.379599665892429
-1.79763019308962	0.379603777700996
3.26732978575294	1.1211772426211
2.75805496536761	0.766752929661107
0.159251072645633	0.0298673857617753
-0.625191995446008	0.152059991852936
-1.12725353624624	0.339405023147411
0.957461191854986	0.254126256439643
-0.617055950695462	0.150241664375452
1.46364987732708	0.48479584486453
1.46265753359042	0.48460907431551
2.75704467106166	0.766025498669684
1.95793128711136	0.437766051086387
1.96141436018454	0.438711417164155
-2.57821111666453	0.659475059970799
-1.7975657981284	0.379599665892429
-1.51494510157249	0.537750180976637
-2.57421277656498	0.657506382974291
-0.620903335937371	0.151058535991718
0.162171049505848	0.0303007576998756
-1.0225353038078	0.403750407139113
-1.7975657981284	0.379599665892429
0.157971563808893	0.0296806747786729
1.95793128711136	0.437766051086387
0.674624067917918	0.213658555919133
0.172385921068679	0.0433875285709768
-0.216063671871124	0.0695794401283131
0.828430976330302	0.348196975987414
-0.61946410648704	0.150698865008898
1.06930848273844	0.516650768430238
-0.149390704801257	0.0534113782231424
3.93297854230234	1.72057752612902
1.46209127003869	0.484377128190959
0.954564259091026	0.253482299647149
1.56938897618735	0.777626939794854
0.78921177423276	0.474063488937815
-0.306089689293404	0.140648698595043
0.158426007238141	0.0472279903538101
0.15823182603157	0.0297179405544109
3.64204563210395	1.43174087144813
0.795986155297757	0.478433300648873
-2.06562856799678	0.936659279965039
1.08510506966417	0.667619329765714
-1.32354160678308	0.83069677811259
-1.27866440986665	0.57493073370158
0.957025852492456	0.254006696314478
0.956021254579335	0.253830462538477
0.527404119121822	0.188820766466342
-1.81352302981117	0.735065306555984
-0.222282150898245	0.0715311175279888
-0.766207907419173	0.33246398143222
0.526808022811829	0.188639363777938
-0.620326325745573	0.150885642821786
-3.07793266340176	0.957013587093989
0.673656731319726	0.21327169490293
1.96141436018454	0.438711417164155
-0.620903335937371	0.151058535991718
1.95879552552655	0.437985228139192
0.15823182603157	0.0297179405544109
-1.7975657981284	0.379599665892429
0.708470148442715	0.332697162229233
-0.71869462645605	0.245625159522256
1.0418455851348	0.393863567086238
1.08835714987709	0.669678043085705
0.673656731319726	0.21327169490293
1.04577073722875	0.395582052714565
0.535308159768992	0.19186644934071
-0.335438661955823	0.0961186879895653
-0.71869462645605	0.245625159522256
-1.2700139768975	0.569917136139041
3.27129205644114	1.12317050813274
-0.516188497981474	0.194754919907515
-0.141938715394053	0.0508009980270485
0.678685727410979	0.214982042405379
-1.51494510157249	0.537750180976637
-3.07750490916701	0.956880231933195
0.16190498991222	0.0302625824147867
0.16323818852145	0.0485873708307168
1.46067242606004	0.483688692701864
0.177247192199527	0.0444492499698682
-0.718081625995024	0.245384533690959
0.158989511121608	0.0298299152293259
0.165007048838445	0.0490553112296366
-2.57447078703937	0.657780381714024
-0.625191995446008	0.152059991852936
3.26630303248094	1.12023058934939
1.46067242606004	0.483688692701864
-0.620903335937371	0.151058535991718
-0.337924641037297	0.0968088152153293
0.159251072645633	0.0298673857617753
2.75805496536761	0.766752929661107
-3.75840165895141	1.48021499028237
0.955450516302873	0.253599562429476
-1.12781381973937	0.339579374120096
1.45553280775885	0.48172823735576
1.95879552552655	0.437985228139192
-1.80127875869	0.380587746892248
0.158202431453599	0.0297753629586498
-0.620326325745573	0.150885642821786
-1.7975657981284	0.379599665892429
3.26732978575294	1.1211772426211
-0.616620021012413	0.150099962492625
-0.619895187822925	0.150839789138775
2.75805496536761	0.766752929661107
-1.81291187157146	0.734751884578751
0.159251072645633	0.0298673857617753
-1.51042707521765	0.53568486067596
0.957461191854986	0.254126256439643
-2.57447078703937	0.657780381714024
-3.45228414088993	1.22181665198441
1.46654605141329	0.485981855384374
1.96141436018454	0.438711417164155
-1.79763019308962	0.379603777700996
-2.57447078703937	0.657780381714024
-3.45228414088993	1.22181665198441
0.17351044503084	0.0436385160120603
-3.08160228540496	0.95864568534502
0.950720958067184	0.252420162622268
-1.80127875869	0.380587746892248
3.64508196443781	1.43367348655271
1.4655515469736	0.485738470948645
-1.02109432881299	0.402930914701451
-1.12781381973937	0.339579374120096
0.162352652580513	0.0483303505238246
0.157819787360587	0.0533909827533473
1.95793128711136	0.437766051086387
0.173940988172143	0.0437550114519682
0.447615686514994	0.17964898897905
0.153868695124602	0.0589460710470917
1.79213392047111	1.00224944453878
0.149734801411712	0.0649446764276157
0.169762747888229	0.0427831084845497
-0.620903335937371	0.151058535991718
1.46498308680977	0.485505347800691
0.173940988172143	0.0437550114519682
1.95879552552655	0.437985228139192
0.157971563808893	0.0296806747786729
-1.81352302981117	0.735065306555984
-0.0922060904674837	0.0366063341437637
-0.519206724701637	0.195956166156021
1.83162438273742	0.716000775412828
1.46209127003869	0.484377128190959
-2.57447078703937	0.657780381714024
2.75704467106166	0.766025498669684
-1.12548386699252	0.338727340170484
0.15823182603157	0.0297179405544109
-3.07793266340176	0.957013587093989
1.95879552552655	0.437985228139192
1.0418455851348	0.393863567086238
-0.338530582329419	0.0969729638077002
-0.336952847519868	0.096512855057735
-1.81352302981117	0.735065306555984
0.155456144160003	0.0526000219263186
-0.61946410648704	0.150698865008898
0.674624067917918	0.213658555919133
-1.51042707521765	0.53568486067596
-0.61946410648704	0.150698865008898
0.159251072645633	0.0298673857617753
1.95793128711136	0.437766051086387
-2.57447078703937	0.657780381714024
-1.7975657981284	0.379599665892429
1.95793128711136	0.437766051086387
3.26835783601252	1.12163011968705
-1.12825544522804	0.339732258677114
2.35953810209334	1.17764249949515
3.93297854230234	1.72057752612902
-2.57421277656498	0.657506382974291
1.0418455851348	0.393863567086238
-0.620326325745573	0.150885642821786
1.95879552552655	0.437985228139192
1.95879552552655	0.437985228139192
0.15823182603157	0.0297179405544109
0.674624067917918	0.213658555919133
-0.61946410648704	0.150698865008898
1.95793128711136	0.437766051086387
-0.215815148052618	0.0695090074287807
0.956021254579335	0.253830462538477
3.27025913837768	1.12233669524588
0.173378039987466	0.0436162262322836
0.956021254579335	0.253830462538477
-1.13698868821346	0.342607629634493
0.174933567082256	0.0439573605408891
-3.08160228540496	0.95864568534502
3.26835783601252	1.12163011968705
0.15823182603157	0.0297179405544109
2.75805496536761	0.766752929661107
2.75805496536761	0.766752929661107
0.157971563808893	0.0296806747786729
0.959865181244613	0.254814612498812
0.158989511121608	0.0298299152293259
-4.21999186440652	1.97501515858694
-3.07793266340176	0.957013587093989
1.4655515469736	0.485738470948645
1.95879552552655	0.437985228139192
0.955450516302873	0.253599562429476
-0.619895187822925	0.150839789138775
-3.07750490916701	0.956880231933195
-1.79763019308962	0.379603777700996
-0.724381910046542	0.247676943012395
3.27129205644114	1.12317050813274
0.155282002123357	0.02934225636165
1.96141436018454	0.438711417164155
-1.12781381973937	0.339579374120096
1.95879552552655	0.437985228139192
0.144848047757523	0.0491370939506188
0.158687948318654	0.0472850694532285
-0.771972646273452	0.33575880457688
-0.0943190238643748	0.0374192018035695
0.396306489651409	0.178953566977426
0.158687948318654	0.0472850694532285
0.955017933589342	0.253480850166851
0.158989511121608	0.0298299152293259
-0.766733199789823	0.33273995230155
0.170814760478995	0.0915581817801589
-2.46993044801087	1.37292419109362
0.955017933589342	0.253480850166851
-2.57447078703937	0.657780381714024
-2.57847696185857	0.659529736545688
0.159251072645633	0.0298673857617753
0.165007048838445	0.0490553112296366
1.46166504880046	0.484245680586438
-0.0936973003438628	0.0372243353271805
-1.51948712338084	0.539626951504098
0.693024016107701	0.32404196317488
0.958855818540361	0.254543321351908
0.158989511121608	0.0298299152293259
-1.13338534815793	0.341498686250824
0.16190498991222	0.0302625824147867
-1.79763019308962	0.379603777700996
1.04246313957759	0.393996072509476
0.957461191854986	0.254126256439643
3.64611189084925	1.43374127140597
-0.621333103088639	0.151104040920032
0.675232747867266	0.213789953820415
0.1486984158033	0.05038558113063
-1.81139863683783	0.733838743939283
-1.81889213386485	0.738000902901671
-1.12881513859764	0.339906487322227
2.75805496536761	0.766752929661107
-0.625630686390319	0.152156798395567
3.27129205644114	1.12317050813274
0.956455214607419	0.253949648163622
-0.723495739913315	0.247436366504984
-2.57472877667238	0.65760345889815
-1.12379649940684	0.33819735561451
-1.79763019308962	0.379603777700996
-3.07793266340176	0.957013587093989
2.7590679263751	0.76692961097815
0.17294827606403	0.0435260072159332
0.155167108781228	0.0594478482028144
1.46265753359042	0.48460907431551
1.95879552552655	0.437985228139192
0.15823182603157	0.0297179405544109
0.15823182603157	0.0297179405544109
0.955017933589342	0.253480850166851
-3.75718934185265	1.48017499214909
0.16190498991222	0.0302625824147867
1.96141436018454	0.438711417164155
-0.3395018260887	0.0972061822975938
2.35929989252378	1.17708387208299
1.05031467395732	0.39726116208472
-2.57472877667238	0.65760345889815
0.957461191854986	0.254126256439643
1.95793128711136	0.437766051086387
-3.07793266340176	0.957013587093989
-1.51336055363438	0.537061579976289
-1.27264921265823	0.571489965817473
-0.620473624670499	0.150917804175241
1.82912964257087	0.714770179842855
-0.619895187822925	0.150839789138775
1.46398903776532	0.484992681122713
3.64101793434512	1.43134239135362
0.173940988172143	0.0437550114519682
-2.57821111666453	0.659475059970799
0.176818183184722	0.0443715906559113
0.174503749901052	0.0438676710334476
1.46209127003869	0.484377128190959
0.157971563808893	0.0296806747786729
0.155282002123357	0.02934225636165
-1.7975657981284	0.379599665892429
-2.57421277656498	0.657506382974291
0.159251072645633	0.0298673857617753
-0.625191995446008	0.152059991852936
0.15823182603157	0.0297179405544109
-1.12837428626612	0.339637586745731
0.173940988172143	0.0437550114519682
1.95793128711136	0.437766051086387
1.45750864016971	0.482642955020513
0.154259314455831	0.0291924198815566
1.45652080007828	0.482281887456809
-0.723225679429377	0.247243051260999
3.26835783601252	1.12163011968705
0.537835862236506	0.192720145890651
1.82912964257087	0.714770179842855
-0.517567096912483	0.195373080592303
1.82755032422624	0.713907775987463
-1.80127875869	0.380587746892248
0.955450516302873	0.253599562429476
-2.57821111666453	0.659475059970799
0.955450516302873	0.253599562429476
-3.07836047129561	0.956774727997911
-2.57421277656498	0.657506382974291
0.532196819047093	0.190683131950839
-1.12881513859764	0.339906487322227
-0.715034146888943	0.244213254744201
-1.81262047956212	0.734554727038592
-1.80127875869	0.380587746892248
0.157971563808893	0.0296806747786729
-2.57421277656498	0.657506382974291
-1.80127875869	0.380587746892248
1.95793128711136	0.437766051086387
1.95793128711136	0.437766051086387
-1.12725353624624	0.339405023147411
1.46166504880046	0.484245680586438
-1.79763019308962	0.379603777700996
1.46166504880046	0.484245680586438
0.697606114857369	0.326668533008129
-0.337924641037297	0.0968088152153293
0.678327026073525	0.214743904761834
0.16323818852145	0.0485873708307168
-0.973319886538823	0.480360515763524
-1.81352302981117	0.735065306555984
-1.50982433145335	0.535480148233091
-0.145472337378192	0.0520149972990822
0.158989511121608	0.0298299152293259
-2.57421277656498	0.657506382974291
1.83009713438939	0.715173729277155
-0.616620021012413	0.150099962492625
-1.7975657981284	0.379599665892429
1.46265753359042	0.48460907431551
-1.79763019308962	0.379603777700996
-0.624623675797245	0.151937920429117
-0.141130463990833	0.0505115401593555
-0.216409245079586	0.0696890647462961
-1.79763019308962	0.379603777700996
0.955450516302873	0.253599562429476
0.173940988172143	0.0437550114519682
1.46166504880046	0.484245680586438
2.76197196120423	0.768541369225187
0.956021254579335	0.253830462538477
1.95793128711136	0.437766051086387
3.6399901361893	1.43067029650081
-0.339009514545445	0.0971276143948088
0.159251072645633	0.0298673857617753
-1.12837428626612	0.339637586745731
0.682410767649726	0.216016306234615
-0.619895187822925	0.150839789138775
3.64307322645936	1.43171095761068
0.675948496687313	0.213928974911644
0.174503749901052	0.0438676710334476
1.95879552552655	0.437985228139192
1.95879552552655	0.437985228139192
1.3329197605053	0.581616348611346
-1.13395018438652	0.341592389781504
2.11842867036876	0.945672460079198
-2.57421277656498	0.657506382974291
-1.13238809108681	0.341172314702962
0.954564259091026	0.253482299647149
-0.620473624670499	0.150917804175241
0.158989511121608	0.0298299152293259
1.82816209415628	0.714241631039221
0.159251072645633	0.0298673857617753
0.157971563808893	0.0296806747786729
-1.5094475769206	0.535248673690833
0.158989511121608	0.0298299152293259
0.167786821496111	0.0423548811213711
0.956021254579335	0.253830462538477
0.44246969756749	0.177341431396767
0.173378039987466	0.0436162262322836
1.46067242606004	0.483688692701864
-3.75779539313074	1.48038803127513
0.820031775910475	0.344053152724765
-0.0988797787126739	0.0392375021212974
0.163951929784557	0.0795999399791447
0.164122988767051	0.0488286730136595
2.75805496536761	0.766752929661107
1.27967476581191	0.70553219604957
0.152200918016515	0.0515403734692646
-1.27320878623511	0.571826806588651
-1.12725353624624	0.339405023147411
-1.7975657981284	0.379599665892429
-1.7975657981284	0.379599665892429
1.4655515469736	0.485738470948645
-1.51494510157249	0.537750180976637
3.26835783601252	1.12163011968705
1.32670292523954	0.578086333025382
1.3329197605053	0.581616348611346
0.151061641523147	0.0578640062767647
-0.717804035722151	0.245206559878684
-1.79763019308962	0.379603777700996
-0.619895187822925	0.150839789138775
0.676200627845659	0.214099921395796
-1.79763019308962	0.379603777700996
0.15823182603157	0.0297179405544109
0.173378039987466	0.0436162262322836
0.15823182603157	0.0297179405544109
-1.7975657981284	0.379599665892429
-3.07750490916701	0.956880231933195
1.46166504880046	0.484245680586438
-0.34307485466429	0.0982470421897248
0.15357905718361	0.0520023014569825
0.677716162542668	0.214611870267994
0.173940988172143	0.0437550114519682
0.956021254579335	0.253830462538477
1.46308301616168	0.484563679444736
0.167164301060576	0.0496616909525181
-0.337559379634888	0.0966770330278957
-0.522472487971899	0.197429550059794
-1.12548386699252	0.338727340170484
0.15823182603157	0.0297179405544109
-0.343432234206214	0.0982903961052269
1.46498308680977	0.485505347800691
0.956021254579335	0.253830462538477
2.1121531485807	0.941533736053687
0.678685727410979	0.214982042405379
0.162338925211519	0.0482955049730846
-1.79763019308962	0.379603777700996
-2.57447078703937	0.657780381714024
2.7590679263751	0.76692961097815
-1.12881513859764	0.339906487322227
-0.721067114947851	0.246487833064577
0.157971563808893	0.0296806747786729
0.159251072645633	0.0298673857617753
0.675232747867266	0.213789953820415
1.04996163468299	0.396997160832771
-0.621784192774111	0.151338791569665
0.956021254579335	0.253830462538477
3.27129205644114	1.12317050813274
0.17294827606403	0.0435260072159332
0.955450516302873	0.253599562429476
-0.720182828019212	0.246166050990353
0.959294652844364	0.254663957360155
-1.12937501458112	0.339964434622374
-1.27403485633299	0.572049719008217
0.956455214607419	0.253949648163622
1.95793128711136	0.437766051086387
3.6399901361893	1.43067029650081
3.27129205644114	1.12317050813274
0.157971563808893	0.0296806747786729
-4.71478631972436	2.80030834276425
0.159251072645633	0.0298673857617753
-1.81474611422927	0.735349939090998
-1.12725353624624	0.339405023147411
-0.339136742629042	0.0971078731889835
0.958855818540361	0.254543321351908
0.15823182603157	0.0297179405544109
0.17294827606403	0.0435260072159332
0.674624067917918	0.213658555919133
-0.625191995446008	0.152059991852936
0.162171049505848	0.0303007576998756
0.174503749901052	0.0438676710334476
0.529918814853225	0.189819007683608
0.674624067917918	0.213658555919133
0.536386835238158	0.192220018139766
1.46209127003869	0.484377128190959
0.161251818326068	0.0544824959834337
-1.27702255318032	0.574015400729037
0.162352652580513	0.0483303505238246
1.33999521271986	0.585413722027566
1.27576680597832	0.702365019041069
0.553790371925404	0.322929249316
-0.0130955633245231	0.00624561726341397
-0.339136742629042	0.0971078731889835
0.955450516302873	0.253599562429476
-0.723225679429377	0.247243051260999
-0.718972834438042	0.245626954230634
-2.57472877667238	0.65760345889815
-0.333247970373579	0.0954969729659714
-0.619895187822925	0.150839789138775
-1.79763019308962	0.379603777700996
0.706087408283567	0.331454508057933
-0.71869462645605	0.245625159522256
-0.624623675797245	0.151937920429117
2.75805496536761	0.766752929661107
0.16190498991222	0.0302625824147867
2.76489171529978	0.769665555456845
-2.57421277656498	0.657506382974291
1.04427198623154	0.394656801502761
3.27528390840561	1.12443907352294
2.75805496536761	0.766752929661107
-0.521403994764915	0.196949544068639
-0.71869462645605	0.245625159522256
0.52764029394331	0.188938300410242
-1.27432863983107	0.572348730210502
0.16934280349587	0.0427080042196444
0.17351044503084	0.0436385160120603
1.46109938210879	0.484014060767982
-0.342463785834028	0.0980578484034576
-0.719585944508868	0.245867637672296
-2.57421277656498	0.657506382974291
-0.337924641037297	0.0968088152153293
0.177247192199527	0.0444492499698682
1.33148644921435	0.580580180008122
1.95793128711136	0.437766051086387
-0.0910660369009666	0.0361805406073465
0.675591354383564	0.213968352567141
1.46265753359042	0.48460907431551
-3.45172595803352	1.22146685013561
0.169762747888229	0.0427831084845497
0.159251072645633	0.0298673857617753
-1.79763019308962	0.379603777700996
1.96141436018454	0.438711417164155
0.171653101789031	0.0431973221484952
3.64405193165419	1.43312407887711
0.158989511121608	0.0298299152293259
1.95793128711136	0.437766051086387
-1.79763019308962	0.379603777700996
-1.80127875869	0.380587746892248
-2.57447078703937	0.657780381714024
-1.7975657981284	0.379599665892429
0.16190498991222	0.0302625824147867
0.15823182603157	0.0297179405544109
-0.61946410648704	0.150698865008898
0.162171049505848	0.0303007576998756
-0.21750140385887	0.0700056929839968
0.164738242561747	0.0490009495728858
-3.46146192307772	1.22662947407805
-1.79763019308962	0.379603777700996
0.158989511121608	0.0298299152293259
-2.57421277656498	0.657506382974291
0.159251072645633	0.0298673857617753
-0.620903335937371	0.151058535991718
-1.02849467792112	0.40651458449095
-0.339136742629042	0.0971078731889835
-0.61946410648704	0.150698865008898
1.95879552552655	0.437985228139192
1.95793128711136	0.437766051086387
0.174933567082256	0.0439573605408891
-0.208984273744917	0.0673817472542538
0.536981267153455	0.192450260059129
0.168047617405793	0.0498928161895134
-2.57447078703937	0.657780381714024
1.04488949167403	0.395085051250541
0.158128274235763	0.0534756396939054
-1.66943552132408	0.941042212637803
0.69334050166972	0.324281436252243
0.675948496687313	0.213928974911644
-0.636958603815356	0.375951954263338
0.67498185747701	0.213690207850534
0.694148080198457	0.324741670139151
0.152346609586538	0.0515961830574703
0.449051374752847	0.180146054252177
1.06845345068197	0.515945462407473
0.151538255863495	0.0513200105304366
-2.06444769256084	0.935935080561358
0.147240848267595	0.0499193503912067
-0.717191145070403	0.244966202456728
1.46654605141329	0.485981855384374
0.827869862391494	0.347914518409003
0.678685727410979	0.214982042405379
0.176818183184722	0.0443715906559113
0.693224115693549	0.324622999234869
-1.13182284417153	0.340904867919198
-0.720199314130701	0.246072307343885
3.27129205644114	1.12317050813274
1.45750864016971	0.482642955020513
3.26732978575294	1.1211772426211
0.531004542224133	0.190160354232034
-2.06071031978778	0.933444656733173
-0.523847973197607	0.197922354572038
-1.81352302981117	0.735065306555984
1.04603323538674	0.395528149844171
1.0433448222306	0.394400438672122
-2.57447078703937	0.657780381714024
2.75805496536761	0.766752929661107
0.15823182603157	0.0297179405544109
0.158989511121608	0.0298299152293259
0.158989511121608	0.0298299152293259
-0.619895187822925	0.150839789138775
-1.79763019308962	0.379603777700996
-1.79763019308962	0.379603777700996
-1.80127875869	0.380587746892248
-0.334830546749113	0.0959542136262779
-0.218924327489335	0.0705078780993664
-0.619895187822925	0.150839789138775
0.177812920485068	0.0445891130396879
0.532196819047093	0.190683131950839
0.174503749901052	0.0438676710334476
1.95879552552655	0.437985228139192
-0.725611262900054	0.248060804815242
-0.619895187822925	0.150839789138775
0.15823182603157	0.0297179405544109
-2.57472877667238	0.65760345889815
2.75704467106166	0.766025498669684
2.7590679263751	0.76692961097815
1.46109938210879	0.484014060767982
1.95793128711136	0.437766051086387
-1.79763019308962	0.379603777700996
1.95793128711136	0.437766051086387
-2.57447078703937	0.657780381714024
1.46265753359042	0.48460907431551
1.95793128711136	0.437766051086387
-2.57447078703937	0.657780381714024
0.954564259091026	0.253482299647149
-0.61946410648704	0.150698865008898
-2.57472877667238	0.65760345889815
0.157971563808893	0.0296806747786729
-0.621333103088639	0.151104040920032
-1.81262047956212	0.734554727038592
-0.725611262900054	0.248060804815242
-3.45714001185249	1.22455064732533
1.95793128711136	0.437766051086387
1.95879552552655	0.437985228139192
0.955450516302873	0.253599562429476
0.957461191854986	0.254126256439643
2.75805496536761	0.766752929661107
0.956021254579335	0.253830462538477
1.04272737841263	0.394268038065867
0.670081697347895	0.212111377241056
-2.7831709088517	1.88097096526845
-0.766496980129333	0.332418881776531
-0.714143223212392	0.243889779741797
0.612077712293352	0.321172486439112
1.07010886674495	0.517170860438559
1.45849632487227	0.482828278090187
0.159861573818977	0.0776116368698966
0.40128520889548	0.181574932992367
-0.462751433969876	0.389701711739582
-0.651829477791646	0.387179850679131
1.46308301616168	0.484563679444736
0.532438411561851	0.190754397880712
2.75805496536761	0.766752929661107
1.25328309537184	1.06303231022379
-1.08628777207654	1.04323654134203
-0.521613475468871	0.327523298891337
0.40415311010784	0.182977800272853
-1.67862302983948	0.950073872481162
1.96141436018454	0.438711417164155
2.7590679263751	0.76692961097815
-1.12725353624624	0.339405023147411
-0.974683685913367	0.480886218680761
0.958855818540361	0.254543321351908
-0.337924641037297	0.0968088152153293
0.732575993325315	0.487782595694523
0.957025852492456	0.254006696314478
0.674624067917918	0.213658555919133
-2.57847696185857	0.659529736545688
-2.57472877667238	0.65760345889815
1.95793128711136	0.437766051086387
1.46209127003869	0.484377128190959
-2.57421277656498	0.657506382974291
2.75805496536761	0.766752929661107
2.75805496536761	0.766752929661107
0.158989511121608	0.0298299152293259
-2.57447078703937	0.657780381714024
-2.06562856799678	0.936659279965039
0.158989511121608	0.0298299152293259
1.07243605194302	0.518702348744778
0.153462953202201	0.0666347636091692
-0.337924641037297	0.0968088152153293
0.15823182603157	0.0297179405544109
2.12570455528211	0.949702563350638
1.95793128711136	0.437766051086387
1.95879552552655	0.437985228139192
0.957461191854986	0.254126256439643
-2.57421277656498	0.657506382974291
1.95879552552655	0.437985228139192
3.27232628525746	1.12331698634376
0.16190498991222	0.0302625824147867
-0.620903335937371	0.151058535991718
0.174370024960364	0.0438183729016174
1.46265753359042	0.48460907431551
-0.142223285419907	0.0509011547645968
0.152764340567892	0.0517217106607349
0.794526749426894	0.47846786180957
0.149173995582458	0.0505642485186703
0.159266337352053	0.0610083420113727
-2.57447078703937	0.657780381714024
-1.79763019308962	0.379603777700996
0.159251072645633	0.0298673857617753
0.174370024960364	0.0438183729016174
-0.620903335937371	0.151058535991718
0.158989511121608	0.0298299152293259
0.157971563808893	0.0296806747786729
0.164122988767051	0.0488286730136595
-0.0934903546081117	0.0371047509307854
-0.0134626072183349	0.00641173906074151
0.151061641523147	0.0578640062767647
0.448246823419833	0.17979017346935
0.155282002123357	0.02934225636165
1.04969895669497	0.397129939971893
-0.391286817030219	0.220830924741529
-0.687653214134319	0.600369317976725
-1.73349703243653	1.89659492644877
-0.0926618573180851	0.036786603271242
1.95793128711136	0.437766051086387
3.27129205644114	1.12317050813274
1.83633740824933	0.718096082890721
0.158989511121608	0.0298299152293259
0.957025852492456	0.254006696314478
0.15823182603157	0.0297179405544109
0.178378460373537	0.04470234426639
-0.257831325457998	0.160658252634811
0.187121024960123	0.11626056594096
-1.46527529270727	1.02076509867244
-1.62973509287999	1.66777590834195
0.679297187320958	0.21511425797511
1.46209127003869	0.484377128190959
1.57802507560287	0.783680554981409
-1.50634046210702	0.533909618105069
4.17847139446736	2.00361183825127
0.958855818540361	0.254543321351908
-0.771403026864749	0.335277060587618
-0.0669863128538842	0.0405894133324338
-0.0563184866154855	0.0245029646314013
-0.517006318957255	0.195147442742932
1.78280786545783	0.994156831140078
2.75704467106166	0.766025498669684
1.95793128711136	0.437766051086387
-1.12937501458112	0.339964434622374
1.95793128711136	0.437766051086387
-1.79763019308962	0.379603777700996
1.95879552552655	0.437985228139192
-1.7975657981284	0.379599665892429
-1.79763019308962	0.379603777700996
-2.57821111666453	0.659475059970799
-1.79763019308962	0.379603777700996
-2.58224585205989	0.661106815487816
-0.21750140385887	0.0700056929839968
-1.79763019308962	0.379603777700996
-1.79763019308962	0.379603777700996
1.95879552552655	0.437985228139192
3.64101793434512	1.43134239135362
3.64611189084925	1.43374127140597
-0.338896474896558	0.0970421752101679
-2.57472877667238	0.65760345889815
0.157971563808893	0.0296806747786729
1.04033415471618	0.393059276990575
1.95879552552655	0.437985228139192
1.95879552552655	0.437985228139192
0.159251072645633	0.0298673857617753
0.173940988172143	0.0437550114519682
0.159251072645633	0.0298673857617753
-1.79763019308962	0.379603777700996
-1.7975657981284	0.379599665892429
-1.79763019308962	0.379603777700996
1.95879552552655	0.437985228139192
-1.79763019308962	0.379603777700996
-1.79763019308962	0.379603777700996
0.158989511121608	0.0298299152293259
0.172385921068679	0.0433875285709768
-0.719585944508868	0.245867637672296
-0.296569145260443	0.135976242591094
0.613695349492364	0.322431107704122
0.150799488780929	0.0578200275109856
0.794226943745321	0.477164146800603
0.152453062620175	0.0516328700929256
0.176818183184722	0.0443715906559113
-1.79763019308962	0.379603777700996
-0.34307485466429	0.0982470421897248
0.15823182603157	0.0297179405544109
0.154259314455831	0.0291924198815566
0.162171049505848	0.0303007576998756
0.955450516302873	0.253599562429476
1.07940398032973	0.522824918667993
-0.389464526693347	0.162130752203079
0.161546080717326	0.0785368238361855
-0.0184513466722517	0.00866447359219297
-0.146148912480088	0.0522970886883919
1.33294654888077	0.581242808712831
1.96141436018454	0.438711417164155
1.04605372238473	0.996920556236086
-0.0420097769270244	0.0262089119965732
-0.0177185133593223	0.00833310884475783
-0.146566175815136	0.0523693021892352
0.450157247009531	0.180608889469783
1.46109938210879	0.484014060767982
-1.7975657981284	0.379599665892429
3.93297854230234	1.72057752612902
0.158989511121608	0.0298299152293259
-1.13238809108681	0.341172314702962
1.46846293168858	0.486570444742071
0.676200627845659	0.214099921395796
0.902664347437834	0.487839394618679
-0.132821360581048	0.0747588798471644
0.441943033911723	0.177112743935041
-0.66385999880053	0.46308731386584
1.55063246076015	1.34221426483518
-0.12885980445542	0.0723835395626798
-1.27376859523398	0.572115256020773
0.677105074382106	0.214332831776124
0.901389372580445	0.486683390431371
0.67498185747701	0.213690207850534
-0.483410418061461	0.253600116251078
-0.144137039360479	0.0515503896111279
-0.393420370607224	0.163835415649594
-0.514124394353198	0.193952110200603
0.830800143340358	0.349277485913624
2.75704467106166	0.766025498669684
-1.79763019308962	0.379603777700996
1.95879552552655	0.437985228139192
0.955450516302873	0.253599562429476
1.46265753359042	0.48460907431551
0.154259314455831	0.0291924198815566
-1.79763019308962	0.379603777700996
-1.7975657981284	0.379599665892429
0.158989511121608	0.0298299152293259
-2.57472877667238	0.65760345889815
-2.57421277656498	0.657506382974291
0.795043583875751	0.477731454178597
-0.14575574418188	0.0521067853554539
0.153179217844522	0.0518679803975777
1.96141436018454	0.438711417164155
3.26835783601252	1.12163011968705
0.163853552605343	0.0487595972376143
0.154392805413983	0.0522705690038812
-0.783972282541153	0.517526308031013
0.823642509432085	0.345787097083453
-3.07707720857862	0.956361112132394
-1.51457762983225	0.537411268536323
3.63896224062815	1.42951913528691
1.95879552552655	0.437985228139192
1.95879552552655	0.437985228139192
2.75704467106166	0.766025498669684
-2.57447078703937	0.657780381714024
0.956021254579335	0.253830462538477
-2.57447078703937	0.657780381714024
0.15823182603157	0.0297179405544109
0.15823182603157	0.0297179405544109
0.675109449967238	0.21369241449263
-1.7975657981284	0.379599665892429
1.96141436018454	0.438711417164155
1.95879552552655	0.437985228139192
1.95879552552655	0.437985228139192
0.157971563808893	0.0296806747786729
2.7590679263751	0.76692961097815
2.75805496536761	0.766752929661107
-2.57447078703937	0.657780381714024
-1.79763019308962	0.379603777700996
-1.01684924097297	1.13682820075442
0.186795688306154	0.122604342077218
0.0458638638452733	0.0269576222406567
0.0326859070494104	0.0179884808623567
-0.0157592190373346	0.0074520272839051
0.15823182603157	0.0297179405544109
0.16190498991222	0.0302625824147867
0.174503749901052	0.0438676710334476
0.521757359340487	0.333422017861446
0.15823182603157	0.0297179405544109
-2.0664893400213	0.937220897064085
-2.57447078703937	0.657780381714024
-0.619895187822925	0.150839789138775
-0.617636266089067	0.551190252938838
-0.25607138584573	0.15938111296206
-0.321499701429838	0.192350985929741
0.31025828225523	0.225461600426951
0.166237072413587	0.0493846591201304
0.16190498991222	0.0302625824147867
0.17294827606403	0.0435260072159332
-1.79763019308962	0.379603777700996
-0.716578513626022	0.244664612220419
-0.387435027213556	0.161094331586452
0.0373735964628199	0.0205127421953274
0.181150675580881	0.105366263442943
0.190071207069783	0.13099331123126
0.808490491053242	0.645486174980217
-0.39892687519201	0.225812811922425
-0.98115247794995	0.485543284727628
0.173940988172143	0.0437550114519682
0.159251072645633	0.0298673857617753
2.75704467106166	0.766025498669684
-0.621333103088639	0.151104040920032
-1.7975657981284	0.379599665892429
-1.16453419609315	0.652821842005806
0.1509849062692	0.0655168427048403
-0.384120222201257	0.264048367278932
-0.1684591160343	0.0897974761049376
2.75805496536761	0.766752929661107
0.157971563808893	0.0296806747786729
-1.79763019308962	0.379603777700996
0.158989511121608	0.0298299152293259
3.27025913837768	1.12233669524588
0.956455214607419	0.253949648163622
-1.80127875869	0.380587746892248
1.96141436018454	0.438711417164155
0.157971563808893	0.0296806747786729
1.95793128711136	0.437766051086387
0.16190498991222	0.0302625824147867
-0.620473624670499	0.150917804175241
-1.79763019308962	0.379603777700996
-1.7975657981284	0.379599665892429
-1.79763019308962	0.379603777700996
-2.57447078703937	0.657780381714024
-0.613525267417473	0.295049747523327
-0.0957442504832234	0.0379964703856535
-0.620473624670499	0.150917804175241
1.95879552552655	0.437985228139192
3.27129205644114	1.12317050813274
0.154894668934731	0.0524121259747782
0.956021254579335	0.253830462538477
0.607950240432423	0.318829776915172
1.05337291954611	0.398291475386623
-2.57847696185857	0.659529736545688
0.15823182603157	0.0297179405544109
1.96141436018454	0.438711417164155
1.95879552552655	0.437985228139192
1.96141436018454	0.438711417164155
2.75704467106166	0.766025498669684
-1.79763019308962	0.379603777700996
-1.79763019308962	0.379603777700996
1.95793128711136	0.437766051086387
3.27232628525746	1.12331698634376
0.157971563808893	0.0296806747786729
0.16190498991222	0.0302625824147867
0.155282002123357	0.02934225636165
-1.7975657981284	0.379599665892429
-1.79763019308962	0.379603777700996
-1.79763019308962	0.379603777700996
-1.7975657981284	0.379599665892429
-1.79763019308962	0.379603777700996
-1.7975657981284	0.379599665892429
0.144008446605218	0.0488679023591925
0.550960963725146	0.320773449127011
0.666985916271277	0.477649098614837
-0.998473942163497	0.896282119976465
-0.603697830822917	0.289418563485596
-1.12781381973937	0.339579374120096
0.674624067917918	0.213658555919133
-1.79763019308962	0.379603777700996
1.57219334501409	0.779074773498945
1.46888833949966	0.486728891803906
0.956455214607419	0.253949648163622
-0.331353952324791	0.0949814429230132
-0.257829782575817	0.160579233004383
0.673880749608248	0.484029825565643
-0.148585144209234	0.0531300006524212
-2.33166201748005	2.11021391932736
0.157971563808893	0.0296806747786729
0.530762262945688	0.190122868111177
-0.333856458330646	0.0956917261764247
-2.57847696185857	0.659529736545688
0.676558588301015	0.214207370803977
-0.619895187822925	0.150839789138775
0.155282002123357	0.02934225636165
1.04665020030324	0.395956904990197
0.902901337290716	0.487273025265444
-0.171688813671594	0.0916088970092915
-0.762985501970341	0.331064223546382
-0.98122755775752	0.48586823214719
0.152200918016515	0.0515403734692646
-0.337924641037297	0.0968088152153293
-0.620903335937371	0.151058535991718
0.15823182603157	0.0297179405544109
-1.79763019308962	0.379603777700996
-1.0275611383961	0.406046323242829
-0.619895187822925	0.150839789138775
0.402649573875969	0.182175804543789
-0.491711734349092	0.258696500141095
-0.0988797787126739	0.0392375021212974
1.07275731131835	0.518852787793981
1.04726688944174	0.396088731238016
1.46265753359042	0.48460907431551
1.95793128711136	0.437766051086387
1.95793128711136	0.437766051086387
0.959294652844364	0.254663957360155
-2.57421277656498	0.657506382974291
0.956455214607419	0.253949648163622
-2.57447078703937	0.657780381714024
2.75704467106166	0.766025498669684
-1.7975657981284	0.379599665892429
-1.79763019308962	0.379603777700996
-1.79763019308962	0.379603777700996
1.95879552552655	0.437985228139192
0.159251072645633	0.0298673857617753
0.176818183184722	0.0443715906559113
-0.337924641037297	0.0968088152153293
-3.07793266340176	0.957013587093989
-2.57447078703937	0.657780381714024
1.04665020030324	0.395956904990197
-0.763186677226542	0.331039800418733
0.15789946931013	0.0605104409018486
-0.722881564981813	0.247143842823858
0.15823182603157	0.0297179405544109
-0.723495739913315	0.247436366504984
-0.718972834438042	0.245626954230634
0.157971563808893	0.0296806747786729
1.95879552552655	0.437985228139192
1.95879552552655	0.437985228139192
-2.57421277656498	0.657506382974291
1.95793128711136	0.437766051086387
0.15823182603157	0.0297179405544109
1.95879552552655	0.437985228139192
0.159251072645633	0.0298673857617753
1.95879552552655	0.437985228139192
2.75704467106166	0.766025498669684
-2.57447078703937	0.657780381714024
-1.79763019308962	0.379603777700996
0.157971563808893	0.0296806747786729
1.95793128711136	0.437766051086387
1.95793128711136	0.437766051086387
-1.80127875869	0.380587746892248
-1.79763019308962	0.379603777700996
-2.57447078703937	0.657780381714024
-0.620473624670499	0.150917804175241
-1.13338534815793	0.341498686250824
0.661191065063939	0.472253087711377
0.154900527641067	0.0752864463958
0.168393915595915	0.0499912542478598
0.397957500852408	0.179831860627171
0.169276668042905	0.0502222390274525
0.159251072645633	0.0298673857617753
0.157971563808893	0.0296806747786729
0.696140528705959	0.32596537413612
0.162171049505848	0.0303007576998756
2.56389324464905	1.4195489615128
0.171653101789031	0.0431973221484952
0.165622192143609	0.0492275837346074
-0.139495425558203	0.0499390302697827
-1.67395601600543	0.945887428047691
0.352178143069526	0.19762715358963
0.827869862391494	0.347914518409003
2.7590679263751	0.76692961097815
3.64508196443781	1.43367348655271
0.174503749901052	0.0438676710334476
0.957461191854986	0.254126256439643
-0.342107054910445	0.0979510037894855
-0.617491939447093	0.150288713008559
0.155654248259732	0.0596277325693144
1.63040146862417	1.14736768513383
-0.76214123352966	0.33051798936009
-0.597212119727125	0.285807543451918
0.402876043736234	0.182215246779973
0.158989511121608	0.0298299152293259
3.26630303248094	1.12023058934939
3.26938718630885	1.12163262119223
0.154643798015002	0.0523504544120162
3.6399901361893	1.43067029650081
-0.975990049193778	0.481916771875483
0.150259193239036	0.0652705612856139
0.039531835553816	0.0216826109472006
1.46265753359042	0.48460907431551
0.157971563808893	0.0296806747786729
-1.7975657981284	0.379599665892429
0.956455214607419	0.253949648163622
0.157971563808893	0.0296806747786729
-0.621333103088639	0.151104040920032
0.157971563808893	0.0296806747786729
0.157971563808893	0.0296806747786729
1.95793128711136	0.437766051086387
-1.79763019308962	0.379603777700996
-2.57472877667238	0.65760345889815
-1.12881513859764	0.339906487322227
0.162171049505848	0.0303007576998756
-2.57421277656498	0.657506382974291
-0.523592418494679	0.197882573952315
-1.7975657981284	0.379599665892429
1.96141436018454	0.438711417164155
0.159251072645633	0.0298673857617753
0.15823182603157	0.0297179405544109
0.162338925211519	0.0482955049730846
-0.215221304062718	0.0693199317381142
-1.13295352450292	0.341266245931736
0.678685727410979	0.214982042405379
-1.7975657981284	0.379599665892429
-2.57447078703937	0.657780381714024
0.158989511121608	0.0298299152293259
-0.620326325745573	0.150885642821786
-1.7975657981284	0.379599665892429
-1.80127875869	0.380587746892248
1.95793128711136	0.437766051086387
0.158989511121608	0.0298299152293259
0.158989511121608	0.0298299152293259
2.75805496536761	0.766752929661107
-1.79763019308962	0.379603777700996
1.95793128711136	0.437766051086387
1.95879552552655	0.437985228139192
1.95793128711136	0.437766051086387
1.95793128711136	0.437766051086387
1.95879552552655	0.437985228139192
-1.7975657981284	0.379599665892429
1.95879552552655	0.437985228139192
-0.625630686390319	0.152156798395567
-1.79763019308962	0.379603777700996
-3.07750490916701	0.956880231933195
-3.75288411079685	1.47718399320021
0.159251072645633	0.0298673857617753
-0.313537267272385	0.186858559683089
-0.387231914843493	0.218480261226246
-1.59943555746558	1.23038381659777
0.151283893074384	0.0580076734817705
-0.945742908267119	0.580297100500899
-0.619895187822925	0.150839789138775
-1.7975657981284	0.379599665892429
-2.57821111666453	0.659475059970799
0.157007711765635	0.053125881526133
0.147302354674463	0.0499394029670841
2.75704467106166	0.766025498669684
-4.00304350153307	1.7266868827702
1.95879552552655	0.437985228139192
0.319621894997552	0.221581139339226
1.07579743777753	1.25791047804573
-1.47075591134295	1.02702073480033
0.532196819047093	0.190683131950839
0.157971563808893	0.0296806747786729
4.1724813655199	1.99757429752919
1.95879552552655	0.437985228139192
0.663936023564263	0.209943033382942
0.00901987595801521	0.00465352701945104
0.396997611551252	0.179536136729114
1.27576680597832	0.702365019041069
-0.784277181468746	0.517819195008901
0.67051798868874	0.481234533548595
-0.513265508496353	0.193649815889796
-1.81139863683783	0.733838743939283
0.162352652580513	0.0483303505238246
-2.57421277656498	0.657506382974291
-0.602857273268658	0.289030589960497
-0.625630686390319	0.152156798395567
-0.0533649999913699	0.0232632112006891
0.694148080198457	0.324741670139151
0.634216665939643	0.485926128244191
1.92273051272886	1.67510496498871
2.75805496536761	0.766752929661107
1.95793128711136	0.437766051086387
2.75805496536761	0.766752929661107
3.26732978575294	1.1211772426211
0.176253051776925	0.0442319878724308
0.15823182603157	0.0297179405544109
-1.79763019308962	0.379603777700996
-2.57821111666453	0.659475059970799
-1.79763019308962	0.379603777700996
-1.7975657981284	0.379599665892429
0.155282002123357	0.02934225636165
1.95793128711136	0.437766051086387
-1.7975657981284	0.379599665892429
-3.4565767152091	1.22430361707387
0.162171049505848	0.0303007576998756
0.956021254579335	0.253830462538477
1.45849632487227	0.482828278090187
-0.139561388216709	0.049967650089781
-0.337559379634888	0.0966770330278957
-0.148585144209234	0.0531300006524212
-1.51494510157249	0.537750180976637
-1.81352302981117	0.735065306555984
-1.7975657981284	0.379599665892429
2.75805496536761	0.766752929661107
2.76095211479574	0.768066673537379
-0.621333103088639	0.151104040920032
0.679042954927262	0.214964314584285
-1.79763019308962	0.379603777700996
2.75805496536761	0.766752929661107
-2.57421277656498	0.657506382974291
0.158989511121608	0.0298299152293259
2.76095211479574	0.768066673537379
2.76095211479574	0.768066673537379
-1.79763019308962	0.379603777700996
1.95793128711136	0.437766051086387
-2.57421277656498	0.657506382974291
-1.7975657981284	0.379599665892429
-1.79763019308962	0.379603777700996
-0.637614620589833	0.376425394801246
-1.12725353624624	0.339405023147411
-0.625191995446008	0.152059991852936
0.354170168911684	0.19885555151743
-0.151247302673267	0.0540525343616811
0.145137977402435	0.0556544845122866
-1.0213509823134	0.403162852904808
0.612148403278026	0.321728050784976
0.396090866464178	0.179084959360381
-1.01542784649906	0.400233121982769
-0.213887346146808	0.0689012281325662
1.33208469099746	0.58115584608196
1.03245608639761	0.389441043509193
-0.570070563522235	0.414802943414189
0.149180842462169	0.0571985256612232
0.191848417189743	0.119431569260632
0.153762604699601	0.0589435881914417
-0.637231678944983	0.376199191154189
1.0418455851348	0.393863567086238
0.156557506204859	0.0761161433656
0.175496922320134	0.0440701137079318
0.15823182603157	0.0297179405544109
1.04272737841263	0.394268038065867
-1.12937501458112	0.339964434622374
-1.12781381973937	0.339579374120096
1.04246313957759	0.393996072509476
-0.391548460852062	0.162837516757791
-0.934050960272198	0.570709085120651
1.09619807283961	0.677003564697014
1.26343420553676	0.882323177935161
2.90730097187936	1.96175667971735
0.167164301060576	0.0496616909525181
0.957025852492456	0.254006696314478
1.95879552552655	0.437985228139192
1.95793128711136	0.437766051086387
1.96141436018454	0.438711417164155
3.26938718630885	1.12163262119223
0.158202431453599	0.0297753629586498
-1.7975657981284	0.379599665892429
-0.620903335937371	0.151058535991718
2.75704467106166	0.766025498669684
0.15823182603157	0.0297179405544109
-2.57447078703937	0.657780381714024
2.76095211479574	0.768066673537379
-2.57447078703937	0.657780381714024
0.536739666042799	0.192347830350542
0.159251072645633	0.0298673857617753
1.95879552552655	0.437985228139192
-0.617055950695462	0.150241664375452
1.04665020030324	0.395956904990197
0.159251072645633	0.0298673857617753
1.04422575936648	0.394740889448914
-2.0745304060083	0.94259367154612
-0.144419938894036	0.0516441997824019
0.905001063865097	0.488803007038993
1.06540289518417	0.514719544781792
0.670081697347895	0.212111377241056
-1.13295352450292	0.341266245931736
1.95793128711136	0.437766051086387
1.95879552552655	0.437985228139192
0.171653101789031	0.0431973221484952
0.157971563808893	0.0296806747786729
3.26732978575294	1.1211772426211
1.46498308680977	0.485505347800691
1.95879552552655	0.437985228139192
-2.57421277656498	0.657506382974291
1.95879552552655	0.437985228139192
2.75704467106166	0.766025498669684
-2.57847696185857	0.659529736545688
-1.79763019308962	0.379603777700996
0.158989511121608	0.0298299152293259
0.177247192199527	0.0444492499698682
-0.517825107309169	0.195474359908123
-0.711087963718442	0.24267095162066
-1.46313255743423	1.01958919200932
-0.620903335937371	0.151058535991718
-0.766968651898497	0.33281296786619
-4.00182249544158	1.72625328461739
0.832179814828164	0.349840579822019
-1.27320878623511	0.571826806588651
1.04272737841263	0.394268038065867
0.173378039987466	0.0436162262322836
0.150418633256143	0.0509413584157937
0.527404119121822	0.188820766466342
3.6430217955396	1.43205157105291
0.676200627845659	0.214099921395796
0.448801914188458	0.180022361022821
-1.81323178459194	0.734779878382509
-1.26919005446438	0.56947477022477
-1.48552863550196	0.749052834460781
0.530165701430798	0.189830529659283
-0.150672520049737	0.0538933926879854
0.400092907540121	0.180878360638069
0.442746084081858	0.177485883285209
0.163583337686415	0.0486596187400795
0.674264818482823	0.213402910671394
-0.334465167213362	0.0958562903993202
0.957461191854986	0.254126256439643
0.530165701430798	0.189830529659283
-0.517567096912483	0.195373080592303
1.04603323538674	0.395528149844171
-0.518782767312195	0.195928460123466
-0.214973425440132	0.0692286309045475
-2.06444769256084	0.935935080561358
-0.620903335937371	0.151058535991718
-0.150439826851979	0.0537776490722372
-0.517006318957255	0.195147442742932
-1.5094475769206	0.535248673690833
0.956021254579335	0.253830462538477
-0.764869388431953	0.331763274066207
0.176818183184722	0.0443715906559113
0.677105074382106	0.214332831776124
0.162622561049093	0.0484009930995383
1.46109938210879	0.484014060767982
-0.3395018260887	0.0972061822975938
1.95793128711136	0.437766051086387
0.159251072645633	0.0298673857617753
3.26732978575294	1.1211772426211
0.173378039987466	0.0436162262322836
-0.620326325745573	0.150885642821786
-2.57447078703937	0.657780381714024
-1.50982433145335	0.535480148233091
2.75805496536761	0.766752929661107
-0.620903335937371	0.151058535991718
-1.12881513859764	0.339906487322227
1.95793128711136	0.437766051086387
-2.57447078703937	0.657780381714024
-1.81889213386485	0.738000902901671
0.157971563808893	0.0296806747786729
-1.5094475769206	0.535248673690833
1.45750864016971	0.482642955020513
0.451765865281851	0.181387363507285
0.15823182603157	0.0297179405544109
-2.57847696185857	0.659529736545688
1.09170288114413	0.673779842934695
1.95879552552655	0.437985228139192
0.956021254579335	0.253830462538477
0.177812920485068	0.0445891130396879
-1.02194301820446	0.403479228390162
-2.06188876692631	0.934347484997078
0.176818183184722	0.0443715906559113
3.93297854230234	1.72057752612902
1.95879552552655	0.437985228139192
2.7590679263751	0.76692961097815
0.157971563808893	0.0296806747786729
0.959865181244613	0.254814612498812
-2.57447078703937	0.657780381714024
-0.619895187822925	0.150839789138775
1.95793128711136	0.437766051086387
0.154259314455831	0.0291924198815566
1.95879552552655	0.437985228139192
3.26835783601252	1.12163011968705
1.46945961132821	0.486963363732961
2.7590679263751	0.76692961097815
0.157971563808893	0.0296806747786729
-1.7975657981284	0.379599665892429
-0.61946410648704	0.150698865008898
0.955017933589342	0.253480850166851
0.162352652580513	0.0483303505238246
0.15823182603157	0.0297179405544109
-0.620473624670499	0.150917804175241
-0.337318918589577	0.0966140796949229
-3.75718934185265	1.48017499214909
-1.0213509823134	0.403162852904808
0.160181680996089	0.0476913583633166
-1.46523685282425	1.01942701298232
-0.604458749673287	0.289930015833069
-0.71869462645605	0.245625159522256
-0.624183598429151	0.151840837481169
-2.06444769256084	0.935935080561358
-1.81200943037821	0.734241478143734
0.958855818540361	0.254543321351908
0.164145173866849	0.0415246332756727
0.173378039987466	0.0436162262322836
-3.07836047129561	0.956774727997911
-0.621333103088639	0.151104040920032
-1.50824112923963	0.534752090600511
-1.81827955350507	0.737738285564138
1.3329197605053	0.581616348611346
0.536981267153455	0.192450260059129
-0.338896474896558	0.0970421752101679
0.446509788849754	0.179154127101327
-0.724724871482414	0.247820170566985
1.06540289518417	0.514719544781792
1.04210966752671	0.393840140799123
-0.395904040590257	0.164946089819945
-1.81738212013859	0.737229580571004
-0.150157372266599	0.0536655161535515
0.346155361548629	0.193858315701838
0.551446758083555	0.32108804188837
0.171653101789031	0.0431973221484952
-0.220606538471739	0.071036835690658
0.367500513609771	0.186349607521931
0.673048421642057	0.212994504688281
0.831060082574284	0.349407717674873
0.149343352412898	0.0572413008351171
-0.294941690896117	0.135168308046352
0.675232747867266	0.213789953820415
-0.212700860727539	0.0685566980358174
0.959294652844364	0.254663957360155
3.64101793434512	1.43134239135362
1.4655515469736	0.485738470948645
-1.50573496603534	0.533703959061235
-1.81860731780454	0.737578883081637
-0.21725219958623	0.0699489287533772
0.168354166613062	0.0424807140134561
-1.81827955350507	0.737738285564138
-1.02418643534812	0.404584238258454
-2.57447078703937	0.657780381714024
-1.12548386699252	0.338727340170484
-1.12937501458112	0.339964434622374
0.958855818540361	0.254543321351908
-0.71869462645605	0.245625159522256
2.7590679263751	0.76692961097815
-0.625630686390319	0.152156798395567
1.46166504880046	0.484245680586438
0.957461191854986	0.254126256439643
0.536981267153455	0.192450260059129
0.17294827606403	0.0435260072159332
0.180141640611436	0.0450617988321041
0.957025852492456	0.254006696314478
0.157971563808893	0.0296806747786729
-2.57447078703937	0.657780381714024
-3.07750490916701	0.956880231933195
0.158989511121608	0.0298299152293259
1.95879552552655	0.437985228139192
-3.08203891306948	0.959069086853276
-1.7975657981284	0.379599665892429
0.15823182603157	0.0297179405544109
-3.07750490916701	0.956880231933195
1.46265753359042	0.48460907431551
1.82851727583204	0.714435845516616
-4.006279107083	1.72987826782451
-0.719307886400812	0.245829792820617
0.676200627845659	0.214099921395796
0.159251072645633	0.0298673857617753
0.676200627845659	0.214099921395796
-0.216063671871124	0.0695794401283131
0.956021254579335	0.253830462538477
-0.3395018260887	0.0972061822975938
1.57348274545762	0.780077891490519
1.95879552552655	0.437985228139192
-2.0664893400213	0.937220897064085
-2.57447078703937	0.657780381714024
-1.79763019308962	0.379603777700996
-1.81827955350507	0.737738285564138
1.96141436018454	0.438711417164155
-2.57472877667238	0.65760345889815
-0.336952847519868	0.096512855057735
0.176818183184722	0.0443715906559113
3.64204563210395	1.43174087144813
0.957025852492456	0.254006696314478
0.956455214607419	0.253949648163622
2.75805496536761	0.766752929661107
-1.7975657981284	0.379599665892429
-2.57421277656498	0.657506382974291
0.958436503493791	0.254416791099759
0.16323818852145	0.0485873708307168
-2.57472877667238	0.65760345889815
0.157971563808893	0.0296806747786729
-2.57447078703937	0.657780381714024
-0.621333103088639	0.151104040920032
-3.08160228540496	0.95864568534502
-1.79763019308962	0.379603777700996
0.669467631715225	0.211908752948447
-0.620903335937371	0.151058535991718
0.447615686514994	0.17964898897905
0.177247192199527	0.0444492499698682
1.33268267273416	0.581267457492734
-0.0513520394145658	0.0224044456700803
2.75805496536761	0.766752929661107
0.174370024960364	0.0438183729016174
-0.145866306322633	0.052205308942621
-0.301599300893382	0.138348943997046
0.455810449207081	0.183121015357883
-0.143328772936503	0.0512579162321514
0.365426676014427	0.18525639255541
-0.600019376473184	0.287044464399388
-0.141699082635289	0.0507192347670775
0.164122988767051	0.0488286730136595
1.3329197605053	0.581616348611346
0.165622192143609	0.0492275837346074
1.06579457323925	0.514454684207409
2.56151137110231	1.41766184479802
0.824451710034132	0.346189076295124
1.82755032422624	0.713907775987463
0.53506523810313	0.19165955342409
-0.140891273851129	0.05044238952326
0.822450638269115	0.345345024290892
-0.0888765435808338	0.0353365638161617
0.611723285359385	0.321484426980625
-1.98157633884988	1.38320192249527
1.10896189298905	0.845875854857694
0.0534645144799848	0.0313831098817796
-0.220364044448608	0.0709420855610054
0.447996914446478	0.17968538770428
-0.222887527280495	0.0717843536663536
-1.02646555146412	0.405564715628588
-1.81352302981117	0.735065306555984
-0.523592418494679	0.197882573952315
-0.625630686390319	0.152156798395567
-1.82155891978536	0.73908749379043
0.822174512740792	0.345087307705946
-2.07181082079694	0.940865439313419
1.04577073722875	0.395582052714565
1.03703963555181	0.391624153547078
-1.12825544522804	0.339732258677114
0.159042375477486	0.0473891494040675
-1.12781381973937	0.339579374120096
-1.97681829233771	1.37479999977196
-1.12837428626612	0.339637586745731
-1.12881513859764	0.339906487322227
-0.761851123910773	0.330313512798555
1.46209127003869	0.484377128190959
2.75704467106166	0.766025498669684
0.676200627845659	0.214099921395796
-1.79763019308962	0.379603777700996
0.154259314455831	0.0291924198815566
-1.12781381973937	0.339579374120096
-1.79763019308962	0.379603777700996
-1.7975657981284	0.379599665892429
0.674015164989584	0.213380808783075
-0.625630686390319	0.152156798395567
-0.61946410648704	0.150698865008898
-1.79763019308962	0.379603777700996
0.676200627845659	0.214099921395796
0.956455214607419	0.253949648163622
0.173940988172143	0.0437550114519682
3.64405193165419	1.43312407887711
2.11754480680452	0.94503257477152
-0.337559379634888	0.0966770330278957
1.33710585560825	0.583558054446079
-1.79763019308962	0.379603777700996
-1.27840133122234	0.575024543685974
-1.32033866824965	0.827528294710392
-1.7975657981284	0.379599665892429
-0.340107395831878	0.0973408882698726
1.04820337717753	0.396233859144257
-1.7975657981284	0.379599665892429
1.95793128711136	0.437766051086387
0.957461191854986	0.254126256439643
1.95793128711136	0.437766051086387
-2.57472877667238	0.65760345889815
-0.62133920787282	0.151240698635141
1.95879552552655	0.437985228139192
-1.7975657981284	0.379599665892429
-0.343432234206214	0.0982903961052269
-0.619895187822925	0.150839789138775
0.15823182603157	0.0297179405544109
2.75805496536761	0.766752929661107
-2.57447078703937	0.657780381714024
-1.79763019308962	0.379603777700996
-1.12825544522804	0.339732258677114
-1.79763019308962	0.379603777700996
-2.06444769256084	0.935935080561358
-0.517567096912483	0.195373080592303
-0.619895187822925	0.150839789138775
-0.145998858470167	0.0521932143692289
0.158426007238141	0.0472279903538101
-2.28026322655765	1.14819190684206
-0.624623675797245	0.151937920429117
0.665855845614413	0.210630560292204
-0.394089933901472	0.16421011785105
-0.237434665298308	0.118763057601119
0.905821168556887	0.489375254315992
-0.145998858470167	0.0521932143692289
-0.0906915845434669	0.0360360857323489
0.539860130057183	0.19347257336536
-3.75718934185265	1.48017499214909
0.158630874356642	0.053642970835874
0.690641446437276	0.323003061445007
-0.0986841463384019	0.039133725253121
-1.49491290149162	0.756099893656748
-1.48142991461129	1.0385823111724
0.16350747165244	0.0486421723506342
-0.218086982244107	0.0702671839866222
-1.81139863683783	0.733838743939283
-0.336952847519868	0.096512855057735
0.678685727410979	0.214982042405379
-0.388560640072381	0.219453277122017
0.168774858509076	0.0425819447497206
-0.711699744842696	0.242910015965495
0.532196819047093	0.190683131950839
1.33268267273416	0.581267457492734
2.76489171529978	0.769665555456845
0.173940988172143	0.0437550114519682
-1.12837428626612	0.339637586745731
0.148612908401246	0.0503807422085685
3.27129205644114	1.12317050813274
-0.521962978330536	0.197163065238212
0.177812920485068	0.0445891130396879
-0.302333923982234	0.138875128958208
-0.606754513073713	0.29129721629637
0.155490335273875	0.0595707244029917
1.96475479234893	1.22892548613157
1.06876135276061	0.51624537330636
0.447191186095611	0.179329255309907
3.93397258257213	1.72120776019779
0.164391642281999	0.0488687543181863
0.957461191854986	0.254126256439643
-0.620473624670499	0.150917804175241
1.57698010039245	0.782710522844369
-0.145229067230335	0.0519186816977856
-0.212700860727539	0.0685566980358174
-0.521658376564381	0.197103710433116
-0.621784192774111	0.151338791569665
-0.621333103088639	0.151104040920032
0.159251072645633	0.0298673857617753
-3.07836047129561	0.956774727997911
0.15823182603157	0.0297179405544109
-1.79763019308962	0.379603777700996
0.15823182603157	0.0297179405544109
-1.79763019308962	0.379603777700996
-0.620903335937371	0.151058535991718
-2.57472877667238	0.65760345889815
-2.57447078703937	0.657780381714024
-0.621333103088639	0.151104040920032
1.95793128711136	0.437766051086387
1.4655515469736	0.485738470948645
0.678327026073525	0.214743904761834
1.3346506909739	0.582358679746953
0.159251072645633	0.0298673857617753
0.529922778294509	0.18974393081766
0.450157247009531	0.180608889469783
-0.984252834036905	0.486904794111779
3.93198447308087	1.71970480916132
-1.82306257570302	0.740114932049179
0.676200627845659	0.214099921395796
0.175496922320134	0.0440701137079318
0.674015164989584	0.213380808783075
-2.57821111666453	0.659475059970799
2.75805496536761	0.766752929661107
0.957461191854986	0.254126256439643
-1.79763019308962	0.379603777700996
0.157971563808893	0.0296806747786729
0.159251072645633	0.0298673857617753
0.158989511121608	0.0298299152293259
1.95793128711136	0.437766051086387
1.95879552552655	0.437985228139192
0.958855818540361	0.254543321351908
0.158989511121608	0.0298299152293259
-1.79763019308962	0.379603777700996
-1.79763019308962	0.379603777700996
-1.7975657981284	0.379599665892429
-1.79763019308962	0.379603777700996
-1.7975657981284	0.379599665892429
0.171653101789031	0.0431973221484952
0.153267904345544	0.0519012670754554
-3.07836047129561	0.956774727997911
-1.02477806380377	0.404828995968834
0.14120421760554	0.0541731131153191
1.0433448222306	0.394400438672122
0.529918814853225	0.189819007683608
-0.939862269281002	0.575780198576955
0.0202963866699427	0.0102080480440828
-0.382962849931408	0.21568611832061
-0.144419938894036	0.0516441997824019
0.69284935645393	0.323980193410431
0.371262623674178	0.188500607516901
1.33232181501832	0.581040506436256
1.54258691828277	1.32980766135405
-0.0600237396873703	0.0260843868213437
-0.0928698189527956	0.0369039896605711
0.678685727410979	0.214982042405379
-0.218330843122104	0.0703229401018074
-1.51042707521765	0.53568486067596
0.897479583805105	0.484227584261506
0.401199976508516	0.181466264651281
-1.31961465351187	0.825576283140865
0.368770049827694	0.187075410963845
-0.386867997025013	0.218270274288035
0.169762747888229	0.0427831084845497
0.157971563808893	0.0296806747786729
3.26835783601252	1.12163011968705
1.95793128711136	0.437766051086387
-1.12725353624624	0.339405023147411
0.158989511121608	0.0298299152293259
-0.719307886400812	0.245829792820617
-0.517006318957255	0.195147442742932
-2.78541492161103	1.88300685382493
-0.0525594345353508	0.0229254914448149
-0.302862600309093	0.13893947466665
1.46597699067366	0.485748477491111
-0.788335226608481	0.521492372657383
-0.719307886400812	0.245829792820617
-1.50982433145335	0.535480148233091
3.26732978575294	1.1211772426211
-3.45340104404634	1.22171831505731
-1.15911308029621	0.647562051097037
1.95879552552655	0.437985228139192
-0.389052145941336	0.161772394287721
0.404605954918234	0.183225159701616
2.75805496536761	0.766752929661107
1.95879552552655	0.437985228139192
0.158989511121608	0.0298299152293259
-0.628944872553404	0.15292393261527
0.957461191854986	0.254126256439643
-2.57421277656498	0.657506382974291
-0.717804035722151	0.245206559878684
0.157971563808893	0.0296806747786729
-1.80127875869	0.380587746892248
-1.7975657981284	0.379599665892429
1.95793128711136	0.437766051086387
0.677716162542668	0.214611870267994
1.95793128711136	0.437766051086387
0.607571560069752	0.318671672924684
0.956021254579335	0.253830462538477
0.15823182603157	0.0297179405544109
1.3329197605053	0.581616348611346
1.33376743097129	0.581693904895938
-0.302433919731897	0.138730919662706
0.530155722781082	0.189859919098161
0.526808022811829	0.188639363777938
-1.50922180218546	0.535188573690381
-1.12881513859764	0.339906487322227
-3.45172595803352	1.22146685013561
1.96141436018454	0.438711417164155
2.75805496536761	0.766752929661107
1.95793128711136	0.437766051086387
-3.45228414088993	1.22181665198441
0.957461191854986	0.254126256439643
2.75704467106166	0.766025498669684
1.95879552552655	0.437985228139192
1.95793128711136	0.437766051086387
-0.621784192774111	0.151338791569665
1.96141436018454	0.438711417164155
-1.79763019308962	0.379603777700996
-1.79763019308962	0.379603777700996
-1.79763019308962	0.379603777700996
-0.336952847519868	0.096512855057735
-0.337318918589577	0.0966140796949229
-0.3395018260887	0.0972061822975938
-0.719585944508868	0.245867637672296
1.57219334501409	0.779074773498945
-1.48721536837791	0.750992256867164
1.77950391586502	0.992441144266195
1.04603323538674	0.395528149844171
0.158630874356642	0.053642970835874
0.162968126753743	0.0485024678975847
0.167786821496111	0.0423548811213711
0.963167670198133	0.255599708567411
2.76489171529978	0.769665555456845
1.4604038372023	0.483769829709272
-0.339136742629042	0.0971078731889835
0.172385921068679	0.0433875285709768
-1.79763019308962	0.379603777700996
-0.0902375746558826	0.0358652242220136
-0.307365196854071	0.141228793714367
-0.216409245079586	0.0696890647462961
1.5413460352969	1.32965850032574
0.175496922320134	0.0440701137079318
-0.619895187822925	0.150839789138775
0.177247192199527	0.0444492499698682
0.609542343546943	0.319584682617334
-0.301160925221968	0.138127505088985
1.25152881794836	1.06073033774512
-0.38616884775522	0.217670620853314
1.77983958461778	0.991921136034635
-0.940694384805366	0.575692833295377
-1.16064148631192	0.649648315038169
0.531842440037686	0.190461843261247
-0.619895187822925	0.150839789138775
-0.620903335937371	0.151058535991718
-2.57847696185857	0.659529736545688
1.82948417010899	0.714838990299682
-0.720199314130701	0.246072307343885
-1.5094475769206	0.535248673690833
1.82755032422624	0.713907775987463
-1.02227856559557	0.403428109617556
-3.45340104404634	1.22171831505731
0.535308159768992	0.19186644934071
-0.333856458330646	0.0956917261764247
0.957461191854986	0.254126256439643
0.956455214607419	0.253949648163622
1.04814515184759	0.396350090350494
0.171439356572218	0.0508022088393954
1.46109938210879	0.484014060767982
-0.222633069722699	0.0716499874142472
-0.340107395831878	0.0973408882698726
0.157971563808893	0.0296806747786729
0.676200627845659	0.214099921395796
-2.57421277656498	0.657506382974291
0.538672909842541	0.193078624853722
1.95793128711136	0.437766051086387
-1.13295352450292	0.341266245931736
-0.338530582329419	0.0969729638077002
3.27129205644114	1.12317050813274
0.174503749901052	0.0438676710334476
-1.79763019308962	0.379603777700996
0.168354166613062	0.0424807140134561
-0.620903335937371	0.151058535991718
-0.717468884808632	0.245082515543052
-1.12492122665638	0.338668219085241
0.158202431453599	0.0297753629586498
-2.57472877667238	0.65760345889815
0.955573890382782	0.253753322308027
1.4655515469736	0.485738470948645
3.27129205644114	1.12317050813274
0.678074042401891	0.214702481365457
-2.57447078703937	0.657780381714024
0.16566376423511	0.049220972992664
1.95879552552655	0.437985228139192
0.675948496687313	0.213928974911644
-0.217493795516912	0.0700823766807278
0.170331293505475	0.0429093144237285
1.95793128711136	0.437766051086387
-1.12379649940684	0.33819735561451
0.15823182603157	0.0297179405544109
3.27129205644114	1.12317050813274
0.957461191854986	0.254126256439643
0.531345582827114	0.190314424621574
-0.338896474896558	0.0970421752101679
0.157971563808893	0.0296806747786729
2.75805496536761	0.766752929661107
-0.511619447775857	0.192921605479663
0.956455214607419	0.253949648163622
-0.724724871482414	0.247820170566985
-1.12435877083653	0.338493350823416
0.159251072645633	0.0298673857617753
0.158989511121608	0.0298299152293259
0.158202431453599	0.0297753629586498
1.95793128711136	0.437766051086387
0.17351044503084	0.0436385160120603
-1.79763019308962	0.379603777700996
-2.57472877667238	0.65760345889815
1.95879552552655	0.437985228139192
-1.50982433145335	0.535480148233091
0.141690124079428	0.0543680848243515
-0.0952334852114847	0.0377727542002594
-1.01881976284329	0.401954931656393
0.157971563808893	0.0296806747786729
-0.336952847519868	0.096512855057735
0.554558666625341	0.323510746717692
1.07008904345015	0.517058088330923
-0.211266830124093	0.0680954468365414
0.1677792397568	0.0498341730879395
1.04422575936648	0.394740889448914
0.15823182603157	0.0297179405544109
2.12149136184524	0.947562188308172
-0.729821384507876	0.249664211260654
1.04665020030324	0.395956904990197
-0.978181502954613	0.483691732047367
0.398644122519029	0.180402293017227
1.83474856422576	0.717102751489695
0.950720958067184	0.252420162622268
-2.57472877667238	0.65760345889815
0.696629251122635	0.326266216208756
1.01270533519003	0.835006061342524
-0.568859992435638	0.413682491744786
-1.12781381973937	0.339579374120096
1.26303018763377	0.882005846290829
-1.13395018438652	0.341592389781504
-0.4808609103656	0.252166832445366
-0.141699082635289	0.0507192347670775
-0.213045293923959	0.068627812033618
0.15823182603157	0.0297179405544109
1.95879552552655	0.437985228139192
-2.57472877667238	0.65760345889815
0.163853552605343	0.0487595972376143
-3.45284250285449	1.22194559695964
0.676558588301015	0.214207370803977
0.169597395212402	0.050285883683415
-2.57472877667238	0.65760345889815
-3.07707720857862	0.956361112132394
0.15823182603157	0.0297179405544109
-0.620326325745573	0.150885642821786
1.95879552552655	0.437985228139192
0.157971563808893	0.0296806747786729
3.93918547569538	1.72417568202982
1.45652080007828	0.482281887456809
-1.12725353624624	0.339405023147411
0.524543655069631	0.187663999867334
0.67498185747701	0.213690207850534
-2.57447078703937	0.657780381714024
-1.81827955350507	0.737738285564138
-3.08160228540496	0.95864568534502
-0.216906973772167	0.0698162939158413
-0.620903335937371	0.151058535991718
0.674624067917918	0.213658555919133
-2.57447078703937	0.657780381714024
-0.616620021012413	0.150099962492625
0.157971563808893	0.0296806747786729
-0.620903335937371	0.151058535991718
0.162171049505848	0.0303007576998756
1.95879552552655	0.437985228139192
0.149589857141263	0.0572832967146747
0.157971563808893	0.0296806747786729
-2.57447078703937	0.657780381714024
-1.79763019308962	0.379603777700996
0.157971563808893	0.0296806747786729
0.679297187320958	0.21511425797511
1.95879552552655	0.437985228139192
1.46498308680977	0.485505347800691
0.15823182603157	0.0297179405544109
2.7590679263751	0.76692961097815
-0.337559379634888	0.0966770330278957
0.535902929212832	0.192030732305526
-1.50884424560785	0.535043767502043
2.75704467106166	0.766025498669684
0.162338925211519	0.0482955049730846
-0.620326325745573	0.150885642821786
3.26732978575294	1.1211772426211
-1.27235521875137	0.570810143925107
-0.526288183222254	0.198961762933999
1.46109938210879	0.484014060767982
0.157971563808893	0.0296806747786729
2.75704467106166	0.766025498669684
0.951724523631597	0.252769110062367
-0.512449464753816	0.193279455944103
-1.81889213386485	0.738000902901671
2.75805496536761	0.766752929661107
-0.333856458330646	0.0956917261764247
-1.13338534815793	0.341498686250824
-2.57447078703937	0.657780381714024
-0.624183598429151	0.151840837481169
0.669467631715225	0.211908752948447
-0.620326325745573	0.150885642821786
-0.620903335937371	0.151058535991718
-0.719307886400812	0.245829792820617
0.957025852492456	0.254006696314478
0.158989511121608	0.0298299152293259
0.957025852492456	0.254006696314478
-2.57447078703937	0.657780381714024
-0.621333103088639	0.151104040920032
0.677716162542668	0.214611870267994
0.530762262945688	0.190122868111177
0.172385921068679	0.0433875285709768
0.674624067917918	0.213658555919133
0.174503749901052	0.0438676710334476
-1.13338534815793	0.341498686250824
0.158989511121608	0.0298299152293259
-0.770879742225566	0.335048419348226
1.46789226342383	0.486336319771629
-1.02359505626631	0.404284816719155
3.27232628525746	1.12331698634376
0.15823182603157	0.0297179405544109
-1.79763019308962	0.379603777700996
0.173940988172143	0.0437550114519682
1.46789226342383	0.486336319771629
1.46109938210879	0.484014060767982
1.95793128711136	0.437766051086387
0.678074042401891	0.214702481365457
-0.717468884808632	0.245082515543052
0.447719113317435	0.179573027507233
0.394870973019122	0.178443807229182
-2.06530788404037	0.936496100496138
0.343475902199538	0.192116136628285
-0.619895187822925	0.150839789138775
0.817859684062547	0.34292547743413
-1.5094475769206	0.535248673690833
0.162338925211519	0.0482955049730846
-2.57421277656498	0.657506382974291
-1.7975657981284	0.379599665892429
0.957461191854986	0.254126256439643
0.15823182603157	0.0297179405544109
-0.334830546749113	0.0959542136262779
-0.620903335937371	0.151058535991718
0.162171049505848	0.0303007576998756
-0.767395678581959	0.333228107972942
-0.216657809109618	0.0697687117469907
-1.7975657981284	0.379599665892429
0.955017933589342	0.253480850166851
-0.344653401104561	0.0986243796684527
-2.57447078703937	0.657780381714024
-1.7975657981284	0.379599665892429
-0.617055950695462	0.150241664375452
1.96141436018454	0.438711417164155
1.95879552552655	0.437985228139192
0.157971563808893	0.0296806747786729
1.46265753359042	0.48460907431551
0.827869862391494	0.347914518409003
-0.141983046858617	0.0507961746820961
-0.625630686390319	0.152156798395567
0.15823182603157	0.0297179405544109
3.64101793434512	1.43134239135362
-0.71869462645605	0.245625159522256
-0.33816613121491	0.0968120886418528
0.173378039987466	0.0436162262322836
-2.06188876692631	0.934347484997078
-0.142747701481568	0.0510783991590262
-0.620903335937371	0.151058535991718
1.0418455851348	0.393863567086238
0.174503749901052	0.0438676710334476
-0.523032334451301	0.197668387893991
0.674624067917918	0.213658555919133
-0.340593087152544	0.0975352685660813
-0.337924641037297	0.0968088152153293
0.955450516302873	0.253599562429476
-2.57421277656498	0.657506382974291
2.75805496536761	0.766752929661107
-1.51103003363439	0.535749564246176
-1.7975657981284	0.379599665892429
-1.13338534815793	0.341498686250824
0.174933567082256	0.0439573605408891
0.158989511121608	0.0298299152293259
0.157971563808893	0.0296806747786729
-1.79763019308962	0.379603777700996
0.537575443801875	0.192614265772501
-2.57447078703937	0.657780381714024
0.159304296973707	0.0474668185471716
0.535308159768992	0.19186644934071
1.83009713438939	0.715173729277155
0.956021254579335	0.253830462538477
-0.719585944508868	0.245867637672296
2.76095211479574	0.768066673537379
-3.75779539313074	1.48038803127513
-0.335438661955823	0.0961186879895653
0.160181680996089	0.0476913583633166
-0.61946410648704	0.150698865008898
0.15823182603157	0.0297179405544109
0.176253051776925	0.0442319878724308
0.674264818482823	0.213402910671394
1.04360842637382	0.394608583742794
-0.61946410648704	0.150698865008898
-0.621333103088639	0.151104040920032
-1.12725353624624	0.339405023147411
-0.330743055504182	0.0948165849361726
0.67498185747701	0.213690207850534
-0.337559379634888	0.0966770330278957
0.157971563808893	0.0296806747786729
-3.75228333635026	1.47685987725686
-2.57472877667238	0.65760345889815
-1.02050258479106	0.402614988151568
0.15823182603157	0.0297179405544109
0.955017933589342	0.253480850166851
1.95793128711136	0.437766051086387
0.956021254579335	0.253830462538477
0.158989511121608	0.0298299152293259
-1.12881513859764	0.339906487322227
-0.718359983709028	0.245324841773925
-0.340107395831878	0.0973408882698726
1.83223894779093	0.716336716062103
0.158989511121608	0.0298299152293259
-3.07750490916701	0.956880231933195
-3.45228414088993	1.22181665198441
-0.0129109393740119	0.00614568879390797
-0.766207907419173	0.33246398143222
-0.718417185790278	0.245411018109158
1.96569596625952	1.22907747842524
2.11869185323705	0.945764565994132
-0.395668945693863	0.164939918730011
0.153380510069301	0.0587543815109685
0.450149052844676	0.18072138153306
0.82202118409377	0.344824422480644
0.163853552605343	0.0487595972376143
-0.141414888169625	0.0506240183742795
0.17351044503084	0.0436385160120603
0.159251072645633	0.0298673857617753
1.04210966752671	0.393840140799123
-2.06562856799678	0.936659279965039
0.162961140902381	0.070777537538833
1.3329197605053	0.581616348611346
1.04246313957759	0.393996072509476
-0.236349184252995	0.118221174367295
-0.640084508314125	0.3780539231689
0.697435449537931	0.326741539527995
-1.67828345103121	0.949468294564251
-0.719307886400812	0.245829792820617
0.956021254579335	0.253830462538477
0.955450516302873	0.253599562429476
-0.620903335937371	0.151058535991718
0.166549099291362	0.0494747307612768
-1.5094475769206	0.535248673690833
1.33375387884323	0.582007204647003
-0.619895187822925	0.150839789138775
-0.33816613121491	0.0968120886418528
-0.339009514545445	0.0971276143948088
-1.7975657981284	0.379599665892429
1.96141436018454	0.438711417164155
1.95879552552655	0.437985228139192
1.46597699067366	0.485748477491111
-0.335438661955823	0.0961186879895653
0.155282002123357	0.02934225636165
-3.75288411079685	1.47718399320021
0.535308159768992	0.19186644934071
0.957461191854986	0.254126256439643
-2.57447078703937	0.657780381714024
-0.624183598429151	0.151840837481169
0.174933567082256	0.0439573605408891
0.960305402281055	0.254935680101795
1.46498308680977	0.485505347800691
-1.13282069800183	0.341231258763963
0.170331293505475	0.0429093144237285
-0.215815148052618	0.0695090074287807
-1.13182284417153	0.340904867919198
-0.217003595344889	0.0698544104353752
-0.767258704524236	0.332989408243179
1.06659631817428	0.51499569547802
1.06845345068197	0.515945462407473
-0.61946410648704	0.150698865008898
3.93198447308087	1.71970480916132
1.82399204056179	0.712148377760895
0.956455214607419	0.253949648163622
0.174503749901052	0.0438676710334476
0.956021254579335	0.253830462538477
0.174503749901052	0.0438676710334476
-0.334830546749113	0.0959542136262779
1.46654605141329	0.485981855384374
0.160181680996089	0.0476913583633166
0.155282002123357	0.02934225636165
3.26835783601252	1.12163011968705
-0.71869462645605	0.245625159522256
2.75704467106166	0.766025498669684
-3.07750490916701	0.956880231933195
0.1677792397568	0.0498341730879395
-1.5094475769206	0.535248673690833
0.698622709057149	0.327206543431409
0.164468653517054	0.0489167663284228
0.172643132163515	0.0434132410698589
0.956021254579335	0.253830462538477
-0.616620021012413	0.150099962492625
2.1258858405555	1.48419399265321
-0.512449464753816	0.193279455944103
-1.12492122665638	0.338668219085241
3.93297854230234	1.72057752612902
3.63896224062815	1.42951913528691
0.956455214607419	0.253949648163622
0.675591354383564	0.213968352567141
-0.337924641037297	0.0968088152153293
0.155205580878186	0.0525315583518307
-0.344042706429557	0.0984794926451442
0.174503749901052	0.0438676710334476
-1.12725353624624	0.339405023147411
-0.337924641037297	0.0968088152153293
0.956455214607419	0.253949648163622
0.164122988767051	0.0488286730136595
-0.337924641037297	0.0968088152153293
0.674624067917918	0.213658555919133
0.168354166613062	0.0424807140134561
0.452815663044544	0.181774380439293
-1.28278352985813	0.577273676015423
0.173940988172143	0.0437550114519682
3.27424476347588	1.12391188707828
0.174933567082256	0.0439573605408891
-0.519293636480079	0.196119529083062
-0.337924641037297	0.0968088152153293
-1.81323178459194	0.734779878382509
-0.620473624670499	0.150917804175241
2.76197196120423	0.768541369225187
0.679297187320958	0.21511425797511
0.959294652844364	0.254663957360155
0.671045597340039	0.212419421287662
1.95879552552655	0.437985228139192
3.26630303248094	1.12023058934939
0.956455214607419	0.253949648163622
-1.27784299590365	0.574711166317859
0.173940988172143	0.0437550114519682
-0.521403994764915	0.196949544068639
-0.717804035722151	0.245206559878684
-3.45172595803352	1.22146685013561
-0.716872988489582	0.244804032031292
0.605889734902178	0.317583573524645
-1.01991109008906	0.40221120986456
0.142984025751439	0.0548595344448823
-0.48168656642972	0.252305059385668
-0.0927443556500395	0.0368165109374917
0.956455214607419	0.253949648163622
0.148051580974635	0.0501853650280616
0.149734842703587	0.0507352562067422
3.93619624132367	1.72285510420218
-0.719569672768412	0.245942451655049
0.801193033136633	0.636693699795959
-0.153840052443624	0.054973964293362
-3.07793266340176	0.957013587093989
-1.32033866824965	0.827528294710392
-1.4850052815207	0.748705982915854
-1.1346621579062	0.341879141695852
1.95793128711136	0.437766051086387
1.46846293168858	0.486570444742071
0.675591354383564	0.213968352567141
0.173940988172143	0.0437550114519682
2.75805496536761	0.766752929661107
0.154081774580399	0.0521624398881256
-1.81553520956245	0.735895954481222
-1.81889213386485	0.738000902901671
-0.216409245079586	0.0696890647462961
1.03966215201556	0.392598386128765
0.15823182603157	0.0297179405544109
-0.717804035722151	0.245206559878684
-1.79763019308962	0.379603777700996
1.95793128711136	0.437766051086387
0.159251072645633	0.0298673857617753
2.12325323580269	0.948602765952738
-0.338530582329419	0.0969729638077002
0.673177180799231	0.213063750844139
-0.396718666437249	0.165283623451939
0.17294827606403	0.0435260072159332
0.822832332666427	0.345345001072504
1.0433448222306	0.394400438672122
1.04422575936648	0.394740889448914
-1.02194301820446	0.403479228390162
1.57665847201362	0.782477729891176
0.956021254579335	0.253830462538477
-1.03294397271997	0.408564364042716
-2.06662558891107	0.937689367177516
0.146743927715746	0.0497486157562573
0.959294652844364	0.254663957360155
-0.625191995446008	0.152059991852936
1.82948417010899	0.714838990299682
0.671045597340039	0.212419421287662
1.33232181501832	0.581040506436256
-0.216906973772167	0.0698162939158413
0.678074042401891	0.214702481365457
1.95793128711136	0.437766051086387
-0.620903335937371	0.151058535991718
-2.57421277656498	0.657506382974291
0.173378039987466	0.0436162262322836
-0.624623675797245	0.151937920429117
0.176818183184722	0.0443715906559113
0.674624067917918	0.213658555919133
1.82851727583204	0.714435845516616
1.95879552552655	0.437985228139192
2.7590679263751	0.76692961097815
1.04360842637382	0.394608583742794
-0.516748730928915	0.194980159188936
1.95879552552655	0.437985228139192
-0.620326325745573	0.150885642821786
0.676200627845659	0.214099921395796
-1.50573496603534	0.533703959061235
3.93496659153827	1.72160273292352
-0.218096087384631	0.0701860099861319
-0.718081625995024	0.245384533690959
1.95879552552655	0.437985228139192
-0.722881564981813	0.247143842823858
1.83009713438939	0.715173729277155
1.82719449155949	0.713494970764503
2.76197196120423	0.768541369225187
0.152453062620175	0.0516328700929256
-1.12781381973937	0.339579374120096
1.83065515075678	0.71528955791634
0.956455214607419	0.253949648163622
0.447310273049599	0.179520616473123
1.95879552552655	0.437985228139192
0.541212832328438	0.193849948350258
-0.619895187822925	0.150839789138775
-0.519768829568746	0.196162419845737
0.958855818540361	0.254543321351908
0.679297187320958	0.21511425797511
-0.620473624670499	0.150917804175241
-1.51396898226758	0.537314617740072
0.535308159768992	0.19186644934071
-0.719307886400812	0.245829792820617
0.177812920485068	0.0445891130396879
0.174933567082256	0.0439573605408891
1.96141436018454	0.438711417164155
1.95879552552655	0.437985228139192
0.162352652580513	0.0483303505238246
1.46597699067366	0.485748477491111
3.27025913837768	1.12233669524588
-0.619895187822925	0.150839789138775
0.17294827606403	0.0435260072159332
-1.79763019308962	0.379603777700996
1.04577073722875	0.395582052714565
-0.337924641037297	0.0968088152153293
0.176253051776925	0.0442319878724308
-1.32815937615299	0.834284479654334
-1.507638227659	0.53431243522829
-0.718417185790278	0.245411018109158
-0.214379875099978	0.069039813976162
0.161695182389064	0.0702130693217051
0.956455214607419	0.253949648163622
-0.150439826851979	0.0537776490722372
-0.348607690542337	0.0997201825095866
0.15823182603157	0.0297179405544109
0.956455214607419	0.253949648163622
-0.0944639831317343	0.0374817206170905
-0.0936211035040851	0.0371770219856749
0.618689071556593	0.325616442288988
-1.02109432881299	0.402930914701451
-0.523592418494679	0.197882573952315
0.174370024960364	0.0438183729016174
0.177812920485068	0.0445891130396879
-0.339136742629042	0.0971078731889835
0.174370024960364	0.0438183729016174
-1.12725353624624	0.339405023147411
0.672009433869294	0.212657302786874
-0.768149146543914	0.333720628444705
-0.717804035722151	0.245206559878684
-0.338530582329419	0.0969729638077002
-0.621333103088639	0.151104040920032
-2.57847696185857	0.659529736545688
1.95879552552655	0.437985228139192
0.162171049505848	0.0303007576998756
-1.79763019308962	0.379603777700996
-1.7975657981284	0.379599665892429
0.15823182603157	0.0297179405544109
3.26732978575294	1.1211772426211
1.04515347900522	0.395153426226023
0.676200627845659	0.214099921395796
-0.720199314130701	0.246072307343885
0.675109449967238	0.21369241449263
0.821349979166558	0.344569952772363
0.169762747888229	0.0427831084845497
0.169276668042905	0.0502222390274525
2.75805496536761	0.766752929661107
0.955450516302873	0.253599562429476
1.95793128711136	0.437766051086387
0.676200627845659	0.214099921395796
-0.337924641037297	0.0968088152153293
-1.12825544522804	0.339732258677114
-0.21750140385887	0.0700056929839968
-0.21725219958623	0.0699489287533772
-0.217846843502484	0.0701143757601707
1.77486324533629	0.988098448591427
-0.761618827551024	0.330213519883693
0.157568112712888	0.0533067915180714
-0.140367872285649	0.0502560951722468
-0.71869462645605	0.245625159522256
-3.4565767152091	1.22430361707387
1.57267202715483	0.780105445383334
-1.79763019308962	0.379603777700996
1.0418455851348	0.393863567086238
0.162171049505848	0.0303007576998756
3.63896224062815	1.42951913528691
-3.07750490916701	0.956880231933195
0.162622561049093	0.0484009930995383
0.158989511121608	0.0298299152293259
0.956455214607419	0.253949648163622
0.955017933589342	0.253480850166851
-0.620903335937371	0.151058535991718
-0.619895187822925	0.150839789138775
1.46109938210879	0.484014060767982
1.95793128711136	0.437766051086387
1.45652080007828	0.482281887456809
0.17738312662749	0.0444846964186047
-0.510638022815261	0.192534807207919
-0.621333103088639	0.151104040920032
1.04210966752671	0.393840140799123
0.956455214607419	0.253949648163622
-0.220606538471739	0.071036835690658
-1.48792194387217	0.750498092506068
1.04512960060759	0.394894574824106
-1.81352302981117	0.735065306555984
3.27025913837768	1.12233669524588
0.174933567082256	0.0439573605408891
3.64611189084925	1.43374127140597
0.959294652844364	0.254663957360155
-0.625191995446008	0.152059991852936
-0.620903335937371	0.151058535991718
0.174503749901052	0.0438676710334476
2.75805496536761	0.766752929661107
0.173940988172143	0.0437550114519682
1.46455689811314	0.485225385720349
1.82816209415628	0.714241631039221
1.4655515469736	0.485738470948645
-3.07793266340176	0.957013587093989
0.538672909842541	0.193078624853722
-1.12881513859764	0.339906487322227
0.173940988172143	0.0437550114519682
0.675591354383564	0.213968352567141
-2.57447078703937	0.657780381714024
0.671045597340039	0.212419421287662
-1.12725353624624	0.339405023147411
-3.45172595803352	1.22146685013561
0.17351044503084	0.0436385160120603
-0.762663850038628	0.330792072538344
0.678685727410979	0.214982042405379
0.17294827606403	0.0435260072159332
0.158989511121608	0.0298299152293259
-2.57447078703937	0.657780381714024
0.157971563808893	0.0296806747786729
0.675232747867266	0.213789953820415
0.176253051776925	0.0442319878724308
1.95793128711136	0.437766051086387
0.15823182603157	0.0297179405544109
0.168774858509076	0.0425819447497206
0.682410767649726	0.216016306234615
3.64405193165419	1.43312407887711
-3.07750490916701	0.956880231933195
-0.621333103088639	0.151104040920032
-1.7975657981284	0.379599665892429
0.533874851755615	0.191264906036687
-0.339136742629042	0.0971078731889835
1.3329197605053	0.581616348611346
0.160441464978412	0.0542265991412075
0.960305402281055	0.254935680101795
1.33435126799908	0.58211833296484
-0.335438661955823	0.0961186879895653
0.172385921068679	0.0433875285709768
-1.31990618747904	0.826914050283976
-1.02815379565769	0.406346884447955
-0.766733199789823	0.33273995230155
0.159251072645633	0.0298673857617753
-1.79763019308962	0.379603777700996
1.96141436018454	0.438711417164155
-2.57447078703937	0.657780381714024
-1.80127875869	0.380587746892248
1.83162438273742	0.716000775412828
-1.12725353624624	0.339405023147411
-0.619895187822925	0.150839789138775
2.75805496536761	0.766752929661107
0.16190498991222	0.0302625824147867
1.95793128711136	0.437766051086387
0.155282002123357	0.02934225636165
-3.08247559880565	0.958940682858076
-0.33507409718716	0.0959919997809414
-1.79763019308962	0.379603777700996
-2.57421277656498	0.657506382974291
-1.51103003363439	0.535749564246176
-0.338530582329419	0.0969729638077002
0.164122988767051	0.0488286730136595
-0.718417185790278	0.245411018109158
0.959865181244613	0.254814612498812
-0.620903335937371	0.151058535991718
0.170331293505475	0.0429093144237285
-0.621333103088639	0.151104040920032
-0.344042706429557	0.0984794926451442
0.823078351695812	0.34550391355806
-3.07793266340176	0.957013587093989
-2.57447078703937	0.657780381714024
0.180709566490231	0.0452024551059557
-1.12725353624624	0.339405023147411
-0.714143223212392	0.243889779741797
-0.724110175343364	0.247660897147714
-1.83620127357587	1.15679653132412
1.46209127003869	0.484377128190959
1.46010735547628	0.483457516052687
1.82912964257087	0.714770179842855
-2.57447078703937	0.657780381714024
-1.12781381973937	0.339579374120096
1.46166504880046	0.484245680586438
-0.71869462645605	0.245625159522256
2.75704467106166	0.766025498669684
0.675948496687313	0.213928974911644
0.958855818540361	0.254543321351908
-0.625191995446008	0.152059991852936
-3.45284250285449	1.22194559695964
0.164122988767051	0.0488286730136595
-0.72955637416089	0.249604745043641
0.157971563808893	0.0296806747786729
-0.620903335937371	0.151058535991718
-1.12825544522804	0.339732258677114
0.154081774580399	0.0521624398881256
-0.625191995446008	0.152059991852936
-1.81370026014743	0.735177636322616
1.82912964257087	0.714770179842855
0.174370024960364	0.0438183729016174
-0.213887346146808	0.0689012281325662
0.162171049505848	0.0303007576998756
1.57778417402392	0.783272898824577
-3.07750490916701	0.956880231933195
0.531600808944957	0.190452833446827
-0.335438661955823	0.0961186879895653
-0.620903335937371	0.151058535991718
-2.58224585205989	0.661106815487816
1.33208469099746	0.58115584608196
0.173378039987466	0.0436162262322836
0.17294827606403	0.0435260072159332
0.176818183184722	0.0443715906559113
1.04033415471618	0.393059276990575
-3.45172595803352	1.22146685013561
-0.723495739913315	0.247436366504984
-3.45172595803352	1.22146685013561
1.46498308680977	0.485505347800691
0.176818183184722	0.0443715906559113
-1.13855169954589	0.343119921986708
0.952729371406254	0.252945498225285
1.46067242606004	0.483688692701864
0.821612971150663	0.344902213197152
-1.12825544522804	0.339732258677114
1.03642094901871	0.391350967824649
-0.34307485466429	0.0982470421897248
-0.721067114947851	0.246487833064577
-1.7975657981284	0.379599665892429
-0.766443517958815	0.332594018875036
-3.07750490916701	0.956880231933195
0.955450516302873	0.253599562429476
1.4655515469736	0.485738470948645
0.956455214607419	0.253949648163622
0.679655237519559	0.215244174521264
1.95879552552655	0.437985228139192
1.95793128711136	0.437766051086387
-1.80127875869	0.380587746892248
1.95793128711136	0.437766051086387
-0.619895187822925	0.150839789138775
0.173378039987466	0.0436162262322836
0.175496922320134	0.0440701137079318
0.15823182603157	0.0297179405544109
0.956021254579335	0.253830462538477
0.959865181244613	0.254814612498812
-1.12881513859764	0.339906487322227
-1.81352302981117	0.735065306555984
-0.71869462645605	0.245625159522256
-1.51912822307193	0.53933700716578
-0.214973425440132	0.0692286309045475
0.830240426965074	0.348995445837094
-0.301486596801674	0.138458113411429
0.533870485766569	0.191241233041242
-1.81323178459194	0.734779878382509
-3.45770349111026	1.22440023898504
-3.45228414088993	1.22181665198441
-1.7975657981284	0.379599665892429
-0.624623675797245	0.151937920429117
0.952729371406254	0.252945498225285
-0.336952847519868	0.096512855057735
-1.12725353624624	0.339405023147411
-1.79763019308962	0.379603777700996
2.75704467106166	0.766025498669684
0.159251072645633	0.0298673857617753
1.95879552552655	0.437985228139192
0.67760684279943	0.214448334436413
-0.620473624670499	0.150917804175241
-0.718081625995024	0.245384533690959
-0.389381857263005	0.161954697910528
3.64405193165419	1.43312407887711
1.33520072787008	0.582923907307515
-1.5094475769206	0.535248673690833
1.04122776355439	0.393435934346114
-1.50634046210702	0.533909618105069
-1.12725353624624	0.339405023147411
-3.07750490916701	0.956880231933195
3.64405193165419	1.43312407887711
1.04577073722875	0.395582052714565
-0.337318918589577	0.0966140796949229
-2.28054036426075	1.14841429828622
0.177247192199527	0.0444492499698682
0.678685727410979	0.214982042405379
2.75704467106166	0.766025498669684
0.959294652844364	0.254663957360155
0.162338925211519	0.0482955049730846
0.67498185747701	0.213690207850534
1.95879552552655	0.437985228139192
-1.02730920175823	0.406112820022134
1.45652080007828	0.482281887456809
0.673526469252074	0.213227712607827
1.04515347900522	0.395153426226023
0.16190498991222	0.0302625824147867
-0.621333103088639	0.151104040920032
2.74570471120983	1.67868826049854
-0.619895187822925	0.150839789138775
-2.57847696185857	0.659529736545688
-0.620473624670499	0.150917804175241
0.670081697347895	0.212111377241056
-0.620473624670499	0.150917804175241
-2.57447078703937	0.657780381714024
1.04210966752671	0.393840140799123
0.533034126671957	0.190984669183042
0.451765865281851	0.181387363507285
-1.13282069800183	0.341231258763963
-2.57421277656498	0.657506382974291
-0.717468884808632	0.245082515543052
-0.212107996589827	0.0683682958385105
-1.7975657981284	0.379599665892429
0.956455214607419	0.253949648163622
0.157568112712888	0.0533067915180714
3.64405193165419	1.43312407887711
-0.719585944508868	0.245867637672296
-2.57472877667238	0.65760345889815
-0.344042706429557	0.0984794926451442
1.04122776355439	0.393435934346114
-0.616620021012413	0.150099962492625
-1.02275196325719	0.403905696700775
0.158989511121608	0.0298299152293259
0.959294652844364	0.254663957360155
-1.12881513859764	0.339906487322227
-2.57472877667238	0.65760345889815
-0.216063671871124	0.0695794401283131
-0.718081625995024	0.245384533690959
0.176818183184722	0.0443715906559113
0.955450516302873	0.253599562429476
-1.12435877083653	0.338493350823416
3.27232628525746	1.12331698634376
-1.12837428626612	0.339637586745731
0.673177180799231	0.213063750844139
1.95793128711136	0.437766051086387
-3.07707720857862	0.956361112132394
-1.12937501458112	0.339964434622374
0.959294652844364	0.254663957360155
1.45750864016971	0.482642955020513
3.64405193165419	1.43312407887711
0.959294652844364	0.254663957360155
1.95793128711136	0.437766051086387
-1.81139863683783	0.733838743939283
0.16350747165244	0.0486421723506342
0.157971563808893	0.0296806747786729
0.158989511121608	0.0298299152293259
2.75805496536761	0.766752929661107
0.956021254579335	0.253830462538477
0.955017933589342	0.253480850166851
0.168774858509076	0.0425819447497206
-0.337924641037297	0.0968088152153293
-1.81139863683783	0.733838743939283
-0.767548516176215	0.333001950403129
-0.218096087384631	0.0701860099861319
0.157971563808893	0.0296806747786729
-0.51812811293967	0.195578845806807
-1.81230096904141	0.73434889647897
0.674624067917918	0.213658555919133
-0.00585584462825464	0.0029700286311976
1.46209127003869	0.484377128190959
-2.57421277656498	0.657506382974291
-2.57447078703937	0.657780381714024
-1.7975657981284	0.379599665892429
2.75805496536761	0.766752929661107
-0.621333103088639	0.151104040920032
0.158989511121608	0.0298299152293259
2.75805496536761	0.766752929661107
-0.219770163804213	0.0707569013941891
-3.08247559880565	0.958940682858076
0.960305402281055	0.254935680101795
0.671394166412374	0.212454198010421
0.15823182603157	0.0297179405544109
1.95793128711136	0.437766051086387
-0.34307485466429	0.0982470421897248
-0.144946030904406	0.0518319984756812
-0.215815148052618	0.0695090074287807
0.15357905718361	0.0520023014569825
-0.334465167213362	0.0958562903993202
0.536145192793524	0.192183675780863
0.168774858509076	0.0425819447497206
3.27129205644114	1.12317050813274
0.164738242561747	0.0490009495728858
3.26732978575294	1.1211772426211
0.158989511121608	0.0298299152293259
0.959865181244613	0.254814612498812
0.16350747165244	0.0486421723506342
1.04515347900522	0.395153426226023
-1.12937501458112	0.339964434622374
-0.720199314130701	0.246072307343885
-0.216409245079586	0.0696890647462961
1.33518413353589	0.582379895843061
0.697435449537931	0.326741539527995
-0.620903335937371	0.151058535991718
0.157971563808893	0.0296806747786729
-2.57447078703937	0.657780381714024
0.162968126753743	0.0485024678975847
-1.7975657981284	0.379599665892429
0.673177180799231	0.213063750844139
1.46109938210879	0.484014060767982
-2.57421277656498	0.657506382974291
0.154259314455831	0.0291924198815566
-0.619895187822925	0.150839789138775
-0.719307886400812	0.245829792820617
2.75704467106166	0.766025498669684
0.173940988172143	0.0437550114519682
1.04726688944174	0.396088731238016
0.159251072645633	0.0298673857617753
0.159251072645633	0.0298673857617753
-1.7975657981284	0.379599665892429
-2.57472877667238	0.65760345889815
-2.57447078703937	0.657780381714024
0.175496922320134	0.0440701137079318
0.67498185747701	0.213690207850534
-1.12669343566207	0.339109154533815
0.678685727410979	0.214982042405379
0.17294827606403	0.0435260072159332
-0.520409690032529	0.196570138845147
-0.718081625995024	0.245384533690959
2.75704467106166	0.766025498669684
-0.340107395831878	0.0973408882698726
2.7553388002646	1.68850543914514
-0.150439826851979	0.0537776490722372
-1.0213509823134	0.403162852904808
-0.338530582329419	0.0969729638077002
-3.45172595803352	1.22146685013561
-0.763477303143996	0.331085452220175
-1.51042707521765	0.53568486067596
-1.50634046210702	0.533909618105069
0.674015164989584	0.213380808783075
-1.12781381973937	0.339579374120096
-0.620903335937371	0.151058535991718
-0.343432234206214	0.0982903961052269
0.172643132163515	0.0434132410698589
1.45750864016971	0.482642955020513
-0.338896474896558	0.0970421752101679
1.04096305100241	0.393348131713795
-1.12725353624624	0.339405023147411
-1.02730920175823	0.406112820022134
1.46209127003869	0.484377128190959
-2.57472877667238	0.65760345889815
0.670081697347895	0.212111377241056
-1.52010033072948	0.539771315169944
0.670430931165646	0.212216518896251
1.46364987732708	0.48479584486453
2.55712425069239	1.41418106174022
3.26732978575294	1.1211772426211
0.162968126753743	0.0485024678975847
3.26835783601252	1.12163011968705
2.76095211479574	0.768066673537379
0.16190498991222	0.0302625824147867
-1.7975657981284	0.379599665892429
0.956021254579335	0.253830462538477
0.959294652844364	0.254663957360155
0.155282002123357	0.02934225636165
0.958855818540361	0.254543321351908
0.173378039987466	0.0436162262322836
-2.57447078703937	0.657780381714024
-0.216657809109618	0.0697687117469907
1.57183864477896	0.779521632894244
-2.57821111666453	0.659475059970799
-0.61946410648704	0.150698865008898
-2.57821111666453	0.659475059970799
-0.61946410648704	0.150698865008898
0.673177180799231	0.213063750844139
0.159251072645633	0.0298673857617753
1.04969895669497	0.397129939971893
-3.08203891306948	0.959069086853276
-0.625630686390319	0.152156798395567
1.95879552552655	0.437985228139192
0.157971563808893	0.0296806747786729
0.158989511121608	0.0298299152293259
-0.150196998613523	0.0536857002626707
0.531954615713782	0.190517989079214
0.154392805413983	0.0522705690038812
-1.7975657981284	0.379599665892429
-0.220958178322115	0.071110594346136
2.75033847024155	1.68367117623632
0.536145192793524	0.192183675780863
-0.214973425440132	0.0692286309045475
-0.213293977179729	0.0687362131681472
1.04272737841263	0.394268038065867
-1.12669343566207	0.339109154533815
2.11692464856437	0.944608977413808
0.960305402281055	0.254935680101795
0.535902929212832	0.192030732305526
0.525990208639527	0.188250919390985
1.33268267273416	0.581267457492734
0.956021254579335	0.253830462538477
-0.718081625995024	0.245384533690959
-0.620903335937371	0.151058535991718
0.17738312662749	0.0444846964186047
1.04515347900522	0.395153426226023
-0.624183598429151	0.151840837481169
-0.620903335937371	0.151058535991718
-1.27840133122234	0.575024543685974
-1.80127875869	0.380587746892248
0.533275066051755	0.191011050930048
-1.13395018438652	0.341592389781504
2.75805496536761	0.766752929661107
1.4655515469736	0.485738470948645
-0.62133920787282	0.151240698635141
1.95793128711136	0.437766051086387
-0.621784192774111	0.151338791569665
-3.45228414088993	1.22181665198441
-2.57821111666453	0.659475059970799
0.955450516302873	0.253599562429476
-2.57821111666453	0.659475059970799
-1.82155891978536	0.73908749379043
-3.45714001185249	1.22455064732533
0.444874852039873	0.178402850014281
-0.718417185790278	0.245411018109158
-0.213543270792488	0.0687986075063655
-0.338291342092883	0.0968475173314605
0.531115719234218	0.190139072437444
1.46498308680977	0.485505347800691
2.36037500052639	1.17841315078791
-0.220849649046566	0.0710925897619741
-1.13282069800183	0.341231258763963
1.33603551913475	0.58343053611899
0.823324250399777	0.345498976757898
0.174503749901052	0.0438676710334476
0.528236092469745	0.189119596677675
-1.79763019308962	0.379603777700996
2.12263439025233	0.948179078254044
0.158989511121608	0.0298299152293259
0.166279076961167	0.0494077549790747
1.46010735547628	0.483457516052687
-0.336952847519868	0.096512855057735
-0.514641699367006	0.194166196064157
0.17294827606403	0.0435260072159332
1.04577073722875	0.395582052714565
1.04272737841263	0.394268038065867
0.17738312662749	0.0444846964186047
3.26835783601252	1.12163011968705
-0.301795851501471	0.138669748255817
1.95879552552655	0.437985228139192
-1.12769593434811	0.339436368028373
0.16190498991222	0.0302625824147867
-1.7975657981284	0.379599665892429
0.17738312662749	0.0444846964186047
0.15823182603157	0.0297179405544109
0.824451710034132	0.346189076295124
0.158989511121608	0.0298299152293259
2.76197196120423	0.768541369225187
0.955450516302873	0.253599562429476
3.27129205644114	1.12317050813274
3.26835783601252	1.12163011968705
1.95793128711136	0.437766051086387
3.64405193165419	1.43312407887711
0.157971563808893	0.0296806747786729
0.15823182603157	0.0297179405544109
1.95793128711136	0.437766051086387
-2.57447078703937	0.657780381714024
1.95793128711136	0.437766051086387
1.95793128711136	0.437766051086387
-0.61946410648704	0.150698865008898
1.95793128711136	0.437766051086387
0.678685727410979	0.214982042405379
1.83065515075678	0.71528955791634
-1.12825544522804	0.339732258677114
-0.620473624670499	0.150917804175241
1.57480458171904	0.781156471415011
-1.79763019308962	0.379603777700996
-2.57447078703937	0.657780381714024
0.158426007238141	0.0472279903538101
-0.719030595483876	0.245557497516708
0.159304296973707	0.0474668185471716
0.173378039987466	0.0436162262322836
1.95879552552655	0.437985228139192
1.95793128711136	0.437766051086387
1.95879552552655	0.437985228139192
1.95793128711136	0.437766051086387
1.95793128711136	0.437766051086387
0.152705092212536	0.0517022070713414
0.174503749901052	0.0438676710334476
-1.12881513859764	0.339906487322227
0.535550464072287	0.191953357336806
-0.605921912402532	0.290956520477867
-0.401553700353307	0.167475563259987
0.534955479672592	0.191660301050033
-0.213543270792488	0.0687986075063655
-3.08203891306948	0.959069086853276
0.170211653850527	0.0504730190931177
-0.617055950695462	0.150241664375452
0.153016180557848	0.051821004050093
0.177812920485068	0.0445891130396879
-4.006279107083	1.72987826782451
0.831060082574284	0.349407717674873
-0.770356668689897	0.334785804148308
0.152453062620175	0.0516328700929256
0.675948496687313	0.213928974911644
-1.13698868821346	0.342607629634493
-1.12881513859764	0.339906487322227
-0.343432234206214	0.0982903961052269
-0.620903335937371	0.151058535991718
0.154392805413983	0.0522705690038812
2.75704467106166	0.766025498669684
-3.07707720857862	0.956361112132394
-0.342718944466085	0.0980961923569006
0.1677792397568	0.0498341730879395
-3.07750490916701	0.956880231933195
-3.45228414088993	1.22181665198441
-1.12881513859764	0.339906487322227
-1.79763019308962	0.379603777700996
-1.12379649940684	0.33819735561451
-3.75228333635026	1.47685987725686
0.823888102049168	0.345906037374267
0.67498185747701	0.213690207850534
1.78387299384415	0.995769110055271
-4.00689064630181	1.73027814606556
0.16323818852145	0.0485873708307168
-3.46146192307772	1.22662947407805
1.06294371395931	0.513015950894321
-1.27438930144672	0.572670443488434
-0.388565623699071	0.161605945390862
-1.51336055363438	0.537061579976289
0.157971563808893	0.0296806747786729
0.157971563808893	0.0296806747786729
-0.216657809109618	0.0697687117469907
1.57722144544452	0.783207973163534
2.75805496536761	0.766752929661107
0.956021254579335	0.253830462538477
-1.12881513859764	0.339906487322227
-0.343686146411719	0.0983921171207581
0.17738312662749	0.0444846964186047
-0.338530582329419	0.0969729638077002
-0.337924641037297	0.0968088152153293
0.532196819047093	0.190683131950839
-0.147093652274001	0.0525528129665041
-0.619895187822925	0.150839789138775
1.04272737841263	0.394268038065867
-0.337924641037297	0.0968088152153293
-0.216409245079586	0.0696890647462961
-0.146282635967707	0.0522900631456069
3.26835783601252	1.12163011968705
-3.07793266340176	0.957013587093989
0.955450516302873	0.253599562429476
0.174503749901052	0.0438676710334476
2.11780862301852	0.945248734413775
0.957461191854986	0.254126256439643
0.956021254579335	0.253830462538477
0.15823182603157	0.0297179405544109
0.957025852492456	0.254006696314478
1.95879552552655	0.437985228139192
0.162622561049093	0.0484009930995383
1.3366322141597	0.58354097730275
0.670430931165646	0.212216518896251
0.956455214607419	0.253949648163622
0.15823182603157	0.0297179405544109
-1.12725353624624	0.339405023147411
0.678685727410979	0.214982042405379
-0.61946410648704	0.150698865008898
0.675109449967238	0.21369241449263
0.17738312662749	0.0444846964186047
1.95879552552655	0.437985228139192
-0.620326325745573	0.150885642821786
-1.7975657981284	0.379599665892429
0.174933567082256	0.0439573605408891
-0.620903335937371	0.151058535991718
-0.620903335937371	0.151058535991718
-1.79763019308962	0.379603777700996
0.956021254579335	0.253830462538477
0.166894126545373	0.0495801423286346
0.176818183184722	0.0443715906559113
0.956455214607419	0.253949648163622
-0.720199314130701	0.246072307343885
2.75704467106166	0.766025498669684
0.959865181244613	0.254814612498812
-1.50922180218546	0.535188573690381
-1.81291187157146	0.734751884578751
3.93297854230234	1.72057752612902
0.173940988172143	0.0437550114519682
0.15823182603157	0.0297179405544109
-1.01822870012939	0.401639644709784
0.155490335273875	0.0595707244029917
-2.57421277656498	0.657506382974291
1.06903480350602	0.516605281541135
-0.719840487055064	0.245972653044846
0.958855818540361	0.254543321351908
1.82948417010899	0.714838990299682
-0.513824129140511	0.193894300368019
0.157819787360587	0.0533909827533473
3.64101793434512	1.43134239135362
-0.154648339643466	0.0552497522757797
0.689772718339248	0.322419369964628
0.956021254579335	0.253830462538477
-0.617055950695462	0.150241664375452
-0.216409245079586	0.0696890647462961
-0.620326325745573	0.150885642821786
-1.7975657981284	0.379599665892429
1.95793128711136	0.437766051086387
0.157971563808893	0.0296806747786729
0.957025852492456	0.254006696314478
-2.57472877667238	0.65760345889815
-1.79763019308962	0.379603777700996
-0.719585944508868	0.245867637672296
-0.620903335937371	0.151058535991718
1.57722144544452	0.783207973163534
-1.02815379565769	0.406346884447955
2.12263439025233	0.948179078254044
0.163853552605343	0.0487595972376143
-0.718081625995024	0.245384533690959
1.96440585754481	1.22699687651109
-1.81200943037821	0.734241478143734
2.75704467106166	0.766025498669684
-1.27383344507062	0.572359048200157
0.823847907193868	0.345924394320539
0.831620070236954	0.349690062054934
0.162601039894696	0.048342621442819
-1.50982433145335	0.535480148233091
-0.218680421673263	0.0704354728372775
-1.02815379565769	0.406346884447955
-0.765393886375822	0.332069371790106
0.173940988172143	0.0437550114519682
-0.724381910046542	0.247676943012395
0.674264818482823	0.213402910671394
0.446263382986311	0.179016678797599
-1.81352302981117	0.735065306555984
3.27025913837768	1.12233669524588
0.157546606671046	0.0469737944802553
-1.79763019308962	0.379603777700996
-1.12781381973937	0.339579374120096
0.397957500852408	0.179831860627171
-3.07793266340176	0.957013587093989
-2.57847696185857	0.659529736545688
0.157971563808893	0.0296806747786729
1.96141436018454	0.438711417164155
-0.715034146888943	0.244213254744201
0.154643798015002	0.0523504544120162
-0.619895187822925	0.150839789138775
-1.27238367185372	0.571130757873106
1.04488949167403	0.395085051250541
0.176818183184722	0.0443715906559113
2.76489171529978	0.769665555456845
1.95879552552655	0.437985228139192
1.95879552552655	0.437985228139192
0.158989511121608	0.0298299152293259
0.174503749901052	0.0438676710334476
1.82613678624155	0.713003331156764
1.57404767215904	0.780807377405224
-1.12937501458112	0.339964434622374
1.95879552552655	0.437985228139192
-1.51457762983225	0.537411268536323
1.83259355517544	0.716473450995655
1.46010735547628	0.483457516052687
0.157971563808893	0.0296806747786729
-0.601842481179404	0.288205637215096
1.46398903776532	0.484992681122713
-3.07793266340176	0.957013587093989
-1.7975657981284	0.379599665892429
-0.337924641037297	0.0968088152153293
0.158989511121608	0.0298299152293259
-1.50573496603534	0.533703959061235
-0.621333103088639	0.151104040920032
2.75805496536761	0.766752929661107
-2.57472877667238	0.65760345889815
0.15823182603157	0.0297179405544109
1.95793128711136	0.437766051086387
1.95793128711136	0.437766051086387
-1.02587348343702	0.405264690821028
-3.45340104404634	1.22171831505731
-1.51494510157249	0.537750180976637
0.168774858509076	0.0425819447497206
0.438326348756367	0.175598680866236
0.158989511121608	0.0298299152293259
0.157971563808893	0.0296806747786729
0.959865181244613	0.254814612498812
-0.215221304062718	0.0693199317381142
1.95793128711136	0.437766051086387
-0.728941542325998	0.249426183402838
1.3329197605053	0.581616348611346
-0.718081625995024	0.245384533690959
0.162171049505848	0.0303007576998756
-0.717191145070403	0.244966202456728
-0.715034146888943	0.244213254744201
0.164122988767051	0.0488286730136595
-0.338291342092883	0.0968475173314605
-1.51433726696095	0.537497293520418
-0.337559379634888	0.0966770330278957
0.956021254579335	0.253830462538477
-3.07793266340176	0.957013587093989
0.177812920485068	0.0445891130396879
-1.12669343566207	0.339109154533815
-1.13295352450292	0.341266245931736
1.04272737841263	0.394268038065867
1.95879552552655	0.437985228139192
-0.719921406038465	0.24597629720829
-2.58224585205989	0.661106815487816
-3.45228414088993	1.22181665198441
-1.81262047956212	0.734554727038592
-0.724724871482414	0.247820170566985
-0.71869462645605	0.245625159522256
0.172385921068679	0.0433875285709768
1.82399204056179	0.712148377760895
1.04122776355439	0.393435934346114
-0.391221837165235	0.162737262551864
-1.81889213386485	0.738000902901671
-1.27465265651181	0.572799544614502
0.16934280349587	0.0427080042196444
1.82755032422624	0.713907775987463
-0.621333103088639	0.151104040920032
-0.140367872285649	0.0502560951722468
-0.601191989819464	0.288253380273119
0.53471313464826	0.191636123836102
-0.388736224375841	0.161629538463079
-1.13182284417153	0.340904867919198
1.0671250794186	0.51532777476737
-3.75348509589231	1.47731393970503
0.956455214607419	0.253949648163622
-1.80832523237299	0.732158700929159
1.04122776355439	0.393435934346114
-2.29030667207249	1.15629650854278
-1.79763019308962	0.379603777700996
0.670081697347895	0.212111377241056
1.46109938210879	0.484014060767982
1.04360842637382	0.394608583742794
3.26938718630885	1.12163262119223
-1.01881976284329	0.401954931656393
0.162352652580513	0.0483303505238246
-1.51494510157249	0.537750180976637
-1.12725353624624	0.339405023147411
1.95879552552655	0.437985228139192
1.33208469099746	0.58115584608196
1.82816209415628	0.714241631039221
0.159251072645633	0.0298673857617753
1.82755032422624	0.713907775987463
0.174933567082256	0.0439573605408891
0.157971563808893	0.0296806747786729
3.93818909907967	1.72414013073745
-0.336952847519868	0.096512855057735
-0.624183598429151	0.151840837481169
1.95793128711136	0.437766051086387
0.158426007238141	0.0472279903538101
-1.79763019308962	0.379603777700996
-0.624623675797245	0.151937920429117
1.82851727583204	0.714435845516616
-1.7975657981284	0.379599665892429
-3.08203891306948	0.959069086853276
-2.57447078703937	0.657780381714024
-1.27520906261668	0.573111344885609
1.96141436018454	0.438711417164155
0.16190498991222	0.0302625824147867
2.75704467106166	0.766025498669684
-0.619895187822925	0.150839789138775
1.46265753359042	0.48460907431551
-3.08203891306948	0.959069086853276
1.95879552552655	0.437985228139192
-0.620473624670499	0.150917804175241
-1.48943440410572	0.752209436067322
2.12394240921657	0.94837113679342
-0.620903335937371	0.151058535991718
-1.49159029421334	0.753622000565588
-0.333856458330646	0.0956917261764247
0.959294652844364	0.254663957360155
-0.338896474896558	0.0970421752101679
0.532438411561851	0.190754397880712
3.93198447308087	1.71970480916132
1.5724348757785	0.779685464655591
3.9371926868257	1.72364294570268
-1.81200943037821	0.734241478143734
-1.66797670652781	0.93960503074096
0.67498185747701	0.213690207850534
0.676558588301015	0.214207370803977
1.46498308680977	0.485505347800691
-1.81860731780454	0.737578883081637
1.33208469099746	0.58115584608196
3.64611189084925	1.43374127140597
-1.50922180218546	0.535188573690381
0.168393915595915	0.0499912542478598
2.75805496536761	0.766752929661107
-0.718972834438042	0.245626954230634
-0.620326325745573	0.150885642821786
-1.80127875869	0.380587746892248
-1.51433726696095	0.537497293520418
0.158989511121608	0.0298299152293259
0.17351044503084	0.0436385160120603
-1.81230096904141	0.73434889647897
0.676200627845659	0.214099921395796
1.82851727583204	0.714435845516616
1.0703619717886	0.517515132381691
0.168393915595915	0.0499912542478598
1.09705130925205	0.67773259632734
-2.28569563487766	1.1528508847122
-0.522472487971899	0.197429550059794
1.04996163468299	0.396997160832771
0.153380510069301	0.0587543815109685
0.151873414100974	0.0581755081573951
3.26835783601252	1.12163011968705
-0.718081625995024	0.245384533690959
0.159251072645633	0.0298673857617753
-0.717468884808632	0.245082515543052
-0.338530582329419	0.0969729638077002
-0.616620021012413	0.150099962492625
-1.26919005446438	0.56947477022477
1.06632392555289	0.514786948757726
-0.519038139240771	0.196086617266171
-1.51494510157249	0.537750180976637
1.3374657462467	0.583961413896269
0.163853552605343	0.0487595972376143
-2.07036415878263	0.940048810523718
0.17294827606403	0.0435260072159332
-1.02874670321027	0.406592521454169
1.77930915240147	0.991027011590058
0.159251072645633	0.0298673857617753
0.17351044503084	0.0436385160120603
2.11931178949686	0.946188348024025
0.17294827606403	0.0435260072159332
-0.215469787669442	0.0693747409894077
0.955450516302873	0.253599562429476
-0.624183598429151	0.151840837481169
-1.79763019308962	0.379603777700996
1.95793128711136	0.437766051086387
0.170331293505475	0.0429093144237285
0.17294827606403	0.0435260072159332
0.161736914950373	0.0481441679802126
0.165622192143609	0.0492275837346074
0.671045597340039	0.212419421287662
-2.57447078703937	0.657780381714024
0.15823182603157	0.0297179405544109
-2.57447078703937	0.657780381714024
-1.79763019308962	0.379603777700996
1.95793128711136	0.437766051086387
0.153830475350601	0.0520893555087474
1.95879552552655	0.437985228139192
-1.79763019308962	0.379603777700996
-1.7975657981284	0.379599665892429
-0.724724871482414	0.247820170566985
-0.213543270792488	0.0687986075063655
0.16323818852145	0.0485873708307168
1.95793128711136	0.437766051086387
-0.61946410648704	0.150698865008898
0.17738312662749	0.0444846964186047
0.159251072645633	0.0298673857617753
0.157971563808893	0.0296806747786729
2.75805496536761	0.766752929661107
2.75805496536761	0.766752929661107
1.04577073722875	0.395582052714565
-0.21750140385887	0.0700056929839968
0.823324250399777	0.345498976757898
0.159251072645633	0.0298673857617753
0.168774858509076	0.0425819447497206
0.693224115693549	0.324622999234869
0.159251072645633	0.0298673857617753
0.956455214607419	0.253949648163622
0.177247192199527	0.0444492499698682
1.46209127003869	0.484377128190959
0.956021254579335	0.253830462538477
0.904085412294213	0.488164212519272
-0.337924641037297	0.0968088152153293
0.957025852492456	0.254006696314478
-1.0225353038078	0.403750407139113
0.152346609586538	0.0515961830574703
0.163853552605343	0.0487595972376143
-0.215815148052618	0.0695090074287807
-0.147093652274001	0.0525528129665041
0.532196819047093	0.190683131950839
-0.617055950695462	0.150241664375452
-0.624183598429151	0.151840837481169
1.57433659153472	0.780925580111922
1.95793128711136	0.437766051086387
1.83223894779093	0.716336716062103
-0.621333103088639	0.151104040920032
-3.08203891306948	0.959069086853276
0.162171049505848	0.0303007576998756
0.17294827606403	0.0435260072159332
1.33686934913081	0.583851214307558
1.46109938210879	0.484014060767982
-0.619895187822925	0.150839789138775
-0.0906115842866849	0.0360065547854714
-0.334222652007209	0.0957594598898438
-0.342463785834028	0.0980578484034576
-1.5094475769206	0.535248673690833
-0.340107395831878	0.0973408882698726
0.153830475350601	0.0520893555087474
0.173940988172143	0.0437550114519682
1.95793128711136	0.437766051086387
0.16190498991222	0.0302625824147867
0.956021254579335	0.253830462538477
0.174370024960364	0.0438183729016174
-0.3395018260887	0.0972061822975938
-1.02730920175823	0.406112820022134
-3.08247559880565	0.958940682858076
0.158426007238141	0.0472279903538101
-0.620473624670499	0.150917804175241
-1.49025064931165	0.753058170718835
0.957025852492456	0.254006696314478
-0.605291505126369	0.290343566368734
0.445708556431364	0.178747574863749
1.04360842637382	0.394608583742794
1.45750864016971	0.482642955020513
0.168774858509076	0.0425819447497206
-0.625630686390319	0.152156798395567
-1.12881513859764	0.339906487322227
-0.766207907419173	0.33246398143222
-0.336952847519868	0.096512855057735
-1.51042707521765	0.53568486067596
0.960305402281055	0.254935680101795
1.95879552552655	0.437985228139192
0.162171049505848	0.0303007576998756
1.46166504880046	0.484245680586438
-0.212700860727539	0.0685566980358174
0.173378039987466	0.0436162262322836
0.535308159768992	0.19186644934071
0.956455214607419	0.253949648163622
1.33065013736382	0.580048564914345
0.16190498991222	0.0302625824147867
1.95879552552655	0.437985228139192
0.153584612791313	0.0458452254142868
0.15823182603157	0.0297179405544109
1.46166504880046	0.484245680586438
-0.620903335937371	0.151058535991718
0.531004542224133	0.190160354232034
0.157971563808893	0.0296806747786729
-0.619895187822925	0.150839789138775
0.956021254579335	0.253830462538477
1.96141436018454	0.438711417164155
0.172385921068679	0.0433875285709768
-3.07793266340176	0.957013587093989
-1.81676990665961	0.736858778572184
1.95879552552655	0.437985228139192
-2.57821111666453	0.659475059970799
-4.006279107083	1.72987826782451
0.679042954927262	0.214964314584285
0.158989511121608	0.0298299152293259
0.158989511121608	0.0298299152293259
0.955017933589342	0.253480850166851
1.78033154321923	0.993133607242785
1.33603551913475	0.58343053611899
1.06458282875738	0.514129127888053
1.4655515469736	0.485738470948645
-3.07793266340176	0.957013587093989
0.822450638269115	0.345345024290892
0.172385921068679	0.0433875285709768
1.0418455851348	0.393863567086238
0.44957827995086	0.18031750975252
0.673048421642057	0.212994504688281
-0.215567228616167	0.0694084736962232
-0.0777313606050129	0.0310445211840544
2.12175361138722	0.947733160087778
-0.342107054910445	0.0979510037894855
1.0418455851348	0.393863567086238
-0.723495739913315	0.247436366504984
-0.145472337378192	0.0520149972990822
2.74325813993295	1.67526769233633
1.83162438273742	0.716000775412828
0.526211669677007	0.188366258201689
1.83065515075678	0.71528955791634
1.06632392555289	0.514786948757726
0.539860130057183	0.19347257336536
0.15823182603157	0.0297179405544109
0.16323818852145	0.0485873708307168
-0.3395018260887	0.0972061822975938
1.95793128711136	0.437766051086387
-3.45714001185249	1.22455064732533
2.75805496536761	0.766752929661107
2.7590679263751	0.76692961097815
0.159251072645633	0.0298673857617753
1.95879552552655	0.437985228139192
-0.769023939416068	0.333971102342404
0.174933567082256	0.0439573605408891
-0.719585944508868	0.245867637672296
-1.13395018438652	0.341592389781504
-0.523287577810495	0.197683280030088
-0.227441017787439	0.0731781771853789
0.167164301060576	0.0496616909525181
-0.717804035722151	0.245206559878684
0.696629251122635	0.326266216208756
0.149422101710692	0.0506397395463473
-0.303720394160038	0.139327410520149
0.1677792397568	0.0498341730879395
0.168047617405793	0.0498928161895134
-2.06589848871781	0.936900543147092
1.57987830222808	0.78447996195686
0.1677792397568	0.0498341730879395
0.15467977779599	0.0592620304168656
0.17294827606403	0.0435260072159332
0.162338925211519	0.0482955049730846
2.11869185323705	0.945764565994132
0.174503749901052	0.0438676710334476
1.10527170753672	0.684736766603195
2.12325323580269	0.948602765952738
1.58044007528964	0.785210824870142
3.26835783601252	1.12163011968705
2.11390693878904	0.942679036980454
-1.50922180218546	0.535188573690381
2.74729428306101	1.68040801757703
2.75805496536761	0.766752929661107
0.956455214607419	0.253949648163622
0.158989511121608	0.0298299152293259
0.149422101710692	0.0506397395463473
1.04246313957759	0.393996072509476
-3.08247559880565	0.958940682858076
-1.12781381973937	0.339579374120096
0.675232747867266	0.213789953820415
0.159251072645633	0.0298673857617753
1.95879552552655	0.437985228139192
-1.7975657981284	0.379599665892429
-1.02646555146412	0.405564715628588
-0.620473624670499	0.150917804175241
-0.621333103088639	0.151104040920032
0.678074042401891	0.214702481365457
2.12175361138722	0.947733160087778
2.75805496536761	0.766752929661107
-0.338896474896558	0.0970421752101679
0.159251072645633	0.0298673857617753
0.956021254579335	0.253830462538477
0.173940988172143	0.0437550114519682
1.4655515469736	0.485738470948645
1.95879552552655	0.437985228139192
1.82912964257087	0.714770179842855
-1.12435877083653	0.338493350823416
-1.50982433145335	0.535480148233091
-2.57472877667238	0.65760345889815
0.164738242561747	0.0490009495728858
0.172643132163515	0.0434132410698589
0.157971563808893	0.0296806747786729
-2.57421277656498	0.657506382974291
1.96141436018454	0.438711417164155
1.46209127003869	0.484377128190959
0.157971563808893	0.0296806747786729
0.174933567082256	0.0439573605408891
-1.7975657981284	0.379599665892429
2.74325813993295	1.67526769233633
1.03966215201556	0.392598386128765
0.157819787360587	0.0533909827533473
-1.50884424560785	0.535043767502043
1.83320872066104	0.716809839835328
0.53158177076108	0.190397794536914
-0.720453666514924	0.246264037870489
-1.12937501458112	0.339964434622374
0.823642509432085	0.345787097083453
0.14975829663456	0.0573602319285313
-0.337924641037297	0.0968088152153293
0.15823182603157	0.0297179405544109
-1.49077274586718	0.75343807840734
-3.75228333635026	1.47685987725686
0.17351044503084	0.0436385160120603
1.33148644921435	0.580580180008122
-1.7975657981284	0.379599665892429
-1.50884424560785	0.535043767502043
-1.51042707521765	0.53568486067596
-0.523592418494679	0.197882573952315
0.950720958067184	0.252420162622268
1.57300066070252	0.779753450272878
-0.620903335937371	0.151058535991718
0.173940988172143	0.0437550114519682
0.15823182603157	0.0297179405544109
-2.57447078703937	0.657780381714024
-2.57447078703937	0.657780381714024
0.957025852492456	0.254006696314478
1.95793128711136	0.437766051086387
-1.79763019308962	0.379603777700996
-0.621333103088639	0.151104040920032
1.95879552552655	0.437985228139192
-3.08616775699942	0.960575893787374
-3.07793266340176	0.957013587093989
-1.12825544522804	0.339732258677114
-1.50982433145335	0.535480148233091
0.149173995582458	0.0505642485186703
1.58127511163447	0.785745335574497
-0.60491192937513	0.290190935381882
0.442746084081858	0.177485883285209
0.392308962365972	0.177082880181476
1.46308301616168	0.484563679444736
-0.715368637354031	0.244333825945774
0.956455214607419	0.253949648163622
-0.527405649697176	0.199462190898153
0.155919170661288	0.0527477169526474
-1.48687302529759	0.75019393142496
-1.12881513859764	0.339906487322227
2.12175361138722	0.947733160087778
1.04577073722875	0.395582052714565
0.162601039894696	0.048342621442819
-1.81262047956212	0.734554727038592
0.161557524205252	0.0545946857697164
0.530750780741859	0.19013343293214
1.56802373959498	0.776722599147101
1.46498308680977	0.485505347800691
0.960305402281055	0.254935680101795
-3.75718934185265	1.48017499214909
0.53471313464826	0.191636123836102
-3.45228414088993	1.22181665198441
0.674264818482823	0.213402910671394
-1.02587348343702	0.405264690821028
-0.517825107309169	0.195474359908123
-2.07003804100853	0.939770540845245
-2.57447078703937	0.657780381714024
0.170331293505475	0.0429093144237285
2.75805496536761	0.766752929661107
0.15823182603157	0.0297179405544109
2.7590679263751	0.76692961097815
0.174370024960364	0.0438183729016174
0.159251072645633	0.0298673857617753
3.26732978575294	1.1211772426211
-1.7975657981284	0.379599665892429
-0.391710846289378	0.162959857875505
0.682410767649726	0.216016306234615
-1.81291187157146	0.734751884578751
0.173378039987466	0.0436162262322836
-0.71869462645605	0.245625159522256
-1.13338534815793	0.341498686250824
1.78275907436894	0.993793916728394
0.174933567082256	0.0439573605408891
-0.617055950695462	0.150241664375452
-1.13338534815793	0.341498686250824
-1.7975657981284	0.379599665892429
-1.80127875869	0.380587746892248
3.64405193165419	1.43312407887711
-0.216063671871124	0.0695794401283131
-0.339136742629042	0.0971078731889835
0.956021254579335	0.253830462538477
-1.7975657981284	0.379599665892429
1.95793128711136	0.437766051086387
0.16190498991222	0.0302625824147867
0.956021254579335	0.253830462538477
-0.620473624670499	0.150917804175241
-1.50922180218546	0.535188573690381
1.95879552552655	0.437985228139192
1.46010735547628	0.483457516052687
-0.719585944508868	0.245867637672296
0.16350747165244	0.0486421723506342
1.46597699067366	0.485748477491111
-1.7975657981284	0.379599665892429
0.174933567082256	0.0439573605408891
0.955017933589342	0.253480850166851
-0.338896474896558	0.0970421752101679
-1.50824112923963	0.534752090600511
-0.33604699779225	0.0962542202740646
-2.57472877667238	0.65760345889815
3.6399901361893	1.43067029650081
-1.12725353624624	0.339405023147411
-1.79763019308962	0.379603777700996
0.168354166613062	0.0424807140134561
0.679297187320958	0.21511425797511
0.955450516302873	0.253599562429476
1.46109938210879	0.484014060767982
3.27129205644114	1.12317050813274
-1.79763019308962	0.379603777700996
-1.50982433145335	0.535480148233091
0.17294827606403	0.0435260072159332
-0.621333103088639	0.151104040920032
0.15823182603157	0.0297179405544109
0.16190498991222	0.0302625824147867
-1.79763019308962	0.379603777700996
-1.79763019308962	0.379603777700996
0.157971563808893	0.0296806747786729
0.177812920485068	0.0445891130396879
-0.514082532309656	0.193921443427214
0.155282002123357	0.02934225636165
2.76095211479574	0.768066673537379
1.82948417010899	0.714838990299682
-1.02671683891162	0.40581238098729
-3.08203891306948	0.959069086853276
-0.0809664731944541	0.0322815576885803
1.46067242606004	0.483688692701864
-1.12669343566207	0.339109154533815
-3.75228333635026	1.47685987725686
-1.02393437812981	0.404449416816886
0.679297187320958	0.21511425797511
0.678074042401891	0.214702481365457
-0.334222652007209	0.0957594598898438
-0.522217673493657	0.197342207603961
0.173940988172143	0.0437550114519682
0.176818183184722	0.0443715906559113
0.529918814853225	0.189819007683608
-1.81431164447288	0.735547468758957
-0.619895187822925	0.150839789138775
0.153830475350601	0.0520893555087474
-0.221443869104186	0.0712956025102242
-1.12435877083653	0.338493350823416
-0.724996456084797	0.247901521017459
-0.620903335937371	0.151058535991718
0.679655237519559	0.215244174521264
-2.57472877667238	0.65760345889815
0.159251072645633	0.0298673857617753
-0.625630686390319	0.152156798395567
1.95793128711136	0.437766051086387
0.153016180557848	0.051821004050093
0.175496922320134	0.0440701137079318
-2.57447078703937	0.657780381714024
-3.07750490916701	0.956880231933195
1.96141436018454	0.438711417164155
-0.338530582329419	0.0969729638077002
2.75805496536761	0.766752929661107
0.162171049505848	0.0303007576998756
2.75704467106166	0.766025498669684
0.531954615713782	0.190517989079214
-2.57447078703937	0.657780381714024
-0.215815148052618	0.0695090074287807
1.04246313957759	0.393996072509476
0.530762262945688	0.190122868111177
-1.51042707521765	0.53568486067596
3.64307322645936	1.43171095761068
-0.336952847519868	0.096512855057735
0.533034126671957	0.190984669183042
0.154259314455831	0.0291924198815566
0.17351044503084	0.0436385160120603
-2.57847696185857	0.659529736545688
1.95793128711136	0.437766051086387
-0.620473624670499	0.150917804175241
-1.7975657981284	0.379599665892429
0.15823182603157	0.0297179405544109
2.76095211479574	0.768066673537379
1.46010735547628	0.483457516052687
0.158989511121608	0.0298299152293259
0.15823182603157	0.0297179405544109
3.64204563210395	1.43174087144813
1.82755032422624	0.713907775987463
0.176253051776925	0.0442319878724308
-1.12725353624624	0.339405023147411
-0.393344855894386	0.163591234545282
0.153267904345544	0.0519012670754554
-1.81889213386485	0.738000902901671
-0.342463785834028	0.0980578484034576
1.33124867503934	0.580623928642544
0.674624067917918	0.213658555919133
-0.718081625995024	0.245384533690959
-1.7975657981284	0.379599665892429
-2.57447078703937	0.657780381714024
-2.57821111666453	0.659475059970799
0.162968126753743	0.0485024678975847
0.173940988172143	0.0437550114519682
-1.50884424560785	0.535043767502043
2.75704467106166	0.766025498669684
-0.620326325745573	0.150885642821786
1.46654605141329	0.485981855384374
-2.57447078703937	0.657780381714024
0.15823182603157	0.0297179405544109
-0.619895187822925	0.150839789138775
0.15823182603157	0.0297179405544109
0.158989511121608	0.0298299152293259
-0.338896474896558	0.0970421752101679
-1.67575031206541	0.946843954484052
-1.7975657981284	0.379599665892429
-2.28082161846008	1.14850527777355
-1.12548386699252	0.338727340170484
0.533275066051755	0.191011050930048
-1.12825544522804	0.339732258677114
2.75805496536761	0.766752929661107
1.82755032422624	0.713907775987463
-3.75228333635026	1.47685987725686
-0.338530582329419	0.0969729638077002
1.83320872066104	0.716809839835328
-0.620903335937371	0.151058535991718
0.173940988172143	0.0437550114519682
0.163853552605343	0.0487595972376143
-0.620326325745573	0.150885642821786
-0.213293977179729	0.0687362131681472
-1.50884424560785	0.535043767502043
-0.3395018260887	0.0972061822975938
0.17294827606403	0.0435260072159332
1.33376743097129	0.581693904895938
0.176253051776925	0.0442319878724308
-1.50824112923963	0.534752090600511
-1.02730920175823	0.406112820022134
-1.81860731780454	0.737578883081637
-1.81323178459194	0.734779878382509
-1.80127875869	0.380587746892248
-3.07750490916701	0.956880231933195
0.674624067917918	0.213658555919133
0.675591354383564	0.213968352567141
0.158989511121608	0.0298299152293259
0.957461191854986	0.254126256439643
0.15823182603157	0.0297179405544109
-1.13338534815793	0.341498686250824
-1.79763019308962	0.379603777700996
1.95879552552655	0.437985228139192
0.955017933589342	0.253480850166851
0.956021254579335	0.253830462538477
0.167786821496111	0.0423548811213711
0.154259314455831	0.0291924198815566
-3.75658350496235	1.47972368837861
-1.12769593434811	0.339436368028373
2.75704467106166	0.766025498669684
-1.79763019308962	0.379603777700996
3.26938718630885	1.12163262119223
-4.21494314684171	1.9699175614075
-1.7975657981284	0.379599665892429
-1.79763019308962	0.379603777700996
-0.337924641037297	0.0968088152153293
0.159190175417772	0.0538236405320066
-0.620903335937371	0.151058535991718
0.167786821496111	0.0423548811213711
-1.79763019308962	0.379603777700996
1.95879552552655	0.437985228139192
1.33916167979563	0.584947246381148
0.533034126671957	0.190984669183042
0.158426007238141	0.0472279903538101
-0.0922888609949392	0.036641980012126
0.535792147849724	0.191926967879844
1.82912964257087	0.714770179842855
-0.221200715743042	0.0712222587266738
0.959865181244613	0.254814612498812
-0.619895187822925	0.150839789138775
0.1677792397568	0.0498341730879395
0.161723548567026	0.0481135554994663
-1.02227856559557	0.403428109617556
-0.714421718032391	0.243912186782782
0.957025852492456	0.254006696314478
1.33379911060278	0.58188121621645
0.956455214607419	0.253949648163622
-0.340107395831878	0.0973408882698726
0.956021254579335	0.253830462538477
-2.57447078703937	0.657780381714024
2.55712425069239	1.41418106174022
0.159042375477486	0.0473891494040675
-1.12435877083653	0.338493350823416
-1.7975657981284	0.379599665892429
-2.57421277656498	0.657506382974291
0.15823182603157	0.0297179405544109
-0.334830546749113	0.0959542136262779
-3.45284250285449	1.22194559695964
-1.5094475769206	0.535248673690833
1.83417843227406	0.717062027537897
0.821702674554677	0.344654791656887
0.447615686514994	0.17964898897905
-0.337924641037297	0.0968088152153293
1.46945961132821	0.486963363732961
-0.392278057175622	0.163402162916292
0.672560905238846	0.212860180111741
0.538078917426918	0.192785248204834
-0.336952847519868	0.096512855057735
-0.337318918589577	0.0966140796949229
0.168393915595915	0.0499912542478598
0.674624067917918	0.213658555919133
0.157971563808893	0.0296806747786729
2.75805496536761	0.766752929661107
0.174503749901052	0.0438676710334476
2.56574673085875	1.42204746472308
0.675591354383564	0.213968352567141
1.82851727583204	0.714435845516616
-1.50982433145335	0.535480148233091
1.4655515469736	0.485738470948645
-1.79763019308962	0.379603777700996
-0.717804035722151	0.245206559878684
0.166237072413587	0.0493846591201304
0.958855818540361	0.254543321351908
0.161723548567026	0.0481135554994663
0.155282002123357	0.02934225636165
0.157007711765635	0.053125881526133
-0.765629046912383	0.332075518658435
0.956021254579335	0.253830462538477
-0.343432234206214	0.0982903961052269
-1.12669343566207	0.339109154533815
-1.79763019308962	0.379603777700996
0.957025852492456	0.254006696314478
-0.333856458330646	0.0956917261764247
0.157971563808893	0.0296806747786729
-2.57472877667238	0.65760345889815
-0.621333103088639	0.151104040920032
-0.724381910046542	0.247676943012395
-1.7975657981284	0.379599665892429
-1.7975657981284	0.379599665892429
-1.27347474159349	0.571712615994456
-1.7975657981284	0.379599665892429
-1.79763019308962	0.379603777700996
-3.07793266340176	0.957013587093989
-2.57447078703937	0.657780381714024
1.83633740824933	0.718096082890721
0.673656731319726	0.21327169490293
0.162171049505848	0.0303007576998756
0.15823182603157	0.0297179405544109
1.95793128711136	0.437766051086387
1.95879552552655	0.437985228139192
1.95793128711136	0.437766051086387
1.95793128711136	0.437766051086387
1.95879552552655	0.437985228139192
0.673656731319726	0.21327169490293
0.147802728209744	0.0501147268752412
0.675591354383564	0.213968352567141
-1.79763019308962	0.379603777700996
0.696629251122635	0.326266216208756
0.674624067917918	0.213658555919133
-0.71869462645605	0.245625159522256
1.4655515469736	0.485738470948645
0.443022705967708	0.177563935472151
-0.621784192774111	0.151338791569665
0.676200627845659	0.214099921395796
-0.220606538471739	0.071036835690658
-1.51396898226758	0.537314617740072
1.95793128711136	0.437766051086387
0.163853552605343	0.0487595972376143
1.46209127003869	0.484377128190959
3.93297854230234	1.72057752612902
1.0433448222306	0.394400438672122
1.33268267273416	0.581267457492734
0.159304296973707	0.0474668185471716
-2.57847696185857	0.659529736545688
-1.7975657981284	0.379599665892429
-0.620473624670499	0.150917804175241
-1.7975657981284	0.379599665892429
-0.222887527280495	0.0717843536663536
1.04665020030324	0.395956904990197
1.4645116315659	0.916819396114491
0.447191186095611	0.179329255309907
-0.103036619983421	0.0408348982158713
0.679655237519559	0.215244174521264
-0.619895187822925	0.150839789138775
-0.617055950695462	0.150241664375452
2.36411949181154	1.18078782030407
0.44827494848094	0.179735791574497
-2.57447078703937	0.657780381714024
0.69383145169967	0.324529246573498
-0.212700860727539	0.0685566980358174
-0.218096087384631	0.0701860099861319
0.677168456003689	0.214339100225988
-0.719585944508868	0.245867637672296
0.677105074382106	0.214332831776124
-0.722582501265996	0.246883770354517
0.173940988172143	0.0437550114519682
0.174933567082256	0.0439573605408891
1.82399204056179	0.712148377760895
-1.7975657981284	0.379599665892429
2.11869185323705	0.945764565994132
0.16323818852145	0.0485873708307168
-0.338291342092883	0.0968475173314605
1.46109938210879	0.484014060767982
-0.616620021012413	0.150099962492625
0.53471313464826	0.191636123836102
-1.12881513859764	0.339906487322227
0.955450516302873	0.253599562429476
-0.61946410648704	0.150698865008898
1.46308301616168	0.484563679444736
-1.7975657981284	0.379599665892429
-1.7975657981284	0.379599665892429
1.04488949167403	0.395085051250541
-0.617491939447093	0.150288713008559
1.04726688944174	0.396088731238016
0.158989511121608	0.0298299152293259
-1.50884424560785	0.535043767502043
0.168774858509076	0.0425819447497206
-1.79763019308962	0.379603777700996
0.159251072645633	0.0298673857617753
-2.57447078703937	0.657780381714024
-2.57472877667238	0.65760345889815
-0.724724871482414	0.247820170566985
0.168662278675518	0.0500652630774407
-0.088956061212454	0.0353722813966378
1.95793128711136	0.437766051086387
-1.79763019308962	0.379603777700996
0.15823182603157	0.0297179405544109
-1.79763019308962	0.379603777700996
1.95793128711136	0.437766051086387
1.95879552552655	0.437985228139192
-1.79763019308962	0.379603777700996
1.95879552552655	0.437985228139192
0.674264818482823	0.213402910671394
0.168047617405793	0.0498928161895134
1.042990826383	0.394180541091972
-1.12669343566207	0.339109154533815
1.0418455851348	0.393863567086238
-3.07793266340176	0.957013587093989
-0.718081625995024	0.245384533690959
0.164468653517054	0.0489167663284228
0.16323818852145	0.0485873708307168
-3.75348509589231	1.47731393970503
1.04272737841263	0.394268038065867
0.16323818852145	0.0485873708307168
-0.146566175815136	0.0523693021892352
1.46209127003869	0.484377128190959
-1.5094475769206	0.535248673690833
0.173378039987466	0.0436162262322836
1.06054869994008	0.511395018263471
0.17294827606403	0.0435260072159332
1.46498308680977	0.485505347800691
-1.13238809108681	0.341172314702962
0.165622192143609	0.0492275837346074
-1.79763019308962	0.379603777700996
-3.07793266340176	0.957013587093989
-3.07793266340176	0.957013587093989
-1.13238809108681	0.341172314702962
-4.00750243878176	1.73046502532128
-3.07793266340176	0.957013587093989
-0.340107395831878	0.0973408882698726
1.33268267273416	0.581267457492734
2.75704467106166	0.766025498669684
-1.51478471146059	0.537467868957711
-0.714143223212392	0.243889779741797
1.04752875622395	0.396218430849903
1.82755032422624	0.713907775987463
1.33375387884323	0.582007204647003
0.165007048838445	0.0490553112296366
0.675232747867266	0.213789953820415
-0.603626162857251	0.289465889033162
0.955450516302873	0.253599562429476
-0.61946410648704	0.150698865008898
1.46109938210879	0.484014060767982
-0.336346534706249	0.0963182114993482
0.956455214607419	0.253949648163622
0.157971563808893	0.0296806747786729
0.536145192793524	0.192183675780863
0.155282002123357	0.02934225636165
0.17294827606403	0.0435260072159332
-0.338530582329419	0.0969729638077002
-1.50982433145335	0.535480148233091
0.173940988172143	0.0437550114519682
-1.80127875869	0.380587746892248
1.46109938210879	0.484014060767982
-0.71869462645605	0.245625159522256
-2.57821111666453	0.659475059970799
0.531004542224133	0.190160354232034
-3.75348509589231	1.47731393970503
0.958855818540361	0.254543321351908
0.178378460373537	0.04470234426639
3.64307322645936	1.43171095761068
-1.50884424560785	0.535043767502043
-0.342107054910445	0.0979510037894855
-1.81766723004699	0.737367259253776
-1.7975657981284	0.379599665892429
-0.619895187822925	0.150839789138775
0.16934280349587	0.0427080042196444
0.675948496687313	0.213928974911644
3.26732978575294	1.1211772426211
-1.12492122665638	0.338668219085241
-0.617055950695462	0.150241664375452
-1.80127875869	0.380587746892248
-1.51042707521765	0.53568486067596
1.95879552552655	0.437985228139192
1.95879552552655	0.437985228139192
0.956021254579335	0.253830462538477
0.177812920485068	0.0445891130396879
3.6399901361893	1.43067029650081
-1.13395018438652	0.341592389781504
1.96141436018454	0.438711417164155
-0.719585944508868	0.245867637672296
-1.12725353624624	0.339405023147411
-1.50824112923963	0.534752090600511
-1.02194301820446	0.403479228390162
-1.7975657981284	0.379599665892429
3.93297854230234	1.72057752612902
0.158202431453599	0.0297753629586498
-1.79763019308962	0.379603777700996
3.26732978575294	1.1211772426211
0.157971563808893	0.0296806747786729
-1.81262047956212	0.734554727038592
2.75704467106166	0.766025498669684
-1.12435877083653	0.338493350823416
0.956021254579335	0.253830462538477
-2.57472877667238	0.65760345889815
-2.57447078703937	0.657780381714024
0.159251072645633	0.0298673857617753
-0.625191995446008	0.152059991852936
-1.79763019308962	0.379603777700996
-1.79763019308962	0.379603777700996
-2.57472877667238	0.65760345889815
-1.7975657981284	0.379599665892429
-2.57821111666453	0.659475059970799
-0.61946410648704	0.150698865008898
1.82948417010899	0.714838990299682
0.527404119121822	0.188820766466342
0.955450516302873	0.253599562429476
-0.335438661955823	0.0961186879895653
1.46498308680977	0.485505347800691
0.67498185747701	0.213690207850534
0.154259314455831	0.0291924198815566
-1.13182284417153	0.340904867919198
-1.12881513859764	0.339906487322227
0.956455214607419	0.253949648163622
-3.07750490916701	0.956880231933195
3.64101793434512	1.43134239135362
3.26835783601252	1.12163011968705
2.75704467106166	0.766025498669684
0.15823182603157	0.0297179405544109
-1.51336055363438	0.537061579976289
0.955017933589342	0.253480850166851
1.04515347900522	0.395153426226023
-0.620473624670499	0.150917804175241
0.175496922320134	0.0440701137079318
0.669916774023148	0.211899359949814
-1.50922180218546	0.535188573690381
-0.620903335937371	0.151058535991718
-1.12837428626612	0.339637586745731
-2.57447078703937	0.657780381714024
0.165007048838445	0.0490553112296366
-1.79763019308962	0.379603777700996
1.57300066070252	0.779753450272878
-1.7975657981284	0.379599665892429
0.15823182603157	0.0297179405544109
0.956455214607419	0.253949648163622
0.174503749901052	0.0438676710334476
-2.57447078703937	0.657780381714024
-0.337924641037297	0.0968088152153293
3.26732978575294	1.1211772426211
0.173378039987466	0.0436162262322836
-0.620903335937371	0.151058535991718
-1.12769593434811	0.339436368028373
-0.599266126452726	0.286811122544549
1.46498308680977	0.485505347800691
0.450157247009531	0.180608889469783
1.96141436018454	0.438711417164155
1.95879552552655	0.437985228139192
1.95879552552655	0.437985228139192
0.155282002123357	0.02934225636165
-2.57447078703937	0.657780381714024
-1.7975657981284	0.379599665892429
1.04422575936648	0.394740889448914
1.95793128711136	0.437766051086387
1.57778417402392	0.783272898824577
1.82948417010899	0.714838990299682
2.12045473466834	0.946331293840641
0.177247192199527	0.0444492499698682
-1.50982433145335	0.535480148233091
1.82755032422624	0.713907775987463
-1.50861948725752	0.534748868530857
0.956455214607419	0.253949648163622
2.75805496536761	0.766752929661107
1.04515347900522	0.395153426226023
-1.79763019308962	0.379603777700996
2.11869185323705	0.945764565994132
1.95793128711136	0.437766051086387
-1.12725353624624	0.339405023147411
3.26732978575294	1.1211772426211
-0.61946410648704	0.150698865008898
-1.80127875869	0.380587746892248
2.75805496536761	0.766752929661107
-0.621333103088639	0.151104040920032
3.26835783601252	1.12163011968705
-1.7975657981284	0.379599665892429
0.158379638686509	0.0535717951029833
-1.7975657981284	0.379599665892429
-0.624183598429151	0.151840837481169
-2.57421277656498	0.657506382974291
-0.337318918589577	0.0966140796949229
-1.02730920175823	0.406112820022134
-0.338291342092883	0.0968475173314605
-3.08203891306948	0.959069086853276
0.955017933589342	0.253480850166851
-0.337318918589577	0.0966140796949229
1.95879552552655	0.437985228139192
0.157971563808893	0.0296806747786729
0.675591354383564	0.213968352567141
1.95879552552655	0.437985228139192
3.94142925014609	1.72568889876336
0.959865181244613	0.254814612498812
0.956021254579335	0.253830462538477
0.154259314455831	0.0291924198815566
0.677105074382106	0.214332831776124
0.956455214607419	0.253949648163622
0.165622192143609	0.0492275837346074
3.26732978575294	1.1211772426211
0.67498185747701	0.213690207850534
0.527404119121822	0.188820766466342
0.16190498991222	0.0302625824147867
0.675591354383564	0.213968352567141
-4.006279107083	1.72987826782451
-1.7975657981284	0.379599665892429
3.26835783601252	1.12163011968705
-0.342107054910445	0.0979510037894855
-1.51555315465799	0.537846515026164
2.75805496536761	0.766752929661107
-0.718972834438042	0.245626954230634
-1.7975657981284	0.379599665892429
-0.336952847519868	0.096512855057735
2.7590679263751	0.76692961097815
-0.620473624670499	0.150917804175241
-0.620903335937371	0.151058535991718
0.532438411561851	0.190754397880712
0.158989511121608	0.0298299152293259
-0.33816613121491	0.0968120886418528
-1.14317977573471	0.344537955058794
-1.80127875869	0.380587746892248
1.95879552552655	0.437985228139192
-1.7975657981284	0.379599665892429
-1.80127875869	0.380587746892248
1.95793128711136	0.437766051086387
1.33543856501865	0.58285380410182
0.168774858509076	0.0425819447497206
3.27129205644114	1.12317050813274
-1.13395018438652	0.341592389781504
-1.51042707521765	0.53568486067596
3.27025913837768	1.12233669524588
-1.79763019308962	0.379603777700996
-0.62133920787282	0.151240698635141
0.15823182603157	0.0297179405544109
0.16190498991222	0.0302625824147867
1.04246313957759	0.393996072509476
-0.617055950695462	0.150241664375452
0.531600808944957	0.190452833446827
0.17351044503084	0.0436385160120603
0.173940988172143	0.0437550114519682
-1.13182284417153	0.340904867919198
3.26732978575294	1.1211772426211
-0.617491939447093	0.150288713008559
-3.07750490916701	0.956880231933195
1.95879552552655	0.437985228139192
-2.57421277656498	0.657506382974291
-0.617055950695462	0.150241664375452
0.158989511121608	0.0298299152293259
0.162338925211519	0.0482955049730846
0.158989511121608	0.0298299152293259
-0.620903335937371	0.151058535991718
0.16934280349587	0.0427080042196444
-2.57472877667238	0.65760345889815
-0.344042706429557	0.0984794926451442
-2.57447078703937	0.657780381714024
-0.342718944466085	0.0980961923569006
0.168354166613062	0.0424807140134561
-0.719585944508868	0.245867637672296
-3.07793266340176	0.957013587093989
3.27424476347588	1.12391188707828
-1.7975657981284	0.379599665892429
-3.75348509589231	1.47731393970503
3.27424476347588	1.12391188707828
-3.07750490916701	0.956880231933195
0.15823182603157	0.0297179405544109
1.95793128711136	0.437766051086387
0.157971563808893	0.0296806747786729
-1.12725353624624	0.339405023147411
-1.51042707521765	0.53568486067596
0.164738242561747	0.0490009495728858
0.952729371406254	0.252945498225285
-0.725611262900054	0.248060804815242
-0.222876920203916	0.0717168348737093
0.157971563808893	0.0296806747786729
-1.7975657981284	0.379599665892429
2.7590679263751	0.76692961097815
2.7590679263751	0.76692961097815
0.16190498991222	0.0302625824147867
1.96141436018454	0.438711417164155
3.26938718630885	1.12163262119223
1.4655515469736	0.485738470948645
-1.7975657981284	0.379599665892429
0.535902929212832	0.192030732305526
-1.27702255318032	0.574015400729037
0.449051374752847	0.180146054252177
0.448246823419833	0.17979017346935
0.158989511121608	0.0298299152293259
0.159251072645633	0.0298673857617753
2.76095211479574	0.768066673537379
-1.7975657981284	0.379599665892429
-0.719307886400812	0.245829792820617
-2.57821111666453	0.659475059970799
-2.57847696185857	0.659529736545688
0.158989511121608	0.0298299152293259
0.674624067917918	0.213658555919133
0.15823182603157	0.0297179405544109
-1.12825544522804	0.339732258677114
2.11869185323705	0.945764565994132
0.155282002123357	0.02934225636165
-1.79763019308962	0.379603777700996
0.173940988172143	0.0437550114519682
0.959865181244613	0.254814612498812
0.159251072645633	0.0298673857617753
-0.521099316651605	0.196823570454546
0.674624067917918	0.213658555919133
0.173940988172143	0.0437550114519682
-0.61946410648704	0.150698865008898
-0.620903335937371	0.151058535991718
1.83162438273742	0.716000775412828
-2.57447078703937	0.657780381714024
0.148364367533412	0.0502983007600852
-0.216409245079586	0.0696890647462961
1.95879552552655	0.437985228139192
2.75704467106166	0.766025498669684
0.158989511121608	0.0298299152293259
0.16190498991222	0.0302625824147867
-1.7975657981284	0.379599665892429
-1.13238809108681	0.341172314702962
0.177812920485068	0.0445891130396879
-1.7975657981284	0.379599665892429
0.172223255009213	0.0433240097489323
-3.45172595803352	1.22146685013561
0.15823182603157	0.0297179405544109
0.671045597340039	0.212419421287662
-0.621333103088639	0.151104040920032
-0.334830546749113	0.0959542136262779
1.82302843670005	0.711622876194053
1.042990826383	0.394180541091972
-0.619895187822925	0.150839789138775
1.58373713615167	0.787068557544959
0.159251072645633	0.0298673857617753
-2.57447078703937	0.657780381714024
-0.617055950695462	0.150241664375452
0.958855818540361	0.254543321351908
0.157971563808893	0.0296806747786729
0.17351044503084	0.0436385160120603
-0.617055950695462	0.150241664375452
1.46265753359042	0.48460907431551
-0.621333103088639	0.151104040920032
0.15823182603157	0.0297179405544109
-3.07836047129561	0.956774727997911
-0.338530582329419	0.0969729638077002
-1.12781381973937	0.339579374120096
0.162003064846337	0.0788257744194027
1.96569596625952	1.22907747842524
0.82105118508176	0.34453306763659
2.36037500052639	1.17841315078791
3.6512090534019	1.4352976791398
0.533275066051755	0.191011050930048
-1.50982433145335	0.535480148233091
-0.335438661955823	0.0961186879895653
0.395480721814616	0.178470904841835
0.697753725304219	0.326881508385596
-1.27264921265823	0.571489965817473
-0.343432234206214	0.0982903961052269
0.826303509191986	0.347049642188201
-1.27520906261668	0.573111344885609
0.372932204317256	0.18946547696303
0.174503749901052	0.0438676710334476
0.177812920485068	0.0445891130396879
0.956021254579335	0.253830462538477
1.46654605141329	0.485981855384374
1.95879552552655	0.437985228139192
0.168774858509076	0.0425819447497206
-2.57447078703937	0.657780381714024
2.75805496536761	0.766752929661107
-1.13182284417153	0.340904867919198
-2.57472877667238	0.65760345889815
-1.79763019308962	0.379603777700996
-0.620903335937371	0.151058535991718
0.178378460373537	0.04470234426639
0.956455214607419	0.253949648163622
0.158989511121608	0.0298299152293259
1.95793128711136	0.437766051086387
-2.57847696185857	0.659529736545688
2.75805496536761	0.766752929661107
1.95793128711136	0.437766051086387
-2.57447078703937	0.657780381714024
3.27129205644114	1.12317050813274
0.958855818540361	0.254543321351908
-0.71869462645605	0.245625159522256
1.95879552552655	0.437985228139192
1.95793128711136	0.437766051086387
1.95879552552655	0.437985228139192
-2.57447078703937	0.657780381714024
0.15823182603157	0.0297179405544109
0.15823182603157	0.0297179405544109
-0.718081625995024	0.245384533690959
-0.392689438302867	0.163366691923094
-0.334465167213362	0.0958562903993202
-1.79763019308962	0.379603777700996
-2.57472877667238	0.65760345889815
-1.12937501458112	0.339964434622374
-1.79763019308962	0.379603777700996
1.83259355517544	0.716473450995655
0.951724523631597	0.252769110062367
0.675232747867266	0.213789953820415
0.157971563808893	0.0296806747786729
0.158989511121608	0.0298299152293259
-0.61946410648704	0.150698865008898
1.46364987732708	0.48479584486453
1.95793128711136	0.437766051086387
-2.57821111666453	0.659475059970799
1.95793128711136	0.437766051086387
1.95793128711136	0.437766051086387
0.173378039987466	0.0436162262322836
2.7590679263751	0.76692961097815
-2.57447078703937	0.657780381714024
-1.51042707521765	0.53568486067596
-0.786092616200907	0.428416662285244
1.06779958893228	1.14003432661713
1.33124867503934	0.580623928642544
0.959865181244613	0.254814612498812
-0.339366328033743	0.0972003539018668
0.689772718339248	0.322419369964628
-2.57472877667238	0.65760345889815
0.17362647674756	0.100676217181104
0.394283489268815	0.178306774270366
-0.0986973993803773	0.0578388017623373
-2.28569563487766	1.1528508847122
1.46166504880046	0.484245680586438
-0.481262125592423	0.252388230940106
-0.0173522542132245	0.00816670614212101
0.164738242561747	0.0490009495728858
0.161736914950373	0.0481441679802126
2.12544210384278	0.949600697707754
0.822267625819136	0.345061712364334
0.960305402281055	0.254935680101795
0.959865181244613	0.254814612498812
0.15823182603157	0.0297179405544109
1.95879552552655	0.437985228139192
-0.624623675797245	0.151937920429117
0.955450516302873	0.253599562429476
0.959865181244613	0.254814612498812
0.15823182603157	0.0297179405544109
1.95793128711136	0.437766051086387
2.7590679263751	0.76692961097815
-2.57421277656498	0.657506382974291
0.162171049505848	0.0303007576998756
-1.12781381973937	0.339579374120096
2.75805496536761	0.766752929661107
0.15823182603157	0.0297179405544109
-0.335438661955823	0.0961186879895653
-0.620903335937371	0.151058535991718
-0.620903335937371	0.151058535991718
0.15823182603157	0.0297179405544109
1.95879552552655	0.437985228139192
-1.7975657981284	0.379599665892429
0.157971563808893	0.0296806747786729
-2.57421277656498	0.657506382974291
1.95793128711136	0.437766051086387
1.95879552552655	0.437985228139192
0.174933567082256	0.0439573605408891
0.674491966739474	0.213488272769245
0.957461191854986	0.254126256439643
-1.12825544522804	0.339732258677114
-1.02312783931858	0.403977027889059
0.152200918016515	0.0515403734692646
0.176818183184722	0.0443715906559113
-0.387921450068097	0.161329379903918
-3.07750490916701	0.956880231933195
-2.57847696185857	0.659529736545688
-2.57472877667238	0.65760345889815
-0.337318918589577	0.0966140796949229
0.172643132163515	0.0434132410698589
0.173940988172143	0.0437550114519682
-0.0155592575714342	0.00734957685268148
0.159251072645633	0.0298673857617753
-1.79763019308962	0.379603777700996
0.956455214607419	0.253949648163622
0.157971563808893	0.0296806747786729
0.154259314455831	0.0291924198815566
-1.79763019308962	0.379603777700996
3.27528390840561	1.12443907352294
1.95879552552655	0.437985228139192
-1.80127875869	0.380587746892248
0.159251072645633	0.0298673857617753
1.83356266561645	0.716725323466989
1.95793128711136	0.437766051086387
1.95879552552655	0.437985228139192
1.95793128711136	0.437766051086387
0.959865181244613	0.254814612498812
0.15823182603157	0.0297179405544109
2.75805496536761	0.766752929661107
1.95879552552655	0.437985228139192
-1.79763019308962	0.379603777700996
0.677716162542668	0.214611870267994
1.95793128711136	0.437766051086387
-2.57472877667238	0.65760345889815
-1.13338534815793	0.341498686250824
-1.13855169954589	0.343119921986708
-1.79763019308962	0.379603777700996
1.95879552552655	0.437985228139192
0.158989511121608	0.0298299152293259
0.157971563808893	0.0296806747786729
1.95793128711136	0.437766051086387
0.955017933589342	0.253480850166851
1.95879552552655	0.437985228139192
-2.57447078703937	0.657780381714024
0.955450516302873	0.253599562429476
1.95793128711136	0.437766051086387
0.173378039987466	0.0436162262322836
1.95879552552655	0.437985228139192
0.959865181244613	0.254814612498812
1.46364987732708	0.48479584486453
1.95879552552655	0.437985228139192
-1.79763019308962	0.379603777700996
0.15823182603157	0.0297179405544109
1.96141436018454	0.438711417164155
0.15823182603157	0.0297179405544109
0.956021254579335	0.253830462538477
-1.79763019308962	0.379603777700996
-0.61946410648704	0.150698865008898
0.157971563808893	0.0296806747786729
0.173940988172143	0.0437550114519682
-1.80127875869	0.380587746892248
-1.79763019308962	0.379603777700996
0.157971563808893	0.0296806747786729
0.157971563808893	0.0296806747786729
1.95793128711136	0.437766051086387
0.952729371406254	0.252945498225285
0.157971563808893	0.0296806747786729
-1.7975657981284	0.379599665892429
1.82851727583204	0.714435845516616
-0.621333103088639	0.151104040920032
-0.620903335937371	0.151058535991718
-0.336952847519868	0.096512855057735
-0.625191995446008	0.152059991852936
0.168012504537869	0.0423538173654411
1.95793128711136	0.437766051086387
-1.7975657981284	0.379599665892429
3.26732978575294	1.1211772426211
-0.620326325745573	0.150885642821786
1.46364987732708	0.48479584486453
-3.08203891306948	0.959069086853276
-0.621333103088639	0.151104040920032
-2.57821111666453	0.659475059970799
-0.61946410648704	0.150698865008898
-0.620326325745573	0.150885642821786
-1.80127875869	0.380587746892248
3.64204563210395	1.43174087144813
1.95793128711136	0.437766051086387
0.159251072645633	0.0298673857617753
0.15823182603157	0.0297179405544109
2.75704467106166	0.766025498669684
2.76095211479574	0.768066673537379
1.042990826383	0.394180541091972
-0.620903335937371	0.151058535991718
0.676200627845659	0.214099921395796
0.960305402281055	0.254935680101795
0.173940988172143	0.0437550114519682
-1.12881513859764	0.339906487322227
3.27129205644114	1.12317050813274
0.154259314455831	0.0291924198815566
-0.61946410648704	0.150698865008898
-0.620473624670499	0.150917804175241
0.159251072645633	0.0298673857617753
0.956021254579335	0.253830462538477
-0.61946410648704	0.150698865008898
-0.716872988489582	0.244804032031292
-3.07707720857862	0.956361112132394
2.75805496536761	0.766752929661107
0.67498185747701	0.213690207850534
-1.12937501458112	0.339964434622374
0.678074042401891	0.214702481365457
-0.619895187822925	0.150839789138775
0.174933567082256	0.0439573605408891
1.95879552552655	0.437985228139192
1.46109938210879	0.484014060767982
0.955573890382782	0.253753322308027
-3.07750490916701	0.956880231933195
-0.620903335937371	0.151058535991718
1.46109938210879	0.484014060767982
-1.7975657981284	0.379599665892429
0.679297187320958	0.21511425797511
0.174933567082256	0.0439573605408891
3.26835783601252	1.12163011968705
1.95793128711136	0.437766051086387
1.57504711057803	0.781260309054458
-1.7975657981284	0.379599665892429
2.76095211479574	0.768066673537379
-0.717804035722151	0.245206559878684
-1.79763019308962	0.379603777700996
-3.07793266340176	0.957013587093989
0.675591354383564	0.213968352567141
-2.57447078703937	0.657780381714024
0.955450516302873	0.253599562429476
-0.333856458330646	0.0956917261764247
0.159251072645633	0.0298673857617753
0.674624067917918	0.213658555919133
-3.07836047129561	0.956774727997911
0.956455214607419	0.253949648163622
-1.7975657981284	0.379599665892429
-1.8236756211136	0.740434568026192
-1.5094475769206	0.535248673690833
-1.12781381973937	0.339579374120096
0.177247192199527	0.0444492499698682
-2.57447078703937	0.657780381714024
0.15823182603157	0.0297179405544109
-0.626100288806693	0.1523229776774
-0.71869462645605	0.245625159522256
-0.620903335937371	0.151058535991718
0.960305402281055	0.254935680101795
0.955017933589342	0.253480850166851
1.82851727583204	0.714435845516616
-0.621784192774111	0.151338791569665
0.957025852492456	0.254006696314478
-0.715646834778114	0.244453295526364
0.162968126753743	0.0485024678975847
-2.57447078703937	0.657780381714024
0.152967816569802	0.0456747746330642
-2.57447078703937	0.657780381714024
0.158989511121608	0.0298299152293259
0.157971563808893	0.0296806747786729
0.173378039987466	0.0436162262322836
0.958855818540361	0.254543321351908
0.173940988172143	0.0437550114519682
1.95793128711136	0.437766051086387
2.75805496536761	0.766752929661107
0.956455214607419	0.253949648163622
0.955017933589342	0.253480850166851
0.174933567082256	0.0439573605408891
1.04272737841263	0.394268038065867
0.174503749901052	0.0438676710334476
0.960305402281055	0.254935680101795
-0.145472337378192	0.0520149972990822
-1.12435877083653	0.338493350823416
0.177812920485068	0.0445891130396879
-3.07836047129561	0.956774727997911
0.956021254579335	0.253830462538477
-1.51433726696095	0.537497293520418
-0.305662986710583	0.140445653088562
0.162968126753743	0.0485024678975847
-1.79763019308962	0.379603777700996
-0.338291342092883	0.0968475173314605
-1.01738053439372	0.401259074889294
0.675591354383564	0.213968352567141
-1.02849467792112	0.40651458449095
0.956021254579335	0.253830462538477
1.46654605141329	0.485981855384374
-1.13295352450292	0.341266245931736
0.157971563808893	0.0296806747786729
-1.7975657981284	0.379599665892429
1.95793128711136	0.437766051086387
-0.617491939447093	0.150288713008559
0.158989511121608	0.0298299152293259
0.17294827606403	0.0435260072159332
1.04969895669497	0.397129939971893
1.45652080007828	0.482281887456809
0.158989511121608	0.0298299152293259
1.95879552552655	0.437985228139192
-1.79763019308962	0.379603777700996
0.96272254042429	0.255477208819605
-0.617055950695462	0.150241664375452
-1.7975657981284	0.379599665892429
-3.07750490916701	0.956880231933195
1.96141436018454	0.438711417164155
0.173940988172143	0.0437550114519682
2.7590679263751	0.76692961097815
1.95879552552655	0.437985228139192
1.95793128711136	0.437766051086387
0.957461191854986	0.254126256439643
-1.12881513859764	0.339906487322227
1.95879552552655	0.437985228139192
0.957025852492456	0.254006696314478
0.158989511121608	0.0298299152293259
3.27232628525746	1.12331698634376
2.76095211479574	0.768066673537379
1.95879552552655	0.437985228139192
-0.625191995446008	0.152059991852936
-4.00243287233861	1.72656513084757
-1.50861948725752	0.534748868530857
-0.215815148052618	0.0695090074287807
0.157971563808893	0.0296806747786729
0.165622192143609	0.0492275837346074
0.15823182603157	0.0297179405544109
0.180141640611436	0.0450617988321041
-2.57472877667238	0.65760345889815
0.956455214607419	0.253949648163622
-1.13338534815793	0.341498686250824
1.82851727583204	0.714435845516616
1.33603551913475	0.58343053611899
-0.342463785834028	0.0980578484034576
-0.216657809109618	0.0697687117469907
-2.57447078703937	0.657780381714024
-0.718081625995024	0.245384533690959
-0.717191145070403	0.244966202456728
2.7590679263751	0.76692961097815
0.446913247781489	0.179197436924564
0.176818183184722	0.0443715906559113
0.158989511121608	0.0298299152293259
0.956455214607419	0.253949648163622
1.95793128711136	0.437766051086387
2.76095211479574	0.768066673537379
1.95793128711136	0.437766051086387
2.7590679263751	0.76692961097815
0.620782017039259	0.473247363060433
0.453158188703529	0.181830393397095
1.46067242606004	0.483688692701864
1.95793128711136	0.437766051086387
-0.337924641037297	0.0968088152153293
-1.51372965066287	0.537081101324459
0.17173813480959	0.0920362341073726
1.11744923669197	0.856003642315328
0.0282475825872172	0.0156317611360254
1.07088838940081	0.517635794440579
2.90730097187936	1.96175667971735
-0.217846843502484	0.0701143757601707
-0.78590971768464	0.51919998118421
1.95879552552655	0.437985228139192
-0.340107395831878	0.0973408882698726
-3.45284250285449	1.22194559695964
2.75805496536761	0.766752929661107
1.95879552552655	0.437985228139192
-2.57447078703937	0.657780381714024
0.958855818540361	0.254543321351908
-1.80127875869	0.380587746892248
-1.79763019308962	0.379603777700996
0.957025852492456	0.254006696314478
-3.08160228540496	0.95864568534502
1.95793128711136	0.437766051086387
0.157971563808893	0.0296806747786729
1.95793128711136	0.437766051086387
-1.79763019308962	0.379603777700996
-2.57447078703937	0.657780381714024
0.158202431453599	0.0297753629586498
2.76095211479574	0.768066673537379
0.956021254579335	0.253830462538477
1.95793128711136	0.437766051086387
1.95793128711136	0.437766051086387
-1.79763019308962	0.379603777700996
1.95879552552655	0.437985228139192
-1.12769593434811	0.339436368028373
1.95793128711136	0.437766051086387
0.157971563808893	0.0296806747786729
-2.57447078703937	0.657780381714024
-0.337559379634888	0.0966770330278957
-1.0225353038078	0.403750407139113
-0.149672167333605	0.0534889520443878
-3.07750490916701	0.956880231933195
-0.728941542325998	0.249426183402838
0.951724523631597	0.252769110062367
0.168774858509076	0.0425819447497206
0.956455214607419	0.253949648163622
1.95879552552655	0.437985228139192
2.74219843415291	1.67601268849846
-0.517567096912483	0.195373080592303
-0.619895187822925	0.150839789138775
-2.57421277656498	0.657506382974291
0.680267294542255	0.215376555237081
2.75805496536761	0.766752929661107
-0.719307886400812	0.245829792820617
-1.67910550569438	0.950492953562996
1.04158071586996	0.393480759170511
-0.216657809109618	0.0697687117469907
0.178378460373537	0.04470234426639
0.955017933589342	0.253480850166851
1.04638771946291	0.395714063580135
0.157007711765635	0.053125881526133
0.674491966739474	0.213488272769245
0.951724523631597	0.252769110062367
-0.717129528498756	0.244943768614452
1.82912964257087	0.714770179842855
-0.619895187822925	0.150839789138775
0.152967816569802	0.0456747746330642
0.165383954574812	0.0491045487518909
-1.81799459045243	0.737492070536281
0.525378140173977	0.188039309051153
1.5810016022159	0.785274495012863
0.157546606671046	0.0469737944802553
-1.13282069800183	0.341231258763963
0.17351044503084	0.0436385160120603
-0.333856458330646	0.0956917261764247
0.177247192199527	0.0444492499698682
0.827062362966711	0.347535018691045
0.956021254579335	0.253830462538477
-3.07750490916701	0.956880231933195
0.157971563808893	0.0296806747786729
3.6399901361893	1.43067029650081
0.952729371406254	0.252945498225285
-2.57472877667238	0.65760345889815
1.04996163468299	0.396997160832771
1.95793128711136	0.437766051086387
-1.79763019308962	0.379603777700996
0.158989511121608	0.0298299152293259
-1.7975657981284	0.379599665892429
0.158989511121608	0.0298299152293259
1.46067242606004	0.483688692701864
-1.79763019308962	0.379603777700996
1.96141436018454	0.438711417164155
2.75805496536761	0.766752929661107
-1.79763019308962	0.379603777700996
0.670081697347895	0.212111377241056
1.95793128711136	0.437766051086387
0.159251072645633	0.0298673857617753
1.95793128711136	0.437766051086387
-1.79763019308962	0.379603777700996
1.95793128711136	0.437766051086387
-3.07793266340176	0.957013587093989
0.162171049505848	0.0303007576998756
-0.625191995446008	0.152059991852936
0.157971563808893	0.0296806747786729
0.677105074382106	0.214332831776124
-3.08160228540496	0.95864568534502
-1.12825544522804	0.339732258677114
0.157971563808893	0.0296806747786729
0.1732138890056	0.0435401196761172
-0.524661448488648	0.198330026768931
-2.57421277656498	0.657506382974291
2.76095211479574	0.768066673537379
-0.620326325745573	0.150885642821786
0.159251072645633	0.0298673857617753
0.956455214607419	0.253949648163622
1.46265753359042	0.48460907431551
-2.57447078703937	0.657780381714024
0.527404119121822	0.188820766466342
0.669467631715225	0.211908752948447
0.155282002123357	0.02934225636165
0.173940988172143	0.0437550114519682
-1.7975657981284	0.379599665892429
0.793276310474555	0.476922663409958
1.04726688944174	0.396088731238016
0.172385921068679	0.0433875285709768
0.163853552605343	0.0487595972376143
1.95879552552655	0.437985228139192
1.95793128711136	0.437766051086387
0.956021254579335	0.253830462538477
0.673048421642057	0.212994504688281
1.95793128711136	0.437766051086387
1.95879552552655	0.437985228139192
3.26835783601252	1.12163011968705
3.64710400400511	1.43385490736823
-1.03126647007631	0.40778597075476
3.26630303248094	1.12023058934939
0.168774858509076	0.0425819447497206
-1.12769593434811	0.339436368028373
0.532438411561851	0.190754397880712
0.675591354383564	0.213968352567141
0.168354166613062	0.0424807140134561
-0.718972834438042	0.245626954230634
1.46067242606004	0.483688692701864
0.15823182603157	0.0297179405544109
1.95793128711136	0.437766051086387
0.959294652844364	0.254663957360155
-0.331353952324791	0.0949814429230132
0.166237072413587	0.0493846591201304
-0.620903335937371	0.151058535991718
-3.07793266340176	0.957013587093989
-0.625630686390319	0.152156798395567
-1.50982433145335	0.535480148233091
1.27607850636201	0.702654752109904
1.4604038372023	0.483769829709272
-0.34307485466429	0.0982470421897248
0.15823182603157	0.0297179405544109
-0.620326325745573	0.150885642821786
0.15823182603157	0.0297179405544109
-0.620903335937371	0.151058535991718
0.531358567637365	0.190353154457246
-1.79763019308962	0.379603777700996
-3.07793266340176	0.957013587093989
-0.620903335937371	0.151058535991718
2.7590679263751	0.76692961097815
-1.79763019308962	0.379603777700996
0.952729371406254	0.252945498225285
-3.75228333635026	1.47685987725686
1.95793128711136	0.437766051086387
2.75805496536761	0.766752929661107
1.0433448222306	0.394400438672122
-0.620473624670499	0.150917804175241
-1.79763019308962	0.379603777700996
-1.79763019308962	0.379603777700996
1.46789226342383	0.486336319771629
3.27129205644114	1.12317050813274
-0.619895187822925	0.150839789138775
1.46209127003869	0.484377128190959
1.95793128711136	0.437766051086387
1.46209127003869	0.484377128190959
1.95793128711136	0.437766051086387
1.96141436018454	0.438711417164155
-1.12725353624624	0.339405023147411
-1.12725353624624	0.339405023147411
-2.57847696185857	0.659529736545688
1.33496226972162	0.582380892606042
-0.620473624670499	0.150917804175241
-0.624623675797245	0.151937920429117
2.75704467106166	0.766025498669684
-2.06129942058467	0.933944478436013
-3.07793266340176	0.957013587093989
-0.513824129140511	0.193894300368019
-1.51396898226758	0.537314617740072
0.1677792397568	0.0498341730879395
0.15823182603157	0.0297179405544109
1.95793128711136	0.437766051086387
3.64101793434512	1.43134239135362
-0.625191995446008	0.152059991852936
0.154081774580399	0.0521624398881256
0.960305402281055	0.254935680101795
0.449328663372175	0.180265911475519
3.27528390840561	1.12443907352294
1.46166504880046	0.484245680586438
2.75805496536761	0.766752929661107
3.26835783601252	1.12163011968705
2.55932495986482	1.41480298223798
0.531954615713782	0.190517989079214
1.4604038372023	0.483769829709272
0.157809365437772	0.0470462908960921
-1.12769593434811	0.339436368028373
-1.80127875869	0.380587746892248
0.958855818540361	0.254543321351908
-1.7975657981284	0.379599665892429
-1.12435877083653	0.338493350823416
-0.338896474896558	0.0970421752101679
-0.620903335937371	0.151058535991718
0.157971563808893	0.0296806747786729
-2.57447078703937	0.657780381714024
1.46109938210879	0.484014060767982
-0.723225679429377	0.247243051260999
0.677105074382106	0.214332831776124
0.162352652580513	0.0483303505238246
-1.12725353624624	0.339405023147411
-0.619895187822925	0.150839789138775
0.669467631715225	0.211908752948447
-1.12669343566207	0.339109154533815
-3.07750490916701	0.956880231933195
3.26630303248094	1.12023058934939
1.95793128711136	0.437766051086387
0.16350747165244	0.0486421723506342
-1.79763019308962	0.379603777700996
0.173940988172143	0.0437550114519682
-2.57847696185857	0.659529736545688
-0.3395018260887	0.0972061822975938
0.158989511121608	0.0298299152293259
-1.80127875869	0.380587746892248
-1.12825544522804	0.339732258677114
-0.617491939447093	0.150288713008559
1.95879552552655	0.437985228139192
1.83045100463037	0.715045718111181
0.956455214607419	0.253949648163622
0.174503749901052	0.0438676710334476
-1.12725353624624	0.339405023147411
0.164738242561747	0.0490009495728858
0.15823182603157	0.0297179405544109
-0.619895187822925	0.150839789138775
0.157971563808893	0.0296806747786729
0.675232747867266	0.213789953820415
-0.616620021012413	0.150099962492625
-0.337559379634888	0.0966770330278957
-1.7975657981284	0.379599665892429
-3.07836047129561	0.956774727997911
-0.617055950695462	0.150241664375452
-1.50884424560785	0.535043767502043
-1.79763019308962	0.379603777700996
0.676200627845659	0.214099921395796
0.670081697347895	0.212111377241056
-1.12725353624624	0.339405023147411
-0.338530582329419	0.0969729638077002
1.96141436018454	0.438711417164155
0.955573890382782	0.253753322308027
2.7590679263751	0.76692961097815
1.95879552552655	0.437985228139192
1.95879552552655	0.437985228139192
2.75704467106166	0.766025498669684
-0.337559379634888	0.0966770330278957
0.950720958067184	0.252420162622268
2.7590679263751	0.76692961097815
1.95793128711136	0.437766051086387
1.46010735547628	0.483457516052687
2.12019415973984	0.946583637874322
1.46398903776532	0.484992681122713
0.166549099291362	0.0494747307612768
-1.80127875869	0.380587746892248
-1.12781381973937	0.339579374120096
2.75805496536761	0.766752929661107
-1.79763019308962	0.379603777700996
1.95793128711136	0.437766051086387
-3.07793266340176	0.957013587093989
1.46498308680977	0.485505347800691
-1.67541073406904	0.947021413493557
-0.620903335937371	0.151058535991718
2.7590679263751	0.76692961097815
0.167164301060576	0.0496616909525181
-3.07707720857862	0.956361112132394
-1.13338534815793	0.341498686250824
3.26732978575294	1.1211772426211
0.15823182603157	0.0297179405544109
-2.57447078703937	0.657780381714024
3.64204563210395	1.43174087144813
0.15823182603157	0.0297179405544109
0.959294652844364	0.254663957360155
0.163583337686415	0.0486596187400795
3.26835783601252	1.12163011968705
1.46109938210879	0.484014060767982
-2.57847696185857	0.659529736545688
0.158989511121608	0.0298299152293259
-0.717468884808632	0.245082515543052
0.678074042401891	0.214702481365457
-1.7975657981284	0.379599665892429
0.673526469252074	0.213227712607827
0.670430931165646	0.212216518896251
2.75704467106166	0.766025498669684
0.159251072645633	0.0298673857617753
1.82912964257087	0.714770179842855
1.46498308680977	0.485505347800691
-1.12881513859764	0.339906487322227
-1.80127875869	0.380587746892248
2.75704467106166	0.766025498669684
1.45553280775885	0.48172823735576
0.960305402281055	0.254935680101795
-2.57447078703937	0.657780381714024
0.955017933589342	0.253480850166851
0.157971563808893	0.0296806747786729
-0.339136742629042	0.0971078731889835
-1.12881513859764	0.339906487322227
0.158426007238141	0.0472279903538101
0.174503749901052	0.0438676710334476
0.174933567082256	0.0439573605408891
0.173940988172143	0.0437550114519682
-1.81200943037821	0.734241478143734
-0.338530582329419	0.0969729638077002
-0.337924641037297	0.0968088152153293
0.15823182603157	0.0297179405544109
2.75704467106166	0.766025498669684
2.75805496536761	0.766752929661107
0.683383169319648	0.216338964908015
0.825015074546066	0.346341809907615
0.532679390127669	0.190718524092007
-2.57447078703937	0.657780381714024
0.955450516302873	0.253599562429476
1.46455689811314	0.485225385720349
1.46166504880046	0.484245680586438
-2.57472877667238	0.65760345889815
1.46109938210879	0.484014060767982
0.160797462943699	0.0478523577190902
-1.79763019308962	0.379603777700996
-1.7975657981284	0.379599665892429
1.95793128711136	0.437766051086387
0.15823182603157	0.0297179405544109
-2.57447078703937	0.657780381714024
0.157971563808893	0.0296806747786729
1.83045100463037	0.715045718111181
0.169762747888229	0.0427831084845497
-1.27347474159349	0.571712615994456
-1.81262047956212	0.734554727038592
-1.12769593434811	0.339436368028373
-0.337924641037297	0.0968088152153293
-1.50824112923963	0.534752090600511
-0.620326325745573	0.150885642821786
-3.45228414088993	1.22181665198441
-0.619895187822925	0.150839789138775
0.157971563808893	0.0296806747786729
-1.12781381973937	0.339579374120096
0.173940988172143	0.0437550114519682
3.26732978575294	1.1211772426211
-2.57421277656498	0.657506382974291
0.675591354383564	0.213968352567141
0.174370024960364	0.0438183729016174
-0.338896474896558	0.0970421752101679
-3.07793266340176	0.957013587093989
-3.75779539313074	1.48038803127513
0.16350747165244	0.0486421723506342
-2.57472877667238	0.65760345889815
0.16323818852145	0.0485873708307168
-0.337559379634888	0.0966770330278957
-2.57447078703937	0.657780381714024
-0.620903335937371	0.151058535991718
1.95793128711136	0.437766051086387
0.170331293505475	0.0429093144237285
1.82658331770683	0.713161725221294
0.956455214607419	0.253949648163622
-0.333856458330646	0.0956917261764247
-1.79763019308962	0.379603777700996
-1.50982433145335	0.535480148233091
-3.07793266340176	0.957013587093989
0.16190498991222	0.0302625824147867
0.162171049505848	0.0303007576998756
0.158989511121608	0.0298299152293259
-1.79763019308962	0.379603777700996
-1.51005112333445	0.535313721417819
-1.5094475769206	0.535248673690833
2.35870024972584	1.17659022373356
-0.624183598429151	0.151840837481169
0.15823182603157	0.0297179405544109
1.57561119411556	0.781990254778656
0.167786821496111	0.0423548811213711
-2.57847696185857	0.659529736545688
0.15823182603157	0.0297179405544109
1.95879552552655	0.437985228139192
-0.145998858470167	0.0521932143692289
-3.08247559880565	0.958940682858076
0.951724523631597	0.252769110062367
3.27129205644114	1.12317050813274
0.675109449967238	0.21369241449263
0.159251072645633	0.0298673857617753
-0.61946410648704	0.150698865008898
3.26835783601252	1.12163011968705
-0.34307485466429	0.0982470421897248
0.956455214607419	0.253949648163622
-0.619895187822925	0.150839789138775
0.614141883829283	0.32251194001508
1.83162438273742	0.716000775412828
-0.386331110072793	0.217779255312235
-1.27646499935786	0.573640288037447
0.562333253151313	0.32877616316269
0.150637496826969	0.0577366339636488
-1.51146930516997	0.53606899226052
-0.302335352190713	0.13887235153916
0.155138614491414	0.0753329574025009
0.164391642281999	0.0488687543181863
0.168774858509076	0.0425819447497206
0.450961924488652	0.181018370719246
0.162968126753743	0.0485024678975847
0.157971563808893	0.0296806747786729
-0.621333103088639	0.151104040920032
0.159251072645633	0.0298673857617753
-0.621333103088639	0.151104040920032
0.958855818540361	0.254543321351908
0.956455214607419	0.253949648163622
0.157971563808893	0.0296806747786729
-2.57421277656498	0.657506382974291
1.04360842637382	0.394608583742794
1.95879552552655	0.437985228139192
2.11754480680452	0.94503257477152
-1.7975657981284	0.379599665892429
-0.339136742629042	0.0971078731889835
-1.79763019308962	0.379603777700996
1.95793128711136	0.437766051086387
1.46010735547628	0.483457516052687
-1.12881513859764	0.339906487322227
1.95793128711136	0.437766051086387
-3.45116795416625	1.22074097588692
0.157971563808893	0.0296806747786729
-1.79763019308962	0.379603777700996
-2.57472877667238	0.65760345889815
-2.57847696185857	0.659529736545688
0.15823182603157	0.0297179405544109
0.957025852492456	0.254006696314478
0.176818183184722	0.0443715906559113
-0.339623607104268	0.0972733866332868
0.164122988767051	0.0488286730136595
-0.338530582329419	0.0969729638077002
-1.81323178459194	0.734779878382509
0.163853552605343	0.0487595972376143
-0.344042706429557	0.0984794926451442
2.75805496536761	0.766752929661107
0.0123010826464276	0.00624163411744476
0.827415608658052	0.347620623961731
-0.337924641037297	0.0968088152153293
0.957461191854986	0.254126256439643
-1.12881513859764	0.339906487322227
0.825691409963229	0.346699820369323
3.94043041797008	1.72503455887346
1.06054869994008	0.511395018263471
0.174503749901052	0.0438676710334476
0.678685727410979	0.214982042405379
1.04210966752671	0.393840140799123
1.95793128711136	0.437766051086387
0.157971563808893	0.0296806747786729
2.75805496536761	0.766752929661107
0.951724523631597	0.252769110062367
-2.57821111666453	0.659475059970799
0.956455214607419	0.253949648163622
-0.621333103088639	0.151104040920032
-4.00243287233861	1.72656513084757
-1.79763019308962	0.379603777700996
2.75805496536761	0.766752929661107
0.157971563808893	0.0296806747786729
0.154259314455831	0.0291924198815566
0.956021254579335	0.253830462538477
1.46498308680977	0.485505347800691
1.95793128711136	0.437766051086387
-3.08616775699942	0.960575893787374
0.159251072645633	0.0298673857617753
0.956021254579335	0.253830462538477
0.526211669677007	0.188366258201689
-0.598572145609024	0.286488230543893
0.535902929212832	0.192030732305526
-1.81200943037821	0.734241478143734
0.16934280349587	0.0427080042196444
0.175496922320134	0.0440701137079318
-1.51042707521765	0.53568486067596
0.174933567082256	0.0439573605408891
1.78387299384415	0.995769110055271
-3.45172595803352	1.22146685013561
1.46498308680977	0.485505347800691
-3.07793266340176	0.957013587093989
1.46209127003869	0.484377128190959
1.46109938210879	0.484014060767982
1.96141436018454	0.438711417164155
-1.79763019308962	0.379603777700996
0.159251072645633	0.0298673857617753
2.75704467106166	0.766025498669684
1.95793128711136	0.437766051086387
0.178378460373537	0.04470234426639
-0.624623675797245	0.151937920429117
1.96141436018454	0.438711417164155
-1.12769593434811	0.339436368028373
-2.57447078703937	0.657780381714024
0.158989511121608	0.0298299152293259
-1.50922180218546	0.535188573690381
3.27025913837768	1.12233669524588
-1.79763019308962	0.379603777700996
2.75805496536761	0.766752929661107
1.46109938210879	0.484014060767982
3.26835783601252	1.12163011968705
-2.57847696185857	0.659529736545688
-0.343432234206214	0.0982903961052269
0.174503749901052	0.0438676710334476
0.177812920485068	0.0445891130396879
2.75704467106166	0.766025498669684
-2.57421277656498	0.657506382974291
-0.625630686390319	0.152156798395567
0.175496922320134	0.0440701137079318
-3.45714001185249	1.22455064732533
0.176818183184722	0.0443715906559113
0.158989511121608	0.0298299152293259
-3.45172595803352	1.22146685013561
-0.61946410648704	0.150698865008898
1.33520072787008	0.582923907307515
2.13773358529123	1.49869412459347
-1.5094475769206	0.535248673690833
-3.07793266340176	0.957013587093989
-0.61946410648704	0.150698865008898
0.67498185747701	0.213690207850534
-1.12837428626612	0.339637586745731
0.446913247781489	0.179197436924564
-0.348607690542337	0.0997201825095866
0.155205580878186	0.0525315583518307
1.95793128711136	0.437766051086387
0.955017933589342	0.253480850166851
1.46209127003869	0.484377128190959
-2.57447078703937	0.657780381714024
0.954564259091026	0.253482299647149
0.157971563808893	0.0296806747786729
-0.617491939447093	0.150288713008559
1.95879552552655	0.437985228139192
-1.51372965066287	0.537081101324459
0.956021254579335	0.253830462538477
1.96141436018454	0.438711417164155
0.167164301060576	0.0496616909525181
1.95793128711136	0.437766051086387
0.157971563808893	0.0296806747786729
2.76095211479574	0.768066673537379
0.677716162542668	0.214611870267994
0.951724523631597	0.252769110062367
2.75704467106166	0.766025498669684
0.152200918016515	0.0515403734692646
0.17351044503084	0.0436385160120603
0.154259314455831	0.0291924198815566
-1.12669343566207	0.339109154533815
0.173378039987466	0.0436162262322836
-0.216063671871124	0.0695794401283131
-0.719307886400812	0.245829792820617
1.07063512565456	0.517703792604127
1.82755032422624	0.713907775987463
-0.209576153213414	0.0675693730317321
0.158379638686509	0.0535717951029833
1.82755032422624	0.713907775987463
-0.34307485466429	0.0982470421897248
0.15823182603157	0.0297179405544109
-0.337318918589577	0.0966140796949229
-1.12725353624624	0.339405023147411
-0.51812811293967	0.195578845806807
-0.724996456084797	0.247901521017459
0.536981267153455	0.192450260059129
-1.81291187157146	0.734751884578751
0.15823182603157	0.0297179405544109
-0.620473624670499	0.150917804175241
-2.07121964727456	0.940607959344417
-0.621333103088639	0.151104040920032
1.46166504880046	0.484245680586438
0.956455214607419	0.253949648163622
-2.57421277656498	0.657506382974291
-0.619895187822925	0.150839789138775
-1.12825544522804	0.339732258677114
0.169762747888229	0.0427831084845497
-2.57821111666453	0.659475059970799
1.95879552552655	0.437985228139192
0.159251072645633	0.0298673857617753
-1.79763019308962	0.379603777700996
0.17738312662749	0.0444846964186047
-1.12825544522804	0.339732258677114
0.162076211336348	0.0482055172019256
0.159251072645633	0.0298673857617753
-1.02730920175823	0.406112820022134
1.95793128711136	0.437766051086387
1.95793128711136	0.437766051086387
-1.79763019308962	0.379603777700996
0.678074042401891	0.214702481365457
1.95793128711136	0.437766051086387
3.64101793434512	1.43134239135362
0.956455214607419	0.253949648163622
0.16323818852145	0.0485873708307168
-1.12881513859764	0.339906487322227
-2.57447078703937	0.657780381714024
-0.337924641037297	0.0968088152153293
0.153016180557848	0.051821004050093
0.678685727410979	0.214982042405379
-0.61946410648704	0.150698865008898
0.957025852492456	0.254006696314478
1.4646083382916	0.916476394431099
1.33208469099746	0.58115584608196
0.148051580974635	0.0501853650280616
-0.617055950695462	0.150241664375452
0.167786821496111	0.0423548811213711
0.673656731319726	0.21327169490293
2.11780862301852	0.945248734413775
-1.02671683891162	0.40581238098729
0.668504270521836	0.211524693005927
1.7822791940456	0.994155868981732
2.11780862301852	0.945248734413775
-1.79763019308962	0.379603777700996
0.172385921068679	0.0433875285709768
0.675591354383564	0.213968352567141
1.07805209598932	0.522075525800195
0.677168456003689	0.214339100225988
1.95879552552655	0.437985228139192
1.95793128711136	0.437766051086387
-1.7975657981284	0.379599665892429
3.6399901361893	1.43067029650081
3.64101793434512	1.43134239135362
0.174370024960364	0.0438183729016174
1.95793128711136	0.437766051086387
-3.08203891306948	0.959069086853276
-1.7975657981284	0.379599665892429
3.26938718630885	1.12163262119223
-1.13238809108681	0.341172314702962
0.955017933589342	0.253480850166851
-1.5094475769206	0.535248673690833
-3.07793266340176	0.957013587093989
0.158989511121608	0.0298299152293259
0.956455214607419	0.253949648163622
3.26835783601252	1.12163011968705
-1.81413444396294	0.735290551794613
-1.79763019308962	0.379603777700996
0.159251072645633	0.0298673857617753
3.26835783601252	1.12163011968705
2.12237275162321	0.948156957082224
2.12149136184524	0.947562188308172
0.174933567082256	0.0439573605408891
0.956455214607419	0.253949648163622
0.159251072645633	0.0298673857617753
1.95879552552655	0.437985228139192
0.536145192793524	0.192183675780863
-1.46359708826205	1.01981048273106
1.82912964257087	0.714770179842855
-0.344042706429557	0.0984794926451442
0.538672909842541	0.193078624853722
-2.57821111666453	0.659475059970799
1.33351744615377	0.581727707383388
-1.12379649940684	0.33819735561451
0.180141640611436	0.0450617988321041
0.531954615713782	0.190517989079214
2.11303049784645	0.942168146660762
0.177247192199527	0.0444492499698682
-0.723495739913315	0.247436366504984
0.956021254579335	0.253830462538477
-1.79763019308962	0.379603777700996
-1.82155891978536	0.73908749379043
3.64405193165419	1.43312407887711
1.82948417010899	0.714838990299682
1.04122776355439	0.393435934346114
0.174503749901052	0.0438676710334476
3.64101793434512	1.43134239135362
1.83356266561645	0.716725323466989
0.15823182603157	0.0297179405544109
-0.34307485466429	0.0982470421897248
0.957025852492456	0.254006696314478
-1.12825544522804	0.339732258677114
-0.724110175343364	0.247660897147714
-1.12881513859764	0.339906487322227
3.27129205644114	1.12317050813274
0.174503749901052	0.0438676710334476
0.827624029735347	0.347817645508971
0.151283893074384	0.0580076734817705
-1.12781381973937	0.339579374120096
-1.12769593434811	0.339436368028373
-0.625191995446008	0.152059991852936
-1.80127875869	0.380587746892248
-0.337559379634888	0.0966770330278957
0.16190498991222	0.0302625824147867
0.157971563808893	0.0296806747786729
-0.519206724701637	0.195956166156021
-0.729821384507876	0.249664211260654
-0.764056667033103	0.33124636563297
-1.02194301820446	0.403479228390162
0.157971563808893	0.0296806747786729
2.7590679263751	0.76692961097815
0.675232747867266	0.213789953820415
-1.7975657981284	0.379599665892429
0.956021254579335	0.253830462538477
-0.346678897629289	0.0991926518828899
-0.342463785834028	0.0980578484034576
-0.209576153213414	0.0675693730317321
-1.7975657981284	0.379599665892429
-0.767022641863621	0.33272570428858
-1.12937501458112	0.339964434622374
0.157971563808893	0.0296806747786729
-0.386948793919818	0.160830154647546
1.46109938210879	0.484014060767982
0.15823182603157	0.0297179405544109
1.33436498010043	0.582269865257075
0.173940988172143	0.0437550114519682
-0.620326325745573	0.150885642821786
0.16323818852145	0.0485873708307168
-1.80127875869	0.380587746892248
1.04488949167403	0.395085051250541
2.35867500117237	1.17688948319321
0.177247192199527	0.0444492499698682
-0.61946410648704	0.150698865008898
1.95879552552655	0.437985228139192
0.164738242561747	0.0490009495728858
-2.57472877667238	0.65760345889815
1.04096305100241	0.393348131713795
-1.12825544522804	0.339732258677114
0.675591354383564	0.213968352567141
-3.07836047129561	0.956774727997911
1.06632392555289	0.514786948757726
-0.339979595307007	0.0973896500376519
0.153267904345544	0.0519012670754554
-1.12881513859764	0.339906487322227
1.46109938210879	0.484014060767982
1.83669143198236	0.71807947873338
2.56393037114237	1.41987976282514
0.906184573001762	0.489628520043781
-0.522472487971899	0.197429550059794
1.83223894779093	0.716336716062103
-1.7975657981284	0.379599665892429
-3.07836047129561	0.956774727997911
-2.57472877667238	0.65760345889815
-3.07750490916701	0.956880231933195
-0.338530582329419	0.0969729638077002
0.82625387160176	0.347107129604409
0.162954029252909	0.0484564307378685
-0.620903335937371	0.151058535991718
-1.50982433145335	0.535480148233091
-1.12725353624624	0.339405023147411
-0.625630686390319	0.152156798395567
0.955017933589342	0.253480850166851
0.15823182603157	0.0297179405544109
1.95793128711136	0.437766051086387
-1.12725353624624	0.339405023147411
1.57324176500159	0.780282055570826
2.76095211479574	0.768066673537379
2.35867500117237	1.17688948319321
-3.07793266340176	0.957013587093989
0.159251072645633	0.0298673857617753
0.151383672100152	0.0579893158462332
0.157971563808893	0.0296806747786729
1.46846293168858	0.486570444742071
0.675232747867266	0.213789953820415
-2.57447078703937	0.657780381714024
0.956455214607419	0.253949648163622
0.955017933589342	0.253480850166851
0.675591354383564	0.213968352567141
0.955017933589342	0.253480850166851
-0.719030595483876	0.245557497516708
0.955450516302873	0.253599562429476
0.158989511121608	0.0298299152293259
-0.619895187822925	0.150839789138775
2.75805496536761	0.766752929661107
-1.12881513859764	0.339906487322227
0.960305402281055	0.254935680101795
0.159251072645633	0.0298673857617753
0.157971563808893	0.0296806747786729
-3.45601360105774	1.22364277502153
0.674015164989584	0.213380808783075
0.957461191854986	0.254126256439643
-1.79763019308962	0.379603777700996
0.153006990139565	0.0585900433848213
-0.33816613121491	0.0968120886418528
0.174503749901052	0.0438676710334476
-0.620903335937371	0.151058535991718
0.157971563808893	0.0296806747786729
0.955017933589342	0.253480850166851
0.165007048838445	0.0490553112296366
1.82495557630994	0.712549465993881
0.159251072645633	0.0298673857617753
0.956455214607419	0.253949648163622
0.955017933589342	0.253480850166851
-0.619895187822925	0.150839789138775
-3.08160228540496	0.95864568534502
1.04158071586996	0.393480759170511
1.95793128711136	0.437766051086387
0.956021254579335	0.253830462538477
0.158989511121608	0.0298299152293259
0.178378460373537	0.04470234426639
-1.50884424560785	0.535043767502043
0.956455214607419	0.253949648163622
1.04096305100241	0.393348131713795
2.11842867036876	0.945672460079198
0.673048421642057	0.212994504688281
-3.08203891306948	0.959069086853276
-1.79763019308962	0.379603777700996
3.27025913837768	1.12233669524588
0.158989511121608	0.0298299152293259
1.95793128711136	0.437766051086387
1.95879552552655	0.437985228139192
0.674491966739474	0.213488272769245
-1.02312783931858	0.403977027889059
1.8373094140835	0.71841767362829
-0.764524339596763	0.331551499325268
-2.57472877667238	0.65760345889815
-0.221443869104186	0.0712956025102242
-1.27030499764746	0.569993272777292
0.157971563808893	0.0296806747786729
-2.57447078703937	0.657780381714024
4.176174739854	2.00138224703287
3.64204563210395	1.43174087144813
-2.57847696185857	0.659529736545688
0.956021254579335	0.253830462538477
0.16190498991222	0.0302625824147867
-4.21612324339832	1.97064419824003
-1.12949217626836	0.340258306499887
-0.336346534706249	0.0963182114993482
1.46846293168858	0.486570444742071
0.15823182603157	0.0297179405544109
0.535308159768992	0.19186644934071
1.41924314885396	1.1112251462903
2.76197196120423	0.768541369225187
0.159251072645633	0.0298673857617753
1.45750864016971	0.482642955020513
0.16323818852145	0.0485873708307168
-0.621333103088639	0.151104040920032
3.26630303248094	1.12023058934939
0.955017933589342	0.253480850166851
-0.337318918589577	0.0966140796949229
0.157971563808893	0.0296806747786729
0.147860541131057	0.0501126868427209
-1.7975657981284	0.379599665892429
-1.13238809108681	0.341172314702962
-2.57447078703937	0.657780381714024
0.159304296973707	0.0474668185471716
4.17432985406838	2.00006384756967
-0.34307485466429	0.0982470421897248
3.64508196443781	1.43367348655271
2.75805496536761	0.766752929661107
0.158202431453599	0.0297753629586498
2.76197196120423	0.768541369225187
1.96141436018454	0.438711417164155
2.12413280944412	0.948811543038798
1.33460347604402	0.582347430988149
-0.620903335937371	0.151058535991718
-0.620903335937371	0.151058535991718
-0.616620021012413	0.150099962492625
0.174933567082256	0.0439573605408891
-2.57821111666453	0.659475059970799
-2.57447078703937	0.657780381714024
0.176253051776925	0.0442319878724308
-3.45714001185249	1.22455064732533
3.6399901361893	1.43067029650081
0.166549099291362	0.0494747307612768
0.675591354383564	0.213968352567141
0.16190498991222	0.0302625824147867
-1.79763019308962	0.379603777700996
-3.07793266340176	0.957013587093989
1.5724348757785	0.779685464655591
3.26835783601252	1.12163011968705
1.04488949167403	0.395085051250541
1.82816209415628	0.714241631039221
-1.50634046210702	0.533909618105069
0.162968126753743	0.0485024678975847
0.820031775910475	0.344053152724765
-0.140651316284371	0.050336834066957
3.26732978575294	1.1211772426211
1.96141436018454	0.438711417164155
-0.600175597498292	0.287329082308254
1.3366322141597	0.58354097730275
0.177812920485068	0.0445891130396879
0.175496922320134	0.0440701137079318
1.83259355517544	0.716473450995655
2.7590679263751	0.76692961097815
3.27025913837768	1.12233669524588
0.956021254579335	0.253830462538477
0.959294652844364	0.254663957360155
0.158989511121608	0.0298299152293259
0.159251072645633	0.0298673857617753
-2.47231877614945	1.37488666696301
-1.27432863983107	0.572348730210502
-1.12881513859764	0.339906487322227
-2.57421277656498	0.657506382974291
1.95879552552655	0.437985228139192
0.159251072645633	0.0298673857617753
0.157971563808893	0.0296806747786729
1.95879552552655	0.437985228139192
0.171653101789031	0.0431973221484952
-0.625630686390319	0.152156798395567
-0.620473624670499	0.150917804175241
0.680267294542255	0.215376555237081
-0.338530582329419	0.0969729638077002
-0.21750140385887	0.0700056929839968
-0.155411210298694	0.0555248983800612
1.46498308680977	0.485505347800691
0.168393915595915	0.0499912542478598
0.525974790890797	0.188312313683146
-0.396558150827518	0.165079609279212
0.17351044503084	0.0436385160120603
0.675232747867266	0.213789953820415
0.159251072645633	0.0298673857617753
-1.79763019308962	0.379603777700996
-4.21999186440652	1.97501515858694
0.680267294542255	0.215376555237081
-3.08203891306948	0.959069086853276
0.153016180557848	0.051821004050093
-1.81676990665961	0.736858778572184
1.04034511892763	0.392920970387567
-0.620326325745573	0.150885642821786
0.173940988172143	0.0437550114519682
1.82912964257087	0.714770179842855
1.04122776355439	0.393435934346114
0.679297187320958	0.21511425797511
0.16190498991222	0.0302625824147867
-1.79763019308962	0.379603777700996
0.676200627845659	0.214099921395796
2.76095211479574	0.768066673537379
0.16323818852145	0.0485873708307168
0.17294827606403	0.0435260072159332
-1.79763019308962	0.379603777700996
-1.7975657981284	0.379599665892429
-2.57447078703937	0.657780381714024
-1.12825544522804	0.339732258677114
1.03945896002248	0.392566838580962
-1.12881513859764	0.339906487322227
-0.61946410648704	0.150698865008898
0.678685727410979	0.214982042405379
-1.12781381973937	0.339579374120096
0.676558588301015	0.214207370803977
0.173378039987466	0.0436162262322836
3.64101793434512	1.43134239135362
-2.57447078703937	0.657780381714024
1.83417843227406	0.717062027537897
-0.625630686390319	0.152156798395567
0.16934280349587	0.0427080042196444
-0.339136742629042	0.0971078731889835
1.95879552552655	0.437985228139192
0.956021254579335	0.253830462538477
-0.61946410648704	0.150698865008898
0.677716162542668	0.214611870267994
0.17294827606403	0.0435260072159332
-0.336952847519868	0.096512855057735
-0.714755800696332	0.244129665196273
0.526808022811829	0.188639363777938
-0.621333103088639	0.151104040920032
-1.80832523237299	0.732158700929159
1.06107678732288	0.511571037024379
0.170331293505475	0.0429093144237285
1.78387299384415	0.995769110055271
-1.81676990665961	0.736858778572184
1.46945961132821	0.486963363732961
-2.06589848871781	0.936900543147092
-2.57821111666453	0.659475059970799
0.16323818852145	0.0485873708307168
-1.51336055363438	0.537061579976289
0.697435449537931	0.326741539527995
0.17351044503084	0.0436385160120603
-0.620473624670499	0.150917804175241
1.82658331770683	0.713161725221294
-0.774804746858058	0.337089418232418
-1.81323178459194	0.734779878382509
-1.1600224044876	0.648304551725203
-0.340107395831878	0.0973408882698726
1.06956203261337	0.516936934630967
1.78825233620116	0.998820434181256
-0.617055950695462	0.150241664375452
0.674624067917918	0.213658555919133
0.450149052844676	0.18072138153306
2.75704467106166	0.766025498669684
-0.620903335937371	0.151058535991718
0.174933567082256	0.0439573605408891
-0.21750140385887	0.0700056929839968
-1.5094475769206	0.535248673690833
-3.45284250285449	1.22194559695964
-1.81431164447288	0.735547468758957
-1.27922329184621	0.575244381232172
-1.79763019308962	0.379603777700996
-2.57447078703937	0.657780381714024
0.15823182603157	0.0297179405544109
0.163583337686415	0.0486596187400795
0.15823182603157	0.0297179405544109
-3.75288411079685	1.47718399320021
-0.515201103368893	0.194390956127506
0.954564259091026	0.253482299647149
-0.620326325745573	0.150885642821786
-0.338530582329419	0.0969729638077002
-0.71869462645605	0.245625159522256
1.46398903776532	0.484992681122713
-0.620903335937371	0.151058535991718
1.78387299384415	0.995769110055271
-0.142279146090532	0.0508744702262818
2.35783908683091	1.17632259504716
-0.215469787669442	0.0693747409894077
1.78368583507684	0.995854344594288
-1.27264921265823	0.571489965817473
1.04577073722875	0.395582052714565
-3.75108241880346	1.47543261311163
-0.987127221754009	0.489312749506882
0.172643132163515	0.0434132410698589
3.64508196443781	1.43367348655271
0.160181680996089	0.0476913583633166
0.533870485766569	0.191241233041242
1.95879552552655	0.437985228139192
0.675948496687313	0.213928974911644
0.153993315706438	0.0669178186710716
0.178378460373537	0.04470234426639
1.04515347900522	0.395153426226023
-1.12492122665638	0.338668219085241
0.157971563808893	0.0296806747786729
0.167786821496111	0.0423548811213711
-1.79763019308962	0.379603777700996
-1.7975657981284	0.379599665892429
0.168774858509076	0.0425819447497206
0.157971563808893	0.0296806747786729
2.75805496536761	0.766752929661107
0.533874851755615	0.191264906036687
0.152619802685851	0.0516844934618455
0.16190498991222	0.0302625824147867
2.75805496536761	0.766752929661107
-0.625191995446008	0.152059991852936
0.173378039987466	0.0436162262322836
0.162171049505848	0.0303007576998756
-1.79763019308962	0.379603777700996
-0.61946410648704	0.150698865008898
3.27424476347588	1.12391188707828
0.956021254579335	0.253830462538477
-1.02815379565769	0.406346884447955
-1.81352302981117	0.735065306555984
-1.81139863683783	0.733838743939283
0.956455214607419	0.253949648163622
-1.12781381973937	0.339579374120096
-1.79763019308962	0.379603777700996
-2.06859299810561	0.938529881947211
-1.12781381973937	0.339579374120096
0.678685727410979	0.214982042405379
1.04422575936648	0.394740889448914
-1.51042707521765	0.53568486067596
1.27446985125031	0.701263588293606
-0.337924641037297	0.0968088152153293
3.64710400400511	1.43385490736823
-0.514942080348705	0.194323588932325
-3.45228414088993	1.22181665198441
0.15796546595019	0.0685584613876696
-0.337318918589577	0.0966140796949229
1.45813755544899	0.911547827830586
-0.0173247284673671	0.00816442508701576
1.82948417010899	0.714838990299682
-0.212950112008515	0.0686100611095293
-0.0512879649295323	0.0223862342367708
0.158989511121608	0.0298299152293259
0.955017933589342	0.253480850166851
0.157568112712888	0.0533067915180714
-0.792538874431601	0.525138320888367
-0.337318918589577	0.0966140796949229
0.956021254579335	0.253830462538477
0.821702674554677	0.344654791656887
1.46209127003869	0.484377128190959
2.11842867036876	0.945672460079198
-0.338530582329419	0.0969729638077002
-1.81352302981117	0.735065306555984
-0.620326325745573	0.150885642821786
-1.79763019308962	0.379603777700996
-0.517264023236703	0.195228260106643
-3.07793266340176	0.957013587093989
2.75704467106166	0.766025498669684
2.7590679263751	0.76692961097815
1.46597699067366	0.485748477491111
-0.620903335937371	0.151058535991718
0.177812920485068	0.0445891130396879
1.95879552552655	0.437985228139192
1.95793128711136	0.437766051086387
0.175496922320134	0.0440701137079318
-0.715646834778114	0.244453295526364
0.168662278675518	0.0500652630774407
-0.340593087152544	0.0975352685660813
1.78684021394124	0.997506357303071
-0.715646834778114	0.244453295526364
0.671045597340039	0.212419421287662
1.82816209415628	0.714241631039221
-2.57847696185857	0.659529736545688
0.696311716242858	0.326002755913493
-0.221795146446767	0.0713909265902863
-1.12781381973937	0.339579374120096
0.176253051776925	0.0442319878724308
-0.717804035722151	0.245206559878684
1.78307646701549	0.995014459410169
1.78794929656227	0.999088707441885
-1.27347474159349	0.571712615994456
0.447191186095611	0.179329255309907
0.674015164989584	0.213380808783075
0.158687948318654	0.0472850694532285
1.33460347604402	0.582347430988149
0.146375004827764	0.0561236835186149
-1.13338534815793	0.341498686250824
3.63896224062815	1.42951913528691
1.96649418078604	1.22997614348551
3.64405193165419	1.43312407887711
1.3329197605053	0.581616348611346
0.164738242561747	0.0490009495728858
-0.338530582329419	0.0969729638077002
-0.339009514545445	0.0971276143948088
0.171094196191277	0.0507164425340757
-0.625191995446008	0.152059991852936
-0.339623607104268	0.0972733866332868
-1.7975657981284	0.379599665892429
-1.79763019308962	0.379603777700996
-3.45228414088993	1.22181665198441
-0.211859399211248	0.068283609988555
0.15823182603157	0.0297179405544109
0.956455214607419	0.253949648163622
-3.07793266340176	0.957013587093989
-1.12781381973937	0.339579374120096
-0.620903335937371	0.151058535991718
1.95793128711136	0.437766051086387
3.64101793434512	1.43134239135362
0.158989511121608	0.0298299152293259
0.157971563808893	0.0296806747786729
0.956455214607419	0.253949648163622
0.530750780741859	0.19013343293214
3.27129205644114	1.12317050813274
0.148364367533412	0.0502983007600852
0.164122988767051	0.0488286730136595
0.17294827606403	0.0435260072159332
-1.50884424560785	0.535043767502043
2.12087192734391	0.947138368475404
1.04881966420667	0.396662545686339
-1.12825544522804	0.339732258677114
0.674624067917918	0.213658555919133
0.675232747867266	0.213789953820415
-0.620903335937371	0.151058535991718
3.6430217955396	1.43205157105291
2.75805496536761	0.766752929661107
0.166279076961167	0.0494077549790747
0.674624067917918	0.213658555919133
-1.12781381973937	0.339579374120096
-0.391310840677549	0.162957321542088
1.06632392555289	0.514786948757726
-0.344544677489235	0.0986285584933283
1.04272737841263	0.394268038065867
-0.394276336796569	0.164179509947552
-1.51336055363438	0.537061579976289
-1.12881513859764	0.339906487322227
1.46166504880046	0.484245680586438
-0.0980516265028415	0.0389205135041605
0.957025852492456	0.254006696314478
-3.45172595803352	1.22146685013561
-0.216312796922935	0.0696114202500776
1.33148644921435	0.580580180008122
-0.337318918589577	0.0966140796949229
1.03642094901871	0.391350967824649
-2.57447078703937	0.657780381714024
-0.724110175343364	0.247660897147714
-1.27347474159349	0.571712615994456
0.17351044503084	0.0436385160120603
-1.7975657981284	0.379599665892429
-2.57421277656498	0.657506382974291
1.46166504880046	0.484245680586438
1.46455689811314	0.485225385720349
1.96141436018454	0.438711417164155
-1.7975657981284	0.379599665892429
1.95879552552655	0.437985228139192
-0.338896474896558	0.0970421752101679
0.536739666042799	0.192347830350542
-0.72955637416089	0.249604745043641
-1.48943440410572	0.752209436067322
0.402563513066687	0.182227111506577
-2.57421277656498	0.657506382974291
0.158361881586878	0.0471344431935267
0.821702674554677	0.344654791656887
-1.12769593434811	0.339436368028373
2.76197196120423	0.768541369225187
0.173940988172143	0.0437550114519682
1.57404767215904	0.780807377405224
0.158989511121608	0.0298299152293259
0.157648823698389	0.0603688370544241
1.04577073722875	0.395582052714565
0.155456144160003	0.0526000219263186
-1.12781381973937	0.339579374120096
0.173940988172143	0.0437550114519682
0.167786821496111	0.0423548811213711
0.532196819047093	0.190683131950839
0.16323818852145	0.0485873708307168
1.04210966752671	0.393840140799123
1.04814515184759	0.396350090350494
-1.13282069800183	0.341231258763963
0.151551849507361	0.0580445602818356
-1.12781381973937	0.339579374120096
-1.12825544522804	0.339732258677114
-1.12781381973937	0.339579374120096
-1.79763019308962	0.379603777700996
-1.50922180218546	0.535188573690381
-2.57447078703937	0.657780381714024
0.172643132163515	0.0434132410698589
-1.13395018438652	0.341592389781504
0.956455214607419	0.253949648163622
0.955017933589342	0.253480850166851
-1.80127875869	0.380587746892248
2.75805496536761	0.766752929661107
1.45652080007828	0.482281887456809
-1.12881513859764	0.339906487322227
3.26732978575294	1.1211772426211
-3.08203891306948	0.959069086853276
-0.620326325745573	0.150885642821786
-1.80127875869	0.380587746892248
1.46654605141329	0.485981855384374
-1.12825544522804	0.339732258677114
0.158989511121608	0.0298299152293259
0.521397005108436	0.186513871186962
-3.75658350496235	1.47972368837861
-0.515481198860195	0.19456712249679
0.168354166613062	0.0424807140134561
1.46067242606004	0.483688692701864
0.173940988172143	0.0437550114519682
1.95793128711136	0.437766051086387
-2.57447078703937	0.657780381714024
-0.620326325745573	0.150885642821786
-1.32730232800666	0.833613880701783
-0.216063671871124	0.0695794401283131
-0.720453666514924	0.246264037870489
-1.01856232210606	0.401844162864408
0.1568747277724	0.0467368905798788
1.96141436018454	0.438711417164155
-1.50884424560785	0.535043767502043
0.694148080198457	0.324741670139151
0.173940988172143	0.0437550114519682
-0.517264023236703	0.195228260106643
1.04272737841263	0.394268038065867
0.449328663372175	0.180265911475519
0.531600808944957	0.190452833446827
1.0418455851348	0.393863567086238
1.06792550004102	0.515823496339435
-0.715368637354031	0.244333825945774
1.27563522489267	0.703097375299879
1.06054869994008	0.511395018263471
0.154081774580399	0.0521624398881256
0.176818183184722	0.0443715906559113
0.154259314455831	0.0291924198815566
1.04272737841263	0.394268038065867
0.959865181244613	0.254814612498812
1.04726688944174	0.396088731238016
-1.50884424560785	0.535043767502043
-3.07750490916701	0.956880231933195
0.15823182603157	0.0297179405544109
1.95793128711136	0.437766051086387
1.46209127003869	0.484377128190959
-1.79763019308962	0.379603777700996
1.95793128711136	0.437766051086387
0.169276668042905	0.0502222390274525
0.158989511121608	0.0298299152293259
0.675591354383564	0.213968352567141
3.26835783601252	1.12163011968705
-3.07836047129561	0.956774727997911
-3.75288411079685	1.47718399320021
1.46265753359042	0.48460907431551
-2.63666635641029	1.61577249421516
-0.715981733394295	0.244480287622429
0.159251072645633	0.0298673857617753
-1.50922180218546	0.535188573690381
0.154081774580399	0.0521624398881256
-1.81291187157146	0.734751884578751
0.16323818852145	0.0485873708307168
-3.07793266340176	0.957013587093989
-0.3395018260887	0.0972061822975938
1.04665020030324	0.395956904990197
0.146429133741603	0.0496415217502971
0.164122988767051	0.0488286730136595
-0.719585944508868	0.245867637672296
0.15823182603157	0.0297179405544109
0.674624067917918	0.213658555919133
1.46945961132821	0.486963363732961
1.95879552552655	0.437985228139192
1.82658331770683	0.713161725221294
-0.625630686390319	0.152156798395567
-0.333856458330646	0.0956917261764247
0.162352652580513	0.0483303505238246
-1.13338534815793	0.341498686250824
0.162171049505848	0.0303007576998756
2.75704467106166	0.766025498669684
0.157971563808893	0.0296806747786729
-0.620903335937371	0.151058535991718
-1.12937501458112	0.339964434622374
-0.624623675797245	0.151937920429117
1.95793128711136	0.437766051086387
0.1677792397568	0.0498341730879395
1.95793128711136	0.437766051086387
-0.620326325745573	0.150885642821786
0.675109449967238	0.21369241449263
-0.519038139240771	0.196086617266171
-2.57472877667238	0.65760345889815
3.26732978575294	1.1211772426211
0.452569065982633	0.181732592483672
-0.222293779511269	0.0715857182392033
0.154259314455831	0.0291924198815566
1.042990826383	0.394180541091972
-0.338530582329419	0.0969729638077002
0.827624029735347	0.347817645508971
0.163583337686415	0.0486596187400795
-0.518947990401155	0.195906357411418
0.677716162542668	0.214611870267994
1.83162438273742	0.716000775412828
0.154392805413983	0.0522705690038812
-0.717468884808632	0.245082515543052
0.174933567082256	0.0439573605408891
0.15823182603157	0.0297179405544109
-1.0225353038078	0.403750407139113
-0.216657809109618	0.0697687117469907
-0.216906973772167	0.0698162939158413
0.159920372276999	0.0476279199969756
2.7590679263751	0.76692961097815
0.15823182603157	0.0297179405544109
0.164468653517054	0.0489167663284228
-1.2700139768975	0.569917136139041
-1.12725353624624	0.339405023147411
0.538672909842541	0.193078624853722
-0.607033387155872	0.29116955261752
1.04246313957759	0.393996072509476
-0.772492594289076	0.33599981026113
0.169762747888229	0.0427831084845497
-1.7975657981284	0.379599665892429
-0.71869462645605	0.245625159522256
-0.719307886400812	0.245829792820617
0.537835862236506	0.192720145890651
2.75805496536761	0.766752929661107
0.956021254579335	0.253830462538477
1.95793128711136	0.437766051086387
0.158989511121608	0.0298299152293259
0.176818183184722	0.0443715906559113
0.165353233252732	0.0491580922731075
1.96141436018454	0.438711417164155
0.174503749901052	0.0438676710334476
-2.47127579562868	1.37412610584272
1.04577073722875	0.395582052714565
0.158989511121608	0.0298299152293259
0.956455214607419	0.253949648163622
1.46398903776532	0.484992681122713
-1.7975657981284	0.379599665892429
-0.344653401104561	0.0986243796684527
2.75704467106166	0.766025498669684
-1.27238367185372	0.571130757873106
0.150960388573741	0.0578814141488162
-1.51042707521765	0.53568486067596
-0.21413668209253	0.0689782373236906
-0.724110175343364	0.247660897147714
-0.620326325745573	0.150885642821786
0.145886829054601	0.0559355092988888
1.46109938210879	0.484014060767982
-0.334830546749113	0.0959542136262779
0.17294827606403	0.0435260072159332
-3.07793266340176	0.957013587093989
-0.761851123910773	0.330313512798555
0.679655237519559	0.215244174521264
-1.03329035215526	0.408782552389305
-1.7975657981284	0.379599665892429
-1.79763019308962	0.379603777700996
-0.720199314130701	0.246072307343885
1.95879552552655	0.437985228139192
-1.12379649940684	0.33819735561451
2.75704467106166	0.766025498669684
-0.624623675797245	0.151937920429117
-1.7975657981284	0.379599665892429
2.75805496536761	0.766752929661107
-1.50824112923963	0.534752090600511
2.75805496536761	0.766752929661107
0.950720958067184	0.252420162622268
0.174503749901052	0.0438676710334476
1.46166504880046	0.484245680586438
-1.02849467792112	0.40651458449095
0.699748323804386	0.327888206509898
1.46166504880046	0.484245680586438
0.82625387160176	0.347107129604409
0.538672909842541	0.193078624853722
-0.723225679429377	0.247243051260999
-0.3031810447765	0.139234770943231
0.450436111391181	0.180774850838104
0.956455214607419	0.253949648163622
0.823888102049168	0.345906037374267
0.162622561049093	0.0484009930995383
-0.715646834778114	0.244453295526364
0.441416153664935	0.176836987172644
0.531358567637365	0.190353154457246
-0.76214123352966	0.33051798936009
-2.57447078703937	0.657780381714024
0.676200627845659	0.214099921395796
0.158989511121608	0.0298299152293259
2.12149136184524	0.947562188308172
-0.982123877660898	0.486048635639571
-0.517006318957255	0.195147442742932
0.826816090554278	0.347389878556976
-0.213293977179729	0.0687362131681472
-2.57447078703937	0.657780381714024
-0.97914902918366	0.484279319220888
0.957025852492456	0.254006696314478
0.956021254579335	0.253830462538477
-0.21725219958623	0.0699489287533772
1.32981288417155	0.579376992880392
-2.06188876692631	0.934347484997078
-0.620473624670499	0.150917804175241
0.16190498991222	0.0302625824147867
0.17294827606403	0.0435260072159332
-1.12669343566207	0.339109154533815
2.75805496536761	0.766752929661107
1.95793128711136	0.437766051086387
-1.79763019308962	0.379603777700996
2.76197196120423	0.768541369225187
1.95879552552655	0.437985228139192
0.675591354383564	0.213968352567141
0.162954029252909	0.0484564307378685
1.46166504880046	0.484245680586438
-0.338530582329419	0.0969729638077002
-0.226846217348346	0.0730041921300852
2.57039970100125	1.42593252284348
-1.15538397476864	0.645201093188753
0.529085877935862	0.189451159381061
1.96141436018454	0.438711417164155
1.27527444013123	0.701986201756967
1.95793128711136	0.437766051086387
-1.51494510157249	0.537750180976637
-2.06621937555122	0.93688402425633
-0.617055950695462	0.150241664375452
3.27025913837768	1.12233669524588
-0.723225679429377	0.247243051260999
0.531600808944957	0.190452833446827
2.12175361138722	0.947733160087778
-1.51005112333445	0.535313721417819
1.46209127003869	0.484377128190959
-1.12881513859764	0.339906487322227
-0.211859399211248	0.068283609988555
-1.12781381973937	0.339579374120096
-3.08203891306948	0.959069086853276
-1.79763019308962	0.379603777700996
-1.12492122665638	0.338668219085241
1.45849632487227	0.482828278090187
-1.79763019308962	0.379603777700996
-0.621333103088639	0.151104040920032
1.95879552552655	0.437985228139192
1.95793128711136	0.437766051086387
0.956021254579335	0.253830462538477
1.95879552552655	0.437985228139192
-2.57821111666453	0.659475059970799
3.64204563210395	1.43174087144813
1.32981847919987	0.579849240847793
1.46498308680977	0.485505347800691
-0.1446627598823	0.051733083076893
-2.57472877667238	0.65760345889815
0.159251072645633	0.0298673857617753
3.64508196443781	1.43367348655271
0.162352652580513	0.0483303505238246
-1.12937501458112	0.339964434622374
-1.12725353624624	0.339405023147411
0.397957500852408	0.179831860627171
0.159251072645633	0.0298673857617753
-1.12379649940684	0.33819735561451
2.11780862301852	0.945248734413775
0.530762262945688	0.190122868111177
0.153584612791313	0.0458452254142868
0.17738312662749	0.0444846964186047
-1.02359505626631	0.404284816719155
0.162352652580513	0.0483303505238246
-2.57421277656498	0.657506382974291
-0.337924641037297	0.0968088152153293
0.159251072645633	0.0298673857617753
0.173940988172143	0.0437550114519682
0.157490246000025	0.0469073344840077
1.04603323538674	0.395528149844171
-0.517923661607974	0.195570709412141
-1.7975657981284	0.379599665892429
-3.45116795416625	1.22074097588692
-3.45228414088993	1.22181665198441
-3.45770349111026	1.22440023898504
1.46265753359042	0.48460907431551
0.959294652844364	0.254663957360155
0.823642509432085	0.345787097083453
-3.07707720857862	0.956361112132394
-1.7975657981284	0.379599665892429
0.158989511121608	0.0298299152293259
-0.620903335937371	0.151058535991718
-1.5094475769206	0.535248673690833
-0.619895187822925	0.150839789138775
-1.7975657981284	0.379599665892429
0.957461191854986	0.254126256439643
1.95793128711136	0.437766051086387
3.27528390840561	1.12443907352294
0.154259314455831	0.0291924198815566
0.158989511121608	0.0298299152293259
0.671045597340039	0.212419421287662
1.46166504880046	0.484245680586438
0.154259314455831	0.0291924198815566
0.153016180557848	0.051821004050093
0.15823182603157	0.0297179405544109
0.15823182603157	0.0297179405544109
1.8373094140835	0.71841767362829
1.82912964257087	0.714770179842855
1.04096305100241	0.393348131713795
-0.215221304062718	0.0693199317381142
-1.50694617487396	0.533975869850246
0.173940988172143	0.0437550114519682
0.824451710034132	0.346189076295124
1.06579457323925	0.514454684207409
-2.57447078703937	0.657780381714024
-0.215815148052618	0.0695090074287807
2.11692464856437	0.944608977413808
-0.34307485466429	0.0982470421897248
0.174763959202438	0.0516989117326982
-1.79763019308962	0.379603777700996
-0.620903335937371	0.151058535991718
0.675948496687313	0.213928974911644
-3.07750490916701	0.956880231933195
0.159251072645633	0.0298673857617753
-1.12837428626612	0.339637586745731
-1.50963745162509	0.535301254327786
0.15823182603157	0.0297179405544109
-2.57472877667238	0.65760345889815
0.157971563808893	0.0296806747786729
-0.621333103088639	0.151104040920032
-3.08160228540496	0.95864568534502
0.159251072645633	0.0298673857617753
1.04360842637382	0.394608583742794
-3.45228414088993	1.22181665198441
2.7590679263751	0.76692961097815
-1.12937501458112	0.339964434622374
-0.216657809109618	0.0697687117469907
0.16323818852145	0.0485873708307168
0.159251072645633	0.0298673857617753
1.46067242606004	0.483688692701864
3.6399901361893	1.43067029650081
1.04122776355439	0.393435934346114
0.959294652844364	0.254663957360155
1.06872518405915	0.516268264543966
2.90482380147283	1.95752597018463
0.168393915595915	0.0499912542478598
-0.619895187822925	0.150839789138775
-1.12937501458112	0.339964434622374
-1.79763019308962	0.379603777700996
0.454205781530215	0.182360151769261
1.04246313957759	0.393996072509476
1.46364987732708	0.48479584486453
-0.344042706429557	0.0984794926451442
0.956021254579335	0.253830462538477
0.53304001957238	0.19090050147971
0.15357905718361	0.0520023014569825
1.04033415471618	0.393059276990575
0.158687948318654	0.0472850694532285
0.17738312662749	0.0444846964186047
0.525737293615157	0.188118349247929
0.673656731319726	0.21327169490293
-3.08203891306948	0.959069086853276
-0.620473624670499	0.150917804175241
2.12456086885217	0.948794418566506
-0.621333103088639	0.151104040920032
-3.08203891306948	0.959069086853276
-0.518644858635781	0.195729988241304
2.7590679263751	0.76692961097815
-0.338896474896558	0.0970421752101679
-2.57847696185857	0.659529736545688
-1.13238809108681	0.341172314702962
0.957025852492456	0.254006696314478
-1.79763019308962	0.379603777700996
0.158989511121608	0.0298299152293259
-1.5094475769206	0.535248673690833
1.45750864016971	0.482642955020513
0.162622561049093	0.0484009930995383
-0.337924641037297	0.0968088152153293
1.57219334501409	0.779074773498945
0.154258941775836	0.059139805250886
0.447996914446478	0.17968538770428
1.46166504880046	0.484245680586438
-0.620326325745573	0.150885642821786
0.453895346031807	0.182255758735635
-1.12881513859764	0.339906487322227
-0.620903335937371	0.151058535991718
-0.222038342595648	0.0714812050319378
1.46067242606004	0.483688692701864
-0.720812943512764	0.246218814324999
0.167786821496111	0.0423548811213711
-1.02671683891162	0.40581238098729
-0.344042706429557	0.0984794926451442
-0.216657809109618	0.0697687117469907
0.15823182603157	0.0297179405544109
0.397223204692072	0.179389550099996
0.159251072645633	0.0298673857617753
-0.620903335937371	0.151058535991718
-1.79763019308962	0.379603777700996
-0.624183598429151	0.151840837481169
0.958855818540361	0.254543321351908
0.173940988172143	0.0437550114519682
1.04210966752671	0.393840140799123
1.95793128711136	0.437766051086387
-1.79763019308962	0.379603777700996
3.27129205644114	1.12317050813274
0.173378039987466	0.0436162262322836
0.956455214607419	0.253949648163622
0.15823182603157	0.0297179405544109
2.76197196120423	0.768541369225187
0.155767123355785	0.0527007872498129
0.674015164989584	0.213380808783075
0.677716162542668	0.214611870267994
1.04095157071845	0.393332373967802
2.75805496536761	0.766752929661107
-1.12825544522804	0.339732258677114
2.11931178949686	0.946188348024025
-3.76151712574605	1.48246223735439
3.64204563210395	1.43174087144813
1.4655515469736	0.485738470948645
0.901982893297367	0.486401285957934
0.956455214607419	0.253949648163622
-0.720199314130701	0.246072307343885
0.154259314455831	0.0291924198815566
-1.13238809108681	0.341172314702962
0.149173995582458	0.0505642485186703
-1.51851441465735	0.539192370342509
-0.766443517958815	0.332594018875036
-1.12725353624624	0.339405023147411
-0.620903335937371	0.151058535991718
-1.12825544522804	0.339732258677114
-1.51396898226758	0.537314617740072
0.956455214607419	0.253949648163622
0.677168456003689	0.214339100225988
0.677168456003689	0.214339100225988
0.695333135270152	0.325454598825694
-1.50982433145335	0.535480148233091
0.827869862391494	0.347914518409003
-3.08203891306948	0.959069086853276
-0.337559379634888	0.0966770330278957
-1.12881513859764	0.339906487322227
-2.57421277656498	0.657506382974291
0.155072032029604	0.0524599648740317
0.158989511121608	0.0298299152293259
0.157971563808893	0.0296806747786729
-0.215815148052618	0.0695090074287807
2.35478745789715	1.17418118721967
2.75805496536761	0.766752929661107
0.678074042401891	0.214702481365457
2.75704467106166	0.766025498669684
0.158687948318654	0.0472850694532285
0.163853552605343	0.0487595972376143
0.177247192199527	0.0444492499698682
0.15823182603157	0.0297179405544109
0.153830475350601	0.0520893555087474
-0.338291342092883	0.0968475173314605
0.167786821496111	0.0423548811213711
0.673526469252074	0.213227712607827
-0.145998858470167	0.0521932143692289
1.57665847201362	0.782477729891176
1.04603323538674	0.395528149844171
1.08835714987709	0.669678043085705
0.157971563808893	0.0296806747786729
2.35867500117237	1.17688948319321
-0.334830546749113	0.0959542136262779
-1.51433726696095	0.537497293520418
0.678685727410979	0.214982042405379
-0.383481560890501	0.159359838809509
-0.714755800696332	0.244129665196273
-0.715034146888943	0.244213254744201
0.956021254579335	0.253830462538477
-1.12825544522804	0.339732258677114
-0.519509789783503	0.196074725737918
0.159251072645633	0.0298673857617753
-2.57472877667238	0.65760345889815
-1.81291187157146	0.734751884578751
-0.620903335937371	0.151058535991718
0.955017933589342	0.253480850166851
0.670081697347895	0.212111377241056
0.956021254579335	0.253830462538477
0.955017933589342	0.253480850166851
-0.33604699779225	0.0962542202740646
-1.7975657981284	0.379599665892429
0.677716162542668	0.214611870267994
0.17294827606403	0.0435260072159332
0.675591354383564	0.213968352567141
0.675591354383564	0.213968352567141
2.11842867036876	0.945672460079198
0.173940988172143	0.0437550114519682
1.82851727583204	0.714435845516616
-1.13755914818091	0.342794698074757
0.173940988172143	0.0437550114519682
2.75805496536761	0.766752929661107
-0.770879742225566	0.335048419348226
-1.12725353624624	0.339405023147411
-0.720199314130701	0.246072307343885
0.533283012472097	0.190984310240227
-0.342463785834028	0.0980578484034576
1.3346506909739	0.582358679746953
-0.519038139240771	0.196086617266171
0.1677792397568	0.0498341730879395
1.06054869994008	0.511395018263471
-0.211266830124093	0.0680954468365414
0.148481745065497	0.0569191251664558
1.33524644261639	0.582691238214885
0.154392805413983	0.0522705690038812
0.153868695124602	0.0589460710470917
3.27232628525746	1.12331698634376
-0.620326325745573	0.150885642821786
0.955450516302873	0.253599562429476
1.04034511892763	0.392920970387567
-0.620903335937371	0.151058535991718
0.400461061436844	0.181131220675408
0.957461191854986	0.254126256439643
0.166549099291362	0.0494747307612768
0.163853552605343	0.0487595972376143
1.56845844012984	0.77703162369255
0.822267625819136	0.345061712364334
-1.81766723004699	0.737367259253776
0.158426007238141	0.0472279903538101
0.676558588301015	0.214207370803977
-2.57821111666453	0.659475059970799
0.958855818540361	0.254543321351908
-1.8089357158134	0.732560649928647
-1.79763019308962	0.379603777700996
-0.767548516176215	0.333001950403129
-0.625191995446008	0.152059991852936
-1.12825544522804	0.339732258677114
-1.7975657981284	0.379599665892429
2.12237275162321	0.948156957082224
1.95879552552655	0.437985228139192
0.67498185747701	0.213690207850534
0.155329250171956	0.0463045349654947
-0.344042706429557	0.0984794926451442
-1.02815379565769	0.406346884447955
2.36037500052639	1.17841315078791
-2.57421277656498	0.657506382974291
-0.338896474896558	0.0970421752101679
1.46597699067366	0.485748477491111
-0.393017455051046	0.163508285723509
-0.215221304062718	0.0693199317381142
-0.524408606515689	0.19813675860559
-3.07707720857862	0.956361112132394
2.11303049784645	0.942168146660762
1.04603323538674	0.395528149844171
-0.61946410648704	0.150698865008898
0.818422599411602	0.343294101023506
0.17294827606403	0.0435260072159332
-3.07750490916701	0.956880231933195
-0.0948604807732728	0.0376299243744259
1.82912964257087	0.714770179842855
-0.617055950695462	0.150241664375452
-0.3395018260887	0.0972061822975938
0.172385921068679	0.0433875285709768
-0.338896474896558	0.0970421752101679
-1.12825544522804	0.339732258677114
-0.21750140385887	0.0700056929839968
-1.79763019308962	0.379603777700996
-1.12825544522804	0.339732258677114
-0.616620021012413	0.150099962492625
-0.719307886400812	0.245829792820617
-0.625630686390319	0.152156798395567
0.15823182603157	0.0297179405544109
0.158989511121608	0.0298299152293259
0.673656731319726	0.21327169490293
-0.723225679429377	0.247243051260999
0.158989511121608	0.0298299152293259
-1.50634046210702	0.533909618105069
0.15823182603157	0.0297179405544109
0.679655237519559	0.215244174521264
0.150799488780929	0.0578200275109856
-0.34307485466429	0.0982470421897248
-0.337559379634888	0.0966770330278957
-1.4866453190493	0.749741297142212
2.76197196120423	0.768541369225187
-1.50922180218546	0.535188573690381
1.28183998326887	0.707336736147182
-1.12769593434811	0.339436368028373
-0.209326795757259	0.0674927390889477
-3.07707720857862	0.956361112132394
-1.48203908604626	0.746891494666068
1.82755032422624	0.713907775987463
-0.395904040590257	0.164946089819945
0.956021254579335	0.253830462538477
-0.605921912402532	0.290956520477867
0.531954615713782	0.190517989079214
0.161460812920862	0.048044569646078
1.33520072787008	0.582923907307515
2.27017544963967	1.75468257881835
1.06876592067837	0.516703461090241
1.82755032422624	0.713907775987463
1.82851727583204	0.714435845516616
3.63896224062815	1.42951913528691
0.823078351695812	0.34550391355806
1.78254817098685	0.994119192463289
1.03791471976137	0.392024637204806
0.952729371406254	0.252945498225285
-0.735285268011359	0.251594352848733
2.12149136184524	0.947562188308172
0.676200627845659	0.214099921395796
-0.620473624670499	0.150917804175241
-0.511194950249505	0.192758058947305
-0.620903335937371	0.151058535991718
1.4604038372023	0.483769829709272
2.76197196120423	0.768541369225187
0.818422599411602	0.343294101023506
-1.12892473218138	0.339990619204617
-1.02194301820446	0.403479228390162
0.525974790890797	0.188312313683146
0.451240643407656	0.181143919700285
-0.341495388738576	0.0977618699341296
1.46209127003869	0.484377128190959
-2.57472877667238	0.65760345889815
-1.79763019308962	0.379603777700996
0.674624067917918	0.213658555919133
1.3366322141597	0.58354097730275
1.04360842637382	0.394608583742794
0.16323818852145	0.0485873708307168
1.96141436018454	0.438711417164155
1.83259355517544	0.716473450995655
2.7590679263751	0.76692961097815
0.529325922387399	0.189451846093382
-1.81553520956245	0.735895954481222
0.157007711765635	0.053125881526133
0.538672909842541	0.193078624853722
1.32813102430531	0.578875818998384
-0.21725219958623	0.0699489287533772
0.137973981471732	0.0529671787355244
1.83259355517544	0.716473450995655
2.11869185323705	0.945764565994132
0.675591354383564	0.213968352567141
3.64101793434512	1.43134239135362
0.165007048838445	0.0490553112296366
-0.516445778893015	0.194901695063007
1.83633740824933	0.718096082890721
-3.07793266340176	0.957013587093989
0.535902929212832	0.192030732305526
-0.221443869104186	0.0712956025102242
-1.80127875869	0.380587746892248
1.46109938210879	0.484014060767982
-0.216906973772167	0.0698162939158413
-1.12781381973937	0.339579374120096
-0.620473624670499	0.150917804175241
-3.45284250285449	1.22194559695964
-1.7975657981284	0.379599665892429
-1.79763019308962	0.379603777700996
0.159251072645633	0.0298673857617753
-1.79763019308962	0.379603777700996
-1.50824112923963	0.534752090600511
-1.4943930606178	0.755752494789379
2.11931178949686	0.946188348024025
-3.45228414088993	1.22181665198441
-0.620326325745573	0.150885642821786
0.173940988172143	0.0437550114519682
0.675232747867266	0.213789953820415
-1.7975657981284	0.379599665892429
1.95793128711136	0.437766051086387
-3.07750490916701	0.956880231933195
0.159251072645633	0.0298673857617753
-2.57847696185857	0.659529736545688
3.64405193165419	1.43312407887711
0.172223255009213	0.0433240097489323
-0.222038342595648	0.0714812050319378
1.0444887245408	0.394848386181826
4.17939269952942	2.00427610225247
-0.388894864966052	0.161759502133941
-0.089477526039044	0.0355787499809259
0.813846347284269	0.340963765880833
0.956455214607419	0.253949648163622
0.674624067917918	0.213658555919133
0.678327026073525	0.214743904761834
-0.146148912480088	0.0522970886883919
-0.783606513176465	0.426851589436857
1.46265753359042	0.48460907431551
1.83223894779093	0.716336716062103
1.04427198623154	0.394656801502761
0.157568112712888	0.0533067915180714
0.167108761088764	0.0725986868480177
0.531600808944957	0.190452833446827
2.12149136184524	0.947562188308172
-1.50922180218546	0.535188573690381
1.46364987732708	0.48479584486453
-2.57821111666453	0.659475059970799
-0.724724871482414	0.247820170566985
-2.28542134277916	1.15258073395903
-0.779110856987045	0.423611286774771
2.74411214650497	1.67639087339411
0.158989511121608	0.0298299152293259
0.162352652580513	0.0483303505238246
-0.338291342092883	0.0968475173314605
0.673656731319726	0.21327169490293
0.174933567082256	0.0439573605408891
0.162954029252909	0.0484564307378685
3.26835783601252	1.12163011968705
0.695380870086302	0.325557520645346
-1.81413444396294	0.735290551794613
1.33436498010043	0.582269865257075
-0.342107054910445	0.0979510037894855
-0.338896474896558	0.0970421752101679
-1.12881513859764	0.339906487322227
-1.7975657981284	0.379599665892429
0.676200627845659	0.214099921395796
2.75704467106166	0.766025498669684
0.159251072645633	0.0298673857617753
2.7590679263751	0.76692961097815
-1.81413444396294	0.735290551794613
1.57219334501409	0.779074773498945
-0.0953528157029049	0.0378480870732348
-0.596833166851532	0.285620487906472
-0.138687649632978	0.0496725258826995
3.26732978575294	1.1211772426211
-0.724724871482414	0.247820170566985
0.957025852492456	0.254006696314478
0.157971563808893	0.0296806747786729
-0.61946410648704	0.150698865008898
2.35953810209334	1.17764249949515
-0.617055950695462	0.150241664375452
-0.344042706429557	0.0984794926451442
-0.0467460823088531	0.0204550228842704
3.64508196443781	1.43367348655271
3.26835783601252	1.12163011968705
3.26732978575294	1.1211772426211
2.11869185323705	0.945764565994132
0.159251072645633	0.0298673857617753
0.677716162542668	0.214611870267994
-0.620473624670499	0.150917804175241
0.173378039987466	0.0436162262322836
-1.82393884725193	1.66155237020347
0.533870485766569	0.191241233041242
1.042990826383	0.394180541091972
-0.785366052512651	0.428484150397487
-0.719921406038465	0.24597629720829
-0.209918881736745	0.0676572575898688
0.173378039987466	0.0436162262322836
0.696947392942228	0.326440852008827
-1.81200943037821	0.734241478143734
3.6399901361893	1.43067029650081
0.15823182603157	0.0297179405544109
-0.337924641037297	0.0968088152153293
-3.45284250285449	1.22194559695964
-1.7975657981284	0.379599665892429
0.158989511121608	0.0298299152293259
-0.620473624670499	0.150917804175241
-0.617055950695462	0.150241664375452
2.7590679263751	0.76692961097815
-1.80127875869	0.380587746892248
-1.79763019308962	0.379603777700996
0.952729371406254	0.252945498225285
-0.624623675797245	0.151937920429117
-1.13238809108681	0.341172314702962
3.93397258257213	1.72120776019779
0.536145192793524	0.192183675780863
-1.50884424560785	0.535043767502043
0.16190498991222	0.0302625824147867
1.46265753359042	0.48460907431551
0.956455214607419	0.253949648163622
0.448246823419833	0.17979017346935
0.958855818540361	0.254543321351908
1.83223894779093	0.716336716062103
1.46209127003869	0.484377128190959
0.176818183184722	0.0443715906559113
0.617000873045615	0.324558152625265
1.46498308680977	0.485505347800691
1.46010735547628	0.483457516052687
-1.81352302981117	0.735065306555984
0.959294652844364	0.254663957360155
1.82851727583204	0.714435845516616
-0.334465167213362	0.0958562903993202
-0.144137039360479	0.0515503896111279
0.152529728097178	0.0661113097500636
0.448524252970948	0.179929065158735
-0.145472337378192	0.0520149972990822
0.162622561049093	0.0484009930995383
-2.77888457050186	1.87539622442292
1.0455067302297	0.395217247583679
0.160797462943699	0.0478523577190902
-0.21725219958623	0.0699489287533772
-1.01941107455962	0.402225234221499
0.677168456003689	0.214339100225988
3.26630303248094	1.12023058934939
-0.71869462645605	0.245625159522256
0.16934280349587	0.0427080042196444
0.159304296973707	0.0474668185471716
1.83162438273742	0.716000775412828
-0.213293977179729	0.0687362131681472
0.162954029252909	0.0484564307378685
0.528236092469745	0.189119596677675
0.676558588301015	0.214207370803977
-0.216657809109618	0.0697687117469907
-3.45284250285449	1.22194559695964
0.675591354383564	0.213968352567141
0.15823182603157	0.0297179405544109
-0.624623675797245	0.151937920429117
1.95793128711136	0.437766051086387
-1.7975657981284	0.379599665892429
-1.13238809108681	0.341172314702962
1.46209127003869	0.484377128190959
0.160845141692418	0.0478627209943367
-0.973169059064484	0.480406925756106
-2.57421277656498	0.657506382974291
1.83009713438939	0.715173729277155
0.831060082574284	0.349407717674873
-0.151004022239328	0.0539473466241998
1.04210966752671	0.393840140799123
-1.5240533266248	0.541336084031251
-0.337559379634888	0.0966770330278957
0.17294827606403	0.0435260072159332
2.75704467106166	0.766025498669684
1.83009713438939	0.715173729277155
1.4655515469736	0.485738470948645
0.158426007238141	0.0472279903538101
0.818985271608812	0.343479725639711
0.956455214607419	0.253949648163622
-0.51438298636481	0.194118813219938
-1.59662388019265	1.22632898934724
-2.27704462948298	1.14584565989562
-0.214973425440132	0.0692286309045475
0.151688143489016	0.0657162822547144
0.675591354383564	0.213968352567141
0.955450516302873	0.253599562429476
0.69452521530328	0.324875108039397
3.93397258257213	1.72120776019779
0.671045597340039	0.212419421287662
0.82518573999514	0.346497055187767
0.959294652844364	0.254663957360155
0.159920372276999	0.0476279199969756
0.674264818482823	0.213402910671394
1.03791471976137	0.392024637204806
0.823642509432085	0.345787097083453
-1.12825544522804	0.339732258677114
-3.08160228540496	0.95864568534502
-1.81676990665961	0.736858778572184
-1.12781381973937	0.339579374120096
-0.717804035722151	0.245206559878684
-1.79763019308962	0.379603777700996
-2.0664893400213	0.937220897064085
-3.46089363260511	1.22607174819433
-1.13698868821346	0.342607629634493
-0.620903335937371	0.151058535991718
0.174503749901052	0.0438676710334476
1.46945961132821	0.486963363732961
-0.51438298636481	0.194118813219938
-1.81200943037821	0.734241478143734
1.46398903776532	0.484992681122713
0.173940988172143	0.0437550114519682
0.820593337460022	0.34423821440952
-0.711699744842696	0.242910015965495
-0.62133920787282	0.151240698635141
0.162352652580513	0.0483303505238246
0.96272254042429	0.255477208819605
0.675591354383564	0.213968352567141
0.156194652005494	0.0528469788655222
0.1677792397568	0.0498341730879395
-0.227441017787439	0.0731781771853789
-0.625630686390319	0.152156798395567
1.4604038372023	0.483769829709272
1.04033415471618	0.393059276990575
0.677716162542668	0.214611870267994
0.367903885145465	0.186577917330017
2.75704467106166	0.766025498669684
-0.522217673493657	0.197342207603961
-0.527119627164007	0.199235556302892
-1.81474611422927	0.735349939090998
0.16323818852145	0.0485873708307168
0.818985271608812	0.343479725639711
-0.782445287688939	0.425578306637313
-1.13182284417153	0.340904867919198
0.531600808944957	0.190452833446827
0.164122988767051	0.0488286730136595
0.153830475350601	0.0520893555087474
1.4655515469736	0.485738470948645
0.822832332666427	0.345345001072504
0.447191186095611	0.179329255309907
-0.343432234206214	0.0982903961052269
-0.522217673493657	0.197342207603961
2.35700222344558	1.17564373523042
3.26732978575294	1.1211772426211
0.158989511121608	0.0298299152293259
-1.79763019308962	0.379603777700996
-1.12781381973937	0.339579374120096
1.46010735547628	0.483457516052687
-0.3395018260887	0.0972061822975938
-1.79763019308962	0.379603777700996
-1.12769593434811	0.339436368028373
-1.80127875869	0.380587746892248
1.33065013736382	0.580048564914345
-0.216409245079586	0.0696890647462961
0.154192255174172	0.0590704178770629
0.956455214607419	0.253949648163622
2.75704467106166	0.766025498669684
1.46109938210879	0.484014060767982
0.162171049505848	0.0303007576998756
3.26630303248094	1.12023058934939
0.955017933589342	0.253480850166851
0.15823182603157	0.0297179405544109
0.825444392705623	0.34659656094829
1.78090512537986	0.992363730439769
0.532196819047093	0.190683131950839
-0.145866306322633	0.052205308942621
0.531600808944957	0.190452833446827
0.677105074382106	0.214332831776124
0.16190498991222	0.0302625824147867
-0.719921406038465	0.24597629720829
0.530519377174053	0.189974136950743
0.401343300915061	0.181448417050972
3.27232628525746	1.12331698634376
-0.71869462645605	0.245625159522256
0.160693985124341	0.0542834013578753
0.150259193239036	0.0652705612856139
0.154259314455831	0.0291924198815566
2.12263439025233	0.948179078254044
-1.81370026014743	0.735177636322616
0.160845141692418	0.0478627209943367
-1.7975657981284	0.379599665892429
-3.75658350496235	1.47972368837861
-1.81308914101625	0.734624658691678
-1.12937501458112	0.339964434622374
-0.625191995446008	0.152059991852936
-0.619895187822925	0.150839789138775
0.17351044503084	0.0436385160120603
1.95793128711136	0.437766051086387
-1.13755914818091	0.342794698074757
0.159251072645633	0.0298673857617753
-1.79763019308962	0.379603777700996
-0.624183598429151	0.151840837481169
2.75704467106166	0.766025498669684
-1.12881513859764	0.339906487322227
-0.617491939447093	0.150288713008559
-2.57447078703937	0.657780381714024
-1.27515579333082	0.572572197762208
0.15823182603157	0.0297179405544109
0.956455214607419	0.253949648163622
1.33436498010043	0.582269865257075
-1.83407114995771	1.15478725029289
1.5724348757785	0.779685464655591
1.03791471976137	0.392024637204806
-1.27320878623511	0.571826806588651
0.159042375477486	0.0473891494040675
-2.57472877667238	0.65760345889815
0.17351044503084	0.0436385160120603
0.821612971150663	0.344902213197152
-3.08203891306948	0.959069086853276
0.676558588301015	0.214207370803977
0.36203230867701	0.203851635532729
1.57561119411556	0.781990254778656
1.3299696153342	0.579592376297432
-0.520968071351692	0.196743286721813
-0.338291342092883	0.0968475173314605
0.15823182603157	0.0297179405544109
-1.49387342722454	0.755322975826553
0.677716162542668	0.214611870267994
0.674143348272808	0.213431626689393
1.77275579207158	1.38768115743923
-0.337559379634888	0.0966770330278957
2.75805496536761	0.766752929661107
-0.620903335937371	0.151058535991718
-0.617055950695462	0.150241664375452
-0.620903335937371	0.151058535991718
1.45849632487227	0.482828278090187
0.824348592146784	0.345986417696429
-1.12492122665638	0.338668219085241
1.04638771946291	0.395714063580135
0.956021254579335	0.253830462538477
0.174933567082256	0.0439573605408891
0.166260955203852	0.0493457353508282
0.676200627845659	0.214099921395796
2.75704467106166	0.766025498669684
-0.620473624670499	0.150917804175241
0.163216121532018	0.0485245766457704
-1.7975657981284	0.379599665892429
-1.79763019308962	0.379603777700996
0.153016180557848	0.051821004050093
0.52968127803567	0.189632310501113
0.17294827606403	0.0435260072159332
-0.3395018260887	0.0972061822975938
1.96141436018454	0.438711417164155
0.956021254579335	0.253830462538477
1.95793128711136	0.437766051086387
-0.624623675797245	0.151937920429117
3.27025913837768	1.12233669524588
-2.57421277656498	0.657506382974291
1.95793128711136	0.437766051086387
2.75805496536761	0.766752929661107
0.159251072645633	0.0298673857617753
0.163853552605343	0.0487595972376143
0.955017933589342	0.253480850166851
1.04360842637382	0.394608583742794
0.674624067917918	0.213658555919133
-0.621333103088639	0.151104040920032
0.16934280349587	0.0427080042196444
2.76095211479574	0.768066673537379
-0.717804035722151	0.245206559878684
-0.155451938364917	0.0555104147794432
1.96141436018454	0.438711417164155
0.677168456003689	0.214339100225988
0.174933567082256	0.0439573605408891
0.819227685269736	0.343693096468269
1.04422575936648	0.394740889448914
3.93619624132367	1.72285510420218
0.951724523631597	0.252769110062367
1.95879552552655	0.437985228139192
0.397957500852408	0.179831860627171
0.957461191854986	0.254126256439643
-1.50884424560785	0.535043767502043
-1.7975657981284	0.379599665892429
-0.616620021012413	0.150099962492625
-0.625630686390319	0.152156798395567
-3.08160228540496	0.95864568534502
-1.13338534815793	0.341498686250824
-0.619895187822925	0.150839789138775
-3.07793266340176	0.957013587093989
-1.7975657981284	0.379599665892429
-1.7975657981284	0.379599665892429
0.158989511121608	0.0298299152293259
0.155282002123357	0.02934225636165
-0.621333103088639	0.151104040920032
0.956455214607419	0.253949648163622
0.952729371406254	0.252945498225285
-0.625191995446008	0.152059991852936
0.164122988767051	0.0488286730136595
-0.215815148052618	0.0695090074287807
1.95793128711136	0.437766051086387
0.670430931165646	0.212216518896251
1.4604038372023	0.483769829709272
-0.338530582329419	0.0969729638077002
1.04665020030324	0.395956904990197
-0.724110175343364	0.247660897147714
0.172385921068679	0.0433875285709768
0.683153210828658	0.318875747590413
0.830240426965074	0.348995445837094
-1.81291187157146	0.734751884578751
-0.517567096912483	0.195373080592303
-0.340593087152544	0.0975352685660813
-0.625630686390319	0.152156798395567
2.35783908683091	1.17632259504716
-0.145344570977986	0.0520206122062214
-0.976881419640825	0.483030325152663
-0.617055950695462	0.150241664375452
-0.523032334451301	0.197668387893991
-1.83191334274501	1.15236550996434
0.673656731319726	0.21327169490293
0.674624067917918	0.213658555919133
2.75805496536761	0.766752929661107
0.17738312662749	0.0444846964186047
1.04272737841263	0.394268038065867
1.33603551913475	0.58343053611899
3.6399901361893	1.43067029650081
-1.51024784902404	0.535717552327617
-0.619895187822925	0.150839789138775
0.15823182603157	0.0297179405544109
-1.7975657981284	0.379599665892429
2.12263439025233	0.948179078254044
-0.61946410648704	0.150698865008898
2.11842867036876	0.945672460079198
2.12060907139227	0.946711025116316
-1.79763019308962	0.379603777700996
-1.7975657981284	0.379599665892429
-2.57472877667238	0.65760345889815
0.554568715413759	0.323001834195925
3.27025913837768	1.12233669524588
0.691723790090258	0.323274815281663
-2.06562856799678	0.936659279965039
-3.07750490916701	0.956880231933195
-0.620473624670499	0.150917804175241
2.75704467106166	0.766025498669684
0.159251072645633	0.0298673857617753
-0.61946410648704	0.150698865008898
0.957461191854986	0.254126256439643
-0.625191995446008	0.152059991852936
-0.718417185790278	0.245411018109158
0.15823182603157	0.0297179405544109
1.83045100463037	0.715045718111181
1.06903480350602	0.516605281541135
-0.212452220411149	0.0684629276040467
0.527404119121822	0.188820766466342
0.154392805413983	0.0522705690038812
-0.765918596168096	0.332344936277861
-0.621333103088639	0.151104040920032
-0.724996456084797	0.247901521017459
0.533034126671957	0.190984669183042
-3.45284250285449	1.22194559695964
-0.514641699367006	0.194166196064157
2.75805496536761	0.766752929661107
0.158989511121608	0.0298299152293259
2.56550634810569	1.42179042251005
1.33832717539423	0.584318770270918
1.83065515075678	0.71528955791634
0.175496922320134	0.0440701137079318
0.157819787360587	0.0533909827533473
1.3366322141597	0.58354097730275
0.16323818852145	0.0485873708307168
0.959294652844364	0.254663957360155
-1.12825544522804	0.339732258677114
2.35783908683091	1.17632259504716
-0.338530582329419	0.0969729638077002
-0.334830546749113	0.0959542136262779
-0.717804035722151	0.245206559878684
-2.57447078703937	0.657780381714024
-1.79763019308962	0.379603777700996
-1.7975657981284	0.379599665892429
-1.12781381973937	0.339579374120096
-1.7975657981284	0.379599665892429
-1.27403485633299	0.572049719008217
-0.719307886400812	0.245829792820617
-1.81291187157146	0.734751884578751
0.177812920485068	0.0445891130396879
0.15823182603157	0.0297179405544109
0.955573890382782	0.253753322308027
1.46209127003869	0.484377128190959
-1.12725353624624	0.339405023147411
-1.12781381973937	0.339579374120096
-1.01961996141662	0.402291790995673
1.83162438273742	0.716000775412828
0.534470172870219	0.191495164180491
-1.28166901315573	0.576645306656542
-1.01856232210606	0.401844162864408
0.823888102049168	0.345906037374267
0.172223255009213	0.0433240097489323
1.95879552552655	0.437985228139192
0.157259696796029	0.0532031124835433
-2.57847696185857	0.659529736545688
-0.340107395831878	0.0973408882698726
-0.517825107309169	0.195474359908123
0.685736175939331	0.319948124636967
0.678685727410979	0.214982042405379
0.156447071209317	0.052937950851718
0.824206423319396	0.345940153507605
1.4655515469736	0.485738470948645
0.153267904345544	0.0519012670754554
0.151787472514646	0.0514129164609266
-0.718081625995024	0.245384533690959
1.06374056183187	0.513458343398046
-0.720199314130701	0.246072307343885
-0.51438298636481	0.194118813219938
-1.33176187290261	0.837661751575053
1.04122776355439	0.393435934346114
-1.12725353624624	0.339405023147411
0.150740222782873	0.0577273386353291
0.174933567082256	0.0439573605408891
0.16323818852145	0.0485873708307168
-0.517264023236703	0.195228260106643
1.95793128711136	0.437766051086387
1.46618406878612	0.918362595976008
0.158989511121608	0.0298299152293259
0.15823182603157	0.0297179405544109
-3.75288411079685	1.47718399320021
-0.21725219958623	0.0699489287533772
0.172223255009213	0.0433240097489323
0.679297187320958	0.21511425797511
1.042990826383	0.394180541091972
0.533034126671957	0.190984669183042
3.26732978575294	1.1211772426211
0.15823182603157	0.0297179405544109
0.956021254579335	0.253830462538477
-1.80127875869	0.380587746892248
0.159251072645633	0.0298673857617753
0.956455214607419	0.253949648163622
0.15823182603157	0.0297179405544109
0.957025852492456	0.254006696314478
0.178378460373537	0.04470234426639
0.160350880411685	0.0779751119939726
0.448662660656707	0.180055741516578
0.67498185747701	0.213690207850534
-2.06562856799678	0.936659279965039
1.95879552552655	0.437985228139192
0.158989511121608	0.0298299152293259
-1.7975657981284	0.379599665892429
1.95879552552655	0.437985228139192
2.75805496536761	0.766752929661107
0.155282002123357	0.02934225636165
0.169276668042905	0.0502222390274525
0.149505167794944	0.0573138835517536
0.167164301060576	0.0496616909525181
0.158989511121608	0.0298299152293259
1.46067242606004	0.483688692701864
2.11842867036876	0.945672460079198
0.530762262945688	0.190122868111177
0.17294827606403	0.0435260072159332
4.17847139446736	2.00361183825127
0.956455214607419	0.253949648163622
-0.71869462645605	0.245625159522256
1.4655515469736	0.485738470948645
0.526808022811829	0.188639363777938
0.675591354383564	0.213968352567141
-1.01915358936262	0.402069935250146
-1.51494510157249	0.537750180976637
0.823078351695812	0.34550391355806
-0.339979595307007	0.0973896500376519
0.174503749901052	0.0438676710334476
0.955017933589342	0.253480850166851
0.955450516302873	0.253599562429476
-0.624623675797245	0.151937920429117
0.16934280349587	0.0427080042196444
-0.621333103088639	0.151104040920032
2.11931178949686	0.946188348024025
1.06872518405915	0.516268264543966
1.95879552552655	0.437985228139192
1.04515347900522	0.395153426226023
1.95793128711136	0.437766051086387
-1.13282069800183	0.341231258763963
-1.79763019308962	0.379603777700996
1.96141436018454	0.438711417164155
0.157971563808893	0.0296806747786729
-0.71869462645605	0.245625159522256
-1.12725353624624	0.339405023147411
-1.13282069800183	0.341231258763963
-2.57472877667238	0.65760345889815
-2.57421277656498	0.657506382974291
-3.45228414088993	1.22181665198441
0.157971563808893	0.0296806747786729
0.960305402281055	0.254935680101795
-0.619895187822925	0.150839789138775
-0.621784192774111	0.151338791569665
1.95793128711136	0.437766051086387
-0.340593087152544	0.0975352685660813
0.1677792397568	0.0498341730879395
-0.629952122229771	0.153143156080765
-0.619895187822925	0.150839789138775
-3.07750490916701	0.956880231933195
-0.770644401156689	0.334882706894186
1.46455689811314	0.485225385720349
0.154081774580399	0.0521624398881256
-0.221795146446767	0.0713909265902863
0.674624067917918	0.213658555919133
0.679655237519559	0.215244174521264
0.154392805413983	0.0522705690038812
0.392764877199563	0.177360356963154
0.173940988172143	0.0437550114519682
-0.337924641037297	0.0968088152153293
0.674143348272808	0.213431626689393
-0.338530582329419	0.0969729638077002
2.76095211479574	0.768066673537379
0.955450516302873	0.253599562429476
0.17294827606403	0.0435260072159332
-1.02050258479106	0.402614988151568
0.18127730244519	0.0453161194650634
1.33603551913475	0.58343053611899
0.957461191854986	0.254126256439643
-1.50824112923963	0.534752090600511
-1.13338534815793	0.341498686250824
0.956021254579335	0.253830462538477
1.83320872066104	0.716809839835328
-2.06129942058467	0.933944478436013
1.57641681681789	0.782645066717777
1.82816209415628	0.714241631039221
1.96141436018454	0.438711417164155
0.175496922320134	0.0440701137079318
-0.719307886400812	0.245829792820617
-1.79763019308962	0.379603777700996
0.17738312662749	0.0444846964186047
0.822832332666427	0.345345001072504
0.159251072645633	0.0298673857617753
-1.12881513859764	0.339906487322227
-1.01738053439372	0.401259074889294
0.955017933589342	0.253480850166851
0.177812920485068	0.0445891130396879
1.04096305100241	0.393348131713795
-1.48634888119028	0.74990156261755
1.96141436018454	0.438711417164155
0.159251072645633	0.0298673857617753
-2.57447078703937	0.657780381714024
0.958855818540361	0.254543321351908
0.673526469252074	0.213227712607827
1.95793128711136	0.437766051086387
0.165646851928473	0.0491636311972397
-1.49676838118172	0.757327181789476
2.35953810209334	1.17764249949515
0.816575088734855	0.342349531411367
-0.218086982244107	0.0702671839866222
0.447091871824143	0.179372760704001
0.163853552605343	0.0487595972376143
-0.225419719087584	0.0725470038495738
0.162171049505848	0.0303007576998756
0.959865181244613	0.254814612498812
0.15823182603157	0.0297179405544109
0.173940988172143	0.0437550114519682
-1.79763019308962	0.379603777700996
1.95879552552655	0.437985228139192
-1.50573496603534	0.533703959061235
0.67498185747701	0.213690207850534
3.26732978575294	1.1211772426211
0.670081697347895	0.212111377241056
2.75805496536761	0.766752929661107
3.64101793434512	1.43134239135362
1.46209127003869	0.484377128190959
-1.13238809108681	0.341172314702962
0.166894126545373	0.0495801423286346
-1.50884424560785	0.535043767502043
-0.620326325745573	0.150885642821786
-1.0225353038078	0.403750407139113
0.676200627845659	0.214099921395796
0.15823182603157	0.0297179405544109
0.16190498991222	0.0302625824147867
0.676200627845659	0.214099921395796
0.158379638686509	0.0535717951029833
0.44327215414316	0.17771447008811
0.824908208115727	0.346355216780035
1.32981847919987	0.579849240847793
1.042990826383	0.394180541091972
-0.521658376564381	0.197103710433116
2.75704467106166	0.766025498669684
0.16323818852145	0.0485873708307168
0.172385921068679	0.0433875285709768
0.174933567082256	0.0439573605408891
0.956021254579335	0.253830462538477
1.46265753359042	0.48460907431551
3.64101793434512	1.43134239135362
0.956021254579335	0.253830462538477
1.46654605141329	0.485981855384374
-3.07707720857862	0.956361112132394
-0.719569672768412	0.245942451655049
-1.7975657981284	0.379599665892429
0.164738242561747	0.0490009495728858
-0.619895187822925	0.150839789138775
0.168774858509076	0.0425819447497206
-0.625191995446008	0.152059991852936
-1.79763019308962	0.379603777700996
0.157971563808893	0.0296806747786729
-1.7975657981284	0.379599665892429
-0.620903335937371	0.151058535991718
-1.51336055363438	0.537061579976289
-1.80127875869	0.380587746892248
-0.619895187822925	0.150839789138775
0.169762747888229	0.0427831084845497
0.17294827606403	0.0435260072159332
-3.07750490916701	0.956880231933195
0.160797462943699	0.0478523577190902
3.26630303248094	1.12023058934939
0.173940988172143	0.0437550114519682
0.534117853643867	0.191343177429969
-0.719921406038465	0.24597629720829
2.56151137110231	1.41766184479802
-0.717804035722151	0.245206559878684
1.04007667172615	0.392839871352892
-0.213293977179729	0.0687362131681472
0.165353233252732	0.0491580922731075
-1.51336055363438	0.537061579976289
-1.81384334567005	0.734839319885334
0.157809365437772	0.0470462908960921
0.828185454384309	0.347969212421182
0.157568112712888	0.0533067915180714
0.447164211644563	0.179173220767609
0.531004542224133	0.190160354232034
3.64710400400511	1.43385490736823
-1.81352302981117	0.735065306555984
1.95879552552655	0.437985228139192
0.692532404089303	0.323793911411476
1.33208469099746	0.58115584608196
2.12325323580269	0.948602765952738
-0.714143223212392	0.243889779741797
1.82399204056179	0.712148377760895
0.154259314455831	0.0291924198815566
0.531600808944957	0.190452833446827
0.158989511121608	0.0298299152293259
-0.223733751445273	0.072028552436995
1.46398903776532	0.484992681122713
1.83045100463037	0.715045718111181
-1.27646499935786	0.573640288037447
-1.7975657981284	0.379599665892429
-0.213293977179729	0.0687362131681472
-0.334465167213362	0.0958562903993202
-0.337318918589577	0.0966140796949229
0.162622561049093	0.0484009930995383
0.531954615713782	0.190517989079214
0.174370024960364	0.0438183729016174
1.83572003024131	0.717758246473073
0.171707889808857	0.050888867940594
-1.79763019308962	0.379603777700996
1.95793128711136	0.437766051086387
0.956021254579335	0.253830462538477
-0.221795146446767	0.0713909265902863
-0.231023151465072	0.115404851913362
-0.144946030904406	0.0518319984756812
0.162171049505848	0.0303007576998756
-0.216657714135014	0.0698098910080456
-0.715646834778114	0.244453295526364
0.955450516302873	0.253599562429476
-1.02000263547267	0.402451186762966
1.95879552552655	0.437985228139192
1.95793128711136	0.437766051086387
-3.07707720857862	0.956361112132394
-0.624623675797245	0.151937920429117
-0.617491939447093	0.150288713008559
0.157971563808893	0.0296806747786729
0.173378039987466	0.0436162262322836
0.157971563808893	0.0296806747786729
3.26835783601252	1.12163011968705
3.26835783601252	1.12163011968705
1.95879552552655	0.437985228139192
0.827062362966711	0.347535018691045
0.956455214607419	0.253949648163622
-1.79763019308962	0.379603777700996
-0.624183598429151	0.151840837481169
2.12570455528211	0.949702563350638
0.536386835238158	0.192220018139766
-0.514082532309656	0.193921443427214
3.64101793434512	1.43134239135362
0.157971563808893	0.0296806747786729
0.174503749901052	0.0438676710334476
0.954564259091026	0.253482299647149
0.15823182603157	0.0297179405544109
0.168354166613062	0.0424807140134561
0.144263333810245	0.0552930317077579
1.82948417010899	0.714838990299682
0.670081697347895	0.212111377241056
0.955450516302873	0.253599562429476
-0.339136742629042	0.0971078731889835
0.153830475350601	0.0520893555087474
-1.13395018438652	0.341592389781504
0.451765865281851	0.181387363507285
-1.7975657981284	0.379599665892429
1.95879552552655	0.437985228139192
-0.621333103088639	0.151104040920032
-0.620326325745573	0.150885642821786
-0.515760744495211	0.19459595864315
0.15823182603157	0.0297179405544109
0.155282002123357	0.02934225636165
0.159251072645633	0.0298673857617753
-1.79763019308962	0.379603777700996
-1.7975657981284	0.379599665892429
0.159251072645633	0.0298673857617753
-0.625630686390319	0.152156798395567
1.95793128711136	0.437766051086387
1.95793128711136	0.437766051086387
0.158989511121608	0.0298299152293259
0.175496922320134	0.0440701137079318
1.4604038372023	0.483769829709272
-1.51494510157249	0.537750180976637
-1.79763019308962	0.379603777700996
0.180709566490231	0.0452024551059557
0.177812920485068	0.0445891130396879
-0.33507409718716	0.0959919997809414
4.37983314298142	2.27062261648921
1.95793128711136	0.437766051086387
-1.81200943037821	0.734241478143734
-0.222282150898245	0.0715311175279888
0.956021254579335	0.253830462538477
-1.13338534815793	0.341498686250824
-2.06530788404037	0.936496100496138
0.159304296973707	0.0474668185471716
-0.0949771463168987	0.0377152855282211
-0.523032334451301	0.197668387893991
0.174503749901052	0.0438676710334476
-1.81799459045243	0.737492070536281
1.96729185299047	1.23077645051277
1.33208469099746	0.58115584608196
-0.521658376564381	0.197103710433116
0.526211669677007	0.188366258201689
0.367382247073767	0.186290523745983
-1.02194301820446	0.403479228390162
-1.27376859523398	0.572115256020773
-0.714421718032391	0.243912186782782
1.06739733051201	0.515491638140863
3.93397258257213	1.72120776019779
0.173378039987466	0.0436162262322836
0.955450516302873	0.253599562429476
0.174933567082256	0.0439573605408891
3.64405193165419	1.43312407887711
1.32813102430531	0.578875818998384
-2.06589848871781	0.936900543147092
1.32895982031076	0.579263180124304
0.674015164989584	0.213380808783075
0.16323818852145	0.0485873708307168
0.955017933589342	0.253480850166851
-0.521403994764915	0.196949544068639
1.46209127003869	0.484377128190959
-3.75288411079685	1.47718399320021
-0.620473624670499	0.150917804175241
3.9371926868257	1.72364294570268
1.46498308680977	0.485505347800691
1.46109938210879	0.484014060767982
-0.337559379634888	0.0966770330278957
0.15823182603157	0.0297179405544109
0.959865181244613	0.254814612498812
-1.12949217626836	0.340258306499887
1.95879552552655	0.437985228139192
0.960305402281055	0.254935680101795
-1.79763019308962	0.379603777700996
-0.719307886400812	0.245829792820617
0.530750780741859	0.19013343293214
-0.212107996589827	0.0683682958385105
-2.06708043814016	0.937445840046902
-2.06503800706302	0.936339193932813
-2.57421277656498	0.657506382974291
-1.27264921265823	0.571489965817473
-3.45172595803352	1.22146685013561
0.677716162542668	0.214611870267994
0.956021254579335	0.253830462538477
-1.7975657981284	0.379599665892429
2.76095211479574	0.768066673537379
0.176253051776925	0.0442319878724308
0.951724523631597	0.252769110062367
0.677716162542668	0.214611870267994
0.675591354383564	0.213968352567141
0.951724523631597	0.252769110062367
-1.02220030668553	0.403399409057447
2.35867500117237	1.17688948319321
-1.12881513859764	0.339906487322227
-1.13238809108681	0.341172314702962
-0.722881564981813	0.247143842823858
1.33124526814043	0.580684485642859
1.46109938210879	0.484014060767982
0.162968126753743	0.0485024678975847
0.679297187320958	0.21511425797511
1.82755032422624	0.713907775987463
2.57039970100125	1.42593252284348
0.177812920485068	0.0445891130396879
0.957025852492456	0.254006696314478
-1.51494510157249	0.537750180976637
-0.33507409718716	0.0959919997809414
0.677168456003689	0.214339100225988
0.955017933589342	0.253480850166851
1.04726688944174	0.396088731238016
0.17294827606403	0.0435260072159332
-1.7975657981284	0.379599665892429
-0.340593087152544	0.0975352685660813
0.159251072645633	0.0298673857617753
-0.330743055504182	0.0948165849361726
0.153267904345544	0.0519012670754554
0.159251072645633	0.0298673857617753
1.95793128711136	0.437766051086387
-1.12881513859764	0.339906487322227
-0.620473624670499	0.150917804175241
-3.07750490916701	0.956880231933195
-2.57847696185857	0.659529736545688
-0.721067114947851	0.246487833064577
0.173940988172143	0.0437550114519682
1.33436498010043	0.582269865257075
0.957461191854986	0.254126256439643
-1.79763019308962	0.379603777700996
-2.57421277656498	0.657506382974291
1.95879552552655	0.437985228139192
0.158989511121608	0.0298299152293259
-0.619895187822925	0.150839789138775
-3.07750490916701	0.956880231933195
1.95879552552655	0.437985228139192
0.159251072645633	0.0298673857617753
-0.625630686390319	0.152156798395567
3.26732978575294	1.1211772426211
-1.13338534815793	0.341498686250824
1.95793128711136	0.437766051086387
0.525974790890797	0.188312313683146
0.173378039987466	0.0436162262322836
0.958855818540361	0.254543321351908
0.149180842462169	0.0571985256612232
0.162076211336348	0.0482055172019256
-1.27383344507062	0.572359048200157
0.163853552605343	0.0487595972376143
-0.21725219958623	0.0699489287533772
0.158989511121608	0.0298299152293259
-0.601008956207657	0.28779238853772
-2.07036415878263	0.940048810523718
-0.715981733394295	0.244480287622429
1.57746265819892	0.78295039641865
-0.71869462645605	0.245625159522256
-0.335438661955823	0.0961186879895653
0.526808022811829	0.188639363777938
-0.71869462645605	0.245625159522256
-1.79763019308962	0.379603777700996
0.822832332666427	0.345345001072504
-0.521962978330536	0.197163065238212
-1.81413444396294	0.735290551794613
0.67498185747701	0.213690207850534
0.154259314455831	0.0291924198815566
1.46597699067366	0.485748477491111
1.0418455851348	0.393863567086238
1.04096305100241	0.393348131713795
-0.216657809109618	0.0697687117469907
0.15823182603157	0.0297179405544109
0.957461191854986	0.254126256439643
-1.13395018438652	0.341592389781504
-1.80127875869	0.380587746892248
-0.624623675797245	0.151937920429117
-1.7975657981284	0.379599665892429
0.147960825378238	0.0566369660641626
0.680267294542255	0.215376555237081
1.46498308680977	0.485505347800691
0.673656731319726	0.21327169490293
1.04360842637382	0.394608583742794
-1.80127875869	0.380587746892248
-0.625191995446008	0.152059991852936
0.165007048838445	0.0490553112296366
-0.340107395831878	0.0973408882698726
-1.51103003363439	0.535749564246176
1.04272737841263	0.394268038065867
0.158426007238141	0.0472279903538101
1.58127511163447	0.785745335574497
0.675591354383564	0.213968352567141
2.7590679263751	0.76692961097815
-2.57821111666453	0.659475059970799
1.46308301616168	0.484563679444736
-1.7975657981284	0.379599665892429
0.15823182603157	0.0297179405544109
0.959865181244613	0.254814612498812
-1.7975657981284	0.379599665892429
0.532438411561851	0.190754397880712
0.158379638686509	0.0535717951029833
-0.216409245079586	0.0696890647462961
0.15823182603157	0.0297179405544109
-0.342107054910445	0.0979510037894855
0.830800143340358	0.349277485913624
-0.334465167213362	0.0958562903993202
1.96141436018454	0.438711417164155
0.67498185747701	0.213690207850534
0.535308159768992	0.19186644934071
1.46846293168858	0.486570444742071
2.76095211479574	0.768066673537379
0.539508988949491	0.193360729428661
0.173940988172143	0.0437550114519682
0.823642509432085	0.345787097083453
-1.13238809108681	0.341172314702962
1.46498308680977	0.485505347800691
0.157546606671046	0.0469737944802553
0.174933567082256	0.0439573605408891
0.176818183184722	0.0443715906559113
0.14379168212386	0.055162225856084
3.6430217955396	1.43205157105291
-3.07793266340176	0.957013587093989
-0.720812943512764	0.246218814324999
1.46209127003869	0.484377128190959
1.95879552552655	0.437985228139192
0.680267294542255	0.215376555237081
-0.617055950695462	0.150241664375452
0.176818183184722	0.0443715906559113
0.158202431453599	0.0297753629586498
-0.389223495209093	0.161850972842159
0.16190498991222	0.0302625824147867
1.46067242606004	0.483688692701864
0.159630111454543	0.0539508687128184
0.158989511121608	0.0298299152293259
1.46498308680977	0.485505347800691
0.159251072645633	0.0298673857617753
-1.13282069800183	0.341231258763963
-0.619895187822925	0.150839789138775
-1.79763019308962	0.379603777700996
-1.79763019308962	0.379603777700996
2.90433008366302	1.95687123998847
-2.57447078703937	0.657780381714024
0.159251072645633	0.0298673857617753
-1.79763019308962	0.379603777700996
0.158989511121608	0.0298299152293259
-1.12725353624624	0.339405023147411
-0.601386455572773	0.287955636311494
0.532438411561851	0.190754397880712
-0.61946410648704	0.150698865008898
-1.13238809108681	0.341172314702962
-0.625630686390319	0.152156798395567
-0.781475285187521	0.340397007351158
0.161460812920862	0.048044569646078
0.447033508771595	0.179332628177769
-0.338291342092883	0.0968475173314605
-1.12881513859764	0.339906487322227
0.533034126671957	0.190984669183042
0.162338925211519	0.0482955049730846
-1.81799459045243	0.737492070536281
-1.13238809108681	0.341172314702962
1.03817079597271	0.392088459196863
-0.216063671871124	0.0695794401283131
0.534117853643867	0.191343177429969
0.956021254579335	0.253830462538477
-0.620903335937371	0.151058535991718
-3.07750490916701	0.956880231933195
-0.624623675797245	0.151937920429117
0.156202459005618	0.0528184100896558
0.17294827606403	0.0435260072159332
2.76197196120423	0.768541369225187
0.674624067917918	0.213658555919133
-3.07793266340176	0.957013587093989
0.173378039987466	0.0436162262322836
-2.57821111666453	0.659475059970799
-0.518947990401155	0.195906357411418
0.674015164989584	0.213380808783075
2.12087192734391	0.947138368475404
-1.27866440986665	0.57493073370158
2.75704467106166	0.766025498669684
0.957461191854986	0.254126256439643
2.12237275162321	0.948156957082224
1.46209127003869	0.484377128190959
2.75805496536761	0.766752929661107
1.46166504880046	0.484245680586438
0.159251072645633	0.0298673857617753
1.95793128711136	0.437766051086387
3.64307322645936	1.43171095761068
0.82625387160176	0.347107129604409
-0.60491192937513	0.290190935381882
-2.57447078703937	0.657780381714024
0.674624067917918	0.213658555919133
-0.619895187822925	0.150839789138775
3.94468719059561	1.72675593469095
0.168354166613062	0.0424807140134561
0.158687948318654	0.0472850694532285
0.159920372276999	0.0476279199969756
-1.79763019308962	0.379603777700996
1.95879552552655	0.437985228139192
1.95879552552655	0.437985228139192
2.75704467106166	0.766025498669684
3.26835783601252	1.12163011968705
0.173378039987466	0.0436162262322836
3.26938718630885	1.12163262119223
1.83417843227406	0.717062027537897
0.959294652844364	0.254663957360155
1.95793128711136	0.437766051086387
0.157971563808893	0.0296806747786729
-0.218096087384631	0.0701860099861319
-1.12725353624624	0.339405023147411
0.159251072645633	0.0298673857617753
-0.71869462645605	0.245625159522256
3.64101793434512	1.43134239135362
0.823642509432085	0.345787097083453
0.525974790890797	0.188312313683146
3.26732978575294	1.1211772426211
1.95793128711136	0.437766051086387
1.0444887245408	0.394848386181826
1.46010735547628	0.483457516052687
0.956021254579335	0.253830462538477
0.955017933589342	0.253480850166851
1.042990826383	0.394180541091972
0.164122988767051	0.0488286730136595
0.16934280349587	0.0427080042196444
2.12878527633644	0.950983577147948
1.78203268205601	0.994260119698593
1.95793128711136	0.437766051086387
-0.392431810971674	0.163376056563154
1.04603323538674	0.395528149844171
1.83417843227406	0.717062027537897
0.174933567082256	0.0439573605408891
-1.12825544522804	0.339732258677114
0.674624067917918	0.213658555919133
0.673526469252074	0.213227712607827
0.162338925211519	0.0482955049730846
-1.50884424560785	0.535043767502043
0.955450516302873	0.253599562429476
0.157971563808893	0.0296806747786729
-0.617055950695462	0.150241664375452
-0.620473624670499	0.150917804175241
-0.621333103088639	0.151104040920032
0.157971563808893	0.0296806747786729
-2.57447078703937	0.657780381714024
-1.12881513859764	0.339906487322227
2.75704467106166	0.766025498669684
1.95879552552655	0.437985228139192
0.674264818482823	0.213402910671394
0.164738242561747	0.0490009495728858
0.155282002123357	0.02934225636165
0.177812920485068	0.0445891130396879
0.16934280349587	0.0427080042196444
-1.51042707521765	0.53568486067596
-0.625630686390319	0.152156798395567
0.527404119121822	0.188820766466342
0.173378039987466	0.0436162262322836
0.440521910055726	0.17650846914802
0.678074042401891	0.214702481365457
3.26938718630885	1.12163262119223
-1.01856232210606	0.401844162864408
0.956455214607419	0.253949648163622
0.163216121532018	0.0485245766457704
2.36435710504025	1.18101199315333
0.959294652844364	0.254663957360155
2.76197196120423	0.768541369225187
0.15823182603157	0.0297179405544109
-1.79763019308962	0.379603777700996
1.32730125980366	0.578419193427769
0.162352652580513	0.0483303505238246
0.159251072645633	0.0298673857617753
1.03966215201556	0.392598386128765
0.955017933589342	0.253480850166851
-3.07750490916701	0.956880231933195
-2.57847696185857	0.659529736545688
1.46398903776532	0.484992681122713
2.76197196120423	0.768541369225187
-1.82217140604409	0.73960948313389
3.63896224062815	1.42951913528691
0.15823182603157	0.0297179405544109
1.04422575936648	0.394740889448914
-3.75288411079685	1.47718399320021
0.533034126671957	0.190984669183042
-2.57421277656498	0.657506382974291
3.27129205644114	1.12317050813274
0.536739666042799	0.192347830350542
0.676200627845659	0.214099921395796
-0.624183598429151	0.151840837481169
1.95879552552655	0.437985228139192
1.03729632748488	0.391751460326444
-0.338896474896558	0.0970421752101679
-3.07750490916701	0.956880231933195
1.95879552552655	0.437985228139192
2.75805496536761	0.766752929661107
2.7590679263751	0.76692961097815
0.675232747867266	0.213789953820415
0.678327026073525	0.214743904761834
0.165128927197839	0.0417247285037095
1.03554466552427	0.390840340446361
0.956021254579335	0.253830462538477
0.957461191854986	0.254126256439643
-1.51042707521765	0.53568486067596
0.15823182603157	0.0297179405544109
1.95793128711136	0.437766051086387
0.955450516302873	0.253599562429476
-2.57421277656498	0.657506382974291
-1.7975657981284	0.379599665892429
0.158989511121608	0.0298299152293259
0.16350747165244	0.0486421723506342
0.959865181244613	0.254814612498812
1.0418455851348	0.393863567086238
1.95793128711136	0.437766051086387
0.168354166613062	0.0424807140134561
2.75704467106166	0.766025498669684
0.157971563808893	0.0296806747786729
-1.50884424560785	0.535043767502043
0.960305402281055	0.254935680101795
2.75805496536761	0.766752929661107
1.46846293168858	0.486570444742071
1.46789226342383	0.486336319771629
0.824451710034132	0.346189076295124
1.26897263878648	0.697287812119261
0.675591354383564	0.213968352567141
-0.337924641037297	0.0968088152153293
-0.718081625995024	0.245384533690959
3.26732978575294	1.1211772426211
1.46010735547628	0.483457516052687
1.83633740824933	0.718096082890721
0.16323818852145	0.0485873708307168
3.26835783601252	1.12163011968705
-1.12881513859764	0.339906487322227
-2.57821111666453	0.659475059970799
-1.7975657981284	0.379599665892429
0.157971563808893	0.0296806747786729
1.46597699067366	0.485748477491111
-0.620903335937371	0.151058535991718
0.159251072645633	0.0298673857617753
0.158989511121608	0.0298299152293259
-2.57447078703937	0.657780381714024
-1.50634046210702	0.533909618105069
-1.12781381973937	0.339579374120096
0.169762747888229	0.0427831084845497
-0.337924641037297	0.0968088152153293
-1.7975657981284	0.379599665892429
-1.81352302981117	0.735065306555984
0.677716162542668	0.214611870267994
-1.27347474159349	0.571712615994456
-1.51851441465735	0.539192370342509
-1.51494510157249	0.537750180976637
0.163583337686415	0.0486596187400795
0.159251072645633	0.0298673857617753
-1.12892473218138	0.339990619204617
0.159750391071688	0.061187461259232
-0.976065341226517	0.482431919750987
1.46597699067366	0.485748477491111
0.162171049505848	0.0303007576998756
0.956455214607419	0.253949648163622
-1.12492122665638	0.338668219085241
-0.142747701481568	0.0510783991590262
-0.335438661955823	0.0961186879895653
-3.45284250285449	1.22194559695964
-0.766733199789823	0.33273995230155
0.672560905238846	0.212860180111741
-0.720812943512764	0.246218814324999
2.11390693878904	0.942679036980454
2.12263439025233	0.948179078254044
0.960305402281055	0.254935680101795
-1.12825544522804	0.339732258677114
0.15823182603157	0.0297179405544109
1.46109938210879	0.484014060767982
-0.719307886400812	0.245829792820617
3.6430217955396	1.43205157105291
0.448246823419833	0.17979017346935
-3.07750490916701	0.956880231933195
0.957461191854986	0.254126256439643
-3.75658350496235	1.47972368837861
2.12087192734391	0.947138368475404
-1.13395018438652	0.341592389781504
-1.12781381973937	0.339579374120096
-1.5094475769206	0.535248673690833
-0.337924641037297	0.0968088152153293
0.162171049505848	0.0303007576998756
0.162171049505848	0.0303007576998756
0.154259314455831	0.0291924198815566
-1.79763019308962	0.379603777700996
0.157971563808893	0.0296806747786729
0.174933567082256	0.0439573605408891
0.16934280349587	0.0427080042196444
-0.220606538471739	0.071036835690658
2.75805496536761	0.766752929661107
2.7590679263751	0.76692961097815
1.95793128711136	0.437766051086387
0.157487840942961	0.0603189608864188
-0.632249467979085	0.372547187749119
-0.96952801063483	0.478096130299065
0.155167108781228	0.0594478482028144
-1.48256073007596	0.747292271784115
0.151787472514646	0.0514129164609266
-0.620903335937371	0.151058535991718
0.15823182603157	0.0297179405544109
0.159251072645633	0.0298673857617753
-1.79763019308962	0.379603777700996
2.75805496536761	0.766752929661107
-0.620903335937371	0.151058535991718
-2.57847696185857	0.659529736545688
0.534465649479292	0.191405660737174
2.76197196120423	0.768541369225187
2.75805496536761	0.766752929661107
0.15823182603157	0.0297179405544109
1.95793128711136	0.437766051086387
-0.620326325745573	0.150885642821786
-1.80127875869	0.380587746892248
0.453093480981549	0.181948913825526
0.174933567082256	0.0439573605408891
-1.81015744911258	0.733098247108476
4.87564201686311	3.22565045144062
0.532438411561851	0.190754397880712
0.17294827606403	0.0435260072159332
1.34313154847474	0.586839429169235
0.397368290556638	0.179765383634484
0.674624067917918	0.213658555919133
0.165353233252732	0.0491580922731075
-0.214379875099978	0.069039813976162
-1.491295051315	0.753754014189643
0.907953248120581	0.490893279359396
0.535550464072287	0.191953357336806
0.53471313464826	0.191636123836102
1.28016355591198	0.706207937902467
-0.334830546749113	0.0959542136262779
4.1807783716211	2.00374924709534
0.818665325298562	0.343324495373721
1.83223894779093	0.716336716062103
0.456332736512093	0.183336741097112
-1.12725353624624	0.339405023147411
0.531600808944957	0.190452833446827
0.669467631715225	0.211908752948447
3.93818909907967	1.72414013073745
2.12149136184524	0.947562188308172
1.95879552552655	0.437985228139192
2.75805496536761	0.766752929661107
0.165622192143609	0.0492275837346074
-2.57421277656498	0.657506382974291
-1.7975657981284	0.379599665892429
0.180709566490231	0.0452024551059557
-0.715034146888943	0.244213254744201
-1.81799459045243	0.737492070536281
-2.57447078703937	0.657780381714024
-2.57421277656498	0.657506382974291
-0.61946410648704	0.150698865008898
-0.344042706429557	0.0984794926451442
-0.617491939447093	0.150288713008559
0.957025852492456	0.254006696314478
-0.619895187822925	0.150839789138775
-0.0880500921721754	0.035018033395324
0.676200627845659	0.214099921395796
0.346947934251537	0.194499047053986
-1.51887413840601	0.539249413623567
-0.718081625995024	0.245384533690959
1.32958538534665	0.579533015146896
2.35165254531939	1.1716944709268
1.82816209415628	0.714241631039221
0.956021254579335	0.253830462538477
0.532679390127669	0.190718524092007
0.529918814853225	0.189819007683608
-1.12825544522804	0.339732258677114
-1.50922180218546	0.535188573690381
-1.81827955350507	0.737738285564138
0.165353233252732	0.0491580922731075
-4.00689064630181	1.73027814606556
-0.765393886375822	0.332069371790106
0.675948496687313	0.213928974911644
-0.620473624670499	0.150917804175241
0.955017933589342	0.253480850166851
-2.57421277656498	0.657506382974291
-0.620326325745573	0.150885642821786
1.04603323538674	0.395528149844171
-1.12937501458112	0.339964434622374
-0.3395018260887	0.0972061822975938
-0.718417185790278	0.245411018109158
-0.513824129140511	0.193894300368019
0.168354166613062	0.0424807140134561
-0.339136742629042	0.0971078731889835
0.17351044503084	0.0436385160120603
-0.728941542325998	0.249426183402838
0.173940988172143	0.0437550114519682
-0.338530582329419	0.0969729638077002
0.154259314455831	0.0291924198815566
0.15823182603157	0.0297179405544109
3.64508196443781	1.43367348655271
-0.71869462645605	0.245625159522256
1.83162438273742	0.716000775412828
0.164122988767051	0.0488286730136595
-2.57447078703937	0.657780381714024
2.76095211479574	0.768066673537379
1.9603236932673	1.22199994640037
-0.720182828019212	0.246166050990353
0.16323818852145	0.0485873708307168
-0.0922888609949392	0.036641980012126
-1.6707870209326	0.943561775937042
-1.03210474073006	0.408333117568325
0.151061641523147	0.0578640062767647
-1.79763019308962	0.379603777700996
-1.79763019308962	0.379603777700996
0.158989511121608	0.0298299152293259
-1.12781381973937	0.339579374120096
0.15823182603157	0.0297179405544109
0.157819787360587	0.0533909827533473
-1.12781381973937	0.339579374120096
-0.620326325745573	0.150885642821786
-2.57421277656498	0.657506382974291
1.95793128711136	0.437766051086387
1.96141436018454	0.438711417164155
0.162622561049093	0.0484009930995383
-0.720453666514924	0.246264037870489
1.46109938210879	0.484014060767982
-0.720199314130701	0.246072307343885
-2.06530788404037	0.936496100496138
1.07063512565456	0.517703792604127
1.57665847201362	0.782477729891176
0.150475505340959	0.0577005678908003
0.902298686135275	0.487474368505124
0.167164301060576	0.0496616909525181
0.16323818852145	0.0485873708307168
0.173940988172143	0.0437550114519682
-0.71869462645605	0.245625159522256
3.27232628525746	1.12331698634376
0.14975829663456	0.0573602319285313
2.11692464856437	0.944608977413808
0.678685727410979	0.214982042405379
2.36435710504025	1.18101199315333
-0.220364044448608	0.0709420855610054
0.16190498991222	0.0302625824147867
0.952729371406254	0.252945498225285
-0.620903335937371	0.151058535991718
0.960305402281055	0.254935680101795
0.957461191854986	0.254126256439643
0.673526469252074	0.213227712607827
-2.57847696185857	0.659529736545688
-1.12769593434811	0.339436368028373
-0.3395018260887	0.0972061822975938
-1.12881513859764	0.339906487322227
-2.57421277656498	0.657506382974291
-0.517567096912483	0.195373080592303
-0.604150119714112	0.289629475549048
-0.515760744495211	0.19459595864315
0.172321312267404	0.0510455650622387
-3.45770349111026	1.22440023898504
-0.220849649046566	0.0710925897619741
0.670081697347895	0.212111377241056
-1.12492122665638	0.338668219085241
2.74649987291877	1.67961613530667
-0.783293315722583	0.59958884944836
-0.523847973197607	0.197922354572038
-0.620326325745573	0.150885642821786
-1.02194301820446	0.403479228390162
3.26938718630885	1.12163262119223
-1.12837428626612	0.339637586745731
0.823642509432085	0.345787097083453
-0.338530582329419	0.0969729638077002
-1.15674019153002	0.646115164707909
-1.16280361407671	0.651405479352123
1.46265753359042	0.48460907431551
-0.772504008904122	0.335703249013588
0.678685727410979	0.214982042405379
-0.718417185790278	0.245411018109158
0.159251072645633	0.0298673857617753
-1.52010033072948	0.539771315169944
0.167164301060576	0.0496616909525181
0.539860130057183	0.19347257336536
0.174151238103417	0.0515265704097769
-2.06562856799678	0.936659279965039
-0.620473624670499	0.150917804175241
-0.215221304062718	0.0693199317381142
3.27129205644114	1.12317050813274
0.536981267153455	0.192450260059129
-0.620903335937371	0.151058535991718
0.164122988767051	0.0488286730136595
-1.7975657981284	0.379599665892429
0.18127730244519	0.0453161194650634
0.16934280349587	0.0427080042196444
0.957461191854986	0.254126256439643
-0.617491939447093	0.150288713008559
-0.719569672768412	0.245942451655049
1.46398903776532	0.484992681122713
0.162338925211519	0.0482955049730846
3.64101793434512	1.43134239135362
0.954564259091026	0.253482299647149
2.7590679263751	0.76692961097815
2.11780862301852	0.945248734413775
-0.71869462645605	0.245625159522256
0.150080645471922	0.0574857532514497
-0.1446627598823	0.051733083076893
-1.81615794981155	0.736304298450839
1.33376743097129	0.581693904895938
0.955450516302873	0.253599562429476
-2.27704462948298	1.14584565989562
0.157971563808893	0.0296806747786729
1.46010735547628	0.483457516052687
0.163161259039589	0.0412993244326861
-2.57447078703937	0.657780381714024
0.956455214607419	0.253949648163622
-2.57447078703937	0.657780381714024
1.95879552552655	0.437985228139192
-1.81200943037821	0.734241478143734
-0.621333103088639	0.151104040920032
2.7590679263751	0.76692961097815
2.75704467106166	0.766025498669684
3.27129205644114	1.12317050813274
1.06983533628829	0.517183639033184
-1.48687302529759	0.75019393142496
-0.719307886400812	0.245829792820617
0.160797462943699	0.0478523577190902
0.678685727410979	0.214982042405379
2.12544210384278	0.949600697707754
1.33375387884323	0.582007204647003
0.147185309904108	0.0564336485542795
0.16323818852145	0.0485873708307168
-1.27291486245835	0.571319673568139
-1.01961996141662	0.402291790995673
0.697435449537931	0.326741539527995
-1.12669343566207	0.339109154533815
-2.57421277656498	0.657506382974291
1.34313154847474	0.586839429169235
1.04122776355439	0.393435934346114
0.677716162542668	0.214611870267994
2.11931178949686	0.946188348024025
1.46067242606004	0.483688692701864
-1.50922180218546	0.535188573690381
1.96141436018454	0.438711417164155
-2.57447078703937	0.657780381714024
-2.57447078703937	0.657780381714024
0.167786821496111	0.0423548811213711
0.678685727410979	0.214982042405379
0.956455214607419	0.253949648163622
0.159251072645633	0.0298673857617753
0.15823182603157	0.0297179405544109
-2.57421277656498	0.657506382974291
-2.57472877667238	0.65760345889815
-3.08160228540496	0.95864568534502
1.04577073722875	0.395582052714565
-0.621333103088639	0.151104040920032
-1.12725353624624	0.339405023147411
0.392395181186258	0.177152215292954
-0.523547828805167	0.197923268795224
3.26938718630885	1.12163262119223
-0.485990951247837	0.255032032870207
-0.333856458330646	0.0956917261764247
0.164468653517054	0.0489167663284228
0.16350747165244	0.0486421723506342
1.46166504880046	0.484245680586438
0.535308159768992	0.19186644934071
0.157819787360587	0.0533909827533473
0.955450516302873	0.253599562429476
0.823888102049168	0.345906037374267
0.1677792397568	0.0498341730879395
1.04246313957759	0.393996072509476
0.157568112712888	0.0533067915180714
-2.07036415878263	0.940048810523718
-0.724996456084797	0.247901521017459
-1.81413444396294	0.735290551794613
-0.340593087152544	0.0975352685660813
0.171653101789031	0.0431973221484952
3.93596056683758	1.72156267859286
0.154954894721934	0.0524399678344355
-0.150196998613523	0.0536857002626707
-0.30074371529029	0.137942133610529
-3.4565767152091	1.22430361707387
-2.57447078703937	0.657780381714024
0.153830475350601	0.0520893555087474
0.161736914950373	0.0481441679802126
0.157971563808893	0.0296806747786729
0.147240848267595	0.0499193503912067
0.172385921068679	0.0433875285709768
0.152060146321035	0.0514888060008141
1.04577073722875	0.395582052714565
0.158989511121608	0.0298299152293259
0.158989511121608	0.0298299152293259
-0.61946410648704	0.150698865008898
3.26732978575294	1.1211772426211
-0.145583469920947	0.0520945736894888
1.95793128711136	0.437766051086387
-3.07793266340176	0.957013587093989
-0.617055950695462	0.150241664375452
0.956021254579335	0.253830462538477
0.956021254579335	0.253830462538477
2.7590679263751	0.76692961097815
1.95879552552655	0.437985228139192
1.95793128711136	0.437766051086387
2.76095211479574	0.768066673537379
-0.233270643733633	0.116522182676094
1.04512960060759	0.394894574824106
0.172385921068679	0.0433875285709768
-0.719307886400812	0.245829792820617
1.09337511332897	0.675328076417679
-0.1446627598823	0.051733083076893
0.159251072645633	0.0298673857617753
-1.12492122665638	0.338668219085241
1.95879552552655	0.437985228139192
2.75704467106166	0.766025498669684
0.15823182603157	0.0297179405544109
0.959294652844364	0.254663957360155
-0.3395018260887	0.0972061822975938
0.1732138890056	0.0435401196761172
3.64204563210395	1.43174087144813
0.157971563808893	0.0296806747786729
0.159251072645633	0.0298673857617753
1.95879552552655	0.437985228139192
0.158989511121608	0.0298299152293259
-0.514124394353198	0.193952110200603
0.164122988767051	0.0488286730136595
-1.81827955350507	0.737738285564138
-0.0446922034820721	0.0195917452135841
-0.514124394353198	0.193952110200603
-0.208734961364574	0.0673140088709551
0.957025852492456	0.254006696314478
1.95879552552655	0.437985228139192
1.46109938210879	0.484014060767982
0.159266337352053	0.0610083420113727
-0.712311793750735	0.243113590297176
0.151889703183871	0.0514338266751557
0.529323457472478	0.189545567502798
1.05119275410622	0.397557176557101
2.35561907968353	1.17494655532711
2.11696526038276	0.944641047228561
-1.50452462334422	0.532972119637479
1.95793128711136	0.437766051086387
-2.57447078703937	0.657780381714024
-3.08616775699942	0.960575893787374
-2.57447078703937	0.657780381714024
0.159251072645633	0.0298673857617753
-1.12837428626612	0.339637586745731
-1.79763019308962	0.379603777700996
-1.7975657981284	0.379599665892429
-2.06918313852006	0.939212074196618
0.161723548567026	0.0481135554994663
0.164122988767051	0.0488286730136595
0.694148080198457	0.324741670139151
-0.212700860727539	0.0685566980358174
1.33147701080788	0.580768770695237
-3.07793266340176	0.957013587093989
0.532196819047093	0.190683131950839
-0.218086982244107	0.0702671839866222
0.613344492823399	0.322549869736739
0.155205580878186	0.0525315583518307
-0.337318918589577	0.0966140796949229
1.03703963555181	0.391624153547078
0.957461191854986	0.254126256439643
0.173940988172143	0.0437550114519682
1.04510594650726	0.394980612745183
0.157007711765635	0.053125881526133
-0.2161612848291	0.0695736762343304
-1.27895990127277	0.575276106133442
0.17294827606403	0.0435260072159332
-1.81352302981117	0.735065306555984
-0.213543270792488	0.0687986075063655
-1.81766723004699	0.737367259253776
0.168774858509076	0.0425819447497206
0.674015164989584	0.213380808783075
-1.7975657981284	0.379599665892429
0.155282002123357	0.02934225636165
-0.528250870128209	0.199803042210157
0.822450638269115	0.345345024290892
2.75805496536761	0.766752929661107
-0.341495388738576	0.0977618699341296
0.149734842703587	0.0507352562067422
-3.07793266340176	0.957013587093989
-1.12825544522804	0.339732258677114
0.670081697347895	0.212111377241056
0.157971563808893	0.0296806747786729
-1.79763019308962	0.379603777700996
-0.625191995446008	0.152059991852936
-0.305236427335287	0.140232050181682
0.819789802467897	0.343878443922083
0.164122988767051	0.0488286730136595
3.27025913837768	1.12233669524588
1.83162438273742	0.716000775412828
0.956021254579335	0.253830462538477
-1.79763019308962	0.379603777700996
-0.619895187822925	0.150839789138775
-1.79763019308962	0.379603777700996
-0.730436510677147	0.249842862727252
2.75805496536761	0.766752929661107
0.147240848267595	0.0499193503912067
-0.605921912402532	0.290956520477867
-0.140607226248752	0.0503348682136809
0.155157819393839	0.0673918532276395
-3.75168277240236	1.47633842923476
-0.337924641037297	0.0968088152153293
0.159042375477486	0.0473891494040675
0.825744745872983	0.346865970221037
1.82912964257087	0.714770179842855
-1.79763019308962	0.379603777700996
-1.7975657981284	0.379599665892429
-0.717804035722151	0.245206559878684
-3.07793266340176	0.957013587093989
-1.7975657981284	0.379599665892429
1.33975737931465	0.585056863780139
0.166279076961167	0.0494077549790747
1.3329197605053	0.581616348611346
0.674015164989584	0.213380808783075
1.95879552552655	0.437985228139192
-2.57447078703937	0.657780381714024
0.956021254579335	0.253830462538477
1.95793128711136	0.437766051086387
0.155282002123357	0.02934225636165
0.174503749901052	0.0438676710334476
-4.00182249544158	1.72625328461739
1.07090850459027	0.517633754232434
-0.400912627780916	0.16720611378997
1.77950391586502	0.992441144266195
-0.145344570977986	0.0520206122062214
1.95793128711136	0.437766051086387
1.04577073722875	0.395582052714565
0.539266647317431	0.19330887981843
-1.12825544522804	0.339732258677114
-0.523847973197607	0.197922354572038
0.162171049505848	0.0303007576998756
0.397589917162397	0.17962908279386
-0.211859399211248	0.068283609988555
-0.339366328033743	0.0972003539018668
-0.759407931047399	0.329038073422164
-1.12881513859764	0.339906487322227
1.33603551913475	0.58343053611899
-0.779590598660197	0.339532340271153
0.835754385722221	0.351523547138348
-1.27432863983107	0.572348730210502
0.955450516302873	0.253599562429476
0.960305402281055	0.254935680101795
0.152705092212536	0.0517022070713414
0.959865181244613	0.254814612498812
-3.75228333635026	1.47685987725686
0.680267294542255	0.215376555237081
0.159251072645633	0.0298673857617753
-1.79763019308962	0.379603777700996
-1.7975657981284	0.379599665892429
-1.02279263404674	0.40371590748429
-0.60491192937513	0.290190935381882
-1.02279263404674	0.40371590748429
-2.46604834033822	1.36857910380457
0.1601888124531	0.0541385330502375
-0.334465167213362	0.0958562903993202
-0.216657809109618	0.0697687117469907
-1.26919005446438	0.56947477022477
-2.57472877667238	0.65760345889815
-0.338530582329419	0.0969729638077002
-3.08203891306948	0.959069086853276
-0.140084201041551	0.0501535768345241
0.955017933589342	0.253480850166851
0.951724523631597	0.252769110062367
0.157971563808893	0.0296806747786729
3.27025913837768	1.12233669524588
0.82188945961011	0.344975872577652
-0.212700860727539	0.0685566980358174
0.676558588301015	0.214207370803977
-1.12725353624624	0.339405023147411
0.956455214607419	0.253949648163622
0.164391642281999	0.0488687543181863
1.95879552552655	0.437985228139192
0.173940988172143	0.0437550114519682
0.664895970967757	0.210324583821259
0.675591354383564	0.213968352567141
-1.50922180218546	0.535188573690381
0.675109449967238	0.21369241449263
0.673656731319726	0.21327169490293
0.174933567082256	0.0439573605408891
0.16934280349587	0.0427080042196444
-3.45172595803352	1.22146685013561
1.06592849449521	0.514893865899559
-1.79763019308962	0.379603777700996
-1.12825544522804	0.339732258677114
0.673656731319726	0.21327169490293
1.33232181501832	0.581040506436256
1.45750864016971	0.482642955020513
3.26732978575294	1.1211772426211
0.169762747888229	0.0427831084845497
-0.337924641037297	0.0968088152153293
0.15823182603157	0.0297179405544109
1.46498308680977	0.485505347800691
-2.57821111666453	0.659475059970799
0.955450516302873	0.253599562429476
-0.331353952324791	0.0949814429230132
0.158989511121608	0.0298299152293259
0.157971563808893	0.0296806747786729
0.405880644977478	0.183889503629006
-1.48995591501932	0.752588622442683
-0.981485656673732	0.48569248408097
-0.786092779497925	0.428520464559124
-0.599405664306161	0.286829431929612
-1.27459520685323	0.572338440342121
0.82469687251252	0.346268968053852
-1.13238809108681	0.341172314702962
1.4655515469736	0.485738470948645
-0.617055950695462	0.150241664375452
0.17294827606403	0.0435260072159332
-0.338896474896558	0.0970421752101679
3.27232628525746	1.12331698634376
-1.12881513859764	0.339906487322227
0.956021254579335	0.253830462538477
-0.146282635967707	0.0522900631456069
-0.0869081300768856	0.0345802469213802
0.176113840866569	0.0441531244194344
-0.217737611459671	0.0701208524223687
-0.620326325745573	0.150885642821786
1.95793128711136	0.437766051086387
2.11931178949686	0.946188348024025
-0.621333103088639	0.151104040920032
0.157971563808893	0.0296806747786729
-0.34307485466429	0.0982470421897248
0.673656731319726	0.21327169490293
1.83009713438939	0.715173729277155
-2.06188876692631	0.934347484997078
-1.83769915979352	1.15950190519343
0.145886829054601	0.0559355092988888
0.673048421642057	0.212994504688281
1.83162438273742	0.716000775412828
0.826007163197103	0.346879351565415
-1.12937501458112	0.339964434622374
-4.0012123706462	1.7257737241768
0.17738312662749	0.0444846964186047
-0.338896474896558	0.0970421752101679
-0.720199314130701	0.246072307343885
-1.12881513859764	0.339906487322227
-1.13295352450292	0.341266245931736
-0.521099316651605	0.196823570454546
-1.27840133122234	0.575024543685974
0.392395181186258	0.177152215292954
0.172385921068679	0.0433875285709768
-0.768074603217935	0.333251677673885
-0.147476920870957	0.052745358247413
-4.21376402300105	1.96851060420368
0.827062362966711	0.347535018691045
0.908680273620928	0.491719338853174
-1.81291187157146	0.734751884578751
0.157746661212944	0.0469640441019734
2.7590679263751	0.76692961097815
-0.337924641037297	0.0968088152153293
0.176818183184722	0.0443715906559113
1.03729632748488	0.391751460326444
-4.00304350153307	1.7266868827702
-0.333856458330646	0.0956917261764247
0.174503749901052	0.0438676710334476
0.158989511121608	0.0298299152293259
0.174933567082256	0.0439573605408891
0.157971563808893	0.0296806747786729
-0.616620021012413	0.150099962492625
-0.519038139240771	0.196086617266171
0.157809365437772	0.0470462908960921
-1.50884424560785	0.535043767502043
0.173940988172143	0.0437550114519682
-0.141699082635289	0.0507192347670775
0.674264818482823	0.213402910671394
-1.13395018438652	0.341592389781504
4.18031314431764	2.00468450859068
-0.213543270792488	0.0687986075063655
0.958855818540361	0.254543321351908
0.176818183184722	0.0443715906559113
-1.01797130384778	0.401574087179109
2.36204591666307	1.17952427739241
-0.215221304062718	0.0693199317381142
-0.338530582329419	0.0969729638077002
0.138335323028571	0.0531157268030089
0.155282002123357	0.02934225636165
0.157971563808893	0.0296806747786729
-0.337924641037297	0.0968088152153293
-0.616620021012413	0.150099962492625
0.956021254579335	0.253830462538477
-0.3395018260887	0.0972061822975938
0.678327026073525	0.214743904761834
0.670430931165646	0.212216518896251
0.159920372276999	0.0476279199969756
0.173378039987466	0.0436162262322836
0.678685727410979	0.214982042405379
1.46265753359042	0.48460907431551
2.75805496536761	0.766752929661107
1.95793128711136	0.437766051086387
0.673656731319726	0.21327169490293
0.16934280349587	0.0427080042196444
-0.333856458330646	0.0956917261764247
1.46166504880046	0.484245680586438
0.164738242561747	0.0490009495728858
1.95793128711136	0.437766051086387
0.956021254579335	0.253830462538477
0.956021254579335	0.253830462538477
0.157971563808893	0.0296806747786729
-0.763186677226542	0.331039800418733
0.673048421642057	0.212994504688281
2.75805496536761	0.766752929661107
0.159251072645633	0.0298673857617753
1.95793128711136	0.437766051086387
0.526571184576376	0.188493803820027
0.669467631715225	0.211908752948447
-1.32326247992646	0.829331703110928
-0.152055507014897	0.054314651542671
-0.725635056863387	0.248108846658688
-0.338896474896558	0.0970421752101679
-0.527691412876658	0.199575669063013
-0.763186677226542	0.331039800418733
0.173940988172143	0.0437550114519682
0.151873414100974	0.0581755081573951
-0.30681187469196	0.141055287623377
-2.28082161846008	1.14850527777355
-0.395089929817484	0.164583031256368
-1.02109432881299	0.402930914701451
-0.788437034386535	0.430269113320053
-0.517825107309169	0.195474359908123
-0.954568239359428	0.5873487585006
-1.51085846681806	0.535971215302245
-0.142223285419907	0.0509011547645968
0.905821168556887	0.489375254315992
0.157971563808893	0.0296806747786729
-0.766968651898497	0.33281296786619
0.445855999572474	0.178667054695202
0.15079028466586	0.0510708548215597
-0.719569672768412	0.245942451655049
0.822450638269115	0.345345024290892
0.170652883293763	0.0831819830463836
0.153371638041646	0.0664943743496965
-0.213543270792488	0.0687986075063655
-1.12725353624624	0.339405023147411
-1.12881513859764	0.339906487322227
0.174370024960364	0.0438183729016174
0.665855845614413	0.210630560292204
0.956021254579335	0.253830462538477
-1.12881513859764	0.339906487322227
-1.50982433145335	0.535480148233091
-0.340593087152544	0.0975352685660813
0.165622192143609	0.0492275837346074
-0.342107054910445	0.0979510037894855
-1.7975657981284	0.379599665892429
0.531600808944957	0.190452833446827
1.95793128711136	0.437766051086387
0.676558588301015	0.214207370803977
0.173940988172143	0.0437550114519682
-0.624183598429151	0.151840837481169
-0.624183598429151	0.151840837481169
-0.728941542325998	0.249426183402838
-0.61946410648704	0.150698865008898
-1.79763019308962	0.379603777700996
-3.45228414088993	1.22181665198441
0.16323818852145	0.0485873708307168
0.162171049505848	0.0303007576998756
0.172385921068679	0.0433875285709768
-1.7975657981284	0.379599665892429
-1.12825544522804	0.339732258677114
-3.07707720857862	0.956361112132394
-0.342463785834028	0.0980578484034576
-1.7975657981284	0.379599665892429
0.957461191854986	0.254126256439643
-3.45228414088993	1.22181665198441
-0.767258704524236	0.332989408243179
-0.214627712908801	0.0691154905123542
1.0455067302297	0.395217247583679
-0.3395018260887	0.0972061822975938
-0.334830546749113	0.0959542136262779
-0.98872006058918	0.490301187780005
0.178378460373537	0.04470234426639
0.158989511121608	0.0298299152293259
-1.12725353624624	0.339405023147411
0.172223255009213	0.0433240097489323
1.95879552552655	0.437985228139192
-0.629952122229771	0.153143156080765
0.173940988172143	0.0437550114519682
-0.338896474896558	0.0970421752101679
0.15823182603157	0.0297179405544109
1.45652080007828	0.482281887456809
1.95879552552655	0.437985228139192
-1.7975657981284	0.379599665892429
0.955450516302873	0.253599562429476
0.172385921068679	0.0433875285709768
-2.07121964727456	0.940607959344417
-2.57447078703937	0.657780381714024
0.162171049505848	0.0303007576998756
3.26835783601252	1.12163011968705
-1.50982433145335	0.535480148233091
0.158426007238141	0.0472279903538101
-1.12825544522804	0.339732258677114
-1.79763019308962	0.379603777700996
0.15823182603157	0.0297179405544109
2.57039970100125	1.42593252284348
1.46109938210879	0.484014060767982
0.830800143340358	0.349277485913624
2.90928713614555	1.96384131009261
-2.57472877667238	0.65760345889815
-1.7975657981284	0.379599665892429
3.26835783601252	1.12163011968705
-0.625630686390319	0.152156798395567
0.159251072645633	0.0298673857617753
0.166279076961167	0.0494077549790747
0.158989511121608	0.0298299152293259
1.27775554790304	0.704092651126896
0.541212832328438	0.193849948350258
0.171653101789031	0.0431973221484952
-0.33816613121491	0.0968120886418528
-1.13295352450292	0.341266245931736
-1.32730232800666	0.833613880701783
2.75805496536761	0.766752929661107
-0.0567784025777153	0.0247092657514371
0.970295866067003	0.663578156389272
-0.301062247187092	0.13826941516082
0.488627902036968	0.335847154458685
-0.535652246848663	0.338323542559709
-0.39378757483471	0.222588889752333
0.903819094253918	0.487673320002692
-0.768438566212941	0.333785190075404
-2.07597125920031	0.94358225331789
1.46618406878612	0.918362595976008
0.151228096540693	0.0512175185194389
1.62013012328172	1.13597671591506
-1.15595692358567	0.645992582472676
-0.45063267841568	0.298620164488667
-0.0949771463168987	0.0377152855282211
0.1677792397568	0.0498341730879395
-0.940811647815172	0.576488039608728
-0.605291505126369	0.290343566368734
1.78440047264883	0.995768503418283
1.04726688944174	0.396088731238016
0.18127730244519	0.0453161194650634
-1.50884424560785	0.535043767502043
-1.13855169954589	0.343119921986708
-0.616620021012413	0.150099962492625
3.26732978575294	1.1211772426211
0.15823182603157	0.0297179405544109
2.11869185323705	0.945764565994132
-3.08247559880565	0.958940682858076
-0.620903335937371	0.151058535991718
1.82912964257087	0.714770179842855
1.46209127003869	0.484377128190959
0.956021254579335	0.253830462538477
-0.625630686390319	0.152156798395567
0.155282002123357	0.02934225636165
0.155282002123357	0.02934225636165
-1.80127875869	0.380587746892248
0.158989511121608	0.0298299152293259
-0.619895187822925	0.150839789138775
-1.7975657981284	0.379599665892429
1.46308301616168	0.484563679444736
0.15823182603157	0.0297179405544109
0.669467631715225	0.211908752948447
-3.08203891306948	0.959069086853276
0.159251072645633	0.0298673857617753
-1.12881513859764	0.339906487322227
-1.12837428626612	0.339637586745731
1.95879552552655	0.437985228139192
-1.02418643534812	0.404584238258454
0.162622561049093	0.0484009930995383
-0.149109006987793	0.0533158375998453
0.154732829361688	0.0672049916642553
0.538078917426918	0.192785248204834
-1.79763019308962	0.379603777700996
-3.08247559880565	0.958940682858076
-2.57472877667238	0.65760345889815
-3.75779539313074	1.48038803127513
-0.334830546749113	0.0959542136262779
-1.5246717488048	0.541605142275098
1.95879552552655	0.437985228139192
-1.79763019308962	0.379603777700996
1.95879552552655	0.437985228139192
-0.619895187822925	0.150839789138775
-0.61946410648704	0.150698865008898
0.157971563808893	0.0296806747786729
-1.7975657981284	0.379599665892429
0.17738312662749	0.0444846964186047
-2.57821111666453	0.659475059970799
0.533034126671957	0.190984669183042
0.158989511121608	0.0298299152293259
1.95879552552655	0.437985228139192
0.15823182603157	0.0297179405544109
1.83065515075678	0.71528955791634
0.159251072645633	0.0298673857617753
0.959865181244613	0.254814612498812
0.827308506519789	0.347507145968411
-0.342107054910445	0.0979510037894855
2.75805496536761	0.766752929661107
0.673048421642057	0.212994504688281
-0.337318918589577	0.0966140796949229
0.159251072645633	0.0298673857617753
1.46166504880046	0.484245680586438
2.75704467106166	0.766025498669684
0.17294827606403	0.0435260072159332
1.95793128711136	0.437766051086387
0.950720958067184	0.252420162622268
0.170211653850527	0.0504730190931177
3.27129205644114	1.12317050813274
0.676200627845659	0.214099921395796
0.159251072645633	0.0298673857617753
-2.07095503900868	0.940306066070207
-0.72955637416089	0.249604745043641
0.448524252970948	0.179929065158735
0.725736281540938	0.481381363691847
-0.486427207612418	0.255451612030655
-0.138836003755421	0.0497389662150561
-0.388020726771483	0.161491568661736
-1.16453419609315	0.652821842005806
-1.12881513859764	0.339906487322227
-0.342718944466085	0.0980961923569006
0.145564180353465	0.0558080382468443
-1.32686710398987	0.832899700466798
-0.522217673493657	0.197342207603961
1.04360842637382	0.394608583742794
0.158989511121608	0.0298299152293259
-0.535639306769323	0.338471725235674
-2.78451683872379	1.88264448159976
0.959294652844364	0.254663957360155
-0.768074603217935	0.333251677673885
0.401740165398797	0.181802373833579
1.06659631817428	0.51499569547802
1.33232181501832	0.581040506436256
0.677105074382106	0.214332831776124
0.17294827606403	0.0435260072159332
-0.341495388738576	0.0977618699341296
1.56938897618735	0.777626939794854
0.159251072645633	0.0298673857617753
-1.81889213386485	0.738000902901671
-1.80127875869	0.380587746892248
1.82851727583204	0.714435845516616
2.76197196120423	0.768541369225187
1.95879552552655	0.437985228139192
-0.620473624670499	0.150917804175241
-1.79763019308962	0.379603777700996
1.82912964257087	0.714770179842855
3.26732978575294	1.1211772426211
0.158989511121608	0.0298299152293259
0.958855818540361	0.254543321351908
-3.07793266340176	0.957013587093989
1.95879552552655	0.437985228139192
-0.338896474896558	0.0970421752101679
-0.621333103088639	0.151104040920032
0.178378460373537	0.04470234426639
-1.12825544522804	0.339732258677114
-1.12492122665638	0.338668219085241
0.157971563808893	0.0296806747786729
0.15823182603157	0.0297179405544109
0.157007711765635	0.053125881526133
-1.12881513859764	0.339906487322227
0.153179217844522	0.0518679803975777
-0.336952847519868	0.096512855057735
-2.06530788404037	0.936496100496138
0.1677792397568	0.0498341730879395
-1.82514153006674	0.740721969594872
-1.79763019308962	0.379603777700996
-2.57472877667238	0.65760345889815
-1.79763019308962	0.379603777700996
-0.619895187822925	0.150839789138775
-0.723495739913315	0.247436366504984
0.17294827606403	0.0435260072159332
-0.21413668209253	0.0689782373236906
-1.12825544522804	0.339732258677114
-0.722881564981813	0.247143842823858
-1.79763019308962	0.379603777700996
-0.620326325745573	0.150885642821786
-1.7975657981284	0.379599665892429
-1.12492122665638	0.338668219085241
-1.79763019308962	0.379603777700996
0.168774858509076	0.0425819447497206
2.75704467106166	0.766025498669684
-0.620326325745573	0.150885642821786
-0.213778682141952	0.0688911851957332
-3.07750490916701	0.956880231933195
1.04122776355439	0.393435934346114
2.12394240921657	0.94837113679342
0.155282002123357	0.02934225636165
0.157971563808893	0.0296806747786729
1.04425646373355	0.394601045991464
3.64710400400511	1.43385490736823
4.73256410724812	2.88172000732373
0.157971563808893	0.0296806747786729
-1.81262047956212	0.734554727038592
-1.32900580649274	0.834939016441427
-1.51457762983225	0.537411268536323
0.959105826553052	0.652086678531825
-1.13238809108681	0.341172314702962
-1.13755914818091	0.342794698074757
-1.51396898226758	0.537314617740072
-0.723225679429377	0.247243051260999
-3.07707720857862	0.956361112132394
-1.79763019308962	0.379603777700996
0.174503749901052	0.0438676710334476
2.7590679263751	0.76692961097815
-0.624623675797245	0.151937920429117
0.155282002123357	0.02934225636165
0.956021254579335	0.253830462538477
0.614123131486681	0.322701852906607
0.151787472514646	0.0514129164609266
-0.102959779489553	0.0407778156092343
-0.150722043675349	0.0538721596429618
1.042990826383	0.394180541091972
0.669117736352227	0.211726956826849
0.956455214607419	0.253949648163622
0.175496922320134	0.0440701137079318
-0.1446627598823	0.051733083076893
1.07116116689747	0.51803508033569
-0.333856458330646	0.0956917261764247
-0.521912878875566	0.197148993615427
-0.719585944508868	0.245867637672296
0.681360884161079	0.215539561640228
0.157971563808893	0.0296806747786729
-0.514369903704049	0.194119592268129
0.17738312662749	0.0444846964186047
-1.7975657981284	0.379599665892429
2.7590679263751	0.76692961097815
0.158989511121608	0.0298299152293259
-1.51042707521765	0.53568486067596
1.95879552552655	0.437985228139192
-1.12769593434811	0.339436368028373
0.15823182603157	0.0297179405544109
0.158202431453599	0.0297753629586498
0.956021254579335	0.253830462538477
-1.7975657981284	0.379599665892429
-1.51433726696095	0.537497293520418
-0.215815148052618	0.0695090074287807
-0.211859399211248	0.068283609988555
0.44610665972447	0.178783663256665
3.6399901361893	1.43067029650081
-0.621333103088639	0.151104040920032
-1.51103003363439	0.535749564246176
0.157809365437772	0.0470462908960921
-0.513824129140511	0.193894300368019
0.158202431453599	0.0297753629586498
-0.337924641037297	0.0968088152153293
-0.765629046912383	0.332075518658435
-0.222038342595648	0.0714812050319378
-3.07750490916701	0.956880231933195
-1.12492122665638	0.338668219085241
0.155282002123357	0.02934225636165
1.82816209415628	0.714241631039221
-0.620326325745573	0.150885642821786
0.675591354383564	0.213968352567141
-1.12937501458112	0.339964434622374
0.532196819047093	0.190683131950839
3.26938718630885	1.12163262119223
0.955017933589342	0.253480850166851
3.26732978575294	1.1211772426211
1.33916167979563	0.584947246381148
0.16190498991222	0.0302625824147867
0.166237072413587	0.0493846591201304
-0.214379875099978	0.069039813976162
-1.81676990665961	0.736858778572184
-1.7975657981284	0.379599665892429
0.17738312662749	0.0444846964186047
-1.80127875869	0.380587746892248
0.16190498991222	0.0302625824147867
-1.79763019308962	0.379603777700996
3.27025913837768	1.12233669524588
0.452044435979438	0.181489264363155
-0.621333103088639	0.151104040920032
-0.0974007381229365	0.0386383754876962
1.33065013736382	0.580048564914345
-0.338896474896558	0.0970421752101679
0.529922778294509	0.18974393081766
-1.81291187157146	0.734751884578751
-0.719585944508868	0.245867637672296
0.16566376423511	0.049220972992664
1.57778417402392	0.783272898824577
3.64405193165419	1.43312407887711
0.678685727410979	0.214982042405379
2.75704467106166	0.766025498669684
0.822450638269115	0.345345024290892
-0.717191145070403	0.244966202456728
0.164738242561747	0.0490009495728858
1.95879552552655	0.437985228139192
0.168774858509076	0.0425819447497206
-1.12825544522804	0.339732258677114
-2.57472877667238	0.65760345889815
0.959865181244613	0.254814612498812
-1.12725353624624	0.339405023147411
-0.724381910046542	0.247676943012395
-2.06562856799678	0.936659279965039
0.154141692684137	0.0521718492986209
0.17294827606403	0.0435260072159332
-0.333856458330646	0.0956917261764247
-0.216063671871124	0.0695794401283131
-0.396877809741666	0.165363075656421
-0.342463785834028	0.0980578484034576
-1.27672702876098	0.573838635095425
0.150230303708664	0.0508875792308933
-0.619895187822925	0.150839789138775
1.82851727583204	0.714435845516616
3.26630303248094	1.12023058934939
-2.06530788404037	0.936496100496138
-2.57472877667238	0.65760345889815
3.26835783601252	1.12163011968705
0.15823182603157	0.0297179405544109
-3.07750490916701	0.956880231933195
-1.79763019308962	0.379603777700996
0.164145173866849	0.0415246332756727
0.531358567637365	0.190353154457246
-0.725900238850153	0.248251178610979
-0.337318918589577	0.0966140796949229
0.956021254579335	0.253830462538477
0.67498185747701	0.213690207850534
0.159251072645633	0.0298673857617753
0.153267904345544	0.0519012670754554
0.15823182603157	0.0297179405544109
0.152852319457186	0.0585249798265729
-1.12881513859764	0.339906487322227
0.168047617405793	0.0498928161895134
-0.333247970373579	0.0954969729659714
-1.12725353624624	0.339405023147411
0.173378039987466	0.0436162262322836
0.167786821496111	0.0423548811213711
3.26732978575294	1.1211772426211
0.155282002123357	0.02934225636165
-2.57421277656498	0.657506382974291
0.15823182603157	0.0297179405544109
-0.621333103088639	0.151104040920032
0.158989511121608	0.0298299152293259
0.959294652844364	0.254663957360155
-0.61946410648704	0.150698865008898
-0.620326325745573	0.150885642821786
-1.12769593434811	0.339436368028373
-0.33507409718716	0.0959919997809414
-1.12781381973937	0.339579374120096
-0.719307886400812	0.245829792820617
-1.12825544522804	0.339732258677114
-0.144379254670362	0.0516178856417709
-3.45172595803352	1.22146685013561
1.46654605141329	0.485981855384374
3.9371926868257	1.72364294570268
-0.724724871482414	0.247820170566985
0.165383954574812	0.0491045487518909
0.161305499806696	0.0544872563925245
-1.79763019308962	0.379603777700996
0.159251072645633	0.0298673857617753
0.15823182603157	0.0297179405544109
-1.7975657981284	0.379599665892429
1.96927892533288	1.23227685340338
0.674015164989584	0.213380808783075
0.828430976330302	0.348196975987414
-1.12825544522804	0.339732258677114
-0.765104708702663	0.33182690354178
-1.12781381973937	0.339579374120096
0.15823182603157	0.0297179405544109
-2.57447078703937	0.657780381714024
0.673656731319726	0.21327169490293
1.04577073722875	0.395582052714565
0.533034126671957	0.190984669183042
1.46265753359042	0.48460907431551
3.6399901361893	1.43067029650081
-1.50861948725752	0.534748868530857
0.157971563808893	0.0296806747786729
3.26835783601252	1.12163011968705
0.959294652844364	0.254663957360155
0.157971563808893	0.0296806747786729
0.16190498991222	0.0302625824147867
-1.79763019308962	0.379603777700996
-1.12781381973937	0.339579374120096
-1.79763019308962	0.379603777700996
-1.02194301820446	0.403479228390162
-0.619895187822925	0.150839789138775
-0.338896474896558	0.0970421752101679
-0.717804035722151	0.245206559878684
-1.27113000953309	0.570436356749831
-0.0971039501128838	0.0385233851685582
-0.625191995446008	0.152059991852936
3.6430217955396	1.43205157105291
-1.27238367185372	0.571130757873106
-1.01542784649906	0.400233121982769
-0.333856458330646	0.0956917261764247
-0.527691412876658	0.199575669063013
-1.50982433145335	0.535480148233091
-0.620903335937371	0.151058535991718
1.06552204179651	0.514193876521475
0.531600808944957	0.190452833446827
-0.21725219958623	0.0699489287533772
0.70400082523698	0.330332369285766
0.525974790890797	0.188312313683146
0.17351044503084	0.0436385160120603
4.17662622274262	2.00124927546575
0.174503749901052	0.0438676710334476
0.956455214607419	0.253949648163622
0.17294827606403	0.0435260072159332
0.957025852492456	0.254006696314478
0.956455214607419	0.253949648163622
-2.57847696185857	0.659529736545688
0.169762747888229	0.0427831084845497
-0.342463785834028	0.0980578484034576
-0.625630686390319	0.152156798395567
-1.50922180218546	0.535188573690381
-0.517006318957255	0.195147442742932
-1.15929204485049	0.648670786694031
0.67498185747701	0.213690207850534
0.162352652580513	0.0483303505238246
-0.719307886400812	0.245829792820617
2.11842867036876	0.945672460079198
-1.6707870209326	0.943561775937042
0.177812920485068	0.0445891130396879
0.535792147849724	0.191926967879844
0.149982636103429	0.0508231515257977
-1.16054871633123	0.648519091179095
-1.81889213386485	0.738000902901671
-0.335438661955823	0.0961186879895653
-1.03067433747888	0.407408894355057
0.159251072645633	0.0298673857617753
1.33916167979563	0.584947246381148
0.157971563808893	0.0296806747786729
-0.0947761703984603	0.037597259115577
0.157971563808893	0.0296806747786729
-0.617055950695462	0.150241664375452
-3.45228414088993	1.22181665198441
-3.45228414088993	1.22181665198441
0.159042375477486	0.0473891494040675
0.15823182603157	0.0297179405544109
2.12087192734391	0.947138368475404
-1.27057187606232	0.570204123724914
-1.51005112333445	0.535313721417819
1.95793128711136	0.437766051086387
0.956021254579335	0.253830462538477
-1.12781381973937	0.339579374120096
-2.57421277656498	0.657506382974291
0.674491966739474	0.213488272769245
-1.02216112938711	0.403514019139426
-0.21353484243456	0.0688377478794001
-2.57421277656498	0.657506382974291
-1.49468623535854	0.756171739578042
0.165622192143609	0.0492275837346074
-0.0173522542132245	0.00816670614212101
-0.221443869104186	0.0712956025102242
-0.337924641037297	0.0968088152153293
-0.154887273994592	0.0553527941809638
0.903937717993954	0.488786092987027
-0.337924641037297	0.0968088152153293
0.828185454384309	0.347969212421182
-3.07836047129561	0.956774727997911
0.17351044503084	0.0436385160120603
1.04577073722875	0.395582052714565
0.169762747888229	0.0427831084845497
0.173940988172143	0.0437550114519682
3.26732978575294	1.1211772426211
3.26732978575294	1.1211772426211
-0.620903335937371	0.151058535991718
-2.57847696185857	0.659529736545688
-0.216063671871124	0.0695794401283131
-0.757037249230337	0.327721565464984
-1.81291187157146	0.734751884578751
-0.0948604807732728	0.0376299243744259
-0.221200715743042	0.0712222587266738
-0.208734961364574	0.0673140088709551
0.162352652580513	0.0483303505238246
1.04272737841263	0.394268038065867
-0.718081625995024	0.245384533690959
-0.516748730928915	0.194980159188936
0.823078351695812	0.34550391355806
-0.770356668689897	0.334785804148308
0.176818183184722	0.0443715906559113
-1.27784299590365	0.574711166317859
0.162352652580513	0.0483303505238246
-0.719585944508868	0.245867637672296
0.172385921068679	0.0433875285709768
-0.336952847519868	0.096512855057735
-0.215815148052618	0.0695090074287807
-1.12725353624624	0.339405023147411
0.15823182603157	0.0297179405544109
0.956021254579335	0.253830462538477
-0.343686146411719	0.0983921171207581
0.159251072645633	0.0298673857617753
-0.715034146888943	0.244213254744201
0.827624029735347	0.347817645508971
-0.775982039898047	0.510548433217432
0.811252867254867	0.490957460306945
0.155003475763351	0.0593792158543485
-0.619895187822925	0.150839789138775
0.146743927715746	0.0497486157562573
2.75704467106166	0.766025498669684
0.152453062620175	0.0516328700929256
0.14376090752402	0.0624214751825476
0.677716162542668	0.214611870267994
-2.57447078703937	0.657780381714024
-0.761851123910773	0.330313512798555
0.157971563808893	0.0296806747786729
-2.57447078703937	0.657780381714024
-0.616620021012413	0.150099962492625
-0.343686146411719	0.0983921171207581
-0.719030595483876	0.245557497516708
0.448524252970948	0.179929065158735
-1.12725353624624	0.339405023147411
-0.011174855723958	0.00537356004779475
0.818422599411602	0.343294101023506
0.166279076961167	0.0494077549790747
4.17432985406838	2.00006384756967
1.09253884379043	0.674584404409793
1.46209127003869	0.484377128190959
-1.51042707521765	0.53568486067596
-1.48687302529759	0.75019393142496
-0.342463785834028	0.0980578484034576
-1.82909625897397	0.742910489839679
0.176818183184722	0.0443715906559113
0.678327026073525	0.214743904761834
-1.80127875869	0.380587746892248
-1.79763019308962	0.379603777700996
-1.81738212013859	0.737229580571004
0.174933567082256	0.0439573605408891
-1.81431164447288	0.735547468758957
-0.338896474896558	0.0970421752101679
-0.216409245079586	0.0696890647462961
-0.978275546366172	0.483268556154035
-0.404079166493538	0.168605355148743
-1.79763019308962	0.379603777700996
-3.08247559880565	0.958940682858076
-1.12669343566207	0.339109154533815
-4.00243287233861	1.72656513084757
0.15823182603157	0.0297179405544109
-0.380999036202091	0.158218641277621
-1.12781381973937	0.339579374120096
-0.620903335937371	0.151058535991718
-0.482091253297495	0.252522240741117
0.147350780093761	0.0564751702386424
-0.516748730928915	0.194980159188936
-2.57421277656498	0.657506382974291
-0.144946030904406	0.0518319984756812
-0.215815148052618	0.0695090074287807
-1.12937501458112	0.339964434622374
-0.619895187822925	0.150839789138775
-0.725900238850153	0.248251178610979
-0.339136742629042	0.0971078731889835
-3.75228333635026	1.47685987725686
