x	y
4.56218037513586	2.56187090700542
1.33208469099746	0.58115584608196
-0.599266126452726	0.286811122544549
0.371262623674178	0.188500607516901
-0.340107395831878	0.0973408882698726
0.9022102266117	0.487363724669492
0.449606181944122	0.180323635623659
2.56255837512531	1.41870343382469
1.06632392555289	0.514786948757726
-0.338896474896558	0.0970421752101679
-0.71869462645605	0.245625159522256
0.673656731319726	0.21327169490293
0.150249356563049	0.0575466478816129
1.06956203261337	0.516936934630967
0.155767123355785	0.0527007872498129
0.532196819047093	0.190683131950839
-3.75779539313074	1.48038803127513
0.162171049505848	0.0303007576998756
-0.620903335937371	0.151058535991718
0.149734842703587	0.0507352562067422
-1.12669343566207	0.339109154533815
-0.339136742629042	0.0971078731889835
-0.518386429636852	0.195700313035901
-1.27350244078428	0.571651779328361
1.32981288417155	0.579376992880392
-1.12937501458112	0.339964434622374
0.158989511121608	0.0298299152293259
1.46209127003869	0.484377128190959
0.16323818852145	0.0485873708307168
0.959865181244613	0.254814612498812
-1.12825544522804	0.339732258677114
-0.389591169949784	0.161972636667985
-1.50922180218546	0.535188573690381
0.67498185747701	0.213690207850534
-0.619895187822925	0.150839789138775
-1.50922180218546	0.535188573690381
-2.57821111666453	0.659475059970799
-0.212700860727539	0.0685566980358174
-0.388408062610022	0.161550493058169
2.7590679263751	0.76692961097815
-0.211266830124093	0.0680954468365414
0.15804466225885	0.0686694918013459
-0.213045293923959	0.068627812033618
0.153016180557848	0.051821004050093
-0.624623675797245	0.151937920429117
0.173940988172143	0.0437550114519682
-2.57472877667238	0.65760345889815
-1.51396898226758	0.537314617740072
-0.216409245079586	0.0696890647462961
-1.12435877083653	0.338493350823416
-3.07750490916701	0.956880231933195
-1.7975657981284	0.379599665892429
0.166894126545373	0.0495801423286346
0.824451710034132	0.346189076295124
0.700719755640438	0.328576052812794
-0.217846843502484	0.0701143757601707
0.448524252970948	0.179929065158735
0.159251072645633	0.0298673857617753
0.527044238798593	0.188665151211694
-3.07750490916701	0.956880231933195
0.163853552605343	0.0487595972376143
0.674624067917918	0.213658555919133
-1.51396898226758	0.537314617740072
-0.617491939447093	0.150288713008559
-0.344042706429557	0.0984794926451442
0.15823182603157	0.0297179405544109
0.164738242561747	0.0490009495728858
0.955450516302873	0.253599562429476
0.951724523631597	0.252769110062367
0.673177180799231	0.213063750844139
0.158989511121608	0.0298299152293259
0.170331293505475	0.0429093144237285
0.526808022811829	0.188639363777938
1.95793128711136	0.437766051086387
2.75805496536761	0.766752929661107
0.680267294542255	0.215376555237081
1.46109938210879	0.484014060767982
0.164738242561747	0.0490009495728858
0.16566376423511	0.049220972992664
0.534955479672592	0.191660301050033
-0.3395018260887	0.0972061822975938
2.5633642816929	1.41932837743032
1.96141436018454	0.438711417164155
3.9371926868257	1.72364294570268
0.674624067917918	0.213658555919133
1.04272737841263	0.394268038065867
1.46010735547628	0.483457516052687
1.04272737841263	0.394268038065867
-0.519768829568746	0.196162419845737
0.174370024960364	0.0438183729016174
-0.620903335937371	0.151058535991718
-0.619895187822925	0.150839789138775
-0.715646834778114	0.244453295526364
0.959294652844364	0.254663957360155
0.532196819047093	0.190683131950839
0.531600808944957	0.190452833446827
4.18354239000766	2.00645925415005
1.46265753359042	0.48460907431551
-0.620473624670499	0.150917804175241
0.155282002123357	0.02934225636165
2.75704467106166	0.766025498669684
0.675232747867266	0.213789953820415
3.26835783601252	1.12163011968705
0.15823182603157	0.0297179405544109
-0.338395647029448	0.0969382934539019
-0.624623675797245	0.151937920429117
0.957461191854986	0.254126256439643
3.93818909907967	1.72414013073745
0.159251072645633	0.0298673857617753
-2.57447078703937	0.657780381714024
-1.02194301820446	0.403479228390162
-1.12881513859764	0.339906487322227
-0.517825107309169	0.195474359908123
-1.81352302981117	0.735065306555984
0.675948496687313	0.213928974911644
0.158989511121608	0.0298299152293259
2.75805496536761	0.766752929661107
1.95793128711136	0.437766051086387
-0.619895187822925	0.150839789138775
0.147802728209744	0.0501147268752412
0.673656731319726	0.21327169490293
-1.01991109008906	0.40221120986456
1.95793128711136	0.437766051086387
-0.720453666514924	0.246264037870489
0.160845141692418	0.0478627209943367
-0.342107054910445	0.0979510037894855
-0.621333103088639	0.151104040920032
-1.12837428626612	0.339637586745731
-3.45284250285449	1.22194559695964
1.0444887245408	0.394848386181826
-1.79763019308962	0.379603777700996
1.32587189831581	0.577558696272949
-1.13238809108681	0.341172314702962
-3.07750490916701	0.956880231933195
2.75704467106166	0.766025498669684
0.956455214607419	0.253949648163622
0.174503749901052	0.0438676710334476
2.35867500117237	1.17688948319321
0.537835862236506	0.192720145890651
-0.715646834778114	0.244453295526364
0.533275066051755	0.191011050930048
-2.57447078703937	0.657780381714024
-0.338896474896558	0.0970421752101679
0.955017933589342	0.253480850166851
2.35556378057502	1.17434088403307
1.0433448222306	0.394400438672122
0.531600808944957	0.190452833446827
-1.50884424560785	0.535043767502043
-3.08203891306948	0.959069086853276
-0.624183598429151	0.151840837481169
0.679297187320958	0.21511425797511
-0.717191145070403	0.244966202456728
0.521397005108436	0.186513871186962
0.955017933589342	0.253480850166851
0.158989511121608	0.0298299152293259
-0.716578513626022	0.244664612220419
0.955450516302873	0.253599562429476
0.172385921068679	0.0433875285709768
0.668504270521836	0.211524693005927
-0.222282150898245	0.0715311175279888
-1.13238809108681	0.341172314702962
1.96141436018454	0.438711417164155
-0.620903335937371	0.151058535991718
3.27129205644114	1.12317050813274
0.159251072645633	0.0298673857617753
0.17351044503084	0.0436385160120603
0.173940988172143	0.0437550114519682
-3.45172595803352	1.22146685013561
1.82912964257087	0.714770179842855
-0.343432234206214	0.0982903961052269
0.159251072645633	0.0298673857617753
0.154643798015002	0.0523504544120162
0.159251072645633	0.0298673857617753
-0.625630686390319	0.152156798395567
-0.620326325745573	0.150885642821786
-0.620473624670499	0.150917804175241
-0.620326325745573	0.150885642821786
-0.617055950695462	0.150241664375452
-1.80127875869	0.380587746892248
-3.08203891306948	0.959069086853276
-0.338896474896558	0.0970421752101679
0.538672909842541	0.193078624853722
1.95793128711136	0.437766051086387
-0.337924641037297	0.0968088152153293
-1.02312783931858	0.403977027889059
1.46364987732708	0.48479584486453
0.701523986689065	0.329031287259273
-0.338896474896558	0.0970421752101679
0.957461191854986	0.254126256439643
0.164468653517054	0.0489167663284228
-3.07707720857862	0.956361112132394
-0.620473624670499	0.150917804175241
-0.3395018260887	0.0972061822975938
0.159251072645633	0.0298673857617753
3.26835783601252	1.12163011968705
0.157971563808893	0.0296806747786729
0.15823182603157	0.0297179405544109
0.955450516302873	0.253599562429476
-1.5094475769206	0.535248673690833
3.64204563210395	1.43174087144813
-1.12781381973937	0.339579374120096
0.167164301060576	0.0496616909525181
-3.45228414088993	1.22181665198441
-0.620326325745573	0.150885642821786
-0.620473624670499	0.150917804175241
0.15823182603157	0.0297179405544109
1.33686934913081	0.583851214307558
1.82851727583204	0.714435845516616
-1.7975657981284	0.379599665892429
-0.620326325745573	0.150885642821786
-0.337924641037297	0.0968088152153293
-0.212107996589827	0.0683682958385105
-0.620903335937371	0.151058535991718
-3.45284250285449	1.22194559695964
0.167786821496111	0.0423548811213711
-0.522777207619905	0.197556097300605
0.157971563808893	0.0296806747786729
0.159251072645633	0.0298673857617753
-1.12881513859764	0.339906487322227
0.956021254579335	0.253830462538477
0.158989511121608	0.0298299152293259
1.82912964257087	0.714770179842855
0.823078351695812	0.34550391355806
-1.12881513859764	0.339906487322227
2.75805496536761	0.766752929661107
-0.723840071113924	0.247402192075027
2.75805496536761	0.766752929661107
-0.620903335937371	0.151058535991718
1.95793128711136	0.437766051086387
-0.715646834778114	0.244453295526364
0.675591354383564	0.213968352567141
-0.624623675797245	0.151937920429117
0.158989511121608	0.0298299152293259
0.955450516302873	0.253599562429476
-1.81738212013859	0.737229580571004
0.665855845614413	0.210630560292204
1.46010735547628	0.483457516052687
-1.79763019308962	0.379603777700996
3.64204563210395	1.43174087144813
-1.12781381973937	0.339579374120096
-2.57472877667238	0.65760345889815
0.157971563808893	0.0296806747786729
0.955450516302873	0.253599562429476
0.159251072645633	0.0298673857617753
-2.57421277656498	0.657506382974291
-1.7975657981284	0.379599665892429
-0.620903335937371	0.151058535991718
-2.57447078703937	0.657780381714024
-1.51433726696095	0.537497293520418
-1.12725353624624	0.339405023147411
-1.79763019308962	0.379603777700996
0.15823182603157	0.0297179405544109
1.83162438273742	0.716000775412828
-0.620903335937371	0.151058535991718
0.157971563808893	0.0296806747786729
0.15823182603157	0.0297179405544109
0.1677792397568	0.0498341730879395
-1.7975657981284	0.379599665892429
-0.767627978905889	0.333493259572062
-1.12781381973937	0.339579374120096
0.69284935645393	0.323980193410431
-1.27728489514151	0.574335372221734
-0.619895187822925	0.150839789138775
-0.620326325745573	0.150885642821786
1.95879552552655	0.437985228139192
-0.1446627598823	0.051733083076893
0.172385921068679	0.0433875285709768
-1.12725353624624	0.339405023147411
0.173378039987466	0.0436162262322836
0.155282002123357	0.02934225636165
-1.51042707521765	0.53568486067596
-3.07793266340176	0.957013587093989
-2.57472877667238	0.65760345889815
-0.619895187822925	0.150839789138775
1.95879552552655	0.437985228139192
0.960305402281055	0.254935680101795
0.959865181244613	0.254814612498812
-0.343686146411719	0.0983921171207581
-0.621333103088639	0.151104040920032
1.95879552552655	0.437985228139192
-3.45601360105774	1.22364277502153
-2.57472877667238	0.65760345889815
0.162171049505848	0.0303007576998756
-0.337924641037297	0.0968088152153293
-0.620326325745573	0.150885642821786
-2.57447078703937	0.657780381714024
-1.02730920175823	0.406112820022134
-0.333856458330646	0.0956917261764247
-1.7975657981284	0.379599665892429
-3.07750490916701	0.956880231933195
-0.719307886400812	0.245829792820617
-2.57472877667238	0.65760345889815
-2.57421277656498	0.657506382974291
-1.12881513859764	0.339906487322227
2.7590679263751	0.76692961097815
0.163853552605343	0.0487595972376143
-0.392200046625833	0.163170242246941
-1.79763019308962	0.379603777700996
-3.45284250285449	1.22194559695964
0.161736914950373	0.0481441679802126
0.158989511121608	0.0298299152293259
0.173378039987466	0.0436162262322836
-0.336952847519868	0.096512855057735
-0.772215387166699	0.335672015423012
0.674624067917918	0.213658555919133
-1.51336055363438	0.537061579976289
0.166279076961167	0.0494077549790747
-1.12825544522804	0.339732258677114
0.174370024960364	0.0438183729016174
-3.07793266340176	0.957013587093989
0.17294827606403	0.0435260072159332
-0.617055950695462	0.150241664375452
0.955017933589342	0.253480850166851
0.957025852492456	0.254006696314478
0.158989511121608	0.0298299152293259
-2.57447078703937	0.657780381714024
-2.57447078703937	0.657780381714024
-2.57472877667238	0.65760345889815
0.15823182603157	0.0297179405544109
0.956021254579335	0.253830462538477
-0.620326325745573	0.150885642821786
-1.12825544522804	0.339732258677114
-0.21750140385887	0.0700056929839968
-1.79763019308962	0.379603777700996
0.157971563808893	0.0296806747786729
-0.620903335937371	0.151058535991718
0.951724523631597	0.252769110062367
-3.07750490916701	0.956880231933195
-1.7975657981284	0.379599665892429
-2.57447078703937	0.657780381714024
0.173940988172143	0.0437550114519682
0.173378039987466	0.0436162262322836
0.348005115589398	0.213188744045725
-0.619895187822925	0.150839789138775
-0.338896474896558	0.0970421752101679
0.960305402281055	0.254935680101795
2.75805496536761	0.766752929661107
-1.51494510157249	0.537750180976637
0.371683018677188	0.1885359472912
0.154081774580399	0.0521624398881256
-2.07240224149887	0.940920384238857
0.152041864306179	0.0582138549515357
-0.978608764460466	0.483261411479808
0.536145192793524	0.192183675780863
-0.222038342595648	0.0714812050319378
-1.12881513859764	0.339906487322227
-2.57447078703937	0.657780381714024
-1.79763019308962	0.379603777700996
-3.45284250285449	1.22194559695964
1.46498308680977	0.485505347800691
1.83162438273742	0.716000775412828
-0.619895187822925	0.150839789138775
-1.12725353624624	0.339405023147411
0.820788708717359	0.34438504769634
-1.02671683891162	0.40581238098729
-1.12435877083653	0.338493350823416
-3.75658350496235	1.47972368837861
-0.513265508496353	0.193649815889796
-3.07707720857862	0.956361112132394
-0.620473624670499	0.150917804175241
-2.57447078703937	0.657780381714024
-0.338896474896558	0.0970421752101679
-2.48057270484373	1.38249182019021
-0.518644858635781	0.195729988241304
-1.15789481301882	0.646541523519157
-1.7975657981284	0.379599665892429
-0.728941542325998	0.249426183402838
3.27232628525746	1.12331698634376
-1.7975657981284	0.379599665892429
1.46455689811314	0.485225385720349
-3.07836047129561	0.956774727997911
-0.609708791568767	0.292915296769419
1.57456970916105	0.781137072800479
0.353434926939578	0.198436986695165
0.169762747888229	0.0427831084845497
0.79914714879669	0.481985959097062
-1.02194301820446	0.403479228390162
-2.57447078703937	0.657780381714024
-1.7975657981284	0.379599665892429
-1.13238809108681	0.341172314702962
-3.46089363260511	1.22607174819433
-0.393019275955189	0.222294468735405
-1.27728489514151	0.574335372221734
-0.767258704524236	0.332989408243179
-0.338896474896558	0.0970421752101679
-0.771167851788504	0.335180013603335
-0.146388253508021	0.0523841154261225
-0.337318918589577	0.0966140796949229
-0.149390704801257	0.0534113782231424
0.159251072645633	0.0298673857617753
-0.624623675797245	0.151937920429117
2.7590679263751	0.76692961097815
-1.7975657981284	0.379599665892429
-0.617055950695462	0.150241664375452
-2.10827386185664	1.61589917576463
-3.07750490916701	0.956880231933195
-0.321068754641129	0.226355663603252
0.60995101954561	0.319828502007082
-0.65683384795652	0.456911245629615
0.155490335273875	0.0595707244029917
0.168354166613062	0.0424807140134561
0.173940988172143	0.0437550114519682
-3.07707720857862	0.956361112132394
-0.145229067230335	0.0519186816977856
0.532438411561851	0.190754397880712
-0.518947990401155	0.195906357411418
-0.603745520956593	0.289662547110109
-1.81230096904141	0.73434889647897
0.531115719234218	0.190139072437444
0.141853322012689	0.0544089748890407
3.26732978575294	1.1211772426211
0.955450516302873	0.253599562429476
-2.57421277656498	0.657506382974291
-1.79763019308962	0.379603777700996
-0.620326325745573	0.150885642821786
0.15823182603157	0.0297179405544109
2.75805496536761	0.766752929661107
-0.61946410648704	0.150698865008898
-0.782450985410613	0.42565310658751
0.0396807787489568	0.0217948756050331
1.77275579207158	1.38768115743923
-0.600553533923325	0.287542799273189
1.57722144544452	0.783207973163534
-0.625191995446008	0.152059991852936
0.158989511121608	0.0298299152293259
-2.57447078703937	0.657780381714024
-1.7975657981284	0.379599665892429
-3.07750490916701	0.956880231933195
-1.13338534815793	0.341498686250824
-0.228300401261633	0.113883409091007
-1.02874670321027	0.406592521454169
-0.770356668689897	0.334785804148308
-0.64825150665776	0.384359070391411
1.33579772039654	0.583034617768404
1.04665020030324	0.395956904990197
0.827624029735347	0.347817645508971
-0.101754823491137	0.0403399444878772
0.154141692684137	0.0521718492986209
-0.715981733394295	0.244480287622429
0.16190498991222	0.0302625824147867
-0.619895187822925	0.150839789138775
-0.620473624670499	0.150917804175241
-1.7975657981284	0.379599665892429
-0.714755800696332	0.244129665196273
-0.519509789783503	0.196074725737918
-0.764056667033103	0.33124636563297
0.151061641523147	0.0578640062767647
1.83320872066104	0.716809839835328
0.154643798015002	0.0523504544120162
2.11869185323705	0.945764565994132
-2.57447078703937	0.657780381714024
0.17294827606403	0.0435260072159332
-3.45284250285449	1.22194559695964
-0.619895187822925	0.150839789138775
-1.12825544522804	0.339732258677114
-3.07750490916701	0.956880231933195
-1.12725353624624	0.339405023147411
-2.57821111666453	0.659475059970799
-1.50512968650064	0.533411802331246
-0.338530582329419	0.0969729638077002
-0.338291342092883	0.0968475173314605
0.535308159768992	0.19186644934071
0.16934280349587	0.0427080042196444
1.46209127003869	0.484377128190959
0.827624029735347	0.347817645508971
-0.724110175343364	0.247660897147714
4.18262191893244	2.0059441468171
-0.33507409718716	0.0959919997809414
0.532196819047093	0.190683131950839
-0.764869388431953	0.331763274066207
0.167786821496111	0.0423548811213711
0.155205580878186	0.0525315583518307
0.450436111391181	0.180774850838104
0.15823182603157	0.0297179405544109
-1.13395018438652	0.341592389781504
0.155282002123357	0.02934225636165
-2.57421277656498	0.657506382974291
-2.57472877667238	0.65760345889815
-1.14317977573471	0.344537955058794
-0.624623675797245	0.151937920429117
-0.61946410648704	0.150698865008898
0.173940988172143	0.0437550114519682
-1.79763019308962	0.379603777700996
-2.57447078703937	0.657780381714024
-1.27702255318032	0.574015400729037
-2.57421277656498	0.657506382974291
0.956455214607419	0.253949648163622
-0.619895187822925	0.150839789138775
0.176253051776925	0.0442319878724308
-1.5094475769206	0.535248673690833
1.46364987732708	0.48479584486453
-0.342463785834028	0.0980578484034576
0.960305402281055	0.254935680101795
-1.28304885582667	0.577697102313377
-0.617491939447093	0.150288713008559
-0.625630686390319	0.152156798395567
0.149306636120966	0.0647638199880352
-0.140651233873569	0.0503664645110337
-2.57821111666453	0.659475059970799
0.17738312662749	0.0444846964186047
1.95879552552655	0.437985228139192
1.06685305821338	0.514909855606969
0.17294827606403	0.0435260072159332
1.04488949167403	0.395085051250541
0.176253051776925	0.0442319878724308
1.95793128711136	0.437766051086387
0.174370024960364	0.0438183729016174
-1.03185885274162	0.40806025964587
-2.57472877667238	0.65760345889815
-0.338530582329419	0.0969729638077002
-1.79763019308962	0.379603777700996
1.4655515469736	0.485738470948645
0.959865181244613	0.254814612498812
0.151889703183871	0.0514338266751557
0.15823182603157	0.0297179405544109
-0.334830546749113	0.0959542136262779
-0.718081625995024	0.245384533690959
-0.620903335937371	0.151058535991718
0.159251072645633	0.0298673857617753
-1.7975657981284	0.379599665892429
2.12149136184524	0.947562188308172
1.95793128711136	0.437766051086387
-1.12881513859764	0.339906487322227
-1.12769593434811	0.339436368028373
1.96141436018454	0.438711417164155
-2.57847696185857	0.659529736545688
2.11842867036876	0.945672460079198
0.531600808944957	0.190452833446827
-0.518947990401155	0.195906357411418
-1.51042707521765	0.53568486067596
1.95793128711136	0.437766051086387
2.363283164177	1.17977433059881
-2.57447078703937	0.657780381714024
0.675591354383564	0.213968352567141
0.176818183184722	0.0443715906559113
2.11842867036876	0.945672460079198
3.93397258257213	1.72120776019779
-0.621333103088639	0.151104040920032
0.174503749901052	0.0438676710334476
-0.621333103088639	0.151104040920032
-1.12492122665638	0.338668219085241
0.173940988172143	0.0437550114519682
-0.625191995446008	0.152059991852936
0.675948496687313	0.213928974911644
-0.616620021012413	0.150099962492625
-0.620326325745573	0.150885642821786
-1.7975657981284	0.379599665892429
0.15823182603157	0.0297179405544109
0.158202431453599	0.0297753629586498
1.95879552552655	0.437985228139192
0.159251072645633	0.0298673857617753
-1.7975657981284	0.379599665892429
0.168774858509076	0.0425819447497206
-1.01797130384778	0.401574087179109
0.673048421642057	0.212994504688281
-0.214973425440132	0.0692286309045475
-1.02279263404674	0.40371590748429
0.177812920485068	0.0445891130396879
-2.57472877667238	0.65760345889815
0.15823182603157	0.0297179405544109
-1.50922180218546	0.535188573690381
0.164738242561747	0.0490009495728858
1.46498308680977	0.485505347800691
2.75805496536761	0.766752929661107
0.154259314455831	0.0291924198815566
1.33975737931465	0.585056863780139
0.158071334427349	0.0534552109956331
-0.718972834438042	0.245626954230634
0.174370024960364	0.0438183729016174
-3.75288411079685	1.47718399320021
-0.337559379634888	0.0966770330278957
1.95879552552655	0.437985228139192
1.45849632487227	0.482828278090187
0.165353233252732	0.0491580922731075
0.678685727410979	0.214982042405379
0.17294827606403	0.0435260072159332
-0.34307485466429	0.0982470421897248
-0.620326325745573	0.150885642821786
-1.13238809108681	0.341172314702962
-2.57472877667238	0.65760345889815
-1.79763019308962	0.379603777700996
0.159251072645633	0.0298673857617753
0.15823182603157	0.0297179405544109
0.157971563808893	0.0296806747786729
1.95793128711136	0.437766051086387
0.159251072645633	0.0298673857617753
0.168774858509076	0.0425819447497206
-2.57447078703937	0.657780381714024
-1.28386613148399	0.577913662457171
-0.61946410648704	0.150698865008898
-0.339136742629042	0.0971078731889835
0.173378039987466	0.0436162262322836
-2.57472877667238	0.65760345889815
2.76197196120423	0.768541369225187
3.64101793434512	1.43134239135362
-1.51433726696095	0.537497293520418
-0.620326325745573	0.150885642821786
-3.07750490916701	0.956880231933195
1.0418455851348	0.393863567086238
-0.0974007381229365	0.0386383754876962
-1.02075919593971	0.402758433461041
0.674624067917918	0.213658555919133
-1.80127875869	0.380587746892248
-0.717191145070403	0.244966202456728
-1.27208987432739	0.571097274965283
-0.342463785834028	0.0980578484034576
-3.75718934185265	1.48017499214909
-0.337924641037297	0.0968088152153293
-1.81766723004699	0.737367259253776
-0.516445778893015	0.194901695063007
0.955017933589342	0.253480850166851
0.151228096540693	0.0512175185194389
0.168393915595915	0.0499912542478598
0.174933567082256	0.0439573605408891
0.159251072645633	0.0298673857617753
0.173940988172143	0.0437550114519682
-1.7975657981284	0.379599665892429
2.76197196120423	0.768541369225187
1.95793128711136	0.437766051086387
1.95879552552655	0.437985228139192
0.955573890382782	0.253753322308027
-1.7975657981284	0.379599665892429
0.15823182603157	0.0297179405544109
-1.0225353038078	0.403750407139113
-0.620903335937371	0.151058535991718
-2.27998189893738	1.14792379379687
0.158989511121608	0.0298299152293259
-1.7975657981284	0.379599665892429
-2.57447078703937	0.657780381714024
0.174933567082256	0.0439573605408891
-0.337924641037297	0.0968088152153293
1.45553280775885	0.48172823735576
-1.48891310157781	0.751756786472401
-0.0927946661440408	0.0368619033883659
-1.0213509823134	0.403162852904808
-2.57472877667238	0.65760345889815
-2.06530788404037	0.936496100496138
-2.28597849582535	1.15281601397016
0.171653101789031	0.0431973221484952
-1.81200943037821	0.734241478143734
1.45750864016971	0.482642955020513
-0.764524339596763	0.331551499325268
1.04272737841263	0.394268038065867
-0.766733199789823	0.33273995230155
-0.518947990401155	0.195906357411418
0.158989511121608	0.0298299152293259
0.178378460373537	0.04470234426639
0.173378039987466	0.0436162262322836
0.157971563808893	0.0296806747786729
-0.723225679429377	0.247243051260999
-3.45714001185249	1.22455064732533
0.157971563808893	0.0296806747786729
0.155282002123357	0.02934225636165
-2.57447078703937	0.657780381714024
0.16190498991222	0.0302625824147867
-1.80127875869	0.380587746892248
0.157971563808893	0.0296806747786729
-0.61946410648704	0.150698865008898
-1.81139863683783	0.733838743939283
1.33148644921435	0.580580180008122
-0.337924641037297	0.0968088152153293
1.46067242606004	0.483688692701864
1.82755032422624	0.713907775987463
1.46265753359042	0.48460907431551
-0.210674512949727	0.0678922136943536
-0.768149146543914	0.333720628444705
-0.619895187822925	0.150839789138775
-2.57447078703937	0.657780381714024
0.174933567082256	0.0439573605408891
-1.12825544522804	0.339732258677114
-1.7975657981284	0.379599665892429
0.144978282476477	0.0556249597906633
-0.619895187822925	0.150839789138775
0.444874852039873	0.178402850014281
-0.620903335937371	0.151058535991718
-0.344042706429557	0.0984794926451442
-1.5094475769206	0.535248673690833
-0.338530582329419	0.0969729638077002
-3.08247559880565	0.958940682858076
0.166279076961167	0.0494077549790747
2.7590679263751	0.76692961097815
-0.723225679429377	0.247243051260999
-1.5240533266248	0.541336084031251
-0.625191995446008	0.152059991852936
-1.0225353038078	0.403750407139113
-1.80127875869	0.380587746892248
0.157971563808893	0.0296806747786729
-2.57421277656498	0.657506382974291
-1.7975657981284	0.379599665892429
3.64204563210395	1.43174087144813
1.95793128711136	0.437766051086387
-1.7975657981284	0.379599665892429
-1.81705516328656	0.73681238944662
0.365843807286149	0.185077869281523
-2.0753802672603	0.943149552788195
0.85762087534331	0.784845728992069
-0.23249995718918	0.115993240790635
0.620140332824273	0.472510935301814
0.160845141692418	0.0478627209943367
-1.02338521131779	0.403987205196149
0.532196819047093	0.190683131950839
-0.717191145070403	0.244966202456728
-0.620903335937371	0.151058535991718
0.529067099824167	0.189373935970576
0.158989511121608	0.0298299152293259
-3.45284250285449	1.22194559695964
0.159251072645633	0.0298673857617753
-1.5094475769206	0.535248673690833
0.155072032029604	0.0524599648740317
0.398414725600481	0.180059746605272
0.72421209310721	0.480605804146697
0.697923312786667	0.326988260319965
0.903360301595452	0.487548493801835
0.160797462943699	0.0478523577190902
0.907041268970919	0.490496978709264
-0.639315979690562	0.377485650699309
-0.518782767312195	0.195928460123466
-0.523847973197607	0.197922354572038
0.153830475350601	0.0520893555087474
-0.333856458330646	0.0956917261764247
0.347115395742919	0.194702418524573
1.96141436018454	0.438711417164155
-0.620903335937371	0.151058535991718
0.726911717471412	0.482164673367857
-0.298488567019521	0.136999068220112
-0.394317545459924	0.222878131032238
-0.591001189155915	0.479642956437168
-1.15744143418829	0.646149654166611
-0.976547500919783	0.482789991029907
0.157971563808893	0.0296806747786729
-0.621333103088639	0.151104040920032
-0.620473624670499	0.150917804175241
-0.620903335937371	0.151058535991718
-2.57447078703937	0.657780381714024
-2.57421277656498	0.657506382974291
-2.57821111666453	0.659475059970799
-0.71869462645605	0.245625159522256
-0.619895187822925	0.150839789138775
-2.57447078703937	0.657780381714024
-1.79763019308962	0.379603777700996
-1.51851441465735	0.539192370342509
0.150150342967694	0.0651467775824773
-1.02194301820446	0.403479228390162
0.348626857239164	0.195248937945077
-0.216409245079586	0.0696890647462961
-2.57821111666453	0.659475059970799
-0.715646834778114	0.244453295526364
0.396398652565188	0.178907079465743
0.162310948519812	0.0787943641186337
0.167870441262744	0.081632198573904
-0.601386455572773	0.287955636311494
1.95879552552655	0.437985228139192
-1.50861948725752	0.534748868530857
-0.718972834438042	0.245626954230634
-0.392527598762743	0.163297548242261
1.57641681681789	0.782645066717777
0.823287580279974	0.345739910808307
0.956021254579335	0.253830462538477
-1.66943552132408	0.941042212637803
0.172385921068679	0.0433875285709768
1.95793128711136	0.437766051086387
0.177247192199527	0.0444492499698682
1.82755032422624	0.713907775987463
-0.522777207619905	0.197556097300605
3.27232628525746	1.12331698634376
0.172385921068679	0.0433875285709768
0.162171049505848	0.0303007576998756
-1.13282069800183	0.341231258763963
-0.222038342595648	0.0714812050319378
-0.620473624670499	0.150917804175241
-3.45340104404634	1.22171831505731
-3.07793266340176	0.957013587093989
-2.57472877667238	0.65760345889815
-0.338896474896558	0.0970421752101679
0.155633462099864	0.0526590412092563
-0.338530582329419	0.0969729638077002
-3.08247559880565	0.958940682858076
-3.75288411079685	1.47718399320021
0.164391642281999	0.0488687543181863
-0.625191995446008	0.152059991852936
0.678685727410979	0.214982042405379
-0.620473624670499	0.150917804175241
-2.57472877667238	0.65760345889815
-0.625630686390319	0.152156798395567
-1.50982433145335	0.535480148233091
-0.211859399211248	0.068283609988555
-0.61946410648704	0.150698865008898
-3.08203891306948	0.959069086853276
0.174933567082256	0.0439573605408891
-0.621333103088639	0.151104040920032
-0.723495739913315	0.247436366504984
3.26835783601252	1.12163011968705
-1.12781381973937	0.339579374120096
-0.347643262540899	0.0994886132277101
-0.337559379634888	0.0966770330278957
-1.12837428626612	0.339637586745731
-0.521912878875566	0.197148993615427
-0.714755800696332	0.244129665196273
0.676558588301015	0.214207370803977
0.675232747867266	0.213789953820415
-0.339136742629042	0.0971078731889835
-0.771979759176758	0.33543996381316
-0.620473624670499	0.150917804175241
-0.606653367135461	0.291055407943452
-3.07750490916701	0.956880231933195
-1.79763019308962	0.379603777700996
0.16190498991222	0.0302625824147867
-1.79763019308962	0.379603777700996
-0.221200715743042	0.0712222587266738
-2.57421277656498	0.657506382974291
-3.45228414088993	1.22181665198441
-1.0225353038078	0.403750407139113
-1.51396898226758	0.537314617740072
0.668954723733744	0.211640160593954
0.533034126671957	0.190984669183042
0.955450516302873	0.253599562429476
-1.5094475769206	0.535248673690833
0.176818183184722	0.0443715906559113
1.95793128711136	0.437766051086387
0.956021254579335	0.253830462538477
-1.81291187157146	0.734751884578751
-1.7975657981284	0.379599665892429
0.15823182603157	0.0297179405544109
0.956455214607419	0.253949648163622
-0.144419938894036	0.0516441997824019
-0.722881564981813	0.247143842823858
0.1674326840069	0.0497058243208494
-2.57447078703937	0.657780381714024
-0.765629046912383	0.332075518658435
-1.50573496603534	0.533703959061235
0.164122988767051	0.0488286730136595
-0.625191995446008	0.152059991852936
-2.57447078703937	0.657780381714024
-0.391548460852062	0.162837516757791
0.162696896370171	0.0789823556891567
-0.949086481943573	0.58325914603107
-0.982304761044915	0.485944393851237
-1.83626402774514	1.15767928648571
-0.477961647786616	0.250216747288543
0.675591354383564	0.213968352567141
-3.4565767152091	1.22430361707387
0.158426007238141	0.0472279903538101
-1.7975657981284	0.379599665892429
-1.12781381973937	0.339579374120096
-0.335278829649113	0.0960600697551945
1.04603323538674	0.395528149844171
-1.79763019308962	0.379603777700996
-0.336952847519868	0.096512855057735
-1.51042707521765	0.53568486067596
0.530762262945688	0.190122868111177
0.168774858509076	0.0425819447497206
-3.07793266340176	0.957013587093989
-0.620903335937371	0.151058535991718
-0.604984367580925	0.290175205636641
-0.719921406038465	0.24597629720829
-1.50922180218546	0.535188573690381
-0.261483178165532	0.163191445801744
-0.779110856987045	0.423611286774771
0.0193987652227923	0.00976172597533054
-0.93864145131278	0.574340994425078
0.0629659445115358	0.0369703291160261
-1.44234691424161	1.28805338167475
-0.786090752946773	0.427976341189155
3.64101793434512	1.43134239135362
-0.338896474896558	0.0970421752101679
3.93297854230234	1.72057752612902
-1.12725353624624	0.339405023147411
-0.620903335937371	0.151058535991718
0.158989511121608	0.0298299152293259
0.959294652844364	0.254663957360155
-1.79763019308962	0.379603777700996
0.175496922320134	0.0440701137079318
0.956455214607419	0.253949648163622
-0.337924641037297	0.0968088152153293
-0.781568286456704	0.51602992088909
0.161441603969475	0.0783531922642774
-0.656033289507428	0.719445307562766
0.550379990107865	0.32012114045384
-0.855682141898359	0.917397262830785
-0.076569184344227	0.0464915132711818
1.27514843013463	0.702952272201877
0.157971563808893	0.0296806747786729
-1.79763019308962	0.379603777700996
-0.724110175343364	0.247660897147714
-1.51042707521765	0.53568486067596
-3.45228414088993	1.22181665198441
-3.45228414088993	1.22181665198441
-1.12548386699252	0.338727340170484
1.46109938210879	0.484014060767982
-1.27702255318032	0.574015400729037
0.958855818540361	0.254543321351908
-0.317471015418389	0.189644846893686
-0.535141805404326	0.337833306736764
-0.560726761069277	0.406174595342328
-1.12379649940684	0.33819735561451
0.671045597340039	0.212419421287662
0.149982636103429	0.0508231515257977
-0.393017455051046	0.163508285723509
1.83474856422576	0.717102751489695
-0.0893300542784814	0.0355154444573409
-1.81766723004699	0.737367259253776
-0.51812811293967	0.195578845806807
-1.48256073007596	0.747292271784115
1.04272737841263	0.394268038065867
0.159042375477486	0.0473891494040675
-0.221200715743042	0.0712222587266738
-1.12781381973937	0.339579374120096
1.95793128711136	0.437766051086387
1.46010735547628	0.483457516052687
0.531358567637365	0.190353154457246
-0.216906973772167	0.0698162939158413
-0.620903335937371	0.151058535991718
-0.216409245079586	0.0696890647462961
-0.338291342092883	0.0968475173314605
0.174933567082256	0.0439573605408891
-1.48582494700747	0.74955405412154
-0.605365274094376	0.290428903582208
-1.28360592091245	0.577973343301217
-0.334465167213362	0.0958562903993202
1.0703619717886	0.517515132381691
-0.213543270792488	0.0687986075063655
0.957461191854986	0.254126256439643
-0.21725219958623	0.0699489287533772
0.823642509432085	0.345787097083453
-0.759928653899841	0.329284291360622
-0.396390830144092	0.165162480209876
-1.27057187606232	0.570204123724914
-0.34307485466429	0.0982470421897248
-0.100999358720467	0.0400461994493037
0.161557524205252	0.0545946857697164
-0.397206118004299	0.165500382515154
-0.144946030904406	0.0518319984756812
0.164738242561747	0.0490009495728858
-1.81413444396294	0.735290551794613
0.532438411561851	0.190754397880712
1.57585328800947	0.781914893440029
0.402024974280747	0.181872674967874
1.83106456718648	0.715380743752126
1.03729632748488	0.391751460326444
0.826816090554278	0.347389878556976
0.156699366808556	0.053003974525284
-0.61946410648704	0.150698865008898
-0.336346534706249	0.0963182114993482
-1.12435877083653	0.338493350823416
-0.621333103088639	0.151104040920032
-0.523592418494679	0.197882573952315
0.151061641523147	0.0578640062767647
0.152471815027776	0.0584314134137247
0.157971563808893	0.0296806747786729
-1.0225353038078	0.403750407139113
-0.781058096687658	0.425355795748
-1.15956766016191	0.647955350185084
-0.723767624574779	0.247384332637155
1.09002588945441	0.671211219366245
-0.089862694506083	0.0357161818188905
-0.21750140385887	0.0700056929839968
-0.333856458330646	0.0956917261764247
-0.514641699367006	0.194166196064157
0.177812920485068	0.0445891130396879
1.46265753359042	0.48460907431551
0.165353233252732	0.0491580922731075
-0.0944036040363931	0.0374576755555379
1.33603551913475	0.58343053611899
-0.617491939447093	0.150288713008559
1.4604038372023	0.483769829709272
3.26732978575294	1.1211772426211
-1.12825544522804	0.339732258677114
-1.81889213386485	0.738000902901671
-1.51336055363438	0.537061579976289
-1.27702255318032	0.574015400729037
-0.145998858470167	0.0521932143692289
-2.28542134277916	1.15258073395903
-2.0664893400213	0.937220897064085
1.57219334501409	0.779074773498945
-1.83252023041689	1.15429930686526
-2.57821111666453	0.659475059970799
-2.57421277656498	0.657506382974291
-1.79763019308962	0.379603777700996
0.526571184576376	0.188493803820027
-0.719585944508868	0.245867637672296
0.955450516302873	0.253599562429476
-1.12881513859764	0.339906487322227
0.164122988767051	0.0488286730136595
0.174503749901052	0.0438676710334476
-0.102773314602023	0.0407535856312079
0.957461191854986	0.254126256439643
0.675591354383564	0.213968352567141
-0.785526256559555	0.428571742635926
0.450715205995562	0.180857120526025
0.156017379184159	0.052780976044765
-0.714755800696332	0.244129665196273
-0.515760744495211	0.19459595864315
0.175496922320134	0.0440701137079318
-0.620326325745573	0.150885642821786
-2.63393925063751	1.61325264579069
-3.07836047129561	0.956774727997911
-1.02279263404674	0.40371590748429
-3.07793266340176	0.957013587093989
-0.337924641037297	0.0968088152153293
-3.08160228540496	0.95864568534502
1.56882554792314	0.77724413358726
-2.46769233056689	1.37129266634761
0.148612908401246	0.0503807422085685
-1.27438930144672	0.572670443488434
-0.481733888885624	0.25269254955755
0.174503749901052	0.0438676710334476
0.957461191854986	0.254126256439643
-0.336952847519868	0.096512855057735
2.7590679263751	0.76692961097815
0.158989511121608	0.0298299152293259
-0.389103664283518	0.161736955814654
-0.338530582329419	0.0969729638077002
1.06983533628829	0.517183639033184
-2.07181082079694	0.940865439313419
0.530762262945688	0.190122868111177
-0.973169059064484	0.480406925756106
1.27576680597832	0.702365019041069
-0.337924641037297	0.0968088152153293
0.157819787360587	0.0533909827533473
0.152684671650055	0.0584811977102453
-0.140367872285649	0.0502560951722468
-3.07793266340176	0.957013587093989
-0.214973425440132	0.0692286309045475
0.162352652580513	0.0483303505238246
-0.334830546749113	0.0959542136262779
0.160092180629369	0.0776438427511557
0.155205580878186	0.0525315583518307
-2.57421277656498	0.657506382974291
-1.02312783931858	0.403977027889059
0.176253051776925	0.0442319878724308
0.147802728209744	0.0501147268752412
-1.51433726696095	0.537497293520418
-0.216657809109618	0.0697687117469907
1.78063354978476	0.993296679052948
-0.337559379634888	0.0966770330278957
0.955017933589342	0.253480850166851
-1.7975657981284	0.379599665892429
0.536145192793524	0.192183675780863
3.6399901361893	1.43067029650081
-2.57472877667238	0.65760345889815
0.67498185747701	0.213690207850534
1.33939955440594	0.584836454304115
-0.393017455051046	0.163508285723509
0.15823182603157	0.0297179405544109
1.95879552552655	0.437985228139192
-0.718972834438042	0.245626954230634
-3.75168277240236	1.47633842923476
0.958464201007259	0.652560809352729
-0.762663850038628	0.330792072538344
-0.0944036040363931	0.0374576755555379
1.04360842637382	0.394608583742794
-0.211266830124093	0.0680954468365414
-0.149390704801257	0.0534113782231424
2.27719316435456	1.76768907286849
-1.27264921265823	0.571489965817473
0.168774858509076	0.0425819447497206
0.158989511121608	0.0298299152293259
-0.724381910046542	0.247676943012395
-0.338896474896558	0.0970421752101679
-0.0570860558096917	0.024828647358913
-2.07181082079694	0.940865439313419
-0.338530582329419	0.0969729638077002
-0.0185159239819808	0.00867982016903862
-0.0918335336169997	0.0364649550161395
-0.621333103088639	0.151104040920032
0.682768911730453	0.216205939655595
0.15823182603157	0.0297179405544109
-1.7975657981284	0.379599665892429
-0.620903335937371	0.151058535991718
0.164377259115606	0.0799601593854502
0.955017933589342	0.253480850166851
-1.7975657981284	0.379599665892429
0.956021254579335	0.253830462538477
1.07359982425497	0.519417428828948
-0.144946030904406	0.0518319984756812
0.69235801591731	0.323592754044128
0.159251072645633	0.0298673857617753
-0.338395647029448	0.0969382934539019
0.16190498991222	0.0302625824147867
-1.7975657981284	0.379599665892429
1.46308301616168	0.484563679444736
4.37983314298142	2.27062261648921
-1.27403485633299	0.572049719008217
-0.337318918589577	0.0966140796949229
3.64204563210395	1.43174087144813
0.153868695124602	0.0589460710470917
2.35700222344558	1.17564373523042
2.75805496536761	0.766752929661107
-1.45902247161185	1.01396930547826
0.448524252970948	0.179929065158735
-0.392200046625833	0.163170242246941
-0.338530582329419	0.0969729638077002
-1.12825544522804	0.339732258677114
-0.619895187822925	0.150839789138775
0.15823182603157	0.0297179405544109
0.159251072645633	0.0298673857617753
0.15823182603157	0.0297179405544109
2.11390693878904	0.942679036980454
-0.723495739913315	0.247436366504984
-2.57847696185857	0.659529736545688
-1.79763019308962	0.379603777700996
-1.7975657981284	0.379599665892429
1.27496288218597	0.701642667176307
0.159042375477486	0.0473891494040675
0.173940988172143	0.0437550114519682
0.952729371406254	0.252945498225285
-0.61946410648704	0.150698865008898
-0.619895187822925	0.150839789138775
0.157971563808893	0.0296806747786729
-1.79763019308962	0.379603777700996
0.15823182603157	0.0297179405544109
-2.4694100562628	1.372252433797
0.16934280349587	0.0427080042196444
0.827624029735347	0.347817645508971
-0.619895187822925	0.150839789138775
0.675591354383564	0.213968352567141
-0.515481198860195	0.19456712249679
-0.145472337378192	0.0520149972990822
-0.337559379634888	0.0966770330278957
-2.57421277656498	0.657506382974291
-1.81200943037821	0.734241478143734
-2.28597849582535	1.15281601397016
1.04210966752671	0.393840140799123
1.95879552552655	0.437985228139192
1.95793128711136	0.437766051086387
-3.45228414088993	1.22181665198441
1.46265753359042	0.48460907431551
-1.80127875869	0.380587746892248
0.153016180557848	0.051821004050093
0.694148080198457	0.324741670139151
0.800342485250302	0.636544452361016
-0.0542284564703929	0.023616161084499
3.64101793434512	1.43134239135362
3.26732978575294	1.1211772426211
-1.12725353624624	0.339405023147411
-0.61946410648704	0.150698865008898
-0.775552347581567	0.337264470886408
2.76095211479574	0.768066673537379
-1.27866440986665	0.57493073370158
0.1677792397568	0.0498341730879395
1.3374657462467	0.583961413896269
0.674624067917918	0.213658555919133
1.06540289518417	0.514719544781792
0.679297187320958	0.21511425797511
0.449627034157753	0.180445283779786
-0.601464544621041	0.288022282058361
-0.509266546855754	0.191976160168774
-1.48226346139348	0.747142115373589
-3.07793266340176	0.957013587093989
-0.223471943348206	0.0718856833856191
-0.767338705284597	0.333241188309476
0.673048421642057	0.212994504688281
-0.294096333048405	0.134768383543356
1.57380699802241	0.780349499816827
-3.45172595803352	1.22146685013561
-1.50922180218546	0.535188573690381
0.157971563808893	0.0296806747786729
1.95793128711136	0.437766051086387
2.75805496536761	0.766752929661107
0.958855818540361	0.254543321351908
-1.13338534815793	0.341498686250824
-1.7975657981284	0.379599665892429
-1.51103003363439	0.535749564246176
-0.215221304062718	0.0693199317381142
-2.07597125920031	0.94358225331789
0.167164301060576	0.0496616909525181
0.447615686514994	0.17964898897905
0.8248813791516	0.346189491357903
0.158989511121608	0.0298299152293259
0.15823182603157	0.0297179405544109
-0.616620021012413	0.150099962492625
0.530165701430798	0.189830529659283
-1.67040899911506	0.941671517408299
-0.226846217348346	0.0730041921300852
0.673048421642057	0.212994504688281
-0.720812943512764	0.246218814324999
0.168354166613062	0.0424807140134561
-0.302333923982234	0.138875128958208
1.0671250794186	0.51532777476737
-0.619895187822925	0.150839789138775
-0.914170328492227	0.667412173300298
-0.226846217348346	0.0730041921300852
-0.338530582329419	0.0969729638077002
-3.07793266340176	0.957013587093989
-0.214730346109293	0.0691433195292929
-0.213293977179729	0.0687362131681472
0.153016180557848	0.051821004050093
-0.517567096912483	0.195373080592303
-1.02815379565769	0.406346884447955
1.06214611876241	0.512522872891445
0.67498185747701	0.213690207850534
-0.517567096912483	0.195373080592303
0.956455214607419	0.253949648163622
-2.57447078703937	0.657780381714024
-1.79763019308962	0.379603777700996
0.15823182603157	0.0297179405544109
-0.624623675797245	0.151937920429117
-1.0911198566581	0.746727163942656
-0.0910660369009666	0.0361805406073465
0.149990431790691	0.0575128021093227
0.148318174858808	0.0568438697441966
0.531842440037686	0.190461843261247
0.151383672100152	0.0579893158462332
0.14892576642437	0.0504694466811999
0.958855818540361	0.254543321351908
0.956455214607419	0.253949648163622
0.675591354383564	0.213968352567141
-0.719585944508868	0.245867637672296
0.526808022811829	0.188639363777938
1.04691208503382	0.395789758105508
0.370416768952181	0.187803559470115
-0.518386429636852	0.195700313035901
0.157819787360587	0.0533909827533473
0.684763093028418	0.319815286202278
-0.303541003529061	0.139405979928614
-0.391710846289378	0.162959857875505
0.697753725304219	0.326881508385596
-0.0939468953498199	0.037282483387852
-1.01941107455962	0.402225234221499
0.152362963176244	0.0583559062318995
-0.619895187822925	0.150839789138775
-0.220606538471739	0.071036835690658
-0.71869462645605	0.245625159522256
1.33435126799908	0.58211833296484
-1.02646555146412	0.405564715628588
-0.639591970627882	0.377647005732687
0.898527009942049	0.484622189664784
0.1674326840069	0.0497058243208494
1.33435126799908	0.58211833296484
-0.716259781908703	0.244657557065158
0.159251072645633	0.0298673857617753
-0.343686146411719	0.0983921171207581
0.956021254579335	0.253830462538477
-1.7975657981284	0.379599665892429
-1.7975657981284	0.379599665892429
-1.79763019308962	0.379603777700996
-1.79763019308962	0.379603777700996
0.159251072645633	0.0298673857617753
-1.51103003363439	0.535749564246176
-0.391710846289378	0.162959857875505
-0.600359615982573	0.287727623131906
-1.31918769388841	0.824874894102987
0.155056433506276	0.0672447287127954
1.04360842637382	0.394608583742794
0.397957500852408	0.179831860627171
-0.215815148052618	0.0695090074287807
0.447310273049599	0.179520616473123
1.95793128711136	0.437766051086387
0.158989511121608	0.0298299152293259
0.173940988172143	0.0437550114519682
-1.49047763446344	0.752903954055462
0.800552049957453	0.482505028069749
1.33147701080788	0.580768770695237
-0.145998858470167	0.0521932143692289
-0.767258704524236	0.332989408243179
2.03570342508084	1.93435076809753
0.533629585575437	0.191149248838921
-0.146809742742999	0.052468533546798
0.343693131197732	0.192233659546326
0.69334050166972	0.324281436252243
-1.32453605863609	0.830692861463189
-0.145472337378192	0.0520149972990822
-0.215815148052618	0.0695090074287807
-0.391383144839931	0.162807020962866
-1.13338534815793	0.341498686250824
0.16650368675427	0.0809399375996833
1.25849073054236	0.877055549555606
0.347785768908976	0.194917233610461
-1.12725353624624	0.339405023147411
-0.21725219958623	0.0699489287533772
0.159251072645633	0.0298673857617753
0.534470172870219	0.191495164180491
0.158989511121608	0.0298299152293259
2.7590679263751	0.76692961097815
-0.620473624670499	0.150917804175241
-0.629952122229771	0.153143156080765
-1.7975657981284	0.379599665892429
0.157971563808893	0.0296806747786729
-2.57447078703937	0.657780381714024
-1.7975657981284	0.379599665892429
-0.21725219958623	0.0699489287533772
-0.786077710212628	0.519209929298807
-0.132630799759384	0.0745060595296696
-1.08831685518845	0.743580106090608
-2.11242489031641	1.62220664999598
1.96321865767871	1.22590084160255
-0.338530582329419	0.0969729638077002
-0.603132965913145	0.28876243155096
0.157971563808893	0.0296806747786729
1.95879552552655	0.437985228139192
0.158989511121608	0.0298299152293259
0.830800143340358	0.349277485913624
0.698728312540594	0.327428436338777
0.154642861292626	0.067062802898247
1.04272737841263	0.394268038065867
-0.392037934072589	0.163074575803985
-0.771979759176758	0.33543996381316
0.716899841541313	0.473873431758061
0.695333135270152	0.325454598825694
-1.50884424560785	0.535043767502043
-0.638440241973437	0.376828399599489
-0.482554840340087	0.252808661468759
0.955017933589342	0.253480850166851
-0.771167851788504	0.335180013603335
-0.518386429636852	0.195700313035901
-2.57447078703937	0.657780381714024
1.46265753359042	0.48460907431551
0.155886190859223	0.052738812780725
0.00867301597388976	0.00450461435581255
-0.401068985020831	0.167301289678898
-0.781596967462106	0.425088669995401
1.96272619653569	1.22481884689011
2.75704467106166	0.766025498669684
-0.616620021012413	0.150099962492625
0.955017933589342	0.253480850166851
0.956455214607419	0.253949648163622
-1.12837428626612	0.339637586745731
0.158989511121608	0.0298299152293259
-1.79763019308962	0.379603777700996
-2.57447078703937	0.657780381714024
-1.7975657981284	0.379599665892429
-1.80127875869	0.380587746892248
-1.79763019308962	0.379603777700996
-2.57447078703937	0.657780381714024
0.15823182603157	0.0297179405544109
-1.51042707521765	0.53568486067596
0.162622561049093	0.0484009930995383
-0.986643208093492	0.489068358098897
-1.46362645766004	1.01809939101358
-0.718417185790278	0.245411018109158
-2.22571954639931	1.85896331799396
-0.981485656673732	0.48569248408097
0.1732138890056	0.0435401196761172
-3.08203891306948	0.959069086853276
1.96141436018454	0.438711417164155
0.157971563808893	0.0296806747786729
0.671045597340039	0.212419421287662
1.06659631817428	0.51499569547802
-0.79013849606288	0.431411571501898
-0.147093652274001	0.0525528129665041
-0.976810125727647	0.482380932386852
0.531600808944957	0.190452833446827
0.608704209969049	0.319006736309006
-0.516188497981474	0.194754919907515
-0.524408606515689	0.19813675860559
-0.216063671871124	0.0695794401283131
0.532792572738207	0.190847845049574
0.832179814828164	0.349840579822019
-0.384931329859192	0.159924885111344
0.615024328746898	0.323635553646216
0.16323818852145	0.0485873708307168
-0.39878608212728	0.225910825950395
-1.7975657981284	0.379599665892429
0.174503749901052	0.0438676710334476
-0.71869462645605	0.245625159522256
-1.4807002761444	0.745928431536675
-0.778260477489684	0.423050092484816
-0.604458749673287	0.289930015833069
-0.311757517175998	0.185828484580805
0.822513949918738	0.345096883744715
-0.766733199789823	0.33273995230155
1.46166504880046	0.484245680586438
-2.57472877667238	0.65760345889815
0.162171049505848	0.0303007576998756
1.95879552552655	0.437985228139192
-0.619895187822925	0.150839789138775
-3.07707720857862	0.956361112132394
0.956021254579335	0.253830462538477
-1.7975657981284	0.379599665892429
-2.57472877667238	0.65760345889815
-1.12725353624624	0.339405023147411
-1.02194301820446	0.403479228390162
0.695333135270152	0.325454598825694
0.0148323391081555	0.00749760050906721
-0.602721516139881	0.28883762512051
-0.0978550297863506	0.0388181313798155
0.447719113317435	0.179573027507233
1.45941385003452	0.483259882361236
-0.765104708702663	0.33182690354178
-2.57421277656498	0.657506382974291
3.26938718630885	1.12163262119223
3.64508196443781	1.43367348655271
-1.7975657981284	0.379599665892429
-0.620326325745573	0.150885642821786
1.06659631817428	0.51499569547802
0.166237072413587	0.0493846591201304
1.27855875158651	0.704866524537988
-0.221443869104186	0.0712956025102242
0.155167108781228	0.0594478482028144
0.398325956845105	0.180000375040324
0.152453062620175	0.0516328700929256
0.827869862391494	0.347914518409003
-1.15873115540021	0.647391865810701
-1.27057187606232	0.570204123724914
-0.123762924198861	0.0694917859459459
-0.977453511118562	0.482802915720109
-2.28542134277916	1.15258073395903
-1.27350244078428	0.571651779328361
-1.12881513859764	0.339906487322227
-0.209576153213414	0.0675693730317321
0.962941959517666	0.656131797864151
1.06903480350602	0.516605281541135
1.33208469099746	0.58115584608196
0.15823182603157	0.0297179405544109
0.177812920485068	0.0445891130396879
1.46265753359042	0.48460907431551
-1.7975657981284	0.379599665892429
-0.619895187822925	0.150839789138775
-0.334465167213362	0.0958562903993202
0.16190498991222	0.0302625824147867
-2.57447078703937	0.657780381714024
-3.07793266340176	0.957013587093989
-1.02220030668553	0.403399409057447
-0.600930596321389	0.287685874026161
0.605889734902178	0.317583573524645
-2.63206451920524	1.60873485919194
-0.771167851788504	0.335180013603335
-0.0957442504832234	0.0379964703856535
1.0444887245408	0.394848386181826
-1.8089357158134	0.732560649928647
0.164391642281999	0.0488687543181863
-3.07707720857862	0.956361112132394
0.158989511121608	0.0298299152293259
1.57778417402392	0.783272898824577
-0.620903335937371	0.151058535991718
-1.48687302529759	0.75019393142496
-0.516188497981474	0.194754919907515
0.536145192793524	0.192183675780863
0.823287580279974	0.345739910808307
-0.514942080348705	0.194323588932325
0.82943322207102	0.348499314234927
1.0671250794186	0.51532777476737
0.152453062620175	0.0516328700929256
0.367903885145465	0.186577917330017
-0.3395018260887	0.0972061822975938
-0.715034146888943	0.244213254744201
-1.12825544522804	0.339732258677114
0.677168456003689	0.214339100225988
-3.45172595803352	1.22146685013561
-0.145344570977986	0.0520206122062214
-0.173660690128308	0.092728523985244
-0.762663850038628	0.330792072538344
-0.773858211507366	0.336483773202209
0.155282002123357	0.02934225636165
1.46166504880046	0.484245680586438
3.63896224062815	1.42951913528691
-1.7975657981284	0.379599665892429
-1.7975657981284	0.379599665892429
0.956455214607419	0.253949648163622
-0.617055950695462	0.150241664375452
-1.79763019308962	0.379603777700996
-0.619895187822925	0.150839789138775
0.675591354383564	0.213968352567141
-4.00689064630181	1.73027814606556
-1.13881906002082	0.98495714914784
-0.446244609106878	0.295022014663957
-1.97668753097717	1.37730600536256
-0.144419938894036	0.0516441997824019
-0.773992253248594	0.508961087798904
4.38070636998721	2.27161855964549
0.154643798015002	0.0523504544120162
0.15823182603157	0.0297179405544109
1.95793128711136	0.437766051086387
-1.79763019308962	0.379603777700996
-0.34307485466429	0.0982470421897248
-0.786518363672531	0.428771572231935
-0.758596398593511	0.328660864757978
-0.222282150898245	0.0715311175279888
0.175496922320134	0.0440701137079318
-0.337559379634888	0.0966770330278957
0.162038348863068	0.078776564405229
-0.97632203087557	0.482008382433072
1.96489721206278	1.22808010477497
1.83162438273742	0.716000775412828
0.516720532676904	0.329474622128998
-0.387593148133725	0.161202448597226
-1.50982433145335	0.535480148233091
-0.723767624574779	0.247384332637155
-4.00243287233861	1.72656513084757
-0.302433919731897	0.138730919662706
0.903360301595452	0.487548493801835
-1.51042707521765	0.53568486067596
-1.12881513859764	0.339906487322227
0.674264818482823	0.213402910671394
-0.620903335937371	0.151058535991718
1.96141436018454	0.438711417164155
0.174933567082256	0.0439573605408891
0.957461191854986	0.254126256439643
1.83320872066104	0.716809839835328
-0.723495739913315	0.247436366504984
-0.617055950695462	0.150241664375452
-1.7975657981284	0.379599665892429
1.95793128711136	0.437766051086387
-1.79763019308962	0.379603777700996
0.16323818852145	0.0485873708307168
-1.12781381973937	0.339579374120096
-1.7975657981284	0.379599665892429
-1.7975657981284	0.379599665892429
0.158989511121608	0.0298299152293259
-2.57472877667238	0.65760345889815
0.67498185747701	0.213690207850534
-0.215567228616167	0.0694084736962232
-1.48612101543646	0.74933813457945
-0.391310751195852	0.220784729753631
0.532196819047093	0.190683131950839
-1.12825544522804	0.339732258677114
-1.01881976284329	0.401954931656393
-0.61946410648704	0.150698865008898
-1.13698868821346	0.342607629634493
-1.12725353624624	0.339405023147411
-0.61946410648704	0.150698865008898
-1.7975657981284	0.379599665892429
0.159251072645633	0.0298673857617753
0.827062362966711	0.347535018691045
0.150740222782873	0.0577273386353291
-1.31961465351187	0.825576283140865
0.694148080198457	0.324741670139151
4.56548389348503	2.56661483204532
-0.0952334852114847	0.0377727542002594
1.33603551913475	0.58343053611899
1.27688204731726	0.703269565688072
0.453371523175927	0.182039657843618
-0.333856458330646	0.0956917261764247
-1.15970996746524	0.647666306117475
-1.27576570215226	0.57336157810995
-3.75288411079685	1.47718399320021
-0.516445778893015	0.194901695063007
0.164122988767051	0.0488286730136595
-0.337924641037297	0.0968088152153293
-0.338530582329419	0.0969729638077002
3.26835783601252	1.12163011968705
1.95793128711136	0.437766051086387
-1.12781381973937	0.339579374120096
2.75805496536761	0.766752929661107
1.46209127003869	0.484377128190959
0.159251072645633	0.0298673857617753
2.7590679263751	0.76692961097815
1.95879552552655	0.437985228139192
2.75805496536761	0.766752929661107
-1.79763019308962	0.379603777700996
0.159251072645633	0.0298673857617753
1.95793128711136	0.437766051086387
1.04665020030324	0.395956904990197
0.159251072645633	0.0298673857617753
-1.7975657981284	0.379599665892429
-1.7975657981284	0.379599665892429
0.159251072645633	0.0298673857617753
0.159251072645633	0.0298673857617753
0.158989511121608	0.0298299152293259
-1.81139863683783	0.733838743939283
0.159920372276999	0.0476279199969756
-0.299367332308835	0.13741166902456
-0.212700860727539	0.0685566980358174
1.78440047264883	0.995768503418283
1.0433448222306	0.394400438672122
-1.32004047269421	0.825936249800549
0.821612971150663	0.344902213197152
1.04272737841263	0.394268038065867
-3.07750490916701	0.956880231933195
2.7590679263751	0.76692961097815
-0.339366328033743	0.0972003539018668
-0.336952847519868	0.096512855057735
-1.12725353624624	0.339405023147411
-2.47149286107987	1.37422362023689
0.532438411561851	0.190754397880712
-0.176144111177873	0.0940207255725242
-0.299790583611754	0.137622751195604
-0.975170475806978	0.481257421699555
0.963030409015124	0.656120322354766
1.3304117173365	0.579951806427702
-0.528250870128209	0.199803042210157
0.347259605818313	0.194584113970339
0.366634615200438	0.185837373471283
-0.0943190238643748	0.0374192018035695
-0.386331110072793	0.217779255312235
0.34526134773577	0.193288993222779
-0.39042299360481	0.220534177012208
-0.304814957959042	0.140040338779575
0.162968126753743	0.0485024678975847
0.174370024960364	0.0438183729016174
1.95879552552655	0.437985228139192
-0.624183598429151	0.151840837481169
-3.45116795416625	1.22074097588692
-2.57421277656498	0.657506382974291
1.95793128711136	0.437766051086387
0.157971563808893	0.0296806747786729
0.157971563808893	0.0296806747786729
-1.79763019308962	0.379603777700996
-2.57821111666453	0.659475059970799
-2.57421277656498	0.657506382974291
-1.7975657981284	0.379599665892429
0.15823182603157	0.0297179405544109
0.15823182603157	0.0297179405544109
-0.628944872553404	0.15292393261527
0.672009433869294	0.212657302786874
-0.0474546412139778	0.020760987989841
-0.227319773247535	0.113352031648981
-0.0933207684075852	0.0370783910848582
-4.40971632512213	2.23793934169888
-0.390566752350856	0.162403893268319
-0.60491192937513	0.290190935381882
1.45750864016971	0.482642955020513
-1.12548386699252	0.338727340170484
-2.57447078703937	0.657780381714024
-0.621333103088639	0.151104040920032
0.955450516302873	0.253599562429476
3.26938718630885	1.12163262119223
3.93397258257213	1.72120776019779
0.956021254579335	0.253830462538477
-0.605818783932621	0.290640658228113
0.396149608414036	0.179056379168488
1.82816209415628	0.714241631039221
1.089672143801	0.672008207200398
2.12482393991542	0.949177318529429
0.79844981578476	0.48136096203601
0.161460812920862	0.048044569646078
-0.977298409843424	0.482711119481519
-0.391871879508725	0.163003117000622
-0.146809742742999	0.052468533546798
-1.01856232210606	0.401844162864408
1.06983533628829	0.517183639033184
0.174370024960364	0.0438183729016174
-1.02815379565769	0.406346884447955
0.531600808944957	0.190452833446827
-1.80127875869	0.380587746892248
-3.45228414088993	1.22181665198441
-2.57447078703937	0.657780381714024
-0.513824129140511	0.193894300368019
1.95793128711136	0.437766051086387
-0.620903335937371	0.151058535991718
0.15823182603157	0.0297179405544109
-1.79763019308962	0.379603777700996
0.960305402281055	0.254935680101795
3.26835783601252	1.12163011968705
-2.57447078703937	0.657780381714024
3.6399901361893	1.43067029650081
3.26732978575294	1.1211772426211
-0.0939468953498199	0.037282483387852
-2.10790076519133	1.61698107483318
-1.1591852991788	0.647740506843392
0.449051374752847	0.180146054252177
-0.90860184341247	0.660855147705879
1.33124867503934	0.580623928642544
1.33520072787008	0.582923907307515
0.159251072645633	0.0298673857617753
-3.45172595803352	1.22146685013561
3.27025913837768	1.12233669524588
-2.06444769256084	0.935935080561358
0.678074042401891	0.214702481365457
0.162968126753743	0.0485024678975847
0.968088739569359	0.661458591547165
0.181394246480706	0.105331480170243
-0.342463785834028	0.0980578484034576
0.153380510069301	0.0587543815109685
-1.27702255318032	0.574015400729037
-2.06918313852006	0.939212074196618
0.34670658800122	0.193956189856683
1.06739733051201	0.515491638140863
1.45528841496643	0.908068478275144
2.27473772635957	1.76295064510336
-0.222038342595648	0.0714812050319378
0.164122988767051	0.0488286730136595
-0.0960635355505246	0.0380801407149275
-0.0927443556500395	0.0368165109374917
-1.07944990173805	0.735141862668138
-0.391871879508725	0.163003117000622
-0.338896474896558	0.0970421752101679
3.27424476347588	1.12391188707828
-3.07793266340176	0.957013587093989
-1.507638227659	0.53431243522829
1.57428821977256	0.780522983080544
0.159251072645633	0.0298673857617753
0.154259314455831	0.0291924198815566
-1.7975657981284	0.379599665892429
0.951724523631597	0.252769110062367
0.158989511121608	0.0298299152293259
-0.621333103088639	0.151104040920032
-1.80127875869	0.380587746892248
-2.06721524367554	0.938052626142087
-0.0961973175087169	0.0381754760162591
0.154954894721934	0.0524399678344355
-0.308438385207476	0.141859233212143
-0.601842481179404	0.288205637215096
-1.27840133122234	0.575024543685974
-1.16009407954438	0.648311800024147
-0.389052145941336	0.161772394287721
0.530750780741859	0.19013343293214
-2.57447078703937	0.657780381714024
0.16934280349587	0.0427080042196444
-1.7975657981284	0.379599665892429
0.159251072645633	0.0298673857617753
-0.0926618573180851	0.036786603271242
-0.337924641037297	0.0968088152153293
0.613695349492364	0.322431107704122
0.396674079345216	0.179153047470352
0.69383145169967	0.324529246573498
0.154213873214451	0.0668719322751229
0.148612908401246	0.0503807422085685
-0.336346534706249	0.0963182114993482
-0.31876004715658	0.190566312019686
-0.147093652274001	0.0525528129665041
-0.052962153679929	0.0230952520302929
-1.12725353624624	0.339405023147411
-0.723840071113924	0.247402192075027
0.153267904345544	0.0519012670754554
0.149180842462169	0.0571985256612232
-0.392527598762743	0.163297548242261
-0.0885029937124332	0.0351965326396043
-1.02194301820446	0.403479228390162
-2.57421277656498	0.657506382974291
-1.81799459045243	0.737492070536281
0.174370024960364	0.0438183729016174
1.95793128711136	0.437766051086387
-1.79763019308962	0.379603777700996
-0.616620021012413	0.150099962492625
0.957461191854986	0.254126256439643
0.360848888091229	0.182567544508595
-0.326594192111017	0.1957148795683
-1.9269067146549	1.88782420612025
-1.48687302529759	0.75019393142496
0.447091871824143	0.179372760704001
1.33627269313236	0.583274378319538
0.447040724827526	0.179343008591859
-3.08203891306948	0.959069086853276
0.955450516302873	0.253599562429476
1.95879552552655	0.437985228139192
1.95879552552655	0.437985228139192
1.04120842920151	0.393430906801103
3.64204563210395	1.43174087144813
-0.14575574418188	0.0521067853554539
-0.393622924917946	0.222472225794739
-1.48634888119028	0.74990156261755
0.531600808944957	0.190452833446827
0.900625561076723	0.486191449022938
-1.13395018438652	0.341592389781504
-0.765104708702663	0.33182690354178
0.149982636103429	0.0508231515257977
-1.13238809108681	0.341172314702962
-1.81676990665961	0.736858778572184
-0.0520942668718538	0.0227165858465857
0.696947392942228	0.326440852008827
-0.0926618573180851	0.036786603271242
-0.302005383276034	0.138513336068937
-0.621333103088639	0.151104040920032
0.15823182603157	0.0297179405544109
0.159251072645633	0.0298673857617753
0.15823182603157	0.0297179405544109
0.159251072645633	0.0298673857617753
-1.7975657981284	0.379599665892429
-0.620473624670499	0.150917804175241
-2.57447078703937	0.657780381714024
0.159251072645633	0.0298673857617753
-0.0487821403695745	0.0213233387350772
-0.517006318957255	0.195147442742932
0.153355460705906	0.0664669016069639
0.164276079812026	0.0798177960946877
0.680738934910783	0.215333585967799
-1.46987486268786	1.02621168348568
-0.218924327489335	0.0705078780993664
0.832458092735039	0.35002618793994
-0.621333103088639	0.151104040920032
3.64405193165419	1.43312407887711
2.76197196120423	0.768541369225187
0.172385921068679	0.0433875285709768
0.166400296102392	0.0808977900589379
0.152453062620175	0.0516328700929256
0.692040596487325	0.32349253346551
0.147672628136561	0.0566149649661127
-1.48582494700747	0.74955405412154
-0.597411299553778	0.286162038511738
0.155490335273875	0.0595707244029917
-1.70636908343473	1.42822827157579
0.447191186095611	0.179329255309907
-0.392527598762743	0.163297548242261
-0.723495739913315	0.247436366504984
-0.0529056907491119	0.0230583291362125
-0.393344855894386	0.163591234545282
-0.481282006578152	0.252071781475975
-1.27459520685323	0.572338440342121
-0.307587629703345	0.141435249505142
-0.621333103088639	0.151104040920032
0.159251072645633	0.0298673857617753
-0.61946410648704	0.150698865008898
-0.336952847519868	0.096512855057735
-3.07836047129561	0.956774727997911
-1.50884424560785	0.535043767502043
-2.57447078703937	0.657780381714024
0.957025852492456	0.254006696314478
0.176818183184722	0.0443715906559113
-0.619895187822925	0.150839789138775
-1.81200943037821	0.734241478143734
-1.0225353038078	0.403750407139113
-0.313759775109048	0.187053522832494
-1.66563365971206	0.938505619605003
-0.537660317915323	0.339988226603744
-0.0507686037404912	0.0221521388603012
-0.387921450068097	0.161329379903918
-1.12769593434811	0.339436368028373
3.27129205644114	1.12317050813274
-1.7975657981284	0.379599665892429
-0.619895187822925	0.150839789138775
-2.46709382249978	1.36925761844377
0.147802728209744	0.0501147268752412
-1.5949760160842	1.22454190246281
0.164122988767051	0.0488286730136595
-0.391710846289378	0.162959857875505
0.903263897774606	0.487554898398984
-1.31948417472367	0.826584420078606
0.39096762687501	0.176568513596774
-0.771403026864749	0.335277060587618
-1.50982433145335	0.535480148233091
-0.226251670734863	0.0728046955115856
-0.340107395831878	0.0973408882698726
-2.47149286107987	1.37422362023689
0.156575446190185	0.0759881998742116
-2.57847696185857	0.659529736545688
-1.7975657981284	0.379599665892429
-1.79763019308962	0.379603777700996
-1.7975657981284	0.379599665892429
0.173940988172143	0.0437550114519682
-0.620473624670499	0.150917804175241
-1.7975657981284	0.379599665892429
1.33520072787008	0.582923907307515
-0.313759775109048	0.187053522832494
-2.11654346783921	1.62791811240694
-1.01738053439372	0.401259074889294
-0.989868428407057	0.490997683048191
-0.719921406038465	0.24597629720829
-0.215221304062718	0.0693199317381142
0.174503749901052	0.0438676710334476
-3.07793266340176	0.957013587093989
-2.57472877667238	0.65760345889815
0.959294652844364	0.254663957360155
-0.33816613121491	0.0968120886418528
4.18262191893244	2.0059441468171
0.557996998915328	0.326159027113345
-1.48687302529759	0.75019393142496
0.823888102049168	0.345906037374267
-0.490148907490356	0.257645312560687
-0.21413668209253	0.0689782373236906
0.448801914188458	0.180022361022821
-0.298685230006485	0.136985219547295
-0.624623675797245	0.151937920429117
0.154392805413983	0.0522705690038812
0.3725448531271	0.189031899111192
0.173940988172143	0.0437550114519682
-3.46638195761731	1.22853551044128
0.157971563808893	0.0296806747786729
-0.302017183338254	0.138552986425589
-0.775847338177047	0.337615207490548
-4.56506353851	2.49727658058269
-1.12725353624624	0.339405023147411
-1.7975657981284	0.379599665892429
1.46067242606004	0.483688692701864
0.447441545561864	0.179414714836187
-1.15911308029621	0.647562051097037
-0.302017183338254	0.138552986425589
-0.662955348226734	0.462327277869585
-0.778068444991978	0.512837171202098
-0.220364044448608	0.0709420855610054
-0.625630686390319	0.152156798395567
-2.57421277656498	0.657506382974291
1.46265753359042	0.48460907431551
0.157971563808893	0.0296806747786729
1.82851727583204	0.714435845516616
1.04726688944174	0.396088731238016
0.964806425885392	0.658041875355121
1.08878839490783	0.669977490837415
0.173213102861638	0.0928119344373507
-0.236007128478404	0.117964553702969
0.156463480688109	0.0599361206234149
1.08835714987709	0.669678043085705
0.531004542224133	0.190160354232034
-0.215567228616167	0.0694084736962232
-0.231528212405122	0.115526672922655
0.532438411561851	0.190754397880712
0.149982636103429	0.0508231515257977
0.167973999057188	0.0816935913582537
-1.51494510157249	0.537750180976637
-2.57447078703937	0.657780381714024
0.15823182603157	0.0297179405544109
0.178378460373537	0.04470234426639
-1.12881513859764	0.339906487322227
-0.786518363672531	0.428771572231935
-0.392200046625833	0.163170242246941
-0.392689438302867	0.163366691923094
-1.59003533636838	1.21759695982337
-1.7975657981284	0.379599665892429
-1.7975657981284	0.379599665892429
-3.45714001185249	1.22455064732533
-0.343686146411719	0.0983921171207581
1.04122776355439	0.393435934346114
0.151105839347129	0.0656473647391851
-1.81889213386485	0.738000902901671
0.90749734357105	0.490771141886538
0.162622561049093	0.0484009930995383
1.40839816362446	1.09756630513355
1.06770548981535	0.515381317968525
0.154642861292626	0.067062802898247
-0.222038342595648	0.0714812050319378
-0.490954439559026	0.258083775261775
-0.399615971663509	0.166609993375547
-0.660704834786368	0.459952406523622
-0.216906973772167	0.0698162939158413
-1.81799459045243	0.737492070536281
-2.57821111666453	0.659475059970799
3.26732978575294	1.1211772426211
1.82755032422624	0.713907775987463
0.449855196190117	0.180482719429868
-0.516188497981474	0.194754919907515
-2.57421277656498	0.657506382974291
-1.13238809108681	0.341172314702962
0.456332736512093	0.183336741097112
-0.229068199609935	0.114272463195778
-0.306943524410828	0.14100559010544
0.167164301060576	0.0496616909525181
-0.887306012303697	0.734516900656175
-0.302017183338254	0.138552986425589
1.9119291273033	1.65821217079282
-0.518083231189381	0.195483647696607
0.149990431790691	0.0575128021093227
0.151529121377974	0.065828989537309
-1.83671559740122	1.15804887432371
0.394500849991929	0.178242097072821
-0.212950112008515	0.0686100611095293
0.158989511121608	0.0298299152293259
-0.616620021012413	0.150099962492625
3.9371926868257	1.72364294570268
0.154259314455831	0.0291924198815566
0.532438411561851	0.190754397880712
-0.39288940313563	0.222032660936445
-0.32081726712129	0.19179114868306
-0.975657454205629	0.481586388023346
-3.08203891306948	0.959069086853276
-0.620473624670499	0.150917804175241
-1.50884424560785	0.535043767502043
-1.83145987436908	1.15188632879566
0.609542343546943	0.319584682617334
-0.0524999145766508	0.022888116622185
-0.604458749673287	0.289930015833069
-0.395576056680887	0.164799016115278
0.153801108434438	0.0666852820754741
-0.77844633239779	0.512745760188357
0.909499482991742	0.492260798652217
0.797207885130907	0.479639825473211
-0.14441196590695	0.0516667513370867
-0.977364241307212	0.483389097350559
0.157971563808893	0.0296806747786729
0.159251072645633	0.0298673857617753
1.95793128711136	0.437766051086387
-1.79763019308962	0.379603777700996
1.95879552552655	0.437985228139192
0.157971563808893	0.0296806747786729
-1.81323178459194	0.734779878382509
-0.774930973284418	0.420844288688904
1.32836208436611	0.578930457014918
0.00846074693118355	0.00437812284603422
-1.21251751093024	0.912164444112916
-0.620473624670499	0.150917804175241
-1.02109432881299	0.402930914701451
0.822513949918738	0.345096883744715
-0.641065357314146	0.378637960187868
-0.313421080962373	0.186833479106005
1.78116696180328	0.992630655099654
0.443798008150689	0.177893834432714
-0.766443517958815	0.332594018875036
1.06659631817428	0.51499569547802
0.365061045372024	0.184858772798683
0.799204691935185	0.481878755024751
-0.48168656642972	0.252305059385668
-1.51042707521765	0.53568486067596
-1.80127875869	0.380587746892248
-1.80127875869	0.380587746892248
1.95879552552655	0.437985228139192
1.95879552552655	0.437985228139192
1.04360842637382	0.394608583742794
1.46498308680977	0.485505347800691
-1.27264921265823	0.571489965817473
-0.644179234069853	0.381337940213973
0.159266337352053	0.0610083420113727
-0.786092779497925	0.428520464559124
-4.22058211144075	1.97536904202371
-0.295723805284983	0.135534728820804
-1.81323178459194	0.734779878382509
1.08637113832506	0.66872691913035
0.956021254579335	0.253830462538477
0.350969711245587	0.197059906265957
-0.477558838985696	0.249969915488164
0.956455214607419	0.253949648163622
-0.305236427335287	0.140232050181682
-1.32003880193708	0.825439405885577
-0.384907008349618	0.216862458340476
0.162112341005224	0.0703905218313448
-1.12781381973937	0.339579374120096
-2.06503800706302	0.936339193932813
-0.338530582329419	0.0969729638077002
-1.79763019308962	0.379603777700996
-2.57472877667238	0.65760345889815
-1.79763019308962	0.379603777700996
1.95793128711136	0.437766051086387
-0.517006318957255	0.195147442742932
-1.67011197087266	0.941311649972182
-1.15493222856652	0.644810614180077
-2.28193910081925	1.14868444701085
-0.786518363672531	0.428771572231935
-0.782878207865664	0.425894069820148
-1.23905883226705	1.15263521819051
-0.391310840677549	0.162957321542088
-0.304814957959042	0.140040338779575
3.9371926868257	1.72364294570268
-0.145998858470167	0.0521932143692289
-0.607973417783308	0.291980809220316
0.330575429886099	0.216302445707213
-0.444528638374115	0.294050533044222
0.16323818852145	0.0485873708307168
0.16350747165244	0.0486421723506342
0.396306489651409	0.178953566977426
-2.57447078703937	0.657780381714024
-2.57421277656498	0.657506382974291
-1.7975657981284	0.379599665892429
2.7590679263751	0.76692961097815
-1.50884424560785	0.535043767502043
1.95793128711136	0.437766051086387
-0.517825107309169	0.195474359908123
-0.233978597770351	0.116878809658738
-1.15583588393078	0.645547649225567
-0.781280731212331	0.51482975434628
-0.538360081875479	0.340415857752006
-1.83061994685804	1.15061865901866
-0.0470514706832253	0.0205911638920492
0.675112898951557	0.485094540231879
0.338830066255748	0.189384236372268
-2.57472877667238	0.65760345889815
-3.07836047129561	0.956774727997911
-0.619895187822925	0.150839789138775
-1.79763019308962	0.379603777700996
-1.79763019308962	0.379603777700996
-0.619895187822925	0.150839789138775
0.173378039987466	0.0436162262322836
3.64204563210395	1.43174087144813
1.95793128711136	0.437766051086387
0.157971563808893	0.0296806747786729
0.167164301060576	0.0496616909525181
-0.390566752350856	0.162403893268319
-0.780547567459328	0.514099024252484
-0.378310779704089	0.259451688369758
-0.71869462645605	0.245625159522256
-0.33507409718716	0.0959919997809414
-3.07707720857862	0.956361112132394
-2.57472877667238	0.65760345889815
-0.986159381495422	0.488772931885966
-0.0537300854273807	0.0234102079775592
0.452569065982633	0.181732592483672
0.163407014078342	0.0793650487555857
0.355873784312345	0.200009076936353
0.518714739494702	0.331114759693633
-1.02730920175823	0.406112820022134
-0.333856458330646	0.0956917261764247
1.05031467395732	0.39726116208472
-1.79763019308962	0.379603777700996
-0.621333103088639	0.151104040920032
-1.7975657981284	0.379599665892429
-1.7975657981284	0.379599665892429
1.95879552552655	0.437985228139192
0.158989511121608	0.0298299152293259
1.95793128711136	0.437766051086387
-0.624623675797245	0.151937920429117
1.33124867503934	0.580623928642544
-0.383481560890501	0.159359838809509
-0.299111746654674	0.137183259631097
-0.388894864966052	0.161759502133941
-0.261357297261865	0.163031048891928
-0.232400542938485	0.115975838334179
0.163853552605343	0.0487595972376143
1.0671250794186	0.51532777476737
-1.79763019308962	0.379603777700996
-0.322058692781461	0.192581016258635
-0.0944036040363931	0.0374576755555379
-0.280794434579092	0.203335381517676
1.63080232241006	1.1480056041583
0.158380279982801	0.068744394324432
-0.770644401156689	0.334882706894186
-1.15583588393078	0.645547649225567
-3.07750490916701	0.956880231933195
-0.620903335937371	0.151058535991718
-0.339136742629042	0.0971078731889835
-0.61946410648704	0.150698865008898
0.172385921068679	0.0433875285709768
-0.62133920787282	0.151240698635141
-1.79763019308962	0.379603777700996
-0.620903335937371	0.151058535991718
-1.7975657981284	0.379599665892429
-1.13338534815793	0.341498686250824
-0.334830546749113	0.0959542136262779
3.27129205644114	1.12317050813274
-1.79763019308962	0.379603777700996
0.154213873214451	0.0668719322751229
-0.141699082635289	0.0507192347670775
1.08469780338091	0.667191222375863
-0.517567096912483	0.195373080592303
1.47065428644729	0.922179815753773
-1.49077274586718	0.75343807840734
-0.484585260772315	0.254234720683411
-1.1630859389665	0.651236557013698
-1.46692991012377	1.02266844127838
-0.620903335937371	0.151058535991718
-0.716872988489582	0.244804032031292
-0.48041345399024	0.251535900925089
-0.719307886400812	0.245829792820617
-0.777837017893508	0.422816757266845
-1.01856232210606	0.401844162864408
-1.0225353038078	0.403750407139113
-1.49520645990374	0.756602076948961
-0.335438661955823	0.0961186879895653
-0.619895187822925	0.150839789138775
-1.48226346139348	0.747142115373589
-0.604458749673287	0.289930015833069
3.27129205644114	1.12317050813274
0.532438411561851	0.190754397880712
-0.617491939447093	0.150288713008559
-0.625630686390319	0.152156798395567
-1.7975657981284	0.379599665892429
-1.7975657981284	0.379599665892429
0.15823182603157	0.0297179405544109
-1.12769593434811	0.339436368028373
0.822832332666427	0.345345001072504
-0.971381148910092	0.479112407321332
0.15796546595019	0.0685584613876696
-1.51005112333445	0.535313721417819
0.155072032029604	0.0524599648740317
0.677168456003689	0.214339100225988
-0.619895187822925	0.150839789138775
-0.221200715743042	0.0712222587266738
1.46415237669557	0.916488974489246
-1.13395018438652	0.341592389781504
-0.338896474896558	0.0970421752101679
-0.722611557468775	0.247018823049159
-0.391794354863502	0.163187601027247
-0.398021917591555	0.165793558859363
-0.0534280390438461	0.0232913489992016
-0.145472337378192	0.0520149972990822
0.14975829663456	0.0573602319285313
-0.145866306322633	0.052205308942621
0.17294827606403	0.0435260072159332
-0.218086982244107	0.0702671839866222
-1.80127875869	0.380587746892248
-0.222038342595648	0.0714812050319378
0.174933567082256	0.0439573605408891
0.674624067917918	0.213658555919133
-1.13182284417153	0.340904867919198
-3.45340104404634	1.22171831505731
-0.625191995446008	0.152059991852936
-0.333856458330646	0.0956917261764247
0.159251072645633	0.0298673857617753
1.95879552552655	0.437985228139192
0.956021254579335	0.253830462538477
-3.45228414088993	1.22181665198441
-0.395904040590257	0.164946089819945
-0.392527598762743	0.163297548242261
0.157819787360587	0.0533909827533473
-2.07121964727456	0.940607959344417
0.536739666042799	0.192347830350542
0.371683018677188	0.1885359472912
-1.12725353624624	0.339405023147411
0.158989511121608	0.0298299152293259
-2.57447078703937	0.657780381714024
-1.7975657981284	0.379599665892429
-0.518386429636852	0.195700313035901
-0.65890404251752	0.458393187872528
0.16934280349587	0.0427080042196444
-1.15963960719356	0.648048133271907
-1.02050258479106	0.402614988151568
0.17294827606403	0.0435260072159332
-1.67958816645962	0.950828797463485
1.46109938210879	0.484014060767982
-0.0563363909327053	0.0245193829487504
-0.12687377659955	0.0712044183408026
-0.154887273994592	0.0553527941809638
-1.12725353624624	0.339405023147411
-1.7975657981284	0.379599665892429
0.158989511121608	0.0298299152293259
1.95879552552655	0.437985228139192
-2.57421277656498	0.657506382974291
-0.29783262579232	0.136562429851112
0.00773357701211729	0.00406356349079196
1.28016355591198	0.706207937902467
-0.56461891832976	0.409275687549824
-0.318034861670244	0.189990741404154
-0.764000715773547	0.331333477097821
-0.602341950493452	0.288635565866968
-0.214627712908801	0.0691154905123542
-0.480817594930862	0.251768787267403
-1.32089161511579	0.826067970476303
0.16566376423511	0.049220972992664
-0.0932459006626957	0.0370463112099603
-0.789714582511238	0.431147471520847
-1.27182464007121	0.570794518051444
1.46109938210879	0.484014060767982
0.445675086555631	0.178702151714275
-0.396390830144092	0.165162480209876
-0.620473624670499	0.150917804175241
-2.57421277656498	0.657506382974291
-2.57447078703937	0.657780381714024
-0.61946410648704	0.150698865008898
0.16323818852145	0.0485873708307168
0.514072835421632	0.327329551399123
0.154213873214451	0.0668719322751229
-1.21161807609941	0.911145347507441
2.27841494439283	1.76834066151592
0.364599571714559	0.184597386007819
0.368429550372925	0.186580645875435
-1.49181756580047	0.753997056871021
0.957461191854986	0.254126256439643
-1.7975657981284	0.379599665892429
-0.234705745041992	0.117371316515034
-2.28054036426075	1.14841429828622
-0.79417178495645	0.434165443109231
-3.75168277240236	1.47633842923476
1.01601866998365	0.839194306397365
-0.784815933983922	0.427662984945857
-0.232786415764236	0.11617536359588
-0.619895187822925	0.150839789138775
0.16190498991222	0.0302625824147867
-1.0225353038078	0.403750407139113
-0.302445528290689	0.138752218524232
-1.71361098345513	1.4392859359581
0.358593670126251	0.201637165717048
-0.324170030100984	0.19408290546545
-0.764349114365067	0.331720276311523
0.695822522827105	0.32575555173059
0.15467977779599	0.0592620304168656
-1.01856232210606	0.401844162864408
-2.57447078703937	0.657780381714024
-0.619895187822925	0.150839789138775
-1.13338534815793	0.341498686250824
-1.12669343566207	0.339109154533815
-3.75779539313074	1.48038803127513
-0.776981365906051	0.511931684418339
-0.146282635967707	0.0522900631456069
-2.77498518986788	1.86875066781134
-0.0954294918567521	0.0378870358269543
-0.396877809741666	0.165363075656421
-4.57411745717229	2.50991101543622
-0.774082193470633	0.420217890179675
0.176253051776925	0.0442319878724308
-1.79763019308962	0.379603777700996
0.16190498991222	0.0302625824147867
-1.80127875869	0.380587746892248
-1.80127875869	0.380587746892248
-1.507638227659	0.53431243522829
-1.79763019308962	0.379603777700996
-0.730436510677147	0.249842862727252
-0.905151695107033	0.657874252207744
-0.175797749841716	0.093916829422447
-2.22636608998285	1.85878102935345
-1.83282076766457	1.15311428288178
-0.517825107309169	0.195474359908123
1.46297943467279	0.914749292592502
-0.937368274151563	0.573384958603875
0.16323818852145	0.0485873708307168
1.95879552552655	0.437985228139192
1.95793128711136	0.437766051086387
-0.621333103088639	0.151104040920032
-0.0931177916746001	0.0369639914174526
-0.445080293549863	0.294485122598007
-0.320477962271511	0.191575374428099
-0.397206118004299	0.165500382515154
-0.482496067249585	0.25271873230251
0.147302354674463	0.0499394029670841
-0.388079291138713	0.16141108863951
0.173940988172143	0.0437550114519682
-0.344653401104561	0.0986243796684527
0.162171049505848	0.0303007576998756
-2.57472877667238	0.65760345889815
0.159251072645633	0.0298673857617753
-0.625191995446008	0.152059991852936
-2.57472877667238	0.65760345889815
-1.12725353624624	0.339405023147411
-1.79763019308962	0.379603777700996
-0.719921406038465	0.24597629720829
-0.390629136668023	0.220371363382418
-0.21679831408739	0.140194420864755
-0.21022066732199	0.135569708580168
0.154259994847726	0.0748895715990439
0.16651252421346	0.089092435933624
1.46048797027638	0.912019818827207
-1.02279263404674	0.40371590748429
1.57778417402392	0.783272898824577
-0.71869462645605	0.245625159522256
0.957025852492456	0.254006696314478
-1.12881513859764	0.339906487322227
-0.142223285419907	0.0509011547645968
-0.23191367114418	0.11572587008237
-0.446943363654465	0.295432828760296
-0.176378782442898	0.0942012256689899
0.153371638041646	0.0664943743496965
-0.762431110868391	0.330506270702602
0.155282002123357	0.02934225636165
0.163853552605343	0.0487595972376143
-0.338896474896558	0.0970421752101679
-2.57472877667238	0.65760345889815
-0.625630686390319	0.152156798395567
-1.66611774336661	0.938911119458064
0.159251072645633	0.0298673857617753
-0.624183598429151	0.151840837481169
0.17294827606403	0.0435260072159332
1.95793128711136	0.437766051086387
2.7590679263751	0.76692961097815
1.95879552552655	0.437985228139192
-1.51494510157249	0.537750180976637
-2.06503800706302	0.936339193932813
-0.393017455051046	0.163508285723509
-0.316426214740624	0.188744403898187
0.374228023938684	0.189925982711489
-0.053874788685023	0.0234672400479181
-1.27840133122234	0.575024543685974
-0.724996456084797	0.247901521017459
-0.101945236644357	0.040435850993499
-0.518386429636852	0.195700313035901
-0.306516535166031	0.140839652235486
0.794991605233433	0.478795036390792
-0.63956377351147	0.378239060408113
0.696629251122635	0.326266216208756
-0.320270630883272	0.191558398127729
-2.22768361450752	1.86542765446348
-0.790568497787637	0.431642500391561
-0.603132965913145	0.28876243155096
-1.08095077957015	0.737094239769401
0.348996554640578	0.195497782919931
-0.0179108945951383	0.00843135103947787
-0.391456429011002	0.221078503962764
-0.174904640114297	0.0934227718578892
0.154213873214451	0.0668719322751229
-1.1604773133734	0.648612704132655
-0.301588982342985	0.138344748128235
0.823888102049168	0.345906037374267
0.17738312662749	0.0444846964186047
2.56231868542666	1.41851622575425
0.530155722781082	0.189859919098161
-0.620326325745573	0.150885642821786
0.159251072645633	0.0298673857617753
0.82550465870812	0.346559154741678
1.03729632748488	0.391751460326444
1.95879552552655	0.437985228139192
-2.06247835900079	0.9346666740832
-0.723495739913315	0.247436366504984
-1.7975657981284	0.379599665892429
-0.518386429636852	0.195700313035901
0.181106993567661	0.112190039408782
-0.995365039582606	0.892100066516378
-0.563049529529046	0.407952546511352
-0.392854536307924	0.163367953559609
-0.229265831434628	0.114440682878144
1.83223894779093	0.716336716062103
1.06792550004102	0.515823496339435
0.166279076961167	0.0494077549790747
0.531600808944957	0.190452833446827
0.514427886653333	0.327577338926346
-0.0541645561173992	0.0235864954478586
-0.852878874328772	0.974960215319823
0.328339463684658	0.199610590319233
0.0830065225651455	0.0542106419208947
-1.98408171957602	1.38606182112223
0.167164301060576	0.0496616909525181
-3.08203891306948	0.959069086853276
-3.08160228540496	0.95864568534502
-0.619895187822925	0.150839789138775
-1.13238809108681	0.341172314702962
-1.13238809108681	0.341172314702962
-0.719585944508868	0.245867637672296
-1.51042707521765	0.53568486067596
0.154642861292626	0.067062802898247
-0.335278829649113	0.0960600697551945
0.173940988172143	0.0437550114519682
0.677168456003689	0.214339100225988
0.150080645471922	0.0574857532514497
0.960415910321018	0.654636922005153
-0.906946348291821	0.660107569859828
0.692420083962482	0.32414977594069
0.667889805393509	0.478316424871222
-0.212700860727539	0.0685566980358174
-0.473924012155148	0.247833424443544
-0.47675359971951	0.249423787922026
-0.0516887475647681	0.0225437629251332
-1.5003781139111	0.759708914034693
0.827062362966711	0.347535018691045
-0.765393886375822	0.332069371790106
-1.48174219157141	0.746796981127579
0.00867979241635134	0.0044867153422929
0.958855818540361	0.254543321351908
-1.83551906528105	1.15763609107926
-1.12881513859764	0.339906487322227
1.57698010039245	0.782710522844369
-0.337924641037297	0.0968088152153293
0.397368290556638	0.179765383634484
0.535550464072287	0.191953357336806
2.75805496536761	0.766752929661107
1.95879552552655	0.437985228139192
0.158989511121608	0.0298299152293259
-0.339136742629042	0.0971078731889835
2.76095211479574	0.768066673537379
0.174933567082256	0.0439573605408891
-0.765104708702663	0.33182690354178
-0.145472337378192	0.0520149972990822
1.13289948716911	1.02396989780965
-0.301160925221968	0.138127505088985
0.701494000343505	0.616052114760671
1.27904868424098	0.70524444012805
-1.81615794981155	0.736304298450839
-2.57847696185857	0.659529736545688
-1.79763019308962	0.379603777700996
-0.620903335937371	0.151058535991718
-1.7975657981284	0.379599665892429
-0.620473624670499	0.150917804175241
-1.7975657981284	0.379599665892429
0.16190498991222	0.0302625824147867
0.154259314455831	0.0291924198815566
-2.57447078703937	0.657780381714024
-1.79763019308962	0.379603777700996
0.955017933589342	0.253480850166851
0.158989511121608	0.0298299152293259
0.956021254579335	0.253830462538477
-1.12669343566207	0.339109154533815
1.04360842637382	0.394608583742794
1.06606733749636	0.514463403746672
0.793883949234688	0.477471994356246
-0.0454789155262837	0.0199269367208018
-0.389223495209093	0.161850972842159
1.33524644261639	0.582691238214885
0.167164301060576	0.0496616909525181
1.82851727583204	0.714435845516616
0.823396795288853	0.345498381775943
0.44327215414316	0.17771447008811
-2.57447078703937	0.657780381714024
3.27129205644114	1.12317050813274
2.35783908683091	1.17632259504716
0.153267904345544	0.0519012670754554
-0.973654493325781	0.480700453910481
-2.57447078703937	0.657780381714024
-0.386135855187176	0.160483421964696
-1.2128837085213	0.912497125488326
-0.776943352012507	0.338025103002457
-1.48605219904784	0.749344647432863
0.798602382109584	0.63464214143014
0.179857869673373	0.104443415849196
-0.517264023236703	0.195228260106643
-0.767258704524236	0.332989408243179
0.827624029735347	0.347817645508971
0.166279076961167	0.0494077549790747
0.450961924488652	0.181018370719246
-2.07095503900868	0.940306066070207
-0.77410898413423	0.589886538050892
0.345843255763934	0.193639106596773
0.518890869091403	0.331320095258255
0.15163725378301	0.0513522427960234
0.907041268970919	0.490496978709264
0.739588867924397	0.618584948323717
-0.216657809109618	0.0697687117469907
0.164122988767051	0.0488286730136595
-0.333856458330646	0.0956917261764247
0.14892576642437	0.0504694466811999
-2.06444769256084	0.935935080561358
-3.07750490916701	0.956880231933195
-0.617055950695462	0.150241664375452
1.82302843670005	0.711622876194053
0.154259314455831	0.0291924198815566
0.163853552605343	0.0487595972376143
0.157971563808893	0.0296806747786729
-2.57447078703937	0.657780381714024
-0.600706041523603	0.287373284991561
-1.48552863550196	0.749052834460781
-1.02312783931858	0.403977027889059
-2.06444769256084	0.935935080561358
-1.12781381973937	0.339579374120096
-0.391871879508725	0.163003117000622
1.04182554907797	0.393703969965548
-0.905696754875141	0.658381321962827
2.55712425069239	1.41418106174022
-0.326966222614162	0.231325302982521
-0.785242035886997	0.427924666448344
0.400916629674177	0.181358781738668
-0.719307886400812	0.245829792820617
0.530519377174053	0.189974136950743
-0.107375712400977	0.04252920659757
-0.522777207619905	0.197556097300605
-1.28386613148399	0.577913662457171
0.61250504353925	0.321955043124846
0.899804813387002	0.485583229354252
1.77983958461778	0.991921136034635
0.172114434303424	0.0837579787373766
1.95879552552655	0.437985228139192
-1.7975657981284	0.379599665892429
-3.75288411079685	1.47718399320021
-2.57821111666453	0.659475059970799
2.75805496536761	0.766752929661107
-0.619895187822925	0.150839789138775
-0.620473624670499	0.150917804175241
-1.7975657981284	0.379599665892429
0.157033437577095	0.0531008682883192
0.150080645471922	0.0574857532514497
0.349341786882289	0.195993482392438
-0.533862058445608	0.336979188010933
-0.298058144789159	0.136827255848358
-0.402697191113445	0.167931927464897
-0.51812811293967	0.195578845806807
1.09375832481032	0.674795194040118
-1.82428893331765	0.740558004787757
2.35700222344558	1.17564373523042
-0.724724871482414	0.247820170566985
-0.716259781908703	0.244657557065158
3.26938718630885	1.12163262119223
-0.981971733617563	0.486008124035347
-0.231629641061973	0.115676639694642
0.665624031053683	0.476667077270042
-0.0922888609949392	0.036641980012126
0.173940988172143	0.0437550114519682
0.156786369735488	0.0600531003016552
-0.0175419451445443	0.00826411741406173
0.397500106551501	0.179583921147379
0.16626425110739	0.0722358713135774
0.157971563808893	0.0296806747786729
-0.785667336929522	0.428238171342178
-0.975170475806978	0.481257421699555
0.370333565869738	0.187943559816992
-0.60491192937513	0.290190935381882
-0.601541047823488	0.287917044902343
0.010599549565101	0.00542910721955403
-0.383145720470946	0.215736610154259
1.82851727583204	0.714435845516616
0.153267904345544	0.0519012670754554
-1.12881513859764	0.339906487322227
2.75704467106166	0.766025498669684
1.57585328800947	0.781914893440029
-0.221200715743042	0.0712222587266738
-2.57472877667238	0.65760345889815
1.95879552552655	0.437985228139192
1.95793128711136	0.437766051086387
0.162171049505848	0.0303007576998756
-0.620903335937371	0.151058535991718
-2.57821111666453	0.659475059970799
0.158426007238141	0.0472279903538101
2.75805496536761	0.766752929661107
-1.7975657981284	0.379599665892429
-1.79763019308962	0.379603777700996
-1.80127875869	0.380587746892248
-0.619895187822925	0.150839789138775
0.157971563808893	0.0296806747786729
1.95793128711136	0.437766051086387
-4.00750243878176	1.73046502532128
-0.0205416587485533	0.00961989607560105
-0.300752743013229	0.137929727457221
1.27936142180978	0.705568429759058
0.161924882732393	0.0786010022538368
0.459652936753881	0.18472455597885
-0.328168606496955	0.196808213594089
0.448524252970948	0.179929065158735
-0.0928698189527956	0.0369039896605711
-0.215815148052618	0.0695090074287807
-0.620903335937371	0.151058535991718
1.95793128711136	0.437766051086387
-0.215567228616167	0.0694084736962232
-1.4850052815207	0.748705982915854
-1.02457111637108	0.40435667979337
1.07088838940081	0.517635794440579
0.156422309161427	0.0679339695662195
0.155484938800684	0.0674355455433166
-1.15583588393078	0.645547649225567
-0.773130902209798	0.588960288397776
0.167375927473179	0.0813596137991834
0.393590756905569	0.177790247105624
-0.609639759030569	0.292861159995999
-0.34307485466429	0.0982470421897248
1.04210966752671	0.393840140799123
1.06765362139235	0.515450204982361
-0.236007128478404	0.117964553702969
-0.395089929817484	0.164583031256368
-2.63476897001514	1.61395406565618
1.06499209905866	0.513861468272036
-0.905849315350226	0.658577364490922
0.961605817434273	0.654649935001332
-0.602219542447504	0.2882815036102
0.723595628428736	0.479465101181368
1.46109938210879	0.484014060767982
-1.81323178459194	0.734779878382509
2.75805496536761	0.766752929661107
-3.07750490916701	0.956880231933195
0.17294827606403	0.0435260072159332
-1.12825544522804	0.339732258677114
0.159251072645633	0.0298673857617753
0.957025852492456	0.254006696314478
2.75805496536761	0.766752929661107
-2.57447078703937	0.657780381714024
-1.79763019308962	0.379603777700996
-2.57472877667238	0.65760345889815
-2.57447078703937	0.657780381714024
-1.7975657981284	0.379599665892429
-1.7975657981284	0.379599665892429
-1.7975657981284	0.379599665892429
-1.79763019308962	0.379603777700996
-1.7975657981284	0.379599665892429
-1.79763019308962	0.379603777700996
1.95793128711136	0.437766051086387
0.158989511121608	0.0298299152293259
-1.15935536573581	0.648606643124758
-0.256757287980599	0.159734040282201
0.367964036686046	0.186598331400352
-1.16871596563315	0.655581512876467
-0.573415515954554	0.417645294843163
0.450961924488652	0.181018370719246
-0.149390704801257	0.0534113782231424
-0.396877809741666	0.165363075656421
0.174933567082256	0.0439573605408891
0.956455214607419	0.253949648163622
1.95793128711136	0.437766051086387
-1.79763019308962	0.379603777700996
1.46166504880046	0.484245680586438
-0.761851123910773	0.330313512798555
1.33520072787008	0.582923907307515
-0.0166510090236832	0.00785835345945471
0.963895295149882	0.656888368446037
-0.31645701223022	0.188936497034014
0.155056433506276	0.0672447287127954
0.696947392942228	0.326440852008827
0.694148080198457	0.324741670139151
0.447996914446478	0.17968538770428
-0.175596779057658	0.0937222046871643
-0.764524339596763	0.331551499325268
0.79758584024867	0.480733197525255
-0.137644441445284	0.0493160881207717
-0.971865552497924	0.479481580527733
-0.394326071148965	0.16399931915517
0.151383672100152	0.0579893158462332
0.155702517887583	0.0755356285461298
-0.00991747089578362	0.00480520645348135
-0.132949192001163	0.0747766575612809
-0.300752743013229	0.137929727457221
-0.217003595344889	0.0698544104353752
0.17351044503084	0.0436385160120603
0.15823182603157	0.0297179405544109
-3.07793266340176	0.957013587093989
-1.13338534815793	0.341498686250824
-1.26945631186387	0.569581952717256
-0.620473624670499	0.150917804175241
-0.334222652007209	0.0957594598898438
1.95793128711136	0.437766051086387
-1.79763019308962	0.379603777700996
-1.7975657981284	0.379599665892429
-0.61946410648704	0.150698865008898
-1.79763019308962	0.379603777700996
-1.7975657981284	0.379599665892429
-1.79763019308962	0.379603777700996
-0.341495388738576	0.0977618699341296
0.158202431453599	0.0297753629586498
-2.57472877667238	0.65760345889815
1.96141436018454	0.438711417164155
2.75805496536761	0.766752929661107
0.158989511121608	0.0298299152293259
-1.27459520685323	0.572338440342121
0.693515432677865	0.32419928238537
-0.149917230095269	0.102259371603642
-0.0520399610031417	0.0226910527114355
-0.45063267841568	0.298620164488667
1.77486324533629	0.988098448591427
-0.231405213439168	0.115598039635443
-0.601920299266109	0.288228010945696
-0.336952847519868	0.096512855057735
0.956021254579335	0.253830462538477
-1.7975657981284	0.379599665892429
2.75805496536761	0.766752929661107
1.82719449155949	0.713494970764503
0.142175839614641	0.0545513603182291
1.11185534141044	0.849367767146056
1.09332991238703	0.674497291421782
0.17556140188267	0.0941390317710478
0.899120868428207	0.485536352100438
-0.314988825024223	0.187983098300738
0.154081774580399	0.0521624398881256
-0.216409245079586	0.0696890647462961
-0.231810669186589	0.115640938360394
0.03649788765228	0.0200350770173715
0.703634038296256	0.618495133143228
2.27921187569708	1.76975878324393
0.611648713858099	0.320942207737644
1.27347381931798	0.701205647543276
1.57541672018224	0.781318799971519
-0.234705745041992	0.117371316515034
-0.717804035722151	0.245206559878684
-0.518689367219814	0.195747002748462
-0.939914892175478	0.575035029610156
1.96272619653569	1.22481884689011
-1.08666869409073	0.742176086328745
-0.532759964913354	0.335864652948258
-0.388631285999459	0.219134773654552
0.0313445638425567	0.017277640289197
0.173378039987466	0.0436162262322836
-2.57447078703937	0.657780381714024
-3.07793266340176	0.957013587093989
-0.620473624670499	0.150917804175241
-1.79763019308962	0.379603777700996
-1.7975657981284	0.379599665892429
1.95879552552655	0.437985228139192
-0.620326325745573	0.150885642821786
-1.79763019308962	0.379603777700996
-0.625191995446008	0.152059991852936
-1.7975657981284	0.379599665892429
-1.7975657981284	0.379599665892429
-0.530483438660125	0.20059881550401
-2.46657097766168	1.36896669402152
-1.48278493948057	0.747432336001216
-1.43856431943855	1.28099908526027
0.153801108434438	0.0666852820754741
-0.395089929817484	0.164583031256368
-1.211252339109	0.910764461798307
0.444073873433415	0.178068157695179
-1.81352302981117	0.735065306555984
0.959865181244613	0.254814612498812
0.15823182603157	0.0297179405544109
-1.12825544522804	0.339732258677114
-0.624183598429151	0.151840837481169
2.27100093911616	1.75624936075101
0.800097850699203	0.482217785284407
-2.06129942058467	0.933944478436013
-0.149915159045215	0.0535975402652961
-0.519340042533641	0.196101161647501
-1.97260762134634	1.37135891377678
-1.81922198213716	1.65288076068128
0.184729685668723	0.114529609241133
0.156447071209317	0.052937950851718
1.0089781512912	0.830018374339028
-0.94654827044525	0.580756327839608
-0.145472337378192	0.0520149972990822
1.49315829738184	1.51062637008859
0.166279076961167	0.0494077549790747
-0.0928698189527956	0.0369039896605711
0.154230433238886	0.0668711002687059
-0.621333103088639	0.151104040920032
-0.339623607104268	0.0972733866332868
-0.0972236600531154	0.0385988317378999
0.159233465858126	0.0691205424834073
0.166016274935477	0.080704591257318
0.794998056572219	0.478605084139183
-1.70564182848448	1.42731773000471
0.152453062620175	0.0516328700929256
0.154259314455831	0.0291924198815566
-3.45284250285449	1.22194559695964
-1.7975657981284	0.379599665892429
-2.57447078703937	0.657780381714024
0.175496922320134	0.0440701137079318
0.15823182603157	0.0297179405544109
-2.57472877667238	0.65760345889815
2.75805496536761	0.766752929661107
-0.624183598429151	0.151840837481169
0.157971563808893	0.0296806747786729
-1.84144358288141	1.16238127110498
-0.214973425440132	0.0692286309045475
-0.215815148052618	0.0695090074287807
-0.154887273994592	0.0553527941809638
0.822267625819136	0.345061712364334
0.556623529228245	0.324461485471255
0.158202431453599	0.0297753629586498
1.32753298884589	0.578543003685696
-0.720199314130701	0.246072307343885
-1.79763019308962	0.379603777700996
1.95879552552655	0.437985228139192
0.955450516302873	0.253599562429476
-3.07750490916701	0.956880231933195
0.16350747165244	0.0486421723506342
1.27496288218597	0.701642667176307
1.83356266561645	0.716725323466989
-0.518386429636852	0.195700313035901
-0.220012614431353	0.0708340703939625
0.619938663269701	0.326370561347155
-0.088956061212454	0.0353722813966378
1.06446193612115	0.513329476941823
2.56736998216845	1.42326439576925
-0.771691513742003	0.335443022402567
-1.82339717789863	0.740052179981708
1.83259355517544	0.716473450995655
0.3994670917132	0.180807568430596
-0.139495425558203	0.0499390302697827
1.33148644921435	0.580580180008122
-0.596306260130342	0.285248215573832
0.147787580210427	0.0641581964759068
-0.514124394353198	0.193952110200603
-0.145472337378192	0.0520149972990822
-0.391710846289378	0.162959857875505
1.33232181501832	0.581040506436256
-2.07003804100853	0.939770540845245
-2.57472877667238	0.65760345889815
-1.7975657981284	0.379599665892429
-1.51948712338084	0.539626951504098
-1.50922180218546	0.535188573690381
-1.79763019308962	0.379603777700996
0.15823182603157	0.0297179405544109
-1.79763019308962	0.379603777700996
-0.342463785834028	0.0980578484034576
-1.13238809108681	0.341172314702962
-3.07836047129561	0.956774727997911
-1.79763019308962	0.379603777700996
-0.620473624670499	0.150917804175241
-3.07836047129561	0.956774727997911
-2.57421277656498	0.657506382974291
0.678074042401891	0.214702481365457
0.168354166613062	0.0424807140134561
-0.891747694308633	0.740069210156547
-0.393344855894386	0.163591234545282
-0.596759107563895	0.285539970794986
-0.654547500570612	0.454954592977377
-0.513007538344876	0.193523517901935
-1.32410569130604	0.830357102549086
-2.06589848871781	0.936900543147092
-0.766443517958815	0.332594018875036
0.157971563808893	0.0296806747786729
-0.620326325745573	0.150885642821786
1.95793128711136	0.437766051086387
-3.07750490916701	0.956880231933195
0.536386835238158	0.192220018139766
-0.298258856413074	0.136778275708808
0.35133585667805	0.197283751211461
0.345998354688972	0.193790602684345
0.823324250399777	0.345498976757898
0.860846722427164	0.6365679538033
-1.02220030668553	0.403399409057447
0.442746084081858	0.177485883285209
-0.142223285419907	0.0509011547645968
-0.150196998613523	0.0536857002626707
-0.0141970108546346	0.00674322352680047
-0.0135666268169135	0.0064409819235009
-0.140607226248752	0.0503348682136809
0.692532404089303	0.323793911411476
-0.343686146411719	0.0983921171207581
-0.720199314130701	0.246072307343885
-3.45228414088993	1.22181665198441
-1.81262047956212	0.734554727038592
0.367038415397899	0.186065733367347
-2.06530788404037	0.936496100496138
-2.07062872074145	0.940243383198465
0.449855196190117	0.180482719429868
-0.666647965296851	0.46572609482733
-0.397206118004299	0.165500382515154
0.167164301060576	0.0496616909525181
-1.12949217626836	0.340258306499887
0.15823182603157	0.0297179405544109
0.956021254579335	0.253830462538477
-0.137644441445284	0.0493160881207717
-0.717191145070403	0.244966202456728
-0.620903335937371	0.151058535991718
-0.34307485466429	0.0982470421897248
-1.79763019308962	0.379603777700996
-1.7975657981284	0.379599665892429
-0.625191995446008	0.152059991852936
-3.07750490916701	0.956880231933195
-1.79763019308962	0.379603777700996
-1.79763019308962	0.379603777700996
-1.79763019308962	0.379603777700996
-0.624623675797245	0.151937920429117
-0.142223285419907	0.0509011547645968
-0.388408062610022	0.161550493058169
-0.302445528290689	0.138752218524232
-0.39541744095324	0.164713810131994
-0.0516346057395038	0.0225211199850729
-0.764524339596763	0.331551499325268
-0.0945249664802705	0.0375402139696422
-0.667218287856193	0.46613574761184
1.01045347543182	0.832893004435518
0.675591354383564	0.213968352567141
0.959294652844364	0.254663957360155
0.676200627845659	0.214099921395796
0.396306489651409	0.178953566977426
-0.784471337749587	0.517918880582679
0.162622561049093	0.0484009930995383
-0.0931177916746001	0.0369639914174526
-0.396718666437249	0.165283623451939
0.150571240221929	0.0576776917123369
1.00845428304823	0.830839868797548
-0.979098080096695	0.483523367122976
0.164468653517054	0.0489167663284228
-0.620903335937371	0.151058535991718
1.07010886674495	0.517170860438559
0.141690124079428	0.0543680848243515
1.33268267273416	0.581267457492734
0.822513949918738	0.345096883744715
0.6873523635661	0.321047402603095
-0.144946030904406	0.0518319984756812
0.147362275827021	0.0639686977600643
-1.32686710398987	0.832899700466798
0.152684671650055	0.0584811977102453
-0.130248652216649	0.0732507195044349
-2.46657097766168	1.36896669402152
-1.66943552132408	0.941042212637803
0.174370024960364	0.0438183729016174
-1.48803162706991	0.751486949714689
-0.393989842467548	0.222665901321528
-0.215815148052618	0.0695090074287807
1.04510594650726	0.394980612745183
-1.13408947394801	0.341691539062081
-1.12781381973937	0.339579374120096
-2.57447078703937	0.657780381714024
1.83009713438939	0.715173729277155
0.955450516302873	0.253599562429476
-0.336346534706249	0.0963182114993482
-3.07750490916701	0.956880231933195
0.158989511121608	0.0298299152293259
0.956455214607419	0.253949648163622
0.159251072645633	0.0298673857617753
-1.7975657981284	0.379599665892429
-0.619895187822925	0.150839789138775
-3.45340104404634	1.22171831505731
-1.79763019308962	0.379603777700996
-1.7975657981284	0.379599665892429
-3.45228414088993	1.22181665198441
-2.57821111666453	0.659475059970799
0.151383672100152	0.0579893158462332
-2.0664893400213	0.937220897064085
4.176174739854	2.00138224703287
-1.08716971383632	0.742679200961319
2.40251617534714	2.05073539843037
-0.0910660369009666	0.0361805406073465
2.7590679263751	0.76692961097815
0.1732138890056	0.0435401196761172
1.04210966752671	0.393840140799123
-1.12725353624624	0.339405023147411
-2.77642522348017	1.87295596482489
1.78223064833056	0.993792966901936
0.157490246000025	0.0469073344840077
-0.522217673493657	0.197342207603961
-0.714755800696332	0.244129665196273
-0.297414162350453	0.136386956450664
-0.72955637416089	0.249604745043641
1.46166504880046	0.484245680586438
-0.766733199789823	0.33273995230155
1.78519565267584	0.996432403815909
0.365465648129828	0.185087164422185
-1.09023191932666	0.7458690367558
0.602257203302167	0.315435115154997
0.375897271297076	0.190963961620919
-3.07793266340176	0.957013587093989
-1.50512968650064	0.533411802331246
-0.607523134848844	0.29170254526199
-1.3217459244553	0.827167420109359
-0.388428055484374	0.219292266031067
-2.28109906238932	1.14881626005237
-1.12492122665638	0.338668219085241
-0.620326325745573	0.150885642821786
-2.57421277656498	0.657506382974291
-0.479621814453885	0.251262402937222
-0.338395647029448	0.0969382934539019
0.69334050166972	0.324281436252243
-0.513824129140511	0.193894300368019
-0.717804035722151	0.245206559878684
0.176818183184722	0.0443715906559113
-2.57447078703937	0.657780381714024
-1.80127875869	0.380587746892248
-0.336952847519868	0.096512855057735
0.678074042401891	0.214702481365457
-0.335438661955823	0.0961186879895653
-0.663917557663914	0.463257726552814
0.154894668934731	0.0524121259747782
-1.0213509823134	0.403162852904808
0.173940988172143	0.0437550114519682
1.28232747155402	0.707713466057249
0.0353350718309061	0.0194500091320002
-1.43102382507002	1.52259344162221
0.0352865959297917	0.0194329924377505
-2.27998189893738	1.14792379379687
-0.316766029025356	0.188965614819779
0.164376602259593	0.0798600593557108
-0.976810125727647	0.482380932386852
-1.81474611422927	0.735349939090998
0.14975829663456	0.0573602319285313
-0.517567096912483	0.195373080592303
-2.06562856799678	0.936659279965039
0.819227685269736	0.343693096468269
0.158989511121608	0.0298299152293259
0.677716162542668	0.214611870267994
0.157007711765635	0.053125881526133
0.144008446605218	0.0488679023591925
-1.27895990127277	0.575276106133442
0.823888102049168	0.345906037374267
0.370011540788224	0.187565655897233
1.03791471976137	0.392024637204806
-0.768600903140109	0.333471229701577
-0.94150120505615	0.576289936564059
-0.144419938894036	0.0516441997824019
-0.144540977097044	0.051731751348016
2.12237275162321	0.948156957082224
-1.12825544522804	0.339732258677114
-1.7975657981284	0.379599665892429
-0.339009514545445	0.0971276143948088
-1.48687302529759	0.75019393142496
-0.595170951132769	0.483659239275479
-0.33816613121491	0.0968120886418528
0.153830475350601	0.0520893555087474
0.956021254579335	0.253830462538477
-1.81370026014743	0.735177636322616
1.46308301616168	0.484563679444736
0.158426007238141	0.0472279903538101
-2.57447078703937	0.657780381714024
1.95879552552655	0.437985228139192
-1.7975657981284	0.379599665892429
-1.7975657981284	0.379599665892429
-1.12825544522804	0.339732258677114
0.174933567082256	0.0439573605408891
3.27129205644114	1.12317050813274
-1.7975657981284	0.379599665892429
-2.57821111666453	0.659475059970799
-1.81352302981117	0.735065306555984
-2.57421277656498	0.657506382974291
-1.82991239542463	1.150274197016
0.171752082033856	0.0919409252584477
0.156575446190185	0.0759881998742116
-0.634498792281152	0.37408825831933
-1.16492269750364	0.652852619676323
1.06659631817428	0.51499569547802
-0.720812943512764	0.246218814324999
-1.0838064136158	0.739923748017591
-0.391383144839931	0.162807020962866
-2.46993044801087	1.37292419109362
-0.601008956207657	0.28779238853772
-3.75779539313074	1.48038803127513
-1.26807604637071	0.568749667754404
-0.980818677805339	0.485155955888674
-0.337318918589577	0.0966140796949229
-0.719921406038465	0.24597629720829
0.16323818852145	0.0485873708307168
-0.528250870128209	0.199803042210157
0.448801914188458	0.180022361022821
-3.08203891306948	0.959069086853276
0.158989511121608	0.0298299152293259
0.447441545561864	0.179414714836187
0.398782740996698	0.180248213061381
-1.32410569130604	0.830357102549086
0.156463480688109	0.0599361206234149
1.04246313957759	0.393996072509476
1.06499209905866	0.513861468272036
0.150139562382428	0.0651438217215166
0.150571240221929	0.0576776917123369
-0.142747701481568	0.0510783991590262
-0.393091467495034	0.163750598389289
0.1677792397568	0.0498341730879395
-4.006279107083	1.72987826782451
-0.940694384805366	0.575692833295377
-1.24147184317039	1.15568344466423
-0.780820423190066	0.731464170243878
-0.237816872666683	0.118960565453429
0.964669364103197	0.65771245745572
-1.81262047956212	0.734554727038592
2.12461314278131	1.48181462481761
-0.454607154023713	0.302048583641554
-0.392032080438881	0.221643003404229
0.832962792773857	0.349981449195514
-0.985825405552103	0.488603490194223
-1.0213509823134	0.403162852904808
-0.519851545134888	0.196357066685966
-0.338896474896558	0.0970421752101679
0.530762262945688	0.190122868111177
-4.0012123706462	1.7257737241768
0.15388857651959	0.0668281633089699
-0.148000056178146	0.0529246723651301
0.167217695902058	0.0894808522586856
0.332449131523964	0.217732454285583
0.350415661358989	0.214871662210753
0.187205802194137	0.116301553060438
-1.82217140604409	0.73960948313389
0.17294827606403	0.0435260072159332
-1.81230096904141	0.73434889647897
0.158989511121608	0.0298299152293259
-0.342463785834028	0.0980578484034576
1.04422575936648	0.394740889448914
-0.990974772070611	0.886497754400338
-1.02500697710525	0.814642763145003
0.569480294234615	0.566311467512127
-0.23375653817827	0.116618082529886
-0.0946421739556358	0.0757745700256449
0.0524037644077584	0.0307227052670404
-0.143557418831825	0.0513426758337189
0.152619802685851	0.0516844934618455
-1.7975657981284	0.379599665892429
0.676200627845659	0.214099921395796
0.173940988172143	0.0437550114519682
1.82755032422624	0.713907775987463
-0.620326325745573	0.150885642821786
-1.12725353624624	0.339405023147411
2.7590679263751	0.76692961097815
-2.57447078703937	0.657780381714024
0.173378039987466	0.0436162262322836
2.75805496536761	0.766752929661107
0.178378460373537	0.04470234426639
-2.57447078703937	0.657780381714024
0.158989511121608	0.0298299152293259
0.0345272258028895	0.0258160458345153
-0.18285978759637	0.139792473622544
-0.771205285014867	0.830393356450319
-0.211688425789716	0.136607706272427
0.10456069943169	0.0770428542374149
0.590244538040422	0.475141569431505
1.78930214993351	0.999712925648805
0.154392805413983	0.0522705690038812
1.78771103227973	1.84116965896296
1.03653316572618	0.984116254008447
0.150578021997727	0.0653275546392976
-0.317224913153953	0.22324010855017
-0.94325978589181	0.578148507226749
4.1770951524333	2.00171151199338
1.33760865894033	0.583566503975506
-0.719840487055064	0.245972653044846
1.04638771946291	0.395714063580135
1.12013616919764	0.858474763153293
-0.383047511016768	0.301418355411703
-0.886627090145403	0.734704096403322
0.183276846461182	0.113725753830447
-0.209612297953356	0.135124561965285
0.203878508647882	0.169201145159582
0.497186591473452	0.444797765698676
-0.374230511587688	0.324374653800404
-0.335438661955823	0.0961186879895653
0.164738242561747	0.0490009495728858
-1.12725353624624	0.339405023147411
1.04577073722875	0.395582052714565
3.27025913837768	1.12233669524588
-1.81200943037821	0.734241478143734
-1.03164594522166	1.16212431086901
-1.33095718082344	1.32240683224088
-0.779344927097707	0.894490574768749
-0.780614543101127	0.945929643301352
-0.00458450920715806	0.00346654082452704
-0.246718799153872	0.182675772062271
-1.02109432881299	0.402930914701451
-1.03294397271997	0.408564364042716
0.174933567082256	0.0439573605408891
1.96141436018454	0.438711417164155
0.154259314455831	0.0291924198815566
-0.3395018260887	0.0972061822975938
0.171653101789031	0.0431973221484952
0.15823182603157	0.0297179405544109
-0.150196998613523	0.0536857002626707
-2.57472877667238	0.65760345889815
-0.619895187822925	0.150839789138775
0.17294827606403	0.0435260072159332
1.46166504880046	0.484245680586438
2.11390693878904	0.942679036980454
-0.335438661955823	0.0961186879895653
-1.81799459045243	0.737492070536281
-0.517006318957255	0.195147442742932
-0.391310840677549	0.162957321542088
-3.07707720857862	0.956361112132394
-0.514641699367006	0.194166196064157
-0.308862923274114	0.142067174723486
0.361719420090993	0.183058651625189
-1.32368136501613	0.830024969664789
-0.64379594980138	0.381051956690908
-1.51494510157249	0.537750180976637
1.96141436018454	0.438711417164155
0.673526469252074	0.213227712607827
-0.786942856210493	0.428765367487363
-0.0983094882699554	0.0389944655091387
-0.145472337378192	0.0520149972990822
-2.06503800706302	0.936339193932813
0.159251072645633	0.0298673857617753
0.15823182603157	0.0297179405544109
-3.46089363260511	1.22607174819433
-1.80127875869	0.380587746892248
2.75805496536761	0.766752929661107
1.0433448222306	0.394400438672122
1.95879552552655	0.437985228139192
3.93619624132367	1.72285510420218
-0.624623675797245	0.151937920429117
2.76197196120423	0.768541369225187
-1.12492122665638	0.338668219085241
-0.342107054910445	0.0979510037894855
-1.51433726696095	0.537497293520418
-1.12769593434811	0.339436368028373
0.901620324258816	0.486217364175593
-0.174360594560354	0.0931069137168175
-0.0983094882699554	0.0389944655091387
-0.944938046864451	0.579664952317925
-1.32240262059571	0.828570131969391
0.158687948318654	0.0472850694532285
-1.50824112923963	0.534752090600511
1.46265753359042	0.48460907431551
-0.0191707597189913	0.00900384679038231
0.00812047033523926	0.00421159659804913
-0.23191367114418	0.11572587008237
0.168047617405793	0.0498928161895134
-0.519509789783503	0.196074725737918
-0.942372929603374	0.57699834963199
-1.211252339109	0.910764461798307
0.153801108434438	0.0666852820754741
-3.45714001185249	1.22455064732533
-0.972834921189375	0.480101600259086
1.04272737841263	0.394268038065867
-0.521962978330536	0.197163065238212
0.155977003538966	0.0597564056633356
0.164122988767051	0.0488286730136595
-0.625191995446008	0.152059991852936
2.11692464856437	0.944608977413808
-0.765393886375822	0.332069371790106
0.145398461013712	0.0557365202339078
0.826303509191986	0.347049642188201
1.45750864016971	0.482642955020513
0.165353233252732	0.0491580922731075
1.27657020644103	0.703033270984241
-1.12725353624624	0.339405023147411
-0.391871879508725	0.163003117000622
-0.601386455572773	0.287955636311494
-1.02433280006355	0.814081070987197
-0.463751358348298	0.432180444533497
-0.460740691690222	0.387463943651079
-0.620326325745573	0.150885642821786
-0.782445287688939	0.425578306637313
0.531600808944957	0.190452833446827
-0.145472337378192	0.0520149972990822
-0.625630686390319	0.152156798395567
1.83009713438939	0.715173729277155
-0.391221837165235	0.162737262551864
-0.396231405174348	0.165050944203962
0.675232747867266	0.213789953820415
-1.50512968650064	0.533411802331246
1.82816209415628	0.714241631039221
-0.391310840677549	0.162957321542088
3.64101793434512	1.43134239135362
0.154457393639357	0.04608180800409
-0.617055950695462	0.150241664375452
-2.57447078703937	0.657780381714024
-3.07793266340176	0.957013587093989
-2.57421277656498	0.657506382974291
0.162171049505848	0.0303007576998756
1.46166504880046	0.484245680586438
0.163161259039589	0.0412993244326861
0.157971563808893	0.0296806747786729
0.683383169319648	0.216338964908015
-3.07793266340176	0.957013587093989
-0.620903335937371	0.151058535991718
-1.12781381973937	0.339579374120096
-0.71869462645605	0.245625159522256
0.162622561049093	0.0484009930995383
0.150571240221929	0.0576776917123369
-0.12700404162266	0.0713313418676528
-1.27376859523398	0.572115256020773
0.60995101954561	0.319828502007082
0.622392611817681	0.474660570760582
-0.301599300893382	0.138348943997046
0.487428503520186	0.334878705628692
0.406702457418208	0.1843038860664
-3.45172595803352	1.22146685013561
-1.81799459045243	0.737492070536281
-0.714755800696332	0.244129665196273
0.155484938800684	0.0674355455433166
0.173040863550501	0.100348138770164
-0.781076098440606	0.515411954195922
1.83572003024131	0.717758246473073
0.609542343546943	0.319584682617334
0.662977177614531	0.473982212727908
-0.301607941518707	0.138280918906534
-0.601008956207657	0.28779238853772
-0.763186677226542	0.331039800418733
0.688648581913546	0.321900003165339
1.41072216395078	1.10065435493435
0.449051374752847	0.180146054252177
0.174933567082256	0.0439573605408891
-1.50884424560785	0.535043767502043
-0.141414888169625	0.0506240183742795
-0.22660846787133	0.0729201203567204
0.868063327073277	0.643861561593974
-2.28109906238932	1.14881626005237
-0.0974799324302441	0.0386746458615092
-0.781804335085124	0.516051866685019
-0.9832784200599	0.486536577403832
-0.621333103088639	0.151104040920032
-1.02867456921593	0.819884654530341
0.029820851535845	0.0164591703631051
-1.59854628831782	1.22944217160397
-0.941138175889892	0.57697543295349
-0.21750140385887	0.0700056929839968
-0.390189667354858	0.220200938899484
-0.782450985410613	0.42565310658751
-0.0533645311784171	0.0232532596097617
-1.02050258479106	0.402614988151568
0.173940988172143	0.0437550114519682
-1.7975657981284	0.379599665892429
0.82356383183514	0.345689171495802
-0.523032334451301	0.197668387893991
-0.620473624670499	0.150917804175241
2.75704467106166	0.766025498669684
0.159251072645633	0.0298673857617753
-0.61946410648704	0.150698865008898
-3.08203891306948	0.959069086853276
-1.7975657981284	0.379599665892429
-1.13182284417153	0.340904867919198
-1.80127875869	0.380587746892248
2.7590679263751	0.76692961097815
0.957025852492456	0.254006696314478
-0.620473624670499	0.150917804175241
0.674264818482823	0.213402910671394
-1.7975657981284	0.379599665892429
-3.08203891306948	0.959069086853276
0.531842440037686	0.190461843261247
-1.12725353624624	0.339405023147411
2.12237275162321	0.948156957082224
-1.27784299590365	0.574711166317859
-1.21436591876113	0.91605302310835
-1.134930957325	0.979380562537164
-0.646483770024345	0.38318805758372
0.447469359020979	0.179398779850011
0.150249356563049	0.0575466478816129
-0.770644401156689	0.334882706894186
0.962789070397121	0.952063838933452
-0.428992254864306	0.329482122560332
-1.27550171357909	0.573053662062833
0.53471313464826	0.191636123836102
0.447191186095611	0.179329255309907
-0.34307485466429	0.0982470421897248
-2.63025790803151	1.60767176512738
-1.48716983279988	0.75008912622263
-1.1591852991788	0.647740506843392
-0.136838594868057	0.049032228312373
-0.766968651898497	0.33281296786619
-0.140891273851129	0.05044238952326
-0.396390830144092	0.165162480209876
-1.13282069800183	0.341231258763963
-0.719585944508868	0.245867637672296
-0.3395018260887	0.0972061822975938
2.74782228124684	1.68101059105477
0.161723548567026	0.0481135554994663
1.04272737841263	0.394268038065867
-2.06385762430133	0.935433907837447
1.57300066070252	0.779753450272878
-0.518386429636852	0.195700313035901
-0.0939468953498199	0.037282483387852
0.151061641523147	0.0578640062767647
-0.76983380610862	0.334488933532153
-1.82351309656391	1.658740167387
-1.67958816645962	0.950828797463485
-1.33195531842693	1.32547205597036
-0.260774045203628	0.213815820677706
-1.43879247515172	1.28059298387913
-1.32481878174814	0.831463455876946
0.717098864702694	0.474442585749988
-1.09150087541755	0.746993235156703
0.159920372276999	0.0476279199969756
0.822832332666427	0.345345001072504
-0.301062574098725	0.138268861167847
0.158392471401152	0.0687439733534891
-0.338896474896558	0.0970421752101679
0.691234840835943	0.323229271470905
0.154392805413983	0.0522705690038812
-1.51433726696095	0.537497293520418
-3.07836047129561	0.956774727997911
-1.7975657981284	0.379599665892429
-1.02220030668553	0.403399409057447
1.28441399338879	0.709201726985588
2.11869185323705	0.945764565994132
0.155977003538966	0.0597564056633356
0.709430620209657	0.333239646089738
-0.513265508496353	0.193649815889796
0.155933533156892	0.0676984504212033
-0.521962978330536	0.197163065238212
-0.176689926581818	0.0944013214439171
-0.639315979690562	0.377485650699309
-0.783792407294298	0.671882068025172
-1.59211080755617	1.22187970970328
0.450132341142773	0.180566999601374
1.96291195157137	1.22495614181074
0.486146490822363	0.333299849486176
0.0137493180542222	0.00695755535765409
-0.485120361185727	0.254559466818063
0.165624492980741	0.0885836727831253
0.625469182322219	0.477355187717614
0.0701366922820333	0.0456350681023138
-0.0916481811137511	0.0536161158886355
-0.612761538158242	0.54539001603906
-0.910716529771273	0.66372923410849
0.341767164925692	0.191185716497544
-0.774355776573997	0.509276663922663
-2.28109906238932	1.14881626005237
-0.212107996589827	0.0683682958385105
0.678685727410979	0.214982042405379
-0.337924641037297	0.0968088152153293
-0.146388253508021	0.0523841154261225
0.451765865281851	0.181387363507285
-0.395315348371324	0.223653083672772
1.33184695246066	0.580735815343295
0.674264818482823	0.213402910671394
0.531358567637365	0.190353154457246
-0.0980516265028415	0.0389205135041605
0.895032836139193	0.914509208197851
-0.493250560822075	0.370287631995725
0.966530165510638	0.65984832153255
-0.0901572984024879	0.0358301194091173
-2.57472877667238	0.65760345889815
-1.67026116297771	0.94206256092501
-0.692276872754344	0.606104517679031
0.0766076164370568	0.0519881653662675
-0.667612978750801	0.466996913332277
-0.338530582329419	0.0969729638077002
-0.620473624670499	0.150917804175241
-0.482606162532782	0.253177821153749
0.362187812255386	0.183295477484404
-1.12825544522804	0.339732258677114
0.17294827606403	0.0435260072159332
2.7590679263751	0.76692961097815
0.673656731319726	0.21327169490293
-1.27238367185372	0.571130757873106
3.26732978575294	1.1211772426211
-0.337318918589577	0.0966140796949229
-3.45172595803352	1.22146685013561
-2.57421277656498	0.657506382974291
1.95793128711136	0.437766051086387
-1.79763019308962	0.379603777700996
-0.61946410648704	0.150698865008898
-2.57447078703937	0.657780381714024
3.26938718630885	1.12163262119223
-0.620903335937371	0.151058535991718
1.45849632487227	0.482828278090187
0.403386671025948	0.182633197912926
-0.395038189444176	0.223632598472714
-0.520153560375591	0.196472402063464
0.150080645471922	0.0574857532514497
3.6399901361893	1.43067029650081
-1.02393437812981	0.404449416816886
-1.27264921265823	0.571489965817473
-0.342463785834028	0.0980578484034576
-2.47231877614945	1.37488666696301
0.674015164989584	0.213380808783075
1.95879552552655	0.437985228139192
2.75805496536761	0.766752929661107
-0.483017021091847	0.253044587728059
-0.338291342092883	0.0968475173314605
-0.759116532841088	0.328906720285676
0.150230303708664	0.0508875792308933
-0.476625700661372	0.249341922872427
-0.334830546749113	0.0959542136262779
0.157163249990017	0.0601834127532246
-0.393017455051046	0.163508285723509
0.452026471888684	0.181499303176295
-1.02194301820446	0.403479228390162
0.443548397616714	0.177839700183466
-0.711087963718442	0.24267095162066
1.46781226351853	0.920024131180723
0.613285784116661	0.322131299994541
-0.0926618573180851	0.036786603271242
-1.79763019308962	0.379603777700996
-0.656172237717682	0.755764258939373
-0.220472336203423	0.166837522954942
-3.07750490916701	0.956880231933195
0.160797462943699	0.0478523577190902
-0.334465167213362	0.0958562903993202
-0.337559379634888	0.0966770330278957
0.958855818540361	0.254543321351908
0.157971563808893	0.0296806747786729
0.15823182603157	0.0297179405544109
0.678074042401891	0.214702481365457
-0.140891273851129	0.05044238952326
0.159251072645633	0.0298673857617753
-2.57847696185857	0.659529736545688
-1.79763019308962	0.379603777700996
0.173940988172143	0.0437550114519682
0.959865181244613	0.254814612498812
1.95793128711136	0.437766051086387
-1.79763019308962	0.379603777700996
-0.620903335937371	0.151058535991718
-1.79763019308962	0.379603777700996
0.956021254579335	0.253830462538477
0.536981267153455	0.192450260059129
-1.43889177885928	1.28275997156121
-0.982478426758198	0.875470058844073
-1.31742543179572	0.824668456291168
-0.444608350972131	0.294239742144241
0.161438619795304	0.0784736394480948
-0.0512649616919041	0.022358427999896
-0.388894864966052	0.161759502133941
0.432722467087295	0.173135289309297
-1.50922180218546	0.535188573690381
2.75704467106166	0.766025498669684
-1.13238809108681	0.341172314702962
-1.81431164447288	0.735547468758957
-0.140891273851129	0.05044238952326
0.175540034410208	0.101830549657313
-1.83677646065468	1.15723542261147
0.147802728209744	0.0501147268752412
-1.43732208965638	1.27960774386085
0.0112781568473869	0.00574068420543467
1.24894119035427	1.05824408388276
3.26835783601252	1.12163011968705
0.152705092212536	0.0517022070713414
-0.234252666751011	0.117047865474878
0.174933567082256	0.0439573605408891
-1.02587348343702	0.405264690821028
-0.513824129140511	0.193894300368019
-0.98033373192333	0.484881191780157
-0.61946410648704	0.150698865008898
-1.12781381973937	0.339579374120096
0.958855818540361	0.254543321351908
1.33520072787008	0.582923907307515
1.28591770831304	0.710428298878226
-2.27760112044248	1.14615740980401
0.173378039987466	0.0436162262322836
0.159251072645633	0.0298673857617753
1.46010735547628	0.483457516052687
-3.07750490916701	0.956880231933195
0.166894126545373	0.0495801423286346
0.157971563808893	0.0296806747786729
0.173940988172143	0.0437550114519682
0.155282002123357	0.02934225636165
0.158989511121608	0.0298299152293259
0.15823182603157	0.0297179405544109
-0.719585944508868	0.245867637672296
-0.143032414577135	0.0511652128088558
-0.783539854753534	0.426644582654762
1.25975279751104	0.878408108559565
-0.481764285382191	0.252790265522432
0.164468653517054	0.0489167663284228
-0.23705257340479	0.118556439749354
-0.388565623699071	0.161605945390862
-0.220012614431353	0.0708340703939625
1.95793128711136	0.437766051086387
0.173378039987466	0.0436162262322836
-0.723840071113924	0.247402192075027
-0.9781196387184	0.482965222562379
-0.150196998613523	0.0536857002626707
0.372140603158092	0.18881048875089
1.04272737841263	0.394268038065867
-0.300214954263046	0.137856208357262
-0.0195087946027593	0.00914652299819054
-0.602298673244211	0.288435916936057
0.675232747867266	0.213789953820415
-1.67347148204321	0.945348768378683
-1.81323178459194	0.734779878382509
-0.337924641037297	0.0968088152153293
-0.485861942633704	0.254976612630934
-1.08356767543333	0.738532419585883
-1.0225353038078	0.403750407139113
2.75805496536761	0.766752929661107
2.11869185323705	0.945764565994132
0.82550465870812	0.346559154741678
1.33208469099746	0.58115584608196
1.95793128711136	0.437766051086387
-0.34307485466429	0.0982470421897248
0.955450516302873	0.253599562429476
0.163853552605343	0.0487595972376143
3.27232628525746	1.12331698634376
-1.50884424560785	0.535043767502043
-1.7975657981284	0.379599665892429
-1.79763019308962	0.379603777700996
1.96141436018454	0.438711417164155
-1.79763019308962	0.379603777700996
0.158202431453599	0.0297753629586498
-0.620473624670499	0.150917804175241
0.677258171138983	0.214332837302947
3.64204563210395	1.43174087144813
-0.476690586704974	0.249449034382059
0.331684463941789	0.217059024618303
0.0173046924446137	0.00872082049764688
0.169334108200512	0.0823715082566747
0.721306666684452	0.477243496204483
-3.45172595803352	1.22146685013561
-0.51812811293967	0.195578845806807
0.156017379184159	0.052780976044765
0.157971563808893	0.0296806747786729
-1.79763019308962	0.379603777700996
-1.7975657981284	0.379599665892429
-1.12937501458112	0.339964434622374
-0.482149861970564	0.252575023510756
-0.781483249261339	0.514893336335497
-0.132187368465625	0.0743454328279497
-0.599796786022588	0.287015507466851
-0.985490801195397	0.488183137033724
-0.389734039623224	0.219797542546478
1.33208469099746	0.58115584608196
0.162795335403977	0.0790375285139333
-1.27866440986665	0.57493073370158
-0.941161637768904	0.576050401991299
-0.624183598429151	0.151840837481169
-1.03016710511032	0.4072500797214
-0.484717035412451	0.254278229201244
0.155977003538966	0.0597564056633356
0.312350739559113	0.215564069791015
-0.977298409843424	0.482711119481519
-0.942372929603374	0.57699834963199
-1.79763019308962	0.379603777700996
-2.57447078703937	0.657780381714024
-2.57447078703937	0.657780381714024
-3.07793266340176	0.957013587093989
-2.06603618004512	0.93721819188179
-0.333247970373579	0.0954969729659714
-1.79763019308962	0.379603777700996
1.04577073722875	0.395582052714565
-1.7975657981284	0.379599665892429
2.7590679263751	0.76692961097815
1.95879552552655	0.437985228139192
2.11780862301852	0.945248734413775
0.173940988172143	0.0437550114519682
0.955017933589342	0.253480850166851
-1.79763019308962	0.379603777700996
-1.7975657981284	0.379599665892429
-1.79763019308962	0.379603777700996
0.162171049505848	0.0303007576998756
-0.620903335937371	0.151058535991718
1.95879552552655	0.437985228139192
-1.7975657981284	0.379599665892429
0.173940988172143	0.0437550114519682
1.25059915149958	1.05893795945019
0.903722421764725	0.487918961889201
-0.942815327715708	0.578172068964489
-0.388560640072381	0.219453277122017
0.170814760478995	0.0915581817801589
-1.02334304610672	0.404204860060332
-0.98115247794995	0.485543284727628
-1.81200943037821	0.734241478143734
-0.620473624670499	0.150917804175241
-1.50922180218546	0.535188573690381
-0.941627483922312	0.576247559538365
-0.608806503575433	0.292446552009385
-0.392527598762743	0.163297548242261
-0.786878040659462	0.520108523116162
0.662548892428037	0.473630645334865
-0.0218044819045232	0.0101963143123835
-0.216065077755523	0.0696082875501244
-1.46069766646138	1.01523963393624
-1.82698397269548	0.741756816133582
-0.97763070274497	0.482634692972241
-0.783202816249538	0.516680470388388
-0.782475441665418	0.516580463860325
-0.786092779497925	0.428520464559124
-0.0529584631667283	0.0230814398326921
-0.22791667628394	0.11367905436001
-0.231023151465072	0.115404851913362
-0.624623675797245	0.151937920429117
-1.12937501458112	0.339964434622374
-1.7975657981284	0.379599665892429
-3.07707720857862	0.956361112132394
-2.57421277656498	0.657506382974291
-1.80127875869	0.380587746892248
-2.06530788404037	0.936496100496138
0.157971563808893	0.0296806747786729
0.164738242561747	0.0490009495728858
0.164738242561747	0.0490009495728858
-0.212700860727539	0.0685566980358174
2.75805496536761	0.766752929661107
0.16190498991222	0.0302625824147867
-0.619895187822925	0.150839789138775
0.676200627845659	0.214099921395796
0.159251072645633	0.0298673857617753
0.170331293505475	0.0429093144237285
1.95793128711136	0.437766051086387
2.7590679263751	0.76692961097815
0.158989511121608	0.0298299152293259
-3.07836047129561	0.956774727997911
-3.07707720857862	0.956361112132394
-1.79763019308962	0.379603777700996
1.95879552552655	0.437985228139192
-0.61946410648704	0.150698865008898
0.176818183184722	0.0443715906559113
-0.395576056680887	0.164799016115278
-1.59175556135129	1.21944719386506
-0.777018529514065	0.593321298767451
-0.787606428329761	0.5208810261848
-2.47568472473409	1.37821796557398
-0.148061494466894	0.0529339857858611
-1.31658425836861	0.823957066670813
0.527404119121822	0.188820766466342
0.153267904345544	0.0519012670754554
0.956455214607419	0.253949648163622
-3.45172595803352	1.22146685013561
-0.221443869104186	0.0712956025102242
-1.82900909381876	1.14967809181314
-0.175791063472486	0.0938192116485372
-0.524989151221127	0.330178956977226
-0.396961071341288	0.165538652512601
-1.0245285661459	0.813279390924238
-1.5094475769206	0.535248673690833
-1.50824112923963	0.534752090600511
-0.13631789924889	0.0488475380791674
-0.174190083995341	0.0930271000172731
-0.786092779497925	0.428520464559124
0.153389486735009	0.0664881047133321
0.158989511121608	0.0298299152293259
-1.79763019308962	0.379603777700996
-2.57421277656498	0.657506382974291
-1.7975657981284	0.379599665892429
-2.57472877667238	0.65760345889815
-1.0225353038078	0.403750407139113
-1.12769593434811	0.339436368028373
3.26835783601252	1.12163011968705
1.57404767215904	0.780807377405224
-2.57447078703937	0.657780381714024
-0.619895187822925	0.150839789138775
0.178378460373537	0.04470234426639
-3.45172595803352	1.22146685013561
-1.79763019308962	0.379603777700996
-1.7975657981284	0.379599665892429
-2.57821111666453	0.659475059970799
0.158989511121608	0.0298299152293259
-1.7975657981284	0.379599665892429
-1.79763019308962	0.379603777700996
2.76197196120423	0.768541369225187
1.95793128711136	0.437766051086387
2.11869185323705	0.945764565994132
0.151445081617546	0.058050474436707
-2.69533313483692	3.13783248659755
0.797522848704792	0.632985116525893
-0.231142870484642	0.115320995570834
0.371331716907555	0.18831622526473
-0.480504589613813	0.251559905188801
-1.27840133122234	0.575024543685974
-0.216409245079586	0.0696890647462961
-0.620473624670499	0.150917804175241
-2.57447078703937	0.657780381714024
-0.779233127407842	0.594550741025744
-0.941161637768904	0.576050401991299
0.289313903138885	0.235807982047206
0.521666425420074	0.333824776149353
0.360041331002472	0.182049310713191
-0.620326325745573	0.150885642821786
0.165007048838445	0.0490553112296366
-1.7975657981284	0.379599665892429
-1.79763019308962	0.379603777700996
0.157971563808893	0.0296806747786729
-2.57447078703937	0.657780381714024
0.173378039987466	0.0436162262322836
-1.12937501458112	0.339964434622374
-0.221443869104186	0.0712956025102242
-3.07750490916701	0.956880231933195
1.95793128711136	0.437766051086387
-0.621333103088639	0.151104040920032
-1.7975657981284	0.379599665892429
-1.80127875869	0.380587746892248
0.157971563808893	0.0296806747786729
-1.13408947394801	0.341691539062081
0.15823182603157	0.0297179405544109
-0.334830546749113	0.0959542136262779
-0.780629899932424	0.424991447548692
0.0104430567259589	0.00535509578134622
-0.482855383502347	0.360620120647747
0.175912605410636	0.0943401309209065
0.485690420205944	0.333381816362792
-0.389366350372852	0.219589587683168
0.0439946728185525	0.0241231342847546
0.609542343546943	0.319584682617334
-0.599266126452726	0.286811122544549
-1.12937501458112	0.339964434622374
-0.3395018260887	0.0972061822975938
-0.0961973175087169	0.0381754760162591
-0.661603840727711	0.460645129097286
0.0621201156104913	0.0384921420640617
-0.0130955633245231	0.00624561726341397
-0.0554333030089303	0.0241398695966454
-0.619895187822925	0.150839789138775
-1.80954645465925	0.732873371181045
-4.0012123706462	1.7257737241768
-1.79763019308962	0.379603777700996
-1.51887413840601	0.539249413623567
-1.02790181469622	0.406358338825706
-0.722611557468775	0.247018823049159
-1.79763019308962	0.379603777700996
-1.79763019308962	0.379603777700996
-1.79763019308962	0.379603777700996
-1.7975657981284	0.379599665892429
-3.07750490916701	0.956880231933195
-0.620473624670499	0.150917804175241
1.82816209415628	0.714241631039221
1.95793128711136	0.437766051086387
0.158989511121608	0.0298299152293259
-0.61946410648704	0.150698865008898
-0.620903335937371	0.151058535991718
0.15823182603157	0.0297179405544109
0.16934280349587	0.0427080042196444
0.158989511121608	0.0298299152293259
-1.7975657981284	0.379599665892429
-3.45601360105774	1.22364277502153
0.154259314455831	0.0291924198815566
-0.621333103088639	0.151104040920032
-0.342463785834028	0.0980578484034576
-0.0876761183668627	0.0348708740586887
0.0785622999026086	0.0511823479739112
-0.0575819212267323	0.0250487267202965
-0.947792898315466	0.582702379015557
-1.02881602971728	0.81839380577329
-0.394326071148965	0.16399931915517
0.155205580878186	0.0525315583518307
0.158989511121608	0.0298299152293259
0.955017933589342	0.253480850166851
-0.216812313149898	0.140212995913711
-1.20751026426436	0.906994538955404
-0.913647651339145	0.666407491704682
-0.598497602799417	0.286396050400422
-0.777350696505638	0.511700802552817
-0.942414342958932	0.577917617198409
-0.522777207619905	0.197556097300605
-0.523336979122945	0.197729833142044
0.678226553256205	0.214653433627451
-2.33983738794673	2.12634084097352
-0.0496464419047594	0.021686134811476
-0.625191995446008	0.152059991852936
-0.514641699367006	0.194166196064157
1.95793128711136	0.437766051086387
-1.7975657981284	0.379599665892429
-1.7975657981284	0.379599665892429
0.159251072645633	0.0298673857617753
0.157971563808893	0.0296806747786729
-1.12837428626612	0.339637586745731
1.95793128711136	0.437766051086387
0.159251072645633	0.0298673857617753
-1.7975657981284	0.379599665892429
-1.13282069800183	0.341231258763963
-1.7975657981284	0.379599665892429
-0.215815148052618	0.0695090074287807
0.173940988172143	0.0437550114519682
0.157971563808893	0.0296806747786729
-0.314509534690857	0.187412762362582
-0.241851169685762	0.178737269511775
-0.388408062610022	0.161550493058169
-0.975990049193778	0.481916771875483
-0.175596779057658	0.0937222046871643
-1.1591852991788	0.647740506843392
-0.399288136656213	0.166505690554879
-0.934378564526978	0.570749166699216
-0.603697830822917	0.289418563485596
-0.760449586259491	0.329500712374175
1.53981835519017	1.32500600728425
-0.779533847058748	0.423716355677332
-0.304818200308526	0.14001153051205
-2.52401882138852	2.62242086941339
-1.59211080755617	1.22187970970328
-1.48395920166859	0.747833589125931
-1.50824112923963	0.534752090600511
1.0891913630175	0.670466789487079
-1.32004046414612	0.825830436079713
-0.101829255534148	0.0403711347925149
-0.596759107563895	0.285539970794986
0.157971563808893	0.0296806747786729
-0.723225679429377	0.247243051260999
0.162622561049093	0.0484009930995383
-1.7975657981284	0.379599665892429
0.15823182603157	0.0297179405544109
-0.338530582329419	0.0969729638077002
0.15823182603157	0.0297179405544109
-1.79763019308962	0.379603777700996
-0.620903335937371	0.151058535991718
0.959294652844364	0.254663957360155
0.159251072645633	0.0298673857617753
-1.7975657981284	0.379599665892429
-2.57847696185857	0.659529736545688
-0.781058096687658	0.425355795748
-0.66516580501438	0.464403495827711
0.154642861292626	0.067062802898247
-0.0201740552489933	0.00945189569338701
-0.0516346057395038	0.0225211199850729
0.807760978291226	0.644053117276139
-1.1604773133734	0.648612704132655
0.150418633256143	0.0509413584157937
0.823324250399777	0.345498976757898
-3.07836047129561	0.956774727997911
-2.57421277656498	0.657506382974291
-0.180677476841833	0.0966630670369332
-1.59738753256147	1.22686729401098
-0.377144519809515	0.258494523863347
0.370011540788224	0.187565655897233
-1.0830725016016	0.738056939359121
-0.32081726712129	0.19179114868306
0.517378137769992	0.330456730320805
-0.0545369944583575	0.023752223928866
-0.393576023898057	0.163949887313459
-0.639207945762998	0.377395675029255
-0.215567228616167	0.0694084736962232
-0.306089689293404	0.140648698595043
0.16934280349587	0.0427080042196444
0.823888102049168	0.345906037374267
-2.2816579934944	1.14913008971777
-0.639207945762998	0.377395675029255
-0.605818783932621	0.290640658228113
-0.0221726630297205	0.0103635752836797
-3.99999287657849	1.72402202046046
-0.620903335937371	0.151058535991718
-0.338530582329419	0.0969729638077002
-1.7975657981284	0.379599665892429
-1.50982433145335	0.535480148233091
-0.620903335937371	0.151058535991718
-0.61946410648704	0.150698865008898
-1.79763019308962	0.379603777700996
-1.7975657981284	0.379599665892429
-1.79763019308962	0.379603777700996
-1.7975657981284	0.379599665892429
-1.79763019308962	0.379603777700996
-1.79763019308962	0.379603777700996
0.15357905718361	0.0520023014569825
-0.0554073166805172	0.0241246483782008
1.07116116689747	0.51803508033569
-1.2155167703017	0.916304280212308
-0.530087547278126	0.334323779340796
-0.782878207865664	0.425894069820148
-0.0533645311784171	0.0232532596097617
2.12413280944412	0.948811543038798
-1.02696873123005	0.40565270369469
-4.40037813786411	2.22768788918018
-0.0877352917775278	0.0348882239703778
0.152346609586538	0.0515961830574703
-0.0706954928801818	0.0428760076485052
0.898527009942049	0.484622189664784
-0.233658465269428	0.11661279037211
0.720936220233379	0.476844079805464
0.15632734084749	0.0678027432546929
-1.83197904578296	1.15184399700159
0.154732829361688	0.0672049916642553
-3.08203891306948	0.959069086853276
-0.297420105658476	0.136379909960927
0.157809365437772	0.0470462908960921
-0.664154571290062	0.463518608372616
-2.63109038047092	1.6083756572229
-1.46820925676201	1.02380201618726
-2.06247835900079	0.9346666740832
-0.719307886400812	0.245829792820617
-3.08160228540496	0.95864568534502
1.96141436018454	0.438711417164155
-1.7975657981284	0.379599665892429
-0.620473624670499	0.150917804175241
0.154259314455831	0.0291924198815566
0.15823182603157	0.0297179405544109
0.162171049505848	0.0303007576998756
-3.07836047129561	0.956774727997911
-1.7975657981284	0.379599665892429
-1.66645737405356	0.939052606371808
-2.10464165559787	2.33316923193247
0.621196492654503	0.473509869531491
-0.517264023236703	0.195228260106643
-0.636958603815356	0.375951954263338
0.967486079912908	0.660843157579291
-0.385108110020622	0.160048252995175
0.163186303324289	0.0793626468246789
-0.766733199789823	0.33273995230155
0.144848047757523	0.0491370939506188
1.40597958349107	1.09384946640618
0.963403267086764	0.657708433614496
0.60911208143512	0.319273655108227
-0.335438661955823	0.0961186879895653
0.554090270127173	0.322616657602367
0.810545086407028	0.64711395693692
-0.767107021042827	0.333232077374457
-0.601842481179404	0.288205637215096
-0.2302702585623	0.114861955576054
0.477239976517051	0.326447198378816
-1.02338521131779	0.403987205196149
-0.0926618573180851	0.036786603271242
-0.123651771684133	0.0693974974799376
-0.140891273851129	0.05044238952326
-1.79763019308962	0.379603777700996
-2.57847696185857	0.659529736545688
-0.213887346146808	0.0689012281325662
-3.75168277240236	1.47633842923476
-1.84054391203343	1.16147128933369
-1.79763019308962	0.379603777700996
-1.02168632234953	0.403201742865738
0.625791336967318	0.477692480913121
-0.327511655570981	0.231802681386378
-0.0915980925243866	0.0535498761623667
-1.68555139752094	0.954886328455462
0.161546080717326	0.0785368238361855
-1.49077274586718	0.75343807840734
-0.949086481943573	0.58325914603107
-3.45714001185249	1.22455064732533
-1.91616133825785	1.86902662889319
-0.913822450708864	0.667120029633681
-1.53899472783454	1.47515775796623
-0.944513710132196	0.578201485098671
0.163853552605343	0.0487595972376143
0.907860868398317	0.491129446313725
-0.300638693279534	0.138067723189249
0.538672909842541	0.193078624853722
-0.102206992537433	0.0405182533193162
-0.302862600309093	0.13893947466665
0.453093480981549	0.181948913825526
0.696947392942228	0.326440852008827
-0.791422065499544	0.431992776757359
0.450132341142773	0.180566999601374
-0.22967305754136	0.114720010618601
0.187932789829263	0.134990983058642
-0.143611532931276	0.051362924221021
-0.469976833970199	0.397244832209458
-0.296994554179138	0.136182501478573
-0.390406248237941	0.162374844905515
-0.482241830325908	0.252972420483399
-1.33550951149843	1.10291301739839
-0.371522987097334	0.349229137639558
-1.27616185521342	1.56523957633089
-0.3395018260887	0.0972061822975938
0.532438411561851	0.190754397880712
0.148364367533412	0.0502983007600852
0.168047617405793	0.0498928161895134
0.154643798015002	0.0523504544120162
-0.660847316495677	0.460635211365372
-0.693075703195036	0.657208539505551
-0.390118930146961	0.413985995744792
-0.315579691163826	0.281217663183413
-1.32581569350386	0.8312637613459
-1.51494510157249	0.537750180976637
0.173940988172143	0.0437550114519682
0.173940988172143	0.0437550114519682
0.162171049505848	0.0303007576998756
2.11957433477146	0.946159869437877
0.158989511121608	0.0298299152293259
1.57324176500159	0.780282055570826
0.17351044503084	0.0436385160120603
0.963167670198133	0.255599708567411
1.95793128711136	0.437766051086387
1.95793128711136	0.437766051086387
0.957461191854986	0.254126256439643
-0.0475912282577034	0.0397304228911349
1.57641681681789	0.782645066717777
-0.478767644060992	0.250664664244698
-0.334830546749113	0.0959542136262779
-0.720199314130701	0.246072307343885
-0.570607541370704	0.415052884509599
-1.58800996197638	1.21535589240455
-1.02757953423346	0.818491210924757
-0.909243749770694	0.661402781312676
1.09002588945441	0.671211219366245
0.153389486735009	0.0664881047133321
-0.130419793686251	0.0911731533082697
0.724285958382776	0.480619650643578
-1.72756102300173	1.8851079417594
-0.523592418494679	0.197882573952315
0.185945188469729	0.127903730677934
-0.481262125592423	0.252388230940106
1.28096515122487	0.706776593546459
-1.48174219157141	0.746796981127579
0.164847699032309	0.0882046375644286
0.159311209668015	0.0692302471138502
0.452012903568068	0.181405788845356
0.608412961112358	0.319176127449138
-0.0524999145766508	0.022888116622185
-0.604641338608145	0.290272208298259
1.04665020030324	0.395956904990197
-0.518386429636852	0.195700313035901
-0.215221304062718	0.0693199317381142
1.32898775070847	0.579200309811388
1.57698010039245	0.782710522844369
0.393961774990398	0.177928380262754
-0.933650979298107	0.570363589152819
0.144184489200484	0.0626058289890506
-0.0239623545620069	0.0153629002824245
0.926238716262431	0.808141451955684
0.599715945268284	0.313629398678703
-0.0538219685463567	0.0234440683298974
-0.306094040093421	0.140599426727339
-0.394154648259084	0.222816332242491
-2.28082161846008	1.14850527777355
-1.0213509823134	0.403162852904808
-0.777913638357725	0.512259788443565
-0.478829626655498	0.250698129625062
0.17089750000865	0.0832573089216268
-1.09389468528985	0.74960028585397
-0.566011990447288	0.410741429826403
-0.634498792281152	0.37408825831933
-0.389381857263005	0.161954697910528
0.153868695124602	0.0589460710470917
2.40802916678336	2.05762366024925
-1.46188001571673	1.01597680682705
0.153389486735009	0.0664881047133321
-1.27409648366397	0.572425579984391
0.166549099291362	0.0494747307612768
0.354170168911684	0.19885555151743
1.27967476581191	0.70553219604957
0.826007163197103	0.346879351565415
0.149589857141263	0.0572832967146747
-0.388263910775631	0.218889425884708
0.152518376488386	0.0583984562278975
0.155456144160003	0.0526000219263186
0.692443373599149	0.324251010152786
-0.0961973175087169	0.0381754760162591
-0.476690586704974	0.249449034382059
0.154844489281663	0.0593120313486407
1.09788429564637	0.67847437095823
0.147350780093761	0.0564751702386424
-1.67526475052132	0.946465590660016
-0.781765219635487	0.669322911044499
-1.14315659253268	0.990712834181142
-0.133718677326637	0.0752261405194511
-0.673347295399841	0.53104965018588
-0.641345220457882	0.378910725460891
-1.50824112923963	0.534752090600511
-0.617055950695462	0.150241664375452
-0.778081017469629	0.51242775687448
-0.601920299266109	0.288228010945696
-0.306083635615693	0.140620276756392
-0.178150668839565	0.118337061723833
-0.78374074819956	0.517339920288488
0.525449329408064	0.456142739518644
-0.0991392165791822	0.0393103762506958
-0.779511570122361	0.513842973214026
-0.620056373738539	0.553834430715657
0.37862726441222	0.192672734432221
-0.0504554458276566	0.0220263001125245
1.57485259290007	0.781252339630502
-0.787063695409863	0.520381158393503
0.162968126753743	0.0485024678975847
1.40753753754692	1.096534152218
-0.212950112008515	0.0686100611095293
-0.0442120384415513	0.0193940037790029
0.0121728160195025	0.00618163639594426
-0.687101203476672	0.59963253375373
-1.7975657981284	0.379599665892429
-0.914750283533432	0.667662069701175
-1.83587404476013	1.15677384193031
-1.31711903719415	0.823747462308789
-0.127116383393025	0.0713800506455714
-0.261315657203371	0.163007037451399
-0.535492698778922	0.338140515762769
-0.0479171502660505	0.0209582979351269
0.719568556434844	0.476232715395152
1.35241786719352	1.43301825534261
-2.46687647309564	1.36924337844726
-0.639315979690562	0.377485650699309
-1.27320878623511	0.571826806588651
-1.27057187606232	0.570204123724914
1.33208469099746	0.58115584608196
-0.883473248050602	0.730705365110313
-0.173990682545694	0.0928230158598478
0.445678458809846	0.446941707916699
0.17773613070851	0.12165812726437
-0.770619845099115	0.656310820257561
-1.79763019308962	0.379603777700996
-0.676334466948031	0.534458871792547
-0.768438566212941	0.333785190075404
-0.886816498727971	0.734205389685122
-0.946214864560229	0.580590711468436
-0.619895187822925	0.150839789138775
-0.34307485466429	0.0982470421897248
-1.79763019308962	0.379603777700996
-2.57821111666453	0.659475059970799
-0.336952847519868	0.096512855057735
-0.392522798802531	0.221791990954038
-0.481332374340611	0.252453037367173
-0.316230062333992	0.188827728697431
-0.85609405779277	0.918455214442167
0.343574857211787	0.210080481105129
-0.183951443675775	0.0984454889468293
-1.08121939683052	1.03557662330575
-0.102659327368018	0.0406921800416788
-0.140084201041551	0.0501535768345241
-1.32046661788253	0.826240399429006
-1.50982433145335	0.535480148233091
-0.12885980445542	0.0723835395626798
-0.261557899128878	0.16320517557986
-0.532207846005265	0.33542142776505
-3.07750490916701	0.956880231933195
-1.81262047956212	0.734554727038592
0.161924882732393	0.0786010022538368
-0.775811515645283	0.592069227818658
-0.774421144089823	0.723755346749431
-0.440965225882074	0.291035060180589
-0.445640227526108	0.294536792440142
0.396306489651409	0.178953566977426
-0.0179771505391066	0.0084323473369059
-0.982123877660898	0.486048635639571
-0.768074603217935	0.333251677673885
-0.770356668689897	0.334785804148308
-1.08716971383632	0.742679200961319
-0.451121594808429	0.299179796333042
-1.33516126117538	1.10144871379366
-0.426216622486766	0.326788208760013
-0.0159141541633847	0.00752353290259285
0.171162482847423	0.0918099541589947
-0.78844365422542	0.520862867505834
-1.97388620494436	1.37242242848461
-0.620473624670499	0.150917804175241
-1.7975657981284	0.379599665892429
-1.20931095461117	0.909184616957375
-0.684789609339736	0.596871484733329
-0.306510679211431	0.140834213545429
-1.82138132110554	1.65682382215059
-1.58990301869411	1.88446829548549
-0.261164739878439	0.162981402604231
0.333755578806583	0.203449089651654
0.0500580323654574	0.0293756246650771
-0.605365274094376	0.290428903582208
-0.308213521258046	0.141584710867028
-1.7975657981284	0.379599665892429
-2.57821111666453	0.659475059970799
-1.7975657981284	0.379599665892429
-2.57421277656498	0.657506382974291
-0.786091237832524	0.428407962452066
-0.641345220457882	0.378910725460891
-0.0927091178297787	0.0542272585817788
-0.175791063472486	0.0938192116485372
-0.322264516692174	0.227383143535067
-0.491945377909154	0.368937895215532
-0.0935738936420421	0.0371388620065688
-0.296980593140744	0.136084824316839
-0.766443517958815	0.332594018875036
-0.718972834438042	0.245626954230634
-2.57447078703937	0.657780381714024
-1.7975657981284	0.379599665892429
-1.79763019308962	0.379603777700996
-1.7975657981284	0.379599665892429
-1.7975657981284	0.379599665892429
-1.79763019308962	0.379603777700996
-1.7975657981284	0.379599665892429
0.177247192199527	0.0444492499698682
-1.13395018438652	0.341592389781504
-0.98033373192333	0.484881191780157
-1.23691224614547	1.15021928616542
-0.492250518913323	0.369209404697423
-1.15538397476864	0.645201093188753
0.173213102861638	0.0928119344373507
-1.13821490716673	0.982598871999869
-1.50824112923963	0.534752090600511
-1.80127875869	0.380587746892248
0.158989511121608	0.0298299152293259
-1.7975657981284	0.379599665892429
-1.7975657981284	0.379599665892429
-0.393017455051046	0.163508285723509
-0.173990682545694	0.0928230158598478
-0.0188013410878115	0.00883674715832431
-0.261383848710007	0.162903135753304
-0.974960856104359	0.481265063090149
-0.445655689328689	0.294882310078
-0.316766029025356	0.188965614819779
0.172245825316017	0.0923646402953867
-0.395904040590257	0.164946089819945
-0.774655009479685	0.660797620994647
-1.21158211519275	0.912451451788848
0.372087564472877	0.188738495665529
0.147185309904108	0.0564336485542795
-2.07121964727456	0.940607959344417
-1.7975657981284	0.379599665892429
-1.79763019308962	0.379603777700996
-1.79763019308962	0.379603777700996
-1.7975657981284	0.379599665892429
-3.07793266340176	0.957013587093989
0.171653101789031	0.0431973221484952
-1.9198582409391	1.87317511258729
-0.592658546428686	0.481283519263368
-0.492499733988622	0.44927199820264
-2.57472877667238	0.65760345889815
-0.149390704801257	0.0534113782231424
-1.02825260334103	0.817911273361683
0.44877431656192	0.179961890266177
-0.0443999349729128	0.0276992988937959
-0.390261085579682	0.220163086845842
0.0127015508130286	0.00644349574824497
-0.56565628615048	0.409722112015235
-0.597652075303875	0.486647278433234
0.468525234020944	0.341889618890857
-0.128731482230565	0.0722860194294992
-0.0179108945951383	0.00843135103947787
-0.0950274399119821	0.0556386607900787
-0.942839646693965	0.577302725887767
-0.56267089661617	0.407843008149519
-0.389157748859238	0.219756501694847
0.677168456003689	0.214339100225988
-1.7975657981284	0.379599665892429
-1.79763019308962	0.379603777700996
-2.57447078703937	0.657780381714024
0.159251072645633	0.0298673857617753
-1.27488892020265	0.572469589281578
-0.487754271810429	0.365226475141051
-0.176257712552038	0.117011131870985
-0.776132477198644	0.725829015769811
-0.771700381989717	0.587227397673202
-1.12881513859764	0.339906487322227
1.46166504880046	0.484245680586438
-0.449456021517787	0.297261536177237
0.592062541985339	0.476794441646176
-0.7152405100284	0.685981323916943
1.1502029808852	1.18496035613274
-0.570387920411686	0.415062801759898
0.798718718129475	0.634292728606674
0.55057830094336	0.460269017514188
0.722417356838296	0.478112007188715
1.90789106416743	1.65092874793684
-0.781596967462106	0.425088669995401
-0.424122107900612	0.36447632999867
-0.568830851374667	0.413398081314156
-0.446185239341353	0.294973677395438
-0.785374001263217	0.518736637196509
0.400830084073374	0.181327196807139
-0.48984491391571	0.366809025590168
-0.0978550297863506	0.0388181313798155
-1.13622209928182	0.982314682268917
-0.344653401104561	0.0986243796684527
-2.57447078703937	0.657780381714024
-1.80127875869	0.380587746892248
-0.626100288806693	0.1523229776774
-1.7975657981284	0.379599665892429
-1.80127875869	0.380587746892248
-1.79763019308962	0.379603777700996
0.173940988172143	0.0437550114519682
0.957461191854986	0.254126256439643
-0.148827074398619	0.0532023394853307
-0.535712203837474	0.338465585098448
-1.63281981088091	1.67402459839396
-0.130795100290602	0.0735627746816634
0.0370085674219539	0.0203055066851971
-1.12725353624624	0.339405023147411
-1.7975657981284	0.379599665892429
-0.342463785834028	0.0980578484034576
0.152684671650055	0.0584811977102453
-1.6715752434094	0.942543044226196
-1.23692164619162	1.14787060555008
-0.316426214740624	0.188744403898187
2.13080650967176	1.49104480162632
0.602683974503806	0.315612429729908
1.13249384469746	1.02333082160339
-0.674432256349439	0.532097773701032
0.433538204909702	0.330403327165539
0.511487839399123	0.325506889352483
-1.81412608513504	1.64554674638489
0.66593274434046	0.476117661842876
0.351296243386455	0.196910273465485
0.00722199118376115	0.00377037632149579
-0.0150266158254597	0.007105499195857
-1.13524765739157	0.980886227040238
-0.884410645177703	0.73132447863903
3.64101793434512	1.43134239135362
-0.602298673244211	0.288435916936057
-1.13275358817442	0.977219753043128
-0.316983879853131	0.189109669692055
-0.0894092947757984	0.0355456257938817
-2.57447078703937	0.657780381714024
0.157971563808893	0.0296806747786729
0.159251072645633	0.0298673857617753
2.75805496536761	0.766752929661107
-1.79763019308962	0.379603777700996
0.16190498991222	0.0302625824147867
-1.79763019308962	0.379603777700996
-2.57847696185857	0.659529736545688
-1.97795311313637	1.37834006932867
0.806694831712924	0.642666742338372
0.460819028347714	0.335097580008458
-0.770559747804934	0.718098910485104
-1.33524354439617	1.33090451206286
-2.28054036426075	1.14841429828622
4.38485735302447	2.27617106410229
2.75805496536761	0.766752929661107
-1.7975657981284	0.379599665892429
-1.79763019308962	0.379603777700996
-0.391221837165235	0.162737262551864
0.16280376832886	0.0791737532594623
0.80131327153892	0.636539366537107
0.159198444109044	0.0773152942902126
-1.02656877476557	0.817166571344126
0.37087354035561	0.188076558730028
-0.379787797192816	0.260597973388087
-0.176906154339763	0.0945501746812027
0.156961003923646	0.0761833980918124
-0.588774163265369	0.477028547709121
-0.639422127493094	0.377418159140066
0.51583876401646	0.32878028860724
0.722932583085379	0.478632679096503
-0.658449276178888	0.457870443822748
0.397132083199872	0.179401062142935
0.804769954412859	0.640575910159356
-1.03210474073006	0.408333117568325
-0.781904194935902	0.425947278062809
-0.789283745720309	0.430832577946375
-1.82900909381876	1.14967809181314
-1.79763019308962	0.379603777700996
-1.51433726696095	0.537497293520418
-0.620326325745573	0.150885642821786
-0.620903335937371	0.151058535991718
-1.7975657981284	0.379599665892429
-1.12769593434811	0.339436368028373
-1.7975657981284	0.379599665892429
-3.75168277240236	1.47633842923476
-0.296994554179138	0.136182501478573
-0.554915044076886	0.502264637414969
-0.332301801028593	0.235738393280431
-0.215713199190297	0.162783636535439
-1.83100656858587	1.15132880251566
0.172385921068679	0.0433875285709768
1.95793128711136	0.437766051086387
1.46209127003869	0.484377128190959
-2.27998189893738	1.14792379379687
1.25633355938629	0.874649936459606
-1.83320825254888	1.15287664174656
1.59186992714461	1.72955100377127
-0.671144283863941	0.529388831507503
0.694955137035722	0.325170996930225
0.458228703272644	0.332757220861337
0.337388766151429	0.205587925378297
0.549745937096475	0.459353613665396
-0.0533645311784171	0.0232532596097617
-0.0924839772391272	0.0540866580485472
-0.689833676762202	0.603168968699046
-0.445550886708042	0.294395435909496
-0.0419399304027698	0.0261748036429466
0.719199842648344	0.475917507819443
-0.317132927655029	0.189419646196111
1.04676297571218	0.998442494028655
-0.089783731268869	0.0356915480451247
-0.636737206533108	0.37578997726773
-2.06188876692631	0.934347484997078
-0.942031412370821	0.576635964204224
-0.558203381786785	0.403674381036559
-1.08061324326147	1.03488203594165
-0.282160798419202	0.20445536505269
-0.786092616200907	0.428416662285244
-2.57447078703937	0.657780381714024
-1.79763019308962	0.379603777700996
0.154259314455831	0.0291924198815566
2.75805496536761	0.766752929661107
-2.57447078703937	0.657780381714024
0.172223255009213	0.0433240097489323
1.0418455851348	0.393863567086238
-1.79763019308962	0.379603777700996
-2.57447078703937	0.657780381714024
-1.7975657981284	0.379599665892429
-1.79763019308962	0.379603777700996
0.0544394776795079	0.0319680183104183
-0.421132211772677	0.361160562837248
-1.26863293361844	0.569140007440593
-2.57447078703937	0.657780381714024
0.681797110069949	0.21588345629796
-0.209576153213414	0.0675693730317321
-2.33449042336063	2.1181891940815
0.035811134381576	0.0196573482594306
1.40543044561941	1.09325040503385
0.881506543867651	1.01629702254957
-1.08538028237848	1.27665885858696
0.359768989482587	0.202509027469797
1.1349338447	1.02761872881803
-0.453769374251586	0.301296441117707
0.960682491418018	0.654586306783605
0.179877729363904	0.104561808456927
1.38169616287896	1.28664642822609
0.194689775614417	0.128232827937165
0.074731604085168	0.0464289406174204
-0.0166510090236832	0.00785835345945471
0.69383145169967	0.324529246573498
0.615387940289991	0.323475031360219
0.153267904345544	0.0519012670754554
0.349885133913996	0.196065018985817
-0.770644401156689	0.334882706894186
-0.176339164839844	0.0942083976572149
-0.0194836254044762	0.00913382440538839
-0.40080580238018	0.401147355627375
-0.784304182761808	0.672347732156076
-0.095690968409202	0.0379452809309574
-3.08160228540496	0.95864568534502
-1.67477937542259	0.946015245150081
-2.57472877667238	0.65760345889815
-1.50824112923963	0.534752090600511
-0.619895187822925	0.150839789138775
0.957025852492456	0.254006696314478
2.75805496536761	0.766752929661107
-3.75228333635026	1.47685987725686
1.95793128711136	0.437766051086387
-1.79763019308962	0.379603777700996
-1.79763019308962	0.379603777700996
-2.57421277656498	0.657506382974291
-2.57821111666453	0.659475059970799
-3.07707720857862	0.956361112132394
-0.242849129903292	0.179539635036375
-0.928431924656264	1.05162295469104
-0.56461891832976	0.409275687549824
-1.33051913122266	1.09533493350051
-0.53081952046086	0.334923621717284
-0.603626162857251	0.289465889033162
-3.07750490916701	0.956880231933195
-1.50634046210702	0.533909618105069
-3.07750490916701	0.956880231933195
1.14044945924004	1.03467739945692
0.173259208586951	0.10040420276349
-0.910255721140153	0.662661623934565
-0.104578091251616	0.0613593099246643
-0.0550642122505573	0.0239773625268454
-0.778358871669078	0.593803522173892
-0.0675855851549877	0.0409653802274962
0.366705034478149	0.185591375820025
-0.390786655219212	0.220492891678266
-0.181185696233802	0.120562328617666
0.861630764718749	0.789492452179233
0.320895117527544	0.222451784700259
1.13151676141632	1.02177337333192
-0.782872702879706	0.425874054112607
0.343031942599294	0.19199929023926
1.11344938809385	0.850416661771454
-0.216409245079586	0.0696890647462961
1.27267294206412	0.700658445267127
0.407073236975157	0.184454226350385
0.0526096574393067	0.0308825530478341
0.390515420754193	0.176344772035738
-0.183170194918472	0.121929052871265
0.328827896144261	0.214972950419315
-1.08440535945003	1.03994874027972
-0.179591904873781	0.0959719968118559
-0.607073015374335	0.291367217489451
0.955017933589342	0.253480850166851
-1.7975657981284	0.379599665892429
0.158989511121608	0.0298299152293259
-1.7975657981284	0.379599665892429
-1.79763019308962	0.379603777700996
2.76095211479574	0.768066673537379
0.162968126753743	0.0485024678975847
-1.79763019308962	0.379603777700996
-1.7975657981284	0.379599665892429
-2.57447078703937	0.657780381714024
0.158989511121608	0.0298299152293259
-0.782023905302973	0.425384005432895
-0.661036103904608	0.460590823275971
-0.382610306393506	0.262788149888885
-1.08628684177962	0.741827835959789
-0.390406248237941	0.162374844905515
-0.774804746858058	0.337089418232418
2.7590679263751	0.76692961097815
0.669117736352227	0.211726956826849
-2.57447078703937	0.657780381714024
1.46614179937581	0.917960143009226
-0.791077312090727	0.523769746985103
-0.597861999493421	0.486590225408339
-0.233869084454057	0.116845734574565
-1.0816041640077	1.03649490756474
0.353434926939578	0.198436986695165
0.168739726587881	0.0820852039273271
0.691591565912048	0.604375104578005
0.799239165973169	0.481510866891985
1.25475522532488	0.872692426746732
1.2538005466861	0.87305706882948
-0.528404237972929	0.33278473746832
0.723080447187994	0.478970240806732
-0.131015287204438	0.0736219827484777
-1.49497916630555	0.755762714619458
0.459522853936273	0.333917039002818
0.15823182603157	0.0297179405544109
1.09416409619837	0.675214271535251
0.449627034157753	0.180445283779786
-0.531565947699179	0.335153027607594
-0.9781196387184	0.482965222562379
0.558262066500749	0.32581812208194
-1.13363282793502	0.978170324323207
-1.09200706832361	0.747414637519892
0.16007477785817	0.0694906918555154
0.957461191854986	0.254126256439643
-0.728677148298953	0.249187525985118
0.16190498991222	0.0302625824147867
-0.620903335937371	0.151058535991718
0.15823182603157	0.0297179405544109
-0.619895187822925	0.150839789138775
-1.7975657981284	0.379599665892429
-1.13295352450292	0.341266245931736
-0.620473624670499	0.150917804175241
1.95793128711136	0.437766051086387
-1.7975657981284	0.379599665892429
-1.7975657981284	0.379599665892429
-1.507638227659	0.53431243522829
-1.80127875869	0.380587746892248
-2.47045104596904	1.37346421048364
0.0680877416587504	0.0422033964679933
-0.149761826877568	0.102182674023562
-0.99055674406353	0.884645524035225
-1.16482839508746	0.652409639803802
-0.779590598660197	0.339532340271153
-1.79763019308962	0.379603777700996
0.159251072645633	0.0298673857617753
1.06592849449521	0.514893865899559
0.154213873214451	0.0668719322751229
-0.292743966699922	0.134182537342206
-1.13469035786148	0.980462750993132
0.156575446190185	0.0759881998742116
-0.0968690185462476	0.0567305184428599
-0.179331571563088	0.119154640490927
-0.448552663734519	0.297047935208324
0.0370085674219539	0.0203055066851971
-1.0901066325327	0.746501742548832
0.290693295256576	0.236924303470762
0.17606130314407	0.102018235771825
-0.279471517166625	0.202205178277644
-0.380185796755399	0.26098829965926
-0.988225480388595	0.882362898210719
0.879588449335678	0.655133231493268
1.37764859258963	1.28020299380094
-1.13182284417153	0.340904867919198
-0.483017021091847	0.253044587728059
0.69284935645393	0.323980193410431
-0.491335294888905	0.368343359436946
1.14515345236652	1.17684380064059
-1.4396566064144	1.28510362531366
0.171039158285518	0.0915529732617186
0.67230877766891	0.482524766596618
0.481031543542311	0.329193881560238
1.46308301616168	0.484563679444736
3.26630303248094	1.12023058934939
-0.620326325745573	0.150885642821786
0.531358567637365	0.190353154457246
1.46109938210879	0.484014060767982
2.75805496536761	0.766752929661107
0.157971563808893	0.0296806747786729
-1.7975657981284	0.379599665892429
-1.80127875869	0.380587746892248
0.17294827606403	0.0435260072159332
0.675591354383564	0.213968352567141
-1.5094475769206	0.535248673690833
-0.620326325745573	0.150885642821786
-1.7975657981284	0.379599665892429
-1.79763019308962	0.379603777700996
-0.625630686390319	0.152156798395567
-0.337318918589577	0.0966140796949229
-1.79763019308962	0.379603777700996
2.75805496536761	0.766752929661107
-1.7975657981284	0.379599665892429
-1.7975657981284	0.379599665892429
-1.7975657981284	0.379599665892429
-0.847590183513816	0.966358205541649
-0.777156684174394	0.592662583755943
-0.915792943751091	0.669288011503315
-1.2155167703017	0.916304280212308
-1.13395018438652	0.341592389781504
-2.57447078703937	0.657780381714024
-1.50884424560785	0.535043767502043
0.914840595363956	0.495966408409807
0.440710449824412	0.337097672180381
-0.777837017893508	0.422816757266845
-0.276024909032721	0.199251100515008
-0.391456429011002	0.221078503962764
1.07569845964409	1.25656313020934
-1.17317460333231	1.19981691132899
-0.386535105499794	0.217877444632346
0.185266317870572	0.107837892042569
-1.02667357138549	0.81620023459743
0.61130813329899	0.321214319464346
-0.531703376590419	0.335096904507314
1.40258522834104	1.09155676459457
0.721533219281225	0.477329300349404
0.372932204317256	0.18946547696303
0.602257203302167	0.315435115154997
1.07063512565456	0.517703792604127
-0.174904640114297	0.0934227718578892
-0.0191165446811774	0.00896740794891334
-1.92101162194619	1.87672562379301
0.79675709167335	0.479201743813149
0.488617438389384	0.335289053180259
0.325752343279967	0.212566051541167
0.366705034478149	0.185591375820025
0.367500513609771	0.186349607521931
0.960305402281055	0.254935680101795
1.03729632748488	0.391751460326444
-2.57821111666453	0.659475059970799
-0.619895187822925	0.150839789138775
-1.81200943037821	0.734241478143734
0.162622561049093	0.0484009930995383
-0.620903335937371	0.151058535991718
0.680267294542255	0.215376555237081
0.15823182603157	0.0297179405544109
-0.61946410648704	0.150698865008898
-3.08203891306948	0.959069086853276
0.174933567082256	0.0439573605408891
0.157971563808893	0.0296806747786729
0.159251072645633	0.0298673857617753
-0.617491939447093	0.150288713008559
1.95879552552655	0.437985228139192
0.174933567082256	0.0439573605408891
0.159251072645633	0.0298673857617753
-1.7975657981284	0.379599665892429
-0.619895187822925	0.150839789138775
-0.620903335937371	0.151058535991718
-0.619895187822925	0.150839789138775
-0.336952847519868	0.096512855057735
-1.1598047317102	0.648883388076491
-0.566011990447288	0.410741429826403
-0.5269698905777	0.437352215479538
-0.715213388797418	0.734585944521772
-1.03210474073006	0.408333117568325
-0.620473624670499	0.150917804175241
1.95879552552655	0.437985228139192
-0.624183598429151	0.151840837481169
2.7590679263751	0.76692961097815
-1.32410569130604	0.830357102549086
-1.32326247992646	0.829331703110928
0.667025763185195	0.477296496813641
-0.315895542855016	0.188417278759242
1.03664847606051	0.983096726378118
0.0690521267382426	0.0427967389889342
-0.437548827495972	0.33751005970057
-0.530785826557016	0.334829379481014
2.15022989497563	2.22168481436151
-1.13849340911045	0.984638740185891
-0.174913745751561	0.116029857235509
-1.13089853445718	0.974866975280295
2.41341880454676	2.06906446920747
-0.981971733617563	0.486008124035347
1.06739733051201	0.515491638140863
0.158392471401152	0.0687439733534891
-0.598497602799417	0.286396050400422
-0.380903513371253	0.261411640999959
-0.782865524186805	0.425601813822412
0.0837632064451627	0.0569973595251194
-0.213537830001531	0.137798409373903
-0.561211969904415	0.406344021019066
-0.910415190610553	0.662694382190565
-1.12825544522804	0.339732258677114
-1.13182284417153	0.340904867919198
0.669467631715225	0.211908752948447
-1.12825544522804	0.339732258677114
0.167164301060576	0.0496616909525181
-1.27320878623511	0.571826806588651
0.956455214607419	0.253949648163622
2.75805496536761	0.766752929661107
-1.79763019308962	0.379603777700996
3.27025913837768	1.12233669524588
-2.57421277656498	0.657506382974291
0.159251072645633	0.0298673857617753
-1.13755914818091	0.342794698074757
-0.216063671871124	0.0695794401283131
1.95793128711136	0.437766051086387
0.154259314455831	0.0291924198815566
0.956455214607419	0.253949648163622
-2.57447078703937	0.657780381714024
-1.80127875869	0.380587746892248
-1.7975657981284	0.379599665892429
-2.57421277656498	0.657506382974291
-1.81827955350507	0.737738285564138
-0.677597675722771	0.535733313754463
-0.565179012392143	0.409738141369718
-0.864541720907194	0.86365101413474
-1.0225353038078	0.403750407139113
0.164738242561747	0.0490009495728858
0.154392805413983	0.0522705690038812
-0.212700860727539	0.0685566980358174
-1.79763019308962	0.379603777700996
0.447310273049599	0.179520616473123
0.339909176542032	0.207460397825765
-2.5246897713529	2.62371961749905
0.447996914446478	0.17968538770428
-0.246932557779375	0.182909448068826
-0.375174475989688	0.2569225092827
-0.775568872185716	0.725024688209805
0.746080668114328	0.729488308607582
-0.63734161463372	0.376245630600318
-0.311098972410561	0.185269105598323
-0.254191941046578	0.158089102492927
-0.0628605097484493	0.0380639771431894
0.366251097387433	0.185315834522321
0.351289986786256	0.197037561356665
-0.531152035305683	0.334711391471799
1.11131484897399	0.847970446980704
-0.944080660953475	0.579555024090982
1.28361465366495	0.708530178932996
-0.0939468953498199	0.037282483387852
0.180486739249208	0.104993664205804
-0.330560329042684	0.234308065960183
-0.284028583066346	0.205913396511237
1.24318617164068	1.21961003977032
-0.181524812645715	0.120777813899608
0.492081665316333	0.338454729744454
-4.00243287233861	1.72656513084757
0.173940988172143	0.0437550114519682
0.15823182603157	0.0297179405544109
0.17294827606403	0.0435260072159332
-2.63955384056097	1.61916100683579
-3.08616775699942	0.960575893787374
0.956455214607419	0.253949648163622
1.95793128711136	0.437766051086387
1.04034511892763	0.392920970387567
-3.07750490916701	0.956880231933195
0.157971563808893	0.0296806747786729
-1.7975657981284	0.379599665892429
1.46166504880046	0.484245680586438
-1.81738212013859	0.737229580571004
-1.79763019308962	0.379603777700996
-1.13295352450292	0.341266245931736
-0.0935738936420421	0.0371388620065688
-0.988373841353755	0.883660931834177
-0.252789352220951	0.157023518658219
-0.620903335937371	0.151058535991718
2.7590679263751	0.76692961097815
-0.215567228616167	0.0694084736962232
-1.67958816645962	0.950828797463485
-2.77972851140583	1.87622216327113
-0.602475782510478	0.288900122516801
0.492903853190623	0.339474045065563
-0.0450910436974489	0.0197602340298821
-0.127660296854534	0.0717038409845321
0.00846074693118355	0.00437812284603422
-0.0389073269415857	0.0242877076054988
0.800977749160534	0.636897095561839
0.0530172885888545	0.0310963628471522
0.146052828713658	0.0559896260587139
1.27985068592507	0.705946064078286
-0.0537707278649188	0.0234237385324447
-0.338896474896558	0.0970421752101679
-0.230935701386513	0.115169140321657
-0.789714582511238	0.431147471520847
-0.643029726395551	0.3803940972644
-0.785667336929522	0.428238171342178
-1.44114764175771	1.28560450641756
1.13235407790212	1.02468923521578
1.45376570788251	0.907769023326226
3.1840105951002	2.60120355504467
1.95793128711136	0.437766051086387
-1.51494510157249	0.537750180976637
-0.484182401307779	0.254012065877731
-1.79763019308962	0.379603777700996
-0.51812811293967	0.195578845806807
0.164122988767051	0.0488286730136595
-0.61946410648704	0.150698865008898
-1.12825544522804	0.339732258677114
-0.216063671871124	0.0695794401283131
0.675232747867266	0.213789953820415
0.174933567082256	0.0439573605408891
0.372087564472877	0.188738495665529
-0.434136694734618	0.334239078764126
-0.246668281420154	0.206471890317677
-0.639207945762998	0.377395675029255
2.75805496536761	0.766752929661107
1.96141436018454	0.438711417164155
0.956021254579335	0.253830462538477
-0.517825107309169	0.195474359908123
0.44957827995086	0.18031750975252
-0.70202741427276	0.668770437999925
-0.327540621481348	0.231559939198845
0.968835695549131	0.961428319478848
0.0127277986317219	0.00645551261930791
0.330479804995611	0.216409770096914
-0.779936521115829	0.667306607772148
-0.530599219550983	0.334272167790017
0.1886184550043	0.117248736402578
1.24535817157435	1.37473279675761
-0.278316861989143	0.201271654782258
0.355426015777669	0.19957607603623
0.965193203110843	0.658110783948115
1.00986486641802	0.831037887627695
1.25475522532488	0.872692426746732
0.366332423669031	0.185561476446401
0.617442512784907	0.324612509088969
0.961668106545979	0.655987821756881
-0.259716017581996	0.161825132641683
-0.779095381126587	0.729037039281882
0.582447072688626	0.467119508274112
-0.244756211157624	0.181053059252081
0.801908530638957	0.637924471504694
0.956455214607419	0.253949648163622
-0.216409245079586	0.0696890647462961
0.682154426898716	0.215924774134022
-1.79763019308962	0.379603777700996
-1.7975657981284	0.379599665892429
-1.51275234377164	0.536645405278396
-2.57847696185857	0.659529736545688
-0.628944872553404	0.15292393261527
0.69383145169967	0.324529246573498
-0.571949681395075	0.416267011692852
0.54563832560762	0.454800088049496
-0.461294633932876	0.388043635958186
-0.48041345399024	0.251535900925089
1.03642094901871	0.391350967824649
2.76197196120423	0.768541369225187
-1.13238809108681	0.341172314702962
0.682410767649726	0.216016306234615
-1.02577021080005	0.815083971899249
-1.02715237678028	0.81631552039086
0.0129227976661758	0.00657848452347447
1.37359527177632	1.27544278228741
0.174280153860321	0.0934274767239524
-0.869380381494676	0.795968908732823
-0.326021226004548	0.195361035440428
-0.181185696233802	0.120562328617666
0.153801108434438	0.0666852820754741
0.346891630879492	0.194359964974682
-0.0893300542784814	0.0355154444573409
1.14767370048781	1.18086006004777
1.08230957546759	0.66562377033441
-0.018880160001	0.00884587581314163
-0.724381910046542	0.247676943012395
0.958558437161688	0.652382838720273
0.607571560069752	0.318671672924684
0.345474650760155	0.193434352364799
-0.175243990908052	0.0935258066854069
-0.396961071341288	0.165538652512601
-0.483827941505503	0.253496361706219
-0.381092425115682	0.261333925341254
-0.384109539105769	0.302472789213968
-1.12492122665638	0.338668219085241
-0.617055950695462	0.150241664375452
-1.51042707521765	0.53568486067596
-2.57421277656498	0.657506382974291
-1.79763019308962	0.379603777700996
-1.13282069800183	0.341231258763963
-0.624183598429151	0.151840837481169
-1.79763019308962	0.379603777700996
-1.79763019308962	0.379603777700996
-1.7975657981284	0.379599665892429
1.45849855088531	0.911727625777987
0.793883949234688	0.477471994356246
-0.782168607282123	0.516324463402714
0.48982345594804	0.454577593066858
-0.148920341907277	0.101568582536382
-0.566138710917687	0.410570045619672
-0.691557820661915	0.605549094459891
-0.0476866589875429	0.0297589440163624
-0.089783731268869	0.0356915480451247
0.164122988767051	0.0488286730136595
-0.620903335937371	0.151058535991718
-0.140367872285649	0.0502560951722468
2.11842867036876	0.945672460079198
1.28016355591198	0.706207937902467
0.808295855843725	0.644588472579988
-0.61603139434901	0.549105830290946
0.0364535672226001	0.0200034264031618
-0.653412290595127	0.453607721458202
-0.0703378432694292	0.0426415477773681
0.187871905188825	0.145180517079261
-0.256631354614093	0.159767569930358
-0.161199697710501	0.125237268318382
1.13216114181058	1.02281631693786
0.871883880289751	0.647272507358886
0.185764360614355	0.133255418398515
0.441416153664935	0.176836987172644
0.160999613544311	0.0544142414691104
0.793831809801858	0.477442319111044
-0.293243154045739	0.23711919705106
-1.33500016284216	1.52777902139816
-0.600659104135247	0.489602810893202
-0.33680927208535	0.26928194405838
-0.178330566780911	0.136025638203095
1.33975737931465	0.585056863780139
-0.719307886400812	0.245829792820617
-1.7975657981284	0.379599665892429
-0.337924641037297	0.0968088152153293
0.160845141692418	0.0478627209943367
0.157971563808893	0.0296806747786729
-1.7975657981284	0.379599665892429
0.15823182603157	0.0297179405544109
-0.620903335937371	0.151058535991718
-1.79763019308962	0.379603777700996
-1.01679001355003	0.400856528911676
-0.516188497981474	0.194754919907515
-0.78554374809181	0.518893688116645
-0.15807870541424	0.122598637654406
0.0662916611899748	0.0410869969881236
0.187914591738266	0.129382098298761
-0.416453247761868	0.356397312925464
-1.03231188906825	0.82292424110221
-0.32303339421236	0.19331277062748
0.878141306096576	0.654145433346897
-1.24372403224291	1.15932630556683
2.11869185323705	0.945764565994132
2.75704467106166	0.766025498669684
1.83223894779093	0.716336716062103
1.07143416820841	0.51816664421618
-0.646210296265975	0.382591212955043
-0.371918586363601	0.290726160884039
-0.44767524969006	0.296338692075142
0.170686057279547	0.091357386006332
-0.886987176784339	0.734049433329763
-0.430594508269913	0.331050006111979
-0.785496950542475	0.797722856262325
-0.783964190469389	0.426956944945743
1.14079411059134	1.1703943213976
0.80442261690057	0.765345554024057
0.15589931880633	0.0676119990057086
0.678919379952996	0.488697189628297
0.488820757809647	0.335698966228803
0.293580635335122	0.23085988191622
-0.720453666514924	0.246264037870489
-0.0974799324302441	0.0386746458615092
-0.0463432822269442	0.0202855227438391
-0.675000540014537	0.533378559188995
-0.328653366012058	0.232750541643259
-0.491640303242496	0.368649370141713
-0.620158622593134	0.554185622512772
-1.81799459045243	0.737492070536281
-1.82278415867688	0.739928845893393
-0.620473624670499	0.150917804175241
-0.620473624670499	0.150917804175241
-1.50922180218546	0.535188573690381
-1.7975657981284	0.379599665892429
-1.12435877083653	0.338493350823416
0.15823182603157	0.0297179405544109
-1.12781381973937	0.339579374120096
-1.12825544522804	0.339732258677114
0.162171049505848	0.0303007576998756
-1.80127875869	0.380587746892248
-0.338896474896558	0.0970421752101679
0.40128520889548	0.181574932992367
-0.0524999145766508	0.022888116622185
-0.701776680472899	0.668734027964577
-0.382442287047023	0.300632747221643
0.715225937348759	0.473042073885128
-0.0986973993803773	0.0578388017623373
-0.322357048409649	0.192885269827093
0.656186995819027	0.467865512391723
-1.08235356605121	0.737311343952396
-1.32004047269421	0.825936249800549
-0.215815148052618	0.0695090074287807
-1.66928713365743	0.941180191290827
0.45396208599648	0.182233185169961
-0.973654493325781	0.480700453910481
-0.99207081095909	0.887617213230664
-0.672957398350079	0.530514885399104
0.0132613743030627	0.00674524024502009
-0.394950270361027	0.223419641939053
-0.942372929603374	0.57699834963199
-1.46733131471721	1.02299667747989
0.689454698113726	0.32235847389787
-1.46773908249111	1.02441670197518
1.46084540529166	0.91282274313099
-1.13363282793502	0.978170324323207
-0.778686719779655	0.423323038790168
0.526315700471702	0.457272914927638
-0.301486473443409	0.138481308496135
-0.781601375106703	0.425080681399984
-0.127546501669739	0.0716383183602753
-0.259156160545139	0.161572261811423
-2.10821106722251	1.61341144362181
-0.216906973772167	0.0698162939158413
-1.81230096904141	0.73434889647897
-0.234705745041992	0.117371316515034
0.163407014078342	0.0793650487555857
-0.724381910046542	0.247676943012395
0.451765865281851	0.181387363507285
-1.66943552132408	0.941042212637803
-0.334830546749113	0.0959542136262779
0.157971563808893	0.0296806747786729
1.07295619336325	0.519173572601639
3.27129205644114	1.12317050813274
-3.45228414088993	1.22181665198441
1.78466877115528	0.99643371601735
0.674015164989584	0.213380808783075
-0.621784192774111	0.151338791569665
-0.770121161697189	0.334518964448982
-1.7975657981284	0.379599665892429
-0.715368637354031	0.244333825945774
2.11869185323705	0.945764565994132
0.721677004899186	0.477585894519753
0.969815343166357	0.663233271698274
0.0156288367724072	0.00793697376884335
-0.789606708180076	0.5224856417421
0.450682179049603	0.326177682314791
-0.293250658093995	0.134334336884207
0.157731766097472	0.0765550396029227
0.189219093072983	0.117613404890942
-0.0646475272050057	0.039169820565011
-0.0436459281039227	0.0272215639865871
0.444073873433415	0.178068157695179
0.534955479672592	0.191660301050033
-0.144823047322186	0.0518259567182545
-0.766733199789823	0.33273995230155
-0.478364582789254	0.250448696614165
-0.482135529095856	0.252914306995921
0.161270223243421	0.0700164738141702
-0.767258704524236	0.332989408243179
0.552704121438587	0.322002054562832
0.804640133881937	0.640466555886714
0.151061641523147	0.0578640062767647
0.531600808944957	0.190452833446827
-0.719921406038465	0.24597629720829
0.0173046924446137	0.00872082049764688
-0.265492545849223	0.165972001885145
-0.0483207436846801	0.0211284345266539
-0.765393886375822	0.332069371790106
-1.98450374425304	1.38645073308772
-1.50922180218546	0.535188573690381
-1.07888630376062	1.03225263194783
-0.528114118864916	0.520549009860063
-0.0963429559334326	0.0771724703159048
0.191153318490894	0.157334855110574
-0.524989151221127	0.330178956977226
-0.408455438946528	0.380876444107121
-0.0952613816108974	0.0557825245327833
-2.10740704194582	1.61273937393389
-0.638056562932401	0.376509885570835
-0.177203840440672	0.0945959329770787
-1.507638227659	0.53431243522829
2.36264436384859	1.18001786124964
-0.514641699367006	0.194166196064157
0.400311922189316	0.181147776786172
3.64508196443781	1.43367348655271
-0.978608764460466	0.483261411479808
-0.787242183192757	0.520519294910476
0.00812047033523926	0.00421159659804913
-0.0901244381547352	0.052688638708151
0.330575429886099	0.216302445707213
-0.0715356521619111	0.0433938071688274
1.71040188598224	2.32084836175614
-0.311247572783321	0.185427856512411
-0.267041578387743	0.166814524870853
-0.0943137674963686	0.0552052635394958
-0.664981000945135	0.770314022765306
0.189491573913019	0.146554240810756
-0.339136742629042	0.0971078731889835
-0.148061494466894	0.0529339857858611
0.153519510388545	0.0519633960584783
2.12237275162321	0.948156957082224
2.12175361138722	0.947733160087778
3.64101793434512	1.43134239135362
0.193301166147879	0.163851983074312
-0.227392737717433	0.188025900813487
-0.89583147255183	1.48359178482092
-1.1515200746424	1.75502836759432
0.268162240624151	0.263072120056388
0.647523885734599	0.687455983207498
-1.02194301820446	0.403479228390162
-1.12881513859764	0.339906487322227
-0.14963161742207	0.0535180117666848
0.15467977779599	0.0592620304168656
0.154522476382716	0.0591526308317875
-0.386948793919818	0.160830154647546
-0.714755800696332	0.244129665196273
2.11842867036876	0.945672460079198
2.74299308358641	1.67500466204464
-0.831651280408607	0.996044111328545
-0.227427367526851	0.113430169254292
0.626911271323613	0.479234974403717
0.328826418746968	0.228821825568718
-1.26173119718892	2.07784663336101
-0.0982920306145453	0.0575701766887552
0.0792699912856439	0.0516841625234635
0.188415107226485	0.145630576886817
0.168739726587881	0.0820852039273271
0.297342716861855	0.225001086661364
-0.0927946661440408	0.0368619033883659
-0.52600289340352	0.198827346212531
-0.387921450068097	0.161329379903918
-1.12435877083653	0.338493350823416
0.173940988172143	0.0437550114519682
-1.50861948725752	0.534748868530857
1.33376743097129	0.581693904895938
-0.451596498231773	0.299488082011054
0.422389781717879	0.336952300970091
0.351809889529325	0.197378209021133
-0.232014787123655	0.115769806963663
0.515069053439673	0.32858016138706
0.316228342964243	0.218849856881513
-0.170925380261619	0.0911557014026681
-0.065731856808677	0.0398336363057698
-0.235779200895808	0.195985208431836
-1.23223588526496	1.14289769947088
-0.337924641037297	0.0968088152153293
1.46010735547628	0.483457516052687
3.93297854230234	1.72057752612902
0.676200627845659	0.214099921395796
-1.79763019308962	0.379603777700996
0.824451710034132	0.346189076295124
-0.0599840860057564	0.0363118257835299
-1.11884477654849	1.23110583278635
-0.0627550479978271	0.0459612863713601
-0.227547902880123	0.223672678576661
-0.37932067676467	0.329834432980927
-0.570680467942769	0.554713946922965
-1.12769593434811	0.339436368028373
0.157546606671046	0.0469737944802553
-1.79763019308962	0.379603777700996
-0.620903335937371	0.151058535991718
0.172385921068679	0.0433875285709768
0.159251072645633	0.0298673857617753
1.95793128711136	0.437766051086387
-3.75348509589231	1.47731393970503
-0.337924641037297	0.0968088152153293
1.95879552552655	0.437985228139192
-0.619895187822925	0.150839789138775
0.281780548067485	0.236711230129367
-0.501315590925708	0.261105643514671
0.536145192793524	0.192183675780863
-1.7975657981284	0.379599665892429
-0.2081433783594	0.0671265705604245
0.677716162542668	0.214611870267994
-0.908952287575944	0.661191508849588
0.203370582857666	0.16870634047626
-0.270150736201918	0.222711073570219
-0.614858255872212	0.681612064068921
-0.568520607824688	0.632887858937772
-0.283193848791704	0.254184338005162
-0.26512949448744	0.217975748574719
-0.140612034524352	0.110652955234853
-0.735713313959973	1.10187732087019
-0.429249446908521	0.329765505042091
-1.67395601600543	0.945887428047691
0.172385921068679	0.0433875285709768
0.529918814853225	0.189819007683608
-0.782748301838009	0.515933589049017
-0.0991392165791822	0.0393103762506958
-0.342335088039871	0.301005170479669
-0.635351077641765	0.613604838684589
0.403017689363334	0.182433699553409
-0.383008765826416	0.263272643322082
-0.233869084454057	0.116845734574565
-0.431991909432327	0.332369574122219
-0.222322600189911	0.144100283446963
0.281370010824632	0.228279853673491
-0.876891022709327	0.806360786829616
-0.543093346258338	0.568219642775076
0.405789390432357	0.335701807220097
-0.778583745700632	0.423527624355265
-0.778972040006416	0.513567385472581
-0.237434665298308	0.118763057601119
-0.781280731212331	0.51482975434628
0.531842440037686	0.190461843261247
-0.600630581670062	0.287558551042911
0.333644710646216	0.218643921406952
-0.37799995228097	0.25920340279181
-0.422978215909933	0.323823218527874
-1.08594717254364	1.04313898594111
-0.126676032058377	0.0711402132767034
-1.33062819906048	1.09556628490187
-0.60491192937513	0.290190935381882
-2.57447078703937	0.657780381714024
-1.1630859389665	0.651236557013698
-2.07512110207779	0.943026019639929
-0.760807272494548	0.329735999789933
0.159304296973707	0.0474668185471716
-0.338530582329419	0.0969729638077002
-0.765393886375822	0.332069371790106
-0.78417530708183	0.600430280922267
0.166549099291362	0.0494747307612768
-0.0450158155621674	0.0197330346533437
-0.142507623970632	0.0509830514288717
-0.349223570170638	0.0998902155798753
-1.50922180218546	0.535188573690381
-1.51336055363438	0.537061579976289
-0.523336979122945	0.197729833142044
-1.79763019308962	0.379603777700996
-0.307434401896279	0.182815277418844
-0.108051460348409	0.0769660273849357
-0.631780219300606	0.608866928951282
-0.309229518240064	0.274531984122298
-0.0316969285515528	0.0202756722151077
-0.561286518681947	0.406454068809163
-0.611848390823166	0.820368483540368
-0.104996200439306	0.0746789331899992
-0.279873194500221	0.202372868476835
-0.501074477398724	0.459432790130173
-0.901204090123479	1.1371283113576
0.0909898968672409	0.0665877538965804
-0.216182835935801	0.163169310028914
-0.383264755825109	0.263347691343298
-0.779590598660197	0.339532340271153
-0.143032414577135	0.0511652128088558
-1.27058543435475	0.570282948025638
0.14975829663456	0.0573602319285313
-0.088956061212454	0.0353722813966378
-0.57157925578835	0.555922254180314
-0.278729616820894	0.249507159697914
0.583604510872696	0.467841357626665
1.07584714269141	1.25758751570587
-0.216429729985828	0.163393579514161
-0.887061945713346	0.734484866812088
0.655315336479835	0.698790686404707
-0.491920802455238	0.448522852506129
-0.0400384093485083	0.0249890123467622
-0.65311812084824	0.676975061100326
0.320045489152201	0.221780077968395
-0.340107395831878	0.0973408882698726
-1.12825544522804	0.339732258677114
1.04814515184759	0.396350090350494
-0.334830546749113	0.0959542136262779
4.38572865870634	2.27686865818088
1.33916167979563	0.584947246381148
1.149893517529	1.18434437166318
-1.21624681128036	0.916956843320523
-0.594544832663751	0.73130651611953
0.402797403611986	0.438547628459978
0.286204731012882	0.240997506024616
-0.589231604506979	0.477559468958693
-1.48605219904784	0.749344647432863
0.675591354383564	0.213968352567141
-0.771691513742003	0.335443022402567
0.959294652844364	0.254663957360155
-1.12881513859764	0.339906487322227
-0.293397599090539	0.237284813222325
1.77316508402474	1.38744653148971
-0.767022641863621	0.33272570428858
3.64204563210395	1.43174087144813
0.157546606671046	0.0469737944802553
-2.2810953281991	1.14943078672657
-1.02528166510659	0.404871817618433
-0.174904640114297	0.0934227718578892
0.191996299649388	0.126321282917548
0.55566573825055	0.568865861963093
-0.869585533637466	0.871218055509496
2.16277399253304	2.24728143380697
-0.0892738099211194	0.0521864814805278
-0.154464807704485	0.119525646006471
-0.710360103956017	0.727707325098333
-0.882647517853271	0.73017173313436
-0.964733444219278	0.94668475653056
0.191681865162274	0.153288177215041
-0.0236796987630319	0.015416931029414
-0.906394752807064	0.659156820004785
0.610402426636715	0.320086559203591
0.392184862421165	0.177219357884339
0.165846628397454	0.0720412669141416
-0.401068985020831	0.167301289678898
0.150557767950342	0.0653114993770087
-0.216812313149898	0.140212995913711
-0.477553857346288	0.565600174687099
-0.786518363672531	0.428771572231935
0.357673431960149	0.20137242619415
-0.280316314477115	0.202901985543653
-0.878315118294085	0.808790103680651
-0.709756981160558	0.726557349897398
-0.0679979300623857	0.0412116647036752
-0.478064202550531	0.405626259870799
-1.65992803023375	2.06412448232872
-0.976881419640825	0.483030325152663
1.06552204179651	0.514193876521475
-1.4866453190493	0.749741297142212
0.159251072645633	0.0298673857617753
2.12175361138722	0.947733160087778
0.167164301060576	0.0496616909525181
0.958855818540361	0.254543321351908
-1.08716971383632	0.742679200961319
0.402194953690068	0.182009168056006
-0.858081780472531	0.921141725073499
1.25744162150783	1.39435419679099
0.112036683251187	0.0902678410162689
-1.43497483203449	1.27682773541616
-0.393420370607224	0.163835415649594
-0.620903335937371	0.151058535991718
-3.45172595803352	1.22146685013561
-1.81766723004699	0.737367259253776
-1.51887413840601	0.539249413623567
-0.61946410648704	0.150698865008898
-1.81139863683783	0.733838743939283
-1.27264921265823	0.571489965817473
-0.719307886400812	0.245829792820617
0.168354166613062	0.0424807140134561
-1.51433726696095	0.537497293520418
-0.976810125727647	0.482380932386852
-0.620903335937371	0.151058535991718
-1.79763019308962	0.379603777700996
0.149343352412898	0.0572413008351171
-0.77688261155742	0.72698696417977
-0.377290983580698	0.258361728821103
0.184115195495189	0.137059962484307
0.0113891041352853	0.00584217750635241
-1.15448064522581	0.644363645738467
-0.143475566051871	0.080951302106314
-0.262559233261459	0.163871397395718
1.36792712563425	2.11626577626045
0.192681209238216	0.138765159571066
-0.859132898486766	0.856358832450379
-1.07186214524567	1.34516953070155
-0.720565856547186	0.832080767714344
-0.193868644762561	0.149094345645898
-0.334245801127394	0.292425743508801
-0.239751158666894	0.176913232228509
0.188726929944767	0.117338301252404
1.13733535218765	1.03039327151134
-0.0967750343232897	0.038422579517762
0.0169655920526265	0.00855334233827358
-0.0177185133593223	0.00833310884475783
1.55026489676224	1.34187029044503
0.85169196254575	1.0100992366301
-0.317347173302871	0.304092062817059
-0.562629295680729	0.722016879485964
0.47554606609364	0.454547450123275
-1.30427977950779	1.93145257664529
0.421210824260098	0.440812379800221
0.437431561320389	0.43650987667745
-1.30357615543999	2.34954698763523
0.294157659953901	0.231563974461375
-0.407581398033154	0.409913244368272
-0.0454600060672697	0.02836350138533
-1.12781381973937	0.339579374120096
2.75704467106166	0.766025498669684
-1.12669343566207	0.339109154533815
-1.12669343566207	0.339109154533815
-0.620326325745573	0.150885642821786
-3.07750490916701	0.956880231933195
0.177149253199859	0.0950529688747315
0.451765865281851	0.181387363507285
0.0579093843565467	0.0460843982764208
-0.0459657587951079	0.0341182243523401
-0.168138434368774	0.111191076759861
0.499925602864577	0.447984861193731
0.692532404089303	0.323793911411476
-1.12825544522804	0.339732258677114
-0.724110175343364	0.247660897147714
-2.57447078703937	0.657780381714024
-3.75718934185265	1.48017499214909
-2.57447078703937	0.657780381714024
1.95793128711136	0.437766051086387
0.173940988172143	0.0437550114519682
0.176253051776925	0.0442319878724308
-1.13282069800183	0.341231258763963
-1.12769593434811	0.339436368028373
-0.391548460852062	0.162837516757791
-0.563451099724691	0.408406352259315
-0.302017183338254	0.138552986425589
-0.526948756654176	0.437321364230575
-0.520247337760647	0.196503376535909
-3.07793266340176	0.957013587093989
-1.15685185318578	0.646687914907679
-0.140664820076309	0.0793168414946041
-0.433141309121546	0.461297056657944
-0.341968105711198	0.300637418504653
-0.278894683709576	0.249595740972926
-0.498166748330645	0.456098778636635
-0.474787876676809	0.505950959195159
-0.123319424601991	0.085934069424664
0.356778454856881	0.200788621311249
1.05103344473319	1.11323762340462
0.168363680954381	0.0819772319956166
-1.16437555319867	0.652129915424744
-0.0895345284913039	0.0523299449064814
-0.901387231630594	0.654334742349626
-0.551101956101936	0.579236399478295
0.190362605123022	0.142261006687552
0.0131084213279301	0.00919576232298437
-1.02760075312359	1.58771726505632
-0.337715695405586	0.341165026657012
-0.0563132841636973	0.0411350775598656
-0.868780195882084	0.87021273393576
0.0782776779088554	0.0660422092158645
0.0243307006014944	0.0169667995840016
0.164276079812026	0.0798177960946877
0.159251072645633	0.0298673857617753
-1.7975657981284	0.379599665892429
1.96141436018454	0.438711417164155
-3.07750490916701	0.956880231933195
-0.212700860727539	0.0685566980358174
-0.604458749673287	0.289930015833069
-0.781337555185453	0.846415358151367
-0.565340799078909	0.700748940716282
0.461584746610841	0.437687582604891
0.0425219919948179	0.0233214279389394
-1.50573496603534	0.533703959061235
-3.07750490916701	0.956880231933195
-1.7975657981284	0.379599665892429
2.7590679263751	0.76692961097815
1.95793128711136	0.437766051086387
1.95793128711136	0.437766051086387
1.95793128711136	0.437766051086387
-1.79763019308962	0.379603777700996
-0.620473624670499	0.150917804175241
-0.724110175343364	0.247660897147714
-0.72272220028549	0.791864090043686
0.620648279275011	0.582727862108435
1.82912964257087	0.714770179842855
1.09335369154507	0.674096094121315
0.141779303807395	0.125114235144049
0.270118327258016	0.277515473154514
-0.236934672153841	0.197189101112323
-0.495495031681655	0.557636359533527
-0.313758437536345	0.36164947055675
-0.637666937704263	0.61598884148838
-1.51433726696095	0.537497293520418
0.321495968048687	0.223067227189218
-0.315436810775365	0.188345851178978
0.146697799928239	0.05624557950683
-0.568946548788064	0.413644463039213
-0.579620788864539	0.597667121833806
-0.572463006703846	0.739589753550195
-0.291926513746017	0.321186800867422
-0.266723207550212	0.242946381679486
-0.0394970140624191	0.0328444353949612
0.583466591848987	0.660794744246438
0.0929143968862887	0.0658275551504779
-0.442204301712636	0.441803863876961
-0.739343286554509	0.906407104809963
0.103303742398775	0.0783862591512816
0.154739392019823	0.0671954244075873
1.46498308680977	0.485505347800691
1.95879552552655	0.437985228139192
-1.7975657981284	0.379599665892429
0.159251072645633	0.0298673857617753
-1.01738053439372	0.401259074889294
0.0116192205652788	0.00590796343888767
-0.865234943940159	0.932184284334676
-0.279402423844034	0.267131378719066
0.388144216015428	0.331512160411252
0.0385707170240855	0.0211647544568025
-1.7975657981284	0.379599665892429
-0.625630686390319	0.152156798395567
0.960305402281055	0.254935680101795
-1.7975657981284	0.379599665892429
-1.79763019308962	0.379603777700996
-0.67474729735945	0.533198062025707
-0.0651813918217525	0.0477933226949216
-0.672570183922608	0.530825693656826
0.190926172101505	0.125495871830166
0.0527732161837517	0.0418743895044415
0.495663706573634	0.553747613887356
-0.561249820539387	0.622095935435239
-0.47423922673007	0.468149322793816
-0.406091184234525	0.378136173666093
-0.584190202380443	0.572201212157751
1.25427250072946	1.23721708346467
-0.44910153198912	0.297482918802101
0.158796238669738	0.0689180796198543
-0.232220749091073	0.116051608239392
-0.462708134981816	0.389581418582908
-0.784465543816481	0.672995006286902
-0.608023869840645	0.671371307764087
-0.775119843045141	0.836874855739654
-0.974400752452233	1.22340148188784
-0.474031059690043	0.401620437664883
0.104897123355977	0.0746993927548211
-1.34911584840473	1.73656386545356
0.958174393739157	1.17215547891316
-0.420293243628382	0.360520966723533
-0.308786568029498	0.274128058287718
-0.618767005982381	0.552500048355265
-0.600741526398751	0.288017415152083
1.46597699067366	0.485748477491111
0.154392805413983	0.0522705690038812
3.6399901361893	1.43067029650081
-1.81352302981117	0.735065306555984
-1.12435877083653	0.338493350823416
-0.620473624670499	0.150917804175241
0.169276668042905	0.0502222390274525
-0.786610180536972	0.519328044578801
-0.207526193388537	0.155910489105956
-0.148078314568499	0.100949741534581
0.688726779059871	0.601305620410733
0.174097897600672	0.0933209090081525
-2.57421277656498	0.657506382974291
0.159251072645633	0.0298673857617753
-0.624183598429151	0.151840837481169
-2.0753802672603	0.943149552788195
-1.12949217626836	0.340258306499887
-1.81705516328656	0.73681238944662
-0.667844188805455	0.525676458533168
-0.404447021762745	0.168850255009587
-0.335760712530013	0.268134410763183
-2.12065833174529	1.63480075491623
0.956455214607419	0.253949648163622
-0.600870734671982	0.288140830966771
0.422585917570443	0.430240704239644
0.271582662823997	0.26071844539744
-0.0451915677834296	0.0335316548218634
-0.434418334643685	0.493292057055242
-0.295478162702509	0.239342057025393
0.862642636000919	0.638692988783293
-0.722881564981813	0.247143842823858
0.95837187413041	0.652063479834546
-0.231528212405122	0.115526672922655
0.184214167117777	0.120794098453336
1.39864240917	1.89590841490453
-0.315226841276106	0.320860793254745
0.119475906440321	0.0914999836443617
-0.707088103543254	0.675606128145311
-0.625419581973475	0.762559125049202
-0.308970070448935	0.294231620775523
-0.304233181495007	0.269303272593857
-1.2058039177815	1.40778750961626
-0.555911025286761	0.613967918030311
-0.710256651413549	0.679257828404806
-0.944535803789348	0.579288775271552
1.95793128711136	0.437766051086387
0.158989511121608	0.0298299152293259
-2.57447078703937	0.657780381714024
0.159251072645633	0.0298673857617753
1.96141436018454	0.438711417164155
-0.483075369337937	0.253353313408851
0.16218945702731	0.0704844329676158
0.19650463089064	0.166932523722515
0.281020969863511	0.257942998189191
-0.146162239283921	0.0995289619479468
-0.867694140936654	0.794421493111421
-2.57447078703937	0.657780381714024
-0.620473624670499	0.150917804175241
-2.57447078703937	0.657780381714024
-1.7975657981284	0.379599665892429
-0.394390624704867	0.164250264991667
-2.63109038047092	1.6083756572229
-0.342256980747965	0.274510182596338
0.0713246851915658	0.0463917282328825
-1.32089291246045	0.826600884159341
-0.776215376215321	0.337902876111722
-0.0732633597345629	0.0538919851769288
0.54852954508253	0.644669257679837
-0.0177304962255006	0.0114360770904192
-0.494667681688987	0.371549482183322
-1.66596247599222	2.07771937159174
-1.9807358325009	1.38253510667972
-1.7285349842956	1.88904037756698
-2.91367256577609	2.15789119497214
-1.31627088138507	0.823080733665409
-0.993093291107917	0.889409414594276
-0.383837220968439	0.334708050989369
-0.680885950703205	0.833222425888904
0.101929512022216	0.0929903895021338
-0.200609655626763	0.182835350838979
-0.239945289164687	0.219776902403675
-0.450696878783318	0.416549227203788
0.0203126195023536	0.0171846533506024
-0.078675231172644	0.0636111184646199
-0.660328757303871	0.726004608527095
0.196032265243966	0.152189004354933
0.16323818852145	0.0485873708307168
-0.624623675797245	0.151937920429117
0.16190498991222	0.0302625824147867
-2.57447078703937	0.657780381714024
-3.07750490916701	0.956880231933195
3.26835783601252	1.12163011968705
0.827869862391494	0.347914518409003
-1.08455380056193	0.738719768895141
-0.644853420098504	0.861106831904113
-0.0605005494827378	0.0492765613071882
0.930713480628605	1.24063987106184
-0.123215857009042	0.0691302194322399
-1.79763019308962	0.379603777700996
-1.7975657981284	0.379599665892429
-0.620473624670499	0.150917804175241
0.154259314455831	0.0291924198815566
-2.57472877667238	0.65760345889815
-2.57472877667238	0.65760345889815
-3.08203891306948	0.959069086853276
-1.27383344507062	0.572359048200157
-1.13548272136003	0.980001941319324
-0.0804901789007557	0.0580721664287678
0.611162043986666	0.320561068644456
-0.232886009386117	0.11620659630081
-0.479658017178707	0.251392286509559
-0.355108848406064	0.363052212991385
-1.52992910594589	3.22884260292451
-0.469263214668017	0.396605752456293
0.659158179414207	0.599817871429407
-1.2132035847955	1.41968934229508
-0.605024534360059	0.290432100247384
-1.02365896316743	0.813349517195382
0.171666343186948	0.0835512855206695
-0.488872020254673	0.257057077061288
-1.32033866824965	0.827528294710392
-0.176350958379582	0.117120500381976
0.0321376755412332	0.0177316471600339
-1.4411059171192	2.35094478418214
-0.0513825511183644	0.0389112410986345
-0.634530148332517	0.612441232252508
-0.839309828612796	1.06500857854774
-2.11143205918737	2.94629003221677
-0.25275132176197	0.187824545475133
-0.0720678908487087	0.0518222026788013
-0.146127406382624	0.11541802180473
-0.215345546769583	0.139194765366348
0.951724523631597	0.252769110062367
0.956455214607419	0.253949648163622
0.963167670198133	0.255599708567411
-1.79763019308962	0.379603777700996
-0.153523488046706	0.0548736888802764
0.155654248259732	0.0596277325693144
0.364139520988915	0.184303200883221
-0.998085170532585	1.18981275129257
0.375802156601258	0.330805742119648
-0.262939139744326	0.164223142789837
0.00606721102248752	0.00405236854324507
-0.2161612848291	0.0695736762343304
0.17294827606403	0.0435260072159332
0.168354166613062	0.0424807140134561
0.17294827606403	0.0435260072159332
-2.57847696185857	0.659529736545688
-0.597354684458492	0.486338408179297
-0.0162825286866362	0.00769110109292847
1.15144067348096	1.18754289285392
0.699436096343655	0.613751613230834
-1.02124296909823	1.14539128170779
-0.344979207136255	0.277088153104597
0.0321376755412332	0.0177316471600339
0.113212200569375	0.0864200530237758
0.122362140418419	0.104121296351629
-0.360671589454493	0.447908012074247
-0.993650170401841	1.18109944811489
-0.0998620985736747	0.058533525015321
-0.564311125675529	0.546468635086122
-0.767107021042827	0.333232077374457
0.153784739713925	0.0666752947243333
-0.3395018260887	0.0972061822975938
0.360383082520801	0.182278834588696
-1.08609124309513	0.740294051765357
-1.43898808251863	1.28430130666148
0.0915216606821273	0.0648018491031353
-0.0253412803999636	0.0162132301877952
-0.0471103456571956	0.020614207007586
-0.875885177005731	0.879830029086019
-0.00674848399055508	0.00337248223522128
-0.779959587132644	0.423984206840833
-0.438999978766923	0.28962363002285
1.78003731160956	1.8260364497878
-3.02790395579569	2.44047024461077
-1.33336320039367	1.09887423213281
1.95771872346874	1.22110536699156
-0.0492553063669846	0.0215229817396632
-1.0213509823134	0.403162852904808
-0.510081330649407	0.192291753047741
1.04096305100241	0.393348131713795
-0.339623607104268	0.0972733866332868
-0.482204223607423	0.252937951588087
0.153371638041646	0.0664943743496965
-0.228194333360949	0.113818578445306
0.555429454206339	0.324148639297052
-0.143328772936503	0.0512579162321514
-0.600741526398751	0.288017415152083
-0.480351773162757	0.25138863106335
-0.149390704801257	0.0534113782231424
-1.12669343566207	0.339109154533815
0.531954615713782	0.190517989079214
-1.51540051100815	0.53784570711347
-0.698161396134598	0.663596567900504
-0.0930339817058886	0.036924111285618
-0.988683068800842	0.88400287611726
-0.445733464799112	0.294994507260242
0.0479421867966674	0.02815831142686
-0.127196852943624	0.0887948704939593
-0.121030197830203	0.0679003830260365
-0.246287724003061	0.182456833354966
-0.735571118264973	1.02294441704517
-0.423494425113244	0.477467666756604
-0.22675342406309	0.172175329742976
0.316965961835077	0.231136598657497
-0.315663790044456	0.188442484078985
0.00559454312860922	0.00374035231698844
-0.0401976813984133	0.0250820886641262
-0.216900861291041	0.0698804747706956
-0.391154962791198	0.220715009007784
0.675232747867266	0.213789953820415
0.401740165398797	0.181802373833579
-0.392522798802531	0.221791990954038
0.812815947694474	0.649501837723057
-1.09458118588454	1.29344626960658
-0.784643334084855	0.952966340578781
-0.777801136113071	0.665165853383345
1.25390078847077	0.87175698290806
1.13042884486701	1.02148673069776
0.393833600952573	0.178083500661624
0.333674793791239	0.203145400402774
-0.473312389479945	0.247383525506568
-0.605365274094376	0.290428903582208
-0.445312327296955	0.29429565237822
1.25260342104901	0.870038366443705
-0.517825107309169	0.195474359908123
2.11784059999101	0.945083067174483
-0.0943190238643748	0.0374192018035695
-0.720453666514924	0.246264037870489
-0.772215387166699	0.335672015423012
-0.387593148133725	0.161202448597226
-0.0198065572404132	0.00928330154942288
-0.151529657472399	0.0541340549515787
-0.0717761257977982	0.0435237380592968
0.0396066462591288	0.0217540837228984
0.614123131486681	0.322701852906607
-0.791422065499544	0.431992776757359
0.17294827606403	0.0435260072159332
0.164738242561747	0.0490009495728858
-0.61946410648704	0.150698865008898
-2.57421277656498	0.657506382974291
-1.51077756850784	1.70062822539477
0.177686959320755	0.103259665007424
-1.02359505626631	0.404284816719155
0.169090884542785	0.0904448014555829
0.756344393661219	0.744048782721039
-0.0351164141478047	0.0219435630626261
0.462449402573185	0.336676327036689
0.292475547001245	0.238824382146733
0.0249315009382524	0.0125446390441224
0.583518299107706	0.468262743041589
0.294573892696075	0.24930324296168
0.286500589338021	0.23317166014205
-0.290387301286465	0.211233192494214
0.0637643371642094	0.0395210594547554
1.06214611876241	0.512522872891445
-1.46483406354324	1.01919104323897
-1.28278352985813	0.577273676015423
0.520426454950267	0.332888648100193
-0.441714935607388	0.291873874186682
-0.782911091066493	0.516172757091797
-0.524544436705788	0.434978989154979
0.511999141736648	0.441379235616636
0.410530115909505	0.325371515847396
-0.635927576138993	0.614327549248925
-0.630817507672199	0.607426572669326
0.0512086434854973	0.0300598151119962
1.13600108110153	1.0298975843747
-1.16147841344834	0.649977688165089
-0.5304486437313	0.33414708814117
-0.679005880110519	0.537329657261933
-0.0987641136780955	0.0391673623108337
1.57162700882952	0.779006210019572
3.26835783601252	1.12163011968705
1.95793128711136	0.437766051086387
0.959865181244613	0.254814612498812
0.158989511121608	0.0298299152293259
1.95793128711136	0.437766051086387
0.169716305623885	0.0825768800306576
-0.478829626655498	0.250698129625062
-0.690126773704835	0.603467513048351
0.183588510296159	0.113930471922844
-0.977847249321332	0.483702312796229
-0.477092975017433	0.249695453759264
2.75805496536761	0.766752929661107
-3.07750490916701	0.956880231933195
-0.337924641037297	0.0968088152153293
-0.620326325745573	0.150885642821786
-1.79763019308962	0.379603777700996
0.174933567082256	0.0439573605408891
0.955450516302873	0.253599562429476
-3.07793266340176	0.957013587093989
-2.57421277656498	0.657506382974291
-2.57421277656498	0.657506382974291
-3.07836047129561	0.956774727997911
-2.57447078703937	0.657780381714024
-1.15967704687766	0.648564334010049
-0.526646858238952	0.331712221151812
-0.708111237207925	0.676885540271029
-1.72217974168898	1.87552775631798
0.488195840527869	0.45275195204824
-0.447977369355989	0.296850351262248
-0.396231405174348	0.165050944203962
0.282802353622524	0.273650559054945
0.548202703740416	0.644055350966988
0.684950635769594	0.712942966927826
-0.1256882562875	0.07060950609241
0.0228804836508926	0.0159675807768239
0.189284217136269	0.141300159698209
-0.33413124440321	0.315062452284808
-0.236455958311387	0.210956668709828
0.377195755883154	0.432061261974595
-0.632802281206573	0.775256419132791
-0.188622084334761	0.1258952629078
0.14225984643312	0.048276590694151
1.77835099284485	1.39712129011403
-0.77844633239779	0.512745760188357
0.171516879278819	0.0919322204187532
0.0511216864080294	0.0300170463496186
-0.0804057080436448	0.0650879956702777
-0.503136769295712	0.591542093365634
0.0225756661115419	0.0190926326482674
0.0667778213618791	0.0546726710997006
-0.11211516349289	0.0888155829089097
-0.326150664870885	0.259110412096508
-0.439464289151018	0.438040457159973
-0.0640161680659146	0.0458683635353025
0.0766044391150782	0.0519928574311219
-1.14662899275559	1.83599045265346
-1.59535714834397	1.22500370248252
-3.45172595803352	1.22146685013561
1.46209127003869	0.484377128190959
-0.216657809109618	0.0697687117469907
-2.57421277656498	0.657506382974291
0.956455214607419	0.253949648163622
0.957025852492456	0.254006696314478
0.153830475350601	0.0520893555087474
-0.976477680784882	0.482246433333351
0.0393355809278203	0.0294453475070917
-0.724378197808513	0.838259943634976
0.07352169548996	0.0478218810431102
-0.047974491399514	0.0209785835113129
-2.57447078703937	0.657780381714024
1.95879552552655	0.437985228139192
-1.7975657981284	0.379599665892429
1.95793128711136	0.437766051086387
0.672560905238846	0.212860180111741
-1.12781381973937	0.339579374120096
-3.45284250285449	1.22194559695964
1.83009713438939	0.715173729277155
-0.338530582329419	0.0969729638077002
2.56175148535099	1.41796411150441
-0.33816613121491	0.0968120886418528
0.173940988172143	0.0437550114519682
-2.57847696185857	0.659529736545688
-0.301484640154937	0.138438677776884
-0.338291342092883	0.0968475173314605
-2.57447078703937	0.657780381714024
-1.67160988309846	0.944108904263923
-0.0952148921643425	0.0674146578748419
-0.488777123471143	0.366132520362604
1.06458805702271	1.13468130754261
-0.397772997793488	0.165887368876099
-0.767627978905889	0.333493259572062
-0.578371604796662	0.421975488857917
0.14084521486836	0.124245136192492
-0.0736109117211647	0.0593288156995554
0.191805810006173	0.138052145459561
-0.631869092231028	0.37229935584643
0.667548022037988	0.477955994780102
-0.641082995832641	0.822259768036201
-0.172712917816644	0.148491991318574
0.194179331945577	0.145410071024972
0.281100711398073	0.25101191014019
0.479986566607273	0.530904351125326
0.992730092813317	1.09072411119808
0.553702762203917	0.322359142873941
0.167401482699092	0.0895964673881344
-0.673036355952952	0.530733959591838
-0.22791667628394	0.11367905436001
-0.294096333048405	0.134768383543356
-0.03108850563584	0.0198879645699591
-1.20302278747636	1.78185652129235
0.385818796674208	0.341596751754461
0.282114803476479	0.237031863727443
-1.07157946888548	1.53539044241528
-0.2580101634403	0.211186664358228
-1.22653823840999	1.59271727579085
-0.789546881567821	0.80284370388412
0.0866690764229039	0.0612232274663721
0.354981766981691	0.32958967259505
0.175568533434196	0.108539206266464
-0.61946410648704	0.150698865008898
-2.57447078703937	0.657780381714024
0.171707889808857	0.050888867940594
-0.337318918589577	0.0966140796949229
0.950720958067184	0.252420162622268
1.83320872066104	0.716809839835328
-0.212452220411149	0.0684629276040467
-1.21461271061746	0.915276896813071
-0.198103682937119	0.18021673225684
-0.0814131147450603	0.0587689853001664
0.867313371546713	0.796938567512589
-0.184518301684498	0.122979322184386
0.828430976330302	0.348196975987414
-0.620903335937371	0.151058535991718
-1.79763019308962	0.379603777700996
1.95879552552655	0.437985228139192
3.6399901361893	1.43067029650081
0.15823182603157	0.0297179405544109
3.26630303248094	1.12023058934939
-2.57447078703937	0.657780381714024
-3.46146192307772	1.22662947407805
-1.12379649940684	0.33819735561451
0.16934280349587	0.0427080042196444
0.174933567082256	0.0439573605408891
1.0418455851348	0.393863567086238
-0.337318918589577	0.0966140796949229
-2.57472877667238	0.65760345889815
-0.531682200119904	0.335500326426976
0.164738242561747	0.0490009495728858
-0.518947990401155	0.195906357411418
-0.216063671871124	0.0695794401283131
-0.638421302017408	0.377387128784033
0.452569065982633	0.181732592483672
-1.8181751891671	1.65062638809423
0.0554635394849643	0.0325645632753809
-0.451366432305957	0.45346321592805
0.186560287473708	0.122430092192225
-0.779680998707387	0.895274084413073
-0.186713179559596	0.143118206218363
0.192820858288966	0.144295719934876
-0.89124331817769	0.740072365135479
-0.0253960988886986	0.0190706422516353
-0.205799663508369	0.20287598080081
-0.948852656029193	1.51463084231198
-0.983879924790623	1.24095858353263
0.17473277337686	0.108052585931486
0.0804689456521456	0.0546897252294048
-0.0812532120483912	0.0586510061582095
-0.15747414793791	0.122066970222961
0.0120037980455166	0.00614390515825374
0.674094646512685	0.484143317528676
-0.387654993279871	0.218867988881599
-0.390212495301167	0.220497968018725
-0.318220630999605	0.189920879651851
0.48602004427301	0.333630847043499
0.534196334570416	0.466110043220614
-0.704191011727894	0.763011170534096
0.51834939946892	0.448299685739346
-0.152989740758081	0.104503456953239
-1.54044115142558	1.48077428496453
-0.23249995718918	0.115993240790635
-0.777412378694183	0.422523546460781
-0.998165408358793	0.895866874874468
-1.13387838470442	1.25661315415836
-1.52995131946576	1.46259350191854
0.170374118513698	0.082898239123444
-0.797735265282844	0.436664972147764
-0.51356584815166	0.19374765811596
1.2831280307238	0.708466124862391
-0.767338705284597	0.333241188309476
-1.66977405471177	0.941653997896714
-0.617055950695462	0.150241664375452
-0.971865552497924	0.479481580527733
0.315573565620844	0.21810187958635
-0.782084510892567	0.598332327540343
-0.636083543081068	0.375383856708189
0.801931522733492	0.638447835559746
0.335899398213065	0.20494277673178
1.26206159459422	0.881909742627688
-0.395576056680887	0.164799016115278
1.03878889357161	0.392361575468581
0.158426007238141	0.0472279903538101
-0.718417185790278	0.245411018109158
0.140912236547642	0.0541006754427128
-2.06444769256084	0.935935080561358
-0.625630686390319	0.152156798395567
-0.715368637354031	0.244333825945774
-1.13238809108681	0.341172314702962
0.679655237519559	0.215244174521264
-0.714421718032391	0.243912186782782
0.172643132163515	0.0434132410698589
-0.517006318957255	0.195147442742932
-1.28360592091245	0.577973343301217
1.95793128711136	0.437766051086387
-0.621333103088639	0.151104040920032
-0.516445778893015	0.194901695063007
-0.710476450158988	0.24237135384989
-1.21400411290419	0.915613556345075
-0.973169059064484	0.480406925756106
-0.446284132552019	0.295414746259561
-0.483017021091847	0.253044587728059
-0.762663850038628	0.330792072538344
-3.13349310220564	2.72595907011725
0.0335266013595565	0.0184427314465499
-0.525862548136357	0.436356312407818
1.15834109346509	1.32127439328436
-0.498446392936115	0.456082666557128
1.04665020030324	0.395956904990197
0.187993671369463	0.149965541888124
-0.680801188274115	0.539291395534228
-0.559766696194764	0.405066949151958
0.129147843875239	0.110463001233879
0.424765074408271	0.43312532918471
-0.156920925939678	0.107408381664002
-0.832249285062673	1.15482426457326
-0.0959228697286035	0.0561190988371199
-0.524369690946021	0.434523060204957
0.277784131527841	0.232748242094881
0.184067845839173	0.107083277374765
-0.772504008904122	0.335703249013588
0.161404916560829	0.0479527859441183
0.857144470300115	0.784200532435883
-2.43989878167778	2.38734352296894
-0.640826385078618	0.379112834832253
-0.129897906333576	0.0908008475127591
-0.375100795860109	0.256880157030771
0.799985602343469	0.635936625027127
-0.859546606382768	0.855946867270292
0.338464244069583	0.20643365459669
-1.21251751093024	0.912164444112916
0.716899841541313	0.473873431758061
0.857050972218784	0.783867126297321
-1.5439669557648	1.48647172605677
-0.635624820213033	0.61394494068141
0.0215361428371472	0.0108720053015531
-0.145188694651096	0.0519110223666838
1.57722144544452	0.783207973163534
0.17294827606403	0.0435260072159332
1.82495557630994	0.712549465993881
0.674015164989584	0.213380808783075
0.149173995582458	0.0505642485186703
-0.0928698189527956	0.0369039896605711
-0.0129109393740119	0.00614568879390797
0.0680939775291733	0.0422497619257434
0.468340351830267	0.341651733533641
0.447260253231223	0.343225664289435
0.191319294286014	0.131867457742322
-1.02730920175823	0.406112820022134
-0.337924641037297	0.0968088152153293
0.159304296973707	0.0474668185471716
0.17351044503084	0.0436385160120603
0.174370024960364	0.0438183729016174
-0.620473624670499	0.150917804175241
-0.514641699367006	0.194166196064157
0.678327026073525	0.214743904761834
2.75805496536761	0.766752929661107
-0.222038342595648	0.0714812050319378
0.162352652580513	0.0483303505238246
-1.12725353624624	0.339405023147411
-1.02338521131779	0.403987205196149
-0.144137039360479	0.0515503896111279
0.446913247781489	0.179197436924564
-1.81139863683783	0.733838743939283
-3.45601360105774	1.22364277502153
0.154230433238886	0.0668711002687059
-0.51438298636481	0.194118813219938
-1.80127875869	0.380587746892248
0.162601039894696	0.048342621442819
-0.513824129140511	0.193894300368019
-0.60574529374761	0.29060491643883
0.554477658586608	0.322838288218378
0.0193987652227923	0.00976172597533054
-0.676480358904396	0.534964335263558
-0.245176542367626	0.18149706702073
0.878493765376673	0.654542919140404
-0.0872831057017958	0.0347155455013533
-0.861811235337853	0.859368235375734
-0.0933656335992959	0.0746958641627193
-0.220885830049939	0.181864944809263
-0.0646475272050057	0.039169820565011
-0.455210875553873	0.30246151941895
0.557378175560218	0.325555225866453
0.46969170283732	0.343162541132601
-0.21750140385887	0.0700056929839968
-0.391710846289378	0.162959857875505
-0.0928698189527956	0.0369039896605711
-3.08616775699942	0.960575893787374
-0.340107395831878	0.0973408882698726
0.150571240221929	0.0576776917123369
-0.944465253997891	0.579286928609055
0.108361107915695	0.0799775807486703
-0.235404110396205	0.117590844592215
-1.15493222856652	0.644810614180077
-0.0496563679962075	0.0216916030653625
-1.48995591501932	0.752588622442683
-1.0315123105195	0.407955460099883
0.696311716242858	0.326002755913493
0.160731755634279	0.078173637439675
-0.0162904074573371	0.00768077741519298
-0.327840761886481	0.231785388169078
-1.08609858626083	0.742248830558923
0.149982636103429	0.0508231515257977
1.32670292523954	0.578086333025382
0.151061641523147	0.0578640062767647
-0.524948656950275	0.198433554776159
-0.334830546749113	0.0959542136262779
-0.211859399211248	0.068283609988555
-1.22360822069891	0.925039441805819
0.352395206951021	0.197690503041921
-0.143611532931276	0.051362924221021
0.167551657705945	0.081432041824523
0.529918814853225	0.189819007683608
0.149180842462169	0.0571985256612232
0.155167108781228	0.0594478482028144
-0.333247970373579	0.0954969729659714
0.17294827606403	0.0435260072159332
2.36037500052639	1.17841315078791
1.33124867503934	0.580623928642544
-0.977786883347887	0.483006958308648
-1.0225353038078	0.403750407139113
0.1677792397568	0.0498341730879395
-3.75168277240236	1.47633842923476
0.150571240221929	0.0576776917123369
0.164738242561747	0.0490009495728858
-0.216657809109618	0.0697687117469907
0.674264818482823	0.213402910671394
-0.337318918589577	0.0966140796949229
-0.765918596168096	0.332344936277861
-0.516188497981474	0.194754919907515
0.447310273049599	0.179520616473123
-0.763709715242508	0.331257537930178
-0.531182872940384	0.335088750975475
0.524236976115396	0.335550925150436
-1.26128715128169	1.36947326359321
0.16591459488753	0.0806450085853045
0.605439143728493	0.589361427479395
-0.770591392983714	0.334757723037643
-0.768149146543914	0.333720628444705
-0.884728930422831	0.731679895375885
0.0784904185909463	0.051191358397523
0.560659726433885	0.471117962090867
0.310719164640112	0.225914998798456
-1.55413537311117	2.06081644637943
-0.415935396937202	0.389582958197169
-0.151667791357712	0.103590353191803
0.00590028761322135	0.00394253085629855
-0.376968794771456	0.295708594194511
0.885187131462508	1.02230392385714
-0.147445264759677	0.100427042618657
1.45849855088531	0.911727625777987
-0.536735871807136	0.338948596297725
0.557780610726949	0.325470807349931
-0.39378757483471	0.222588889752333
-0.601464544621041	0.288022282058361
0.904085412294213	0.488164212519272
1.01631450448354	0.83946234285397
0.458639683404736	0.449214684958993
0.412501696782047	0.327307265922822
0.390092930306421	0.346108573556541
-0.614372481771596	0.547365094421052
0.185266317870572	0.107837892042569
-1.59582119436791	1.89668415944509
0.520670064311526	0.45115909692174
-0.0445513066973799	0.0195349956034914
-0.698831263149998	0.664560030344071
0.874928471724657	0.650732662953552
1.57641681681789	0.782645066717777
0.526571184576376	0.188493803820027
0.168774858509076	0.0425819447497206
0.176818183184722	0.0443715906559113
-0.716517344823661	0.244720943125
0.159190175417772	0.0538236405320066
-0.636466140248432	0.375677096689912
0.34408037371834	0.210594416652962
0.0354067987251764	0.0194699658318862
0.312632628508467	0.22740942818295
0.58432681389878	0.468987581614339
0.302351855207052	0.218880138056209
0.825015074546066	0.346341809907615
-2.57447078703937	0.657780381714024
-0.620473624670499	0.150917804175241
-0.61946410648704	0.150698865008898
3.27232628525746	1.12331698634376
-1.01797130384778	0.401574087179109
0.157971563808893	0.0296806747786729
-0.212700860727539	0.0685566980358174
-0.518947990401155	0.195906357411418
1.82912964257087	0.714770179842855
0.374884812866996	0.19052599051338
1.33379911060278	0.58188121621645
-1.15963960719356	0.648048133271907
-0.620326325745573	0.150885642821786
0.676558588301015	0.214207370803977
-3.08203891306948	0.959069086853276
-0.720453666514924	0.246264037870489
-0.482204223607423	0.252937951588087
-0.609708791568767	0.292915296769419
1.95879552552655	0.437985228139192
-1.15956766016191	0.647955350185084
0.157624675603452	0.0684739917051427
-0.223000289119855	0.14454268878881
-1.03661349816957	0.82850011639833
0.621079230223472	0.472739577200692
-1.81352302981117	0.735065306555984
-2.22330921309632	1.85699475306803
-0.156595848188056	0.107165289021863
-0.0104109451372013	0.00680568697007206
-0.379237146570875	0.297718585541729
0.461254832586535	0.335625218915797
-0.104055171030399	0.0837665377260682
-0.541831574048077	0.566026191554069
-0.436153860727492	0.465750002687176
-0.200957279047244	0.167860727251506
0.116474760133306	0.091635908851709
-0.101512874913783	0.0816092065419955
0.430643749055829	0.327526416164715
-0.176920315279652	0.0945020010197332
1.57987830222808	0.78447996195686
-0.487995635422178	0.256406591457071
-0.393576023898057	0.163949887313459
0.803640782305905	0.640082373333177
-0.779786071045039	0.789515514303885
-0.150239107081377	0.130014915952343
-0.845534475068846	0.963310241827853
-0.286198696768309	0.275003186317496
0.0219087799867318	0.0152803632007677
-0.132995037612075	0.10419763970002
0.310308437399033	0.225430987850782
-0.453313055613273	0.419964239012195
0.388755844611478	0.331947020882562
-0.42821774815337	0.423722728402658
0.162696896370171	0.0789823556891567
-0.766207907419173	0.33246398143222
-1.51433726696095	0.537497293520418
-0.621333103088639	0.151104040920032
1.4655515469736	0.485738470948645
0.15823182603157	0.0297179405544109
1.46265753359042	0.48460907431551
-0.227803544044139	0.113712493654763
0.691447358832537	0.323511550535131
-1.27803435432665	1.5678352625692
-1.33969742992753	2.03960303868508
-0.482350228402493	0.359895849497522
0.165624492980741	0.0885836727831253
-0.766443517958815	0.332594018875036
-0.620473624670499	0.150917804175241
0.534955479672592	0.191660301050033
-0.227441017787439	0.0731781771853789
0.15823182603157	0.0297179405544109
0.150475505340959	0.0577005678908003
-0.513265508496353	0.193649815889796
-3.07750490916701	0.956880231933195
-0.717129528498756	0.244943768614452
0.796722555830228	0.480060401024174
-1.32119282345533	0.827870946969779
-0.153840052443624	0.054973964293362
-1.49387342722454	0.755322975826553
0.185933913618434	0.133423532445049
-0.0930339817058886	0.036924111285618
0.0631002610045968	0.0391202426099746
0.762219753634966	0.845268367412875
0.168047617405793	0.0498928161895134
1.46789226342383	0.486336319771629
0.371356786429833	0.348248507581666
0.393584899991721	0.436028424380068
0.313854031966463	0.21691080245901
0.609628549235627	0.320098912642838
0.157813037485362	0.0604296166512945
-0.499392393729461	0.376012001677497
0.144921126349241	0.133831225108789
0.294733597819536	0.265305932659133
-2.23388557313493	3.35728636607713
-0.0210074651402241	0.0159706834003455
0.423510386665263	0.337807974607141
-0.519768829568746	0.196162419845737
-0.887133228476311	0.735337521602008
-1.67992806902017	0.950617966114367
0.170010151928312	0.0828067766791481
0.147787580210427	0.0641581964759068
-0.278136221648564	0.20106564968082
0.577490138670907	0.652263611675942
0.191566508299434	0.125970867776477
-0.274234167638104	0.226557378824192
0.0340013903874637	0.0254245893745267
-0.602168637999421	0.744440720460809
0.112928713666729	0.0886569279416187
-1.41724385300436	1.4996352928964
0.423480216773102	0.337901324469301
-0.905600711878484	1.14516736148244
0.854962068656201	0.905399324960137
1.95879552552655	0.437985228139192
0.675232747867266	0.213789953820415
1.95793128711136	0.437766051086387
0.15823182603157	0.0297179405544109
-0.619895187822925	0.150839789138775
1.95879552552655	0.437985228139192
1.07307532440518	0.519086756191094
-0.147093652274001	0.0525528129665041
-0.715992845547566	0.735908460654908
-0.550729490302095	0.578641219670385
0.155282002123357	0.02934225636165
0.15823182603157	0.0297179405544109
0.153044648535639	0.0664451039469078
-0.625630686390319	0.152156798395567
-1.27922329184621	0.575244381232172
0.15823182603157	0.0297179405544109
2.76197196120423	0.768541369225187
0.691128576986672	0.323370207801226
1.33520072787008	0.582923907307515
0.154259314455831	0.0291924198815566
-0.976965501384897	0.482541778931257
0.88550289819819	1.02276611447944
0.316112132644858	0.218792861508406
0.281589323956884	0.244191215462128
-0.316119184493479	0.188673510515611
-0.146148912480088	0.0522970886883919
0.824123793599383	0.346058048388568
-0.186484023172951	0.171850450265944
0.266701583428644	0.273311442735022
-0.195198249069485	0.150316941406476
0.151768107443001	0.0581883604843956
0.164266345463909	0.0799031676049764
-0.863793705973836	0.92999150722793
-0.139926102065417	0.120213089431469
0.461702510871207	0.336029279279092
-0.859200292106848	0.923197307566746
-0.185703504044662	0.157479104897499
0.884175088732808	0.66023825460009
0.176392719908042	0.102367066445003
0.517723586676151	0.330826270717768
-0.762663850038628	0.330792072538344
-0.0947761703984603	0.037597259115577
-1.82303293775654	1.66026184852351
0.0357268324579691	0.019643325819914
-0.460302240773559	0.428077454791874
-1.09574541471965	1.29523167604911
0.328897385984419	0.33439210673113
0.397352176956525	0.341090941297362
-0.312558286338603	0.186347482975278
0.30326162367763	0.239850111772635
-0.972165067824398	0.957332511420278
0.621001692145582	0.583090900812276
-0.713086258597356	0.77719557399037
-1.43430220058041	1.27614018772607
-0.338291342092883	0.0968475173314605
1.82755032422624	0.713907775987463
0.176818183184722	0.0443715906559113
0.173378039987466	0.0436162262322836
3.27232628525746	1.12331698634376
-0.620473624670499	0.150917804175241
-0.340593087152544	0.0975352685660813
-0.684249430796113	0.542539064901019
-0.643750216244774	0.663837991879693
-1.19459154791591	1.76201182043867
-2.57821111666453	0.659475059970799
-1.5094475769206	0.535248673690833
-0.620903335937371	0.151058535991718
-3.08203891306948	0.959069086853276
-0.00917022427758453	0.00601798274121269
-1.02194301820446	0.403479228390162
-0.336952847519868	0.096512855057735
-0.0944036040363931	0.0374576755555379
-0.603362345013797	0.289469340212067
0.743907801400393	0.622890256469608
-0.60491192937513	0.290190935381882
-1.7975657981284	0.379599665892429
-0.485927392261295	0.255059954234754
-0.0446138636647357	0.019564067305183
0.192470500622824	0.119775152103962
-0.326402224903153	0.230664675422968
-0.52563659110615	0.436054399691079
0.527600044613368	0.458906313719695
-0.0882234093853657	0.0773042117226325
0.804048168264706	0.872099216070288
-0.696076100730988	0.661404830053904
-1.50350196562294	2.35828336965906
-0.30847221597747	0.273688607692062
-1.15077088588435	1.84701917111758
-0.145876346693133	0.0993198997661617
0.087552275425519	0.061880201679519
1.34611544377819	1.59150794435264
-0.122782738275934	0.0855398508647468
0.0571756800754278	0.0335704336147179
-0.518386429636852	0.195700313035901
-0.38616884775522	0.217670620853314
1.03703963555181	0.391624153547078
-0.771167851788504	0.335180013603335
-0.564343718541198	0.40948399878936
1.09206698581737	0.673295030461313
0.740968964447584	0.998111990535033
0.196388809636904	0.141640074170476
2.1258858405555	1.48419399265321
-0.914884734349831	0.668353332008259
-0.644512240863191	0.381926008053935
-0.0537674653992184	0.0234123159201538
1.25828714758601	1.06933479244412
-0.615943512238129	0.549115894902404
0.189278876744303	0.130396583711469
-0.445080293549863	0.294485122598007
0.0164077605114999	0.00827663993665204
-0.52600289340352	0.198827346212531
1.2675563589025	0.88655876693524
-0.765629046912383	0.332075518658435
-0.942372929603374	0.57699834963199
-1.27866440986665	0.57493073370158
-0.248970815686937	0.184706818766138
-2.57447078703937	0.657780381714024
-0.253619664027001	0.157712552442654
0.352395206951021	0.197690503041921
-1.79763019308962	0.379603777700996
-0.601842481179404	0.288205637215096
0.0853974524181221	0.0581057927293752
-0.000498848856381337	0.000486235409945606
0.158364306145836	0.0769893520085495
-0.149390704801257	0.0534113782231424
-0.309713825767811	0.142475060617199
-1.0800073482816	1.03400645206368
0.326994681227132	0.213851958790317
0.757474575457503	0.745572037449364
0.486864750228298	0.451251279101525
-0.278922961290251	0.249719218597891
1.16607257326457	1.56296965740458
0.170266273603615	0.0912980634059016
0.389650738189146	0.333048167392095
0.344102646842545	0.34476302444362
-0.687606878868038	0.953227588196219
-0.308341771894568	0.273570047987044
0.653688464745855	0.696629273695257
-0.778031651062373	0.593492584435781
0.716127390168114	0.473822681243485
0.518484730865636	0.331168937800591
1.04269860178891	0.393963010259592
1.78059236431245	1.39929211170339
1.33686934913081	0.583851214307558
-1.49077274586718	0.75343807840734
-2.2908626416343	1.15670010225606
-0.392527598762743	0.163297548242261
0.020537734361492	0.0143263114388412
0.185839792047406	0.115318730277454
-0.611591135690477	0.543795149794102
-0.145188694651096	0.0519110223666838
-0.300384222976415	0.137728873859936
0.165007048838445	0.0490553112296366
0.336156084405424	0.204733400950077
0.745262558270021	0.625359769150831
0.161929154643963	0.078731946001689
-0.249300426903971	0.184979899730647
0.175540034410208	0.101830549657313
-0.216738349360231	0.140124163647864
-0.399771805571474	0.166731259005274
-0.942085889973815	0.577329901123011
-3.75108241880346	1.47543261311163
-0.0483782520994816	0.0211517007331903
-0.76983380610862	0.334488933532153
-2.07003804100853	0.939770540845245
-0.222461292226475	0.110801575319578
-0.0487821403695745	0.0213233387350772
1.24885412012154	1.22864810968431
-1.02587348343702	0.405264690821028
0.447310273049599	0.179520616473123
0.176216230914202	0.0945980689962641
0.571529752483023	0.568961464942865
-0.143240544732276	0.097436785312545
-0.455436053047639	0.422501648733164
-1.23160278630118	1.14182857206908
0.609628549235627	0.320098912642838
-0.0145202485748716	0.00946643499292243
0.279113378398704	0.234083275535258
-0.705030934076795	0.720161027544116
-0.773979177364318	0.722035747253216
-0.0664285140570916	0.0487349010050305
-0.595715438994099	0.484266670941081
0.519107052472134	0.449493672939678
0.557986749955763	0.468268132418606
0.66073560054778	0.601810329913572
-1.42410769884319	1.51187023890017
-0.316905762707932	0.189266931323823
0.158806945005498	0.068935109447778
0.878595374767072	0.6552301205534
-2.64371876922731	1.62387229480573
-0.301062574098725	0.138268861167847
0.149734801411712	0.0649446764276157
-0.565011823902229	0.410055495276732
-0.0859331316756237	0.0698025943336375
-1.08092784906694	1.0354975968008
0.900695096056126	0.922257670491376
-0.446861547755317	0.412230016445359
-0.871894623586784	0.800234417434929
0.856432689958646	0.783313650957692
0.802474283944182	0.639034215660119
1.04220266979089	0.992242674132803
0.190305630895866	0.147274071040052
-0.220016125033117	0.142478668793643
-0.523032334451301	0.197668387893991
0.177812920485068	0.0445891130396879
-0.337924641037297	0.0968088152153293
-1.8089357158134	0.732560649928647
-2.57421277656498	0.657506382974291
-1.50512968650064	0.533411802331246
-1.4943930606178	0.755752494789379
0.157538316078308	0.0683676992847985
0.348108824118572	0.194919271326922
-1.13238809108681	0.341172314702962
-2.57421277656498	0.657506382974291
-1.16177085327449	0.649132805127147
-0.0520942668718538	0.0227165858465857
0.360436342754163	0.182487300439603
-0.519595731781202	0.196299451898154
1.10115207133894	0.681264630692693
0.0241792193700937	0.012143313426054
0.303893211197013	0.220084801032297
0.192565661290483	0.132849522091836
0.186734980776279	0.122555002487889
-0.778864625041174	0.594817366015277
-0.378713222054434	0.212991956514105
0.204965745214093	0.170198366637915
-1.05240686583544	1.57133613611784
-0.32374552085142	0.228653334980806
-0.152324081686312	0.117701732378201
-0.690973055175638	0.604901599839169
0.741263318145733	0.62029152995056
-0.175249942940036	0.116269740245856
-1.17365358022098	1.19996410798901
-0.942486923353981	0.577704443937854
-0.606199247716663	0.290843285732339
-0.0496563679962075	0.0216916030653625
-1.16521325697557	0.652383823403328
-1.27057187606232	0.570204123724914
-0.0935257925285023	0.0371574019357223
-0.440383493241429	0.340115920348617
-0.212519406546695	0.160115359842162
-0.217484597179236	0.164262733190327
0.484683831598113	0.448793371603912
-0.383776148872293	0.334594009757817
-0.850766198480576	0.97189752340924
-0.781172287207216	0.596919225185182
-0.060024611498635	0.026084130072131
-0.420876096725163	0.36116503083254
0.928343687046039	1.04396039207472
-0.312893613070035	0.144051020545793
0.162076211336348	0.0482055172019256
0.153016180557848	0.051821004050093
-0.715368637354031	0.244333825945774
-1.51433726696095	0.537497293520418
0.15357905718361	0.0520023014569825
-0.393583192943279	0.222347264511697
-1.27866440986665	0.57493073370158
2.36037500052639	1.17841315078791
0.15823182603157	0.0297179405544109
-0.212700860727539	0.0685566980358174
-2.07095503900868	0.940306066070207
-0.343432234206214	0.0982903961052269
0.531600808944957	0.190452833446827
0.675232747867266	0.213789953820415
-0.391548460852062	0.162837516757791
0.196534470329109	0.135808587556612
-0.781353164483578	0.597861079136321
-1.33289783356618	1.3272931216193
0.311257952413979	0.22621932840563
2.12175361138722	0.947733160087778
0.736089846403643	0.490438908907441
1.16474445741145	1.55907227810059
-0.276860764251527	0.247494000823276
-1.58686858860071	1.21388552331548
-0.159527758650816	0.123797728570227
-0.905904906753246	0.659049503629506
-0.636207721301138	0.614672899816738
-0.624705240402207	0.559232893731993
-0.143272330973209	0.0512466534339377
-0.609257565576047	0.292695689976008
-2.2908626416343	1.15670010225606
0.448246823419833	0.17979017346935
-1.81799459045243	0.737492070536281
0.161546080717326	0.0785368238361855
-1.02859103362155	0.818216981693425
-1.41552767797618	1.71061742643162
-0.788015497708421	0.908823182305797
-0.219350895948463	0.165893760764068
0.64905527711496	0.689658702334522
-0.525909035668278	0.517742507405503
0.801738081621075	0.761905448825221
-0.473412567314157	0.401022930175389
0.390253829362795	0.346255926380425
-0.419388199913226	0.359421133826722
-1.16492269750364	0.652852619676323
3.26732978575294	1.1211772426211
0.15823182603157	0.0297179405544109
-0.61946410648704	0.150698865008898
-1.31949409437779	0.826697294808346
0.676200627845659	0.214099921395796
1.82912964257087	0.714770179842855
0.173940988172143	0.0437550114519682
0.159251072645633	0.0298673857617753
-1.7975657981284	0.379599665892429
-0.620326325745573	0.150885642821786
0.824451710034132	0.346189076295124
0.164468653517054	0.0489167663284228
0.153267904345544	0.0519012670754554
-0.598888192815014	0.286537930544884
-0.212950112008515	0.0686100611095293
0.186413667331998	0.128226155909278
-0.894510282886502	0.743100069939298
-0.944471610970811	1.00100478171304
-0.0482868979847609	0.0301222445114626
-1.83191334274501	1.15236550996434
0.393009326724146	0.177660635944489
-0.215479590306435	0.162636695500294
-1.04837568151906	1.09336478967613
-0.567266675357286	0.412207704758834
-0.777986511905576	0.665456840166731
-0.334700547537341	0.237641732567215
-0.609095435681507	0.498464640191252
-0.841506414519343	1.01406920748581
-0.132404772165853	0.0744705049706018
-1.2219704540684	0.923710408944146
1.24963222728942	0.868979522320755
-0.0978550297863506	0.0388181313798155
-0.141175092974388	0.0505326225047206
0.614533496600156	0.322974839232563
-0.211182162798556	0.136244144151305
0.317247030304925	0.23122300477597
-0.33003911355841	0.23386493815496
0.566184073717857	0.561788113265496
-1.00889480246878	1.20891935521535
-0.0695773094045863	0.0511179344452774
-0.857485281836118	0.920493107757001
-1.17374228398778	1.20069088348796
-0.175725197173251	0.116661044776227
-0.110378978565574	0.0873158546991225
-0.774835667333022	0.591002448551941
0.530750780741859	0.19013343293214
0.173378039987466	0.0436162262322836
-1.27320878623511	0.571826806588651
-1.15480122801452	1.42703408902976
-1.2205485283268	0.923194729513008
4.18031314431764	2.00468450859068
-1.12949217626836	0.340258306499887
1.83669143198236	0.71807947873338
0.155282002123357	0.02934225636165
-1.79763019308962	0.379603777700996
-0.60714050329119	0.29143409967247
-0.762663850038628	0.330792072538344
0.156718776975902	0.0761286617719759
-0.617491939447093	0.150288713008559
-0.948360099394351	0.582219642821813
-1.58860773144041	1.88154640983796
0.973759263063612	0.968753892181881
-0.557515688522441	0.505476770461997
-0.98522281564519	0.879559730516771
-0.0818630149908109	0.0326379946361257
1.27953842101732	0.705311769256381
-0.327033620687447	0.259849609985166
-0.0287857457546571	0.0218831580827967
-0.220696483627586	0.142998542495427
-0.393905403143348	0.16405067992405
-0.791417440287892	0.432130043833345
-0.417275473299763	0.391285979755583
0.510913672913073	0.32539540566725
-0.0504183871752197	0.0220160258293582
-0.302862600309093	0.13893947466665
-0.0128849819318489	0.00614841410002818
0.153267904345544	0.0519012670754554
-1.07971466440597	0.735067332169157
-0.315674772019956	0.188478882235687
-0.444480098221717	0.4446519109224
-0.193578497915671	0.160802895108837
0.435291867664591	0.527664358978034
0.0543577174986919	0.0420840686580839
-0.782748789401376	0.90020310305412
-0.782800115297229	0.793783456992036
0.099740107571575	0.0708920376801305
-0.128379873645506	0.102711811601553
-0.905595614874598	1.08050344064454
-0.38431405575122	0.264078632284677
0.166237072413587	0.0493846591201304
-0.338530582329419	0.0969729638077002
-3.4565767152091	1.22430361707387
-1.80472215731763	2.07947806306002
-0.771452911219044	0.335476172538382
0.456054039743484	0.183148451084272
0.959865181244613	0.254814612498812
-0.145866306322633	0.052205308942621
-0.515201103368893	0.194390956127506
-0.0580524305302636	0.0252437586586248
-0.0847993730739327	0.0613122144170414
-0.482099888789386	0.359796303188148
0.283288536807993	0.245735072044783
0.320168171428502	0.222001625791146
0.153179217844522	0.0518679803975777
-0.514082532309656	0.193921443427214
-0.390894601125623	0.162597023688012
-1.59426128071282	1.2251637526973
-0.522727420173021	0.197402454260729
-0.643751796710615	0.381353159356079
-0.151247302673267	0.0540525343616811
-1.24280178409118	1.15883320843976
0.907860868398317	0.491129446313725
0.193478475958279	0.133485665267711
-0.0658192115453725	0.048288381911285
-0.145613450034951	0.125470573706592
-0.853087245584038	1.09018839774725
-0.558224704868621	0.50635785041659
0.10718195126003	0.0815368406667511
-0.705042005367768	0.672882570860581
-0.554313902231693	0.583804059067618
-0.63768421986586	0.783571009857726
-1.64204660357276	1.68776838400322
0.825259930104852	0.346551823974158
-1.50824112923963	0.534752090600511
-1.32411139231445	0.830304549060213
-0.0923968324032759	0.0540413665060137
-1.13182284417153	0.340904867919198
-1.51494510157249	0.537750180976637
-2.57447078703937	0.657780381714024
0.158989511121608	0.0298299152293259
-1.7975657981284	0.379599665892429
-0.0595803319787569	0.0435955220114239
-1.51104281741116	1.70078808237843
0.305454426072555	0.221454394075922
0.69225016420093	0.797059831164622
-0.527945230589241	0.199554765648417
-0.775030398502447	0.337090868378241
-0.306649378747466	0.271437347353514
-0.446185239341353	0.294973677395438
-0.321379436344968	0.192160872537002
-0.492033880312428	0.36920925937151
-0.520479845164635	0.510646574086864
-0.374785355881353	0.293633440204698
-0.782014309207601	0.515441386458221
-0.1446627598823	0.051733083076893
0.732943763940357	0.487735222270434
1.04272737841263	0.394268038065867
1.05979400217279	0.511190039233871
0.0740195881083842	0.0482046505694079
0.584654638313219	0.469383398088734
0.962526247364316	1.17969178382092
0.101105443681488	0.074360562027061
-0.165005658746608	0.128484313024804
-0.322552270367745	0.227725668359644
0.188108473312288	0.123548413975611
-0.263440467551972	0.164476556329389
-0.871366148694246	0.799743866841367
-1.40789718005769	1.88945459140049
-0.384402868358207	0.302678551141108
-0.517006318957255	0.195147442742932
0.676200627845659	0.214099921395796
-1.81200943037821	0.734241478143734
-0.522777207619905	0.197556097300605
0.174503749901052	0.0438676710334476
-1.02862076635201	0.819033728585979
0.485030930476837	0.332800191180401
-0.146315854089471	0.135968279575965
-0.652251068780158	0.875523943825994
-0.257523147179143	0.233193924351751
-0.299044067885806	0.137079656717364
-0.145229067230335	0.0519186816977856
-1.26919005446438	0.56947477022477
0.959865181244613	0.254814612498812
0.722710824112185	0.478627863657499
0.175496922320134	0.0440701137079318
-0.339136742629042	0.0971078731889835
-0.30681187469196	0.141055287623377
-0.140825746248792	0.0793695724481387
-1.08471881433535	0.739516107944209
-0.781647468405138	0.515149447909347
-1.01822870012939	0.401639644709784
-1.02312783931858	0.403977027889059
-0.313980593115007	0.187190263495007
-2.77933486281796	1.87588344904343
-2.90696321445193	2.14304137212512
-1.08698730395398	0.743315511003353
-0.518644858635781	0.195729988241304
-0.226251670734863	0.0728046955115856
-0.523032334451301	0.197668387893991
-1.02220030668553	0.403399409057447
-0.620473624670499	0.150917804175241
-0.619895187822925	0.150839789138775
-0.398510221314703	0.165994778826615
0.609201955001709	0.319854728005608
-0.588475988699014	0.476711503215902
-1.4943930606178	0.755752494789379
-0.099458490138558	0.0394536329585633
-0.78374074819956	0.517339920288488
0.960305402281055	0.254935680101795
-0.218691024551194	0.0703515129013655
0.514716552666497	0.328322398005514
-0.918876177791528	0.671937297131762
-0.886880860079897	0.735158871083562
-0.914543871307723	0.667153412845632
-0.392527598762743	0.163297548242261
-1.82278415867688	0.739928845893393
-1.12725353624624	0.339405023147411
-4.01075760225524	1.7326053210152
1.04096305100241	0.393348131713795
0.153830475350601	0.0520893555087474
-0.389327198551746	0.219857880899914
-0.638107981199893	0.376768506107625
-0.980667059935446	0.485228161537934
-0.397206118004299	0.165500382515154
-1.32986347245153	0.835177511887124
-0.767022641863621	0.33272570428858
-0.519768829568746	0.196162419845737
-1.27702255318032	0.574015400729037
-0.620326325745573	0.150885642821786
-1.12769593434811	0.339436368028373
-0.722881564981813	0.247143842823858
-2.07036415878263	0.940048810523718
-0.211266830124093	0.0680954468365414
-0.0595803319787569	0.0435955220114239
-0.558602652184689	0.404158607390897
-0.60234851600229	0.532771612737329
-0.487109055799407	0.364491247319042
-0.649016302303081	0.384878111252938
0.904304231779824	0.489060306148832
-1.0213509823134	0.403162852904808
0.173822009460122	0.118830726964956
-0.125572871013205	0.087585400122974
-0.779265998436375	0.729537921058003
0.604175219119844	0.671291424388846
0.068119891170773	0.0422711269667017
-1.14450345138464	0.992822204862066
-0.553087640623887	0.500444479055491
0.371646812189888	0.337729470015908
-0.234608316106168	0.194880205515781
-0.375438319499506	0.353632576941833
-0.266751006915255	0.219483055161961
-0.619895187822925	0.150839789138775
0.161305499806696	0.0544872563925245
2.76489171529978	0.769665555456845
-1.13338534815793	0.341498686250824
0.673177180799231	0.213063750844139
-1.02815379565769	0.406346884447955
-1.67074845857691	0.94241041622945
-0.261798787206686	0.163293772952707
-0.69351712103651	1.00113006575299
0.145911869812306	0.129173280908039
-0.670009137957573	0.813723144316933
0.438118884865377	0.334391756438365
-0.21413668209253	0.0689782373236906
-1.27728489514151	0.574335372221734
-0.620326325745573	0.150885642821786
-1.12725353624624	0.339405023147411
0.17294827606403	0.0435260072159332
-1.51042707521765	0.53568486067596
-0.122670778800077	0.0688279754816349
-0.635898612543143	0.614261075394779
-0.0130955633245231	0.00624561726341397
-0.336952847519868	0.096512855057735
-1.13282069800183	0.341231258763963
1.33436498010043	0.582269865257075
0.805508199446805	0.486522401065216
-0.673118043967324	0.531382431132443
-0.214632680016535	0.138585260246084
0.462728820156491	0.336930047068926
-0.777247603463187	0.593575294734783
-0.0810388454486393	0.0323191059379479
-0.393017455051046	0.163508285723509
0.0898860260464767	0.061307165655817
-1.32325717867429	0.829637202217989
-0.276579784001727	0.199727826212517
0.308650384944246	0.234834228579812
-1.02915464877728	0.818741824993952
0.535308159768992	0.19186644934071
-2.46500368766657	1.36752628477688
-0.624183598429151	0.151840837481169
-1.7975657981284	0.379599665892429
-0.949086481943573	0.58325914603107
-0.259794463087512	0.162027375408443
-0.117689879320665	0.0935455906860893
-0.3280371576989	0.26090492821933
-0.534658763968445	0.556111395687432
-0.176177544820244	0.0940579945324098
0.173940988172143	0.0437550114519682
0.173940988172143	0.0437550114519682
-1.81139863683783	0.733838743939283
-1.51103003363439	0.535749564246176
-2.57821111666453	0.659475059970799
-0.596306260130342	0.285248215573832
0.280102496630174	0.235031548870673
-0.0483207436846801	0.0211284345266539
-0.953154437227086	0.586967355250003
-1.0225353038078	0.403750407139113
-0.718359983709028	0.245324841773925
2.75805496536761	0.766752929661107
-0.0910660369009666	0.0361805406073465
-0.946214864560229	0.580590711468436
-0.446833571969345	0.295784007083173
-0.175859354244768	0.0939450529080639
-0.318673946516489	0.190484251725721
0.180725472120655	0.104993641971309
0.0749298507434373	0.0465631065630209
-0.103522216053522	0.0606996767815668
0.753616516560672	0.634364669374152
0.191211425412646	0.137533727037493
-0.446698229421345	0.295826303083169
-1.0225353038078	0.403750407139113
-3.08160228540496	0.95864568534502
-1.05270400009627	1.10080406458698
-2.02386384589389	2.1226341070809
-0.34079622238851	0.299451009330699
-1.71806661609286	1.86661337226969
-1.12937501458112	0.339964434622374
-0.620473624670499	0.150917804175241
-0.02260935068675	0.0105492136620718
-0.0941354234348919	0.0550586349086861
-0.215815148052618	0.0695090074287807
-0.603626162857251	0.289465889033162
-2.06589848871781	0.936900543147092
-0.597212119727125	0.285807543451918
-0.232777653165679	0.116306135742438
0.674264818482823	0.213402910671394
0.165653733522028	0.055907825720942
-1.81352302981117	0.735065306555984
-1.0225353038078	0.403750407139113
-0.394876035417788	0.164419967939052
-1.50922180218546	0.535188573690381
-0.140367872285649	0.0502560951722468
-0.0922888609949392	0.036641980012126
-0.324736221003818	0.194420322152825
-1.49159029421334	0.753622000565588
-1.47969240874993	1.8700508862697
-0.780438126239351	0.667649207045076
-0.337559379634888	0.0966770330278957
-3.02904649842536	2.43975972661828
-0.517825107309169	0.195474359908123
-0.34307485466429	0.0982470421897248
-1.50922180218546	0.535188573690381
-0.620903335937371	0.151058535991718
-1.7975657981284	0.379599665892429
0.951724523631597	0.252769110062367
-1.12825544522804	0.339732258677114
-0.333856458330646	0.0956917261764247
2.75805496536761	0.766752929661107
-2.57421277656498	0.657506382974291
-1.7975657981284	0.379599665892429
0.957025852492456	0.254006696314478
-1.33859704137945	1.10616919505597
-3.08160228540496	0.95864568534502
-2.57847696185857	0.659529736545688
-1.08268931326142	0.737688173329341
-0.487202954324084	0.255756920602924
-1.51024784902404	0.535717552327617
-0.724381910046542	0.247676943012395
-0.391624122760848	0.221214350159696
0.679655237519559	0.215244174521264
-0.335438661955823	0.0961186879895653
0.155282002123357	0.02934225636165
0.173940988172143	0.0437550114519682
-2.57447078703937	0.657780381714024
-2.57821111666453	0.659475059970799
-0.775343495788569	0.662283732803116
-0.230655186219117	0.115067258983086
-1.27403485633299	0.572049719008217
-2.57421277656498	0.657506382974291
1.46010735547628	0.483457516052687
-1.81015744911258	0.733098247108476
-2.07095503900868	0.940306066070207
-0.765104708702663	0.33182690354178
-0.337924641037297	0.0968088152153293
-0.215815148052618	0.0695090074287807
-0.624183598429151	0.151840837481169
-1.27403485633299	0.572049719008217
-1.80127875869	0.380587746892248
-1.02393437812981	0.404449416816886
-1.63744528001874	1.68114221224568
-0.334465167213362	0.0958562903993202
-2.78023592744338	1.87648171963334
-1.48552863550196	0.749052834460781
-1.32857072759149	0.834480295458618
-3.07750490916701	0.956880231933195
-2.07062872074145	0.940243383198465
-1.12837428626612	0.339637586745731
3.26835783601252	1.12163011968705
1.57300066070252	0.779753450272878
0.163216121532018	0.0485245766457704
-3.07793266340176	0.957013587093989
0.162171049505848	0.0303007576998756
-0.772215387166699	0.335672015423012
-0.522472487971899	0.197429550059794
-1.491295051315	0.753754014189643
-0.620903335937371	0.151058535991718
